time,open,high,low,close
2026.05.05 20:00,4554.56,4555.35,4553.80,4554.17
2026.05.05 20:05,4554.22,4556.09,4554.14,4555.61
2026.05.05 20:10,4555.58,4556.90,4555.38,4556.77
2026.05.05 20:15,4555.96,4557.59,4555.88,4556.26
2026.05.05 20:20,4556.25,4556.53,4555.29,4556.06
2026.05.05 20:25,4556.06,4559.61,4556.06,4558.95
2026.05.05 20:30,4559.02,4559.78,4557.35,4557.58
2026.05.05 20:35,4557.57,4557.57,4555.60,4555.75
2026.05.05 20:40,4555.73,4556.41,4554.64,4555.40
2026.05.05 20:45,4555.31,4556.30,4554.59,4555.79
2026.05.05 20:50,4555.83,4556.47,4554.33,4554.87
2026.05.05 20:55,4554.87,4557.40,4554.60,4556.53
2026.05.05 23:00,4573.23,4575.36,4569.25,4575.00
2026.05.05 23:05,4574.68,4580.19,4572.67,4579.30
2026.05.05 23:10,4579.21,4590.38,4577.52,4588.57
2026.05.05 23:15,4589.08,4589.32,4583.36,4585.51
2026.05.05 23:20,4585.56,4588.91,4583.06,4584.30
2026.05.05 23:25,4584.29,4584.96,4581.85,4581.92
2026.05.05 23:30,4581.89,4585.41,4579.32,4584.01
2026.05.05 23:35,4584.01,4587.28,4583.34,4586.48
2026.05.05 23:40,4586.54,4588.27,4584.78,4584.78
2026.05.05 23:45,4585.23,4593.74,4584.44,4593.48
2026.05.05 23:50,4593.23,4594.72,4591.84,4591.88
2026.05.05 23:55,4591.88,4595.48,4590.99,4593.83
2026.05.06 00:00,4594.41,4597.80,4591.64,4595.37
2026.05.06 00:05,4595.37,4595.88,4590.99,4592.29
2026.05.06 00:10,4592.39,4592.79,4589.12,4591.47
2026.05.06 00:15,4591.34,4597.22,4588.03,4596.11
2026.05.06 00:20,4596.08,4602.66,4595.93,4602.16
2026.05.06 00:25,4602.25,4603.95,4599.82,4602.03
2026.05.06 00:30,4602.11,4608.80,4602.06,4608.65
2026.05.06 00:35,4608.66,4610.07,4607.68,4608.11
2026.05.06 00:40,4608.05,4610.55,4607.47,4610.07
2026.05.06 00:45,4610.04,4610.63,4609.31,4609.68
2026.05.06 00:50,4609.87,4610.90,4609.87,4610.63
2026.05.06 00:55,4610.63,4619.46,4610.61,4618.53
2026.05.06 01:00,4618.24,4622.39,4612.80,4615.34
2026.05.06 01:05,4615.32,4615.51,4610.75,4612.32
2026.05.06 01:10,4612.32,4612.68,4609.34,4611.35
2026.05.06 01:15,4611.28,4618.41,4609.56,4617.48
2026.05.06 01:20,4617.48,4623.71,4616.08,4623.41
2026.05.06 01:25,4623.36,4625.41,4621.25,4624.76
2026.05.06 01:30,4624.75,4625.95,4620.47,4622.46
2026.05.06 01:35,4622.50,4624.38,4620.25,4623.78
2026.05.06 01:40,4623.78,4624.77,4621.60,4623.70
2026.05.06 01:45,4623.65,4628.27,4623.30,4628.19
2026.05.06 01:50,4628.23,4628.26,4623.68,4624.53
2026.05.06 01:55,4624.56,4626.56,4623.61,4625.84
2026.05.06 02:00,4625.54,4628.43,4625.12,4627.74
2026.05.06 02:05,4627.79,4633.30,4627.29,4632.72
2026.05.06 02:10,4632.78,4634.17,4629.95,4633.22
2026.05.06 02:15,4633.18,4636.18,4632.19,4633.97
2026.05.06 02:20,4634.01,4635.52,4631.77,4633.34
2026.05.06 02:25,4633.34,4634.16,4629.62,4629.87
2026.05.06 02:30,4630.18,4631.72,4626.57,4631.02
2026.05.06 02:35,4631.32,4633.99,4630.30,4630.63
2026.05.06 02:40,4630.63,4634.76,4629.93,4634.37
2026.05.06 02:45,4634.14,4638.30,4633.62,4635.40
2026.05.06 02:50,4635.46,4638.60,4634.40,4638.50
2026.05.06 02:55,4638.50,4641.60,4638.31,4640.40
2026.05.06 03:00,4640.42,4642.33,4638.39,4640.84
2026.05.06 03:05,4640.85,4645.38,4640.22,4644.50
2026.05.06 03:10,4644.58,4649.84,4642.93,4647.59
2026.05.06 03:15,4647.57,4650.03,4646.11,4649.20
2026.05.06 03:20,4649.15,4650.89,4644.61,4645.57
2026.05.06 03:25,4645.47,4646.58,4644.28,4645.51
2026.05.06 03:30,4645.29,4645.29,4642.39,4643.71
2026.05.06 03:35,4643.51,4651.60,4643.42,4651.18
2026.05.06 03:40,4651.26,4651.26,4644.96,4647.57
2026.05.06 03:45,4647.54,4648.20,4644.02,4644.17
2026.05.06 03:50,4644.17,4646.34,4643.54,4643.89
2026.05.06 03:55,4643.89,4644.78,4642.75,4643.65
2026.05.06 04:00,4643.52,4645.51,4643.30,4644.36
2026.05.06 04:05,4644.36,4647.51,4642.89,4645.69
2026.05.06 04:10,4645.69,4647.44,4645.25,4647.44
2026.05.06 04:15,4647.44,4648.70,4645.55,4645.69
2026.05.06 04:20,4645.68,4646.37,4645.44,4646.37
2026.05.06 04:25,4646.37,4653.41,4645.51,4653.27
2026.05.06 04:30,4652.51,4652.51,4649.10,4649.52
2026.05.06 04:35,4649.55,4651.30,4648.14,4649.06
2026.05.06 04:40,4649.06,4650.12,4645.90,4647.57
2026.05.06 04:45,4647.54,4652.48,4647.02,4650.22
2026.05.06 04:50,4650.20,4651.75,4648.44,4648.97
2026.05.06 04:55,4648.94,4650.96,4648.69,4648.78
2026.05.06 05:00,4648.79,4653.26,4648.70,4651.80
2026.05.06 05:05,4651.79,4656.22,4650.30,4655.35
2026.05.06 05:10,4655.37,4656.09,4653.00,4654.76
2026.05.06 05:15,4654.69,4654.69,4649.47,4651.74
2026.05.06 05:20,4651.79,4653.72,4650.08,4653.71
2026.05.06 05:25,4653.73,4655.15,4650.19,4650.19
2026.05.06 05:30,4650.19,4651.84,4644.79,4646.55
2026.05.06 05:35,4646.53,4647.33,4644.41,4646.86
2026.05.06 05:40,4646.87,4650.93,4645.05,4649.84
2026.05.06 05:45,4649.82,4651.40,4649.08,4649.17
2026.05.06 05:50,4649.22,4653.11,4649.22,4652.77
2026.05.06 05:55,4652.74,4663.58,4651.86,4662.80
2026.05.06 06:00,4662.78,4665.28,4658.28,4658.28
2026.05.06 06:05,4658.38,4665.68,4657.04,4663.30
2026.05.06 06:10,4663.30,4664.14,4660.22,4660.22
2026.05.06 06:15,4660.20,4661.18,4658.07,4658.08
2026.05.06 06:20,4658.06,4664.50,4657.91,4662.65
2026.05.06 06:25,4662.65,4666.40,4661.77,4665.90
2026.05.06 06:30,4665.92,4668.09,4663.30,4663.87
2026.05.06 06:35,4663.77,4668.37,4662.12,4665.93
2026.05.06 06:40,4666.10,4667.54,4659.85,4663.94
2026.05.06 06:45,4663.93,4666.42,4663.36,4664.70
2026.05.06 06:50,4664.64,4665.16,4662.64,4664.56
2026.05.06 06:55,4664.32,4669.17,4664.27,4669.00
2026.05.06 07:00,4669.04,4669.83,4665.27,4667.51
2026.05.06 07:05,4667.56,4667.73,4665.82,4666.68
2026.05.06 07:10,4666.79,4667.72,4658.25,4658.35
2026.05.06 07:15,4658.29,4660.61,4657.21,4660.52
2026.05.06 07:20,4660.42,4664.98,4659.42,4664.81
2026.05.06 07:25,4664.52,4669.70,4663.01,4667.41
2026.05.06 07:30,4667.41,4668.04,4663.18,4665.77
2026.05.06 07:35,4665.76,4666.70,4662.90,4664.72
2026.05.06 07:40,4664.74,4669.69,4664.38,4669.69
2026.05.06 07:45,4670.32,4677.32,4670.17,4675.10
2026.05.06 07:50,4675.03,4677.86,4673.62,4674.18
2026.05.06 07:55,4674.19,4681.51,4674.00,4681.38
2026.05.06 08:00,4681.04,4682.14,4675.66,4677.63
2026.05.06 08:05,4677.61,4680.00,4675.10,4677.26
2026.05.06 08:10,4677.34,4681.97,4676.66,4679.40
2026.05.06 08:15,4679.30,4680.48,4677.40,4678.52
2026.05.06 08:20,4678.42,4679.38,4676.64,4678.23
2026.05.06 08:25,4678.17,4679.79,4676.67,4676.80
2026.05.06 08:30,4676.83,4677.94,4675.19,4675.69
2026.05.06 08:35,4675.69,4675.74,4671.45,4675.58
2026.05.06 08:40,4675.57,4678.61,4673.20,4677.30
2026.05.06 08:45,4677.33,4681.90,4677.22,4679.71
2026.05.06 08:50,4679.60,4702.31,4679.47,4697.17
2026.05.06 08:55,4697.77,4700.94,4692.76,4700.00
2026.05.06 09:00,4700.26,4708.24,4692.09,4692.15
2026.05.06 09:05,4691.59,4696.35,4688.94,4694.83
2026.05.06 09:10,4694.85,4698.61,4693.52,4695.48
2026.05.06 09:15,4695.59,4702.68,4694.54,4699.69
2026.05.06 09:20,4699.71,4699.87,4691.41,4695.44
2026.05.06 09:25,4695.46,4704.72,4694.19,4699.92
2026.05.06 09:30,4699.93,4704.04,4696.21,4703.38
2026.05.06 09:35,4703.44,4705.87,4701.58,4703.14
2026.05.06 09:40,4703.15,4704.62,4695.69,4695.83
2026.05.06 09:45,4695.83,4702.02,4694.16,4701.20
2026.05.06 09:50,4701.00,4701.08,4697.22,4700.08
2026.05.06 09:55,4700.14,4702.62,4700.14,4701.66
2026.05.06 10:00,4701.73,4705.54,4698.74,4700.65
2026.05.06 10:05,4700.62,4701.67,4695.84,4696.35
2026.05.06 10:10,4696.34,4700.12,4695.87,4698.05
2026.05.06 10:15,4697.84,4700.82,4695.47,4698.47
2026.05.06 10:20,4698.46,4701.82,4697.35,4701.10
2026.05.06 10:25,4701.09,4704.41,4701.03,4704.25
2026.05.06 10:30,4704.24,4711.72,4704.24,4709.21
2026.05.06 10:35,4709.58,4710.85,4707.91,4709.96
2026.05.06 10:40,4710.07,4715.83,4709.76,4713.89
2026.05.06 10:45,4714.09,4715.29,4707.42,4710.32
2026.05.06 10:50,4710.67,4722.50,4710.07,4721.47
2026.05.06 10:55,4721.52,4721.52,4715.94,4717.86
2026.05.06 11:00,4717.45,4720.30,4711.36,4713.39
2026.05.06 11:05,4713.64,4721.09,4713.01,4719.95
2026.05.06 11:10,4719.81,4720.47,4709.22,4711.89
2026.05.06 11:15,4711.82,4713.40,4709.24,4711.96
2026.05.06 11:20,4711.92,4712.52,4708.84,4709.90
2026.05.06 11:25,4709.91,4712.48,4705.48,4705.48
2026.05.06 11:30,4705.48,4715.17,4704.20,4713.30
2026.05.06 11:35,4713.14,4714.77,4709.47,4710.13
2026.05.06 11:40,4710.07,4711.31,4698.82,4699.37
2026.05.06 11:45,4699.75,4702.42,4696.74,4697.37
2026.05.06 11:50,4697.51,4700.06,4696.06,4697.82
2026.05.06 11:55,4697.93,4697.97,4690.75,4691.95
2026.05.06 12:00,4691.85,4692.74,4681.19,4685.30
2026.05.06 12:05,4685.29,4687.35,4680.21,4682.44
2026.05.06 12:10,4682.17,4682.21,4670.93,4672.94
2026.05.06 12:15,4672.78,4676.42,4660.42,4670.41
2026.05.06 12:20,4670.36,4683.54,4669.26,4682.57
2026.05.06 12:25,4682.69,4688.41,4682.21,4683.11
2026.05.06 12:30,4683.11,4685.11,4678.00,4683.37
2026.05.06 12:35,4683.39,4683.88,4678.96,4680.24
2026.05.06 12:40,4680.09,4683.37,4679.15,4682.51
2026.05.06 12:45,4682.50,4684.45,4678.81,4680.94
2026.05.06 12:50,4680.94,4681.18,4676.74,4677.17
2026.05.06 12:55,4677.19,4683.33,4676.64,4683.10
2026.05.06 13:00,4682.64,4692.16,4677.14,4683.09
2026.05.06 13:05,4683.26,4685.20,4668.90,4673.22
2026.05.06 13:10,4673.27,4683.38,4672.03,4683.38
2026.05.06 13:15,4683.38,4690.95,4682.70,4682.75
2026.05.06 13:20,4682.72,4685.56,4679.46,4685.21
2026.05.06 13:25,4685.65,4686.35,4682.35,4684.95
2026.05.06 13:30,4684.96,4698.39,4680.13,4697.64
2026.05.06 13:35,4697.44,4698.96,4693.08,4694.33
2026.05.06 13:40,4694.42,4698.35,4693.09,4695.03
2026.05.06 13:45,4695.10,4701.10,4692.33,4700.42
2026.05.06 13:50,4700.65,4707.37,4693.62,4703.54
2026.05.06 13:55,4703.65,4705.93,4701.58,4701.92
2026.05.06 14:00,4701.74,4709.86,4700.58,4705.55
2026.05.06 14:05,4705.59,4708.99,4697.75,4707.79
2026.05.06 14:10,4707.81,4712.24,4705.99,4710.84
2026.05.06 14:15,4710.85,4717.22,4710.85,4712.83
2026.05.06 14:20,4712.87,4715.11,4708.49,4708.97
2026.05.06 14:25,4709.01,4712.86,4704.61,4705.49
2026.05.06 14:30,4705.57,4709.57,4704.58,4706.53
2026.05.06 14:35,4706.59,4709.58,4704.76,4707.99
2026.05.06 14:40,4708.21,4714.29,4706.05,4713.13
2026.05.06 14:45,4713.20,4713.71,4704.74,4705.55
2026.05.06 14:50,4705.73,4706.67,4700.62,4701.14
2026.05.06 14:55,4701.48,4706.87,4701.48,4702.84
2026.05.06 15:00,4702.78,4705.50,4700.26,4705.50
2026.05.06 15:05,4705.53,4705.53,4697.32,4698.46
2026.05.06 15:10,4698.56,4700.38,4693.30,4696.37
2026.05.06 15:15,4696.55,4700.83,4694.15,4700.83
2026.05.06 15:20,4701.23,4703.02,4698.32,4698.70
2026.05.06 15:25,4698.71,4698.80,4694.98,4695.27
2026.05.06 15:30,4695.39,4697.58,4693.18,4694.24
2026.05.06 15:35,4694.22,4695.36,4691.40,4691.85
2026.05.06 15:40,4691.84,4694.15,4689.21,4692.63
2026.05.06 15:45,4692.67,4694.68,4690.76,4692.81
2026.05.06 15:50,4692.82,4693.75,4690.77,4692.57
2026.05.06 15:55,4692.17,4693.43,4687.73,4687.90
2026.05.06 16:00,4687.55,4687.66,4683.71,4685.79
2026.05.06 16:05,4685.83,4688.31,4681.14,4682.93
2026.05.06 16:10,4684.38,4685.19,4682.02,4683.54
2026.05.06 16:15,4683.46,4685.60,4682.50,4684.23
2026.05.06 16:20,4684.35,4684.91,4682.71,4683.08
2026.05.06 16:25,4683.08,4688.33,4683.00,4687.80
2026.05.06 16:30,4687.96,4690.00,4685.27,4687.16
2026.05.06 16:35,4687.18,4689.70,4686.02,4689.22
2026.05.06 16:40,4689.25,4691.83,4688.54,4688.55
2026.05.06 16:45,4688.51,4689.73,4686.09,4687.86
2026.05.06 16:50,4687.86,4688.55,4682.92,4684.26
2026.05.06 16:55,4684.26,4685.63,4678.84,4682.94
2026.05.06 17:00,4682.86,4685.79,4679.46,4685.58
2026.05.06 17:05,4685.67,4687.83,4684.46,4685.97
2026.05.06 17:10,4685.97,4686.83,4684.30,4685.35
2026.05.06 17:15,4685.34,4685.89,4681.17,4681.24
2026.05.06 17:20,4680.92,4683.10,4680.35,4681.12
2026.05.06 17:25,4681.05,4684.30,4679.91,4682.84
2026.05.06 17:30,4682.76,4683.23,4680.32,4682.52
2026.05.06 17:35,4682.45,4682.45,4679.21,4679.42
2026.05.06 17:40,4679.30,4680.91,4678.72,4680.45
2026.05.06 17:45,4680.41,4681.99,4680.28,4680.75
2026.05.06 17:50,4680.69,4681.81,4680.20,4681.38
2026.05.06 17:55,4681.38,4684.35,4681.38,4683.82
2026.05.06 18:00,4683.85,4685.28,4681.76,4682.50
2026.05.06 18:05,4682.52,4685.30,4682.49,4685.23
2026.05.06 18:10,4685.19,4687.30,4684.54,4686.60
2026.05.06 18:15,4686.61,4689.04,4686.26,4688.29
2026.05.06 18:20,4688.35,4690.21,4687.10,4687.57
2026.05.06 18:25,4687.60,4688.67,4687.19,4687.52
2026.05.06 18:30,4687.87,4689.27,4686.59,4688.82
2026.05.06 18:35,4688.85,4690.06,4687.77,4688.03
2026.05.06 18:40,4688.03,4688.03,4684.99,4686.06
2026.05.06 18:45,4686.01,4687.88,4685.47,4686.82
2026.05.06 18:50,4686.79,4687.40,4684.71,4686.25
2026.05.06 18:55,4686.25,4687.25,4685.26,4685.87
2026.05.06 19:00,4685.84,4692.50,4685.84,4691.01
2026.05.06 19:05,4691.03,4694.56,4690.53,4694.15
2026.05.06 19:10,4694.09,4695.60,4693.56,4695.07
2026.05.06 19:15,4695.11,4698.02,4694.84,4696.39
2026.05.06 19:20,4696.41,4700.01,4696.38,4699.57
2026.05.06 19:25,4699.57,4699.66,4697.65,4698.22
2026.05.06 19:30,4698.20,4698.72,4695.55,4697.05
2026.05.06 19:35,4696.90,4698.54,4696.05,4697.23
2026.05.06 19:40,4697.35,4697.35,4693.71,4695.27
2026.05.06 19:45,4695.19,4696.49,4694.39,4694.63
2026.05.06 19:50,4695.34,4698.17,4695.34,4697.16
2026.05.06 19:55,4697.16,4697.53,4692.27,4692.27
2026.05.06 20:00,4692.78,4694.99,4692.42,4694.96
2026.05.06 20:05,4694.96,4696.98,4694.45,4696.38
2026.05.06 20:10,4696.38,4699.40,4695.96,4698.81
2026.05.06 20:15,4698.87,4699.24,4696.98,4697.83
2026.05.06 20:20,4697.83,4698.17,4693.76,4694.35
2026.05.06 20:25,4694.32,4694.48,4691.78,4692.42
2026.05.06 20:30,4692.44,4692.79,4689.89,4689.91
2026.05.06 20:35,4689.95,4691.87,4689.57,4690.51
2026.05.06 20:40,4690.37,4690.37,4688.54,4688.54
2026.05.06 20:45,4688.43,4689.50,4685.04,4689.32
2026.05.06 20:50,4689.27,4691.16,4687.66,4690.97
2026.05.06 20:55,4691.09,4691.73,4689.87,4690.90
2026.05.06 23:00,4694.64,4696.76,4693.94,4696.45
2026.05.06 23:05,4696.43,4698.27,4695.70,4697.26
2026.05.06 23:10,4697.26,4697.26,4693.77,4694.13
2026.05.06 23:15,4694.13,4697.55,4693.84,4696.71
2026.05.06 23:20,4696.71,4697.08,4692.50,4693.37
2026.05.06 23:25,4693.30,4693.76,4690.01,4693.16
2026.05.06 23:30,4693.19,4693.57,4691.51,4692.84
2026.05.06 23:35,4692.70,4694.09,4692.56,4692.91
2026.05.06 23:40,4693.07,4693.48,4692.57,4693.36
2026.05.06 23:45,4693.36,4699.31,4693.36,4696.83
2026.05.06 23:50,4696.71,4697.60,4695.54,4696.52
2026.05.06 23:55,4696.50,4698.76,4696.36,4698.76
2026.05.07 00:00,4698.76,4700.43,4692.72,4693.28
2026.05.07 00:05,4693.40,4695.74,4689.80,4694.85
2026.05.07 00:10,4694.84,4700.65,4694.43,4699.75
2026.05.07 00:15,4699.73,4700.41,4694.91,4697.93
2026.05.07 00:20,4697.93,4700.92,4696.80,4697.89
2026.05.07 00:25,4697.43,4698.40,4691.98,4692.24
2026.05.07 00:30,4692.22,4692.81,4689.16,4691.80
2026.05.07 00:35,4691.76,4693.15,4690.28,4692.10
2026.05.07 00:40,4692.10,4692.58,4685.81,4688.09
2026.05.07 00:45,4688.06,4690.99,4686.27,4689.57
2026.05.07 00:50,4689.60,4691.36,4685.78,4685.78
2026.05.07 00:55,4685.79,4688.72,4685.30,4688.36
2026.05.07 01:00,4688.46,4693.65,4684.98,4692.35
2026.05.07 01:05,4692.29,4698.50,4691.70,4697.37
2026.05.07 01:10,4697.61,4710.72,4697.36,4709.54
2026.05.07 01:15,4709.54,4716.20,4707.60,4712.50
2026.05.07 01:20,4712.51,4712.78,4708.57,4709.85
2026.05.07 01:25,4709.88,4710.69,4703.47,4704.13
2026.05.07 01:30,4703.91,4707.20,4702.04,4705.00
2026.05.07 01:35,4705.22,4712.98,4704.75,4712.98
2026.05.07 01:40,4712.95,4717.69,4711.11,4712.60
2026.05.07 01:45,4712.56,4719.54,4712.43,4718.68
2026.05.07 01:50,4718.70,4720.88,4716.80,4716.85
2026.05.07 01:55,4716.77,4717.38,4713.33,4714.50
2026.05.07 02:00,4714.48,4718.23,4714.18,4714.61
2026.05.07 02:05,4714.69,4716.69,4712.77,4712.90
2026.05.07 02:10,4712.87,4713.23,4703.34,4703.91
2026.05.07 02:15,4703.93,4707.59,4702.69,4706.06
2026.05.07 02:20,4705.95,4707.38,4701.63,4703.31
2026.05.07 02:25,4703.31,4705.41,4701.62,4702.56
2026.05.07 02:30,4702.14,4703.17,4699.81,4700.89
2026.05.07 02:35,4701.31,4703.66,4700.79,4701.89
2026.05.07 02:40,4701.92,4705.16,4700.93,4703.91
2026.05.07 02:45,4704.01,4707.56,4704.01,4706.44
2026.05.07 02:50,4706.40,4707.09,4704.58,4706.49
2026.05.07 02:55,4706.46,4709.67,4705.56,4707.11
2026.05.07 03:00,4706.88,4709.37,4704.66,4709.08
2026.05.07 03:05,4709.16,4709.61,4707.17,4708.44
2026.05.07 03:10,4708.45,4708.93,4704.02,4705.67
2026.05.07 03:15,4705.67,4708.28,4704.77,4708.05
2026.05.07 03:20,4708.09,4708.50,4704.98,4705.74
2026.05.07 03:25,4705.69,4706.78,4704.18,4704.18
2026.05.07 03:30,4704.33,4704.74,4702.05,4703.97
2026.05.07 03:35,4703.91,4704.68,4702.46,4704.58
2026.05.07 03:40,4704.57,4704.60,4702.31,4703.71
2026.05.07 03:45,4703.70,4703.99,4701.49,4703.99
2026.05.07 03:50,4703.99,4704.48,4702.15,4703.96
2026.05.07 03:55,4703.86,4703.93,4698.78,4698.91
2026.05.07 04:00,4698.78,4700.51,4696.93,4698.30
2026.05.07 04:05,4698.31,4700.48,4698.01,4699.63
2026.05.07 04:10,4699.64,4700.24,4696.43,4696.45
2026.05.07 04:15,4696.45,4696.91,4694.88,4695.52
2026.05.07 04:20,4695.52,4698.29,4695.32,4697.67
2026.05.07 04:25,4697.61,4697.97,4695.58,4696.82
2026.05.07 04:30,4696.62,4697.22,4693.28,4693.54
2026.05.07 04:35,4693.35,4695.89,4692.11,4695.67
2026.05.07 04:40,4695.67,4698.95,4695.67,4697.72
2026.05.07 04:45,4697.72,4698.65,4694.33,4695.27
2026.05.07 04:50,4695.27,4696.28,4693.88,4695.43
2026.05.07 04:55,4695.43,4697.31,4694.14,4696.17
2026.05.07 05:00,4696.07,4700.93,4696.07,4699.79
2026.05.07 05:05,4699.52,4699.52,4698.01,4699.07
2026.05.07 05:10,4699.04,4700.58,4698.77,4700.19
2026.05.07 05:15,4700.20,4700.41,4695.67,4695.82
2026.05.07 05:20,4695.82,4697.44,4694.48,4695.14
2026.05.07 05:25,4695.14,4696.35,4694.52,4695.70
2026.05.07 05:30,4695.07,4705.53,4694.64,4703.11
2026.05.07 05:35,4703.11,4705.72,4702.28,4705.16
2026.05.07 05:40,4704.93,4705.46,4702.94,4703.34
2026.05.07 05:45,4703.27,4704.81,4702.16,4704.60
2026.05.07 05:50,4704.72,4706.30,4702.62,4704.47
2026.05.07 05:55,4704.43,4704.72,4700.55,4700.81
2026.05.07 06:00,4700.88,4707.26,4700.81,4705.66
2026.05.07 06:05,4705.74,4707.77,4704.68,4707.56
2026.05.07 06:10,4707.53,4710.02,4707.12,4707.83
2026.05.07 06:15,4707.82,4710.68,4707.00,4709.61
2026.05.07 06:20,4709.61,4713.75,4709.11,4713.22
2026.05.07 06:25,4713.24,4717.59,4711.30,4717.18
2026.05.07 06:30,4717.15,4733.53,4715.84,4733.01
2026.05.07 06:35,4732.80,4743.83,4732.80,4742.32
2026.05.07 06:40,4742.63,4749.75,4739.71,4745.84
2026.05.07 06:45,4745.43,4746.81,4737.77,4737.77
2026.05.07 06:50,4737.82,4740.06,4735.89,4736.34
2026.05.07 06:55,4736.35,4739.42,4735.74,4738.89
2026.05.07 07:00,4738.32,4741.08,4731.47,4734.24
2026.05.07 07:05,4734.67,4745.69,4732.88,4744.09
2026.05.07 07:10,4744.27,4750.05,4743.58,4749.00
2026.05.07 07:15,4749.05,4750.39,4741.85,4743.24
2026.05.07 07:20,4743.24,4744.59,4739.18,4739.39
2026.05.07 07:25,4739.59,4741.98,4737.68,4739.20
2026.05.07 07:30,4739.20,4742.74,4737.96,4741.51
2026.05.07 07:35,4741.54,4742.63,4739.03,4739.78
2026.05.07 07:40,4739.76,4743.86,4739.42,4742.72
2026.05.07 07:45,4742.76,4743.31,4736.90,4738.87
2026.05.07 07:50,4738.90,4743.58,4738.65,4740.73
2026.05.07 07:55,4740.70,4744.29,4738.83,4742.91
2026.05.07 08:00,4742.91,4751.22,4742.54,4749.58
2026.05.07 08:05,4749.55,4753.19,4745.92,4747.94
2026.05.07 08:10,4747.94,4748.34,4742.31,4742.42
2026.05.07 08:15,4742.42,4742.78,4735.39,4736.37
2026.05.07 08:20,4736.07,4739.65,4735.28,4739.55
2026.05.07 08:25,4739.57,4742.00,4733.59,4739.59
2026.05.07 08:30,4739.90,4741.62,4736.80,4737.38
2026.05.07 08:35,4737.12,4738.43,4733.69,4736.34
2026.05.07 08:40,4736.33,4738.37,4734.86,4735.02
2026.05.07 08:45,4734.93,4735.89,4733.17,4735.50
2026.05.07 08:50,4735.63,4736.94,4732.19,4733.95
2026.05.07 08:55,4733.93,4734.40,4730.72,4730.80
2026.05.07 09:00,4730.89,4730.98,4721.74,4726.19
2026.05.07 09:05,4726.18,4732.61,4725.98,4732.59
2026.05.07 09:10,4732.59,4736.02,4732.20,4733.85
2026.05.07 09:15,4733.85,4737.03,4731.36,4735.39
2026.05.07 09:20,4735.32,4737.64,4733.70,4736.67
2026.05.07 09:25,4736.60,4738.42,4733.92,4735.34
2026.05.07 09:30,4735.42,4736.29,4732.99,4735.84
2026.05.07 09:35,4735.79,4736.95,4733.52,4735.49
2026.05.07 09:40,4735.44,4739.24,4735.31,4737.53
2026.05.07 09:45,4737.77,4738.83,4735.08,4735.54
2026.05.07 09:50,4735.86,4736.30,4732.80,4733.52
2026.05.07 09:55,4733.79,4733.99,4725.66,4728.86
2026.05.07 10:00,4728.25,4731.59,4726.40,4729.43
2026.05.07 10:05,4729.42,4733.43,4728.19,4733.05
2026.05.07 10:10,4733.03,4734.75,4732.33,4734.65
2026.05.07 10:15,4734.61,4736.02,4730.90,4731.15
2026.05.07 10:20,4731.15,4733.48,4728.36,4732.73
2026.05.07 10:25,4732.74,4734.13,4731.36,4732.27
2026.05.07 10:30,4732.29,4732.29,4727.90,4730.27
2026.05.07 10:35,4730.26,4738.25,4729.59,4736.20
2026.05.07 10:40,4736.17,4739.65,4735.98,4738.85
2026.05.07 10:45,4738.87,4739.62,4735.63,4736.00
2026.05.07 10:50,4735.87,4737.75,4735.20,4736.92
2026.05.07 10:55,4736.84,4737.68,4735.43,4735.44
2026.05.07 11:00,4736.04,4736.97,4734.57,4735.34
2026.05.07 11:05,4735.34,4735.46,4732.15,4733.36
2026.05.07 11:10,4733.52,4733.69,4728.21,4729.98
2026.05.07 11:15,4730.02,4731.05,4727.10,4730.19
2026.05.07 11:20,4730.18,4735.16,4728.63,4734.11
2026.05.07 11:25,4734.17,4736.43,4730.71,4732.55
2026.05.07 11:30,4732.56,4734.96,4731.70,4733.82
2026.05.07 11:35,4733.79,4736.98,4732.90,4735.11
2026.05.07 11:40,4735.22,4737.94,4734.34,4736.65
2026.05.07 11:45,4736.65,4739.44,4735.12,4736.03
2026.05.07 11:50,4736.03,4739.46,4733.83,4739.46
2026.05.07 11:55,4739.46,4743.40,4738.36,4742.56
2026.05.07 12:00,4742.74,4745.65,4739.42,4740.87
2026.05.07 12:05,4740.90,4743.97,4739.55,4740.47
2026.05.07 12:10,4740.45,4745.97,4740.01,4743.96
2026.05.07 12:15,4743.93,4746.83,4742.41,4742.99
2026.05.07 12:20,4742.22,4743.44,4734.19,4735.31
2026.05.07 12:25,4735.39,4738.84,4733.16,4737.48
2026.05.07 12:30,4738.19,4749.13,4737.07,4747.02
2026.05.07 12:35,4747.09,4749.43,4743.69,4746.01
2026.05.07 12:40,4745.99,4751.51,4745.63,4751.04
2026.05.07 12:45,4751.19,4752.41,4747.81,4751.78
2026.05.07 12:50,4752.19,4752.32,4747.00,4747.59
2026.05.07 12:55,4747.69,4749.88,4744.85,4749.88
2026.05.07 13:00,4749.91,4749.91,4737.69,4738.65
2026.05.07 13:05,4738.63,4741.41,4736.44,4740.87
2026.05.07 13:10,4740.85,4740.92,4731.11,4733.28
2026.05.07 13:15,4732.76,4740.26,4731.22,4740.08
2026.05.07 13:20,4740.50,4744.54,4738.19,4744.53
2026.05.07 13:25,4743.85,4746.44,4742.27,4745.13
2026.05.07 13:30,4744.69,4757.96,4743.30,4755.85
2026.05.07 13:35,4755.93,4756.64,4750.87,4752.40
2026.05.07 13:40,4752.35,4752.60,4747.82,4748.28
2026.05.07 13:45,4749.05,4749.24,4739.49,4742.35
2026.05.07 13:50,4742.12,4744.77,4737.23,4743.99
2026.05.07 13:55,4744.22,4748.53,4743.53,4746.19
2026.05.07 14:00,4745.71,4749.38,4742.37,4745.69
2026.05.07 14:05,4745.74,4748.00,4743.81,4747.42
2026.05.07 14:10,4748.03,4753.67,4744.67,4751.69
2026.05.07 14:15,4751.74,4753.63,4741.09,4750.98
2026.05.07 14:20,4751.15,4757.78,4750.11,4757.03
2026.05.07 14:25,4757.23,4759.32,4755.81,4756.42
2026.05.07 14:30,4756.45,4758.65,4747.77,4749.06
2026.05.07 14:35,4748.97,4753.77,4747.59,4753.49
2026.05.07 14:40,4753.63,4756.73,4750.19,4751.80
2026.05.07 14:45,4751.73,4758.38,4751.04,4758.08
2026.05.07 14:50,4758.18,4761.56,4756.21,4760.92
2026.05.07 14:55,4760.58,4763.17,4760.00,4762.56
2026.05.07 15:00,4762.56,4764.52,4757.82,4759.25
2026.05.07 15:05,4759.25,4759.72,4755.87,4758.61
2026.05.07 15:10,4758.64,4760.92,4754.42,4754.53
2026.05.07 15:15,4754.61,4756.04,4753.06,4753.78
2026.05.07 15:20,4753.86,4756.10,4745.59,4747.05
2026.05.07 15:25,4746.56,4747.75,4736.39,4739.93
2026.05.07 15:30,4740.45,4746.87,4739.38,4744.38
2026.05.07 15:35,4744.40,4746.49,4741.24,4743.31
2026.05.07 15:40,4743.22,4743.46,4738.78,4738.78
2026.05.07 15:45,4738.76,4739.57,4733.94,4734.85
2026.05.07 15:50,4734.79,4736.93,4728.73,4732.17
2026.05.07 15:55,4732.17,4732.17,4726.20,4729.04
2026.05.07 16:00,4729.16,4729.50,4722.30,4724.08
2026.05.07 16:05,4723.89,4725.00,4716.41,4717.49
2026.05.07 16:10,4717.40,4720.06,4713.27,4714.80
2026.05.07 16:15,4715.09,4715.09,4704.32,4706.15
2026.05.07 16:20,4706.18,4717.59,4705.99,4717.57
2026.05.07 16:25,4717.63,4722.70,4717.50,4719.65
2026.05.07 16:30,4719.89,4720.60,4714.17,4719.24
2026.05.07 16:35,4719.30,4719.32,4711.43,4711.95
2026.05.07 16:40,4711.96,4714.41,4710.33,4711.06
2026.05.07 16:45,4710.93,4715.58,4710.44,4713.94
2026.05.07 16:50,4714.00,4717.09,4710.44,4717.02
2026.05.07 16:55,4717.00,4717.91,4711.95,4714.82
2026.05.07 17:00,4714.80,4717.52,4712.25,4716.35
2026.05.07 17:05,4716.34,4719.29,4714.66,4716.43
2026.05.07 17:10,4716.55,4718.30,4711.57,4714.35
2026.05.07 17:15,4713.91,4715.58,4705.69,4706.09
2026.05.07 17:20,4706.12,4716.38,4705.35,4715.40
2026.05.07 17:25,4715.47,4718.84,4687.79,4698.97
2026.05.07 17:30,4698.11,4703.27,4693.28,4699.16
2026.05.07 17:35,4699.41,4703.93,4695.64,4703.48
2026.05.07 17:40,4703.08,4705.91,4698.11,4699.42
2026.05.07 17:45,4699.16,4703.42,4698.03,4699.52
2026.05.07 17:50,4699.53,4704.04,4697.72,4704.01
2026.05.07 17:55,4704.12,4711.87,4702.77,4711.34
2026.05.07 18:00,4711.50,4712.34,4706.63,4707.41
2026.05.07 18:05,4707.52,4711.74,4706.41,4707.23
2026.05.07 18:10,4707.29,4709.69,4705.01,4707.78
2026.05.07 18:15,4707.80,4709.57,4706.62,4708.18
2026.05.07 18:20,4708.22,4710.69,4706.20,4706.41
2026.05.07 18:25,4706.66,4712.80,4705.49,4712.66
2026.05.07 18:30,4712.39,4715.08,4711.56,4713.44
2026.05.07 18:35,4713.48,4715.72,4707.23,4712.96
2026.05.07 18:40,4713.06,4714.54,4702.96,4705.94
2026.05.07 18:45,4705.97,4708.90,4698.58,4700.43
2026.05.07 18:50,4700.47,4704.49,4695.19,4703.33
2026.05.07 18:55,4702.91,4711.21,4701.86,4709.47
2026.05.07 19:00,4709.47,4712.67,4704.92,4705.55
2026.05.07 19:05,4705.63,4711.18,4705.63,4709.69
2026.05.07 19:10,4709.68,4711.32,4708.59,4709.87
2026.05.07 19:15,4709.87,4710.60,4699.79,4702.07
2026.05.07 19:20,4701.92,4705.16,4699.03,4700.47
2026.05.07 19:25,4700.28,4706.19,4697.65,4704.87
2026.05.07 19:30,4704.89,4708.07,4703.54,4707.62
2026.05.07 19:35,4707.63,4711.84,4706.88,4710.71
2026.05.07 19:40,4710.70,4711.62,4707.98,4709.44
2026.05.07 19:45,4709.46,4709.70,4705.09,4708.18
2026.05.07 19:50,4708.15,4710.41,4704.07,4706.18
2026.05.07 19:55,4705.68,4708.80,4702.59,4702.93
2026.05.07 20:00,4702.89,4719.01,4702.89,4716.14
2026.05.07 20:05,4716.37,4716.81,4710.63,4711.09
2026.05.07 20:10,4711.07,4712.84,4710.63,4711.34
2026.05.07 20:15,4711.54,4712.60,4709.08,4711.89
2026.05.07 20:20,4711.66,4713.64,4710.65,4712.91
2026.05.07 20:25,4712.91,4714.06,4712.15,4712.88
2026.05.07 20:30,4712.77,4715.51,4710.11,4713.08
2026.05.07 20:35,4712.97,4713.89,4698.13,4698.32
2026.05.07 20:40,4698.07,4706.36,4696.52,4703.66
2026.05.07 20:45,4703.59,4703.93,4699.11,4702.26
2026.05.07 20:50,4702.30,4702.49,4694.63,4695.38
2026.05.07 20:55,4695.26,4695.26,4684.63,4685.36
2026.05.07 23:00,4685.42,4689.52,4684.38,4688.94
2026.05.07 23:05,4689.10,4691.61,4686.58,4691.12
2026.05.07 23:10,4691.16,4693.79,4690.10,4691.35
2026.05.07 23:15,4691.58,4693.68,4691.58,4693.59
2026.05.07 23:20,4693.59,4697.82,4693.57,4696.06
2026.05.07 23:25,4696.34,4698.24,4695.66,4696.20
2026.05.07 23:30,4696.58,4697.86,4694.83,4697.07
2026.05.07 23:35,4697.39,4698.78,4696.38,4698.67
2026.05.07 23:40,4698.59,4698.82,4696.57,4697.51
2026.05.07 23:45,4697.59,4702.04,4697.59,4700.55
2026.05.07 23:50,4700.56,4704.18,4699.94,4703.12
2026.05.07 23:55,4703.13,4705.30,4702.98,4704.18
2026.05.08 00:00,4704.03,4706.12,4701.39,4702.65
2026.05.08 00:05,4702.70,4707.91,4702.24,4707.52
2026.05.08 00:10,4707.51,4709.23,4701.24,4702.45
2026.05.08 00:15,4702.54,4702.54,4693.85,4695.07
2026.05.08 00:20,4695.05,4704.46,4693.85,4703.52
2026.05.08 00:25,4703.56,4705.39,4696.23,4697.08
2026.05.08 00:30,4697.03,4703.70,4696.03,4702.93
2026.05.08 00:35,4702.94,4706.09,4701.16,4703.88
2026.05.08 00:40,4703.99,4707.90,4703.78,4704.78
2026.05.08 00:45,4704.79,4705.58,4699.68,4699.84
2026.05.08 00:50,4699.76,4701.08,4698.09,4698.15
2026.05.08 00:55,4698.13,4701.76,4696.82,4701.19
2026.05.08 01:00,4700.98,4715.28,4700.51,4712.71
2026.05.08 01:05,4712.74,4719.10,4712.74,4714.48
2026.05.08 01:10,4714.04,4717.95,4712.46,4713.86
2026.05.08 01:15,4713.85,4717.64,4711.46,4717.33
2026.05.08 01:20,4717.31,4718.21,4711.43,4712.08
2026.05.08 01:25,4712.12,4715.43,4712.07,4712.24
2026.05.08 01:30,4712.20,4714.88,4709.60,4712.04
2026.05.08 01:35,4712.04,4712.67,4705.02,4707.77
2026.05.08 01:40,4707.83,4711.05,4706.73,4710.50
2026.05.08 01:45,4710.95,4719.95,4710.88,4719.73
2026.05.08 01:50,4719.73,4723.12,4719.70,4721.94
2026.05.08 01:55,4721.94,4725.15,4721.53,4722.62
2026.05.08 02:00,4722.66,4732.50,4721.35,4731.57
2026.05.08 02:05,4731.21,4731.21,4726.83,4729.21
2026.05.08 02:10,4729.21,4729.62,4723.44,4723.90
2026.05.08 02:15,4723.84,4723.98,4717.98,4719.09
2026.05.08 02:20,4719.01,4722.84,4719.01,4722.00
2026.05.08 02:25,4722.00,4723.63,4720.19,4721.29
2026.05.08 02:30,4721.47,4723.32,4716.77,4719.33
2026.05.08 02:35,4719.39,4720.72,4706.82,4711.21
2026.05.08 02:40,4711.09,4715.07,4710.06,4710.06
2026.05.08 02:45,4710.06,4716.28,4708.36,4716.09
2026.05.08 02:50,4716.34,4717.29,4712.32,4716.12
2026.05.08 02:55,4716.12,4716.74,4712.35,4713.17
2026.05.08 03:00,4713.08,4717.27,4710.86,4717.27
2026.05.08 03:05,4717.26,4718.99,4714.88,4717.31
2026.05.08 03:10,4717.72,4719.99,4717.62,4719.89
2026.05.08 03:15,4719.88,4722.46,4719.22,4719.97
2026.05.08 03:20,4719.98,4720.03,4716.83,4718.67
2026.05.08 03:25,4718.66,4720.83,4717.37,4720.17
2026.05.08 03:30,4720.09,4730.40,4719.93,4730.40
2026.05.08 03:35,4730.50,4730.92,4722.94,4723.56
2026.05.08 03:40,4723.64,4726.14,4722.34,4724.81
2026.05.08 03:45,4724.79,4725.09,4719.94,4720.31
2026.05.08 03:50,4720.27,4720.88,4717.83,4718.79
2026.05.08 03:55,4718.74,4720.58,4718.37,4719.43
2026.05.08 04:00,4719.54,4723.09,4719.53,4719.61
2026.05.08 04:05,4719.63,4719.96,4715.70,4718.59
2026.05.08 04:10,4718.64,4719.28,4714.69,4714.70
2026.05.08 04:15,4714.70,4717.16,4713.35,4715.76
2026.05.08 04:20,4715.73,4717.63,4715.10,4717.41
2026.05.08 04:25,4717.46,4718.07,4715.12,4717.18
2026.05.08 04:30,4717.35,4718.20,4714.48,4715.00
2026.05.08 04:35,4714.96,4715.73,4713.36,4713.43
2026.05.08 04:40,4713.43,4713.63,4708.87,4711.86
2026.05.08 04:45,4711.86,4713.57,4709.94,4713.53
2026.05.08 04:50,4713.55,4715.98,4711.84,4715.83
2026.05.08 04:55,4715.83,4716.42,4709.59,4710.83
2026.05.08 05:00,4710.94,4713.35,4709.44,4712.82
2026.05.08 05:05,4712.90,4716.02,4712.06,4714.61
2026.05.08 05:10,4714.61,4715.94,4712.09,4712.09
2026.05.08 05:15,4712.11,4714.47,4710.31,4714.25
2026.05.08 05:20,4714.19,4715.58,4713.57,4714.48
2026.05.08 05:25,4714.52,4719.89,4712.11,4719.19
2026.05.08 05:30,4719.13,4727.00,4719.13,4724.03
2026.05.08 05:35,4723.60,4725.15,4720.70,4722.41
2026.05.08 05:40,4722.50,4725.56,4721.44,4724.43
2026.05.08 05:45,4724.37,4728.56,4723.15,4728.56
2026.05.08 05:50,4728.53,4730.20,4726.44,4728.11
2026.05.08 05:55,4728.59,4731.09,4726.58,4727.31
2026.05.08 06:00,4727.60,4730.17,4712.47,4728.02
2026.05.08 06:05,4728.48,4728.51,4721.88,4725.26
2026.05.08 06:10,4725.43,4727.19,4722.54,4722.71
2026.05.08 06:15,4722.56,4727.97,4721.42,4727.43
2026.05.08 06:20,4727.42,4728.31,4724.27,4727.42
2026.05.08 06:25,4727.23,4734.29,4726.01,4733.38
2026.05.08 06:30,4733.44,4734.12,4726.31,4726.31
2026.05.08 06:35,4726.32,4728.90,4725.41,4727.35
2026.05.08 06:40,4727.34,4732.08,4727.17,4728.28
2026.05.08 06:45,4728.86,4729.24,4720.93,4724.92
2026.05.08 06:50,4724.91,4726.93,4724.03,4725.99
2026.05.08 06:55,4725.95,4726.87,4724.23,4725.47
2026.05.08 07:00,4725.33,4726.10,4721.59,4723.71
2026.05.08 07:05,4723.78,4725.50,4720.43,4722.52
2026.05.08 07:10,4722.38,4722.43,4715.15,4715.15
2026.05.08 07:15,4714.98,4717.99,4712.54,4715.25
2026.05.08 07:20,4714.98,4717.26,4703.63,4706.12
2026.05.08 07:25,4706.04,4707.49,4696.89,4706.39
2026.05.08 07:30,4705.75,4710.71,4701.07,4709.02
2026.05.08 07:35,4709.10,4711.49,4708.13,4708.98
2026.05.08 07:40,4708.97,4709.84,4706.58,4707.93
2026.05.08 07:45,4708.09,4712.43,4707.83,4712.33
2026.05.08 07:50,4712.34,4713.34,4707.91,4710.94
2026.05.08 07:55,4710.86,4710.96,4706.81,4707.75
2026.05.08 08:00,4707.74,4709.95,4706.74,4709.56
2026.05.08 08:05,4709.60,4710.68,4706.52,4710.49
2026.05.08 08:10,4710.46,4712.87,4708.08,4711.25
2026.05.08 08:15,4711.22,4714.97,4711.13,4714.07
2026.05.08 08:20,4714.55,4721.95,4714.40,4719.82
2026.05.08 08:25,4719.82,4722.21,4716.18,4716.71
2026.05.08 08:30,4716.71,4719.85,4716.22,4719.02
2026.05.08 08:35,4719.06,4723.22,4719.06,4721.14
2026.05.08 08:40,4721.18,4721.18,4716.60,4716.71
2026.05.08 08:45,4716.71,4719.77,4715.86,4718.62
2026.05.08 08:50,4718.61,4718.98,4716.28,4716.28
2026.05.08 08:55,4716.29,4717.35,4714.79,4715.56
2026.05.08 09:00,4715.54,4719.93,4713.27,4719.04
2026.05.08 09:05,4719.19,4720.13,4715.78,4715.81
2026.05.08 09:10,4715.81,4718.38,4715.19,4718.38
2026.05.08 09:15,4718.44,4722.01,4718.11,4719.54
2026.05.08 09:20,4719.65,4722.41,4718.53,4720.38
2026.05.08 09:25,4720.35,4722.56,4717.63,4717.86
2026.05.08 09:30,4717.81,4718.50,4709.74,4714.58
2026.05.08 09:35,4714.57,4714.93,4709.20,4713.11
2026.05.08 09:40,4713.21,4714.37,4710.47,4712.87
2026.05.08 09:45,4713.10,4713.72,4709.43,4710.48
2026.05.08 09:50,4710.44,4711.20,4707.33,4709.47
2026.05.08 09:55,4709.49,4712.03,4707.48,4711.67
2026.05.08 10:00,4711.42,4714.30,4711.09,4712.63
2026.05.08 10:05,4712.57,4714.43,4711.79,4712.96
2026.05.08 10:10,4712.96,4718.68,4712.76,4718.67
2026.05.08 10:15,4718.66,4719.31,4717.31,4717.67
2026.05.08 10:20,4717.66,4722.83,4717.59,4721.24
2026.05.08 10:25,4721.25,4723.74,4720.24,4720.35
2026.05.08 10:30,4720.24,4723.23,4720.10,4722.12
2026.05.08 10:35,4722.13,4727.49,4721.78,4726.87
2026.05.08 10:40,4726.84,4727.55,4724.08,4724.21
2026.05.08 10:45,4724.23,4724.23,4718.88,4719.47
2026.05.08 10:50,4719.46,4721.49,4717.53,4720.89
2026.05.08 10:55,4720.94,4720.97,4715.09,4719.74
2026.05.08 11:00,4719.56,4726.56,4719.56,4726.07
2026.05.08 11:05,4725.61,4727.12,4723.29,4724.49
2026.05.08 11:10,4724.63,4724.89,4718.84,4721.81
2026.05.08 11:15,4721.46,4725.08,4721.46,4722.86
2026.05.08 11:20,4722.86,4723.64,4719.90,4723.19
2026.05.08 11:25,4723.05,4725.60,4722.86,4723.88
2026.05.08 11:30,4723.85,4724.73,4721.77,4722.10
2026.05.08 11:35,4722.12,4725.62,4721.87,4722.85
2026.05.08 11:40,4722.67,4723.59,4720.86,4720.95
2026.05.08 11:45,4720.93,4721.17,4716.90,4717.43
2026.05.08 11:50,4717.43,4717.54,4713.46,4716.73
2026.05.08 11:55,4716.73,4719.87,4715.90,4717.50
2026.05.08 12:00,4717.85,4719.58,4712.83,4713.08
2026.05.08 12:05,4713.12,4714.09,4708.42,4709.60
2026.05.08 12:10,4709.53,4709.60,4703.64,4704.40
2026.05.08 12:15,4703.96,4709.87,4702.66,4707.69
2026.05.08 12:20,4707.54,4710.12,4704.79,4706.06
2026.05.08 12:25,4706.05,4710.67,4705.19,4709.92
2026.05.08 12:30,4710.14,4724.63,4702.99,4723.09
2026.05.08 12:35,4723.10,4727.70,4721.70,4725.31
2026.05.08 12:40,4725.32,4730.47,4722.02,4723.66
2026.05.08 12:45,4723.87,4726.62,4719.21,4724.21
2026.05.08 12:50,4724.21,4731.01,4719.71,4730.80
2026.05.08 12:55,4730.79,4731.85,4720.60,4724.20
2026.05.08 13:00,4723.68,4728.70,4720.40,4722.93
2026.05.08 13:05,4722.92,4725.49,4718.17,4720.00
2026.05.08 13:10,4720.22,4721.50,4716.51,4720.12
2026.05.08 13:15,4720.11,4726.18,4719.24,4724.57
2026.05.08 13:20,4724.77,4727.27,4722.88,4724.52
2026.05.08 13:25,4724.46,4727.59,4724.46,4726.93
2026.05.08 13:30,4726.99,4743.80,4726.82,4738.91
2026.05.08 13:35,4738.55,4744.10,4738.13,4738.32
2026.05.08 13:40,4738.32,4740.87,4734.75,4737.91
2026.05.08 13:45,4737.98,4744.04,4734.71,4740.19
2026.05.08 13:50,4740.31,4744.76,4737.06,4740.51
2026.05.08 13:55,4740.48,4747.77,4739.88,4747.75
2026.05.08 14:00,4747.68,4749.09,4738.85,4739.94
2026.05.08 14:05,4739.79,4739.79,4725.37,4726.48
2026.05.08 14:10,4726.47,4731.93,4718.62,4731.52
2026.05.08 14:15,4731.25,4733.53,4725.16,4727.40
2026.05.08 14:20,4727.00,4727.99,4722.18,4725.53
2026.05.08 14:25,4725.53,4729.07,4718.91,4718.91
2026.05.08 14:30,4717.87,4722.77,4714.17,4722.04
2026.05.08 14:35,4722.13,4724.81,4719.00,4723.35
2026.05.08 14:40,4723.47,4725.42,4721.13,4722.34
2026.05.08 14:45,4722.53,4724.44,4714.65,4717.84
2026.05.08 14:50,4717.87,4719.19,4713.12,4717.72
2026.05.08 14:55,4717.97,4719.48,4715.36,4715.73
2026.05.08 15:00,4715.64,4717.35,4712.64,4713.68
2026.05.08 15:05,4713.69,4720.65,4713.68,4716.79
2026.05.08 15:10,4716.55,4719.48,4706.03,4707.32
2026.05.08 15:15,4707.54,4708.50,4704.32,4706.38
2026.05.08 15:20,4706.60,4711.22,4704.24,4707.60
2026.05.08 15:25,4707.57,4713.30,4705.48,4713.21
2026.05.08 15:30,4713.16,4714.19,4704.29,4709.59
2026.05.08 15:35,4710.08,4714.85,4709.40,4712.47
2026.05.08 15:40,4712.34,4712.40,4704.26,4705.70
2026.05.08 15:45,4705.78,4709.50,4701.84,4708.35
2026.05.08 15:50,4708.44,4710.89,4708.44,4709.33
2026.05.08 15:55,4709.31,4709.31,4704.16,4706.82
2026.05.08 16:00,4706.84,4709.69,4705.21,4705.89
2026.05.08 16:05,4705.97,4711.89,4705.97,4708.40
2026.05.08 16:10,4708.40,4712.16,4706.56,4711.27
2026.05.08 16:15,4711.30,4714.01,4711.25,4711.59
2026.05.08 16:20,4711.56,4715.15,4711.56,4714.39
2026.05.08 16:25,4714.39,4717.44,4714.22,4717.43
2026.05.08 16:30,4717.61,4720.01,4716.68,4716.93
2026.05.08 16:35,4716.65,4717.97,4715.41,4716.02
2026.05.08 16:40,4716.15,4717.12,4713.21,4713.21
2026.05.08 16:45,4713.50,4716.05,4712.62,4713.35
2026.05.08 16:50,4713.49,4713.49,4711.69,4712.86
2026.05.08 16:55,4712.90,4714.11,4711.12,4712.21
2026.05.08 17:00,4712.10,4715.84,4712.00,4715.05
2026.05.08 17:05,4715.00,4716.03,4713.40,4714.11
2026.05.08 17:10,4714.09,4715.11,4712.87,4715.05
2026.05.08 17:15,4715.09,4719.20,4715.03,4718.42
2026.05.08 17:20,4718.46,4720.44,4717.14,4718.60
2026.05.08 17:25,4718.56,4721.84,4718.35,4720.41
2026.05.08 17:30,4720.30,4721.53,4719.46,4720.12
2026.05.08 17:35,4720.09,4721.34,4719.64,4719.79
2026.05.08 17:40,4719.79,4721.34,4719.60,4720.51
2026.05.08 17:45,4720.55,4721.21,4719.59,4719.82
2026.05.08 17:50,4719.84,4721.82,4719.17,4721.82
2026.05.08 17:55,4721.82,4722.49,4719.47,4720.67
2026.05.08 18:00,4720.79,4727.36,4720.35,4726.35
2026.05.08 18:05,4726.35,4727.57,4725.30,4725.68
2026.05.08 18:10,4725.68,4728.40,4724.84,4727.31
2026.05.08 18:15,4727.49,4728.76,4725.21,4725.42
2026.05.08 18:20,4725.37,4727.38,4725.21,4726.49
2026.05.08 18:25,4726.45,4726.45,4723.78,4725.48
2026.05.08 18:30,4725.01,4726.26,4723.86,4725.23
2026.05.08 18:35,4725.17,4726.08,4724.61,4725.75
2026.05.08 18:40,4725.39,4725.84,4723.77,4724.43
2026.05.08 18:45,4724.43,4724.49,4721.87,4723.16
2026.05.08 18:50,4723.12,4723.91,4721.58,4722.15
2026.05.08 18:55,4722.23,4723.07,4719.78,4721.71
2026.05.08 19:00,4721.71,4724.43,4720.77,4722.84
2026.05.08 19:05,4722.94,4725.27,4722.32,4724.48
2026.05.08 19:10,4724.48,4725.41,4723.09,4723.38
2026.05.08 19:15,4723.36,4724.43,4723.30,4723.90
2026.05.08 19:20,4723.92,4724.78,4723.11,4724.44
2026.05.08 19:25,4724.28,4724.77,4723.25,4723.52
2026.05.08 19:30,4723.56,4723.56,4721.79,4722.78
2026.05.08 19:35,4722.79,4723.33,4721.55,4723.33
2026.05.08 19:40,4723.30,4726.53,4723.27,4725.16
2026.05.08 19:45,4725.10,4725.66,4723.16,4723.80
2026.05.08 19:50,4724.42,4725.36,4723.48,4724.50
2026.05.08 19:55,4724.57,4724.71,4722.68,4723.87
2026.05.08 20:00,4723.79,4723.86,4721.94,4722.82
2026.05.08 20:05,4722.84,4723.09,4721.41,4721.41
2026.05.08 20:10,4721.46,4721.57,4716.87,4718.49
2026.05.08 20:15,4718.54,4718.87,4715.04,4715.17
2026.05.08 20:20,4715.15,4717.37,4715.02,4716.70
2026.05.08 20:25,4716.66,4717.53,4715.57,4717.15
2026.05.08 20:30,4717.13,4718.89,4716.19,4717.16
2026.05.08 20:35,4716.91,4718.08,4716.50,4717.82
2026.05.08 20:40,4717.82,4718.15,4715.68,4716.27
2026.05.08 20:45,4716.24,4716.75,4714.84,4714.94
2026.05.08 20:50,4714.93,4716.08,4714.51,4715.27
2026.05.08 20:55,4715.27,4716.28,4714.26,4714.77
2026.05.10 23:00,4691.42,4696.65,4690.92,4696.34
2026.05.10 23:05,4696.29,4696.29,4692.45,4693.91
2026.05.10 23:10,4693.82,4694.36,4688.62,4689.85
2026.05.10 23:15,4689.95,4695.07,4688.80,4695.07
2026.05.10 23:20,4695.00,4696.31,4694.77,4695.97
2026.05.10 23:25,4696.42,4696.86,4694.02,4694.41
2026.05.10 23:30,4694.40,4697.14,4694.40,4696.11
2026.05.10 23:35,4696.12,4698.03,4695.34,4697.06
2026.05.10 23:40,4696.98,4698.11,4695.79,4697.28
2026.05.10 23:45,4697.29,4698.22,4694.18,4698.22
2026.05.10 23:50,4698.26,4698.28,4695.21,4695.36
2026.05.10 23:55,4695.33,4695.44,4689.85,4691.57
2026.05.11 00:00,4691.38,4691.38,4682.06,4687.16
2026.05.11 00:05,4687.31,4690.11,4684.78,4686.04
2026.05.11 00:10,4685.99,4686.62,4680.26,4682.45
2026.05.11 00:15,4682.67,4683.02,4676.59,4677.52
2026.05.11 00:20,4677.48,4685.52,4675.80,4684.11
2026.05.11 00:25,4684.11,4686.33,4681.55,4683.31
2026.05.11 00:30,4683.32,4693.05,4683.32,4692.75
2026.05.11 00:35,4692.75,4693.06,4687.02,4687.22
2026.05.11 00:40,4687.22,4691.35,4687.22,4688.85
2026.05.11 00:45,4689.07,4692.60,4687.67,4690.10
2026.05.11 00:50,4690.05,4691.70,4670.07,4682.16
2026.05.11 00:55,4682.48,4683.99,4673.37,4683.34
2026.05.11 01:00,4683.32,4692.42,4674.49,4691.16
2026.05.11 01:05,4691.20,4699.48,4689.41,4690.76
2026.05.11 01:10,4690.82,4694.88,4681.86,4691.84
2026.05.11 01:15,4692.18,4697.34,4689.44,4695.50
2026.05.11 01:20,4695.68,4705.11,4693.30,4702.87
2026.05.11 01:25,4702.84,4705.25,4698.65,4698.66
2026.05.11 01:30,4698.83,4701.41,4692.90,4697.47
2026.05.11 01:35,4697.82,4698.51,4693.73,4695.24
2026.05.11 01:40,4695.20,4695.64,4690.68,4694.18
2026.05.11 01:45,4694.38,4695.74,4692.41,4694.79
2026.05.11 01:50,4694.72,4694.72,4685.11,4686.39
2026.05.11 01:55,4686.47,4687.09,4679.89,4685.45
2026.05.11 02:00,4685.43,4692.83,4684.78,4688.77
2026.05.11 02:05,4688.83,4689.14,4678.21,4683.72
2026.05.11 02:10,4683.58,4689.10,4682.50,4685.90
2026.05.11 02:15,4685.76,4686.44,4682.68,4683.07
2026.05.11 02:20,4683.06,4686.35,4682.66,4685.97
2026.05.11 02:25,4685.76,4688.38,4684.80,4688.26
2026.05.11 02:30,4688.21,4695.14,4688.21,4691.79
2026.05.11 02:35,4691.74,4699.91,4690.59,4698.82
2026.05.11 02:40,4698.78,4698.91,4687.74,4688.32
2026.05.11 02:45,4688.14,4693.44,4684.19,4685.15
2026.05.11 02:50,4685.17,4685.20,4678.74,4679.65
2026.05.11 02:55,4680.30,4682.24,4676.38,4681.46
2026.05.11 03:00,4681.34,4684.58,4675.18,4683.33
2026.05.11 03:05,4683.31,4686.16,4681.64,4686.03
2026.05.11 03:10,4685.99,4689.44,4685.07,4686.87
2026.05.11 03:15,4686.90,4688.98,4683.65,4688.15
2026.05.11 03:20,4688.15,4688.66,4683.66,4688.24
2026.05.11 03:25,4688.32,4690.11,4686.58,4689.24
2026.05.11 03:30,4689.24,4690.17,4686.12,4686.55
2026.05.11 03:35,4686.81,4687.33,4681.92,4683.72
2026.05.11 03:40,4684.16,4687.76,4683.10,4687.52
2026.05.11 03:45,4687.45,4687.45,4681.05,4681.05
2026.05.11 03:50,4681.04,4682.20,4677.07,4677.18
2026.05.11 03:55,4677.14,4679.06,4676.71,4678.37
2026.05.11 04:00,4678.97,4679.69,4673.19,4677.25
2026.05.11 04:05,4677.26,4678.77,4675.42,4677.14
2026.05.11 04:10,4677.15,4677.70,4675.01,4677.23
2026.05.11 04:15,4677.26,4678.37,4673.63,4673.90
2026.05.11 04:20,4673.92,4674.69,4670.12,4673.41
2026.05.11 04:25,4673.41,4675.63,4671.33,4671.51
2026.05.11 04:30,4671.52,4673.43,4668.30,4672.77
2026.05.11 04:35,4672.75,4674.38,4671.12,4671.29
2026.05.11 04:40,4671.29,4673.39,4671.10,4672.82
2026.05.11 04:45,4672.82,4675.12,4672.55,4674.81
2026.05.11 04:50,4674.79,4675.73,4672.76,4674.73
2026.05.11 04:55,4675.14,4675.35,4671.57,4671.80
2026.05.11 05:00,4671.80,4675.74,4671.57,4675.42
2026.05.11 05:05,4675.49,4675.73,4670.54,4672.33
2026.05.11 05:10,4672.19,4673.46,4670.90,4673.14
2026.05.11 05:15,4673.09,4674.23,4671.70,4673.48
2026.05.11 05:20,4673.48,4675.02,4672.37,4674.91
2026.05.11 05:25,4674.57,4674.84,4670.53,4670.53
2026.05.11 05:30,4671.52,4678.84,4670.94,4678.46
2026.05.11 05:35,4678.35,4680.34,4672.63,4673.72
2026.05.11 05:40,4673.74,4674.15,4662.18,4664.93
2026.05.11 05:45,4665.16,4665.16,4658.64,4660.59
2026.05.11 05:50,4660.67,4661.47,4652.61,4654.20
2026.05.11 05:55,4654.18,4654.79,4647.90,4652.06
2026.05.11 06:00,4651.88,4659.54,4649.09,4659.28
2026.05.11 06:05,4659.40,4664.54,4657.18,4662.61
2026.05.11 06:10,4662.49,4666.69,4662.24,4665.09
2026.05.11 06:15,4665.07,4669.57,4665.07,4667.98
2026.05.11 06:20,4668.60,4670.40,4664.62,4667.03
2026.05.11 06:25,4667.10,4668.55,4664.54,4667.14
2026.05.11 06:30,4667.18,4671.67,4667.14,4669.55
2026.05.11 06:35,4669.55,4674.17,4668.55,4672.55
2026.05.11 06:40,4672.63,4675.38,4670.05,4674.09
2026.05.11 06:45,4674.09,4676.74,4672.82,4673.57
2026.05.11 06:50,4673.56,4680.17,4671.12,4678.75
2026.05.11 06:55,4678.76,4679.82,4675.94,4678.17
2026.05.11 07:00,4678.24,4680.07,4677.54,4678.83
2026.05.11 07:05,4678.76,4678.76,4674.30,4674.37
2026.05.11 07:10,4674.83,4676.45,4674.75,4675.81
2026.05.11 07:15,4675.87,4676.68,4672.00,4672.92
2026.05.11 07:20,4673.05,4676.87,4672.66,4675.96
2026.05.11 07:25,4675.96,4677.77,4674.78,4675.61
2026.05.11 07:30,4675.59,4677.81,4672.31,4674.10
2026.05.11 07:35,4674.15,4676.27,4672.74,4674.59
2026.05.11 07:40,4674.60,4676.18,4671.53,4671.79
2026.05.11 07:45,4671.79,4672.67,4666.38,4667.37
2026.05.11 07:50,4667.35,4670.54,4664.16,4668.90
2026.05.11 07:55,4668.89,4669.23,4665.52,4667.52
2026.05.11 08:00,4667.55,4668.79,4664.29,4668.33
2026.05.11 08:05,4668.35,4670.81,4664.32,4664.59
2026.05.11 08:10,4664.58,4673.44,4664.00,4671.76
2026.05.11 08:15,4671.83,4675.33,4671.83,4675.09
2026.05.11 08:20,4675.08,4678.51,4672.38,4676.38
2026.05.11 08:25,4676.38,4677.03,4671.59,4671.59
2026.05.11 08:30,4670.73,4674.99,4669.71,4671.51
2026.05.11 08:35,4671.63,4672.96,4669.50,4669.90
2026.05.11 08:40,4669.91,4670.97,4668.99,4670.14
2026.05.11 08:45,4670.19,4671.15,4669.23,4670.73
2026.05.11 08:50,4670.71,4670.88,4666.60,4668.59
2026.05.11 08:55,4668.61,4668.67,4666.63,4667.32
2026.05.11 09:00,4667.34,4669.50,4665.08,4669.33
2026.05.11 09:05,4669.20,4669.72,4666.51,4667.44
2026.05.11 09:10,4667.44,4668.24,4665.82,4667.34
2026.05.11 09:15,4667.34,4667.36,4664.34,4664.68
2026.05.11 09:20,4664.66,4665.48,4658.81,4658.82
2026.05.11 09:25,4658.93,4661.18,4656.71,4657.29
2026.05.11 09:30,4657.30,4658.50,4650.36,4654.57
2026.05.11 09:35,4654.48,4659.77,4654.42,4658.97
2026.05.11 09:40,4659.00,4663.41,4657.06,4662.70
2026.05.11 09:45,4662.69,4664.59,4660.84,4661.70
2026.05.11 09:50,4661.63,4663.00,4658.62,4661.45
2026.05.11 09:55,4661.45,4661.89,4656.03,4656.51
2026.05.11 10:00,4656.38,4660.99,4656.27,4657.40
2026.05.11 10:05,4657.39,4661.13,4656.54,4660.77
2026.05.11 10:10,4660.71,4662.65,4660.28,4662.33
2026.05.11 10:15,4662.31,4662.75,4660.27,4662.37
2026.05.11 10:20,4662.25,4665.08,4660.76,4665.08
2026.05.11 10:25,4665.11,4665.66,4662.93,4663.14
2026.05.11 10:30,4663.21,4666.45,4662.25,4665.64
2026.05.11 10:35,4665.66,4666.33,4660.18,4662.79
2026.05.11 10:40,4662.79,4663.23,4661.03,4663.20
2026.05.11 10:45,4663.18,4664.87,4661.19,4664.29
2026.05.11 10:50,4663.95,4667.25,4663.95,4664.88
2026.05.11 10:55,4664.88,4665.66,4663.58,4663.58
2026.05.11 11:00,4664.24,4672.20,4664.20,4670.95
2026.05.11 11:05,4670.93,4671.00,4667.05,4668.88
2026.05.11 11:10,4668.93,4669.71,4666.59,4669.19
2026.05.11 11:15,4669.09,4669.82,4667.72,4669.44
2026.05.11 11:20,4669.44,4670.14,4667.38,4669.13
2026.05.11 11:25,4668.88,4671.83,4667.40,4671.76
2026.05.11 11:30,4671.75,4673.03,4670.05,4671.44
2026.05.11 11:35,4671.49,4675.72,4670.12,4675.05
2026.05.11 11:40,4675.05,4677.09,4674.15,4674.23
2026.05.11 11:45,4674.22,4674.72,4672.89,4673.89
2026.05.11 11:50,4673.91,4674.07,4670.12,4672.68
2026.05.11 11:55,4672.74,4674.33,4670.24,4674.27
2026.05.11 12:00,4674.61,4675.63,4670.36,4670.95
2026.05.11 12:05,4670.95,4671.36,4668.88,4669.11
2026.05.11 12:10,4669.02,4669.20,4667.20,4668.17
2026.05.11 12:15,4668.17,4673.97,4667.30,4672.37
2026.05.11 12:20,4672.36,4695.19,4671.82,4692.26
2026.05.11 12:25,4692.32,4692.32,4685.67,4690.26
2026.05.11 12:30,4690.48,4696.26,4688.99,4693.25
2026.05.11 12:35,4693.20,4698.22,4693.16,4695.89
2026.05.11 12:40,4695.90,4696.84,4691.32,4692.06
2026.05.11 12:45,4692.05,4695.58,4686.15,4688.90
2026.05.11 12:50,4689.03,4693.83,4689.03,4692.86
2026.05.11 12:55,4692.86,4700.71,4691.36,4699.68
2026.05.11 13:00,4699.74,4709.77,4698.68,4709.77
2026.05.11 13:05,4709.90,4717.22,4708.33,4716.41
2026.05.11 13:10,4716.44,4721.54,4712.42,4720.89
2026.05.11 13:15,4720.82,4730.51,4720.37,4727.31
2026.05.11 13:20,4727.26,4735.19,4726.34,4731.31
2026.05.11 13:25,4731.17,4733.85,4727.27,4728.24
2026.05.11 13:30,4729.05,4736.28,4728.15,4734.10
2026.05.11 13:35,4734.61,4739.68,4733.20,4734.91
2026.05.11 13:40,4734.97,4745.38,4734.91,4743.66
2026.05.11 13:45,4743.49,4748.22,4736.19,4737.84
2026.05.11 13:50,4737.58,4741.95,4734.54,4739.78
2026.05.11 13:55,4739.78,4744.50,4735.70,4735.72
2026.05.11 14:00,4735.80,4738.19,4727.91,4730.44
2026.05.11 14:05,4730.42,4731.11,4718.30,4724.17
2026.05.11 14:10,4724.16,4732.17,4721.38,4730.72
2026.05.11 14:15,4730.74,4732.17,4725.34,4730.80
2026.05.11 14:20,4730.81,4733.64,4729.91,4733.42
2026.05.11 14:25,4733.38,4733.58,4724.42,4724.81
2026.05.11 14:30,4724.91,4727.58,4715.05,4721.15
2026.05.11 14:35,4721.23,4728.50,4717.83,4726.81
2026.05.11 14:40,4726.69,4733.38,4726.69,4732.43
2026.05.11 14:45,4732.35,4733.73,4727.30,4729.82
2026.05.11 14:50,4729.67,4730.13,4727.40,4727.90
2026.05.11 14:55,4727.77,4728.82,4723.60,4725.41
2026.05.11 15:00,4725.37,4728.15,4722.72,4726.10
2026.05.11 15:05,4726.13,4729.30,4724.93,4728.49
2026.05.11 15:10,4728.48,4731.53,4727.18,4728.26
2026.05.11 15:15,4728.83,4734.45,4727.12,4731.66
2026.05.11 15:20,4731.81,4738.03,4730.49,4736.60
2026.05.11 15:25,4736.63,4737.14,4731.79,4732.69
2026.05.11 15:30,4732.70,4734.54,4731.78,4732.05
2026.05.11 15:35,4731.86,4732.16,4729.75,4730.18
2026.05.11 15:40,4730.46,4731.15,4726.71,4727.19
2026.05.11 15:45,4726.87,4729.81,4725.08,4729.20
2026.05.11 15:50,4729.17,4731.99,4727.76,4731.58
2026.05.11 15:55,4731.62,4732.48,4730.53,4731.98
2026.05.11 16:00,4732.13,4733.21,4730.61,4731.68
2026.05.11 16:05,4731.71,4732.76,4729.14,4729.14
2026.05.11 16:10,4729.17,4729.77,4726.84,4727.62
2026.05.11 16:15,4727.67,4727.84,4724.01,4726.77
2026.05.11 16:20,4726.29,4726.94,4723.30,4724.26
2026.05.11 16:25,4723.96,4725.61,4722.25,4723.70
2026.05.11 16:30,4723.68,4725.78,4721.58,4722.00
2026.05.11 16:35,4721.98,4721.98,4717.35,4720.34
2026.05.11 16:40,4720.29,4721.01,4707.99,4711.15
2026.05.11 16:45,4711.01,4715.68,4708.88,4714.71
2026.05.11 16:50,4714.78,4716.45,4713.93,4715.21
2026.05.11 16:55,4715.03,4716.71,4713.11,4716.27
2026.05.11 17:00,4716.23,4719.14,4716.23,4717.98
2026.05.11 17:05,4717.82,4719.79,4717.50,4717.84
2026.05.11 17:10,4717.82,4718.82,4715.69,4718.17
2026.05.11 17:15,4718.29,4719.01,4717.26,4717.38
2026.05.11 17:20,4717.36,4720.69,4716.96,4719.25
2026.05.11 17:25,4719.35,4721.47,4717.20,4717.92
2026.05.11 17:30,4717.82,4723.77,4717.58,4722.73
2026.05.11 17:35,4722.74,4723.15,4721.50,4721.56
2026.05.11 17:40,4721.63,4724.22,4721.17,4723.69
2026.05.11 17:45,4723.67,4724.47,4722.01,4722.43
2026.05.11 17:50,4722.43,4723.63,4721.62,4721.92
2026.05.11 17:55,4722.15,4723.56,4721.83,4723.49
2026.05.11 18:00,4723.48,4724.71,4722.36,4724.25
2026.05.11 18:05,4724.24,4726.70,4723.83,4725.59
2026.05.11 18:10,4725.65,4726.14,4721.94,4723.28
2026.05.11 18:15,4723.29,4724.18,4721.84,4723.21
2026.05.11 18:20,4723.35,4724.36,4720.99,4723.51
2026.05.11 18:25,4723.51,4727.27,4723.37,4726.99
2026.05.11 18:30,4727.07,4727.54,4726.37,4726.55
2026.05.11 18:35,4726.55,4729.13,4726.55,4726.57
2026.05.11 18:40,4726.58,4727.45,4725.51,4726.62
2026.05.11 18:45,4726.64,4726.84,4725.11,4726.28
2026.05.11 18:50,4726.28,4727.56,4725.61,4726.36
2026.05.11 18:55,4726.23,4728.82,4724.71,4724.71
2026.05.11 19:00,4724.78,4727.01,4723.85,4723.98
2026.05.11 19:05,4723.98,4728.25,4723.97,4726.73
2026.05.11 19:10,4726.83,4727.85,4723.48,4724.74
2026.05.11 19:15,4724.66,4725.33,4723.75,4724.61
2026.05.11 19:20,4724.61,4725.13,4723.40,4723.53
2026.05.11 19:25,4723.46,4724.16,4723.11,4724.06
2026.05.11 19:30,4724.05,4725.23,4722.24,4724.30
2026.05.11 19:35,4724.29,4727.44,4724.26,4727.44
2026.05.11 19:40,4727.48,4728.38,4726.79,4726.79
2026.05.11 19:45,4726.83,4731.27,4726.83,4731.14
2026.05.11 19:50,4731.06,4734.06,4730.08,4733.86
2026.05.11 19:55,4733.95,4736.00,4732.85,4733.46
2026.05.11 20:00,4734.82,4737.64,4734.60,4736.83
2026.05.11 20:05,4736.57,4736.88,4733.33,4734.38
2026.05.11 20:10,4734.39,4736.67,4729.79,4734.79
2026.05.11 20:15,4734.97,4734.98,4733.79,4734.51
2026.05.11 20:20,4734.47,4734.55,4733.29,4734.38
2026.05.11 20:25,4734.38,4735.21,4733.52,4735.14
2026.05.11 20:30,4735.16,4738.28,4734.75,4737.72
2026.05.11 20:35,4737.71,4738.14,4737.15,4737.78
2026.05.11 20:40,4737.76,4737.76,4737.15,4737.33
2026.05.11 20:45,4737.37,4737.50,4736.36,4736.53
2026.05.11 20:50,4736.54,4736.54,4732.36,4734.55
2026.05.11 20:55,4734.71,4735.84,4734.03,4735.37
2026.05.11 23:00,4751.86,4754.13,4750.67,4750.90
2026.05.11 23:05,4750.90,4754.32,4750.84,4752.78
2026.05.11 23:10,4752.76,4753.20,4745.99,4750.99
2026.05.11 23:15,4750.94,4753.91,4750.82,4751.93
2026.05.11 23:20,4751.93,4753.79,4750.79,4751.88
2026.05.11 23:25,4751.97,4754.24,4750.63,4752.70
2026.05.11 23:30,4752.70,4757.68,4751.30,4755.38
2026.05.11 23:35,4755.38,4759.13,4753.41,4754.90
2026.05.11 23:40,4754.86,4756.86,4754.25,4755.76
2026.05.11 23:45,4755.68,4760.45,4755.18,4760.10
2026.05.11 23:50,4759.94,4769.46,4759.33,4765.88
2026.05.11 23:55,4766.03,4768.95,4765.57,4767.20
2026.05.12 00:00,4767.19,4767.19,4758.38,4764.57
2026.05.12 00:05,4764.60,4768.70,4760.11,4768.16
2026.05.12 00:10,4768.08,4769.10,4765.29,4766.76
2026.05.12 00:15,4766.78,4773.21,4766.35,4770.74
2026.05.12 00:20,4770.59,4772.73,4753.37,4759.60
2026.05.12 00:25,4759.48,4765.68,4759.07,4762.12
2026.05.12 00:30,4762.11,4763.59,4758.23,4758.28
2026.05.12 00:35,4758.34,4762.43,4757.73,4758.97
2026.05.12 00:40,4759.30,4760.67,4757.40,4757.70
2026.05.12 00:45,4757.92,4761.65,4757.75,4759.32
2026.05.12 00:50,4759.32,4760.17,4751.78,4752.61
2026.05.12 00:55,4752.69,4755.54,4748.59,4749.10
2026.05.12 01:00,4748.08,4755.27,4742.32,4743.35
2026.05.12 01:05,4743.53,4752.63,4743.33,4752.06
2026.05.12 01:10,4752.12,4752.68,4744.36,4746.12
2026.05.12 01:15,4746.04,4751.39,4743.07,4748.70
2026.05.12 01:20,4748.67,4749.92,4743.27,4744.27
2026.05.12 01:25,4744.31,4745.58,4733.63,4734.99
2026.05.12 01:30,4734.95,4738.66,4731.03,4732.06
2026.05.12 01:35,4732.06,4733.05,4723.14,4724.45
2026.05.12 01:40,4724.89,4729.37,4720.18,4729.26
2026.05.12 01:45,4729.26,4731.17,4726.07,4729.89
2026.05.12 01:50,4729.89,4730.34,4727.09,4727.69
2026.05.12 01:55,4727.20,4729.57,4723.72,4727.04
2026.05.12 02:00,4727.04,4730.59,4726.45,4727.87
2026.05.12 02:05,4728.64,4730.08,4725.25,4729.94
2026.05.12 02:10,4729.72,4733.68,4728.82,4731.28
2026.05.12 02:15,4731.35,4731.35,4725.88,4726.16
2026.05.12 02:20,4726.17,4729.60,4725.96,4729.56
2026.05.12 02:25,4729.14,4730.19,4724.33,4726.89
2026.05.12 02:30,4727.01,4729.25,4722.13,4726.27
2026.05.12 02:35,4726.57,4728.83,4724.63,4726.56
2026.05.12 02:40,4726.56,4731.73,4724.59,4731.61
2026.05.12 02:45,4731.62,4733.12,4726.95,4728.22
2026.05.12 02:50,4728.26,4732.16,4728.22,4732.16
2026.05.12 02:55,4732.11,4732.96,4729.79,4729.79
2026.05.12 03:00,4729.82,4732.95,4727.89,4729.42
2026.05.12 03:05,4729.40,4730.72,4727.05,4727.42
2026.05.12 03:10,4727.52,4731.73,4726.98,4730.97
2026.05.12 03:15,4730.94,4731.07,4725.29,4725.85
2026.05.12 03:20,4725.80,4727.04,4723.44,4723.60
2026.05.12 03:25,4723.65,4725.40,4722.84,4723.68
2026.05.12 03:30,4723.81,4725.97,4723.75,4725.44
2026.05.12 03:35,4725.47,4727.67,4724.94,4726.28
2026.05.12 03:40,4726.28,4727.03,4723.82,4724.47
2026.05.12 03:45,4723.90,4724.28,4718.92,4720.30
2026.05.12 03:50,4720.30,4722.51,4718.94,4719.36
2026.05.12 03:55,4719.36,4720.20,4717.92,4719.97
2026.05.12 04:00,4719.95,4722.08,4719.57,4722.08
2026.05.12 04:05,4722.08,4723.08,4720.98,4722.12
2026.05.12 04:10,4722.13,4722.36,4720.76,4721.64
2026.05.12 04:15,4721.73,4730.15,4721.61,4726.60
2026.05.12 04:20,4726.58,4729.30,4724.34,4724.98
2026.05.12 04:25,4724.96,4725.27,4721.50,4722.32
2026.05.12 04:30,4722.32,4724.25,4721.12,4723.04
2026.05.12 04:35,4723.04,4726.22,4722.91,4725.40
2026.05.12 04:40,4725.18,4725.68,4723.65,4724.51
2026.05.12 04:45,4724.50,4724.87,4718.27,4719.64
2026.05.12 04:50,4719.64,4720.33,4712.59,4713.30
2026.05.12 04:55,4713.26,4716.63,4711.07,4713.94
2026.05.12 05:00,4713.76,4718.40,4710.86,4718.30
2026.05.12 05:05,4718.29,4718.40,4709.44,4710.92
2026.05.12 05:10,4710.98,4712.54,4708.55,4712.13
2026.05.12 05:15,4712.36,4715.68,4712.35,4713.31
2026.05.12 05:20,4713.31,4716.66,4713.31,4714.06
2026.05.12 05:25,4714.21,4715.45,4713.01,4715.11
2026.05.12 05:30,4715.10,4721.79,4712.95,4714.82
2026.05.12 05:35,4714.83,4716.63,4713.02,4716.13
2026.05.12 05:40,4716.11,4716.47,4713.76,4715.14
2026.05.12 05:45,4714.92,4716.28,4713.10,4713.62
2026.05.12 05:50,4713.88,4715.77,4712.51,4713.56
2026.05.12 05:55,4713.57,4719.71,4709.94,4714.10
2026.05.12 06:00,4714.07,4714.09,4703.87,4706.64
2026.05.12 06:05,4706.47,4709.13,4702.68,4704.53
2026.05.12 06:10,4704.53,4706.23,4702.96,4705.19
2026.05.12 06:15,4704.97,4706.80,4700.21,4704.52
2026.05.12 06:20,4704.55,4705.10,4697.32,4698.22
2026.05.12 06:25,4698.44,4699.14,4695.05,4695.85
2026.05.12 06:30,4696.56,4703.52,4695.18,4702.65
2026.05.12 06:35,4702.63,4704.51,4698.95,4700.92
2026.05.12 06:40,4700.71,4702.51,4697.27,4702.26
2026.05.12 06:45,4702.25,4704.16,4695.94,4696.62
2026.05.12 06:50,4696.92,4699.61,4695.30,4698.88
2026.05.12 06:55,4698.81,4699.34,4694.35,4697.05
2026.05.12 07:00,4697.01,4698.10,4689.61,4690.98
2026.05.12 07:05,4690.97,4694.92,4687.29,4694.84
2026.05.12 07:10,4694.28,4697.62,4691.97,4695.69
2026.05.12 07:15,4695.70,4699.35,4693.72,4698.96
2026.05.12 07:20,4699.05,4699.22,4696.48,4696.87
2026.05.12 07:25,4696.83,4698.67,4696.09,4697.65
2026.05.12 07:30,4697.66,4699.48,4695.37,4699.48
2026.05.12 07:35,4699.50,4700.30,4696.75,4700.08
2026.05.12 07:40,4700.08,4702.14,4698.99,4700.07
2026.05.12 07:45,4700.10,4700.24,4697.45,4699.51
2026.05.12 07:50,4699.56,4702.61,4697.94,4701.36
2026.05.12 07:55,4701.18,4703.62,4698.77,4699.61
2026.05.12 08:00,4700.94,4706.50,4700.33,4704.46
2026.05.12 08:05,4704.61,4705.52,4701.56,4703.02
2026.05.12 08:10,4702.99,4703.42,4699.00,4699.05
2026.05.12 08:15,4699.77,4700.28,4697.02,4699.03
2026.05.12 08:20,4698.99,4703.84,4698.93,4701.59
2026.05.12 08:25,4701.60,4703.83,4701.27,4702.73
2026.05.12 08:30,4702.71,4704.14,4700.85,4701.03
2026.05.12 08:35,4701.08,4701.38,4697.83,4700.21
2026.05.12 08:40,4700.21,4700.72,4698.24,4699.83
2026.05.12 08:45,4699.80,4706.40,4698.76,4703.37
2026.05.12 08:50,4703.32,4705.13,4702.56,4703.24
2026.05.12 08:55,4703.40,4704.22,4702.18,4703.08
2026.05.12 09:00,4702.95,4703.07,4699.44,4701.24
2026.05.12 09:05,4701.24,4701.43,4698.58,4699.08
2026.05.12 09:10,4699.04,4701.30,4697.72,4697.76
2026.05.12 09:15,4697.74,4700.46,4697.73,4698.54
2026.05.12 09:20,4698.54,4702.00,4697.66,4701.34
2026.05.12 09:25,4701.33,4702.04,4697.32,4699.32
2026.05.12 09:30,4699.44,4704.93,4699.44,4701.99
2026.05.12 09:35,4701.98,4702.43,4698.21,4701.66
2026.05.12 09:40,4701.70,4702.25,4694.19,4695.09
2026.05.12 09:45,4695.14,4700.84,4694.05,4700.38
2026.05.12 09:50,4700.62,4701.35,4695.96,4696.92
2026.05.12 09:55,4697.00,4699.77,4696.34,4699.27
2026.05.12 10:00,4699.27,4703.85,4698.56,4703.28
2026.05.12 10:05,4703.27,4707.84,4702.43,4707.51
2026.05.12 10:10,4707.51,4708.16,4704.18,4704.79
2026.05.12 10:15,4704.70,4705.13,4698.78,4700.73
2026.05.12 10:20,4700.74,4703.05,4699.48,4701.03
2026.05.12 10:25,4701.11,4702.71,4699.12,4699.93
2026.05.12 10:30,4699.93,4700.05,4692.08,4695.13
2026.05.12 10:35,4695.12,4695.51,4685.37,4686.30
2026.05.12 10:40,4686.11,4691.96,4684.96,4690.44
2026.05.12 10:45,4690.89,4691.99,4689.77,4691.12
2026.05.12 10:50,4690.69,4693.79,4690.24,4692.54
2026.05.12 10:55,4692.57,4693.96,4691.21,4693.96
2026.05.12 11:00,4694.14,4694.92,4689.43,4690.89
2026.05.12 11:05,4690.85,4692.66,4687.03,4691.74
2026.05.12 11:10,4691.76,4697.86,4689.35,4691.48
2026.05.12 11:15,4691.43,4697.76,4691.35,4697.67
2026.05.12 11:20,4697.66,4697.66,4692.80,4693.53
2026.05.12 11:25,4693.57,4699.93,4692.58,4699.79
2026.05.12 11:30,4699.79,4701.82,4697.59,4698.48
2026.05.12 11:35,4698.44,4704.46,4698.32,4704.15
2026.05.12 11:40,4704.20,4705.77,4702.46,4704.03
2026.05.12 11:45,4704.02,4706.82,4702.24,4705.37
2026.05.12 11:50,4705.31,4707.60,4704.06,4707.12
2026.05.12 11:55,4707.05,4708.95,4706.10,4706.36
2026.05.12 12:00,4706.47,4707.88,4703.41,4704.21
2026.05.12 12:05,4704.24,4704.47,4698.15,4700.38
2026.05.12 12:10,4699.81,4705.99,4699.76,4705.45
2026.05.12 12:15,4705.45,4707.91,4702.27,4704.50
2026.05.12 12:20,4704.23,4708.03,4696.78,4696.78
2026.05.12 12:25,4696.20,4698.23,4694.82,4697.02
2026.05.12 12:30,4697.13,4699.79,4689.62,4692.84
2026.05.12 12:35,4692.60,4702.38,4690.60,4701.45
2026.05.12 12:40,4701.36,4708.34,4700.83,4702.59
2026.05.12 12:45,4702.61,4710.70,4702.42,4706.98
2026.05.12 12:50,4706.86,4711.31,4706.85,4709.08
2026.05.12 12:55,4709.38,4710.01,4700.22,4705.50
2026.05.12 13:00,4705.29,4708.62,4695.01,4696.05
2026.05.12 13:05,4696.12,4697.17,4692.54,4695.20
2026.05.12 13:10,4695.16,4695.56,4687.23,4688.64
2026.05.12 13:15,4688.74,4688.83,4679.32,4685.53
2026.05.12 13:20,4685.62,4695.19,4685.38,4690.74
2026.05.12 13:25,4690.43,4694.60,4689.08,4690.65
2026.05.12 13:30,4690.40,4692.73,4684.81,4688.35
2026.05.12 13:35,4688.28,4697.91,4683.42,4697.91
2026.05.12 13:40,4698.26,4701.34,4695.64,4698.20
2026.05.12 13:45,4698.50,4701.19,4689.89,4692.59
2026.05.12 13:50,4692.46,4693.70,4687.94,4691.20
2026.05.12 13:55,4691.21,4691.21,4676.80,4678.37
2026.05.12 14:00,4678.92,4692.42,4675.92,4690.34
2026.05.12 14:05,4690.49,4692.72,4687.40,4691.30
2026.05.12 14:10,4691.30,4694.81,4686.54,4692.64
2026.05.12 14:15,4692.75,4693.90,4685.82,4688.38
2026.05.12 14:20,4688.17,4690.73,4686.62,4687.22
2026.05.12 14:25,4687.21,4688.52,4682.20,4682.99
2026.05.12 14:30,4682.99,4684.87,4671.47,4684.50
2026.05.12 14:35,4684.39,4687.72,4678.86,4686.88
2026.05.12 14:40,4686.81,4686.90,4683.81,4685.64
2026.05.12 14:45,4685.59,4685.59,4678.12,4678.28
2026.05.12 14:50,4678.29,4678.67,4671.03,4676.72
2026.05.12 14:55,4676.47,4677.70,4669.55,4672.61
2026.05.12 15:00,4672.71,4675.94,4667.00,4669.15
2026.05.12 15:05,4669.28,4674.08,4667.20,4672.67
2026.05.12 15:10,4672.57,4672.57,4664.21,4664.35
2026.05.12 15:15,4664.33,4665.79,4658.95,4661.99
2026.05.12 15:20,4661.97,4662.23,4638.53,4642.66
2026.05.12 15:25,4642.68,4656.45,4638.01,4655.68
2026.05.12 15:30,4655.86,4664.02,4653.72,4662.84
2026.05.12 15:35,4662.74,4667.67,4659.24,4666.81
2026.05.12 15:40,4666.78,4667.54,4663.38,4665.36
2026.05.12 15:45,4665.49,4669.03,4664.30,4665.94
2026.05.12 15:50,4665.87,4668.51,4664.37,4667.74
2026.05.12 15:55,4667.73,4669.87,4665.20,4665.85
2026.05.12 16:00,4666.00,4671.35,4664.00,4670.57
2026.05.12 16:05,4670.66,4671.26,4668.21,4668.83
2026.05.12 16:10,4668.80,4672.88,4668.21,4671.71
2026.05.12 16:15,4671.60,4674.93,4670.71,4671.51
2026.05.12 16:20,4671.44,4672.76,4666.60,4667.23
2026.05.12 16:25,4667.23,4669.42,4666.13,4668.06
2026.05.12 16:30,4668.06,4668.62,4664.93,4668.19
2026.05.12 16:35,4668.64,4670.38,4667.32,4670.25
2026.05.12 16:40,4670.16,4671.41,4668.14,4669.61
2026.05.12 16:45,4669.56,4670.14,4666.62,4669.66
2026.05.12 16:50,4669.64,4671.86,4668.24,4669.98
2026.05.12 16:55,4670.01,4674.08,4669.47,4670.96
2026.05.12 17:00,4671.31,4677.37,4671.31,4676.07
2026.05.12 17:05,4676.05,4679.43,4675.63,4678.17
2026.05.12 17:10,4678.15,4678.80,4674.78,4677.00
2026.05.12 17:15,4677.03,4680.75,4676.88,4679.92
2026.05.12 17:20,4680.02,4680.93,4679.18,4680.26
2026.05.12 17:25,4680.22,4682.20,4678.51,4679.17
2026.05.12 17:30,4678.93,4679.91,4676.59,4678.55
2026.05.12 17:35,4678.55,4678.77,4675.90,4678.69
2026.05.12 17:40,4678.69,4680.49,4677.13,4679.49
2026.05.12 17:45,4679.49,4679.74,4677.87,4678.32
2026.05.12 17:50,4678.34,4679.77,4677.57,4679.32
2026.05.12 17:55,4679.33,4680.30,4677.78,4678.56
2026.05.12 18:00,4678.60,4683.36,4677.77,4678.55
2026.05.12 18:05,4678.55,4680.02,4676.03,4679.94
2026.05.12 18:10,4679.90,4681.49,4677.92,4681.08
2026.05.12 18:15,4681.09,4682.36,4679.77,4682.10
2026.05.12 18:20,4682.06,4684.33,4681.86,4682.32
2026.05.12 18:25,4682.35,4687.30,4682.35,4685.03
2026.05.12 18:30,4685.02,4690.12,4684.54,4689.95
2026.05.12 18:35,4689.92,4692.87,4689.09,4691.19
2026.05.12 18:40,4690.59,4697.10,4690.59,4694.97
2026.05.12 18:45,4694.90,4695.41,4690.38,4691.16
2026.05.12 18:50,4691.14,4697.83,4691.13,4696.66
2026.05.12 18:55,4696.53,4697.41,4695.12,4695.74
2026.05.12 19:00,4695.74,4699.07,4695.66,4696.86
2026.05.12 19:05,4696.77,4699.77,4696.00,4698.51
2026.05.12 19:10,4698.50,4702.12,4697.96,4699.67
2026.05.12 19:15,4699.59,4702.22,4698.79,4701.88
2026.05.12 19:20,4701.88,4703.54,4699.79,4702.75
2026.05.12 19:25,4702.75,4704.22,4702.39,4703.23
2026.05.12 19:30,4703.52,4708.99,4703.44,4708.72
2026.05.12 19:35,4708.64,4710.16,4707.96,4708.09
2026.05.12 19:40,4708.01,4709.56,4706.97,4709.10
2026.05.12 19:45,4709.04,4710.55,4708.78,4709.53
2026.05.12 19:50,4710.02,4713.49,4709.25,4712.39
2026.05.12 19:55,4712.48,4715.37,4711.90,4715.37
2026.05.12 20:00,4717.04,4719.01,4712.88,4713.62
2026.05.12 20:05,4713.45,4714.77,4711.86,4713.65
2026.05.12 20:10,4713.62,4714.46,4712.25,4713.17
2026.05.12 20:15,4713.26,4715.92,4713.09,4713.44
2026.05.12 20:20,4713.46,4713.72,4712.22,4713.66
2026.05.12 20:25,4713.56,4714.00,4712.46,4712.93
2026.05.12 20:30,4712.90,4714.65,4712.67,4713.54
2026.05.12 20:35,4713.54,4714.87,4712.53,4713.87
2026.05.12 20:40,4713.87,4715.13,4711.96,4714.44
2026.05.12 20:45,4714.48,4715.42,4712.88,4715.25
2026.05.12 20:50,4715.40,4715.50,4713.06,4713.24
2026.05.12 20:55,4713.09,4715.41,4713.03,4714.75
2026.05.12 22:00,4714.91,4720.70,4710.70,4719.93
2026.05.12 22:05,4719.88,4720.01,4712.77,4713.93
2026.05.12 22:10,4713.93,4715.07,4712.48,4714.31
2026.05.12 22:15,4714.36,4716.58,4713.16,4716.55
2026.05.12 22:20,4716.55,4719.25,4714.93,4715.86
2026.05.12 22:25,4715.87,4717.29,4714.43,4716.81
2026.05.12 22:30,4716.55,4719.99,4715.90,4718.38
2026.05.12 22:35,4718.41,4719.30,4714.65,4717.77
2026.05.12 22:40,4717.77,4718.38,4715.19,4716.01
2026.05.12 22:45,4716.00,4717.78,4715.96,4716.60
2026.05.12 22:50,4716.68,4722.15,4716.28,4720.93
2026.05.12 22:55,4720.88,4720.99,4716.57,4716.71
2026.05.12 23:00,4716.50,4720.58,4715.60,4720.08
2026.05.12 23:05,4720.06,4722.78,4717.48,4719.77
2026.05.12 23:10,4719.77,4721.26,4716.73,4717.30
2026.05.12 23:15,4717.32,4719.92,4717.07,4717.07
2026.05.12 23:20,4717.07,4722.37,4717.07,4722.35
2026.05.12 23:25,4722.39,4723.58,4718.74,4719.86
2026.05.12 23:30,4719.89,4721.21,4718.38,4718.59
2026.05.12 23:35,4718.65,4721.41,4713.72,4720.20
2026.05.12 23:40,4720.20,4721.05,4717.36,4720.90
2026.05.12 23:45,4720.93,4723.10,4714.89,4715.62
2026.05.12 23:50,4715.68,4719.51,4715.29,4717.33
2026.05.12 23:55,4717.33,4718.23,4715.45,4716.66
2026.05.13 00:00,4715.70,4725.01,4714.60,4724.50
2026.05.13 00:05,4724.52,4726.34,4720.39,4720.86
2026.05.13 00:10,4720.76,4723.70,4719.83,4719.96
2026.05.13 00:15,4719.96,4725.10,4719.90,4724.18
2026.05.13 00:20,4724.16,4725.98,4723.00,4724.45
2026.05.13 00:25,4724.46,4724.78,4720.35,4722.26
2026.05.13 00:30,4722.28,4723.54,4719.20,4720.13
2026.05.13 00:35,4720.08,4722.08,4716.75,4722.03
2026.05.13 00:40,4721.82,4724.62,4719.72,4720.15
2026.05.13 00:45,4720.06,4720.10,4716.34,4716.62
2026.05.13 00:50,4716.63,4719.82,4714.90,4716.53
2026.05.13 00:55,4716.55,4717.97,4714.04,4714.20
2026.05.13 01:00,4714.44,4716.42,4707.65,4711.51
2026.05.13 01:05,4711.40,4713.09,4707.23,4712.57
2026.05.13 01:10,4712.91,4715.95,4709.06,4709.36
2026.05.13 01:15,4709.36,4710.22,4704.66,4706.33
2026.05.13 01:20,4706.26,4709.69,4704.78,4707.36
2026.05.13 01:25,4707.27,4707.46,4702.65,4704.21
2026.05.13 01:30,4704.21,4705.22,4702.52,4704.60
2026.05.13 01:35,4704.65,4706.31,4701.46,4705.60
2026.05.13 01:40,4705.88,4710.16,4704.28,4708.64
2026.05.13 01:45,4708.64,4710.39,4706.44,4709.61
2026.05.13 01:50,4709.61,4709.82,4705.77,4705.99
2026.05.13 01:55,4705.95,4706.31,4700.78,4702.26
2026.05.13 02:00,4702.18,4707.31,4701.47,4706.24
2026.05.13 02:05,4706.11,4706.62,4698.82,4699.36
2026.05.13 02:10,4699.34,4703.35,4699.17,4701.31
2026.05.13 02:15,4701.24,4703.26,4698.68,4702.73
2026.05.13 02:20,4702.73,4703.75,4700.94,4702.91
2026.05.13 02:25,4702.94,4703.66,4698.12,4699.91
2026.05.13 02:30,4700.11,4700.11,4695.52,4695.93
2026.05.13 02:35,4695.95,4698.29,4694.63,4694.73
2026.05.13 02:40,4694.59,4697.47,4693.77,4694.18
2026.05.13 02:45,4694.21,4696.15,4692.69,4696.15
2026.05.13 02:50,4696.19,4696.78,4688.76,4688.76
2026.05.13 02:55,4688.78,4693.29,4687.49,4691.57
2026.05.13 03:00,4691.56,4693.37,4688.69,4692.50
2026.05.13 03:05,4692.49,4693.13,4688.84,4689.28
2026.05.13 03:10,4689.30,4694.15,4688.81,4692.07
2026.05.13 03:15,4692.06,4694.11,4690.84,4693.80
2026.05.13 03:20,4693.80,4695.80,4693.79,4694.88
2026.05.13 03:25,4694.84,4700.37,4694.78,4700.32
2026.05.13 03:30,4700.28,4704.00,4700.00,4703.33
2026.05.13 03:35,4703.47,4705.58,4702.78,4703.94
2026.05.13 03:40,4703.94,4705.15,4703.04,4703.60
2026.05.13 03:45,4703.67,4704.54,4701.93,4702.28
2026.05.13 03:50,4702.18,4702.31,4696.61,4697.04
2026.05.13 03:55,4697.02,4697.44,4694.04,4695.73
2026.05.13 04:00,4695.71,4697.80,4695.20,4697.26
2026.05.13 04:05,4697.23,4698.59,4695.48,4696.34
2026.05.13 04:10,4696.33,4698.23,4695.63,4698.05
2026.05.13 04:15,4698.05,4702.26,4697.75,4701.90
2026.05.13 04:20,4701.90,4703.02,4700.95,4701.09
2026.05.13 04:25,4701.10,4701.43,4699.82,4701.06
2026.05.13 04:30,4701.04,4703.03,4699.94,4700.05
2026.05.13 04:35,4700.07,4702.08,4697.52,4702.08
2026.05.13 04:40,4700.76,4700.76,4697.07,4698.36
2026.05.13 04:45,4698.34,4701.09,4698.05,4701.09
2026.05.13 04:50,4701.08,4701.44,4698.95,4701.23
2026.05.13 04:55,4701.26,4701.49,4698.17,4699.33
2026.05.13 05:00,4699.31,4706.22,4698.18,4706.20
2026.05.13 05:05,4706.31,4706.64,4703.30,4704.17
2026.05.13 05:10,4704.11,4707.06,4703.82,4705.08
2026.05.13 05:15,4704.98,4705.32,4700.59,4700.96
2026.05.13 05:20,4701.02,4703.44,4698.43,4699.15
2026.05.13 05:25,4699.14,4699.73,4697.68,4697.78
2026.05.13 05:30,4697.57,4702.31,4693.48,4700.11
2026.05.13 05:35,4700.11,4701.89,4699.02,4700.80
2026.05.13 05:40,4700.82,4702.05,4696.16,4696.44
2026.05.13 05:45,4696.48,4699.56,4696.48,4698.16
2026.05.13 05:50,4698.10,4701.00,4696.10,4699.11
2026.05.13 05:55,4699.22,4705.01,4699.14,4703.73
2026.05.13 06:00,4703.87,4709.77,4703.12,4709.37
2026.05.13 06:05,4709.21,4712.41,4707.19,4710.29
2026.05.13 06:10,4710.27,4711.63,4708.64,4710.47
2026.05.13 06:15,4710.44,4715.13,4710.44,4712.59
2026.05.13 06:20,4712.49,4712.66,4707.38,4708.34
2026.05.13 06:25,4708.23,4709.88,4706.63,4708.46
2026.05.13 06:30,4708.50,4711.00,4707.46,4709.78
2026.05.13 06:35,4709.77,4712.64,4709.00,4711.47
2026.05.13 06:40,4711.56,4713.37,4710.43,4711.10
2026.05.13 06:45,4711.37,4711.90,4707.07,4708.34
2026.05.13 06:50,4708.36,4708.43,4702.40,4702.82
2026.05.13 06:55,4702.26,4703.57,4698.87,4700.92
2026.05.13 07:00,4701.48,4705.13,4699.80,4700.34
2026.05.13 07:05,4700.70,4702.19,4696.41,4698.32
2026.05.13 07:10,4698.32,4703.33,4697.27,4701.97
2026.05.13 07:15,4701.96,4706.93,4701.94,4705.74
2026.05.13 07:20,4705.77,4708.11,4704.07,4704.96
2026.05.13 07:25,4705.03,4708.51,4704.93,4707.31
2026.05.13 07:30,4707.29,4707.53,4704.41,4706.03
2026.05.13 07:35,4706.02,4707.42,4702.86,4703.21
2026.05.13 07:40,4703.24,4704.93,4703.01,4703.37
2026.05.13 07:45,4703.36,4704.35,4701.07,4703.29
2026.05.13 07:50,4703.34,4703.98,4701.26,4702.33
2026.05.13 07:55,4702.42,4703.80,4701.66,4702.61
2026.05.13 08:00,4702.51,4703.97,4700.56,4700.91
2026.05.13 08:05,4700.85,4701.53,4698.25,4700.16
2026.05.13 08:10,4700.04,4701.55,4698.93,4699.97
2026.05.13 08:15,4699.91,4700.79,4698.04,4698.77
2026.05.13 08:20,4698.76,4700.50,4698.49,4698.77
2026.05.13 08:25,4698.78,4699.28,4694.51,4696.84
2026.05.13 08:30,4696.88,4697.84,4694.29,4697.74
2026.05.13 08:35,4697.69,4699.53,4696.90,4697.99
2026.05.13 08:40,4697.93,4698.72,4694.93,4695.67
2026.05.13 08:45,4695.82,4698.32,4694.55,4697.56
2026.05.13 08:50,4697.55,4700.42,4696.97,4700.42
2026.05.13 08:55,4700.44,4702.58,4699.03,4700.32
2026.05.13 09:00,4700.36,4701.45,4697.96,4700.33
2026.05.13 09:05,4700.33,4700.39,4697.63,4698.14
2026.05.13 09:10,4698.10,4698.98,4693.39,4694.29
2026.05.13 09:15,4694.21,4694.91,4689.95,4690.43
2026.05.13 09:20,4690.40,4691.90,4685.74,4686.46
2026.05.13 09:25,4686.47,4691.85,4686.19,4688.60
2026.05.13 09:30,4688.75,4691.48,4685.88,4688.43
2026.05.13 09:35,4687.96,4692.50,4687.96,4690.64
2026.05.13 09:40,4690.61,4694.13,4689.99,4693.87
2026.05.13 09:45,4693.70,4696.61,4692.93,4696.57
2026.05.13 09:50,4696.57,4697.87,4696.16,4697.78
2026.05.13 09:55,4697.84,4700.69,4697.67,4700.61
2026.05.13 10:00,4700.62,4701.24,4698.47,4698.67
2026.05.13 10:05,4698.66,4709.84,4698.57,4708.50
2026.05.13 10:10,4708.48,4708.99,4701.43,4701.81
2026.05.13 10:15,4701.99,4702.91,4699.95,4700.30
2026.05.13 10:20,4700.30,4705.62,4700.10,4703.04
2026.05.13 10:25,4703.05,4703.21,4698.53,4699.33
2026.05.13 10:30,4699.31,4699.60,4695.14,4695.98
2026.05.13 10:35,4695.97,4697.21,4694.83,4695.68
2026.05.13 10:40,4695.75,4697.02,4693.80,4695.44
2026.05.13 10:45,4695.40,4696.22,4693.74,4695.16
2026.05.13 10:50,4695.15,4696.40,4693.95,4694.74
2026.05.13 10:55,4694.78,4696.24,4693.46,4693.85
2026.05.13 11:00,4694.19,4695.22,4691.36,4692.88
2026.05.13 11:05,4692.78,4694.81,4691.29,4694.02
2026.05.13 11:10,4694.02,4698.86,4694.02,4698.78
2026.05.13 11:15,4698.78,4700.23,4695.61,4697.70
2026.05.13 11:20,4697.81,4700.25,4696.99,4698.41
2026.05.13 11:25,4698.30,4699.37,4696.87,4698.20
2026.05.13 11:30,4698.20,4702.83,4697.92,4701.61
2026.05.13 11:35,4702.19,4704.99,4702.10,4704.59
2026.05.13 11:40,4704.64,4704.64,4700.76,4703.10
2026.05.13 11:45,4703.06,4705.08,4702.08,4702.08
2026.05.13 11:50,4702.05,4702.05,4699.66,4700.82
2026.05.13 11:55,4700.80,4700.80,4697.12,4697.12
2026.05.13 12:00,4696.81,4699.78,4694.62,4699.19
2026.05.13 12:05,4699.20,4701.06,4697.56,4698.86
2026.05.13 12:10,4698.91,4698.91,4693.40,4693.67
2026.05.13 12:15,4693.67,4693.87,4689.06,4691.38
2026.05.13 12:20,4691.28,4692.98,4684.66,4687.41
2026.05.13 12:25,4687.38,4688.51,4682.94,4684.40
2026.05.13 12:30,4685.91,4686.91,4676.03,4682.09
2026.05.13 12:35,4682.07,4685.62,4677.19,4678.51
2026.05.13 12:40,4678.61,4683.50,4677.45,4682.60
2026.05.13 12:45,4682.56,4683.74,4677.27,4680.07
2026.05.13 12:50,4679.89,4685.06,4679.79,4681.33
2026.05.13 12:55,4681.05,4685.17,4678.48,4683.52
2026.05.13 13:00,4683.32,4690.16,4683.32,4687.66
2026.05.13 13:05,4687.61,4689.12,4685.16,4686.18
2026.05.13 13:10,4685.95,4690.76,4685.07,4689.59
2026.05.13 13:15,4689.58,4691.86,4686.17,4691.81
2026.05.13 13:20,4691.78,4694.27,4690.01,4693.67
2026.05.13 13:25,4694.07,4694.07,4687.96,4688.42
2026.05.13 13:30,4688.12,4690.52,4682.12,4683.60
2026.05.13 13:35,4683.68,4683.75,4672.89,4673.95
2026.05.13 13:40,4673.97,4683.20,4673.22,4678.44
2026.05.13 13:45,4678.34,4678.66,4669.26,4672.36
2026.05.13 13:50,4672.62,4682.46,4669.80,4682.32
2026.05.13 13:55,4682.55,4682.95,4677.26,4679.00
2026.05.13 14:00,4679.00,4680.14,4672.58,4676.22
2026.05.13 14:05,4676.43,4680.48,4673.80,4677.39
2026.05.13 14:10,4676.74,4682.90,4676.70,4680.96
2026.05.13 14:15,4680.88,4681.99,4673.26,4673.74
2026.05.13 14:20,4673.71,4681.77,4673.23,4681.46
2026.05.13 14:25,4681.50,4685.05,4680.86,4683.93
2026.05.13 14:30,4683.43,4690.01,4682.89,4689.65
2026.05.13 14:35,4689.69,4690.62,4684.64,4686.11
2026.05.13 14:40,4686.15,4688.22,4683.31,4683.51
2026.05.13 14:45,4683.52,4684.70,4676.94,4681.22
2026.05.13 14:50,4681.27,4682.04,4677.92,4680.73
2026.05.13 14:55,4680.75,4682.93,4678.56,4679.41
2026.05.13 15:00,4679.46,4685.74,4678.69,4683.92
2026.05.13 15:05,4683.96,4688.50,4681.72,4688.10
2026.05.13 15:10,4688.11,4690.45,4685.86,4687.21
2026.05.13 15:15,4687.25,4687.63,4685.10,4686.83
2026.05.13 15:20,4686.82,4689.66,4685.09,4687.77
2026.05.13 15:25,4687.76,4691.44,4687.24,4690.91
2026.05.13 15:30,4690.91,4695.26,4686.65,4695.01
2026.05.13 15:35,4694.99,4698.85,4694.21,4698.55
2026.05.13 15:40,4698.56,4699.52,4696.84,4698.95
2026.05.13 15:45,4698.97,4699.23,4696.12,4698.10
2026.05.13 15:50,4698.09,4698.28,4694.45,4695.41
2026.05.13 15:55,4695.42,4697.76,4694.27,4695.20
2026.05.13 16:00,4695.18,4699.11,4694.86,4697.45
2026.05.13 16:05,4697.44,4701.31,4696.27,4700.63
2026.05.13 16:10,4700.64,4702.57,4698.95,4701.82
2026.05.13 16:15,4701.83,4703.41,4698.40,4699.29
2026.05.13 16:20,4699.29,4709.26,4698.46,4705.45
2026.05.13 16:25,4705.56,4709.48,4703.49,4706.24
2026.05.13 16:30,4706.61,4707.46,4702.39,4704.04
2026.05.13 16:35,4704.03,4704.24,4701.74,4702.88
2026.05.13 16:40,4702.85,4703.07,4699.82,4700.07
2026.05.13 16:45,4699.99,4701.48,4698.61,4699.55
2026.05.13 16:50,4699.55,4699.63,4695.40,4696.41
2026.05.13 16:55,4696.34,4697.70,4695.17,4695.81
2026.05.13 17:00,4695.80,4699.35,4695.80,4696.83
2026.05.13 17:05,4696.79,4699.84,4696.36,4699.57
2026.05.13 17:10,4699.56,4701.05,4698.56,4699.80
2026.05.13 17:15,4699.50,4699.85,4696.99,4699.82
2026.05.13 17:20,4699.97,4701.26,4697.06,4697.57
2026.05.13 17:25,4697.52,4700.00,4696.66,4698.38
2026.05.13 17:30,4698.43,4698.47,4690.35,4690.44
2026.05.13 17:35,4690.64,4692.80,4690.19,4691.10
2026.05.13 17:40,4691.12,4693.56,4690.76,4691.17
2026.05.13 17:45,4691.16,4694.36,4690.48,4691.30
2026.05.13 17:50,4691.25,4692.37,4688.44,4688.83
2026.05.13 17:55,4688.85,4689.70,4684.60,4685.60
2026.05.13 18:00,4685.45,4689.45,4684.44,4687.91
2026.05.13 18:05,4687.91,4691.40,4687.77,4690.66
2026.05.13 18:10,4690.70,4692.64,4690.51,4692.45
2026.05.13 18:15,4692.47,4694.02,4690.36,4690.77
2026.05.13 18:20,4690.81,4691.09,4688.81,4690.34
2026.05.13 18:25,4690.27,4692.13,4690.15,4692.00
2026.05.13 18:30,4691.85,4692.75,4690.27,4691.23
2026.05.13 18:35,4691.23,4691.28,4687.27,4690.06
2026.05.13 18:40,4690.08,4691.31,4685.83,4686.11
2026.05.13 18:45,4686.11,4687.59,4677.66,4679.43
2026.05.13 18:50,4679.49,4687.39,4679.49,4687.02
2026.05.13 18:55,4686.89,4687.43,4684.46,4684.96
2026.05.13 19:00,4684.81,4686.02,4683.89,4684.23
2026.05.13 19:05,4684.22,4686.62,4683.37,4686.53
2026.05.13 19:10,4686.47,4689.14,4685.62,4689.14
2026.05.13 19:15,4689.16,4690.54,4687.06,4688.12
2026.05.13 19:20,4688.10,4690.11,4687.59,4688.02
2026.05.13 19:25,4687.99,4688.58,4686.65,4687.17
2026.05.13 19:30,4687.21,4688.60,4684.60,4685.23
2026.05.13 19:35,4685.22,4689.07,4684.70,4688.89
2026.05.13 19:40,4688.88,4688.90,4687.32,4688.50
2026.05.13 19:45,4688.49,4689.43,4687.48,4689.29
2026.05.13 19:50,4688.42,4688.71,4683.80,4685.63
2026.05.13 19:55,4685.70,4688.97,4685.70,4688.33
2026.05.13 20:00,4688.19,4688.35,4686.01,4686.80
2026.05.13 20:05,4686.80,4689.23,4686.80,4689.10
2026.05.13 20:10,4689.16,4691.05,4689.15,4690.90
2026.05.13 20:15,4690.90,4691.10,4690.26,4691.04
2026.05.13 20:20,4691.04,4693.28,4690.71,4692.86
2026.05.13 20:25,4692.86,4693.44,4691.22,4691.31
2026.05.13 20:30,4691.33,4692.98,4689.20,4689.77
2026.05.13 20:35,4689.84,4691.41,4689.49,4691.40
2026.05.13 20:40,4691.33,4691.85,4689.87,4690.74
2026.05.13 20:45,4690.68,4691.01,4688.68,4688.91
2026.05.13 20:50,4688.88,4689.34,4687.88,4688.17
2026.05.13 20:55,4688.14,4689.50,4688.02,4688.63
2026.05.13 22:00,4691.85,4694.36,4690.52,4693.44
2026.05.13 22:05,4693.44,4693.81,4689.81,4689.91
2026.05.13 22:10,4690.05,4691.47,4689.06,4691.16
2026.05.13 22:15,4691.14,4696.01,4690.94,4694.49
2026.05.13 22:20,4694.61,4696.22,4694.27,4695.76
2026.05.13 22:25,4695.82,4697.31,4695.69,4697.13
2026.05.13 22:30,4696.97,4698.64,4695.67,4697.10
2026.05.13 22:35,4697.10,4699.10,4696.59,4698.33
2026.05.13 22:40,4698.35,4700.38,4698.11,4699.16
2026.05.13 22:45,4699.16,4699.72,4696.70,4697.75
2026.05.13 22:50,4697.70,4700.57,4697.61,4700.17
2026.05.13 22:55,4700.17,4700.56,4699.37,4700.12
2026.05.13 23:00,4700.02,4701.02,4699.20,4699.23
2026.05.13 23:05,4699.36,4701.64,4699.19,4701.04
2026.05.13 23:10,4701.02,4702.20,4700.83,4701.25
2026.05.13 23:15,4701.30,4701.37,4700.45,4700.95
2026.05.13 23:20,4700.87,4701.14,4699.51,4699.72
2026.05.13 23:25,4699.71,4699.75,4696.79,4697.34
2026.05.13 23:30,4696.91,4697.51,4694.36,4695.32
2026.05.13 23:35,4695.32,4696.98,4695.12,4695.85
2026.05.13 23:40,4696.12,4697.47,4694.66,4694.82
2026.05.13 23:45,4694.74,4696.25,4693.32,4693.80
2026.05.13 23:50,4693.93,4695.78,4693.27,4695.73
2026.05.13 23:55,4695.74,4696.83,4694.58,4696.61
2026.05.14 00:00,4696.28,4699.37,4689.49,4691.83
2026.05.14 00:05,4691.78,4696.55,4690.87,4696.06
2026.05.14 00:10,4696.09,4697.85,4694.16,4697.55
2026.05.14 00:15,4697.53,4705.34,4697.53,4701.04
2026.05.14 00:20,4701.12,4702.56,4699.72,4701.74
2026.05.14 00:25,4701.71,4702.45,4699.63,4701.11
2026.05.14 00:30,4701.06,4703.27,4697.22,4697.59
2026.05.14 00:35,4697.50,4697.50,4694.38,4695.53
2026.05.14 00:40,4695.61,4700.83,4692.94,4700.33
2026.05.14 00:45,4700.25,4704.82,4700.16,4703.64
2026.05.14 00:50,4703.69,4703.73,4699.47,4700.77
2026.05.14 00:55,4701.23,4706.82,4700.66,4705.12
2026.05.14 01:00,4704.88,4707.05,4694.36,4698.62
2026.05.14 01:05,4698.67,4698.91,4686.56,4688.35
2026.05.14 01:10,4688.76,4692.44,4684.50,4688.98
2026.05.14 01:15,4688.97,4694.59,4687.58,4688.90
2026.05.14 01:20,4688.53,4692.93,4688.42,4692.34
2026.05.14 01:25,4692.37,4695.29,4691.57,4692.67
2026.05.14 01:30,4692.63,4694.62,4689.71,4692.82
2026.05.14 01:35,4692.81,4694.35,4687.06,4689.12
2026.05.14 01:40,4689.12,4690.10,4683.72,4688.79
2026.05.14 01:45,4688.94,4694.96,4687.20,4694.55
2026.05.14 01:50,4694.57,4694.65,4683.77,4685.77
2026.05.14 01:55,4685.75,4689.18,4684.12,4688.79
2026.05.14 02:00,4688.81,4693.91,4687.28,4693.89
2026.05.14 02:05,4693.91,4694.00,4689.05,4690.95
2026.05.14 02:10,4690.95,4691.01,4686.69,4688.20
2026.05.14 02:15,4688.05,4691.00,4687.10,4690.07
2026.05.14 02:20,4690.08,4691.61,4689.33,4691.06
2026.05.14 02:25,4691.05,4694.18,4690.23,4693.60
2026.05.14 02:30,4693.56,4697.95,4691.00,4697.95
2026.05.14 02:35,4697.96,4699.70,4695.08,4695.28
2026.05.14 02:40,4695.30,4696.28,4689.57,4691.86
2026.05.14 02:45,4691.74,4693.34,4680.71,4682.91
2026.05.14 02:50,4682.62,4687.81,4680.13,4687.16
2026.05.14 02:55,4687.17,4688.26,4684.93,4686.31
2026.05.14 03:00,4686.37,4690.11,4685.41,4686.96
2026.05.14 03:05,4687.40,4687.79,4681.97,4684.38
2026.05.14 03:10,4684.73,4685.69,4681.54,4682.99
2026.05.14 03:15,4682.96,4686.47,4682.73,4682.98
2026.05.14 03:20,4682.77,4688.49,4681.61,4688.34
2026.05.14 03:25,4688.34,4693.32,4688.27,4691.44
2026.05.14 03:30,4691.43,4691.43,4683.30,4684.94
2026.05.14 03:35,4684.94,4686.48,4679.39,4680.53
2026.05.14 03:40,4680.53,4681.09,4675.86,4676.37
2026.05.14 03:45,4676.42,4677.87,4674.58,4676.85
2026.05.14 03:50,4676.87,4677.43,4674.47,4675.46
2026.05.14 03:55,4675.54,4676.81,4673.98,4675.03
2026.05.14 04:00,4675.03,4675.15,4668.87,4672.75
2026.05.14 04:05,4672.75,4680.18,4672.29,4678.84
2026.05.14 04:10,4678.82,4682.57,4677.13,4682.16
2026.05.14 04:15,4682.18,4683.73,4681.89,4683.45
2026.05.14 04:20,4683.41,4692.47,4683.41,4691.53
2026.05.14 04:25,4691.47,4707.45,4691.38,4702.38
2026.05.14 04:30,4702.38,4710.32,4701.55,4709.17
2026.05.14 04:35,4709.22,4712.67,4706.66,4707.78
2026.05.14 04:40,4707.72,4708.02,4703.25,4704.86
2026.05.14 04:45,4704.91,4706.70,4703.20,4704.90
2026.05.14 04:50,4704.89,4705.81,4703.64,4705.49
2026.05.14 04:55,4705.54,4706.43,4702.52,4702.52
2026.05.14 05:00,4702.49,4703.16,4699.83,4700.66
2026.05.14 05:05,4700.78,4704.18,4700.56,4701.59
2026.05.14 05:10,4701.58,4703.85,4699.93,4699.99
2026.05.14 05:15,4699.99,4700.33,4697.42,4697.74
2026.05.14 05:20,4697.73,4698.73,4697.01,4697.37
2026.05.14 05:25,4697.38,4697.39,4693.39,4693.67
2026.05.14 05:30,4693.66,4701.45,4693.49,4698.71
2026.05.14 05:35,4698.65,4700.57,4696.75,4699.95
2026.05.14 05:40,4699.95,4700.92,4695.53,4697.35
2026.05.14 05:45,4697.40,4703.23,4697.39,4700.08
2026.05.14 05:50,4700.42,4701.35,4698.28,4698.52
2026.05.14 05:55,4698.39,4698.44,4689.21,4689.63
2026.05.14 06:00,4689.51,4693.30,4687.53,4692.98
2026.05.14 06:05,4692.96,4694.75,4687.48,4690.68
2026.05.14 06:10,4690.66,4691.79,4686.09,4687.84
2026.05.14 06:15,4687.83,4689.17,4686.48,4688.44
2026.05.14 06:20,4688.47,4690.92,4688.03,4690.57
2026.05.14 06:25,4690.58,4693.03,4689.97,4691.33
2026.05.14 06:30,4691.35,4694.88,4690.65,4694.09
2026.05.14 06:35,4694.23,4695.40,4691.40,4694.18
2026.05.14 06:40,4694.26,4699.69,4691.61,4699.12
2026.05.14 06:45,4698.90,4702.44,4694.93,4695.73
2026.05.14 06:50,4695.47,4701.54,4695.46,4699.92
2026.05.14 06:55,4699.82,4701.45,4698.51,4700.23
2026.05.14 07:00,4699.21,4702.25,4697.27,4698.78
2026.05.14 07:05,4698.99,4700.61,4696.21,4699.13
2026.05.14 07:10,4699.12,4700.28,4694.54,4695.31
2026.05.14 07:15,4695.40,4699.48,4694.93,4697.63
2026.05.14 07:20,4697.68,4700.34,4695.21,4699.78
2026.05.14 07:25,4699.84,4706.90,4699.31,4705.53
2026.05.14 07:30,4705.88,4710.55,4702.99,4710.31
2026.05.14 07:35,4710.46,4718.74,4710.29,4712.28
2026.05.14 07:40,4712.32,4714.63,4709.14,4709.20
2026.05.14 07:45,4708.74,4709.63,4703.38,4704.43
2026.05.14 07:50,4704.41,4704.41,4695.26,4700.07
2026.05.14 07:55,4700.07,4700.94,4691.14,4693.14
2026.05.14 08:00,4693.17,4700.91,4692.22,4697.49
2026.05.14 08:05,4697.51,4699.98,4696.45,4697.53
2026.05.14 08:10,4697.42,4700.64,4695.57,4698.47
2026.05.14 08:15,4699.05,4701.81,4699.05,4699.71
2026.05.14 08:20,4699.71,4701.74,4697.96,4701.10
2026.05.14 08:25,4701.10,4704.79,4700.80,4703.02
2026.05.14 08:30,4703.05,4705.75,4701.73,4702.49
2026.05.14 08:35,4702.48,4706.67,4701.78,4702.01
2026.05.14 08:40,4701.98,4702.61,4695.67,4696.89
2026.05.14 08:45,4696.91,4697.51,4694.41,4695.22
2026.05.14 08:50,4695.19,4696.53,4693.53,4694.69
2026.05.14 08:55,4694.69,4696.93,4693.07,4693.32
2026.05.14 09:00,4693.31,4694.11,4690.17,4692.63
2026.05.14 09:05,4692.63,4696.59,4690.95,4696.45
2026.05.14 09:10,4696.46,4698.10,4693.14,4694.56
2026.05.14 09:15,4694.21,4696.67,4694.17,4695.59
2026.05.14 09:20,4695.59,4696.61,4692.82,4693.43
2026.05.14 09:25,4693.41,4694.29,4690.80,4690.80
2026.05.14 09:30,4690.74,4694.78,4689.23,4694.77
2026.05.14 09:35,4694.77,4694.77,4688.54,4692.52
2026.05.14 09:40,4692.54,4697.23,4692.04,4695.53
2026.05.14 09:45,4695.66,4700.58,4695.66,4700.42
2026.05.14 09:50,4700.18,4702.54,4698.38,4699.04
2026.05.14 09:55,4699.04,4701.52,4698.48,4699.58
2026.05.14 10:00,4699.62,4700.14,4698.58,4699.02
2026.05.14 10:05,4699.52,4700.74,4698.18,4698.51
2026.05.14 10:10,4698.68,4705.39,4696.06,4697.21
2026.05.14 10:15,4697.28,4698.33,4695.28,4696.80
2026.05.14 10:20,4696.81,4697.64,4693.94,4694.43
2026.05.14 10:25,4694.48,4698.41,4694.24,4697.59
2026.05.14 10:30,4697.62,4698.05,4695.47,4696.85
2026.05.14 10:35,4696.84,4697.66,4694.65,4696.16
2026.05.14 10:40,4696.16,4696.16,4692.25,4693.54
2026.05.14 10:45,4694.04,4694.93,4692.11,4692.93
2026.05.14 10:50,4692.91,4697.76,4691.27,4696.28
2026.05.14 10:55,4696.76,4697.47,4695.48,4697.08
2026.05.14 11:00,4697.03,4698.69,4694.88,4695.06
2026.05.14 11:05,4695.10,4698.79,4692.90,4697.27
2026.05.14 11:10,4697.42,4697.84,4696.16,4697.39
2026.05.14 11:15,4697.40,4697.68,4694.73,4695.25
2026.05.14 11:20,4694.83,4696.84,4693.34,4693.93
2026.05.14 11:25,4693.61,4694.06,4689.41,4691.97
2026.05.14 11:30,4692.25,4694.96,4690.87,4693.91
2026.05.14 11:35,4693.87,4695.97,4693.07,4695.43
2026.05.14 11:40,4695.65,4697.36,4695.05,4695.39
2026.05.14 11:45,4695.42,4700.37,4695.03,4698.13
2026.05.14 11:50,4698.16,4704.49,4697.92,4704.17
2026.05.14 11:55,4704.15,4704.81,4694.43,4694.43
2026.05.14 12:00,4693.63,4698.00,4692.42,4696.34
2026.05.14 12:05,4696.33,4698.83,4694.04,4697.19
2026.05.14 12:10,4697.45,4703.82,4696.94,4703.82
2026.05.14 12:15,4703.87,4703.87,4698.91,4701.53
2026.05.14 12:20,4701.53,4707.44,4701.53,4705.54
2026.05.14 12:25,4705.57,4706.12,4702.47,4703.24
2026.05.14 12:30,4703.02,4708.11,4700.81,4705.67
2026.05.14 12:35,4705.82,4710.05,4703.56,4706.57
2026.05.14 12:40,4706.56,4707.51,4698.09,4698.09
2026.05.14 12:45,4697.97,4703.19,4696.12,4702.83
2026.05.14 12:50,4703.13,4705.06,4701.93,4703.40
2026.05.14 12:55,4703.56,4706.32,4702.92,4704.96
2026.05.14 13:00,4705.09,4707.82,4696.24,4697.42
2026.05.14 13:05,4697.50,4703.21,4696.78,4701.41
2026.05.14 13:10,4701.41,4704.79,4701.13,4704.08
2026.05.14 13:15,4704.21,4704.39,4691.81,4693.34
2026.05.14 13:20,4693.38,4695.23,4690.15,4694.84
2026.05.14 13:25,4694.66,4697.06,4687.96,4688.13
2026.05.14 13:30,4687.83,4689.48,4682.06,4684.20
2026.05.14 13:35,4684.29,4687.32,4680.69,4682.68
2026.05.14 13:40,4682.79,4683.25,4666.97,4676.80
2026.05.14 13:45,4676.83,4690.53,4675.92,4689.35
2026.05.14 13:50,4689.51,4691.08,4680.60,4685.25
2026.05.14 13:55,4685.21,4686.64,4679.13,4679.55
2026.05.14 14:00,4679.10,4689.15,4677.67,4685.80
2026.05.14 14:05,4685.81,4686.85,4680.84,4685.66
2026.05.14 14:10,4685.65,4690.23,4685.34,4687.61
2026.05.14 14:15,4687.72,4694.93,4686.99,4694.63
2026.05.14 14:20,4694.62,4700.83,4693.70,4694.94
2026.05.14 14:25,4694.94,4695.10,4688.42,4691.39
2026.05.14 14:30,4691.50,4692.08,4687.01,4688.25
2026.05.14 14:35,4688.42,4690.62,4686.09,4689.96
2026.05.14 14:40,4689.98,4692.38,4686.26,4686.87
2026.05.14 14:45,4686.48,4689.00,4685.04,4687.15
2026.05.14 14:50,4687.12,4690.45,4682.92,4685.30
2026.05.14 14:55,4685.45,4688.37,4679.31,4679.43
2026.05.14 15:00,4679.51,4682.45,4677.14,4678.26
2026.05.14 15:05,4678.30,4683.66,4678.05,4683.63
2026.05.14 15:10,4683.58,4686.55,4682.13,4684.89
2026.05.14 15:15,4684.87,4688.73,4684.45,4687.51
2026.05.14 15:20,4687.59,4687.67,4684.17,4685.76
2026.05.14 15:25,4685.96,4689.41,4685.47,4685.82
2026.05.14 15:30,4685.86,4688.69,4684.77,4688.69
2026.05.14 15:35,4688.85,4688.94,4685.20,4686.47
2026.05.14 15:40,4686.47,4687.15,4680.97,4682.59
2026.05.14 15:45,4682.54,4683.49,4681.04,4683.37
2026.05.14 15:50,4683.40,4685.14,4681.36,4684.70
2026.05.14 15:55,4684.79,4686.63,4683.53,4685.88
2026.05.14 16:00,4685.78,4686.88,4678.22,4678.92
2026.05.14 16:05,4678.88,4679.29,4674.61,4677.15
2026.05.14 16:10,4677.16,4679.33,4674.20,4678.60
2026.05.14 16:15,4678.59,4681.26,4678.49,4679.98
2026.05.14 16:20,4679.98,4680.59,4677.03,4677.61
2026.05.14 16:25,4677.57,4678.00,4675.39,4677.22
2026.05.14 16:30,4677.14,4678.33,4673.73,4674.38
2026.05.14 16:35,4674.46,4675.00,4670.36,4672.85
2026.05.14 16:40,4672.78,4675.85,4672.66,4675.41
2026.05.14 16:45,4675.31,4676.76,4672.66,4676.37
2026.05.14 16:50,4676.31,4678.60,4675.40,4677.57
2026.05.14 16:55,4677.51,4679.00,4675.20,4678.57
2026.05.14 17:00,4678.98,4681.98,4678.77,4681.09
2026.05.14 17:05,4681.16,4682.47,4679.92,4680.20
2026.05.14 17:10,4680.15,4681.21,4678.52,4678.70
2026.05.14 17:15,4678.72,4680.90,4678.36,4680.06
2026.05.14 17:20,4680.04,4683.05,4679.47,4680.95
2026.05.14 17:25,4680.86,4682.35,4676.91,4677.33
2026.05.14 17:30,4677.51,4679.20,4676.45,4679.09
2026.05.14 17:35,4679.08,4679.81,4678.42,4678.81
2026.05.14 17:40,4678.84,4681.50,4678.84,4681.40
2026.05.14 17:45,4681.51,4681.76,4679.90,4680.89
2026.05.14 17:50,4680.88,4681.23,4678.05,4678.10
2026.05.14 17:55,4678.27,4679.42,4677.77,4678.14
2026.05.14 18:00,4678.31,4678.39,4668.79,4670.08
2026.05.14 18:05,4670.11,4674.19,4669.07,4672.18
2026.05.14 18:10,4672.17,4674.73,4671.68,4674.67
2026.05.14 18:15,4674.65,4676.16,4673.98,4675.79
2026.05.14 18:20,4675.82,4676.43,4674.19,4674.82
2026.05.14 18:25,4674.85,4675.80,4673.03,4673.53
2026.05.14 18:30,4673.93,4674.89,4672.67,4673.08
2026.05.14 18:35,4673.08,4673.62,4670.35,4670.35
2026.05.14 18:40,4670.11,4671.69,4668.35,4668.53
2026.05.14 18:45,4668.53,4669.99,4666.93,4669.60
2026.05.14 18:50,4669.60,4670.30,4668.20,4668.20
2026.05.14 18:55,4668.20,4671.86,4668.15,4671.63
2026.05.14 19:00,4671.82,4671.82,4668.37,4668.81
2026.05.14 19:05,4668.84,4669.13,4666.89,4669.05
2026.05.14 19:10,4669.05,4669.28,4666.95,4667.50
2026.05.14 19:15,4667.52,4668.04,4667.11,4667.38
2026.05.14 19:20,4667.38,4669.08,4667.20,4667.94
2026.05.14 19:25,4667.93,4669.04,4663.35,4663.36
2026.05.14 19:30,4663.46,4664.87,4661.47,4664.60
2026.05.14 19:35,4664.60,4664.64,4659.19,4659.36
2026.05.14 19:40,4659.26,4660.53,4655.65,4656.57
2026.05.14 19:45,4656.29,4657.63,4653.19,4657.17
2026.05.14 19:50,4656.71,4658.93,4656.03,4658.05
2026.05.14 19:55,4657.86,4658.01,4653.34,4654.23
2026.05.14 20:00,4654.85,4656.88,4649.75,4649.94
2026.05.14 20:05,4649.94,4651.90,4649.34,4651.75
2026.05.14 20:10,4651.75,4652.31,4649.63,4649.75
2026.05.14 20:15,4649.70,4650.95,4648.50,4649.10
2026.05.14 20:20,4649.06,4650.46,4648.30,4648.67
2026.05.14 20:25,4648.66,4648.66,4646.76,4648.09
2026.05.14 20:30,4648.16,4648.44,4647.11,4647.72
2026.05.14 20:35,4647.72,4648.35,4644.37,4646.24
2026.05.14 20:40,4646.06,4652.73,4645.56,4650.76
2026.05.14 20:45,4650.77,4652.23,4650.26,4650.38
2026.05.14 20:50,4650.35,4651.32,4649.35,4651.21
2026.05.14 20:55,4651.23,4652.40,4650.49,4650.49
2026.05.14 22:00,4653.74,4659.22,4646.39,4652.91
2026.05.14 22:05,4652.91,4657.45,4651.83,4655.83
2026.05.14 22:10,4655.84,4658.22,4654.40,4655.60
2026.05.14 22:15,4655.58,4659.38,4655.50,4659.28
2026.05.14 22:20,4659.33,4659.33,4657.45,4657.94
2026.05.14 22:25,4657.93,4659.29,4657.29,4658.86
2026.05.14 22:30,4658.86,4662.58,4658.83,4660.63
2026.05.14 22:35,4660.68,4661.56,4658.99,4660.80
2026.05.14 22:40,4660.74,4662.47,4660.06,4661.72
2026.05.14 22:45,4661.76,4662.19,4660.96,4661.23
2026.05.14 22:50,4661.07,4662.71,4660.12,4662.45
2026.05.14 22:55,4662.46,4662.76,4661.94,4662.37
2026.05.14 23:00,4662.39,4663.24,4660.84,4663.03
2026.05.14 23:05,4663.00,4663.23,4661.02,4661.02
2026.05.14 23:10,4661.06,4662.91,4658.67,4658.99
2026.05.14 23:15,4658.98,4660.48,4656.16,4658.75
2026.05.14 23:20,4658.83,4659.29,4655.64,4657.95
2026.05.14 23:25,4658.05,4664.26,4657.97,4663.83
2026.05.14 23:30,4663.90,4665.23,4650.13,4651.11
2026.05.14 23:35,4651.09,4653.22,4646.95,4652.71
2026.05.14 23:40,4652.73,4657.48,4652.16,4657.33
2026.05.14 23:45,4657.40,4657.52,4652.46,4654.45
2026.05.14 23:50,4654.44,4655.31,4651.23,4652.14
2026.05.14 23:55,4652.18,4652.18,4648.20,4652.13
2026.05.15 00:00,4651.65,4653.64,4642.87,4649.48
2026.05.15 00:05,4649.46,4652.10,4646.67,4650.62
2026.05.15 00:10,4650.71,4651.08,4644.71,4650.57
2026.05.15 00:15,4650.60,4658.21,4649.28,4654.02
2026.05.15 00:20,4653.98,4654.13,4644.47,4644.69
2026.05.15 00:25,4644.45,4644.70,4629.66,4630.13
2026.05.15 00:30,4630.55,4630.55,4622.52,4624.19
2026.05.15 00:35,4624.19,4624.73,4618.94,4621.85
2026.05.15 00:40,4621.53,4622.03,4613.75,4618.70
2026.05.15 00:45,4619.30,4627.69,4619.10,4627.69
2026.05.15 00:50,4627.69,4627.72,4617.38,4619.97
2026.05.15 00:55,4619.59,4630.49,4617.65,4630.13
2026.05.15 01:00,4629.31,4631.63,4619.15,4622.79
2026.05.15 01:05,4622.78,4624.33,4609.72,4609.93
2026.05.15 01:10,4609.89,4615.34,4607.66,4614.74
2026.05.15 01:15,4614.62,4620.77,4608.95,4619.86
2026.05.15 01:20,4619.66,4625.79,4616.33,4620.58
2026.05.15 01:25,4620.60,4621.51,4608.35,4609.07
2026.05.15 01:30,4608.99,4616.63,4607.82,4616.21
2026.05.15 01:35,4616.24,4621.18,4613.95,4617.41
2026.05.15 01:40,4617.36,4622.93,4617.26,4622.93
2026.05.15 01:45,4622.84,4624.19,4614.23,4616.20
2026.05.15 01:50,4616.20,4617.90,4607.19,4610.06
2026.05.15 01:55,4610.09,4616.35,4610.09,4613.14
2026.05.15 02:00,4613.75,4615.19,4609.69,4614.34
2026.05.15 02:05,4614.29,4618.46,4612.76,4618.19
2026.05.15 02:10,4618.26,4619.02,4612.98,4613.12
2026.05.15 02:15,4613.11,4616.16,4609.31,4613.89
2026.05.15 02:20,4613.89,4616.59,4612.24,4613.99
2026.05.15 02:25,4613.94,4615.11,4611.48,4612.51
2026.05.15 02:30,4612.44,4614.78,4609.63,4612.52
2026.05.15 02:35,4612.44,4616.45,4612.00,4612.87
2026.05.15 02:40,4612.87,4617.92,4610.72,4617.92
2026.05.15 02:45,4618.03,4618.84,4611.67,4614.65
2026.05.15 02:50,4614.61,4621.23,4612.23,4620.79
2026.05.15 02:55,4620.84,4623.35,4617.46,4618.10
2026.05.15 03:00,4617.92,4620.41,4614.92,4619.37
2026.05.15 03:05,4619.23,4622.26,4617.11,4617.53
2026.05.15 03:10,4617.79,4620.09,4616.45,4617.37
2026.05.15 03:15,4617.41,4618.40,4614.29,4614.74
2026.05.15 03:20,4614.74,4615.09,4609.91,4614.19
2026.05.15 03:25,4614.19,4614.64,4611.95,4612.76
2026.05.15 03:30,4612.76,4613.99,4607.42,4609.05
2026.05.15 03:35,4609.04,4615.71,4608.68,4614.69
2026.05.15 03:40,4614.65,4617.45,4613.36,4613.36
2026.05.15 03:45,4613.40,4615.82,4612.70,4615.73
2026.05.15 03:50,4615.67,4617.29,4612.73,4612.94
2026.05.15 03:55,4612.92,4616.64,4610.49,4615.50
2026.05.15 04:00,4615.47,4616.55,4612.96,4614.35
2026.05.15 04:05,4614.37,4621.48,4614.37,4621.43
2026.05.15 04:10,4621.44,4621.45,4618.48,4620.05
2026.05.15 04:15,4620.05,4620.55,4614.17,4614.21
2026.05.15 04:20,4614.19,4614.24,4607.36,4610.73
2026.05.15 04:25,4610.90,4612.86,4609.47,4610.84
2026.05.15 04:30,4610.84,4614.87,4610.69,4614.18
2026.05.15 04:35,4614.29,4614.85,4610.58,4611.32
2026.05.15 04:40,4611.32,4613.36,4604.35,4605.75
2026.05.15 04:45,4606.08,4609.89,4604.93,4609.64
2026.05.15 04:50,4609.63,4612.49,4608.08,4608.12
2026.05.15 04:55,4608.09,4608.37,4604.89,4605.86
2026.05.15 05:00,4605.94,4606.45,4599.09,4599.95
2026.05.15 05:05,4600.17,4601.27,4592.59,4593.24
2026.05.15 05:10,4593.15,4593.54,4588.71,4592.00
2026.05.15 05:15,4592.01,4595.33,4581.64,4583.07
2026.05.15 05:20,4583.03,4589.26,4580.94,4585.01
2026.05.15 05:25,4584.93,4590.21,4583.61,4588.83
2026.05.15 05:30,4589.02,4589.97,4567.40,4569.73
2026.05.15 05:35,4569.64,4571.74,4563.94,4569.06
2026.05.15 05:40,4569.17,4575.78,4566.11,4568.67
2026.05.15 05:45,4568.76,4570.51,4562.65,4563.65
2026.05.15 05:50,4563.84,4573.25,4563.84,4569.04
2026.05.15 05:55,4569.03,4570.83,4557.45,4558.99
2026.05.15 06:00,4558.81,4564.04,4556.32,4563.71
2026.05.15 06:05,4563.70,4570.29,4562.01,4566.80
2026.05.15 06:10,4566.61,4573.28,4564.53,4571.00
2026.05.15 06:15,4571.01,4578.20,4570.31,4574.72
2026.05.15 06:20,4574.80,4578.20,4572.87,4575.11
2026.05.15 06:25,4575.18,4577.88,4572.66,4575.12
2026.05.15 06:30,4575.15,4580.41,4574.49,4575.10
2026.05.15 06:35,4575.14,4576.14,4570.61,4572.15
2026.05.15 06:40,4572.19,4573.26,4567.03,4568.01
2026.05.15 06:45,4567.68,4574.16,4564.44,4573.06
2026.05.15 06:50,4572.98,4574.22,4568.89,4569.02
2026.05.15 06:55,4569.29,4571.25,4566.57,4569.52
2026.05.15 07:00,4569.59,4572.35,4566.04,4570.08
2026.05.15 07:05,4570.12,4576.75,4569.12,4575.99
2026.05.15 07:10,4576.30,4586.15,4575.56,4585.89
2026.05.15 07:15,4585.92,4587.46,4582.30,4586.32
2026.05.15 07:20,4586.28,4588.67,4582.26,4582.48
2026.05.15 07:25,4582.60,4583.51,4578.58,4581.81
2026.05.15 07:30,4581.81,4582.52,4577.26,4578.98
2026.05.15 07:35,4578.96,4582.34,4574.86,4577.20
2026.05.15 07:40,4576.79,4578.71,4575.38,4577.71
2026.05.15 07:45,4577.65,4578.58,4574.19,4574.96
2026.05.15 07:50,4574.82,4574.82,4568.44,4570.65
2026.05.15 07:55,4570.63,4572.90,4568.70,4570.92
2026.05.15 08:00,4571.83,4571.96,4557.61,4561.07
2026.05.15 08:05,4561.09,4567.68,4559.66,4566.51
2026.05.15 08:10,4566.51,4567.09,4563.56,4565.26
2026.05.15 08:15,4565.26,4565.57,4552.85,4556.71
2026.05.15 08:20,4556.30,4561.02,4554.21,4560.25
2026.05.15 08:25,4559.74,4561.23,4556.43,4558.34
2026.05.15 08:30,4558.19,4558.19,4550.31,4554.85
2026.05.15 08:35,4555.23,4559.15,4553.24,4558.32
2026.05.15 08:40,4558.25,4562.55,4557.54,4562.55
2026.05.15 08:45,4562.54,4563.62,4558.15,4562.23
2026.05.15 08:50,4562.49,4562.49,4556.58,4557.75
2026.05.15 08:55,4557.69,4557.87,4552.73,4553.96
2026.05.15 09:00,4554.37,4558.68,4550.33,4558.03
2026.05.15 09:05,4558.32,4563.70,4553.22,4554.84
2026.05.15 09:10,4554.68,4554.72,4545.84,4547.28
2026.05.15 09:15,4547.21,4549.08,4539.40,4546.65
2026.05.15 09:20,4546.65,4552.57,4544.85,4551.76
2026.05.15 09:25,4551.71,4554.55,4550.22,4553.41
2026.05.15 09:30,4553.14,4555.60,4551.93,4553.40
2026.05.15 09:35,4553.40,4553.48,4543.20,4546.73
2026.05.15 09:40,4546.70,4549.25,4542.73,4543.70
2026.05.15 09:45,4543.59,4543.83,4537.83,4538.01
2026.05.15 09:50,4537.55,4542.92,4531.84,4542.43
2026.05.15 09:55,4542.40,4547.01,4538.07,4545.70
2026.05.15 10:00,4546.15,4549.16,4544.12,4546.45
2026.05.15 10:05,4546.51,4559.62,4546.23,4558.43
2026.05.15 10:10,4558.59,4562.54,4556.30,4560.97
2026.05.15 10:15,4561.04,4563.31,4556.78,4557.44
2026.05.15 10:20,4557.49,4561.89,4555.98,4555.98
2026.05.15 10:25,4556.02,4556.72,4551.75,4551.78
2026.05.15 10:30,4551.76,4556.71,4550.88,4554.78
2026.05.15 10:35,4554.77,4554.86,4551.10,4552.32
2026.05.15 10:40,4552.32,4555.14,4549.77,4555.14
2026.05.15 10:45,4555.23,4563.47,4554.30,4559.46
2026.05.15 10:50,4559.45,4572.52,4557.67,4568.82
2026.05.15 10:55,4569.16,4569.71,4564.19,4566.15
2026.05.15 11:00,4566.04,4570.18,4561.84,4561.84
2026.05.15 11:05,4561.96,4566.30,4561.00,4564.36
2026.05.15 11:10,4564.36,4568.86,4563.57,4566.32
2026.05.15 11:15,4566.30,4568.59,4563.49,4564.26
2026.05.15 11:20,4564.27,4565.43,4563.09,4564.75
2026.05.15 11:25,4564.71,4564.71,4559.12,4562.29
2026.05.15 11:30,4562.30,4562.48,4558.58,4559.45
2026.05.15 11:35,4559.43,4560.07,4553.74,4554.05
2026.05.15 11:40,4554.22,4554.81,4551.00,4551.54
2026.05.15 11:45,4551.54,4558.60,4551.26,4556.79
2026.05.15 11:50,4556.62,4558.81,4553.71,4554.06
2026.05.15 11:55,4554.02,4554.07,4549.90,4551.99
2026.05.15 12:00,4551.98,4551.98,4546.30,4550.25
2026.05.15 12:05,4550.20,4553.00,4548.81,4552.99
2026.05.15 12:10,4553.17,4555.07,4545.27,4545.61
2026.05.15 12:15,4545.56,4551.31,4544.95,4548.72
2026.05.15 12:20,4548.75,4558.61,4548.04,4554.60
2026.05.15 12:25,4554.09,4556.74,4553.61,4555.16
2026.05.15 12:30,4555.12,4555.12,4548.01,4549.60
2026.05.15 12:35,4549.24,4554.04,4547.44,4548.48
2026.05.15 12:40,4548.22,4549.91,4543.69,4545.63
2026.05.15 12:45,4545.32,4551.68,4543.82,4549.38
2026.05.15 12:50,4549.27,4555.59,4547.67,4554.25
2026.05.15 12:55,4554.30,4554.61,4545.96,4545.96
2026.05.15 13:00,4545.91,4549.14,4538.44,4544.33
2026.05.15 13:05,4544.32,4549.65,4536.56,4538.26
2026.05.15 13:10,4538.30,4546.89,4538.06,4546.59
2026.05.15 13:15,4546.68,4553.23,4540.73,4550.88
2026.05.15 13:20,4551.02,4554.57,4549.74,4554.39
2026.05.15 13:25,4555.07,4557.50,4546.43,4548.58
2026.05.15 13:30,4548.91,4551.16,4541.58,4542.52
2026.05.15 13:35,4542.56,4542.66,4526.69,4528.68
2026.05.15 13:40,4528.29,4530.97,4520.04,4520.04
2026.05.15 13:45,4519.67,4529.14,4511.80,4528.83
2026.05.15 13:50,4528.81,4536.82,4525.82,4534.69
2026.05.15 13:55,4534.61,4541.85,4530.88,4533.43
2026.05.15 14:00,4533.15,4534.74,4525.57,4533.43
2026.05.15 14:05,4533.95,4540.29,4533.72,4534.19
2026.05.15 14:10,4534.13,4550.52,4533.89,4543.46
2026.05.15 14:15,4543.37,4558.07,4540.67,4558.07
2026.05.15 14:20,4558.64,4562.83,4556.10,4558.33
2026.05.15 14:25,4558.31,4559.12,4552.56,4555.59
2026.05.15 14:30,4555.38,4559.77,4553.05,4557.55
2026.05.15 14:35,4557.46,4560.23,4554.40,4556.10
2026.05.15 14:40,4556.04,4557.37,4550.85,4556.89
2026.05.15 14:45,4556.95,4557.33,4550.42,4551.38
2026.05.15 14:50,4551.56,4557.03,4546.17,4556.92
2026.05.15 14:55,4556.92,4566.48,4555.32,4562.79
2026.05.15 15:00,4562.79,4563.62,4551.94,4553.34
2026.05.15 15:05,4553.31,4558.77,4551.80,4558.74
2026.05.15 15:10,4558.51,4560.04,4550.85,4552.45
2026.05.15 15:15,4552.22,4553.82,4546.24,4547.41
2026.05.15 15:20,4547.58,4552.10,4543.99,4545.80
2026.05.15 15:25,4545.84,4548.79,4542.97,4546.99
2026.05.15 15:30,4547.25,4550.37,4543.71,4543.71
2026.05.15 15:35,4543.56,4546.57,4541.99,4542.34
2026.05.15 15:40,4542.32,4544.78,4540.01,4541.46
2026.05.15 15:45,4541.42,4542.83,4539.16,4540.09
2026.05.15 15:50,4540.22,4543.34,4536.54,4537.97
2026.05.15 15:55,4537.95,4539.68,4533.87,4539.68
2026.05.15 16:00,4540.89,4542.39,4533.61,4535.71
2026.05.15 16:05,4535.40,4536.66,4529.52,4531.41
2026.05.15 16:10,4531.13,4533.52,4529.40,4532.63
2026.05.15 16:15,4532.45,4534.77,4531.38,4533.73
2026.05.15 16:20,4533.81,4540.49,4533.34,4540.49
2026.05.15 16:25,4540.47,4542.37,4537.23,4540.94
2026.05.15 16:30,4541.92,4544.30,4540.20,4544.00
2026.05.15 16:35,4544.00,4545.76,4542.82,4545.54
2026.05.15 16:40,4545.57,4547.36,4543.66,4547.24
2026.05.15 16:45,4547.26,4548.05,4545.04,4545.41
2026.05.15 16:50,4545.39,4547.30,4541.97,4542.70
2026.05.15 16:55,4542.70,4545.04,4542.02,4544.39
2026.05.15 17:00,4544.65,4552.30,4543.17,4550.15
2026.05.15 17:05,4550.32,4555.38,4549.80,4554.65
2026.05.15 17:10,4554.83,4558.04,4554.57,4557.08
2026.05.15 17:15,4557.27,4557.53,4554.54,4555.93
2026.05.15 17:20,4555.86,4563.74,4555.39,4561.98
2026.05.15 17:25,4562.04,4564.46,4556.57,4557.85
2026.05.15 17:30,4557.93,4563.27,4557.93,4562.62
2026.05.15 17:35,4562.62,4563.52,4560.19,4563.10
2026.05.15 17:40,4563.03,4563.59,4560.65,4560.79
2026.05.15 17:45,4560.83,4562.62,4559.88,4560.64
2026.05.15 17:50,4560.64,4560.64,4558.27,4558.40
2026.05.15 17:55,4558.39,4560.45,4557.28,4559.54
2026.05.15 18:00,4559.76,4561.28,4558.19,4559.03
2026.05.15 18:05,4559.09,4559.71,4556.12,4558.55
2026.05.15 18:10,4558.56,4561.94,4558.15,4561.73
2026.05.15 18:15,4561.73,4563.04,4553.16,4554.64
2026.05.15 18:20,4554.55,4559.92,4554.49,4558.68
2026.05.15 18:25,4558.67,4559.49,4556.40,4558.15
2026.05.15 18:30,4558.16,4558.85,4552.41,4555.24
2026.05.15 18:35,4555.45,4558.01,4554.81,4558.01
2026.05.15 18:40,4558.00,4558.41,4555.73,4557.64
2026.05.15 18:45,4557.60,4560.17,4556.66,4559.27
2026.05.15 18:50,4559.34,4562.83,4559.34,4561.05
2026.05.15 18:55,4561.00,4561.37,4558.44,4559.27
2026.05.15 19:00,4559.75,4560.13,4554.28,4554.34
2026.05.15 19:05,4554.41,4555.72,4551.58,4551.79
2026.05.15 19:10,4551.78,4552.15,4549.53,4550.44
2026.05.15 19:15,4550.44,4552.41,4549.01,4552.21
2026.05.15 19:20,4552.08,4552.71,4550.04,4550.05
2026.05.15 19:25,4550.02,4550.99,4548.57,4550.21
2026.05.15 19:30,4550.27,4553.74,4549.86,4550.47
2026.05.15 19:35,4550.52,4555.22,4549.63,4554.88
2026.05.15 19:40,4554.73,4555.29,4552.60,4553.49
2026.05.15 19:45,4553.52,4554.40,4551.65,4552.03
2026.05.15 19:50,4551.05,4551.89,4548.43,4549.23
2026.05.15 19:55,4549.29,4549.29,4544.98,4545.97
2026.05.15 20:00,4545.59,4546.04,4539.15,4539.94
2026.05.15 20:05,4540.03,4540.39,4536.23,4536.91
2026.05.15 20:10,4536.97,4540.56,4536.66,4538.28
2026.05.15 20:15,4538.26,4538.36,4535.41,4536.67
2026.05.15 20:20,4536.59,4537.62,4533.14,4537.29
2026.05.15 20:25,4537.31,4539.09,4536.30,4539.09
2026.05.15 20:30,4539.17,4544.00,4539.16,4541.14
2026.05.15 20:35,4541.14,4542.02,4539.36,4540.82
2026.05.15 20:40,4540.55,4541.41,4539.17,4540.44
2026.05.15 20:45,4540.59,4541.46,4537.97,4538.22
2026.05.15 20:50,4538.42,4538.72,4536.67,4538.42
2026.05.15 20:55,4538.40,4540.74,4537.08,4539.10
2026.05.17 22:00,4535.22,4545.45,4527.98,4545.10
2026.05.17 22:05,4544.98,4555.07,4544.98,4552.89
2026.05.17 22:10,4553.50,4554.76,4547.79,4548.48
2026.05.17 22:15,4548.57,4550.11,4544.37,4545.07
2026.05.17 22:20,4545.27,4546.34,4538.30,4545.19
2026.05.17 22:25,4545.22,4545.42,4538.75,4541.11
2026.05.17 22:30,4541.10,4551.19,4540.99,4544.79
2026.05.17 22:35,4544.71,4552.65,4544.71,4551.27
2026.05.17 22:40,4551.01,4553.83,4548.04,4550.00
2026.05.17 22:45,4549.74,4554.58,4549.55,4551.78
2026.05.17 22:50,4551.74,4551.95,4547.06,4547.27
2026.05.17 22:55,4547.27,4550.05,4543.72,4546.18
2026.05.17 23:00,4546.29,4548.01,4543.92,4545.52
2026.05.17 23:05,4545.45,4545.45,4539.68,4541.55
2026.05.17 23:10,4541.54,4545.80,4539.97,4541.65
2026.05.17 23:15,4541.54,4543.23,4538.80,4539.67
2026.05.17 23:20,4541.05,4544.38,4540.38,4541.49
2026.05.17 23:25,4541.50,4543.62,4537.97,4538.01
2026.05.17 23:30,4537.99,4539.71,4534.87,4539.11
2026.05.17 23:35,4539.13,4541.49,4536.95,4539.28
2026.05.17 23:40,4539.28,4541.15,4532.62,4539.28
2026.05.17 23:45,4539.26,4540.09,4532.22,4538.07
2026.05.17 23:50,4537.96,4544.10,4537.63,4541.25
2026.05.17 23:55,4541.12,4542.16,4535.60,4537.16
2026.05.18 00:00,4537.14,4542.65,4530.39,4530.93
2026.05.18 00:05,4530.94,4533.57,4523.08,4523.80
2026.05.18 00:10,4523.81,4529.81,4523.78,4526.30
2026.05.18 00:15,4526.31,4529.27,4522.93,4523.38
2026.05.18 00:20,4523.04,4533.51,4517.09,4517.43
2026.05.18 00:25,4517.75,4520.88,4514.76,4515.88
2026.05.18 00:30,4515.76,4518.79,4487.64,4492.26
2026.05.18 00:35,4492.26,4502.95,4489.62,4490.33
2026.05.18 00:40,4490.32,4493.56,4480.66,4481.62
2026.05.18 00:45,4481.31,4496.35,4480.62,4494.28
2026.05.18 00:50,4494.09,4495.76,4486.59,4491.61
2026.05.18 00:55,4491.90,4516.56,4491.61,4516.06
2026.05.18 01:00,4515.21,4516.02,4489.57,4497.75
2026.05.18 01:05,4497.77,4504.76,4492.55,4501.45
2026.05.18 01:10,4501.56,4505.32,4494.53,4495.98
2026.05.18 01:15,4495.83,4500.37,4492.90,4498.42
2026.05.18 01:20,4498.43,4508.04,4493.65,4506.60
2026.05.18 01:25,4506.46,4510.00,4498.70,4503.99
2026.05.18 01:30,4503.98,4511.31,4501.42,4509.90
2026.05.18 01:35,4509.98,4513.19,4499.95,4508.21
2026.05.18 01:40,4508.22,4512.62,4506.14,4512.53
2026.05.18 01:45,4512.52,4528.60,4510.98,4528.26
2026.05.18 01:50,4528.24,4535.57,4525.97,4530.32
2026.05.18 01:55,4530.43,4530.56,4524.91,4525.39
2026.05.18 02:00,4525.38,4535.80,4522.05,4532.23
2026.05.18 02:05,4532.11,4533.45,4525.71,4528.85
2026.05.18 02:10,4528.81,4538.47,4527.84,4536.64
2026.05.18 02:15,4536.62,4537.76,4531.88,4534.86
2026.05.18 02:20,4534.85,4540.67,4533.03,4537.52
2026.05.18 02:25,4537.42,4539.97,4533.60,4533.63
2026.05.18 02:30,4533.16,4537.70,4529.34,4532.17
2026.05.18 02:35,4532.20,4538.39,4530.60,4538.09
2026.05.18 02:40,4538.19,4541.05,4534.98,4536.21
2026.05.18 02:45,4536.20,4542.57,4530.39,4530.40
2026.05.18 02:50,4530.61,4535.50,4530.36,4534.00
2026.05.18 02:55,4533.91,4535.11,4530.96,4533.69
2026.05.18 03:00,4533.67,4535.64,4530.24,4531.11
2026.05.18 03:05,4531.15,4534.75,4527.56,4532.91
2026.05.18 03:10,4533.00,4535.57,4526.91,4529.22
2026.05.18 03:15,4529.53,4533.15,4528.24,4530.77
2026.05.18 03:20,4530.60,4536.32,4529.31,4533.63
2026.05.18 03:25,4533.55,4538.24,4529.24,4535.93
2026.05.18 03:30,4535.93,4537.82,4526.37,4526.95
2026.05.18 03:35,4526.92,4537.42,4525.16,4535.31
2026.05.18 03:40,4534.89,4547.94,4533.86,4545.62
2026.05.18 03:45,4545.45,4547.75,4539.34,4541.89
2026.05.18 03:50,4542.01,4547.42,4539.07,4541.15
2026.05.18 03:55,4540.91,4543.69,4540.40,4541.08
2026.05.18 04:00,4541.06,4548.31,4540.80,4545.65
2026.05.18 04:05,4545.67,4549.64,4543.28,4545.69
2026.05.18 04:10,4545.72,4547.65,4543.46,4544.38
2026.05.18 04:15,4544.40,4547.16,4542.81,4545.57
2026.05.18 04:20,4545.56,4545.87,4536.88,4537.22
2026.05.18 04:25,4537.09,4538.78,4530.14,4532.68
2026.05.18 04:30,4532.67,4541.40,4532.23,4540.04
2026.05.18 04:35,4540.21,4542.79,4538.48,4542.79
2026.05.18 04:40,4542.79,4544.32,4539.77,4541.75
2026.05.18 04:45,4541.75,4541.75,4538.67,4540.45
2026.05.18 04:50,4540.26,4545.74,4537.88,4543.21
2026.05.18 04:55,4543.22,4543.97,4535.22,4540.72
2026.05.18 05:00,4540.82,4542.82,4533.02,4535.97
2026.05.18 05:05,4535.89,4539.88,4533.90,4538.01
2026.05.18 05:10,4538.14,4539.04,4535.67,4538.28
2026.05.18 05:15,4538.27,4548.98,4535.00,4545.81
2026.05.18 05:20,4546.01,4549.21,4541.58,4546.15
2026.05.18 05:25,4546.20,4550.58,4545.11,4548.75
2026.05.18 05:30,4548.90,4551.84,4539.82,4542.60
2026.05.18 05:35,4542.68,4547.19,4540.51,4544.41
2026.05.18 05:40,4544.31,4544.61,4538.48,4539.72
2026.05.18 05:45,4539.48,4542.90,4537.56,4538.81
2026.05.18 05:50,4538.80,4539.75,4534.89,4536.32
2026.05.18 05:55,4536.24,4538.85,4530.05,4530.95
2026.05.18 06:00,4530.69,4539.29,4529.79,4535.37
2026.05.18 06:05,4535.35,4540.54,4533.48,4537.95
2026.05.18 06:10,4537.96,4538.21,4532.39,4537.44
2026.05.18 06:15,4537.42,4541.42,4534.53,4536.43
2026.05.18 06:20,4536.33,4544.15,4534.58,4543.23
2026.05.18 06:25,4543.28,4548.13,4537.32,4537.46
2026.05.18 06:30,4537.49,4546.96,4534.79,4539.95
2026.05.18 06:35,4539.82,4542.21,4537.87,4538.23
2026.05.18 06:40,4538.13,4540.84,4535.16,4540.74
2026.05.18 06:45,4540.71,4546.21,4538.56,4543.63
2026.05.18 06:50,4543.63,4546.10,4542.59,4545.98
2026.05.18 06:55,4545.95,4547.67,4544.84,4546.80
2026.05.18 07:00,4546.89,4549.37,4543.66,4544.00
2026.05.18 07:05,4543.94,4548.02,4543.32,4546.46
2026.05.18 07:10,4546.46,4546.46,4542.17,4543.66
2026.05.18 07:15,4543.50,4545.77,4541.71,4541.96
2026.05.18 07:20,4541.63,4542.11,4538.27,4539.56
2026.05.18 07:25,4539.33,4551.04,4539.24,4550.58
2026.05.18 07:30,4550.49,4559.78,4550.49,4554.90
2026.05.18 07:35,4554.84,4555.22,4551.87,4552.67
2026.05.18 07:40,4552.77,4554.31,4547.88,4549.31
2026.05.18 07:45,4549.04,4551.72,4543.77,4543.90
2026.05.18 07:50,4543.96,4546.13,4540.17,4544.63
2026.05.18 07:55,4544.63,4548.60,4542.88,4546.23
2026.05.18 08:00,4545.85,4548.82,4544.80,4546.41
2026.05.18 08:05,4546.50,4548.29,4543.78,4544.00
2026.05.18 08:10,4544.03,4547.16,4542.44,4546.61
2026.05.18 08:15,4546.49,4546.50,4543.19,4545.62
2026.05.18 08:20,4545.58,4549.83,4545.57,4549.75
2026.05.18 08:25,4549.78,4551.46,4546.86,4547.96
2026.05.18 08:30,4548.00,4553.10,4545.92,4551.75
2026.05.18 08:35,4551.77,4551.80,4548.16,4551.36
2026.05.18 08:40,4551.35,4551.35,4548.03,4548.08
2026.05.18 08:45,4548.18,4553.83,4548.17,4552.31
2026.05.18 08:50,4552.19,4556.98,4551.71,4556.10
2026.05.18 08:55,4556.04,4556.68,4550.01,4550.01
2026.05.18 09:00,4550.00,4551.97,4541.24,4542.49
2026.05.18 09:05,4542.45,4547.17,4541.55,4547.11
2026.05.18 09:10,4547.12,4547.86,4545.08,4546.29
2026.05.18 09:15,4546.30,4548.42,4545.45,4546.23
2026.05.18 09:20,4546.27,4548.89,4546.01,4546.62
2026.05.18 09:25,4546.59,4548.27,4544.58,4544.98
2026.05.18 09:30,4544.80,4545.55,4540.67,4543.47
2026.05.18 09:35,4543.48,4546.51,4543.45,4546.11
2026.05.18 09:40,4545.85,4545.86,4540.64,4542.95
2026.05.18 09:45,4542.96,4543.09,4540.54,4541.49
2026.05.18 09:50,4541.43,4543.84,4540.24,4543.20
2026.05.18 09:55,4543.17,4544.64,4542.68,4543.13
2026.05.18 10:00,4542.93,4545.00,4540.37,4540.51
2026.05.18 10:05,4540.50,4542.13,4537.20,4538.27
2026.05.18 10:10,4538.28,4540.59,4535.70,4539.14
2026.05.18 10:15,4539.20,4542.45,4538.69,4542.08
2026.05.18 10:20,4542.09,4542.40,4538.13,4539.31
2026.05.18 10:25,4539.30,4540.60,4538.40,4539.63
2026.05.18 10:30,4539.60,4540.65,4532.79,4532.83
2026.05.18 10:35,4532.57,4539.46,4532.16,4538.35
2026.05.18 10:40,4538.30,4544.03,4537.88,4543.80
2026.05.18 10:45,4543.75,4547.65,4542.36,4543.10
2026.05.18 10:50,4543.06,4543.47,4537.53,4539.40
2026.05.18 10:55,4539.39,4540.23,4536.70,4540.23
2026.05.18 11:00,4540.42,4541.80,4537.90,4538.28
2026.05.18 11:05,4538.30,4539.72,4532.34,4532.62
2026.05.18 11:10,4532.42,4539.54,4530.06,4539.52
2026.05.18 11:15,4539.38,4540.15,4536.68,4539.15
2026.05.18 11:20,4539.20,4539.93,4531.80,4535.98
2026.05.18 11:25,4535.92,4537.78,4534.42,4536.45
2026.05.18 11:30,4535.88,4545.47,4535.54,4541.72
2026.05.18 11:35,4541.89,4555.05,4541.89,4555.05
2026.05.18 11:40,4555.87,4566.71,4552.09,4562.12
2026.05.18 11:45,4562.13,4564.51,4555.12,4555.44
2026.05.18 11:50,4555.41,4555.59,4551.59,4551.72
2026.05.18 11:55,4551.65,4554.99,4549.52,4550.65
2026.05.18 12:00,4550.27,4552.52,4547.47,4550.63
2026.05.18 12:05,4550.80,4556.64,4550.80,4555.61
2026.05.18 12:10,4555.65,4555.92,4551.50,4553.54
2026.05.18 12:15,4553.52,4554.76,4547.17,4547.36
2026.05.18 12:20,4546.96,4553.41,4545.41,4551.54
2026.05.18 12:25,4551.60,4554.89,4549.90,4550.71
2026.05.18 12:30,4550.70,4562.36,4550.41,4562.25
2026.05.18 12:35,4562.14,4563.09,4558.27,4561.63
2026.05.18 12:40,4561.47,4569.48,4558.54,4569.48
2026.05.18 12:45,4569.52,4574.73,4568.06,4572.41
2026.05.18 12:50,4572.84,4574.02,4562.70,4563.08
2026.05.18 12:55,4563.27,4572.36,4562.67,4571.45
2026.05.18 13:00,4572.21,4576.72,4564.45,4565.29
2026.05.18 13:05,4565.23,4568.53,4562.58,4563.91
2026.05.18 13:10,4563.65,4569.43,4561.94,4567.74
2026.05.18 13:15,4567.66,4568.49,4563.91,4566.03
2026.05.18 13:20,4565.97,4572.92,4565.50,4572.86
2026.05.18 13:25,4572.41,4576.27,4571.25,4571.93
2026.05.18 13:30,4572.03,4579.69,4567.32,4578.58
2026.05.18 13:35,4577.81,4577.81,4570.91,4573.68
2026.05.18 13:40,4573.73,4575.61,4564.81,4566.27
2026.05.18 13:45,4566.43,4576.34,4563.82,4574.35
2026.05.18 13:50,4574.13,4583.99,4572.93,4583.55
2026.05.18 13:55,4583.62,4584.17,4575.10,4575.62
2026.05.18 14:00,4575.75,4575.75,4564.39,4565.40
2026.05.18 14:05,4565.42,4567.39,4560.14,4566.94
2026.05.18 14:10,4566.94,4569.85,4562.01,4564.27
2026.05.18 14:15,4564.47,4568.87,4562.31,4566.14
2026.05.18 14:20,4566.20,4567.17,4555.00,4559.29
2026.05.18 14:25,4559.41,4563.28,4557.88,4561.78
2026.05.18 14:30,4561.76,4563.01,4545.15,4549.62
2026.05.18 14:35,4549.48,4550.68,4543.19,4546.46
2026.05.18 14:40,4546.48,4549.39,4538.58,4547.74
2026.05.18 14:45,4547.72,4548.14,4537.96,4543.09
2026.05.18 14:50,4543.10,4548.42,4541.30,4542.01
2026.05.18 14:55,4541.79,4547.28,4541.39,4546.68
2026.05.18 15:00,4546.96,4547.94,4531.93,4537.50
2026.05.18 15:05,4537.51,4544.40,4534.00,4536.70
2026.05.18 15:10,4536.70,4542.69,4536.47,4540.59
2026.05.18 15:15,4540.59,4542.61,4534.46,4536.68
2026.05.18 15:20,4536.75,4540.35,4535.98,4538.81
2026.05.18 15:25,4538.93,4540.25,4534.38,4534.74
2026.05.18 15:30,4534.58,4541.46,4533.99,4540.91
2026.05.18 15:35,4540.91,4542.19,4538.17,4541.79
2026.05.18 15:40,4541.85,4544.36,4538.57,4538.57
2026.05.18 15:45,4538.60,4543.53,4538.08,4541.21
2026.05.18 15:50,4541.19,4544.58,4539.75,4544.35
2026.05.18 15:55,4544.26,4546.87,4542.28,4543.51
2026.05.18 16:00,4543.83,4544.43,4540.21,4541.49
2026.05.18 16:05,4541.54,4544.43,4541.25,4543.53
2026.05.18 16:10,4543.53,4548.94,4542.76,4548.58
2026.05.18 16:15,4548.59,4550.34,4546.67,4547.19
2026.05.18 16:20,4547.21,4550.72,4544.51,4545.73
2026.05.18 16:25,4545.92,4546.86,4533.88,4537.02
2026.05.18 16:30,4537.04,4541.86,4534.36,4539.71
2026.05.18 16:35,4539.49,4544.84,4539.42,4544.26
2026.05.18 16:40,4544.28,4544.99,4541.92,4543.31
2026.05.18 16:45,4543.36,4548.84,4542.89,4548.32
2026.05.18 16:50,4548.31,4554.14,4548.31,4553.12
2026.05.18 16:55,4553.11,4554.54,4549.80,4550.21
2026.05.18 17:00,4549.79,4557.21,4548.01,4556.81
2026.05.18 17:05,4556.55,4558.26,4554.78,4556.17
2026.05.18 17:10,4556.55,4556.80,4553.08,4553.29
2026.05.18 17:15,4553.31,4555.60,4552.08,4554.60
2026.05.18 17:20,4554.62,4555.26,4552.50,4553.88
2026.05.18 17:25,4553.81,4554.72,4551.84,4553.95
2026.05.18 17:30,4553.95,4554.10,4548.90,4548.96
2026.05.18 17:35,4548.96,4550.38,4547.34,4549.55
2026.05.18 17:40,4549.41,4551.07,4547.87,4548.23
2026.05.18 17:45,4548.24,4549.64,4546.75,4546.77
2026.05.18 17:50,4546.77,4549.17,4546.58,4547.63
2026.05.18 17:55,4547.82,4547.86,4545.58,4546.97
2026.05.18 18:00,4547.01,4547.01,4543.91,4545.85
2026.05.18 18:05,4545.84,4547.75,4543.84,4545.10
2026.05.18 18:10,4545.15,4546.40,4544.10,4545.25
2026.05.18 18:15,4545.27,4545.44,4541.50,4542.66
2026.05.18 18:20,4542.65,4542.65,4540.41,4541.11
2026.05.18 18:25,4541.14,4542.74,4536.91,4541.94
2026.05.18 18:30,4542.31,4543.95,4540.71,4542.75
2026.05.18 18:35,4542.73,4543.43,4539.27,4539.71
2026.05.18 18:40,4539.67,4541.55,4539.01,4541.50
2026.05.18 18:45,4541.49,4543.28,4540.79,4541.68
2026.05.18 18:50,4541.64,4542.20,4539.78,4540.33
2026.05.18 18:55,4540.31,4541.75,4534.32,4535.66
2026.05.18 19:00,4535.92,4564.99,4535.33,4553.50
2026.05.18 19:05,4554.58,4560.09,4551.39,4557.17
2026.05.18 19:10,4557.17,4558.44,4553.61,4554.48
2026.05.18 19:15,4554.41,4555.46,4551.04,4551.65
2026.05.18 19:20,4551.69,4555.64,4549.93,4550.15
2026.05.18 19:25,4550.14,4551.95,4546.71,4551.69
2026.05.18 19:30,4551.90,4557.36,4550.27,4556.38
2026.05.18 19:35,4556.92,4559.50,4556.02,4559.41
2026.05.18 19:40,4559.46,4561.19,4557.91,4558.19
2026.05.18 19:45,4558.10,4562.94,4557.90,4561.28
2026.05.18 19:50,4561.32,4562.55,4560.02,4562.41
2026.05.18 19:55,4562.41,4562.41,4557.68,4558.41
2026.05.18 20:00,4559.75,4561.31,4557.94,4560.27
2026.05.18 20:05,4560.27,4560.45,4558.44,4558.79
2026.05.18 20:10,4558.93,4562.92,4558.64,4562.28
2026.05.18 20:15,4562.28,4566.52,4562.22,4564.33
2026.05.18 20:20,4564.33,4566.64,4562.99,4566.44
2026.05.18 20:25,4566.49,4566.67,4562.76,4563.31
2026.05.18 20:30,4563.33,4564.85,4561.79,4562.87
2026.05.18 20:35,4562.90,4564.08,4562.54,4562.67
2026.05.18 20:40,4562.65,4565.00,4562.35,4564.54
2026.05.18 20:45,4564.59,4565.00,4563.85,4563.85
2026.05.18 20:50,4563.78,4565.71,4563.07,4563.10
2026.05.18 20:55,4563.13,4566.64,4562.29,4566.31
2026.05.18 22:00,4568.17,4571.44,4567.54,4570.40
2026.05.18 22:05,4570.88,4573.55,4569.73,4571.75
2026.05.18 22:10,4571.83,4573.35,4570.43,4573.35
2026.05.18 22:15,4573.26,4574.42,4572.70,4573.82
2026.05.18 22:20,4573.81,4574.70,4571.84,4572.14
2026.05.18 22:25,4572.11,4573.10,4571.29,4572.93
2026.05.18 22:30,4572.94,4573.93,4571.71,4573.34
2026.05.18 22:35,4573.34,4575.89,4572.89,4575.89
2026.05.18 22:40,4575.90,4578.46,4575.14,4576.63
2026.05.18 22:45,4576.63,4576.96,4574.67,4575.58
2026.05.18 22:50,4575.58,4575.81,4573.38,4573.75
2026.05.18 22:55,4573.77,4573.96,4572.51,4573.87
2026.05.18 23:00,4573.93,4581.13,4573.63,4581.00
2026.05.18 23:05,4580.88,4581.65,4579.15,4580.22
2026.05.18 23:10,4580.22,4586.86,4580.09,4585.62
2026.05.18 23:15,4585.67,4586.74,4583.48,4586.03
2026.05.18 23:20,4586.03,4588.81,4583.89,4586.12
2026.05.18 23:25,4586.22,4586.93,4585.22,4585.75
2026.05.18 23:30,4585.78,4586.73,4582.86,4586.17
2026.05.18 23:35,4586.30,4587.81,4583.77,4584.93
2026.05.18 23:40,4584.89,4586.45,4584.18,4585.54
2026.05.18 23:45,4585.47,4586.64,4582.99,4583.44
2026.05.18 23:50,4583.44,4583.59,4582.15,4582.47
2026.05.18 23:55,4582.51,4582.78,4579.17,4581.79
2026.05.19 00:00,4582.08,4588.93,4578.58,4579.06
2026.05.19 00:05,4579.41,4585.41,4576.87,4583.86
2026.05.19 00:10,4584.22,4584.54,4578.76,4578.82
2026.05.19 00:15,4578.90,4581.07,4575.00,4580.14
2026.05.19 00:20,4580.12,4585.72,4573.65,4574.75
2026.05.19 00:25,4574.73,4575.25,4568.67,4573.56
2026.05.19 00:30,4573.57,4576.06,4572.28,4574.83
2026.05.19 00:35,4574.47,4575.52,4568.50,4568.82
2026.05.19 00:40,4568.77,4574.06,4568.23,4570.77
2026.05.19 00:45,4570.63,4572.50,4569.56,4571.68
2026.05.19 00:50,4571.68,4571.71,4565.98,4566.34
2026.05.19 00:55,4566.58,4566.85,4561.31,4563.32
2026.05.19 01:00,4562.95,4567.36,4557.59,4564.39
2026.05.19 01:05,4564.50,4569.28,4560.96,4564.48
2026.05.19 01:10,4564.34,4568.41,4562.65,4565.70
2026.05.19 01:15,4565.79,4568.39,4557.75,4559.57
2026.05.19 01:20,4559.53,4559.82,4554.27,4555.79
2026.05.19 01:25,4556.06,4559.82,4556.06,4559.25
2026.05.19 01:30,4559.13,4561.93,4555.32,4561.55
2026.05.19 01:35,4561.44,4568.40,4561.40,4568.31
2026.05.19 01:40,4568.34,4572.23,4566.58,4570.75
2026.05.19 01:45,4570.77,4571.72,4565.66,4566.42
2026.05.19 01:50,4566.39,4568.69,4561.47,4567.47
2026.05.19 01:55,4567.50,4567.78,4562.93,4563.94
2026.05.19 02:00,4563.73,4563.73,4558.42,4561.09
2026.05.19 02:05,4561.22,4561.29,4554.94,4555.21
2026.05.19 02:10,4555.24,4557.57,4553.14,4554.66
2026.05.19 02:15,4554.63,4557.40,4551.66,4557.17
2026.05.19 02:20,4557.13,4560.00,4556.32,4558.24
2026.05.19 02:25,4558.45,4561.99,4557.44,4559.50
2026.05.19 02:30,4559.54,4559.57,4554.50,4554.99
2026.05.19 02:35,4555.10,4557.03,4552.14,4553.52
2026.05.19 02:40,4553.76,4559.48,4551.12,4556.07
2026.05.19 02:45,4556.16,4557.93,4550.37,4552.15
2026.05.19 02:50,4552.26,4554.57,4548.20,4550.66
2026.05.19 02:55,4550.77,4550.77,4546.00,4547.08
2026.05.19 03:00,4547.08,4550.65,4543.68,4547.16
2026.05.19 03:05,4547.15,4552.72,4547.12,4548.93
2026.05.19 03:10,4548.88,4552.07,4547.29,4551.84
2026.05.19 03:15,4551.90,4552.99,4548.48,4551.08
2026.05.19 03:20,4551.08,4551.84,4546.83,4548.46
2026.05.19 03:25,4548.36,4550.61,4547.63,4549.12
2026.05.19 03:30,4549.09,4550.36,4547.04,4549.87
2026.05.19 03:35,4549.88,4555.10,4549.69,4554.68
2026.05.19 03:40,4554.62,4554.65,4547.66,4547.77
2026.05.19 03:45,4547.65,4548.66,4544.68,4547.07
2026.05.19 03:50,4547.20,4549.35,4546.07,4548.69
2026.05.19 03:55,4548.53,4549.04,4544.41,4544.92
2026.05.19 04:00,4545.00,4545.37,4541.67,4544.25
2026.05.19 04:05,4544.18,4545.67,4541.15,4542.31
2026.05.19 04:10,4542.43,4544.02,4538.67,4540.18
2026.05.19 04:15,4540.24,4542.56,4538.39,4540.27
2026.05.19 04:20,4540.39,4543.10,4540.24,4542.58
2026.05.19 04:25,4542.62,4542.64,4538.20,4540.22
2026.05.19 04:30,4540.27,4540.47,4537.95,4538.80
2026.05.19 04:35,4538.85,4542.03,4538.78,4540.56
2026.05.19 04:40,4540.59,4542.19,4539.40,4539.66
2026.05.19 04:45,4539.76,4542.47,4539.76,4540.62
2026.05.19 04:50,4540.78,4542.82,4540.09,4542.55
2026.05.19 04:55,4542.49,4543.71,4541.51,4542.47
2026.05.19 05:00,4542.65,4544.93,4541.67,4544.35
2026.05.19 05:05,4544.58,4545.29,4540.36,4545.29
2026.05.19 05:10,4545.26,4546.54,4543.50,4544.78
2026.05.19 05:15,4544.79,4545.30,4540.54,4541.99
2026.05.19 05:20,4541.97,4542.49,4531.15,4535.38
2026.05.19 05:25,4535.36,4540.60,4533.25,4538.56
2026.05.19 05:30,4539.12,4540.23,4533.28,4536.93
2026.05.19 05:35,4536.94,4541.40,4534.82,4539.90
2026.05.19 05:40,4539.85,4544.18,4538.06,4538.51
2026.05.19 05:45,4538.52,4541.69,4533.06,4533.94
2026.05.19 05:50,4533.57,4541.29,4533.34,4539.83
2026.05.19 05:55,4539.83,4543.39,4538.78,4540.78
2026.05.19 06:00,4541.14,4541.48,4533.54,4539.31
2026.05.19 06:05,4538.83,4540.45,4536.12,4537.72
2026.05.19 06:10,4537.75,4545.89,4537.26,4542.00
2026.05.19 06:15,4542.04,4550.20,4541.04,4550.20
2026.05.19 06:20,4550.05,4551.24,4545.68,4549.52
2026.05.19 06:25,4549.44,4553.93,4547.85,4547.85
2026.05.19 06:30,4547.72,4551.15,4544.84,4550.20
2026.05.19 06:35,4550.24,4552.46,4546.41,4552.25
2026.05.19 06:40,4552.31,4552.79,4548.79,4552.18
2026.05.19 06:45,4552.25,4552.46,4543.11,4543.11
2026.05.19 06:50,4543.13,4547.42,4543.13,4546.79
2026.05.19 06:55,4546.83,4549.64,4546.83,4548.06
2026.05.19 07:00,4547.61,4548.78,4544.24,4547.90
2026.05.19 07:05,4547.90,4555.29,4546.95,4552.93
2026.05.19 07:10,4552.84,4553.83,4547.18,4548.62
2026.05.19 07:15,4548.66,4550.02,4546.74,4548.68
2026.05.19 07:20,4548.69,4549.90,4544.96,4547.30
2026.05.19 07:25,4547.07,4548.13,4543.12,4548.12
2026.05.19 07:30,4548.28,4549.12,4543.80,4544.08
2026.05.19 07:35,4544.08,4547.74,4542.60,4543.21
2026.05.19 07:40,4543.41,4544.97,4541.42,4542.23
2026.05.19 07:45,4542.15,4554.25,4542.03,4550.98
2026.05.19 07:50,4551.17,4553.77,4547.99,4552.16
2026.05.19 07:55,4552.17,4559.37,4552.17,4557.21
2026.05.19 08:00,4557.22,4559.07,4552.66,4552.88
2026.05.19 08:05,4552.88,4552.93,4543.97,4544.37
2026.05.19 08:10,4544.24,4547.96,4542.61,4546.37
2026.05.19 08:15,4546.37,4548.09,4544.27,4544.27
2026.05.19 08:20,4544.42,4544.90,4539.10,4540.60
2026.05.19 08:25,4540.54,4540.91,4536.34,4538.44
2026.05.19 08:30,4538.37,4544.31,4536.95,4544.31
2026.05.19 08:35,4544.26,4545.00,4542.41,4543.21
2026.05.19 08:40,4543.26,4543.69,4542.23,4543.23
2026.05.19 08:45,4543.25,4548.58,4543.03,4546.06
2026.05.19 08:50,4546.06,4547.24,4538.39,4542.57
2026.05.19 08:55,4542.55,4544.20,4541.93,4542.78
2026.05.19 09:00,4542.68,4542.68,4539.88,4541.41
2026.05.19 09:05,4541.42,4541.42,4537.03,4540.61
2026.05.19 09:10,4540.60,4540.99,4537.17,4539.63
2026.05.19 09:15,4539.40,4540.10,4536.07,4539.97
2026.05.19 09:20,4539.96,4546.72,4539.80,4546.49
2026.05.19 09:25,4546.61,4546.70,4540.26,4540.59
2026.05.19 09:30,4540.59,4543.13,4536.72,4539.24
2026.05.19 09:35,4539.23,4542.20,4537.26,4539.39
2026.05.19 09:40,4539.34,4540.31,4538.02,4539.53
2026.05.19 09:45,4539.52,4541.19,4538.39,4540.71
2026.05.19 09:50,4540.71,4543.50,4539.11,4543.19
2026.05.19 09:55,4543.31,4544.63,4540.75,4541.81
2026.05.19 10:00,4541.84,4541.84,4536.50,4536.58
2026.05.19 10:05,4536.47,4542.01,4536.14,4540.21
2026.05.19 10:10,4540.25,4542.33,4538.74,4541.45
2026.05.19 10:15,4541.46,4541.84,4538.36,4539.48
2026.05.19 10:20,4539.48,4541.51,4539.00,4540.77
2026.05.19 10:25,4540.76,4540.80,4539.12,4539.71
2026.05.19 10:30,4539.85,4542.38,4538.89,4541.43
2026.05.19 10:35,4541.30,4542.93,4534.32,4540.95
2026.05.19 10:40,4540.94,4541.45,4525.49,4529.16
2026.05.19 10:45,4529.26,4534.36,4527.75,4532.84
2026.05.19 10:50,4532.86,4535.79,4532.13,4535.24
2026.05.19 10:55,4535.40,4544.64,4535.40,4544.64
2026.05.19 11:00,4544.68,4547.91,4543.16,4543.67
2026.05.19 11:05,4543.72,4543.72,4540.66,4541.37
2026.05.19 11:10,4541.37,4542.09,4535.95,4536.76
2026.05.19 11:15,4536.75,4542.10,4535.81,4540.96
2026.05.19 11:20,4541.07,4542.01,4538.95,4541.11
2026.05.19 11:25,4541.01,4542.14,4536.95,4539.39
2026.05.19 11:30,4539.31,4540.79,4537.71,4539.31
2026.05.19 11:35,4539.33,4539.35,4536.89,4538.02
2026.05.19 11:40,4538.02,4543.18,4537.31,4542.20
2026.05.19 11:45,4541.99,4542.21,4537.33,4539.91
2026.05.19 11:50,4539.93,4540.07,4534.49,4534.88
2026.05.19 11:55,4534.95,4534.98,4529.92,4530.78
2026.05.19 12:00,4530.31,4535.91,4527.54,4535.40
2026.05.19 12:05,4535.57,4542.38,4533.57,4542.20
2026.05.19 12:10,4542.05,4546.58,4541.35,4542.23
2026.05.19 12:15,4542.26,4543.60,4536.79,4539.92
2026.05.19 12:20,4539.94,4544.23,4539.62,4543.80
2026.05.19 12:25,4543.87,4544.15,4540.55,4543.53
2026.05.19 12:30,4543.01,4546.84,4542.19,4543.68
2026.05.19 12:35,4543.66,4547.09,4541.39,4542.50
2026.05.19 12:40,4542.49,4546.30,4536.75,4537.38
2026.05.19 12:45,4537.39,4539.89,4535.71,4539.41
2026.05.19 12:50,4539.58,4541.33,4537.30,4541.17
2026.05.19 12:55,4541.16,4541.52,4536.76,4537.22
2026.05.19 13:00,4537.02,4537.22,4522.08,4523.79
2026.05.19 13:05,4523.38,4525.14,4515.17,4522.74
2026.05.19 13:10,4522.61,4526.44,4519.69,4524.36
2026.05.19 13:15,4524.34,4526.14,4516.36,4517.21
2026.05.19 13:20,4517.11,4519.71,4503.62,4504.93
2026.05.19 13:25,4504.48,4504.72,4491.18,4492.11
2026.05.19 13:30,4492.76,4495.59,4465.02,4481.51
2026.05.19 13:35,4481.54,4486.86,4471.32,4483.34
2026.05.19 13:40,4483.35,4483.49,4470.37,4476.13
2026.05.19 13:45,4476.11,4482.28,4474.25,4481.42
2026.05.19 13:50,4481.27,4505.10,4480.05,4504.42
2026.05.19 13:55,4504.47,4511.09,4498.01,4504.02
2026.05.19 14:00,4503.54,4512.25,4496.04,4512.25
2026.05.19 14:05,4511.77,4513.92,4494.82,4504.04
2026.05.19 14:10,4503.98,4503.98,4492.24,4492.68
2026.05.19 14:15,4492.71,4500.96,4492.02,4495.00
2026.05.19 14:20,4495.29,4495.86,4484.78,4486.69
2026.05.19 14:25,4487.17,4494.21,4484.59,4489.98
2026.05.19 14:30,4490.10,4497.93,4489.00,4490.23
2026.05.19 14:35,4490.23,4498.66,4489.09,4489.74
2026.05.19 14:40,4489.76,4497.82,4487.55,4494.60
2026.05.19 14:45,4494.61,4496.33,4487.86,4490.03
2026.05.19 14:50,4490.04,4494.07,4486.36,4486.60
2026.05.19 14:55,4486.75,4496.57,4486.72,4494.17
2026.05.19 15:00,4494.14,4499.85,4494.10,4496.69
2026.05.19 15:05,4496.72,4499.50,4490.01,4498.38
2026.05.19 15:10,4498.33,4499.80,4495.77,4499.22
2026.05.19 15:15,4499.12,4505.03,4498.36,4500.57
2026.05.19 15:20,4500.52,4502.14,4493.93,4494.99
2026.05.19 15:25,4494.89,4500.00,4494.52,4498.90
2026.05.19 15:30,4498.76,4507.54,4497.95,4503.76
2026.05.19 15:35,4502.91,4505.29,4499.00,4503.14
2026.05.19 15:40,4502.95,4505.11,4500.67,4502.15
2026.05.19 15:45,4502.36,4504.08,4500.29,4504.08
2026.05.19 15:50,4503.97,4505.72,4501.77,4503.10
2026.05.19 15:55,4503.08,4509.29,4503.06,4508.43
2026.05.19 16:00,4508.87,4509.99,4505.36,4505.68
2026.05.19 16:05,4505.69,4505.69,4497.63,4498.49
2026.05.19 16:10,4498.47,4501.18,4496.26,4500.90
2026.05.19 16:15,4500.91,4503.03,4498.78,4500.42
2026.05.19 16:20,4500.42,4505.97,4500.22,4505.61
2026.05.19 16:25,4505.97,4511.90,4505.97,4508.67
2026.05.19 16:30,4508.79,4512.39,4506.69,4507.44
2026.05.19 16:35,4507.41,4509.75,4505.88,4508.82
2026.05.19 16:40,4508.89,4509.43,4505.62,4505.96
2026.05.19 16:45,4506.00,4506.50,4504.63,4505.99
2026.05.19 16:50,4506.03,4507.77,4504.80,4505.50
2026.05.19 16:55,4505.71,4509.26,4505.01,4507.72
2026.05.19 17:00,4507.72,4509.71,4505.98,4506.88
2026.05.19 17:05,4507.00,4509.33,4505.87,4508.13
2026.05.19 17:10,4508.12,4510.76,4506.34,4510.39
2026.05.19 17:15,4510.27,4511.02,4507.78,4508.35
2026.05.19 17:20,4508.05,4508.05,4503.41,4503.58
2026.05.19 17:25,4503.70,4508.43,4503.70,4507.12
2026.05.19 17:30,4507.03,4508.39,4504.05,4504.20
2026.05.19 17:35,4504.19,4506.91,4503.66,4506.91
2026.05.19 17:40,4506.98,4506.98,4502.89,4504.49
2026.05.19 17:45,4504.51,4504.88,4500.54,4500.78
2026.05.19 17:50,4500.79,4501.78,4499.18,4499.63
2026.05.19 17:55,4499.65,4501.42,4499.48,4500.88
2026.05.19 18:00,4500.88,4501.68,4499.88,4501.11
2026.05.19 18:05,4501.14,4503.71,4499.84,4503.25
2026.05.19 18:10,4503.22,4503.56,4500.98,4501.04
2026.05.19 18:15,4500.97,4501.84,4499.62,4499.71
2026.05.19 18:20,4499.71,4499.80,4495.65,4498.60
2026.05.19 18:25,4498.60,4500.15,4495.86,4495.97
2026.05.19 18:30,4496.07,4499.02,4493.44,4497.80
2026.05.19 18:35,4497.80,4500.07,4496.24,4499.90
2026.05.19 18:40,4499.89,4500.77,4498.30,4499.10
2026.05.19 18:45,4499.11,4499.98,4498.15,4499.36
2026.05.19 18:50,4499.36,4499.65,4493.61,4493.91
2026.05.19 18:55,4493.30,4494.75,4490.45,4493.63
2026.05.19 19:00,4493.56,4496.54,4493.11,4493.80
2026.05.19 19:05,4494.33,4496.03,4494.05,4495.48
2026.05.19 19:10,4495.50,4497.49,4495.24,4497.00
2026.05.19 19:15,4496.97,4497.32,4492.05,4492.82
2026.05.19 19:20,4492.76,4492.97,4486.58,4486.71
2026.05.19 19:25,4486.69,4488.81,4485.63,4487.05
2026.05.19 19:30,4487.06,4489.95,4486.25,4486.38
2026.05.19 19:35,4486.49,4488.81,4486.32,4487.60
2026.05.19 19:40,4487.61,4488.66,4485.92,4488.30
2026.05.19 19:45,4488.35,4488.84,4485.99,4486.60
2026.05.19 19:50,4486.25,4486.97,4483.69,4483.72
2026.05.19 19:55,4483.97,4483.97,4481.28,4483.24
2026.05.19 20:00,4483.55,4484.24,4481.06,4482.61
2026.05.19 20:05,4482.54,4486.23,4481.74,4485.50
2026.05.19 20:10,4485.56,4487.08,4484.39,4485.63
2026.05.19 20:15,4485.57,4485.74,4483.60,4485.42
2026.05.19 20:20,4485.44,4488.25,4485.16,4487.41
2026.05.19 20:25,4487.41,4487.62,4485.79,4486.29
2026.05.19 20:30,4486.31,4486.32,4483.38,4484.03
2026.05.19 20:35,4484.01,4484.75,4483.29,4483.39
2026.05.19 20:40,4483.28,4484.52,4482.05,4483.40
2026.05.19 20:45,4483.68,4484.21,4482.67,4483.17
2026.05.19 20:50,4483.20,4484.20,4482.28,4482.54
2026.05.19 20:55,4482.60,4484.08,4481.60,4482.13
2026.05.19 22:00,4483.26,4484.74,4480.41,4484.42
2026.05.19 22:05,4484.30,4485.81,4482.58,4484.59
2026.05.19 22:10,4484.33,4484.76,4482.73,4482.87
2026.05.19 22:15,4482.87,4482.87,4478.16,4480.25
2026.05.19 22:20,4480.25,4481.27,4479.46,4480.85
2026.05.19 22:25,4480.85,4481.05,4478.65,4479.48
2026.05.19 22:30,4479.49,4484.15,4477.49,4484.07
2026.05.19 22:35,4483.73,4485.85,4480.17,4480.85
2026.05.19 22:40,4480.85,4484.41,4479.97,4482.14
2026.05.19 22:45,4482.14,4483.78,4480.20,4482.29
2026.05.19 22:50,4482.29,4483.07,4479.47,4481.54
2026.05.19 22:55,4481.46,4484.63,4481.23,4484.46
2026.05.19 23:00,4484.33,4484.33,4479.95,4483.47
2026.05.19 23:05,4483.49,4484.36,4481.56,4483.70
2026.05.19 23:10,4483.83,4486.73,4483.52,4486.35
2026.05.19 23:15,4486.10,4488.75,4483.38,4488.23
2026.05.19 23:20,4488.25,4488.60,4484.99,4486.83
2026.05.19 23:25,4486.83,4487.66,4485.69,4486.24
2026.05.19 23:30,4486.51,4493.64,4485.68,4493.30
2026.05.19 23:35,4493.17,4494.23,4489.29,4493.49
2026.05.19 23:40,4493.47,4496.41,4491.58,4492.39
2026.05.19 23:45,4492.39,4494.24,4489.98,4493.53
2026.05.19 23:50,4493.53,4494.60,4490.33,4490.95
2026.05.19 23:55,4490.99,4492.78,4488.27,4489.34
2026.05.20 00:00,4489.54,4489.93,4482.76,4486.06
2026.05.20 00:05,4486.15,4486.79,4479.75,4484.18
2026.05.20 00:10,4484.24,4490.59,4481.82,4488.60
2026.05.20 00:15,4488.64,4490.58,4482.60,4483.64
2026.05.20 00:20,4483.53,4491.34,4481.60,4491.29
2026.05.20 00:25,4491.92,4502.13,4490.18,4502.02
2026.05.20 00:30,4501.94,4507.25,4500.38,4503.08
2026.05.20 00:35,4503.55,4505.66,4499.89,4501.78
2026.05.20 00:40,4501.79,4506.82,4501.23,4505.29
2026.05.20 00:45,4505.25,4508.74,4503.20,4504.99
2026.05.20 00:50,4505.00,4505.53,4500.80,4503.55
2026.05.20 00:55,4503.49,4503.77,4498.12,4500.96
2026.05.20 01:00,4501.22,4505.58,4489.94,4493.85
2026.05.20 01:05,4493.84,4495.46,4488.02,4495.18
2026.05.20 01:10,4495.18,4500.46,4491.33,4492.44
2026.05.20 01:15,4492.66,4496.17,4491.89,4495.61
2026.05.20 01:20,4495.65,4496.51,4483.25,4484.75
2026.05.20 01:25,4484.62,4485.71,4472.86,4473.55
2026.05.20 01:30,4473.65,4477.01,4467.99,4473.31
2026.05.20 01:35,4473.32,4473.32,4456.07,4468.07
2026.05.20 01:40,4468.12,4469.15,4461.79,4466.79
2026.05.20 01:45,4466.81,4473.65,4463.18,4472.44
2026.05.20 01:50,4472.37,4488.40,4472.37,4481.73
2026.05.20 01:55,4481.76,4482.62,4478.73,4481.31
2026.05.20 02:00,4481.31,4485.13,4480.24,4485.13
2026.05.20 02:05,4485.09,4486.94,4478.58,4479.39
2026.05.20 02:10,4479.56,4481.79,4476.12,4481.35
2026.05.20 02:15,4481.38,4482.63,4476.45,4477.32
2026.05.20 02:20,4477.30,4487.03,4476.50,4484.60
2026.05.20 02:25,4484.62,4484.87,4479.46,4481.57
2026.05.20 02:30,4482.38,4483.44,4465.90,4470.50
2026.05.20 02:35,4470.71,4471.11,4465.81,4469.73
2026.05.20 02:40,4469.72,4471.68,4460.60,4460.60
2026.05.20 02:45,4460.56,4464.97,4459.68,4464.46
2026.05.20 02:50,4464.21,4466.13,4461.85,4463.35
2026.05.20 02:55,4463.38,4466.01,4458.61,4465.28
2026.05.20 03:00,4465.21,4467.18,4460.07,4463.24
2026.05.20 03:05,4463.24,4463.76,4453.68,4456.73
2026.05.20 03:10,4456.76,4461.07,4456.06,4457.98
2026.05.20 03:15,4457.96,4463.97,4457.30,4462.70
2026.05.20 03:20,4462.70,4463.31,4460.31,4462.40
2026.05.20 03:25,4462.44,4464.30,4459.79,4461.00
2026.05.20 03:30,4460.76,4461.77,4457.59,4458.80
2026.05.20 03:35,4458.84,4466.15,4458.69,4464.59
2026.05.20 03:40,4464.57,4466.08,4460.38,4460.66
2026.05.20 03:45,4460.67,4461.47,4458.27,4459.72
2026.05.20 03:50,4459.65,4461.51,4459.16,4460.37
2026.05.20 03:55,4460.95,4465.26,4460.13,4463.70
2026.05.20 04:00,4463.70,4470.03,4463.39,4468.71
2026.05.20 04:05,4468.85,4469.32,4466.70,4467.65
2026.05.20 04:10,4467.64,4469.54,4465.25,4469.16
2026.05.20 04:15,4469.20,4470.62,4465.63,4465.89
2026.05.20 04:20,4465.81,4467.02,4463.28,4466.85
2026.05.20 04:25,4466.85,4467.22,4462.50,4465.14
2026.05.20 04:30,4465.30,4465.92,4462.12,4462.85
2026.05.20 04:35,4462.82,4465.68,4460.75,4464.19
2026.05.20 04:40,4464.19,4465.62,4460.97,4463.10
2026.05.20 04:45,4463.14,4463.14,4456.78,4459.92
2026.05.20 04:50,4459.89,4463.09,4459.40,4461.27
2026.05.20 04:55,4461.27,4462.90,4459.97,4462.08
2026.05.20 05:00,4461.97,4471.68,4461.78,4471.06
2026.05.20 05:05,4470.78,4472.61,4467.74,4468.59
2026.05.20 05:10,4468.62,4469.89,4467.24,4469.40
2026.05.20 05:15,4469.40,4471.94,4467.48,4471.52
2026.05.20 05:20,4471.58,4475.35,4469.33,4471.02
2026.05.20 05:25,4471.00,4471.62,4467.17,4468.31
2026.05.20 05:30,4468.33,4478.84,4468.33,4477.08
2026.05.20 05:35,4477.24,4478.54,4475.10,4476.71
2026.05.20 05:40,4476.71,4478.03,4471.56,4472.30
2026.05.20 05:45,4472.40,4472.40,4463.33,4465.45
2026.05.20 05:50,4465.48,4472.45,4464.34,4471.42
2026.05.20 05:55,4471.26,4475.32,4471.26,4472.83
2026.05.20 06:00,4472.52,4477.52,4470.65,4472.84
2026.05.20 06:05,4472.84,4474.35,4469.04,4469.69
2026.05.20 06:10,4469.60,4471.71,4467.47,4471.71
2026.05.20 06:15,4472.77,4478.25,4471.88,4477.17
2026.05.20 06:20,4477.17,4477.63,4468.63,4468.63
2026.05.20 06:25,4468.72,4474.50,4467.96,4471.97
2026.05.20 06:30,4471.95,4472.52,4466.72,4466.83
2026.05.20 06:35,4466.87,4468.18,4461.40,4466.68
2026.05.20 06:40,4466.84,4467.07,4463.92,4467.07
2026.05.20 06:45,4467.06,4474.85,4465.34,4473.94
2026.05.20 06:50,4473.90,4478.38,4472.49,4474.87
2026.05.20 06:55,4475.15,4475.67,4471.45,4474.27
2026.05.20 07:00,4473.59,4478.97,4471.95,4477.35
2026.05.20 07:05,4477.03,4483.48,4475.37,4483.14
2026.05.20 07:10,4482.95,4485.16,4480.30,4481.19
2026.05.20 07:15,4481.21,4481.23,4477.97,4478.78
2026.05.20 07:20,4478.81,4484.11,4476.39,4480.31
2026.05.20 07:25,4480.31,4483.41,4479.68,4482.75
2026.05.20 07:30,4482.75,4485.93,4477.69,4478.20
2026.05.20 07:35,4478.26,4481.13,4476.09,4480.30
2026.05.20 07:40,4480.25,4483.67,4478.67,4481.37
2026.05.20 07:45,4481.42,4482.00,4476.26,4478.01
2026.05.20 07:50,4478.00,4479.08,4475.12,4479.08
2026.05.20 07:55,4479.09,4479.85,4476.94,4478.60
2026.05.20 08:00,4478.61,4481.46,4476.81,4481.19
2026.05.20 08:05,4481.25,4483.19,4477.00,4478.90
2026.05.20 08:10,4478.45,4484.12,4477.46,4482.43
2026.05.20 08:15,4482.41,4483.90,4479.59,4481.82
2026.05.20 08:20,4481.70,4486.43,4478.40,4484.31
2026.05.20 08:25,4484.31,4486.04,4482.50,4485.95
2026.05.20 08:30,4486.37,4489.35,4483.07,4483.18
2026.05.20 08:35,4483.15,4484.43,4478.78,4483.81
2026.05.20 08:40,4483.63,4483.76,4476.92,4479.30
2026.05.20 08:45,4479.34,4483.17,4479.21,4481.69
2026.05.20 08:50,4481.82,4489.48,4481.40,4489.19
2026.05.20 08:55,4489.20,4490.00,4483.54,4484.07
2026.05.20 09:00,4483.71,4486.14,4483.54,4484.55
2026.05.20 09:05,4484.55,4486.16,4481.62,4482.09
2026.05.20 09:10,4482.20,4482.47,4479.84,4480.25
2026.05.20 09:15,4480.00,4482.49,4479.11,4482.49
2026.05.20 09:20,4482.48,4483.61,4478.80,4479.40
2026.05.20 09:25,4479.36,4479.50,4472.89,4474.20
2026.05.20 09:30,4474.14,4482.75,4472.87,4482.36
2026.05.20 09:35,4482.38,4483.35,4480.23,4483.31
2026.05.20 09:40,4483.27,4484.80,4483.12,4483.23
2026.05.20 09:45,4483.34,4484.44,4481.91,4483.13
2026.05.20 09:50,4483.13,4490.12,4482.76,4489.46
2026.05.20 09:55,4489.59,4491.01,4484.45,4484.96
2026.05.20 10:00,4484.95,4487.46,4484.81,4485.98
2026.05.20 10:05,4486.30,4492.26,4486.04,4489.82
2026.05.20 10:10,4489.82,4490.99,4486.86,4488.04
2026.05.20 10:15,4488.05,4490.85,4487.26,4488.26
2026.05.20 10:20,4488.28,4492.51,4488.20,4491.46
2026.05.20 10:25,4491.48,4492.20,4488.86,4488.96
2026.05.20 10:30,4489.07,4492.52,4488.62,4492.51
2026.05.20 10:35,4492.51,4497.00,4492.29,4495.73
2026.05.20 10:40,4495.71,4496.78,4494.01,4494.29
2026.05.20 10:45,4494.29,4495.80,4492.12,4492.55
2026.05.20 10:50,4492.63,4495.01,4490.32,4494.67
2026.05.20 10:55,4494.67,4494.77,4492.57,4494.68
2026.05.20 11:00,4494.52,4496.64,4492.76,4494.27
2026.05.20 11:05,4494.37,4495.84,4494.14,4494.67
2026.05.20 11:10,4494.70,4496.17,4492.92,4493.05
2026.05.20 11:15,4493.02,4496.47,4491.81,4491.94
2026.05.20 11:20,4491.90,4496.44,4491.16,4496.01
2026.05.20 11:25,4495.81,4501.07,4495.47,4500.00
2026.05.20 11:30,4499.96,4500.39,4496.68,4498.66
2026.05.20 11:35,4498.70,4499.22,4496.04,4497.40
2026.05.20 11:40,4497.92,4498.42,4493.45,4495.22
2026.05.20 11:45,4495.22,4496.79,4492.02,4493.15
2026.05.20 11:50,4493.14,4498.08,4490.86,4498.08
2026.05.20 11:55,4498.13,4499.50,4496.22,4499.15
2026.05.20 12:00,4498.77,4501.10,4496.06,4496.56
2026.05.20 12:05,4496.55,4500.05,4495.85,4497.54
2026.05.20 12:10,4497.58,4497.80,4496.34,4496.55
2026.05.20 12:15,4496.59,4497.09,4493.92,4494.41
2026.05.20 12:20,4494.32,4496.95,4492.98,4496.32
2026.05.20 12:25,4496.33,4499.50,4496.27,4499.44
2026.05.20 12:30,4499.71,4504.35,4499.38,4503.67
2026.05.20 12:35,4503.65,4504.65,4501.16,4503.80
2026.05.20 12:40,4503.82,4504.56,4501.36,4502.92
2026.05.20 12:45,4503.06,4505.41,4501.87,4503.07
2026.05.20 12:50,4503.00,4503.00,4498.60,4498.72
2026.05.20 12:55,4498.64,4498.79,4493.98,4496.19
2026.05.20 13:00,4495.82,4501.19,4493.92,4497.68
2026.05.20 13:05,4497.77,4501.71,4496.61,4498.77
2026.05.20 13:10,4498.73,4506.18,4497.43,4505.14
2026.05.20 13:15,4505.20,4505.31,4499.03,4499.28
2026.05.20 13:20,4499.27,4500.33,4493.94,4494.33
2026.05.20 13:25,4494.31,4494.85,4489.38,4489.40
2026.05.20 13:30,4489.05,4493.07,4488.23,4491.63
2026.05.20 13:35,4491.35,4492.91,4484.78,4485.33
2026.05.20 13:40,4485.34,4490.23,4483.17,4489.96
2026.05.20 13:45,4489.90,4492.04,4486.39,4487.08
2026.05.20 13:50,4487.04,4489.42,4484.97,4486.03
2026.05.20 13:55,4486.04,4486.16,4482.08,4483.12
2026.05.20 14:00,4484.46,4485.18,4480.97,4481.47
2026.05.20 14:05,4481.27,4481.62,4475.00,4476.25
2026.05.20 14:10,4476.20,4480.32,4467.14,4477.06
2026.05.20 14:15,4477.47,4503.53,4476.71,4498.16
2026.05.20 14:20,4498.46,4510.80,4495.71,4502.63
2026.05.20 14:25,4502.80,4507.10,4499.26,4506.66
2026.05.20 14:30,4506.92,4528.37,4506.92,4524.57
2026.05.20 14:35,4524.70,4526.99,4515.51,4523.74
2026.05.20 14:40,4523.84,4523.93,4517.12,4520.55
2026.05.20 14:45,4521.59,4524.18,4516.69,4521.89
2026.05.20 14:50,4522.13,4529.78,4521.09,4529.60
2026.05.20 14:55,4529.65,4537.25,4528.82,4531.38
2026.05.20 15:00,4531.26,4535.75,4529.51,4530.50
2026.05.20 15:05,4530.41,4531.81,4523.81,4526.22
2026.05.20 15:10,4526.44,4526.96,4523.19,4524.57
2026.05.20 15:15,4524.57,4552.51,4524.57,4543.05
2026.05.20 15:20,4543.44,4545.36,4535.96,4536.39
2026.05.20 15:25,4536.25,4537.36,4528.55,4529.49
2026.05.20 15:30,4529.52,4535.02,4527.77,4534.96
2026.05.20 15:35,4534.99,4539.14,4534.79,4537.73
2026.05.20 15:40,4537.87,4539.38,4534.83,4536.92
2026.05.20 15:45,4537.01,4537.76,4535.31,4537.27
2026.05.20 15:50,4537.29,4537.89,4532.49,4533.45
2026.05.20 15:55,4533.43,4534.14,4527.42,4529.17
2026.05.20 16:00,4529.21,4532.34,4528.49,4532.02
2026.05.20 16:05,4532.14,4535.25,4531.54,4533.46
2026.05.20 16:10,4533.74,4534.89,4531.56,4533.89
2026.05.20 16:15,4533.89,4533.89,4529.63,4530.91
2026.05.20 16:20,4530.94,4531.35,4525.01,4526.07
2026.05.20 16:25,4526.03,4527.54,4524.20,4525.92
2026.05.20 16:30,4526.12,4529.46,4524.25,4525.75
2026.05.20 16:35,4525.93,4528.53,4525.41,4527.51
2026.05.20 16:40,4527.54,4533.62,4527.38,4533.26
2026.05.20 16:45,4533.78,4534.97,4530.22,4532.20
2026.05.20 16:50,4532.15,4533.38,4531.02,4532.71
2026.05.20 16:55,4532.54,4535.34,4531.35,4534.46
2026.05.20 17:00,4534.77,4534.83,4531.49,4532.10
2026.05.20 17:05,4532.13,4535.67,4531.44,4535.67
2026.05.20 17:10,4535.74,4538.06,4533.39,4534.38
2026.05.20 17:15,4534.33,4535.56,4533.18,4535.18
2026.05.20 17:20,4535.17,4536.86,4533.19,4533.97
2026.05.20 17:25,4534.04,4536.37,4530.98,4532.46
2026.05.20 17:30,4533.05,4534.97,4530.02,4531.00
2026.05.20 17:35,4531.01,4536.52,4530.27,4536.03
2026.05.20 17:40,4535.59,4536.16,4533.03,4533.19
2026.05.20 17:45,4533.12,4535.26,4532.44,4533.68
2026.05.20 17:50,4533.67,4534.47,4532.00,4532.00
2026.05.20 17:55,4532.00,4532.59,4530.33,4531.35
2026.05.20 18:00,4531.34,4532.80,4529.67,4532.41
2026.05.20 18:05,4532.43,4533.66,4530.56,4532.96
2026.05.20 18:10,4532.96,4533.98,4532.33,4532.93
2026.05.20 18:15,4532.89,4536.69,4532.89,4536.27
2026.05.20 18:20,4536.30,4536.56,4532.86,4533.76
2026.05.20 18:25,4533.75,4535.12,4532.01,4535.03
2026.05.20 18:30,4535.03,4539.82,4535.03,4539.76
2026.05.20 18:35,4539.92,4543.46,4539.82,4542.93
2026.05.20 18:40,4542.92,4543.22,4536.99,4536.99
2026.05.20 18:45,4537.27,4540.67,4536.91,4539.78
2026.05.20 18:50,4539.78,4543.28,4539.23,4542.05
2026.05.20 18:55,4542.07,4545.09,4541.92,4542.44
2026.05.20 19:00,4542.45,4544.77,4542.14,4542.68
2026.05.20 19:05,4542.68,4544.20,4541.92,4543.35
2026.05.20 19:10,4543.35,4545.27,4542.95,4543.87
2026.05.20 19:15,4543.88,4545.81,4543.71,4545.81
2026.05.20 19:20,4545.81,4546.04,4543.42,4544.21
2026.05.20 19:25,4544.35,4545.68,4543.77,4545.15
2026.05.20 19:30,4545.19,4547.31,4545.16,4545.62
2026.05.20 19:35,4545.61,4550.05,4545.30,4548.27
2026.05.20 19:40,4548.23,4549.37,4545.54,4546.43
2026.05.20 19:45,4546.45,4547.71,4545.64,4546.37
2026.05.20 19:50,4545.94,4548.53,4545.47,4548.01
2026.05.20 19:55,4548.08,4548.40,4545.42,4546.01
2026.05.20 20:00,4546.53,4548.00,4546.13,4546.84
2026.05.20 20:05,4546.79,4547.02,4545.41,4546.33
2026.05.20 20:10,4546.62,4550.35,4545.83,4546.69
2026.05.20 20:15,4546.73,4548.35,4545.44,4547.22
2026.05.20 20:20,4546.50,4546.60,4543.12,4545.35
2026.05.20 20:25,4545.23,4546.57,4545.12,4545.68
2026.05.20 20:30,4545.81,4546.32,4543.66,4544.08
2026.05.20 20:35,4544.11,4545.01,4543.27,4543.79
2026.05.20 20:40,4543.75,4544.22,4542.71,4543.49
2026.05.20 20:45,4543.48,4544.63,4542.35,4542.91
2026.05.20 20:50,4542.90,4544.08,4542.01,4542.90
2026.05.20 20:55,4542.90,4544.29,4542.54,4544.29
2026.05.20 22:00,4539.93,4548.47,4539.93,4544.34
2026.05.20 22:05,4544.34,4546.66,4539.74,4539.74
2026.05.20 22:10,4539.59,4542.48,4538.79,4540.06
2026.05.20 22:15,4540.00,4540.48,4537.20,4537.72
2026.05.20 22:20,4537.81,4538.49,4535.24,4536.87
2026.05.20 22:25,4536.73,4539.21,4536.32,4538.89
2026.05.20 22:30,4538.88,4542.45,4538.69,4541.22
2026.05.20 22:35,4541.31,4543.36,4540.58,4542.75
2026.05.20 22:40,4542.64,4543.08,4540.45,4542.20
2026.05.20 22:45,4542.09,4544.64,4540.63,4541.33
2026.05.20 22:50,4541.33,4542.22,4537.15,4540.89
2026.05.20 22:55,4540.85,4541.86,4537.92,4539.91
2026.05.20 23:00,4539.96,4542.15,4539.95,4542.12
2026.05.20 23:05,4542.12,4543.25,4538.67,4538.69
2026.05.20 23:10,4538.29,4540.42,4537.98,4539.94
2026.05.20 23:15,4539.96,4540.63,4538.94,4539.01
2026.05.20 23:20,4539.02,4539.23,4536.41,4537.25
2026.05.20 23:25,4537.25,4538.43,4534.61,4538.43
2026.05.20 23:30,4538.47,4541.13,4537.97,4539.96
2026.05.20 23:35,4539.96,4545.40,4539.91,4545.40
2026.05.20 23:40,4545.40,4545.40,4542.50,4543.02
2026.05.20 23:45,4543.02,4547.25,4541.84,4545.21
2026.05.20 23:50,4545.21,4545.39,4542.84,4544.93
2026.05.20 23:55,4545.06,4546.62,4544.00,4546.58
2026.05.21 00:00,4546.82,4548.52,4540.09,4542.47
2026.05.21 00:05,4542.38,4545.04,4540.22,4544.43
2026.05.21 00:10,4544.40,4545.54,4542.94,4544.92
2026.05.21 00:15,4544.89,4553.25,4540.29,4546.00
2026.05.21 00:20,4545.97,4546.41,4539.19,4541.20
2026.05.21 00:25,4541.25,4545.17,4537.61,4543.88
2026.05.21 00:30,4543.69,4545.09,4539.72,4544.42
2026.05.21 00:35,4544.37,4545.04,4542.22,4542.41
2026.05.21 00:40,4542.71,4543.91,4541.39,4543.73
2026.05.21 00:45,4543.72,4544.94,4542.19,4544.35
2026.05.21 00:50,4544.37,4548.70,4543.68,4547.62
2026.05.21 00:55,4547.67,4548.22,4544.96,4545.26
2026.05.21 01:00,4545.28,4549.14,4540.02,4543.72
2026.05.21 01:05,4543.76,4550.86,4541.09,4549.49
2026.05.21 01:10,4549.59,4560.01,4549.45,4559.89
2026.05.21 01:15,4559.99,4561.10,4558.35,4559.56
2026.05.21 01:20,4559.60,4567.69,4557.28,4565.15
2026.05.21 01:25,4565.12,4567.65,4560.77,4567.35
2026.05.21 01:30,4567.08,4569.33,4562.04,4562.88
2026.05.21 01:35,4562.64,4566.96,4561.76,4565.76
2026.05.21 01:40,4565.79,4570.74,4565.79,4568.03
2026.05.21 01:45,4567.83,4568.33,4565.64,4565.79
2026.05.21 01:50,4565.42,4565.91,4559.01,4559.91
2026.05.21 01:55,4559.87,4561.97,4559.49,4561.12
2026.05.21 02:00,4561.25,4564.79,4556.89,4557.17
2026.05.21 02:05,4557.01,4559.58,4555.34,4555.93
2026.05.21 02:10,4555.90,4555.90,4550.79,4551.79
2026.05.21 02:15,4551.79,4553.22,4547.23,4548.94
2026.05.21 02:20,4549.31,4549.47,4546.43,4547.92
2026.05.21 02:25,4547.96,4548.55,4539.72,4540.29
2026.05.21 02:30,4539.93,4542.24,4534.12,4537.08
2026.05.21 02:35,4537.62,4541.73,4537.62,4540.09
2026.05.21 02:40,4539.98,4540.18,4534.37,4536.38
2026.05.21 02:45,4536.17,4537.27,4531.58,4534.43
2026.05.21 02:50,4534.39,4536.63,4533.40,4533.95
2026.05.21 02:55,4533.97,4535.97,4532.65,4533.26
2026.05.21 03:00,4533.18,4535.36,4531.67,4534.94
2026.05.21 03:05,4534.94,4537.70,4534.42,4537.25
2026.05.21 03:10,4537.24,4538.98,4536.61,4537.95
2026.05.21 03:15,4537.99,4538.04,4533.07,4535.47
2026.05.21 03:20,4535.55,4540.28,4535.49,4537.81
2026.05.21 03:25,4537.78,4538.36,4534.31,4536.11
2026.05.21 03:30,4535.88,4537.32,4533.54,4534.27
2026.05.21 03:35,4534.27,4534.69,4531.91,4532.65
2026.05.21 03:40,4532.64,4536.19,4531.97,4533.98
2026.05.21 03:45,4533.98,4534.43,4531.66,4531.82
2026.05.21 03:50,4531.82,4532.02,4527.19,4528.26
2026.05.21 03:55,4527.97,4529.75,4527.29,4528.32
2026.05.21 04:00,4528.29,4532.89,4527.46,4531.96
2026.05.21 04:05,4531.96,4533.60,4531.01,4532.61
2026.05.21 04:10,4532.66,4536.48,4532.40,4536.08
2026.05.21 04:15,4536.09,4536.43,4534.42,4534.52
2026.05.21 04:20,4534.59,4537.13,4534.42,4536.74
2026.05.21 04:25,4536.80,4540.14,4536.75,4539.53
2026.05.21 04:30,4539.87,4540.47,4536.56,4536.93
2026.05.21 04:35,4536.87,4537.41,4533.86,4537.14
2026.05.21 04:40,4537.19,4538.19,4536.31,4537.19
2026.05.21 04:45,4537.21,4537.23,4535.54,4536.29
2026.05.21 04:50,4536.29,4538.72,4535.85,4535.96
2026.05.21 04:55,4535.97,4539.27,4535.97,4538.43
2026.05.21 05:00,4538.52,4540.25,4536.79,4538.11
2026.05.21 05:05,4538.08,4538.41,4531.02,4531.69
2026.05.21 05:10,4531.69,4533.22,4529.82,4530.75
2026.05.21 05:15,4530.84,4531.08,4526.39,4527.16
2026.05.21 05:20,4527.09,4527.37,4524.91,4524.97
2026.05.21 05:25,4525.01,4528.16,4521.71,4523.33
2026.05.21 05:30,4523.02,4527.05,4518.55,4525.86
2026.05.21 05:35,4525.75,4527.17,4521.47,4525.60
2026.05.21 05:40,4525.64,4526.78,4524.29,4525.95
2026.05.21 05:45,4525.95,4526.83,4518.77,4522.89
2026.05.21 05:50,4523.31,4529.92,4522.83,4529.77
2026.05.21 05:55,4529.76,4529.77,4525.83,4527.92
2026.05.21 06:00,4527.03,4535.38,4526.81,4533.55
2026.05.21 06:05,4533.57,4535.20,4531.16,4531.26
2026.05.21 06:10,4531.19,4532.39,4527.29,4531.52
2026.05.21 06:15,4531.49,4532.78,4528.60,4530.47
2026.05.21 06:20,4530.43,4539.91,4529.52,4534.33
2026.05.21 06:25,4534.22,4535.33,4530.08,4533.06
2026.05.21 06:30,4533.01,4535.00,4527.99,4529.69
2026.05.21 06:35,4529.78,4531.31,4527.37,4527.43
2026.05.21 06:40,4527.73,4527.92,4522.97,4524.91
2026.05.21 06:45,4524.75,4526.27,4522.04,4523.88
2026.05.21 06:50,4523.87,4524.15,4520.54,4522.48
2026.05.21 06:55,4522.49,4523.26,4518.87,4521.56
2026.05.21 07:00,4521.88,4524.37,4519.12,4520.78
2026.05.21 07:05,4520.79,4522.42,4518.25,4521.92
2026.05.21 07:10,4521.92,4522.20,4519.23,4520.57
2026.05.21 07:15,4520.12,4521.50,4517.39,4521.14
2026.05.21 07:20,4521.29,4523.37,4517.61,4518.22
2026.05.21 07:25,4517.79,4518.76,4512.05,4512.87
2026.05.21 07:30,4512.74,4517.24,4512.23,4516.75
2026.05.21 07:35,4516.75,4517.42,4514.66,4515.48
2026.05.21 07:40,4515.49,4517.11,4514.33,4516.42
2026.05.21 07:45,4516.73,4518.15,4514.38,4518.10
2026.05.21 07:50,4518.06,4523.34,4515.82,4520.92
2026.05.21 07:55,4520.92,4522.81,4519.60,4519.71
2026.05.21 08:00,4519.70,4523.67,4518.40,4523.53
2026.05.21 08:05,4523.44,4529.10,4522.37,4528.68
2026.05.21 08:10,4528.63,4535.63,4527.69,4534.18
2026.05.21 08:15,4534.43,4536.76,4530.16,4530.35
2026.05.21 08:20,4530.35,4533.07,4529.73,4532.96
2026.05.21 08:25,4532.95,4536.73,4529.34,4536.05
2026.05.21 08:30,4535.64,4535.64,4528.31,4529.52
2026.05.21 08:35,4529.62,4531.27,4526.71,4528.09
2026.05.21 08:40,4528.26,4532.44,4528.01,4529.13
2026.05.21 08:45,4529.51,4532.89,4528.39,4530.62
2026.05.21 08:50,4530.62,4532.67,4530.07,4532.45
2026.05.21 08:55,4532.70,4534.58,4532.30,4532.64
2026.05.21 09:00,4532.49,4533.98,4532.07,4532.36
2026.05.21 09:05,4532.31,4535.96,4531.92,4533.83
2026.05.21 09:10,4533.82,4540.41,4533.24,4537.86
2026.05.21 09:15,4537.61,4541.05,4536.45,4540.58
2026.05.21 09:20,4540.53,4542.43,4537.23,4537.40
2026.05.21 09:25,4537.39,4539.54,4535.50,4536.96
2026.05.21 09:30,4536.86,4543.02,4533.91,4535.32
2026.05.21 09:35,4535.33,4536.71,4532.64,4532.64
2026.05.21 09:40,4532.70,4534.73,4529.71,4529.86
2026.05.21 09:45,4529.88,4532.00,4527.84,4531.42
2026.05.21 09:50,4531.44,4533.09,4531.36,4532.73
2026.05.21 09:55,4532.73,4533.13,4529.84,4530.70
2026.05.21 10:00,4530.67,4533.55,4530.13,4533.50
2026.05.21 10:05,4533.49,4535.12,4530.69,4534.66
2026.05.21 10:10,4534.80,4535.16,4529.98,4532.66
2026.05.21 10:15,4532.67,4534.72,4530.91,4534.41
2026.05.21 10:20,4534.48,4534.57,4532.19,4534.31
2026.05.21 10:25,4534.30,4534.69,4511.01,4518.03
2026.05.21 10:30,4518.15,4518.15,4508.26,4514.55
2026.05.21 10:35,4514.55,4517.87,4507.64,4508.60
2026.05.21 10:40,4508.88,4518.08,4505.09,4516.93
2026.05.21 10:45,4516.97,4517.82,4513.91,4516.63
2026.05.21 10:50,4516.61,4517.36,4510.93,4515.81
2026.05.21 10:55,4515.65,4516.36,4510.84,4511.53
2026.05.21 11:00,4511.18,4519.98,4510.84,4516.30
2026.05.21 11:05,4516.33,4518.23,4515.13,4516.77
2026.05.21 11:10,4516.75,4518.18,4515.27,4516.31
2026.05.21 11:15,4516.20,4519.74,4515.74,4519.21
2026.05.21 11:20,4519.20,4521.13,4514.98,4515.94
2026.05.21 11:25,4515.70,4515.89,4512.62,4514.12
2026.05.21 11:30,4514.13,4515.93,4510.38,4510.81
2026.05.21 11:35,4510.73,4512.16,4508.29,4510.74
2026.05.21 11:40,4510.65,4514.13,4510.42,4512.22
2026.05.21 11:45,4512.16,4515.09,4511.84,4513.08
2026.05.21 11:50,4513.35,4517.37,4512.79,4514.29
2026.05.21 11:55,4514.28,4514.35,4511.00,4514.10
2026.05.21 12:00,4514.13,4516.83,4514.13,4515.54
2026.05.21 12:05,4515.50,4518.34,4513.85,4518.21
2026.05.21 12:10,4517.98,4519.30,4513.76,4514.69
2026.05.21 12:15,4514.48,4514.75,4509.77,4512.49
2026.05.21 12:20,4512.58,4512.62,4506.20,4506.68
2026.05.21 12:25,4506.69,4508.04,4504.38,4507.16
2026.05.21 12:30,4507.47,4518.03,4505.66,4514.72
2026.05.21 12:35,4514.65,4517.05,4508.78,4512.00
2026.05.21 12:40,4511.96,4515.06,4510.35,4515.06
2026.05.21 12:45,4515.03,4518.06,4509.84,4510.27
2026.05.21 12:50,4510.21,4510.88,4507.40,4508.19
2026.05.21 12:55,4508.17,4509.62,4502.51,4504.14
2026.05.21 13:00,4503.41,4512.21,4499.53,4512.15
2026.05.21 13:05,4512.17,4512.73,4501.93,4504.79
2026.05.21 13:10,4504.74,4505.24,4500.88,4502.34
2026.05.21 13:15,4502.10,4505.49,4497.37,4499.11
2026.05.21 13:20,4499.10,4502.85,4496.84,4498.31
2026.05.21 13:25,4499.00,4500.37,4495.53,4500.37
2026.05.21 13:30,4501.28,4501.28,4490.17,4493.86
2026.05.21 13:35,4493.92,4495.47,4488.81,4492.13
2026.05.21 13:40,4492.21,4502.56,4491.95,4497.86
2026.05.21 13:45,4497.80,4503.53,4495.02,4500.10
2026.05.21 13:50,4499.83,4520.82,4499.41,4518.06
2026.05.21 13:55,4517.96,4520.56,4511.79,4513.13
2026.05.21 14:00,4512.91,4515.38,4505.58,4507.34
2026.05.21 14:05,4507.25,4510.20,4502.67,4505.20
2026.05.21 14:10,4505.12,4510.07,4503.75,4508.10
2026.05.21 14:15,4508.06,4509.26,4498.43,4502.16
2026.05.21 14:20,4502.03,4503.94,4498.25,4502.21
2026.05.21 14:25,4502.15,4507.67,4501.36,4507.46
2026.05.21 14:30,4507.63,4509.91,4505.16,4507.25
2026.05.21 14:35,4507.26,4511.20,4506.73,4508.73
2026.05.21 14:40,4508.77,4509.06,4502.60,4504.85
2026.05.21 14:45,4504.77,4509.48,4501.83,4504.20
2026.05.21 14:50,4504.83,4509.36,4502.03,4509.13
2026.05.21 14:55,4509.11,4510.36,4507.15,4508.89
2026.05.21 15:00,4509.03,4509.74,4503.28,4504.79
2026.05.21 15:05,4504.72,4505.27,4496.67,4501.58
2026.05.21 15:10,4501.58,4515.44,4499.68,4510.01
2026.05.21 15:15,4510.02,4511.61,4507.20,4508.13
2026.05.21 15:20,4508.06,4509.92,4503.34,4504.45
2026.05.21 15:25,4504.49,4505.25,4502.32,4503.34
2026.05.21 15:30,4503.44,4508.74,4502.64,4507.30
2026.05.21 15:35,4506.89,4509.84,4506.71,4509.28
2026.05.21 15:40,4509.34,4509.54,4506.53,4506.81
2026.05.21 15:45,4506.98,4510.54,4506.69,4510.37
2026.05.21 15:50,4510.52,4512.60,4509.58,4510.98
2026.05.21 15:55,4511.01,4512.67,4509.41,4511.93
2026.05.21 16:00,4512.35,4518.76,4512.32,4515.57
2026.05.21 16:05,4515.74,4520.66,4515.13,4519.81
2026.05.21 16:10,4519.88,4520.11,4514.96,4517.21
2026.05.21 16:15,4517.15,4518.74,4514.58,4518.53
2026.05.21 16:20,4518.53,4518.86,4515.60,4516.98
2026.05.21 16:25,4516.90,4517.86,4516.00,4516.52
2026.05.21 16:30,4516.53,4518.94,4516.20,4518.08
2026.05.21 16:35,4518.07,4519.33,4516.14,4516.70
2026.05.21 16:40,4516.88,4518.28,4515.59,4518.10
2026.05.21 16:45,4518.14,4520.23,4517.18,4517.33
2026.05.21 16:50,4517.47,4519.00,4516.30,4517.50
2026.05.21 16:55,4517.50,4519.58,4517.06,4519.46
2026.05.21 17:00,4519.59,4521.72,4516.17,4516.42
2026.05.21 17:05,4516.33,4518.40,4514.12,4517.99
2026.05.21 17:10,4518.01,4531.52,4517.93,4526.16
2026.05.21 17:15,4526.44,4540.50,4526.21,4535.21
2026.05.21 17:20,4535.30,4546.26,4533.38,4536.80
2026.05.21 17:25,4536.76,4541.98,4535.61,4541.72
2026.05.21 17:30,4541.70,4548.96,4538.83,4542.29
2026.05.21 17:35,4542.44,4544.97,4541.89,4542.36
2026.05.21 17:40,4542.52,4548.26,4542.35,4548.18
2026.05.21 17:45,4548.26,4553.34,4545.05,4553.33
2026.05.21 17:50,4553.14,4557.81,4551.70,4556.68
2026.05.21 17:55,4556.97,4559.28,4551.25,4551.46
2026.05.21 18:00,4550.57,4556.04,4544.18,4544.47
2026.05.21 18:05,4543.96,4549.73,4543.03,4548.77
2026.05.21 18:10,4548.77,4549.33,4544.36,4546.00
2026.05.21 18:15,4546.19,4549.70,4544.39,4549.47
2026.05.21 18:20,4549.46,4550.70,4546.64,4550.38
2026.05.21 18:25,4550.30,4550.66,4547.08,4548.27
2026.05.21 18:30,4548.61,4549.48,4545.24,4546.53
2026.05.21 18:35,4546.53,4546.53,4542.91,4543.44
2026.05.21 18:40,4543.65,4547.14,4542.91,4545.34
2026.05.21 18:45,4545.32,4546.04,4535.60,4538.30
2026.05.21 18:50,4538.51,4541.47,4527.80,4527.80
2026.05.21 18:55,4527.87,4532.00,4527.45,4532.00
2026.05.21 19:00,4531.96,4537.19,4531.56,4535.83
2026.05.21 19:05,4535.83,4537.23,4530.16,4536.66
2026.05.21 19:10,4536.61,4537.87,4534.60,4537.87
2026.05.21 19:15,4537.86,4541.41,4537.86,4541.41
2026.05.21 19:20,4541.41,4541.95,4539.10,4539.55
2026.05.21 19:25,4539.54,4540.46,4537.75,4538.90
2026.05.21 19:30,4538.84,4540.67,4538.74,4539.26
2026.05.21 19:35,4539.35,4542.49,4539.21,4542.14
2026.05.21 19:40,4542.31,4543.31,4539.20,4539.40
2026.05.21 19:45,4539.38,4542.17,4539.08,4541.75
2026.05.21 19:50,4542.21,4543.14,4534.67,4536.44
2026.05.21 19:55,4536.29,4543.74,4535.54,4542.68
2026.05.21 20:00,4543.59,4543.69,4541.21,4541.73
2026.05.21 20:05,4542.05,4544.80,4541.17,4541.41
2026.05.21 20:10,4541.39,4543.22,4541.22,4542.55
2026.05.21 20:15,4542.54,4542.54,4541.29,4541.76
2026.05.21 20:20,4541.79,4542.70,4540.60,4540.88
2026.05.21 20:25,4540.98,4541.37,4540.27,4541.35
2026.05.21 20:30,4541.37,4542.21,4540.50,4541.07
2026.05.21 20:35,4540.94,4542.04,4540.36,4541.56
2026.05.21 20:40,4541.54,4541.87,4540.41,4540.79
2026.05.21 20:45,4540.63,4541.30,4540.39,4540.58
2026.05.21 20:50,4540.48,4542.06,4539.58,4541.77
2026.05.21 20:55,4541.60,4543.61,4541.60,4542.86
2026.05.21 22:00,4541.91,4546.65,4540.17,4544.85
2026.05.21 22:05,4544.85,4544.85,4540.45,4540.49
2026.05.21 22:10,4540.48,4543.36,4539.83,4541.88
2026.05.21 22:15,4541.76,4543.20,4541.55,4542.50
2026.05.21 22:20,4542.51,4542.54,4541.48,4541.78
2026.05.21 22:25,4541.78,4541.79,4540.00,4541.06
2026.05.21 22:30,4541.37,4541.54,4540.51,4540.80
2026.05.21 22:35,4540.95,4541.47,4539.65,4540.29
2026.05.21 22:40,4540.34,4543.61,4540.18,4542.62
2026.05.21 22:45,4542.43,4543.20,4541.89,4542.03
2026.05.21 22:50,4542.01,4542.29,4540.92,4540.92
2026.05.21 22:55,4540.94,4543.26,4540.77,4543.26
2026.05.21 23:00,4543.24,4544.94,4542.92,4543.47
2026.05.21 23:05,4543.51,4543.79,4542.65,4543.24
2026.05.21 23:10,4543.24,4544.25,4542.89,4543.72
2026.05.21 23:15,4543.83,4544.42,4541.22,4541.55
2026.05.21 23:20,4541.55,4541.80,4538.61,4539.12
2026.05.21 23:25,4539.12,4541.15,4538.94,4540.50
2026.05.21 23:30,4540.53,4540.53,4536.78,4537.65
2026.05.21 23:35,4537.66,4537.97,4535.65,4537.72
2026.05.21 23:40,4537.72,4537.81,4532.92,4533.44
2026.05.21 23:45,4532.60,4535.98,4532.60,4535.96
2026.05.21 23:50,4535.95,4536.54,4532.66,4532.92
2026.05.21 23:55,4532.92,4535.96,4532.92,4535.49
2026.05.22 00:00,4535.52,4536.87,4530.95,4532.05
2026.05.22 00:05,4532.06,4534.45,4531.60,4533.62
2026.05.22 00:10,4533.62,4533.62,4531.38,4531.38
2026.05.22 00:15,4531.36,4534.18,4530.35,4532.31
2026.05.22 00:20,4532.27,4537.25,4531.91,4534.02
2026.05.22 00:25,4534.05,4536.44,4533.06,4536.27
2026.05.22 00:30,4536.38,4538.75,4535.85,4536.97
2026.05.22 00:35,4536.97,4541.04,4536.28,4540.12
2026.05.22 00:40,4540.07,4540.91,4537.36,4537.99
2026.05.22 00:45,4538.07,4538.89,4533.96,4534.67
2026.05.22 00:50,4534.67,4535.94,4527.54,4529.11
2026.05.22 00:55,4529.10,4530.58,4525.39,4526.67
2026.05.22 01:00,4526.39,4536.10,4526.10,4530.03
2026.05.22 01:05,4530.03,4530.99,4523.41,4525.37
2026.05.22 01:10,4525.43,4529.92,4524.63,4529.73
2026.05.22 01:15,4529.73,4532.79,4528.59,4531.61
2026.05.22 01:20,4531.63,4533.49,4527.67,4528.30
2026.05.22 01:25,4528.32,4532.09,4526.41,4529.04
2026.05.22 01:30,4529.01,4529.82,4524.34,4525.61
2026.05.22 01:35,4524.80,4526.49,4522.03,4523.08
2026.05.22 01:40,4523.10,4527.68,4521.08,4525.18
2026.05.22 01:45,4524.97,4528.84,4524.83,4527.90
2026.05.22 01:50,4528.26,4531.84,4526.77,4527.41
2026.05.22 01:55,4527.41,4527.80,4525.23,4526.35
2026.05.22 02:00,4526.30,4528.52,4524.89,4527.01
2026.05.22 02:05,4526.95,4527.06,4521.49,4525.98
2026.05.22 02:10,4526.01,4529.40,4525.21,4527.57
2026.05.22 02:15,4528.05,4529.01,4523.98,4524.02
2026.05.22 02:20,4523.96,4525.94,4522.83,4524.21
2026.05.22 02:25,4524.36,4525.38,4523.57,4524.64
2026.05.22 02:30,4524.36,4524.39,4518.58,4520.05
2026.05.22 02:35,4519.97,4522.61,4519.79,4521.89
2026.05.22 02:40,4521.94,4524.55,4521.47,4522.79
2026.05.22 02:45,4522.79,4525.15,4522.13,4525.06
2026.05.22 02:50,4525.06,4527.11,4522.04,4522.20
2026.05.22 02:55,4521.83,4523.32,4519.60,4523.19
2026.05.22 03:00,4523.18,4525.16,4521.53,4525.08
2026.05.22 03:05,4525.08,4525.25,4521.29,4522.37
2026.05.22 03:10,4522.37,4524.57,4520.65,4521.12
2026.05.22 03:15,4521.30,4522.80,4520.15,4521.68
2026.05.22 03:20,4521.69,4522.94,4520.08,4520.58
2026.05.22 03:25,4520.59,4522.11,4519.25,4521.87
2026.05.22 03:30,4521.77,4526.06,4521.77,4524.05
2026.05.22 03:35,4524.09,4525.86,4522.95,4524.70
2026.05.22 03:40,4524.67,4527.73,4523.63,4526.97
2026.05.22 03:45,4526.88,4529.99,4526.83,4529.32
2026.05.22 03:50,4529.32,4529.48,4526.41,4527.51
2026.05.22 03:55,4527.70,4529.53,4527.21,4529.44
2026.05.22 04:00,4529.44,4529.98,4528.40,4528.63
2026.05.22 04:05,4528.64,4529.94,4528.29,4528.47
2026.05.22 04:10,4528.53,4529.88,4527.83,4529.15
2026.05.22 04:15,4529.17,4529.89,4528.13,4528.25
2026.05.22 04:20,4528.21,4529.31,4527.67,4528.11
2026.05.22 04:25,4528.12,4532.96,4528.03,4532.27
2026.05.22 04:30,4532.26,4532.78,4529.67,4529.92
2026.05.22 04:35,4529.92,4530.10,4526.12,4526.53
2026.05.22 04:40,4526.44,4529.32,4525.50,4528.96
2026.05.22 04:45,4528.99,4529.41,4528.16,4528.43
2026.05.22 04:50,4528.33,4530.19,4528.19,4528.92
2026.05.22 04:55,4528.91,4529.52,4527.09,4527.19
2026.05.22 05:00,4527.19,4529.61,4523.56,4525.61
2026.05.22 05:05,4525.61,4527.74,4525.59,4526.53
2026.05.22 05:10,4526.53,4526.78,4525.11,4525.36
2026.05.22 05:15,4525.43,4526.39,4523.45,4526.19
2026.05.22 05:20,4526.19,4528.88,4525.78,4527.10
2026.05.22 05:25,4527.10,4529.11,4525.95,4526.11
2026.05.22 05:30,4526.24,4531.23,4525.10,4528.74
2026.05.22 05:35,4528.66,4533.96,4528.28,4533.70
2026.05.22 05:40,4533.74,4534.18,4531.43,4534.07
2026.05.22 05:45,4534.14,4534.21,4531.08,4532.44
2026.05.22 05:50,4532.17,4534.18,4528.62,4528.90
2026.05.22 05:55,4528.93,4528.94,4507.45,4511.36
2026.05.22 06:00,4511.33,4519.32,4510.11,4518.92
2026.05.22 06:05,4518.93,4523.18,4518.53,4522.72
2026.05.22 06:10,4522.77,4524.40,4521.32,4521.80
2026.05.22 06:15,4521.59,4522.96,4516.44,4518.88
2026.05.22 06:20,4518.85,4525.49,4517.27,4522.63
2026.05.22 06:25,4522.64,4526.02,4521.91,4525.27
2026.05.22 06:30,4525.21,4527.39,4523.24,4525.85
2026.05.22 06:35,4525.82,4526.96,4522.82,4523.16
2026.05.22 06:40,4523.07,4526.64,4521.68,4526.60
2026.05.22 06:45,4526.65,4528.86,4525.27,4527.17
2026.05.22 06:50,4527.20,4528.23,4523.94,4525.10
2026.05.22 06:55,4525.25,4527.73,4525.00,4526.85
2026.05.22 07:00,4526.89,4527.02,4522.99,4526.10
2026.05.22 07:05,4526.13,4526.53,4522.84,4525.36
2026.05.22 07:10,4525.37,4526.14,4521.69,4522.48
2026.05.22 07:15,4522.53,4525.56,4522.31,4524.96
2026.05.22 07:20,4524.88,4527.33,4524.63,4526.47
2026.05.22 07:25,4526.47,4527.40,4524.44,4525.83
2026.05.22 07:30,4525.86,4525.86,4521.40,4522.64
2026.05.22 07:35,4522.57,4523.41,4517.40,4517.40
2026.05.22 07:40,4517.25,4520.90,4516.23,4519.92
2026.05.22 07:45,4519.91,4520.32,4517.67,4518.56
2026.05.22 07:50,4518.50,4522.81,4517.91,4521.69
2026.05.22 07:55,4521.72,4523.26,4521.18,4521.87
2026.05.22 08:00,4522.22,4526.03,4521.59,4525.00
2026.05.22 08:05,4525.00,4527.46,4523.89,4527.01
2026.05.22 08:10,4527.07,4529.96,4524.33,4524.79
2026.05.22 08:15,4524.78,4528.56,4523.73,4528.14
2026.05.22 08:20,4528.15,4531.16,4525.96,4528.00
2026.05.22 08:25,4528.02,4528.85,4524.40,4526.55
2026.05.22 08:30,4527.00,4527.16,4518.49,4520.17
2026.05.22 08:35,4519.64,4524.09,4517.20,4521.90
2026.05.22 08:40,4521.92,4523.02,4521.02,4522.51
2026.05.22 08:45,4522.52,4524.14,4522.51,4522.65
2026.05.22 08:50,4522.78,4524.87,4521.97,4524.08
2026.05.22 08:55,4524.02,4524.08,4521.60,4521.87
2026.05.22 09:00,4521.84,4524.91,4520.69,4524.03
2026.05.22 09:05,4523.92,4525.56,4520.16,4522.21
2026.05.22 09:10,4522.26,4523.19,4517.32,4517.33
2026.05.22 09:15,4517.29,4519.44,4515.24,4518.73
2026.05.22 09:20,4518.64,4519.80,4518.21,4519.29
2026.05.22 09:25,4519.22,4520.55,4517.17,4517.85
2026.05.22 09:30,4517.68,4519.51,4514.82,4519.51
2026.05.22 09:35,4519.51,4524.43,4518.49,4524.40
2026.05.22 09:40,4524.39,4526.05,4522.92,4525.13
2026.05.22 09:45,4525.14,4528.80,4524.74,4528.50
2026.05.22 09:50,4529.15,4535.86,4528.99,4533.23
2026.05.22 09:55,4533.24,4535.37,4532.23,4532.23
2026.05.22 10:00,4532.26,4532.51,4529.65,4529.68
2026.05.22 10:05,4529.64,4536.71,4529.63,4535.56
2026.05.22 10:10,4535.53,4536.80,4533.86,4533.86
2026.05.22 10:15,4533.95,4534.15,4531.48,4531.49
2026.05.22 10:20,4531.44,4531.50,4527.83,4529.85
2026.05.22 10:25,4529.91,4530.43,4524.57,4524.81
2026.05.22 10:30,4524.79,4525.51,4518.80,4518.83
2026.05.22 10:35,4519.02,4520.76,4514.67,4518.13
2026.05.22 10:40,4518.13,4518.29,4512.33,4512.51
2026.05.22 10:45,4512.43,4514.81,4510.17,4512.90
2026.05.22 10:50,4512.98,4514.96,4512.46,4512.46
2026.05.22 10:55,4512.50,4515.15,4512.08,4514.74
2026.05.22 11:00,4514.66,4516.63,4513.87,4516.26
2026.05.22 11:05,4516.30,4517.29,4515.62,4516.41
2026.05.22 11:10,4516.42,4516.51,4514.01,4515.92
2026.05.22 11:15,4515.83,4515.83,4511.99,4513.03
2026.05.22 11:20,4513.04,4513.83,4512.16,4512.60
2026.05.22 11:25,4512.60,4514.96,4511.93,4512.08
2026.05.22 11:30,4512.04,4517.41,4511.61,4517.23
2026.05.22 11:35,4517.23,4520.37,4516.79,4518.92
2026.05.22 11:40,4518.80,4523.10,4517.11,4521.75
2026.05.22 11:45,4521.84,4525.08,4521.25,4522.46
2026.05.22 11:50,4522.49,4524.02,4521.87,4523.15
2026.05.22 11:55,4523.14,4523.47,4520.18,4520.68
2026.05.22 12:00,4520.25,4522.24,4519.16,4521.62
2026.05.22 12:05,4521.38,4523.17,4519.25,4519.99
2026.05.22 12:10,4519.92,4529.91,4519.65,4529.24
2026.05.22 12:15,4529.19,4535.78,4526.23,4533.28
2026.05.22 12:20,4533.27,4534.32,4524.51,4527.38
2026.05.22 12:25,4527.39,4528.38,4521.20,4521.78
2026.05.22 12:30,4521.70,4523.64,4517.64,4518.14
2026.05.22 12:35,4518.12,4518.72,4515.14,4517.89
2026.05.22 12:40,4517.92,4519.67,4516.29,4518.73
2026.05.22 12:45,4518.66,4519.82,4517.44,4518.73
2026.05.22 12:50,4518.67,4521.43,4518.39,4519.80
2026.05.22 12:55,4519.87,4528.43,4519.19,4528.26
2026.05.22 13:00,4529.19,4530.20,4520.86,4523.92
2026.05.22 13:05,4523.89,4532.61,4522.86,4531.77
2026.05.22 13:10,4532.20,4534.35,4527.09,4528.20
2026.05.22 13:15,4528.22,4529.77,4525.81,4527.27
2026.05.22 13:20,4527.32,4528.40,4523.44,4523.50
2026.05.22 13:25,4523.90,4524.30,4521.64,4522.16
2026.05.22 13:30,4521.59,4527.14,4520.04,4522.76
2026.05.22 13:35,4522.78,4524.40,4518.43,4519.80
2026.05.22 13:40,4519.80,4519.92,4511.43,4517.73
2026.05.22 13:45,4517.60,4518.93,4510.30,4510.84
2026.05.22 13:50,4510.99,4517.59,4510.41,4517.06
2026.05.22 13:55,4517.10,4517.10,4511.76,4513.88
2026.05.22 14:00,4513.24,4513.39,4503.17,4507.68
2026.05.22 14:05,4507.42,4510.70,4504.64,4510.07
2026.05.22 14:10,4510.03,4511.07,4488.36,4497.06
2026.05.22 14:15,4497.40,4500.50,4492.75,4497.98
2026.05.22 14:20,4498.07,4499.40,4492.37,4494.50
2026.05.22 14:25,4494.55,4499.83,4492.31,4499.04
2026.05.22 14:30,4499.23,4502.27,4497.27,4500.94
2026.05.22 14:35,4500.92,4504.12,4498.38,4500.35
2026.05.22 14:40,4500.36,4505.94,4500.25,4504.49
2026.05.22 14:45,4504.26,4507.32,4504.18,4504.36
2026.05.22 14:50,4503.80,4504.64,4501.49,4503.71
2026.05.22 14:55,4503.68,4503.86,4500.40,4500.61
2026.05.22 15:00,4500.61,4505.95,4500.31,4505.76
2026.05.22 15:05,4505.65,4511.15,4505.46,4510.93
2026.05.22 15:10,4511.03,4511.99,4509.70,4511.16
2026.05.22 15:15,4511.15,4516.75,4511.02,4515.85
2026.05.22 15:20,4515.85,4515.86,4513.61,4514.31
2026.05.22 15:25,4514.33,4519.21,4513.50,4519.21
2026.05.22 15:30,4519.51,4522.31,4518.61,4519.30
2026.05.22 15:35,4519.30,4521.70,4518.46,4520.69
2026.05.22 15:40,4520.67,4521.26,4517.42,4518.19
2026.05.22 15:45,4518.26,4519.73,4514.68,4514.94
2026.05.22 15:50,4514.91,4518.13,4514.83,4516.86
2026.05.22 15:55,4516.86,4521.75,4516.86,4520.08
2026.05.22 16:00,4520.12,4520.41,4517.28,4518.84
2026.05.22 16:05,4518.83,4519.69,4516.92,4517.86
2026.05.22 16:10,4517.80,4519.95,4517.53,4519.58
2026.05.22 16:15,4519.24,4519.31,4517.06,4517.11
2026.05.22 16:20,4517.11,4520.70,4517.00,4520.05
2026.05.22 16:25,4520.06,4524.15,4520.06,4523.74
2026.05.22 16:30,4523.73,4526.82,4521.86,4522.25
2026.05.22 16:35,4522.25,4522.86,4518.62,4519.61
2026.05.22 16:40,4519.62,4519.67,4513.67,4515.01
2026.05.22 16:45,4514.93,4517.99,4513.54,4513.61
2026.05.22 16:50,4513.69,4514.72,4512.51,4513.98
2026.05.22 16:55,4513.99,4514.97,4512.51,4514.91
2026.05.22 17:00,4514.97,4519.16,4514.79,4518.45
2026.05.22 17:05,4518.69,4520.17,4517.89,4519.99
2026.05.22 17:10,4520.11,4520.87,4519.08,4519.34
2026.05.22 17:15,4519.13,4520.12,4514.53,4514.98
2026.05.22 17:20,4514.84,4516.80,4513.26,4514.85
2026.05.22 17:25,4516.09,4525.85,4515.73,4525.29
2026.05.22 17:30,4525.39,4527.66,4520.09,4520.09
2026.05.22 17:35,4520.10,4523.96,4519.49,4523.53
2026.05.22 17:40,4523.54,4524.39,4522.21,4522.21
2026.05.22 17:45,4522.22,4522.81,4520.87,4521.47
2026.05.22 17:50,4521.38,4522.13,4519.06,4519.75
2026.05.22 17:55,4519.76,4521.51,4518.67,4519.14
2026.05.22 18:00,4519.26,4519.42,4512.08,4515.62
2026.05.22 18:05,4515.61,4517.28,4514.10,4515.53
2026.05.22 18:10,4515.53,4515.53,4512.77,4513.82
2026.05.22 18:15,4513.74,4516.16,4512.54,4515.05
2026.05.22 18:20,4515.05,4517.49,4514.97,4516.59
2026.05.22 18:25,4516.61,4517.72,4515.39,4515.39
2026.05.22 18:30,4515.39,4517.04,4513.96,4517.01
2026.05.22 18:35,4516.99,4519.89,4514.74,4518.30
2026.05.22 18:40,4518.28,4518.57,4514.81,4515.19
2026.05.22 18:45,4515.16,4515.99,4513.00,4513.15
2026.05.22 18:50,4513.15,4515.85,4512.98,4515.42
2026.05.22 18:55,4515.41,4515.81,4513.25,4514.88
2026.05.22 19:00,4515.19,4515.85,4509.55,4510.62
2026.05.22 19:05,4510.67,4511.02,4507.87,4508.65
2026.05.22 19:10,4508.48,4509.68,4507.01,4507.31
2026.05.22 19:15,4507.33,4509.11,4507.10,4509.00
2026.05.22 19:20,4509.01,4509.01,4507.22,4507.82
2026.05.22 19:25,4507.81,4508.60,4506.45,4507.13
2026.05.22 19:30,4507.29,4508.33,4504.30,4508.08
2026.05.22 19:35,4507.96,4509.73,4507.29,4509.39
2026.05.22 19:40,4509.37,4510.90,4508.82,4509.67
2026.05.22 19:45,4509.69,4510.01,4507.06,4507.58
2026.05.22 19:50,4507.86,4508.23,4506.69,4507.69
2026.05.22 19:55,4507.84,4509.25,4507.36,4508.35
2026.05.22 20:00,4508.70,4509.36,4504.86,4506.29
2026.05.22 20:05,4506.24,4507.24,4505.36,4507.08
2026.05.22 20:10,4507.12,4508.23,4506.51,4508.04
2026.05.22 20:15,4508.16,4509.41,4506.92,4509.04
2026.05.22 20:20,4509.04,4510.36,4508.88,4509.63
2026.05.22 20:25,4509.68,4510.53,4508.45,4510.29
2026.05.22 20:30,4510.41,4510.42,4506.08,4507.31
2026.05.22 20:35,4507.10,4507.71,4506.09,4506.98
2026.05.22 20:40,4506.96,4506.96,4504.72,4504.95
2026.05.22 20:45,4504.91,4508.29,4504.35,4506.89
2026.05.22 20:50,4506.91,4507.28,4504.66,4506.43
2026.05.22 20:55,4506.36,4510.07,4506.36,4509.32
2026.05.24 22:00,4536.82,4552.86,4531.56,4551.44
2026.05.24 22:05,4550.60,4556.93,4550.02,4554.48
2026.05.24 22:10,4554.18,4557.36,4551.81,4554.66
2026.05.24 22:15,4554.90,4555.95,4548.51,4551.94
2026.05.24 22:20,4552.29,4555.45,4551.72,4554.25
2026.05.24 22:25,4554.34,4555.17,4551.15,4552.24
2026.05.24 22:30,4551.79,4561.13,4551.79,4559.17
2026.05.24 22:35,4559.16,4559.48,4557.06,4557.90
2026.05.24 22:40,4557.90,4558.25,4556.50,4558.15
2026.05.24 22:45,4558.27,4565.62,4557.93,4565.17
2026.05.24 22:50,4565.38,4565.38,4562.04,4562.15
2026.05.24 22:55,4562.17,4565.28,4561.73,4565.01
2026.05.24 23:00,4565.02,4568.40,4565.02,4568.24
2026.05.24 23:05,4567.99,4574.12,4567.83,4572.74
2026.05.24 23:10,4572.79,4576.29,4572.79,4574.39
2026.05.24 23:15,4574.42,4577.47,4573.29,4574.18
2026.05.24 23:20,4574.17,4578.24,4573.96,4576.86
2026.05.24 23:25,4576.95,4577.99,4573.74,4574.93
2026.05.24 23:30,4574.98,4578.61,4574.92,4578.00
2026.05.24 23:35,4578.00,4579.01,4577.45,4578.65
2026.05.24 23:40,4578.58,4579.90,4577.04,4577.27
2026.05.24 23:45,4577.29,4578.27,4575.45,4577.00
2026.05.24 23:50,4576.67,4576.67,4573.98,4575.04
2026.05.24 23:55,4575.01,4575.07,4565.81,4566.99
2026.05.25 00:00,4566.92,4571.47,4566.09,4568.78
2026.05.25 00:05,4568.71,4574.27,4568.23,4572.99
2026.05.25 00:10,4573.09,4575.63,4570.38,4572.57
2026.05.25 00:15,4572.52,4573.43,4569.81,4571.28
2026.05.25 00:20,4571.35,4574.43,4569.93,4574.42
2026.05.25 00:25,4574.47,4575.34,4570.11,4572.25
2026.05.25 00:30,4572.25,4574.73,4571.78,4573.71
2026.05.25 00:35,4573.62,4575.47,4572.20,4574.90
2026.05.25 00:40,4574.76,4574.82,4570.88,4571.54
2026.05.25 00:45,4571.71,4579.52,4570.93,4576.65
2026.05.25 00:50,4576.61,4577.54,4571.52,4573.41
2026.05.25 00:55,4573.35,4574.30,4566.16,4569.47
2026.05.25 01:00,4569.49,4576.13,4567.03,4568.16
2026.05.25 01:05,4568.38,4569.85,4560.53,4562.01
2026.05.25 01:10,4562.02,4566.78,4561.61,4565.72
2026.05.25 01:15,4565.68,4566.43,4562.33,4566.34
2026.05.25 01:20,4566.37,4573.03,4565.62,4571.48
2026.05.25 01:25,4571.49,4575.34,4568.84,4573.87
2026.05.25 01:30,4573.40,4574.69,4568.67,4568.92
2026.05.25 01:35,4568.95,4571.77,4568.90,4570.37
2026.05.25 01:40,4570.37,4570.95,4563.06,4563.23
2026.05.25 01:45,4563.10,4564.90,4560.09,4563.83
2026.05.25 01:50,4563.73,4567.26,4561.29,4566.47
2026.05.25 01:55,4566.52,4566.92,4560.85,4562.78
2026.05.25 02:00,4563.03,4565.33,4561.26,4562.49
2026.05.25 02:05,4562.63,4568.28,4562.25,4567.58
2026.05.25 02:10,4567.77,4568.01,4561.17,4562.00
2026.05.25 02:15,4561.89,4562.44,4558.76,4561.70
2026.05.25 02:20,4561.88,4563.25,4559.62,4562.57
2026.05.25 02:25,4562.56,4563.00,4559.77,4562.81
2026.05.25 02:30,4563.16,4565.41,4561.58,4563.69
2026.05.25 02:35,4563.70,4565.60,4562.07,4565.26
2026.05.25 02:40,4565.30,4569.43,4564.30,4569.42
2026.05.25 02:45,4569.59,4570.15,4562.01,4563.27
2026.05.25 02:50,4563.28,4564.95,4561.93,4561.93
2026.05.25 02:55,4561.86,4562.80,4559.39,4561.28
2026.05.25 03:00,4561.28,4564.31,4560.98,4563.16
2026.05.25 03:05,4563.13,4563.39,4560.36,4563.02
2026.05.25 03:10,4563.08,4563.58,4561.38,4563.05
2026.05.25 03:15,4563.17,4563.36,4561.63,4562.13
2026.05.25 03:20,4562.12,4564.49,4561.39,4561.42
2026.05.25 03:25,4561.42,4562.00,4560.10,4560.62
2026.05.25 03:30,4560.84,4562.42,4559.51,4561.39
2026.05.25 03:35,4561.39,4564.01,4561.36,4562.80
2026.05.25 03:40,4562.79,4562.79,4558.22,4558.44
2026.05.25 03:45,4558.43,4559.06,4556.88,4558.54
2026.05.25 03:50,4558.48,4560.04,4556.85,4559.82
2026.05.25 03:55,4559.83,4561.25,4559.34,4559.79
2026.05.25 04:00,4559.71,4562.07,4559.41,4561.25
2026.05.25 04:05,4561.24,4562.05,4560.72,4561.64
2026.05.25 04:10,4561.62,4562.54,4560.02,4560.92
2026.05.25 04:15,4560.76,4561.96,4560.00,4561.10
2026.05.25 04:20,4561.11,4564.53,4561.11,4564.03
2026.05.25 04:25,4563.99,4565.74,4563.98,4565.19
2026.05.25 04:30,4565.21,4565.38,4560.17,4560.62
2026.05.25 04:35,4560.67,4562.35,4559.57,4561.91
2026.05.25 04:40,4561.98,4562.93,4560.81,4562.36
2026.05.25 04:45,4562.36,4564.41,4562.30,4563.87
2026.05.25 04:50,4563.76,4565.33,4563.27,4564.20
2026.05.25 04:55,4564.23,4565.55,4564.09,4564.77
2026.05.25 05:00,4564.82,4565.71,4562.98,4565.54
2026.05.25 05:05,4565.55,4565.55,4564.35,4564.43
2026.05.25 05:10,4564.48,4565.03,4562.81,4563.48
2026.05.25 05:15,4563.48,4563.61,4562.39,4562.75
2026.05.25 05:20,4562.79,4562.88,4556.35,4556.50
2026.05.25 05:25,4556.50,4556.99,4554.00,4554.16
2026.05.25 05:30,4554.12,4559.62,4552.72,4557.59
2026.05.25 05:35,4557.62,4560.64,4557.52,4559.91
2026.05.25 05:40,4559.91,4560.89,4555.24,4556.97
2026.05.25 05:45,4556.97,4557.90,4554.34,4554.56
2026.05.25 05:50,4554.65,4554.92,4551.87,4553.89
2026.05.25 05:55,4553.99,4555.41,4552.84,4553.32
2026.05.25 06:00,4553.19,4555.86,4552.44,4553.10
2026.05.25 06:05,4553.10,4553.67,4550.47,4552.10
2026.05.25 06:10,4552.09,4554.07,4551.50,4553.84
2026.05.25 06:15,4553.74,4555.27,4552.44,4554.36
2026.05.25 06:20,4554.41,4556.75,4552.26,4556.44
2026.05.25 06:25,4556.40,4557.30,4553.97,4554.21
2026.05.25 06:30,4554.22,4556.12,4553.59,4555.13
2026.05.25 06:35,4555.14,4557.28,4554.78,4555.48
2026.05.25 06:40,4555.49,4557.28,4555.29,4556.46
2026.05.25 06:45,4556.45,4559.26,4556.23,4557.68
2026.05.25 06:50,4557.84,4559.30,4556.45,4558.62
2026.05.25 06:55,4558.71,4563.18,4558.55,4562.42
2026.05.25 07:00,4562.54,4564.73,4561.10,4563.94
2026.05.25 07:05,4563.84,4564.33,4561.29,4562.10
2026.05.25 07:10,4562.03,4564.32,4560.76,4560.76
2026.05.25 07:15,4560.44,4561.11,4553.30,4555.32
2026.05.25 07:20,4555.36,4556.00,4552.48,4555.55
2026.05.25 07:25,4555.64,4556.89,4554.02,4554.37
2026.05.25 07:30,4554.42,4561.56,4554.15,4559.04
2026.05.25 07:35,4558.99,4559.83,4557.20,4558.70
2026.05.25 07:40,4558.76,4560.91,4558.53,4559.90
2026.05.25 07:45,4559.85,4562.13,4558.63,4562.13
2026.05.25 07:50,4562.13,4564.99,4561.65,4563.84
2026.05.25 07:55,4563.84,4565.12,4563.35,4564.81
2026.05.25 08:00,4564.89,4564.89,4562.52,4562.66
2026.05.25 08:05,4562.66,4562.86,4559.77,4561.29
2026.05.25 08:10,4561.41,4562.00,4559.74,4561.06
2026.05.25 08:15,4561.06,4561.33,4559.49,4560.73
2026.05.25 08:20,4561.10,4561.10,4554.64,4555.36
2026.05.25 08:25,4555.36,4556.06,4553.78,4555.06
2026.05.25 08:30,4555.25,4558.11,4554.42,4556.96
2026.05.25 08:35,4557.10,4558.09,4554.94,4556.10
2026.05.25 08:40,4556.09,4556.52,4553.53,4554.65
2026.05.25 08:45,4554.67,4555.32,4553.35,4554.57
2026.05.25 08:50,4554.59,4556.39,4554.32,4556.01
2026.05.25 08:55,4556.01,4556.59,4555.56,4556.13
2026.05.25 09:00,4556.15,4558.71,4555.58,4557.25
2026.05.25 09:05,4557.24,4557.31,4555.01,4555.06
2026.05.25 09:10,4555.11,4557.27,4554.99,4555.52
2026.05.25 09:15,4555.52,4557.40,4555.52,4556.48
2026.05.25 09:20,4556.38,4556.62,4555.53,4556.54
2026.05.25 09:25,4556.50,4558.97,4556.42,4558.90
2026.05.25 09:30,4558.89,4565.04,4558.45,4565.04
2026.05.25 09:35,4565.04,4565.59,4562.96,4564.66
2026.05.25 09:40,4564.69,4566.06,4563.74,4565.81
2026.05.25 09:45,4565.83,4566.82,4564.70,4566.61
2026.05.25 09:50,4566.60,4568.44,4566.28,4567.16
2026.05.25 09:55,4567.10,4569.02,4566.75,4567.54
2026.05.25 10:00,4567.65,4569.70,4567.48,4569.00
2026.05.25 10:05,4569.01,4570.98,4568.81,4570.98
2026.05.25 10:10,4570.98,4572.45,4569.88,4571.87
2026.05.25 10:15,4571.91,4573.66,4571.26,4572.82
2026.05.25 10:20,4572.83,4572.85,4571.03,4572.36
2026.05.25 10:25,4572.24,4572.33,4569.81,4570.87
2026.05.25 10:30,4570.96,4573.14,4570.11,4572.62
2026.05.25 10:35,4572.63,4572.64,4570.71,4570.85
2026.05.25 10:40,4570.85,4570.98,4568.50,4570.21
2026.05.25 10:45,4570.22,4572.38,4570.10,4570.46
2026.05.25 10:50,4570.45,4570.50,4569.23,4569.96
2026.05.25 10:55,4569.97,4570.32,4568.62,4568.62
2026.05.25 11:00,4568.75,4568.75,4567.93,4568.56
2026.05.25 11:05,4568.56,4568.71,4567.61,4568.26
2026.05.25 11:10,4568.29,4572.39,4568.28,4572.10
2026.05.25 11:15,4572.07,4575.16,4571.78,4574.86
2026.05.25 11:20,4574.86,4574.99,4571.69,4571.81
2026.05.25 11:25,4571.81,4571.81,4569.54,4571.67
2026.05.25 11:30,4571.61,4574.38,4571.60,4573.29
2026.05.25 11:35,4573.13,4576.20,4572.87,4576.01
2026.05.25 11:40,4576.00,4576.19,4573.95,4574.52
2026.05.25 11:45,4574.54,4576.87,4571.21,4571.21
2026.05.25 11:50,4571.13,4571.98,4570.45,4570.72
2026.05.25 11:55,4570.78,4571.15,4569.27,4569.42
2026.05.25 12:00,4569.41,4569.43,4563.81,4564.60
2026.05.25 12:05,4564.45,4564.55,4557.16,4560.34
2026.05.25 12:10,4560.32,4561.25,4556.11,4556.29
2026.05.25 12:15,4556.28,4556.90,4553.91,4554.18
2026.05.25 12:20,4554.19,4556.80,4553.00,4556.36
2026.05.25 12:25,4556.37,4560.86,4556.22,4560.50
2026.05.25 12:30,4560.69,4564.13,4559.92,4564.13
2026.05.25 12:35,4564.15,4570.28,4563.28,4568.79
2026.05.25 12:40,4568.79,4569.15,4566.41,4566.50
2026.05.25 12:45,4566.48,4568.02,4564.30,4566.23
2026.05.25 12:50,4566.23,4567.30,4565.92,4566.78
2026.05.25 12:55,4566.84,4568.66,4566.64,4567.61
2026.05.25 13:00,4567.70,4567.70,4561.64,4564.55
2026.05.25 13:05,4564.53,4571.69,4564.52,4568.45
2026.05.25 13:10,4568.38,4568.50,4562.80,4564.24
2026.05.25 13:15,4564.46,4564.46,4560.59,4561.99
2026.05.25 13:20,4562.01,4564.56,4561.91,4563.47
2026.05.25 13:25,4563.53,4563.85,4560.98,4561.86
2026.05.25 13:30,4561.82,4564.43,4561.56,4564.28
2026.05.25 13:35,4564.29,4565.58,4563.04,4564.31
2026.05.25 13:40,4564.36,4565.57,4563.84,4565.13
2026.05.25 13:45,4565.13,4565.35,4560.08,4561.58
2026.05.25 13:50,4561.57,4563.40,4560.81,4563.37
2026.05.25 13:55,4563.39,4564.90,4563.00,4563.08
2026.05.25 14:00,4563.09,4567.28,4562.33,4567.02
2026.05.25 14:05,4567.02,4569.85,4567.02,4569.65
2026.05.25 14:10,4569.63,4570.03,4567.02,4567.73
2026.05.25 14:15,4567.71,4568.96,4567.47,4568.38
2026.05.25 14:20,4568.42,4570.14,4567.68,4570.11
2026.05.25 14:25,4570.24,4570.57,4567.42,4567.94
2026.05.25 14:30,4567.96,4568.32,4565.22,4567.79
2026.05.25 14:35,4567.83,4568.30,4566.38,4567.61
2026.05.25 14:40,4567.64,4568.49,4566.54,4567.03
2026.05.25 14:45,4567.00,4568.41,4566.39,4568.20
2026.05.25 14:50,4568.30,4568.94,4565.84,4565.86
2026.05.25 14:55,4565.86,4567.03,4565.38,4566.80
2026.05.25 15:00,4566.59,4569.19,4566.59,4568.17
2026.05.25 15:05,4568.17,4568.17,4565.68,4566.70
2026.05.25 15:10,4566.67,4573.47,4566.11,4570.12
2026.05.25 15:15,4570.51,4570.86,4568.02,4570.42
2026.05.25 15:20,4570.43,4573.39,4570.28,4572.97
2026.05.25 15:25,4572.82,4574.57,4571.61,4573.34
2026.05.25 15:30,4573.29,4573.44,4570.18,4571.07
2026.05.25 15:35,4571.14,4571.15,4566.77,4568.76
2026.05.25 15:40,4568.76,4569.55,4567.87,4569.02
2026.05.25 15:45,4569.01,4570.55,4568.80,4570.36
2026.05.25 15:50,4570.38,4572.35,4570.26,4571.91
2026.05.25 15:55,4571.88,4572.73,4570.68,4570.92
2026.05.25 16:00,4570.95,4570.98,4568.64,4569.40
2026.05.25 16:05,4569.41,4570.04,4568.97,4569.38
2026.05.25 16:10,4569.40,4570.79,4569.34,4570.61
2026.05.25 16:15,4570.56,4570.63,4568.72,4568.82
2026.05.25 16:20,4568.84,4570.34,4568.83,4569.66
2026.05.25 16:25,4569.68,4570.26,4568.16,4568.19
2026.05.25 16:30,4568.18,4570.11,4567.96,4570.08
2026.05.25 16:35,4569.98,4571.16,4569.72,4571.11
2026.05.25 16:40,4571.09,4572.35,4570.46,4572.09
2026.05.25 16:45,4572.18,4573.31,4571.78,4572.92
2026.05.25 16:50,4572.89,4574.56,4570.91,4570.91
2026.05.25 16:55,4570.92,4573.60,4570.92,4573.58
2026.05.25 17:00,4573.62,4576.61,4573.47,4575.71
2026.05.25 17:05,4575.45,4576.13,4574.42,4576.00
2026.05.25 17:10,4576.03,4577.52,4573.73,4574.09
2026.05.25 17:15,4574.12,4574.52,4573.63,4573.87
2026.05.25 17:20,4573.83,4573.96,4571.22,4571.33
2026.05.25 17:25,4571.48,4571.61,4570.36,4571.41
2026.05.25 17:30,4571.35,4571.44,4569.82,4569.82
2026.05.25 17:35,4569.71,4569.94,4567.72,4567.79
2026.05.25 17:40,4567.74,4568.12,4566.33,4566.75
2026.05.25 17:45,4566.76,4566.76,4563.32,4565.08
2026.05.25 17:50,4565.18,4565.30,4563.57,4564.48
2026.05.25 17:55,4564.51,4565.60,4563.97,4565.10
2026.05.25 18:00,4565.23,4569.14,4564.55,4569.11
2026.05.25 18:05,4569.08,4571.54,4568.12,4570.20
2026.05.25 18:10,4570.24,4570.66,4568.13,4569.19
2026.05.25 18:15,4569.16,4570.23,4568.85,4568.94
2026.05.25 18:20,4568.94,4570.72,4567.45,4567.71
2026.05.25 18:25,4567.60,4570.93,4567.45,4570.93
2026.05.25 18:45,4568.04,4569.55,4568.04,4569.47
2026.05.25 18:50,4569.41,4569.57,4569.07,4569.57
2026.05.25 18:55,4569.58,4569.59,4569.58,4569.59
2026.05.25 19:00,4569.60,4569.60,4569.60,4569.60
2026.05.25 19:10,4569.60,4569.60,4569.60,4569.60
2026.05.25 19:15,4569.60,4569.60,4569.60,4569.60
2026.05.25 19:20,4569.60,4569.60,4569.60,4569.60
2026.05.25 19:25,4569.60,4569.60,4569.60,4569.60
2026.05.25 19:30,4569.60,4569.60,4569.60,4569.60
2026.05.25 19:35,4569.60,4569.60,4569.59,4569.59
2026.05.25 19:40,4569.59,4569.59,4569.59,4569.59
2026.05.25 19:45,4569.59,4569.59,4569.59,4569.59
2026.05.25 19:50,4569.59,4569.59,4569.58,4569.58
2026.05.25 19:55,4569.58,4569.58,4569.58,4569.58
2026.05.25 20:00,4569.58,4569.58,4569.58,4569.58
2026.05.25 20:05,4569.58,4574.82,4569.58,4574.82
2026.05.25 20:10,4574.82,4574.84,4574.82,4574.84
2026.05.25 20:15,4574.84,4574.85,4574.84,4574.85
2026.05.25 20:20,4574.85,4574.85,4571.37,4572.56
2026.05.25 20:25,4572.56,4572.58,4572.56,4572.58
2026.05.25 20:30,4572.59,4572.60,4572.59,4572.60
2026.05.25 20:40,4572.26,4572.26,4571.97,4571.97
2026.05.25 20:45,4571.97,4572.19,4571.31,4571.31
2026.05.25 20:50,4571.31,4571.31,4571.31,4571.31
2026.05.25 20:55,4571.31,4571.31,4571.31,4571.31
2026.05.25 22:00,4570.43,4573.14,4567.99,4570.98
2026.05.25 22:05,4571.20,4572.93,4570.67,4572.54
2026.05.25 22:10,4572.67,4574.04,4572.14,4573.36
2026.05.25 22:15,4573.42,4575.24,4573.18,4573.87
2026.05.25 22:20,4573.88,4575.13,4572.96,4575.12
2026.05.25 22:25,4575.09,4575.47,4572.93,4573.15
2026.05.25 22:30,4573.16,4573.19,4571.03,4571.05
2026.05.25 22:35,4571.01,4573.31,4569.66,4572.75
2026.05.25 22:40,4572.76,4575.15,4571.86,4574.03
2026.05.25 22:45,4573.98,4575.28,4573.56,4573.84
2026.05.25 22:50,4573.84,4576.29,4573.84,4576.18
2026.05.25 22:55,4576.18,4576.51,4574.17,4574.90
2026.05.25 23:00,4574.63,4576.60,4573.96,4574.14
2026.05.25 23:05,4574.11,4576.76,4573.82,4576.29
2026.05.25 23:10,4576.29,4579.17,4575.51,4579.00
2026.05.25 23:15,4578.98,4580.11,4577.27,4577.55
2026.05.25 23:20,4577.56,4578.12,4573.08,4574.15
2026.05.25 23:25,4574.02,4574.15,4567.29,4568.27
2026.05.25 23:30,4568.34,4568.57,4560.55,4560.86
2026.05.25 23:35,4560.83,4562.40,4555.19,4561.72
2026.05.25 23:40,4561.73,4562.31,4555.21,4556.70
2026.05.25 23:45,4556.79,4561.18,4556.77,4559.45
2026.05.25 23:50,4559.45,4562.92,4558.73,4562.77
2026.05.25 23:55,4562.41,4562.82,4559.31,4559.70
2026.05.26 00:00,4559.93,4559.93,4549.36,4550.78
2026.05.26 00:05,4550.76,4552.56,4548.85,4549.58
2026.05.26 00:10,4549.57,4553.12,4548.75,4552.33
2026.05.26 00:15,4552.32,4553.46,4541.23,4546.11
2026.05.26 00:20,4546.28,4546.90,4541.53,4544.83
2026.05.26 00:25,4544.83,4550.38,4544.24,4549.30
2026.05.26 00:30,4549.30,4552.97,4549.30,4551.91
2026.05.26 00:35,4551.91,4552.29,4546.24,4547.18
2026.05.26 00:40,4547.27,4549.65,4543.58,4547.97
2026.05.26 00:45,4548.10,4551.51,4544.08,4544.90
2026.05.26 00:50,4544.85,4546.26,4539.59,4542.34
2026.05.26 00:55,4542.28,4550.15,4542.28,4549.63
2026.05.26 01:00,4549.56,4550.10,4542.37,4542.68
2026.05.26 01:05,4542.68,4547.30,4542.42,4545.56
2026.05.26 01:10,4546.18,4549.28,4545.79,4548.74
2026.05.26 01:15,4548.69,4549.06,4545.65,4546.88
2026.05.26 01:20,4546.92,4548.05,4541.87,4544.07
2026.05.26 01:25,4543.91,4546.38,4543.10,4543.75
2026.05.26 01:30,4543.75,4544.26,4537.28,4538.86
2026.05.26 01:35,4538.59,4538.90,4527.80,4529.70
2026.05.26 01:40,4529.81,4532.94,4528.02,4532.16
2026.05.26 01:45,4532.17,4535.09,4531.40,4533.16
2026.05.26 01:50,4533.35,4536.23,4531.46,4535.02
2026.05.26 01:55,4534.93,4537.31,4534.57,4537.02
2026.05.26 02:00,4537.02,4538.01,4535.42,4536.51
2026.05.26 02:05,4536.40,4538.92,4535.39,4538.63
2026.05.26 02:10,4538.54,4539.53,4537.12,4538.45
2026.05.26 02:15,4538.47,4538.90,4536.52,4538.29
2026.05.26 02:20,4538.31,4538.38,4536.51,4538.28
2026.05.26 02:25,4538.23,4538.49,4536.07,4536.79
2026.05.26 02:30,4536.84,4537.17,4533.70,4534.62
2026.05.26 02:35,4534.62,4538.48,4534.19,4537.46
2026.05.26 02:40,4537.41,4538.50,4533.66,4534.05
2026.05.26 02:45,4534.00,4534.06,4531.23,4532.53
2026.05.26 02:50,4532.52,4533.78,4530.12,4532.29
2026.05.26 02:55,4532.34,4534.70,4532.25,4532.26
2026.05.26 03:00,4532.23,4536.19,4532.04,4533.64
2026.05.26 03:05,4533.53,4536.58,4533.52,4535.73
2026.05.26 03:10,4535.78,4538.33,4534.90,4536.98
2026.05.26 03:15,4536.97,4538.91,4536.90,4538.46
2026.05.26 03:20,4538.43,4543.65,4538.27,4541.95
2026.05.26 03:25,4541.92,4543.15,4541.24,4542.21
2026.05.26 03:30,4542.18,4544.39,4541.82,4544.38
2026.05.26 03:35,4544.38,4545.32,4543.10,4543.43
2026.05.26 03:40,4543.42,4544.26,4540.98,4541.35
2026.05.26 03:45,4541.25,4542.46,4540.79,4541.86
2026.05.26 03:50,4541.86,4543.69,4541.65,4542.62
2026.05.26 03:55,4542.76,4543.05,4541.20,4542.30
2026.05.26 04:00,4542.23,4543.15,4540.51,4540.51
2026.05.26 04:05,4540.51,4540.63,4539.08,4539.28
2026.05.26 04:10,4539.24,4539.86,4536.22,4537.29
2026.05.26 04:15,4537.42,4539.38,4536.42,4538.00
2026.05.26 04:20,4538.08,4538.39,4535.10,4535.38
2026.05.26 04:25,4535.35,4535.51,4532.51,4532.51
2026.05.26 04:30,4532.51,4533.19,4529.85,4530.29
2026.05.26 04:35,4530.29,4530.80,4525.87,4527.75
2026.05.26 04:40,4527.74,4529.12,4525.21,4526.16
2026.05.26 04:45,4526.17,4527.84,4524.74,4527.52
2026.05.26 04:50,4527.49,4529.02,4526.31,4527.57
2026.05.26 04:55,4527.69,4527.76,4523.64,4525.44
2026.05.26 05:00,4525.43,4529.30,4523.01,4528.72
2026.05.26 05:05,4528.70,4530.52,4526.20,4530.43
2026.05.26 05:10,4530.43,4531.26,4529.03,4529.37
2026.05.26 05:15,4529.25,4531.34,4528.98,4529.35
2026.05.26 05:20,4529.27,4531.10,4528.98,4529.92
2026.05.26 05:25,4529.80,4531.38,4528.74,4531.21
2026.05.26 05:30,4531.06,4533.89,4530.62,4533.37
2026.05.26 05:35,4533.37,4535.05,4532.32,4532.59
2026.05.26 05:40,4532.58,4532.88,4527.93,4529.78
2026.05.26 05:45,4529.75,4529.85,4526.32,4527.81
2026.05.26 05:50,4527.75,4528.15,4523.54,4526.94
2026.05.26 05:55,4526.83,4528.66,4524.83,4527.18
2026.05.26 06:00,4527.11,4531.29,4527.06,4531.03
2026.05.26 06:05,4530.97,4532.22,4530.19,4530.96
2026.05.26 06:10,4531.00,4532.72,4529.06,4531.61
2026.05.26 06:15,4531.61,4532.08,4529.38,4530.93
2026.05.26 06:20,4530.90,4534.72,4530.11,4533.97
2026.05.26 06:25,4533.98,4536.18,4528.23,4530.42
2026.05.26 06:30,4530.39,4531.37,4528.70,4530.75
2026.05.26 06:35,4530.69,4533.29,4530.69,4531.64
2026.05.26 06:40,4531.71,4533.96,4531.31,4533.79
2026.05.26 06:45,4533.82,4533.98,4528.79,4529.87
2026.05.26 06:50,4529.69,4531.50,4528.50,4531.49
2026.05.26 06:55,4531.17,4533.47,4530.45,4531.04
2026.05.26 07:00,4531.24,4533.39,4529.26,4531.41
2026.05.26 07:05,4531.42,4533.84,4527.64,4527.64
2026.05.26 07:10,4527.64,4530.40,4525.88,4528.48
2026.05.26 07:15,4528.46,4528.46,4522.03,4526.76
2026.05.26 07:20,4526.77,4530.23,4525.04,4530.09
2026.05.26 07:25,4530.08,4531.12,4528.83,4529.66
2026.05.26 07:30,4529.65,4529.69,4523.03,4526.02
2026.05.26 07:35,4525.97,4526.37,4521.68,4523.17
2026.05.26 07:40,4523.16,4527.43,4522.08,4526.63
2026.05.26 07:45,4526.63,4533.38,4525.19,4533.38
2026.05.26 07:50,4533.37,4535.37,4531.52,4531.56
2026.05.26 07:55,4531.58,4538.90,4531.58,4538.17
2026.05.26 08:00,4538.20,4538.54,4535.36,4535.86
2026.05.26 08:05,4535.85,4536.15,4532.81,4533.09
2026.05.26 08:10,4533.02,4533.51,4527.09,4527.54
2026.05.26 08:15,4527.54,4529.81,4527.44,4529.59
2026.05.26 08:20,4529.77,4529.87,4526.32,4527.17
2026.05.26 08:25,4527.18,4527.84,4520.62,4522.45
2026.05.26 08:30,4522.12,4523.14,4520.22,4521.34
2026.05.26 08:35,4521.25,4523.68,4520.41,4522.32
2026.05.26 08:40,4522.49,4526.27,4521.78,4525.38
2026.05.26 08:45,4525.36,4527.36,4521.47,4522.26
2026.05.26 08:50,4522.26,4525.27,4520.29,4524.22
2026.05.26 08:55,4524.38,4524.46,4522.13,4523.74
2026.05.26 09:00,4523.74,4524.55,4522.60,4524.27
2026.05.26 09:05,4524.53,4524.84,4522.23,4523.43
2026.05.26 09:10,4523.43,4523.63,4519.33,4520.50
2026.05.26 09:15,4520.48,4525.47,4518.20,4524.72
2026.05.26 09:20,4524.78,4525.52,4520.76,4522.21
2026.05.26 09:25,4522.15,4526.38,4521.63,4524.81
2026.05.26 09:30,4524.82,4525.24,4517.09,4518.05
2026.05.26 09:35,4518.16,4518.77,4515.92,4516.70
2026.05.26 09:40,4516.78,4517.16,4512.14,4513.22
2026.05.26 09:45,4513.12,4519.03,4513.12,4518.95
2026.05.26 09:50,4518.95,4519.38,4516.88,4519.04
2026.05.26 09:55,4518.96,4523.52,4517.55,4522.68
2026.05.26 10:00,4522.74,4523.26,4519.64,4519.73
2026.05.26 10:05,4519.69,4525.35,4519.30,4525.35
2026.05.26 10:10,4525.39,4532.09,4525.05,4529.55
2026.05.26 10:15,4529.41,4533.02,4527.50,4528.10
2026.05.26 10:20,4528.11,4532.49,4527.69,4531.57
2026.05.26 10:25,4531.60,4535.21,4531.47,4533.40
2026.05.26 10:30,4533.42,4538.79,4533.42,4538.69
2026.05.26 10:35,4538.68,4538.68,4533.83,4534.07
2026.05.26 10:40,4534.06,4534.75,4531.47,4533.16
2026.05.26 10:45,4533.21,4537.44,4533.17,4537.44
2026.05.26 10:50,4537.46,4540.48,4534.35,4534.72
2026.05.26 10:55,4534.77,4535.23,4533.74,4534.48
2026.05.26 11:00,4534.43,4536.19,4532.93,4535.99
2026.05.26 11:05,4536.00,4536.04,4533.83,4534.94
2026.05.26 11:10,4534.97,4535.89,4531.70,4531.71
2026.05.26 11:15,4531.70,4532.62,4529.89,4529.89
2026.05.26 11:20,4529.89,4530.14,4525.32,4526.01
2026.05.26 11:25,4525.69,4526.09,4522.79,4523.77
2026.05.26 11:30,4523.62,4523.79,4517.42,4519.33
2026.05.26 11:35,4519.41,4519.64,4507.39,4510.82
2026.05.26 11:40,4510.82,4513.19,4505.01,4510.10
2026.05.26 11:45,4510.08,4515.67,4508.41,4512.66
2026.05.26 11:50,4512.55,4515.46,4510.67,4511.53
2026.05.26 11:55,4511.53,4511.69,4503.85,4507.16
2026.05.26 12:00,4506.48,4509.98,4504.54,4508.21
2026.05.26 12:05,4508.19,4512.03,4506.71,4510.71
2026.05.26 12:10,4510.56,4512.17,4507.72,4510.33
2026.05.26 12:15,4510.34,4515.80,4509.69,4512.26
2026.05.26 12:20,4512.28,4512.84,4508.07,4509.59
2026.05.26 12:25,4509.59,4511.51,4503.65,4506.17
2026.05.26 12:30,4506.20,4510.46,4500.68,4510.38
2026.05.26 12:35,4510.34,4510.34,4501.52,4502.32
2026.05.26 12:40,4502.23,4512.00,4502.12,4512.00
2026.05.26 12:45,4512.00,4521.06,4510.57,4519.84
2026.05.26 12:50,4519.82,4523.47,4517.52,4522.45
2026.05.26 12:55,4522.48,4523.54,4519.20,4520.37
2026.05.26 13:00,4520.37,4526.28,4519.34,4523.42
2026.05.26 13:05,4523.41,4523.63,4519.50,4522.52
2026.05.26 13:10,4522.43,4522.49,4516.17,4518.38
2026.05.26 13:15,4518.37,4521.70,4518.19,4520.11
2026.05.26 13:20,4520.11,4526.85,4520.11,4526.12
2026.05.26 13:25,4526.22,4527.33,4522.10,4522.26
2026.05.26 13:30,4522.72,4527.79,4521.94,4522.49
2026.05.26 13:35,4522.34,4528.75,4521.23,4524.52
2026.05.26 13:40,4524.58,4531.16,4524.18,4527.29
2026.05.26 13:45,4527.54,4529.17,4525.36,4525.89
2026.05.26 13:50,4526.06,4526.28,4512.88,4515.90
2026.05.26 13:55,4515.87,4517.71,4512.36,4514.02
2026.05.26 14:00,4514.07,4517.89,4511.23,4517.44
2026.05.26 14:05,4517.42,4520.40,4514.91,4515.51
2026.05.26 14:10,4515.52,4515.59,4507.92,4511.06
2026.05.26 14:15,4510.73,4514.63,4508.55,4514.21
2026.05.26 14:20,4514.27,4517.36,4512.51,4515.86
2026.05.26 14:25,4515.98,4517.82,4514.95,4517.63
2026.05.26 14:30,4517.67,4521.58,4516.82,4517.54
2026.05.26 14:35,4517.50,4524.92,4517.50,4522.30
2026.05.26 14:40,4522.43,4523.77,4519.80,4521.44
2026.05.26 14:45,4521.33,4521.98,4518.62,4519.21
2026.05.26 14:50,4519.25,4519.49,4515.64,4515.85
2026.05.26 14:55,4515.85,4516.13,4512.71,4515.21
2026.05.26 15:00,4515.25,4515.45,4508.19,4511.49
2026.05.26 15:05,4511.46,4514.32,4508.87,4510.57
2026.05.26 15:10,4510.53,4512.51,4508.75,4509.53
2026.05.26 15:15,4509.50,4510.38,4505.14,4508.31
2026.05.26 15:20,4508.32,4508.59,4505.03,4506.05
2026.05.26 15:25,4506.05,4508.33,4504.96,4506.19
2026.05.26 15:30,4506.02,4508.39,4503.82,4505.65
2026.05.26 15:35,4505.61,4507.53,4502.29,4507.50
2026.05.26 15:40,4507.55,4508.91,4506.50,4508.28
2026.05.26 15:45,4508.31,4509.18,4506.54,4506.82
2026.05.26 15:50,4506.75,4510.75,4506.04,4509.75
2026.05.26 15:55,4509.65,4509.65,4506.19,4506.47
2026.05.26 16:00,4506.39,4508.46,4505.40,4506.12
2026.05.26 16:05,4506.11,4506.21,4502.28,4502.92
2026.05.26 16:10,4502.85,4503.23,4501.30,4501.42
2026.05.26 16:15,4501.34,4505.69,4500.11,4505.08
2026.05.26 16:20,4505.09,4506.17,4502.48,4506.17
2026.05.26 16:25,4506.13,4508.78,4505.63,4508.00
2026.05.26 16:30,4508.00,4511.16,4507.41,4509.71
2026.05.26 16:35,4509.75,4510.72,4508.16,4508.20
2026.05.26 16:40,4508.21,4508.97,4506.18,4506.58
2026.05.26 16:45,4506.57,4507.78,4503.20,4503.34
2026.05.26 16:50,4503.33,4505.84,4503.07,4505.09
2026.05.26 16:55,4505.10,4505.86,4504.47,4504.89
2026.05.26 17:00,4504.89,4507.37,4504.34,4505.62
2026.05.26 17:05,4505.63,4505.75,4503.21,4504.36
2026.05.26 17:10,4504.38,4504.77,4503.53,4503.68
2026.05.26 17:15,4503.71,4504.76,4503.31,4504.39
2026.05.26 17:20,4504.39,4506.60,4504.15,4506.60
2026.05.26 17:25,4506.59,4507.45,4500.46,4501.42
2026.05.26 17:30,4501.38,4501.62,4498.19,4500.19
2026.05.26 17:35,4500.20,4501.04,4497.39,4499.10
2026.05.26 17:40,4499.10,4499.62,4497.04,4498.56
2026.05.26 17:45,4498.56,4500.98,4498.38,4500.46
2026.05.26 17:50,4500.47,4501.23,4496.13,4496.36
2026.05.26 17:55,4496.19,4496.88,4489.70,4491.02
2026.05.26 18:00,4491.01,4493.29,4485.05,4487.70
2026.05.26 18:05,4487.82,4489.09,4482.64,4488.87
2026.05.26 18:10,4488.89,4490.99,4485.54,4487.09
2026.05.26 18:15,4487.23,4490.69,4486.47,4490.57
2026.05.26 18:20,4490.56,4493.01,4490.35,4492.31
2026.05.26 18:25,4492.28,4496.07,4491.98,4495.18
2026.05.26 18:30,4495.19,4498.27,4494.12,4497.31
2026.05.26 18:35,4497.31,4497.31,4495.19,4496.44
2026.05.26 18:40,4496.44,4496.63,4495.11,4496.06
2026.05.26 18:45,4496.06,4498.35,4496.03,4497.62
2026.05.26 18:50,4497.69,4499.40,4497.39,4498.50
2026.05.26 18:55,4498.50,4499.45,4498.14,4499.24
2026.05.26 19:00,4499.34,4500.99,4497.65,4499.75
2026.05.26 19:05,4499.75,4500.52,4498.70,4500.49
2026.05.26 19:10,4500.51,4501.09,4499.06,4499.41
2026.05.26 19:15,4499.47,4504.55,4499.39,4502.41
2026.05.26 19:20,4502.37,4504.22,4502.22,4503.23
2026.05.26 19:25,4503.10,4503.53,4501.20,4502.04
2026.05.26 19:30,4502.04,4503.55,4500.82,4503.55
2026.05.26 19:35,4503.63,4504.44,4503.12,4503.59
2026.05.26 19:40,4503.53,4505.85,4503.47,4504.87
2026.05.26 19:45,4504.86,4507.96,4504.14,4507.36
2026.05.26 19:50,4507.42,4507.91,4505.78,4505.98
2026.05.26 19:55,4506.14,4509.93,4505.77,4508.89
2026.05.26 20:00,4509.24,4510.41,4507.28,4507.50
2026.05.26 20:05,4507.58,4509.06,4506.35,4507.13
2026.05.26 20:10,4507.03,4508.08,4506.47,4507.89
2026.05.26 20:15,4507.89,4509.77,4507.89,4508.47
2026.05.26 20:20,4508.48,4509.16,4507.55,4508.68
2026.05.26 20:25,4508.70,4508.92,4506.34,4506.67
2026.05.26 20:30,4506.59,4507.74,4506.45,4506.75
2026.05.26 20:35,4506.59,4508.39,4506.20,4508.36
2026.05.26 20:40,4508.28,4509.75,4507.87,4508.81
2026.05.26 20:45,4509.01,4509.95,4506.47,4506.62
2026.05.26 20:50,4506.49,4506.52,4504.15,4506.40
2026.05.26 20:55,4506.31,4507.97,4506.22,4506.99
2026.05.26 22:00,4501.03,4537.84,4498.98,4506.51
2026.05.26 22:05,4506.08,4507.81,4502.21,4504.62
2026.05.26 22:10,4504.62,4508.28,4501.56,4504.75
2026.05.26 22:15,4504.75,4507.43,4503.94,4506.83
2026.05.26 22:20,4506.80,4510.05,4503.77,4504.83
2026.05.26 22:25,4504.99,4507.14,4502.88,4504.47
2026.05.26 22:30,4504.47,4505.73,4500.37,4500.37
2026.05.26 22:35,4500.36,4502.03,4498.15,4501.57
2026.05.26 22:40,4501.62,4503.28,4500.40,4500.61
2026.05.26 22:45,4500.71,4502.82,4499.67,4502.38
2026.05.26 22:50,4502.32,4507.22,4502.00,4506.97
2026.05.26 22:55,4506.97,4512.45,4506.66,4511.00
2026.05.26 23:00,4511.05,4513.70,4509.51,4511.07
2026.05.26 23:05,4510.92,4512.79,4509.64,4509.83
2026.05.26 23:10,4509.84,4510.05,4507.59,4508.86
2026.05.26 23:15,4508.84,4510.12,4508.03,4509.17
2026.05.26 23:20,4509.08,4509.47,4504.46,4505.66
2026.05.26 23:25,4505.65,4512.15,4505.36,4512.15
2026.05.26 23:30,4512.26,4516.61,4511.13,4515.00
2026.05.26 23:35,4514.95,4515.69,4512.65,4515.56
2026.05.26 23:40,4515.44,4526.93,4515.19,4526.93
2026.05.26 23:45,4526.94,4527.34,4520.28,4521.06
2026.05.26 23:50,4521.07,4522.71,4520.32,4521.12
2026.05.26 23:55,4520.99,4520.99,4518.54,4519.58
2026.05.27 00:00,4519.59,4525.84,4517.26,4520.70
2026.05.27 00:05,4520.71,4524.05,4519.78,4522.19
2026.05.27 00:10,4522.19,4522.58,4520.04,4522.03
2026.05.27 00:15,4521.94,4522.48,4519.97,4521.18
2026.05.27 00:20,4521.14,4521.45,4516.03,4516.24
2026.05.27 00:25,4516.21,4518.85,4514.11,4517.87
2026.05.27 00:30,4517.90,4520.67,4517.48,4519.72
2026.05.27 00:35,4519.74,4520.57,4517.69,4517.69
2026.05.27 00:40,4517.26,4519.30,4516.88,4518.68
2026.05.27 00:45,4518.80,4522.14,4518.61,4519.04
2026.05.27 00:50,4519.07,4519.07,4516.11,4516.98
2026.05.27 00:55,4517.01,4519.11,4514.62,4515.08
2026.05.27 01:00,4514.90,4517.86,4514.00,4515.64
2026.05.27 01:05,4515.67,4517.52,4512.70,4516.62
2026.05.27 01:10,4516.62,4520.94,4515.77,4519.38
2026.05.27 01:15,4519.50,4520.29,4515.63,4516.01
2026.05.27 01:20,4515.99,4521.04,4515.83,4519.05
2026.05.27 01:25,4519.05,4519.37,4514.43,4515.83
2026.05.27 01:30,4516.11,4517.12,4513.78,4515.01
2026.05.27 01:35,4514.91,4516.71,4511.38,4511.91
2026.05.27 01:40,4512.00,4513.62,4509.28,4509.91
2026.05.27 01:45,4509.95,4510.40,4506.80,4509.96
2026.05.27 01:50,4509.90,4510.13,4507.29,4507.58
2026.05.27 01:55,4507.62,4509.82,4506.90,4507.87
2026.05.27 02:00,4507.98,4509.48,4504.14,4505.46
2026.05.27 02:05,4505.48,4505.71,4502.12,4503.46
2026.05.27 02:10,4503.46,4504.51,4502.09,4504.15
2026.05.27 02:15,4504.20,4505.17,4499.12,4499.60
2026.05.27 02:20,4499.74,4504.83,4499.27,4504.12
2026.05.27 02:25,4504.12,4505.77,4503.84,4505.51
2026.05.27 02:30,4505.52,4505.68,4503.89,4505.35
2026.05.27 02:35,4505.36,4506.04,4500.23,4500.33
2026.05.27 02:40,4500.33,4502.37,4498.94,4499.87
2026.05.27 02:45,4499.96,4501.84,4498.25,4501.74
2026.05.27 02:50,4501.85,4505.02,4501.83,4503.79
2026.05.27 02:55,4503.83,4506.89,4503.65,4505.87
2026.05.27 03:00,4505.76,4509.75,4505.15,4507.69
2026.05.27 03:05,4507.85,4509.31,4505.62,4509.30
2026.05.27 03:10,4509.30,4510.42,4508.31,4509.25
2026.05.27 03:15,4509.21,4511.97,4508.67,4510.94
2026.05.27 03:20,4510.94,4511.40,4508.42,4508.89
2026.05.27 03:25,4508.68,4508.81,4505.56,4507.10
2026.05.27 03:30,4507.14,4507.22,4504.87,4505.06
2026.05.27 03:35,4504.69,4504.69,4501.66,4502.97
2026.05.27 03:40,4502.98,4505.34,4502.84,4504.43
2026.05.27 03:45,4504.42,4505.55,4503.64,4504.33
2026.05.27 03:50,4504.34,4504.77,4502.01,4502.26
2026.05.27 03:55,4502.26,4502.26,4496.74,4497.10
2026.05.27 04:00,4497.15,4500.59,4496.02,4499.76
2026.05.27 04:05,4499.69,4502.50,4499.33,4501.65
2026.05.27 04:10,4501.24,4503.24,4501.20,4503.05
2026.05.27 04:15,4503.06,4503.15,4500.83,4501.13
2026.05.27 04:20,4501.09,4503.39,4500.82,4502.50
2026.05.27 04:25,4502.43,4502.43,4499.73,4499.74
2026.05.27 04:30,4499.66,4501.94,4498.05,4501.44
2026.05.27 04:35,4501.27,4502.99,4500.00,4502.99
2026.05.27 04:40,4502.98,4508.55,4502.67,4508.54
2026.05.27 04:45,4508.60,4517.28,4508.57,4516.59
2026.05.27 04:50,4516.62,4517.15,4511.69,4512.19
2026.05.27 04:55,4512.03,4512.61,4509.17,4510.14
2026.05.27 05:00,4510.14,4513.74,4508.28,4513.62
2026.05.27 05:05,4513.59,4513.62,4510.28,4510.97
2026.05.27 05:10,4510.84,4510.89,4508.85,4508.93
2026.05.27 05:15,4508.98,4509.03,4505.15,4505.42
2026.05.27 05:20,4505.36,4506.99,4504.07,4506.19
2026.05.27 05:25,4506.18,4508.09,4505.69,4507.29
2026.05.27 05:30,4507.07,4508.66,4493.65,4496.69
2026.05.27 05:35,4496.94,4500.80,4494.72,4499.63
2026.05.27 05:40,4499.31,4500.12,4491.78,4493.40
2026.05.27 05:45,4493.41,4497.92,4491.98,4497.86
2026.05.27 05:50,4497.86,4502.21,4496.34,4498.68
2026.05.27 05:55,4498.80,4499.88,4496.51,4497.56
2026.05.27 06:00,4497.53,4499.16,4493.68,4495.01
2026.05.27 06:05,4495.03,4498.94,4493.85,4497.72
2026.05.27 06:10,4497.73,4498.39,4493.73,4493.99
2026.05.27 06:15,4493.98,4495.82,4486.67,4489.48
2026.05.27 06:20,4489.44,4490.55,4483.95,4486.80
2026.05.27 06:25,4486.64,4489.04,4483.82,4486.18
2026.05.27 06:30,4486.19,4486.41,4479.97,4483.50
2026.05.27 06:35,4483.45,4485.64,4480.87,4483.31
2026.05.27 06:40,4483.29,4487.89,4482.40,4487.65
2026.05.27 06:45,4487.64,4490.11,4487.05,4488.21
2026.05.27 06:50,4488.20,4489.22,4486.65,4487.23
2026.05.27 06:55,4487.37,4487.66,4483.58,4485.17
2026.05.27 07:00,4485.18,4488.43,4485.02,4486.72
2026.05.27 07:05,4487.04,4488.45,4483.02,4484.75
2026.05.27 07:10,4484.75,4484.75,4480.16,4480.18
2026.05.27 07:15,4480.32,4485.30,4480.27,4484.14
2026.05.27 07:20,4484.14,4489.14,4482.95,4486.60
2026.05.27 07:25,4486.40,4487.13,4484.84,4486.15
2026.05.27 07:30,4486.20,4488.59,4484.74,4485.41
2026.05.27 07:35,4485.62,4486.30,4481.22,4483.05
2026.05.27 07:40,4483.06,4484.58,4482.11,4482.72
2026.05.27 07:45,4482.73,4484.09,4478.14,4479.49
2026.05.27 07:50,4479.54,4480.48,4475.88,4479.34
2026.05.27 07:55,4479.44,4482.31,4478.74,4482.12
2026.05.27 08:00,4482.12,4489.29,4481.78,4486.47
2026.05.27 08:05,4486.41,4487.65,4485.01,4486.00
2026.05.27 08:10,4486.00,4486.97,4483.83,4486.30
2026.05.27 08:15,4486.34,4490.72,4486.12,4489.79
2026.05.27 08:20,4489.82,4492.76,4487.84,4490.67
2026.05.27 08:25,4490.61,4490.91,4487.87,4489.12
2026.05.27 08:30,4489.09,4489.51,4486.06,4488.60
2026.05.27 08:35,4488.61,4492.76,4488.37,4492.75
2026.05.27 08:40,4492.75,4496.64,4492.66,4496.21
2026.05.27 08:45,4496.23,4497.27,4492.68,4496.46
2026.05.27 08:50,4496.44,4498.66,4495.50,4498.21
2026.05.27 08:55,4498.21,4498.30,4494.84,4497.80
2026.05.27 09:00,4497.82,4497.82,4491.06,4491.83
2026.05.27 09:05,4491.92,4492.45,4488.63,4489.41
2026.05.27 09:10,4489.48,4493.20,4489.34,4491.73
2026.05.27 09:15,4491.69,4495.34,4491.69,4494.52
2026.05.27 09:20,4494.54,4495.11,4490.78,4490.95
2026.05.27 09:25,4491.01,4491.75,4489.41,4490.09
2026.05.27 09:30,4490.05,4490.67,4486.89,4490.59
2026.05.27 09:35,4490.59,4492.21,4490.22,4491.29
2026.05.27 09:40,4491.29,4491.79,4488.32,4488.60
2026.05.27 09:45,4488.55,4489.89,4488.28,4489.51
2026.05.27 09:50,4489.52,4493.02,4489.51,4492.55
2026.05.27 09:55,4492.53,4493.18,4490.14,4490.16
2026.05.27 10:00,4490.15,4490.48,4485.08,4486.46
2026.05.27 10:05,4486.32,4488.97,4486.24,4487.15
2026.05.27 10:10,4487.08,4487.67,4484.31,4485.50
2026.05.27 10:15,4485.43,4486.33,4479.73,4479.74
2026.05.27 10:20,4479.75,4481.34,4478.05,4479.89
2026.05.27 10:25,4479.91,4480.04,4476.57,4477.01
2026.05.27 10:30,4477.01,4477.22,4472.50,4473.86
2026.05.27 10:35,4473.86,4475.83,4462.19,4463.79
2026.05.27 10:40,4463.44,4470.09,4462.89,4465.68
2026.05.27 10:45,4465.47,4466.74,4444.48,4448.62
2026.05.27 10:50,4447.65,4450.12,4443.22,4444.85
2026.05.27 10:55,4445.10,4450.13,4442.86,4445.73
2026.05.27 11:00,4445.87,4453.10,4445.64,4452.43
2026.05.27 11:05,4452.43,4452.43,4446.40,4449.61
2026.05.27 11:10,4449.62,4451.53,4443.42,4451.15
2026.05.27 11:15,4451.10,4452.13,4447.78,4449.16
2026.05.27 11:20,4448.96,4448.96,4440.31,4445.78
2026.05.27 11:25,4445.63,4446.15,4439.82,4440.87
2026.05.27 11:30,4440.81,4441.49,4432.50,4436.90
2026.05.27 11:35,4436.96,4441.71,4435.02,4441.06
2026.05.27 11:40,4440.94,4444.25,4438.49,4443.16
2026.05.27 11:45,4443.08,4444.75,4439.06,4439.13
2026.05.27 11:50,4439.14,4439.52,4433.68,4433.68
2026.05.27 11:55,4433.85,4434.11,4425.08,4428.69
2026.05.27 12:00,4428.73,4437.51,4428.38,4434.37
2026.05.27 12:05,4434.35,4437.36,4431.82,4433.11
2026.05.27 12:10,4432.98,4433.43,4428.87,4430.36
2026.05.27 12:15,4430.16,4453.99,4427.50,4447.14
2026.05.27 12:20,4447.39,4466.25,4442.46,4454.57
2026.05.27 12:25,4455.01,4460.57,4452.99,4454.73
2026.05.27 12:30,4454.82,4460.16,4445.67,4447.40
2026.05.27 12:35,4447.35,4453.30,4444.74,4452.03
2026.05.27 12:40,4452.65,4452.69,4446.07,4446.95
2026.05.27 12:45,4446.99,4448.07,4442.50,4445.12
2026.05.27 12:50,4445.04,4446.86,4441.09,4446.39
2026.05.27 12:55,4446.14,4446.32,4437.81,4438.85
2026.05.27 13:00,4438.85,4438.85,4429.68,4432.19
2026.05.27 13:05,4431.99,4432.26,4411.71,4414.17
2026.05.27 13:10,4414.38,4420.41,4411.17,4416.66
2026.05.27 13:15,4416.44,4421.30,4409.72,4411.36
2026.05.27 13:20,4411.55,4417.14,4405.92,4416.62
2026.05.27 13:25,4416.87,4419.37,4401.47,4404.66
2026.05.27 13:30,4404.68,4424.36,4404.68,4423.89
2026.05.27 13:35,4423.39,4425.53,4412.58,4418.07
2026.05.27 13:40,4418.05,4423.36,4416.52,4419.31
2026.05.27 13:45,4418.99,4428.40,4418.37,4420.34
2026.05.27 13:50,4420.43,4433.95,4419.50,4425.25
2026.05.27 13:55,4425.47,4428.26,4423.76,4427.30
2026.05.27 14:00,4427.13,4438.11,4426.01,4438.11
2026.05.27 14:05,4438.12,4448.18,4436.79,4444.19
2026.05.27 14:10,4444.24,4455.26,4443.24,4447.91
2026.05.27 14:15,4447.96,4451.93,4446.94,4451.09
2026.05.27 14:20,4451.19,4455.33,4442.87,4444.25
2026.05.27 14:25,4444.32,4446.04,4440.20,4445.39
2026.05.27 14:30,4444.81,4449.11,4431.54,4440.90
2026.05.27 14:35,4441.03,4445.28,4439.78,4444.29
2026.05.27 14:40,4444.28,4444.92,4440.26,4443.08
2026.05.27 14:45,4443.18,4445.91,4438.68,4438.70
2026.05.27 14:50,4438.22,4439.82,4436.69,4439.78
2026.05.27 14:55,4439.69,4439.69,4433.26,4433.95
2026.05.27 15:00,4433.81,4438.43,4430.35,4436.23
2026.05.27 15:05,4436.24,4437.08,4428.70,4429.56
2026.05.27 15:10,4429.20,4432.67,4428.19,4432.11
2026.05.27 15:15,4432.08,4433.07,4429.72,4430.94
2026.05.27 15:20,4430.72,4433.98,4429.87,4433.50
2026.05.27 15:25,4433.36,4435.88,4432.60,4435.81
2026.05.27 15:30,4437.05,4441.51,4435.97,4438.69
2026.05.27 15:35,4438.63,4440.77,4437.74,4440.77
2026.05.27 15:40,4440.85,4441.17,4433.08,4434.15
2026.05.27 15:45,4434.15,4438.72,4431.45,4432.78
2026.05.27 15:50,4432.84,4435.17,4431.01,4434.18
2026.05.27 15:55,4434.21,4437.24,4432.84,4436.52
2026.05.27 16:00,4436.58,4441.88,4434.91,4437.56
2026.05.27 16:05,4437.53,4438.09,4434.15,4436.77
2026.05.27 16:10,4436.89,4440.91,4436.81,4440.18
2026.05.27 16:15,4440.22,4443.15,4439.88,4441.85
2026.05.27 16:20,4441.85,4444.20,4441.73,4444.08
2026.05.27 16:25,4444.16,4447.58,4443.65,4446.85
2026.05.27 16:30,4446.77,4449.52,4445.21,4448.37
2026.05.27 16:35,4448.43,4450.89,4448.43,4449.79
2026.05.27 16:40,4449.88,4453.18,4449.63,4450.72
2026.05.27 16:45,4451.30,4452.75,4449.39,4452.05
2026.05.27 16:50,4452.11,4453.22,4450.19,4450.76
2026.05.27 16:55,4450.67,4451.41,4449.46,4450.78
2026.05.27 17:00,4450.79,4451.01,4447.37,4449.22
2026.05.27 17:05,4449.20,4451.64,4442.61,4442.97
2026.05.27 17:10,4442.97,4445.63,4441.43,4444.06
2026.05.27 17:15,4444.09,4447.38,4443.29,4446.77
2026.05.27 17:20,4446.79,4448.24,4445.88,4446.59
2026.05.27 17:25,4446.68,4451.22,4445.46,4449.83
2026.05.27 17:30,4449.84,4453.27,4449.84,4452.04
2026.05.27 17:35,4452.07,4454.29,4451.00,4451.05
2026.05.27 17:40,4451.09,4452.07,4450.36,4450.60
2026.05.27 17:45,4450.58,4451.77,4450.03,4450.85
2026.05.27 17:50,4450.92,4453.66,4450.70,4452.87
2026.05.27 17:55,4452.90,4454.03,4450.38,4450.38
2026.05.27 18:00,4450.20,4452.20,4449.31,4449.56
2026.05.27 18:05,4449.56,4450.12,4447.70,4448.06
2026.05.27 18:10,4448.07,4450.10,4448.07,4450.10
2026.05.27 18:15,4450.10,4453.06,4449.86,4452.56
2026.05.27 18:20,4452.47,4458.25,4452.47,4454.92
2026.05.27 18:25,4454.96,4455.91,4454.33,4455.51
2026.05.27 18:30,4455.55,4456.42,4452.31,4452.67
2026.05.27 18:35,4452.54,4453.39,4451.38,4453.10
2026.05.27 18:40,4453.12,4454.02,4452.91,4453.36
2026.05.27 18:45,4453.08,4453.57,4452.60,4453.34
2026.05.27 18:50,4453.36,4453.73,4452.35,4452.47
2026.05.27 18:55,4452.50,4454.98,4452.33,4454.38
2026.05.27 19:00,4454.37,4454.75,4451.91,4452.15
2026.05.27 19:05,4452.13,4453.28,4451.87,4452.68
2026.05.27 19:10,4452.68,4452.79,4450.55,4451.74
2026.05.27 19:15,4451.70,4452.30,4449.78,4450.03
2026.05.27 19:20,4450.03,4453.97,4449.98,4453.22
2026.05.27 19:25,4453.19,4453.22,4450.43,4450.98
2026.05.27 19:30,4451.03,4453.43,4449.67,4452.66
2026.05.27 19:35,4452.64,4454.74,4451.97,4454.65
2026.05.27 19:40,4454.70,4454.77,4453.18,4453.64
2026.05.27 19:45,4453.66,4453.71,4451.87,4452.01
2026.05.27 19:50,4452.14,4452.89,4450.70,4451.10
2026.05.27 19:55,4450.42,4450.80,4448.84,4450.75
2026.05.27 20:00,4450.80,4453.47,4450.12,4452.60
2026.05.27 20:05,4452.60,4453.47,4451.62,4452.93
2026.05.27 20:10,4452.94,4455.23,4452.49,4455.23
2026.05.27 20:15,4455.23,4458.84,4455.23,4458.21
2026.05.27 20:20,4458.25,4458.79,4456.08,4456.95
2026.05.27 20:25,4456.93,4456.94,4454.73,4455.03
2026.05.27 20:30,4454.96,4455.73,4454.55,4454.57
2026.05.27 20:35,4454.58,4454.58,4452.29,4452.47
2026.05.27 20:40,4452.47,4453.90,4451.64,4453.67
2026.05.27 20:45,4453.68,4454.54,4452.61,4454.20
2026.05.27 20:50,4454.26,4455.26,4454.01,4454.85
2026.05.27 20:55,4454.94,4456.42,4454.75,4456.14
2026.05.27 22:00,4451.94,4467.80,4451.94,4456.66
2026.05.27 22:05,4456.47,4462.31,4455.71,4458.78
2026.05.27 22:10,4458.78,4460.40,4457.24,4457.91
2026.05.27 22:15,4457.91,4460.44,4456.62,4459.49
2026.05.27 22:20,4459.49,4462.01,4457.67,4460.63
2026.05.27 22:25,4460.65,4461.81,4459.68,4459.94
2026.05.27 22:30,4459.94,4460.23,4455.17,4457.20
2026.05.27 22:35,4457.24,4461.81,4457.24,4461.40
2026.05.27 22:40,4461.41,4462.34,4458.15,4458.52
2026.05.27 22:45,4458.51,4458.83,4456.34,4456.59
2026.05.27 22:50,4456.68,4458.06,4455.39,4456.69
2026.05.27 22:55,4456.73,4457.80,4456.57,4457.44
2026.05.27 23:00,4457.44,4457.77,4455.19,4456.63
2026.05.27 23:05,4456.63,4456.86,4451.73,4452.87
2026.05.27 23:10,4452.87,4454.24,4451.78,4453.49
2026.05.27 23:15,4453.52,4454.91,4451.43,4453.79
2026.05.27 23:20,4453.74,4454.72,4449.37,4451.55
2026.05.27 23:25,4451.55,4452.17,4449.32,4450.75
2026.05.27 23:30,4450.72,4451.42,4449.30,4449.69
2026.05.27 23:35,4449.77,4453.92,4449.70,4453.26
2026.05.27 23:40,4453.26,4453.75,4450.67,4450.67
2026.05.27 23:45,4450.66,4450.66,4446.13,4448.23
2026.05.27 23:50,4448.35,4448.94,4444.28,4446.18
2026.05.27 23:55,4445.83,4449.84,4445.73,4447.09
2026.05.28 00:00,4447.08,4452.45,4445.33,4449.47
2026.05.28 00:05,4449.45,4449.92,4445.62,4449.11
2026.05.28 00:10,4449.14,4449.84,4444.49,4444.61
2026.05.28 00:15,4444.62,4453.86,4444.01,4452.25
2026.05.28 00:20,4452.17,4453.52,4444.57,4445.40
2026.05.28 00:25,4445.87,4447.81,4444.28,4446.28
2026.05.28 00:30,4446.28,4449.98,4444.03,4449.44
2026.05.28 00:35,4449.43,4452.62,4448.94,4450.74
2026.05.28 00:40,4450.68,4453.18,4450.24,4451.88
2026.05.28 00:45,4452.01,4455.20,4451.90,4453.80
2026.05.28 00:50,4453.78,4454.38,4451.60,4451.74
2026.05.28 00:55,4451.64,4457.81,4450.67,4457.04
2026.05.28 01:00,4457.03,4458.64,4445.69,4445.69
2026.05.28 01:05,4445.61,4448.20,4443.09,4444.52
2026.05.28 01:10,4444.51,4446.36,4437.85,4438.18
2026.05.28 01:15,4438.14,4440.37,4431.73,4433.38
2026.05.28 01:20,4433.39,4435.00,4426.84,4431.24
2026.05.28 01:25,4431.07,4431.24,4417.36,4419.35
2026.05.28 01:30,4419.15,4425.73,4417.26,4425.32
2026.05.28 01:35,4425.38,4426.51,4421.00,4422.77
2026.05.28 01:40,4422.85,4423.08,4415.97,4417.69
2026.05.28 01:45,4417.73,4420.45,4416.46,4417.65
2026.05.28 01:50,4417.66,4419.60,4407.55,4409.17
2026.05.28 01:55,4409.13,4411.27,4407.00,4410.02
2026.05.28 02:00,4410.09,4412.63,4402.80,4404.06
2026.05.28 02:05,4403.96,4408.44,4403.13,4407.95
2026.05.28 02:10,4407.94,4408.17,4396.71,4402.57
2026.05.28 02:15,4402.70,4405.86,4402.41,4404.24
2026.05.28 02:20,4404.43,4406.16,4399.93,4405.77
2026.05.28 02:25,4405.79,4408.27,4405.70,4406.15
2026.05.28 02:30,4406.10,4410.33,4404.01,4408.94
2026.05.28 02:35,4409.02,4409.18,4405.76,4406.83
2026.05.28 02:40,4406.83,4408.36,4400.70,4402.08
2026.05.28 02:45,4402.03,4402.28,4393.72,4396.07
2026.05.28 02:50,4395.99,4398.39,4393.42,4395.40
2026.05.28 02:55,4395.40,4398.81,4392.70,4394.41
2026.05.28 03:00,4394.37,4396.43,4390.39,4395.54
2026.05.28 03:05,4395.59,4397.77,4394.24,4396.52
2026.05.28 03:10,4396.95,4397.37,4391.76,4394.17
2026.05.28 03:15,4394.17,4394.45,4383.14,4384.50
2026.05.28 03:20,4384.80,4387.86,4382.38,4386.62
2026.05.28 03:25,4386.66,4388.28,4383.43,4387.68
2026.05.28 03:30,4387.62,4387.95,4380.00,4380.00
2026.05.28 03:35,4379.98,4380.18,4370.98,4373.22
2026.05.28 03:40,4374.08,4377.82,4371.94,4376.79
2026.05.28 03:45,4376.71,4379.28,4372.49,4375.07
2026.05.28 03:50,4374.85,4376.34,4371.95,4375.60
2026.05.28 03:55,4375.54,4376.87,4368.49,4374.80
2026.05.28 04:00,4374.80,4377.54,4369.80,4375.18
2026.05.28 04:05,4375.16,4381.98,4373.95,4381.14
2026.05.28 04:10,4381.20,4381.64,4375.86,4376.37
2026.05.28 04:15,4376.46,4376.98,4369.12,4369.33
2026.05.28 04:20,4369.21,4372.74,4366.56,4371.47
2026.05.28 04:25,4371.50,4371.91,4367.37,4368.47
2026.05.28 04:30,4368.45,4372.71,4368.41,4371.58
2026.05.28 04:35,4371.56,4373.84,4370.63,4372.18
2026.05.28 04:40,4372.21,4375.11,4371.07,4374.04
2026.05.28 04:45,4374.05,4375.19,4369.46,4369.46
2026.05.28 04:50,4369.77,4372.60,4368.20,4371.05
2026.05.28 04:55,4371.05,4374.76,4371.05,4372.97
2026.05.28 05:00,4372.97,4374.08,4367.29,4369.91
2026.05.28 05:05,4369.96,4374.19,4368.12,4371.89
2026.05.28 05:10,4371.89,4377.15,4371.68,4375.34
2026.05.28 05:15,4375.30,4376.37,4371.79,4374.48
2026.05.28 05:20,4374.47,4377.54,4371.77,4377.15
2026.05.28 05:25,4377.16,4379.89,4376.60,4378.67
2026.05.28 05:30,4379.10,4387.71,4375.39,4386.69
2026.05.28 05:35,4386.68,4391.05,4386.63,4391.05
2026.05.28 05:40,4391.14,4393.48,4389.34,4389.52
2026.05.28 05:45,4389.71,4394.83,4389.71,4392.32
2026.05.28 05:50,4392.42,4395.75,4391.01,4393.39
2026.05.28 05:55,4393.57,4393.61,4387.66,4387.90
2026.05.28 06:00,4388.07,4390.44,4385.73,4387.65
2026.05.28 06:05,4387.55,4387.83,4378.87,4379.64
2026.05.28 06:10,4379.91,4381.63,4374.80,4375.96
2026.05.28 06:15,4375.97,4380.26,4374.23,4379.51
2026.05.28 06:20,4379.54,4384.66,4379.48,4381.93
2026.05.28 06:25,4381.84,4384.73,4380.12,4380.40
2026.05.28 06:30,4380.34,4384.90,4379.27,4383.39
2026.05.28 06:35,4383.34,4385.37,4382.03,4382.16
2026.05.28 06:40,4381.95,4383.77,4376.93,4380.42
2026.05.28 06:45,4380.41,4384.37,4379.41,4383.31
2026.05.28 06:50,4383.30,4384.00,4381.06,4382.58
2026.05.28 06:55,4382.70,4384.58,4381.76,4383.48
2026.05.28 07:00,4383.84,4389.62,4383.84,4387.52
2026.05.28 07:05,4387.41,4392.21,4386.84,4391.96
2026.05.28 07:10,4392.00,4392.00,4386.78,4388.81
2026.05.28 07:15,4389.19,4395.15,4386.41,4394.42
2026.05.28 07:20,4394.33,4396.10,4393.14,4394.27
2026.05.28 07:25,4394.39,4396.06,4391.81,4392.64
2026.05.28 07:30,4392.64,4393.70,4389.37,4389.50
2026.05.28 07:35,4389.50,4392.66,4388.64,4389.19
2026.05.28 07:40,4389.16,4389.72,4385.55,4389.36
2026.05.28 07:45,4389.36,4390.94,4386.30,4387.94
2026.05.28 07:50,4387.94,4389.34,4382.93,4385.54
2026.05.28 07:55,4385.53,4388.82,4383.76,4387.52
2026.05.28 08:00,4388.18,4392.99,4386.51,4387.52
2026.05.28 08:05,4387.47,4393.50,4386.77,4393.31
2026.05.28 08:10,4393.57,4394.91,4391.57,4393.24
2026.05.28 08:15,4393.17,4394.48,4391.08,4391.82
2026.05.28 08:20,4391.76,4394.37,4391.16,4392.55
2026.05.28 08:25,4392.57,4393.02,4387.74,4389.74
2026.05.28 08:30,4389.67,4391.93,4386.25,4391.92
2026.05.28 08:35,4392.35,4394.94,4389.98,4391.86
2026.05.28 08:40,4391.92,4393.41,4389.33,4389.99
2026.05.28 08:45,4390.06,4391.32,4387.23,4390.89
2026.05.28 08:50,4390.89,4391.66,4388.47,4388.59
2026.05.28 08:55,4388.58,4388.99,4385.92,4386.99
2026.05.28 09:00,4386.66,4390.86,4386.45,4389.27
2026.05.28 09:05,4389.25,4390.91,4388.29,4389.58
2026.05.28 09:10,4389.61,4390.55,4386.64,4389.32
2026.05.28 09:15,4389.24,4391.95,4388.61,4389.98
2026.05.28 09:20,4389.98,4399.04,4389.98,4395.42
2026.05.28 09:25,4395.35,4397.69,4393.57,4396.43
2026.05.28 09:30,4396.42,4396.74,4391.64,4392.86
2026.05.28 09:35,4392.93,4395.72,4391.55,4392.52
2026.05.28 09:40,4392.48,4393.06,4390.27,4391.11
2026.05.28 09:45,4391.15,4393.42,4389.76,4392.89
2026.05.28 09:50,4392.88,4396.23,4392.46,4394.99
2026.05.28 09:55,4394.33,4396.28,4392.88,4393.64
2026.05.28 10:00,4393.68,4394.94,4391.59,4393.72
2026.05.28 10:05,4393.69,4401.41,4393.67,4401.20
2026.05.28 10:10,4401.59,4404.12,4398.53,4399.35
2026.05.28 10:15,4399.67,4400.79,4398.10,4399.41
2026.05.28 10:20,4399.44,4399.44,4393.81,4395.79
2026.05.28 10:25,4395.77,4402.30,4395.62,4401.21
2026.05.28 10:30,4401.19,4402.44,4398.29,4398.77
2026.05.28 10:35,4398.80,4399.77,4397.24,4397.78
2026.05.28 10:40,4397.87,4398.44,4388.17,4389.12
2026.05.28 10:45,4388.96,4388.96,4380.05,4380.83
2026.05.28 10:50,4380.86,4384.81,4375.61,4382.07
2026.05.28 10:55,4382.16,4387.35,4382.16,4383.07
2026.05.28 11:00,4383.73,4388.74,4381.70,4388.54
2026.05.28 11:05,4388.55,4389.30,4385.57,4386.93
2026.05.28 11:10,4386.93,4388.57,4385.57,4387.01
2026.05.28 11:15,4386.72,4390.47,4386.69,4389.49
2026.05.28 11:20,4389.50,4390.04,4385.79,4387.64
2026.05.28 11:25,4387.64,4389.15,4384.47,4384.93
2026.05.28 11:30,4384.94,4386.91,4380.99,4386.63
2026.05.28 11:35,4386.64,4390.10,4386.09,4388.48
2026.05.28 11:40,4388.49,4390.34,4385.09,4385.84
2026.05.28 11:45,4385.81,4386.29,4383.10,4383.46
2026.05.28 11:50,4382.78,4384.49,4381.16,4383.75
2026.05.28 11:55,4383.48,4388.45,4383.24,4387.94
2026.05.28 12:00,4388.30,4391.18,4388.09,4390.20
2026.05.28 12:05,4390.19,4392.78,4389.57,4391.65
2026.05.28 12:10,4391.63,4392.73,4388.71,4392.65
2026.05.28 12:15,4392.64,4392.88,4387.66,4388.31
2026.05.28 12:20,4388.31,4389.66,4379.71,4381.52
2026.05.28 12:25,4381.49,4386.95,4381.34,4385.94
2026.05.28 12:30,4385.92,4394.21,4384.25,4392.39
2026.05.28 12:35,4392.62,4402.41,4391.57,4398.93
2026.05.28 12:40,4398.73,4403.08,4397.61,4402.15
2026.05.28 12:45,4402.42,4410.32,4401.70,4409.95
2026.05.28 12:50,4409.73,4421.41,4409.27,4420.81
2026.05.28 12:55,4420.61,4433.41,4420.61,4432.13
2026.05.28 13:00,4432.86,4436.25,4428.94,4432.53
2026.05.28 13:05,4432.58,4439.04,4426.04,4426.30
2026.05.28 13:10,4426.36,4431.92,4425.13,4426.70
2026.05.28 13:15,4426.80,4431.97,4425.90,4431.51
2026.05.28 13:20,4431.49,4434.28,4427.41,4428.77
2026.05.28 13:25,4428.71,4432.99,4427.81,4428.46
2026.05.28 13:30,4428.54,4430.79,4418.48,4418.66
2026.05.28 13:35,4418.77,4426.29,4418.25,4424.84
2026.05.28 13:40,4424.87,4425.63,4419.62,4422.24
2026.05.28 13:45,4422.05,4429.95,4421.69,4425.75
2026.05.28 13:50,4425.58,4434.21,4425.58,4430.63
2026.05.28 13:55,4430.80,4432.23,4426.45,4430.42
2026.05.28 14:00,4430.08,4433.21,4420.91,4424.79
2026.05.28 14:05,4424.43,4442.47,4424.25,4438.71
2026.05.28 14:10,4438.95,4467.36,4432.31,4464.39
2026.05.28 14:15,4464.29,4473.38,4451.65,4464.54
2026.05.28 14:20,4464.79,4467.06,4453.71,4461.54
2026.05.28 14:25,4461.39,4465.00,4458.86,4461.28
2026.05.28 14:30,4461.13,4467.86,4456.24,4456.61
2026.05.28 14:35,4456.60,4460.15,4453.02,4459.57
2026.05.28 14:40,4459.55,4471.32,4458.52,4469.33
2026.05.28 14:45,4468.95,4480.24,4466.22,4468.01
2026.05.28 14:50,4468.06,4475.32,4466.84,4470.40
2026.05.28 14:55,4470.40,4470.67,4461.99,4469.31
2026.05.28 15:00,4470.16,4476.83,4468.79,4474.95
2026.05.28 15:05,4474.96,4480.48,4472.49,4473.47
2026.05.28 15:10,4473.44,4474.20,4470.42,4471.38
2026.05.28 15:15,4471.59,4473.98,4470.80,4472.43
2026.05.28 15:20,4472.44,4476.89,4469.23,4476.15
2026.05.28 15:25,4476.41,4482.02,4475.39,4476.76
2026.05.28 15:30,4477.24,4481.36,4477.24,4480.96
2026.05.28 15:35,4480.96,4484.66,4478.37,4478.42
2026.05.28 15:40,4478.41,4481.08,4477.31,4479.35
2026.05.28 15:45,4479.40,4482.31,4478.89,4479.59
2026.05.28 15:50,4479.59,4482.35,4479.45,4480.12
2026.05.28 15:55,4480.03,4482.21,4478.78,4482.20
2026.05.28 16:00,4482.25,4483.79,4478.04,4480.84
2026.05.28 16:05,4481.08,4485.76,4480.85,4481.35
2026.05.28 16:10,4481.37,4485.39,4481.37,4484.36
2026.05.28 16:15,4484.62,4497.40,4484.10,4497.06
2026.05.28 16:20,4497.05,4502.11,4494.53,4502.10
2026.05.28 16:25,4502.45,4502.72,4498.85,4500.44
2026.05.28 16:30,4500.47,4502.45,4497.87,4498.92
2026.05.28 16:35,4498.94,4503.07,4497.67,4499.36
2026.05.28 16:40,4499.36,4506.18,4499.17,4504.34
2026.05.28 16:45,4504.49,4508.24,4504.49,4505.12
2026.05.28 16:50,4505.17,4509.62,4505.16,4508.87
2026.05.28 16:55,4508.14,4511.08,4507.91,4511.02
2026.05.28 17:00,4510.98,4514.42,4509.48,4510.29
2026.05.28 17:05,4510.09,4510.22,4505.99,4509.83
2026.05.28 17:10,4509.87,4510.37,4503.54,4503.90
2026.05.28 17:15,4503.90,4506.81,4503.45,4504.46
2026.05.28 17:20,4504.46,4505.73,4502.58,4505.07
2026.05.28 17:25,4505.09,4506.29,4501.28,4502.05
2026.05.28 17:30,4502.48,4507.06,4502.48,4505.21
2026.05.28 17:35,4505.22,4505.88,4503.99,4505.70
2026.05.28 17:40,4505.70,4507.08,4504.47,4504.97
2026.05.28 17:45,4505.02,4509.17,4504.70,4508.50
2026.05.28 17:50,4508.50,4508.58,4506.82,4507.63
2026.05.28 17:55,4507.59,4509.74,4507.54,4508.90
2026.05.28 18:00,4508.91,4516.49,4508.83,4513.16
2026.05.28 18:05,4513.14,4513.78,4509.44,4509.79
2026.05.28 18:10,4509.79,4509.79,4506.30,4507.66
2026.05.28 18:15,4507.66,4512.56,4505.59,4509.66
2026.05.28 18:20,4509.72,4510.99,4507.69,4508.18
2026.05.28 18:25,4508.19,4508.27,4505.41,4506.23
2026.05.28 18:30,4506.34,4506.44,4501.58,4502.11
2026.05.28 18:35,4502.08,4503.55,4500.91,4501.95
2026.05.28 18:40,4501.97,4502.78,4501.08,4501.76
2026.05.28 18:45,4501.72,4502.46,4498.52,4499.28
2026.05.28 18:50,4499.28,4503.58,4498.85,4502.97
2026.05.28 18:55,4502.95,4503.19,4500.59,4500.98
2026.05.28 19:00,4501.16,4503.70,4500.08,4501.72
2026.05.28 19:05,4501.72,4502.31,4498.89,4498.98
2026.05.28 19:10,4499.13,4501.77,4498.65,4499.56
2026.05.28 19:15,4499.55,4501.59,4499.55,4501.02
2026.05.28 19:20,4500.99,4502.93,4500.44,4502.46
2026.05.28 19:25,4502.49,4502.49,4499.70,4499.73
2026.05.28 19:30,4499.76,4501.80,4499.76,4500.95
2026.05.28 19:35,4500.98,4501.62,4499.40,4500.90
2026.05.28 19:40,4500.81,4501.01,4498.94,4499.35
2026.05.28 19:45,4499.22,4500.32,4498.31,4498.69
2026.05.28 19:50,4499.05,4500.01,4497.77,4499.00
2026.05.28 19:55,4498.23,4499.51,4497.20,4497.94
2026.05.28 20:00,4497.40,4498.23,4495.62,4495.85
2026.05.28 20:05,4496.21,4497.47,4494.92,4496.15
2026.05.28 20:10,4496.08,4498.64,4496.06,4497.12
2026.05.28 20:15,4497.00,4500.52,4496.33,4497.54
2026.05.28 20:20,4497.55,4498.86,4497.55,4497.86
2026.05.28 20:25,4497.86,4499.52,4496.97,4499.31
2026.05.28 20:30,4499.27,4500.67,4498.31,4500.25
2026.05.28 20:35,4500.25,4500.25,4496.37,4496.38
2026.05.28 20:40,4496.37,4496.77,4494.87,4495.51
2026.05.28 20:45,4495.51,4496.45,4494.97,4496.00
2026.05.28 20:50,4495.96,4496.21,4494.93,4495.92
2026.05.28 20:55,4495.86,4496.58,4495.45,4496.04
2026.05.28 22:00,4498.15,4499.68,4493.68,4497.24
2026.05.28 22:05,4497.57,4497.96,4491.71,4493.51
2026.05.28 22:10,4493.54,4495.16,4492.32,4493.73
2026.05.28 22:15,4493.73,4494.82,4493.10,4493.73
2026.05.28 22:20,4493.73,4494.87,4493.04,4493.77
2026.05.28 22:25,4493.79,4496.51,4492.78,4495.80
2026.05.28 22:30,4495.83,4496.51,4493.78,4493.98
2026.05.28 22:35,4494.14,4495.07,4493.08,4494.27
2026.05.28 22:40,4493.92,4496.50,4493.47,4495.52
2026.05.28 22:45,4495.50,4496.08,4494.55,4494.59
2026.05.28 22:50,4494.55,4494.83,4492.52,4493.93
2026.05.28 22:55,4493.90,4494.27,4491.07,4491.24
2026.05.28 23:00,4491.32,4495.32,4491.17,4495.32
2026.05.28 23:05,4495.32,4495.71,4494.11,4494.30
2026.05.28 23:10,4494.33,4494.92,4494.33,4494.68
2026.05.28 23:15,4494.69,4496.98,4494.69,4495.88
2026.05.28 23:20,4495.86,4495.86,4493.98,4494.60
2026.05.28 23:25,4494.57,4494.58,4491.81,4492.30
2026.05.28 23:30,4492.30,4494.56,4491.33,4493.99
2026.05.28 23:35,4494.09,4494.52,4491.96,4492.01
2026.05.28 23:40,4492.01,4492.17,4489.18,4489.93
2026.05.28 23:45,4489.99,4491.17,4489.06,4490.49
2026.05.28 23:50,4490.53,4494.53,4490.42,4492.25
2026.05.28 23:55,4492.26,4496.28,4491.77,4495.13
2026.05.29 00:00,4495.12,4497.84,4492.44,4495.03
2026.05.29 00:05,4495.01,4496.44,4492.22,4494.71
2026.05.29 00:10,4494.73,4498.18,4492.67,4497.35
2026.05.29 00:15,4497.11,4499.73,4496.53,4499.12
2026.05.29 00:20,4499.13,4500.43,4495.59,4497.46
2026.05.29 00:25,4497.52,4500.34,4496.53,4500.02
2026.05.29 00:30,4499.90,4500.26,4495.24,4495.24
2026.05.29 00:35,4495.24,4496.48,4493.27,4494.22
2026.05.29 00:40,4494.08,4498.45,4494.08,4498.28
2026.05.29 00:45,4498.12,4498.19,4493.27,4495.12
2026.05.29 00:50,4495.14,4496.76,4493.55,4494.08
2026.05.29 00:55,4494.08,4496.07,4493.52,4496.07
2026.05.29 01:00,4496.22,4503.42,4492.59,4500.80
2026.05.29 01:05,4500.78,4509.26,4498.90,4508.75
2026.05.29 01:10,4508.87,4515.29,4508.09,4514.93
2026.05.29 01:15,4514.93,4520.70,4514.59,4518.67
2026.05.29 01:20,4518.81,4520.23,4512.61,4512.61
2026.05.29 01:25,4512.62,4513.30,4505.25,4505.42
2026.05.29 01:30,4505.36,4505.65,4502.47,4504.02
2026.05.29 01:35,4504.02,4508.38,4503.25,4507.07
2026.05.29 01:40,4507.14,4508.48,4505.55,4506.47
2026.05.29 01:45,4506.47,4506.72,4501.51,4502.00
2026.05.29 01:50,4501.73,4506.50,4501.10,4506.12
2026.05.29 01:55,4506.10,4507.64,4503.84,4506.45
2026.05.29 02:00,4506.46,4510.94,4506.02,4510.73
2026.05.29 02:05,4510.73,4511.11,4505.03,4505.86
2026.05.29 02:10,4505.11,4507.94,4504.10,4506.82
2026.05.29 02:15,4506.92,4508.86,4505.17,4505.80
2026.05.29 02:20,4505.86,4506.05,4502.98,4504.51
2026.05.29 02:25,4504.33,4504.94,4501.88,4503.11
2026.05.29 02:30,4503.11,4505.08,4498.40,4504.06
2026.05.29 02:35,4504.05,4506.44,4503.23,4506.12
2026.05.29 02:40,4506.12,4507.86,4504.92,4505.12
2026.05.29 02:45,4505.17,4508.13,4504.79,4506.46
2026.05.29 02:50,4506.44,4506.48,4502.24,4503.14
2026.05.29 02:55,4503.12,4505.14,4501.28,4501.79
2026.05.29 03:00,4501.61,4501.88,4499.00,4501.56
2026.05.29 03:05,4501.55,4501.57,4496.72,4498.19
2026.05.29 03:10,4498.32,4498.75,4494.97,4496.46
2026.05.29 03:15,4496.33,4497.71,4495.33,4496.40
2026.05.29 03:20,4496.30,4499.21,4496.30,4498.35
2026.05.29 03:25,4498.32,4498.36,4495.20,4496.82
2026.05.29 03:30,4496.94,4498.28,4496.71,4497.31
2026.05.29 03:35,4497.32,4497.94,4494.92,4496.21
2026.05.29 03:40,4496.24,4499.10,4496.24,4498.15
2026.05.29 03:45,4498.10,4499.99,4497.98,4499.99
2026.05.29 03:50,4499.99,4500.52,4496.44,4499.71
2026.05.29 03:55,4499.70,4501.54,4498.77,4501.28
2026.05.29 04:00,4501.08,4505.29,4501.05,4502.72
2026.05.29 04:05,4502.72,4503.79,4501.37,4503.28
2026.05.29 04:10,4503.35,4503.56,4501.81,4502.33
2026.05.29 04:15,4502.19,4504.86,4501.94,4504.61
2026.05.29 04:20,4504.66,4511.47,4504.10,4510.61
2026.05.29 04:25,4510.56,4511.75,4509.03,4509.14
2026.05.29 04:30,4509.18,4510.52,4508.64,4508.99
2026.05.29 04:35,4509.00,4510.91,4508.51,4509.85
2026.05.29 04:40,4509.85,4510.83,4509.15,4510.62
2026.05.29 04:45,4510.64,4511.02,4508.49,4509.35
2026.05.29 04:50,4509.32,4510.12,4508.29,4509.35
2026.05.29 04:55,4509.35,4514.64,4508.80,4513.81
2026.05.29 05:00,4514.07,4515.37,4509.67,4509.75
2026.05.29 05:05,4509.85,4510.89,4509.45,4510.01
2026.05.29 05:10,4510.01,4512.39,4508.96,4511.98
2026.05.29 05:15,4511.84,4512.21,4510.59,4511.86
2026.05.29 05:20,4511.87,4512.03,4509.76,4509.89
2026.05.29 05:25,4510.02,4510.75,4509.42,4509.91
2026.05.29 05:30,4509.48,4512.80,4507.43,4508.42
2026.05.29 05:35,4508.42,4508.42,4502.69,4503.49
2026.05.29 05:40,4503.56,4507.86,4502.60,4506.66
2026.05.29 05:45,4506.69,4508.57,4505.49,4505.98
2026.05.29 05:50,4505.98,4515.66,4503.98,4515.03
2026.05.29 05:55,4514.99,4515.47,4510.69,4514.87
2026.05.29 06:00,4515.17,4522.38,4514.26,4519.14
2026.05.29 06:05,4519.04,4520.01,4514.26,4514.34
2026.05.29 06:10,4514.27,4515.97,4511.09,4515.71
2026.05.29 06:15,4515.70,4515.70,4510.09,4511.39
2026.05.29 06:20,4511.42,4519.70,4511.30,4518.66
2026.05.29 06:25,4518.65,4521.45,4516.24,4516.59
2026.05.29 06:30,4516.63,4520.71,4516.53,4517.72
2026.05.29 06:35,4517.85,4518.91,4513.77,4514.96
2026.05.29 06:40,4514.96,4516.84,4511.37,4516.63
2026.05.29 06:45,4516.60,4519.36,4515.26,4517.69
2026.05.29 06:50,4517.74,4523.00,4516.95,4522.01
2026.05.29 06:55,4521.85,4523.99,4521.71,4523.59
2026.05.29 07:00,4523.52,4523.84,4518.96,4519.43
2026.05.29 07:05,4519.09,4520.71,4518.03,4519.16
2026.05.29 07:10,4519.22,4520.52,4515.99,4516.27
2026.05.29 07:15,4516.32,4517.12,4514.36,4515.61
2026.05.29 07:20,4515.45,4515.86,4511.90,4511.90
2026.05.29 07:25,4511.79,4514.15,4510.72,4514.06
2026.05.29 07:30,4514.13,4521.14,4512.85,4520.71
2026.05.29 07:35,4521.02,4525.26,4520.24,4522.51
2026.05.29 07:40,4522.46,4525.97,4521.21,4525.39
2026.05.29 07:45,4525.36,4526.01,4523.42,4524.15
2026.05.29 07:50,4524.12,4525.34,4522.17,4523.30
2026.05.29 07:55,4523.23,4525.48,4523.14,4524.71
2026.05.29 08:00,4524.46,4524.75,4518.97,4519.18
2026.05.29 08:05,4519.23,4520.71,4515.71,4515.95
2026.05.29 08:10,4515.98,4519.08,4514.25,4515.23
2026.05.29 08:15,4515.23,4516.33,4513.17,4513.17
2026.05.29 08:20,4513.26,4517.23,4512.62,4515.41
2026.05.29 08:25,4515.44,4517.94,4514.40,4517.07
2026.05.29 08:30,4517.25,4518.02,4514.88,4514.97
2026.05.29 08:35,4515.01,4516.54,4513.92,4515.01
2026.05.29 08:40,4515.01,4516.15,4514.20,4515.01
2026.05.29 08:45,4514.77,4515.88,4510.99,4511.23
2026.05.29 08:50,4511.54,4515.28,4510.00,4513.88
2026.05.29 08:55,4513.89,4515.14,4513.08,4514.88
2026.05.29 09:00,4514.95,4519.40,4513.40,4518.92
2026.05.29 09:05,4518.92,4524.10,4517.55,4523.85
2026.05.29 09:10,4523.85,4530.41,4523.39,4528.92
2026.05.29 09:15,4529.05,4529.71,4527.03,4528.05
2026.05.29 09:20,4527.97,4528.23,4522.18,4522.68
2026.05.29 09:25,4522.70,4532.16,4522.48,4528.86
2026.05.29 09:30,4528.86,4530.65,4524.90,4528.66
2026.05.29 09:35,4528.67,4530.54,4526.82,4528.85
2026.05.29 09:40,4528.86,4532.50,4528.46,4532.44
2026.05.29 09:45,4532.49,4537.56,4531.99,4537.25
2026.05.29 09:50,4537.40,4539.02,4531.35,4532.66
2026.05.29 09:55,4532.66,4533.30,4529.70,4531.01
2026.05.29 10:00,4530.86,4530.95,4525.52,4525.94
2026.05.29 10:05,4525.95,4528.65,4525.90,4526.43
2026.05.29 10:10,4526.43,4528.70,4525.96,4528.47
2026.05.29 10:15,4528.44,4530.18,4525.76,4526.74
2026.05.29 10:20,4526.80,4527.75,4525.91,4527.52
2026.05.29 10:25,4527.59,4530.92,4527.47,4530.46
2026.05.29 10:30,4530.45,4539.15,4530.37,4538.78
2026.05.29 10:35,4538.79,4543.24,4538.22,4541.34
2026.05.29 10:40,4541.47,4542.09,4536.37,4537.94
2026.05.29 10:45,4537.99,4540.98,4536.51,4537.11
2026.05.29 10:50,4537.15,4539.03,4536.86,4536.86
2026.05.29 10:55,4536.70,4538.60,4535.43,4538.51
2026.05.29 11:00,4538.47,4540.40,4535.62,4535.96
2026.05.29 11:05,4535.89,4536.95,4532.27,4532.56
2026.05.29 11:10,4532.38,4533.27,4530.94,4532.33
2026.05.29 11:15,4532.40,4532.70,4529.39,4531.61
2026.05.29 11:20,4531.60,4534.42,4530.23,4531.15
2026.05.29 11:25,4531.36,4531.91,4526.89,4528.03
2026.05.29 11:30,4528.12,4528.52,4525.87,4527.02
2026.05.29 11:35,4527.09,4528.91,4526.64,4528.34
2026.05.29 11:40,4528.21,4531.42,4528.21,4531.05
2026.05.29 11:45,4531.15,4533.85,4529.19,4529.29
2026.05.29 11:50,4529.28,4535.04,4527.76,4533.86
2026.05.29 11:55,4534.07,4538.79,4533.80,4538.39
2026.05.29 12:00,4538.56,4538.56,4528.29,4529.42
2026.05.29 12:05,4529.37,4530.49,4527.24,4530.16
2026.05.29 12:10,4530.12,4532.00,4526.97,4528.35
2026.05.29 12:15,4528.38,4531.84,4527.75,4529.91
2026.05.29 12:20,4529.91,4529.91,4520.08,4523.48
2026.05.29 12:25,4523.53,4524.59,4520.57,4522.33
2026.05.29 12:30,4522.56,4523.44,4515.35,4517.12
2026.05.29 12:35,4517.12,4518.84,4515.26,4517.31
2026.05.29 12:40,4517.29,4517.67,4512.87,4514.33
2026.05.29 12:45,4514.15,4517.90,4512.74,4515.48
2026.05.29 12:50,4515.30,4519.96,4514.29,4518.59
2026.05.29 12:55,4518.53,4524.00,4516.62,4523.00
2026.05.29 13:00,4522.97,4525.46,4517.18,4524.27
2026.05.29 13:05,4524.19,4526.84,4520.27,4525.69
2026.05.29 13:10,4525.73,4525.73,4520.89,4522.87
2026.05.29 13:15,4522.73,4524.30,4521.25,4522.65
2026.05.29 13:20,4522.62,4529.15,4522.41,4526.23
2026.05.29 13:25,4526.51,4528.32,4525.34,4528.01
2026.05.29 13:30,4528.16,4532.01,4525.14,4525.28
2026.05.29 13:35,4525.10,4533.00,4522.42,4531.48
2026.05.29 13:40,4531.47,4535.42,4530.42,4533.04
2026.05.29 13:45,4532.88,4536.76,4529.46,4535.88
2026.05.29 13:50,4536.00,4539.14,4532.13,4538.60
2026.05.29 13:55,4538.60,4540.66,4535.33,4536.82
2026.05.29 14:00,4536.79,4549.29,4535.33,4547.98
2026.05.29 14:05,4547.92,4552.56,4546.42,4551.18
2026.05.29 14:10,4551.18,4552.62,4543.91,4543.92
2026.05.29 14:15,4543.94,4545.05,4537.88,4537.88
2026.05.29 14:20,4537.95,4540.41,4531.34,4531.34
2026.05.29 14:25,4531.19,4533.21,4526.37,4529.86
2026.05.29 14:30,4529.86,4536.36,4525.57,4536.30
2026.05.29 14:35,4536.44,4536.61,4530.82,4531.88
2026.05.29 14:40,4531.88,4541.63,4531.88,4540.23
2026.05.29 14:45,4540.26,4541.01,4536.97,4539.67
2026.05.29 14:50,4539.83,4568.76,4539.83,4556.90
2026.05.29 14:55,4556.95,4570.35,4556.00,4564.27
2026.05.29 15:00,4564.25,4578.21,4564.25,4578.17
2026.05.29 15:05,4578.12,4589.59,4574.10,4587.90
2026.05.29 15:10,4587.92,4595.25,4586.04,4590.07
2026.05.29 15:15,4590.30,4591.38,4586.07,4588.57
2026.05.29 15:20,4588.57,4589.02,4581.70,4584.87
2026.05.29 15:25,4584.88,4585.24,4578.52,4578.52
2026.05.29 15:30,4578.64,4583.22,4578.22,4578.22
2026.05.29 15:35,4577.88,4580.67,4572.09,4573.01
2026.05.29 15:40,4573.18,4575.00,4561.61,4566.55
2026.05.29 15:45,4566.53,4569.31,4557.70,4564.89
2026.05.29 15:50,4564.90,4570.37,4563.33,4569.02
2026.05.29 15:55,4568.99,4571.45,4568.24,4571.12
2026.05.29 16:00,4571.17,4572.16,4567.84,4567.95
2026.05.29 16:05,4568.06,4568.87,4563.86,4564.20
2026.05.29 16:10,4564.20,4564.96,4560.05,4563.58
2026.05.29 16:15,4563.53,4567.58,4562.94,4565.34
2026.05.29 16:20,4565.34,4567.04,4563.81,4564.16
2026.05.29 16:25,4564.14,4564.14,4560.38,4563.01
2026.05.29 16:30,4563.01,4570.02,4561.95,4568.90
2026.05.29 16:35,4569.05,4573.34,4567.73,4572.10
2026.05.29 16:40,4571.99,4572.90,4568.63,4569.48
2026.05.29 16:45,4569.48,4569.48,4564.50,4564.77
2026.05.29 16:50,4564.42,4565.76,4560.86,4565.31
2026.05.29 16:55,4565.29,4567.40,4562.58,4566.84
2026.05.29 17:00,4567.10,4568.02,4564.29,4564.45
2026.05.29 17:05,4564.28,4568.50,4563.39,4567.36
2026.05.29 17:10,4567.54,4568.31,4564.09,4564.34
2026.05.29 17:15,4564.11,4566.80,4563.72,4565.52
2026.05.29 17:20,4565.52,4566.70,4561.10,4565.49
2026.05.29 17:25,4565.52,4565.79,4561.52,4561.83
2026.05.29 17:30,4561.93,4562.06,4557.90,4561.31
2026.05.29 17:35,4561.43,4561.87,4558.50,4558.74
2026.05.29 17:40,4558.84,4559.95,4553.37,4554.17
2026.05.29 17:45,4554.15,4557.62,4553.19,4555.96
2026.05.29 17:50,4555.97,4556.18,4552.47,4553.55
2026.05.29 17:55,4553.55,4553.96,4551.66,4553.42
2026.05.29 18:00,4553.43,4557.37,4552.58,4557.37
2026.05.29 18:05,4557.42,4558.71,4556.10,4557.90
2026.05.29 18:10,4557.90,4558.25,4556.15,4558.08
2026.05.29 18:15,4558.10,4558.83,4555.68,4558.63
2026.05.29 18:20,4559.10,4559.83,4557.44,4558.65
2026.05.29 18:25,4558.64,4560.37,4558.18,4559.35
2026.05.29 18:30,4559.35,4561.24,4559.35,4560.88
2026.05.29 18:35,4560.90,4561.63,4559.97,4560.13
2026.05.29 18:40,4560.14,4560.21,4557.58,4557.97
2026.05.29 18:45,4557.71,4557.77,4551.17,4553.09
2026.05.29 18:50,4553.03,4554.64,4552.30,4554.23
2026.05.29 18:55,4554.23,4556.72,4553.00,4553.30
2026.05.29 19:00,4553.23,4554.98,4552.39,4554.49
2026.05.29 19:05,4554.55,4558.53,4554.42,4558.53
2026.05.29 19:10,4558.54,4560.19,4558.01,4558.47
2026.05.29 19:15,4558.34,4559.08,4556.72,4557.68
2026.05.29 19:20,4557.48,4557.93,4555.72,4556.47
2026.05.29 19:25,4556.44,4556.93,4554.64,4555.24
2026.05.29 19:30,4555.24,4556.36,4553.03,4553.18
2026.05.29 19:35,4553.44,4553.92,4551.85,4552.40
2026.05.29 19:40,4552.35,4553.82,4551.28,4551.50
2026.05.29 19:45,4551.50,4551.58,4548.59,4548.66
2026.05.29 19:50,4548.84,4549.51,4545.63,4546.41
2026.05.29 19:55,4546.42,4548.16,4542.84,4545.49
2026.05.29 20:00,4546.49,4547.35,4542.84,4544.38
2026.05.29 20:05,4544.40,4546.00,4543.31,4545.77
2026.05.29 20:10,4545.79,4549.08,4545.22,4548.77
2026.05.29 20:15,4548.77,4548.77,4545.45,4545.85
2026.05.29 20:20,4545.85,4545.85,4544.24,4544.93
2026.05.29 20:25,4544.94,4545.07,4542.26,4542.69
2026.05.29 20:30,4542.42,4543.29,4541.81,4543.17
2026.05.29 20:35,4543.06,4543.45,4542.21,4542.91
2026.05.29 20:40,4542.91,4544.05,4541.36,4543.62
2026.05.29 20:45,4543.52,4543.52,4541.43,4541.89
2026.05.29 20:50,4541.88,4543.15,4539.40,4539.74
2026.05.29 20:55,4539.63,4541.33,4537.63,4537.95
2026.05.31 22:00,4537.53,4537.53,4517.96,4520.79
2026.05.31 22:05,4520.81,4527.26,4519.70,4525.72
2026.05.31 22:10,4525.68,4535.25,4523.84,4534.72
2026.05.31 22:15,4533.96,4536.49,4531.43,4536.42
2026.05.31 22:20,4536.43,4536.44,4531.37,4533.16
2026.05.31 22:25,4533.22,4534.20,4531.68,4533.15
2026.05.31 22:30,4532.64,4536.58,4532.63,4535.60
2026.05.31 22:35,4535.60,4536.31,4531.85,4531.85
2026.05.31 22:40,4532.27,4535.56,4530.94,4535.56
2026.05.31 22:45,4535.59,4540.36,4535.59,4538.29
2026.05.31 22:50,4538.29,4538.97,4534.85,4534.93
2026.05.31 22:55,4535.17,4537.86,4535.17,4535.26
2026.05.31 23:00,4535.31,4540.22,4535.06,4539.66
2026.05.31 23:05,4539.67,4541.68,4538.75,4541.49
2026.05.31 23:10,4541.49,4543.15,4540.13,4542.54
2026.05.31 23:15,4542.58,4543.54,4541.23,4542.13
2026.05.31 23:20,4542.15,4543.46,4540.09,4542.03
2026.05.31 23:25,4542.12,4545.03,4541.83,4544.89
2026.05.31 23:30,4545.02,4545.72,4539.19,4539.33
2026.05.31 23:35,4539.38,4541.72,4538.57,4540.76
2026.05.31 23:40,4540.76,4542.55,4540.50,4541.87
2026.05.31 23:45,4541.87,4542.42,4538.53,4541.09
2026.05.31 23:50,4541.09,4544.65,4540.53,4544.18
2026.05.31 23:55,4544.23,4544.56,4539.55,4539.55
2026.06.01 00:00,4539.11,4545.90,4537.41,4544.95
2026.06.01 00:05,4544.91,4544.92,4540.66,4540.82
2026.06.01 00:10,4540.77,4543.55,4539.39,4540.79
2026.06.01 00:15,4540.76,4543.71,4537.83,4538.44
2026.06.01 00:20,4538.36,4541.49,4538.02,4540.78
2026.06.01 00:25,4540.44,4544.42,4539.80,4543.15
2026.06.01 00:30,4543.17,4544.94,4535.98,4538.13
2026.06.01 00:35,4538.20,4538.90,4535.36,4536.89
2026.06.01 00:40,4536.74,4537.31,4535.34,4535.99
2026.06.01 00:45,4535.99,4541.87,4535.99,4541.35
2026.06.01 00:50,4541.40,4542.72,4538.18,4538.83
2026.06.01 00:55,4538.75,4541.86,4537.21,4540.48
2026.06.01 01:00,4540.72,4541.27,4531.95,4534.08
2026.06.01 01:05,4534.34,4535.43,4527.50,4529.28
2026.06.01 01:10,4529.17,4534.32,4526.26,4533.93
2026.06.01 01:15,4533.97,4534.34,4529.93,4530.21
2026.06.01 01:20,4530.18,4536.55,4529.81,4532.16
2026.06.01 01:25,4532.18,4532.92,4527.93,4528.76
2026.06.01 01:30,4528.74,4532.75,4527.03,4532.75
2026.06.01 01:35,4532.65,4533.29,4528.11,4529.74
2026.06.01 01:40,4529.78,4533.82,4528.50,4533.19
2026.06.01 01:45,4533.13,4533.62,4527.36,4528.49
2026.06.01 01:50,4528.53,4531.05,4527.75,4529.93
2026.06.01 01:55,4529.93,4530.02,4523.82,4525.47
2026.06.01 02:00,4525.45,4527.56,4524.32,4525.16
2026.06.01 02:05,4525.16,4531.86,4525.00,4528.53
2026.06.01 02:10,4528.50,4533.91,4528.42,4532.08
2026.06.01 02:15,4532.01,4534.54,4531.72,4531.97
2026.06.01 02:20,4532.39,4532.85,4530.27,4531.47
2026.06.01 02:25,4531.53,4531.70,4529.28,4530.43
2026.06.01 02:30,4530.34,4530.34,4523.55,4527.28
2026.06.01 02:35,4527.24,4531.01,4527.16,4528.12
2026.06.01 02:40,4528.34,4528.34,4522.57,4522.80
2026.06.01 02:45,4522.89,4525.01,4521.98,4523.40
2026.06.01 02:50,4523.39,4523.95,4522.27,4522.47
2026.06.01 02:55,4522.33,4523.58,4521.15,4521.42
2026.06.01 03:00,4522.26,4525.43,4521.35,4524.68
2026.06.01 03:05,4524.63,4524.80,4517.44,4517.59
2026.06.01 03:10,4517.51,4520.31,4515.67,4518.86
2026.06.01 03:15,4518.87,4520.03,4514.27,4519.34
2026.06.01 03:20,4519.32,4520.14,4517.59,4518.57
2026.06.01 03:25,4518.57,4521.36,4518.06,4520.44
2026.06.01 03:30,4520.37,4524.00,4520.01,4521.36
2026.06.01 03:35,4521.76,4521.80,4514.51,4515.56
2026.06.01 03:40,4514.88,4515.67,4509.86,4510.64
2026.06.01 03:45,4510.65,4513.22,4509.84,4512.50
2026.06.01 03:50,4512.47,4513.91,4511.70,4513.13
2026.06.01 03:55,4513.13,4516.30,4512.30,4516.29
2026.06.01 04:00,4516.31,4519.58,4515.74,4516.42
2026.06.01 04:05,4516.27,4517.24,4513.90,4514.12
2026.06.01 04:10,4514.20,4514.98,4512.49,4514.64
2026.06.01 04:15,4514.63,4518.46,4514.63,4516.79
2026.06.01 04:20,4516.79,4517.65,4515.99,4517.51
2026.06.01 04:25,4517.53,4517.53,4515.29,4515.81
2026.06.01 04:30,4515.82,4516.54,4514.15,4514.16
2026.06.01 04:35,4514.33,4515.59,4513.56,4515.13
2026.06.01 04:40,4515.05,4517.29,4514.36,4514.54
2026.06.01 04:45,4514.58,4514.66,4508.78,4510.54
2026.06.01 04:50,4510.47,4514.36,4509.77,4514.03
2026.06.01 04:55,4514.05,4515.03,4512.55,4514.35
2026.06.01 05:00,4514.38,4516.23,4513.56,4516.02
2026.06.01 05:05,4516.02,4517.65,4515.64,4516.37
2026.06.01 05:10,4516.37,4519.21,4515.27,4518.12
2026.06.01 05:15,4518.16,4521.91,4517.52,4521.52
2026.06.01 05:20,4521.55,4523.00,4519.70,4522.44
2026.06.01 05:25,4522.41,4523.58,4520.36,4520.44
2026.06.01 05:30,4520.43,4521.95,4512.79,4513.86
2026.06.01 05:35,4513.65,4521.89,4513.64,4520.09
2026.06.01 05:40,4520.15,4520.82,4515.57,4519.79
2026.06.01 05:45,4519.76,4525.08,4517.32,4524.22
2026.06.01 05:50,4524.42,4524.45,4521.10,4523.47
2026.06.01 05:55,4523.48,4523.48,4517.12,4518.21
2026.06.01 06:00,4518.18,4518.67,4514.15,4516.24
2026.06.01 06:05,4516.34,4518.50,4515.36,4517.06
2026.06.01 06:10,4517.06,4517.41,4512.53,4514.06
2026.06.01 06:15,4514.06,4515.69,4510.13,4511.00
2026.06.01 06:20,4510.97,4510.97,4504.96,4506.16
2026.06.01 06:25,4506.08,4514.39,4505.77,4513.91
2026.06.01 06:30,4514.33,4514.84,4510.40,4510.63
2026.06.01 06:35,4510.63,4510.92,4501.78,4504.60
2026.06.01 06:40,4504.58,4505.95,4503.26,4504.55
2026.06.01 06:45,4504.49,4504.50,4500.99,4504.50
2026.06.01 06:50,4504.50,4504.50,4500.47,4503.56
2026.06.01 06:55,4503.56,4504.62,4501.09,4501.65
2026.06.01 07:00,4501.51,4508.46,4500.70,4507.71
2026.06.01 07:05,4507.71,4509.80,4506.26,4506.46
2026.06.01 07:10,4506.21,4509.42,4505.71,4507.20
2026.06.01 07:15,4507.19,4508.27,4504.98,4506.77
2026.06.01 07:20,4506.73,4507.22,4503.32,4505.13
2026.06.01 07:25,4505.13,4506.04,4503.38,4503.88
2026.06.01 07:30,4503.88,4507.69,4503.82,4504.71
2026.06.01 07:35,4504.71,4506.41,4502.69,4503.45
2026.06.01 07:40,4503.47,4503.69,4497.91,4498.16
2026.06.01 07:45,4498.12,4500.25,4493.12,4494.50
2026.06.01 07:50,4494.36,4496.77,4492.47,4495.65
2026.06.01 07:55,4495.68,4503.11,4495.33,4503.07
2026.06.01 08:00,4503.39,4504.42,4495.61,4495.64
2026.06.01 08:05,4495.75,4499.45,4493.83,4493.98
2026.06.01 08:10,4493.81,4498.73,4493.61,4495.64
2026.06.01 08:15,4495.62,4496.58,4491.72,4494.91
2026.06.01 08:20,4494.97,4496.57,4490.65,4492.69
2026.06.01 08:25,4492.69,4496.29,4492.61,4495.94
2026.06.01 08:30,4495.94,4496.52,4492.64,4495.70
2026.06.01 08:35,4495.76,4496.43,4493.22,4494.66
2026.06.01 08:40,4494.88,4500.45,4492.72,4500.08
2026.06.01 08:45,4500.14,4502.51,4496.47,4501.21
2026.06.01 08:50,4501.21,4501.59,4497.04,4497.16
2026.06.01 08:55,4497.16,4499.56,4495.65,4498.03
2026.06.01 09:00,4498.04,4500.76,4497.73,4500.52
2026.06.01 09:05,4500.51,4500.52,4498.26,4499.45
2026.06.01 09:10,4499.57,4500.13,4498.74,4499.53
2026.06.01 09:15,4499.65,4505.63,4498.25,4505.61
2026.06.01 09:20,4505.64,4506.32,4498.68,4499.59
2026.06.01 09:25,4499.60,4499.78,4496.45,4496.45
2026.06.01 09:30,4496.44,4497.36,4489.13,4490.70
2026.06.01 09:35,4490.87,4497.97,4490.79,4497.89
2026.06.01 09:40,4498.04,4499.21,4494.68,4498.33
2026.06.01 09:45,4498.10,4498.49,4493.98,4495.43
2026.06.01 09:50,4495.40,4498.48,4494.01,4498.01
2026.06.01 09:55,4497.91,4497.91,4494.47,4495.98
2026.06.01 10:00,4496.52,4498.90,4496.52,4498.13
2026.06.01 10:05,4498.13,4501.15,4496.25,4500.10
2026.06.01 10:10,4500.10,4502.10,4499.67,4501.49
2026.06.01 10:15,4501.48,4501.92,4499.46,4500.15
2026.06.01 10:20,4500.29,4500.42,4496.26,4500.42
2026.06.01 10:25,4500.42,4503.49,4500.36,4500.87
2026.06.01 10:30,4500.92,4505.25,4500.51,4504.85
2026.06.01 10:35,4504.92,4506.51,4503.21,4503.30
2026.06.01 10:40,4503.23,4507.37,4503.23,4505.77
2026.06.01 10:45,4505.92,4510.44,4505.27,4509.42
2026.06.01 10:50,4509.16,4510.90,4506.97,4507.20
2026.06.01 10:55,4507.26,4507.38,4502.62,4503.95
2026.06.01 11:00,4503.91,4506.68,4500.18,4500.18
2026.06.01 11:05,4500.24,4505.70,4499.87,4505.64
2026.06.01 11:10,4505.67,4505.67,4503.38,4504.86
2026.06.01 11:15,4504.91,4509.83,4504.16,4509.78
2026.06.01 11:20,4509.98,4512.90,4508.65,4508.66
2026.06.01 11:25,4508.68,4511.93,4507.75,4510.66
2026.06.01 11:30,4510.61,4512.24,4506.54,4506.76
2026.06.01 11:35,4506.76,4510.68,4506.19,4510.15
2026.06.01 11:40,4510.16,4510.56,4506.46,4507.16
2026.06.01 11:45,4507.16,4509.49,4506.90,4508.62
2026.06.01 11:50,4508.59,4508.59,4506.45,4507.46
2026.06.01 11:55,4507.34,4508.02,4505.44,4505.90
2026.06.01 12:00,4505.86,4506.78,4503.40,4506.03
2026.06.01 12:05,4505.91,4509.12,4505.90,4507.59
2026.06.01 12:10,4507.58,4509.51,4503.08,4503.08
2026.06.01 12:15,4503.25,4505.62,4501.19,4503.35
2026.06.01 12:20,4502.61,4503.16,4497.44,4501.79
2026.06.01 12:25,4501.84,4507.61,4501.50,4505.40
2026.06.01 12:30,4505.43,4505.53,4497.74,4501.04
2026.06.01 12:35,4500.98,4503.44,4499.19,4503.21
2026.06.01 12:40,4503.47,4508.20,4499.35,4507.67
2026.06.01 12:45,4507.27,4510.35,4505.75,4506.80
2026.06.01 12:50,4506.49,4508.49,4505.35,4505.61
2026.06.01 12:55,4505.67,4506.12,4498.57,4502.20
2026.06.01 13:00,4502.89,4503.78,4495.68,4501.69
2026.06.01 13:05,4501.67,4502.31,4496.39,4501.15
2026.06.01 13:10,4501.14,4501.14,4472.48,4484.13
2026.06.01 13:15,4484.27,4489.63,4479.66,4482.21
2026.06.01 13:20,4482.06,4482.82,4464.05,4465.86
2026.06.01 13:25,4466.03,4469.23,4462.43,4465.07
2026.06.01 13:30,4465.55,4469.92,4459.06,4466.11
2026.06.01 13:35,4466.34,4478.48,4463.39,4473.00
2026.06.01 13:40,4473.89,4474.06,4465.41,4467.15
2026.06.01 13:45,4467.26,4469.48,4463.31,4464.51
2026.06.01 13:50,4464.32,4465.52,4453.16,4454.79
2026.06.01 13:55,4454.44,4455.29,4448.91,4450.22
2026.06.01 14:00,4450.07,4454.54,4447.12,4454.38
2026.06.01 14:05,4454.43,4461.51,4449.81,4460.37
2026.06.01 14:10,4460.49,4462.06,4456.21,4461.17
2026.06.01 14:15,4460.78,4464.45,4454.11,4457.09
2026.06.01 14:20,4457.12,4461.74,4455.05,4455.20
2026.06.01 14:25,4455.18,4456.23,4449.72,4456.20
2026.06.01 14:30,4456.13,4460.51,4453.80,4458.56
2026.06.01 14:35,4458.55,4460.34,4454.21,4455.43
2026.06.01 14:40,4455.74,4461.44,4455.18,4459.87
2026.06.01 14:45,4459.86,4461.22,4453.73,4454.78
2026.06.01 14:50,4455.13,4456.48,4452.29,4456.06
2026.06.01 14:55,4456.35,4458.99,4454.91,4458.67
2026.06.01 15:00,4458.63,4462.23,4457.52,4460.18
2026.06.01 15:05,4460.18,4465.05,4455.45,4462.64
2026.06.01 15:10,4462.28,4465.28,4460.70,4464.18
2026.06.01 15:15,4464.39,4467.16,4463.27,4465.24
2026.06.01 15:20,4465.31,4467.82,4464.10,4466.98
2026.06.01 15:25,4466.51,4470.29,4465.75,4468.70
2026.06.01 15:30,4468.32,4478.91,4468.32,4477.13
2026.06.01 15:35,4477.15,4479.61,4474.01,4476.78
2026.06.01 15:40,4476.70,4477.30,4471.12,4472.31
2026.06.01 15:45,4472.37,4474.67,4468.68,4469.76
2026.06.01 15:50,4469.72,4472.12,4468.89,4471.24
2026.06.01 15:55,4471.25,4475.25,4471.18,4474.14
2026.06.01 16:00,4474.15,4478.13,4472.53,4473.30
2026.06.01 16:05,4473.31,4474.26,4468.17,4468.71
2026.06.01 16:10,4468.69,4468.74,4465.19,4467.36
2026.06.01 16:15,4467.18,4467.46,4463.16,4466.78
2026.06.01 16:20,4466.79,4468.69,4464.66,4468.57
2026.06.01 16:25,4468.30,4469.29,4466.73,4467.96
2026.06.01 16:30,4467.98,4472.13,4467.98,4469.40
2026.06.01 16:35,4468.90,4471.03,4467.83,4469.21
2026.06.01 16:40,4469.02,4469.97,4467.79,4468.03
2026.06.01 16:45,4467.97,4471.88,4467.42,4471.88
2026.06.01 16:50,4471.75,4480.83,4471.73,4479.92
2026.06.01 16:55,4479.78,4481.97,4478.67,4480.09
2026.06.01 17:00,4480.02,4480.91,4475.55,4476.77
2026.06.01 17:05,4476.73,4477.26,4471.43,4473.46
2026.06.01 17:10,4473.46,4475.98,4473.23,4474.99
2026.06.01 17:15,4474.98,4475.76,4473.42,4475.76
2026.06.01 17:20,4475.76,4476.63,4474.14,4475.16
2026.06.01 17:25,4475.05,4482.80,4472.44,4482.80
2026.06.01 17:30,4482.80,4485.50,4480.43,4481.25
2026.06.01 17:35,4481.27,4484.36,4480.62,4482.99
2026.06.01 17:40,4482.81,4490.60,4482.81,4490.58
2026.06.01 17:45,4490.47,4495.33,4490.02,4491.55
2026.06.01 17:50,4491.49,4491.97,4489.18,4491.38
2026.06.01 17:55,4491.43,4491.63,4487.47,4487.48
2026.06.01 18:00,4487.52,4488.39,4486.26,4486.81
2026.06.01 18:05,4486.82,4490.16,4486.69,4489.73
2026.06.01 18:10,4489.70,4489.97,4488.08,4488.60
2026.06.01 18:15,4488.61,4489.32,4486.79,4489.17
2026.06.01 18:20,4489.17,4490.06,4488.54,4489.14
2026.06.01 18:25,4489.14,4489.18,4486.47,4486.62
2026.06.01 18:30,4486.72,4487.22,4484.88,4486.05
2026.06.01 18:35,4486.04,4487.23,4485.83,4486.03
2026.06.01 18:40,4486.03,4488.09,4485.80,4487.86
2026.06.01 18:45,4487.83,4488.57,4487.49,4488.57
2026.06.01 18:50,4488.52,4488.52,4487.15,4487.15
2026.06.01 18:55,4487.20,4488.52,4486.53,4486.68
2026.06.01 19:00,4486.51,4488.17,4485.10,4487.77
2026.06.01 19:05,4487.78,4488.07,4484.80,4485.22
2026.06.01 19:10,4485.22,4487.14,4485.18,4485.34
2026.06.01 19:15,4485.29,4486.42,4484.60,4485.83
2026.06.01 19:20,4485.84,4486.42,4485.00,4485.70
2026.06.01 19:25,4485.70,4486.09,4484.31,4484.63
2026.06.01 19:30,4484.61,4485.63,4483.60,4483.85
2026.06.01 19:35,4483.84,4485.42,4483.13,4484.32
2026.06.01 19:40,4484.33,4485.40,4483.24,4483.41
2026.06.01 19:45,4483.29,4484.22,4482.87,4483.54
2026.06.01 19:50,4483.51,4483.51,4479.91,4480.13
2026.06.01 19:55,4480.30,4481.10,4479.10,4481.10
2026.06.01 20:00,4481.20,4483.82,4480.13,4482.92
2026.06.01 20:05,4482.87,4484.17,4482.63,4483.41
2026.06.01 20:10,4483.39,4483.96,4482.43,4483.46
2026.06.01 20:15,4483.43,4484.30,4482.90,4482.90
2026.06.01 20:20,4482.92,4483.18,4482.12,4482.57
2026.06.01 20:25,4482.58,4483.65,4482.38,4483.11
2026.06.01 20:30,4483.11,4484.65,4482.11,4484.55
2026.06.01 20:35,4484.50,4484.68,4483.06,4484.01
2026.06.01 20:40,4483.93,4484.67,4482.44,4482.52
2026.06.01 20:45,4482.34,4484.00,4481.22,4483.89
2026.06.01 20:50,4483.92,4484.10,4482.39,4483.15
2026.06.01 20:55,4483.04,4485.76,4482.77,4484.96
2026.06.01 22:00,4479.39,4488.32,4479.39,4483.19
2026.06.01 22:05,4483.19,4483.69,4481.91,4482.52
2026.06.01 22:10,4482.52,4484.79,4482.11,4484.53
2026.06.01 22:15,4484.53,4485.20,4483.83,4484.22
2026.06.01 22:20,4484.28,4484.97,4481.76,4482.72
2026.06.01 22:25,4482.73,4483.98,4481.47,4481.49
2026.06.01 22:30,4481.49,4483.36,4481.20,4481.39
2026.06.01 22:35,4481.40,4482.84,4479.71,4482.82
2026.06.01 22:40,4482.73,4483.66,4481.18,4481.60
2026.06.01 22:45,4481.60,4485.78,4481.60,4484.17
2026.06.01 22:50,4484.17,4484.70,4483.50,4483.86
2026.06.01 22:55,4483.84,4486.67,4483.81,4485.55
2026.06.01 23:00,4485.23,4487.73,4481.65,4486.29
2026.06.01 23:05,4486.29,4486.32,4484.73,4485.23
2026.06.01 23:10,4485.23,4486.36,4485.12,4486.18
2026.06.01 23:15,4486.18,4488.02,4485.91,4486.55
2026.06.01 23:20,4486.55,4487.68,4485.45,4487.68
2026.06.01 23:25,4487.68,4488.19,4487.16,4487.21
2026.06.01 23:30,4487.26,4487.44,4484.70,4484.76
2026.06.01 23:35,4484.76,4485.54,4480.61,4484.50
2026.06.01 23:40,4484.52,4486.58,4483.49,4483.49
2026.06.01 23:45,4483.39,4483.39,4479.40,4481.32
2026.06.01 23:50,4480.87,4484.80,4480.87,4484.72
2026.06.01 23:55,4484.81,4485.81,4484.00,4484.42
2026.06.02 00:00,4484.71,4485.14,4481.38,4484.43
2026.06.02 00:05,4484.43,4485.16,4476.69,4478.38
2026.06.02 00:10,4478.41,4481.49,4478.13,4481.20
2026.06.02 00:15,4481.19,4485.45,4481.03,4485.15
2026.06.02 00:20,4485.10,4489.64,4484.10,4489.64
2026.06.02 00:25,4489.61,4493.76,4488.74,4493.76
2026.06.02 00:30,4493.69,4497.13,4489.06,4489.25
2026.06.02 00:35,4489.23,4491.42,4488.48,4489.17
2026.06.02 00:40,4489.13,4489.29,4485.48,4487.13
2026.06.02 00:45,4487.06,4487.70,4480.78,4481.37
2026.06.02 00:50,4481.33,4484.05,4481.30,4481.79
2026.06.02 00:55,4481.78,4484.21,4480.79,4481.44
2026.06.02 01:00,4481.03,4486.73,4473.95,4481.62
2026.06.02 01:05,4481.40,4485.79,4479.34,4479.35
2026.06.02 01:10,4479.61,4491.93,4478.95,4490.02
2026.06.02 01:15,4490.02,4490.17,4481.70,4486.42
2026.06.02 01:20,4486.19,4488.29,4481.02,4483.08
2026.06.02 01:25,4483.08,4492.34,4483.08,4486.36
2026.06.02 01:30,4486.47,4489.31,4486.22,4487.21
2026.06.02 01:35,4487.20,4489.27,4480.97,4481.86
2026.06.02 01:40,4481.84,4484.70,4479.48,4479.89
2026.06.02 01:45,4479.69,4482.22,4471.77,4475.40
2026.06.02 01:50,4475.40,4476.06,4462.97,4473.65
2026.06.02 01:55,4473.78,4477.07,4471.51,4474.07
2026.06.02 02:00,4473.97,4480.95,4472.59,4473.42
2026.06.02 02:05,4473.80,4475.02,4472.25,4474.75
2026.06.02 02:10,4474.72,4480.67,4474.04,4480.53
2026.06.02 02:15,4480.55,4482.00,4478.93,4480.99
2026.06.02 02:20,4481.04,4484.80,4481.04,4483.94
2026.06.02 02:25,4483.61,4484.54,4481.52,4481.91
2026.06.02 02:30,4482.19,4485.58,4479.95,4481.17
2026.06.02 02:35,4481.17,4483.78,4478.86,4478.89
2026.06.02 02:40,4478.93,4479.14,4474.46,4476.51
2026.06.02 02:45,4476.68,4477.88,4473.63,4474.59
2026.06.02 02:50,4474.57,4479.86,4474.20,4478.64
2026.06.02 02:55,4478.76,4486.49,4478.73,4485.82
2026.06.02 03:00,4485.87,4492.58,4485.69,4488.04
2026.06.02 03:05,4488.14,4489.51,4485.96,4486.55
2026.06.02 03:10,4486.55,4489.14,4486.30,4488.24
2026.06.02 03:15,4488.15,4491.24,4488.03,4490.01
2026.06.02 03:20,4489.80,4489.97,4485.65,4489.97
2026.06.02 03:25,4489.99,4497.12,4489.56,4495.24
2026.06.02 03:30,4495.17,4499.28,4493.11,4493.78
2026.06.02 03:35,4493.87,4498.88,4493.79,4494.57
2026.06.02 03:40,4494.66,4497.18,4494.31,4497.18
2026.06.02 03:45,4496.87,4499.24,4495.35,4498.10
2026.06.02 03:50,4497.87,4498.11,4496.96,4497.39
2026.06.02 03:55,4497.38,4499.32,4497.38,4499.29
2026.06.02 04:00,4499.28,4501.44,4497.75,4500.34
2026.06.02 04:05,4500.33,4503.14,4500.32,4502.13
2026.06.02 04:10,4502.20,4505.37,4502.20,4504.61
2026.06.02 04:15,4504.60,4510.15,4504.20,4507.79
2026.06.02 04:20,4507.79,4508.14,4505.10,4505.63
2026.06.02 04:25,4505.68,4506.05,4504.17,4504.52
2026.06.02 04:30,4504.55,4507.67,4503.48,4507.64
2026.06.02 04:35,4507.64,4508.91,4507.22,4508.82
2026.06.02 04:40,4508.97,4510.94,4508.15,4510.23
2026.06.02 04:45,4510.23,4515.79,4509.79,4512.49
2026.06.02 04:50,4512.56,4514.34,4511.89,4512.80
2026.06.02 04:55,4512.79,4518.18,4512.76,4517.31
2026.06.02 05:00,4517.35,4518.13,4515.79,4515.85
2026.06.02 05:05,4515.85,4517.55,4515.42,4515.97
2026.06.02 05:10,4515.87,4518.70,4515.15,4518.65
2026.06.02 05:15,4518.64,4519.62,4517.09,4518.73
2026.06.02 05:20,4519.14,4520.60,4517.70,4518.91
2026.06.02 05:25,4518.80,4521.80,4516.70,4519.60
2026.06.02 05:30,4519.62,4526.72,4519.61,4524.92
2026.06.02 05:35,4526.32,4528.18,4523.21,4523.50
2026.06.02 05:40,4523.54,4526.75,4522.71,4524.43
2026.06.02 05:45,4524.70,4526.20,4521.88,4523.44
2026.06.02 05:50,4522.97,4523.68,4518.35,4519.61
2026.06.02 05:55,4519.68,4519.70,4516.18,4516.98
2026.06.02 06:00,4517.02,4520.80,4516.96,4520.51
2026.06.02 06:05,4520.52,4524.79,4520.38,4520.82
2026.06.02 06:10,4520.87,4522.63,4518.81,4519.00
2026.06.02 06:15,4519.00,4524.20,4518.05,4520.23
2026.06.02 06:20,4520.38,4530.60,4520.38,4529.42
2026.06.02 06:25,4529.43,4533.93,4526.07,4533.16
2026.06.02 06:30,4533.16,4537.13,4533.13,4535.54
2026.06.02 06:35,4535.28,4538.03,4533.84,4534.04
2026.06.02 06:40,4534.07,4534.52,4531.81,4532.77
2026.06.02 06:45,4532.74,4535.57,4532.40,4533.64
2026.06.02 06:50,4533.63,4534.17,4531.89,4532.92
2026.06.02 06:55,4532.93,4536.83,4532.65,4535.97
2026.06.02 07:00,4535.79,4537.79,4533.24,4535.97
2026.06.02 07:05,4535.99,4538.02,4533.98,4537.85
2026.06.02 07:10,4537.92,4541.44,4537.85,4539.95
2026.06.02 07:15,4539.81,4540.44,4537.60,4539.21
2026.06.02 07:20,4539.23,4539.27,4536.62,4536.89
2026.06.02 07:25,4536.84,4537.10,4533.34,4534.00
2026.06.02 07:30,4533.99,4535.29,4531.84,4533.64
2026.06.02 07:35,4533.62,4534.14,4531.81,4532.94
2026.06.02 07:40,4532.95,4534.72,4531.26,4531.87
2026.06.02 07:45,4531.82,4532.31,4530.11,4531.70
2026.06.02 07:50,4531.69,4532.11,4527.91,4530.69
2026.06.02 07:55,4530.70,4535.46,4530.70,4535.05
2026.06.02 08:00,4535.05,4537.12,4533.12,4534.23
2026.06.02 08:05,4534.42,4539.09,4533.60,4535.51
2026.06.02 08:10,4535.52,4537.48,4534.21,4534.82
2026.06.02 08:15,4535.07,4535.43,4531.51,4532.57
2026.06.02 08:20,4532.54,4534.70,4529.85,4534.22
2026.06.02 08:25,4534.22,4534.32,4529.91,4531.13
2026.06.02 08:30,4530.98,4533.34,4530.70,4531.97
2026.06.02 08:35,4532.07,4532.19,4529.37,4530.17
2026.06.02 08:40,4530.12,4530.56,4528.21,4528.77
2026.06.02 08:45,4528.75,4530.05,4527.64,4529.54
2026.06.02 08:50,4529.42,4529.55,4527.69,4527.84
2026.06.02 08:55,4527.92,4528.32,4525.94,4526.69
2026.06.02 09:00,4526.80,4527.97,4525.26,4527.43
2026.06.02 09:05,4527.62,4530.86,4527.43,4528.99
2026.06.02 09:10,4528.99,4534.26,4528.99,4533.94
2026.06.02 09:15,4533.91,4535.65,4532.81,4534.76
2026.06.02 09:20,4534.74,4534.74,4528.71,4529.25
2026.06.02 09:25,4529.25,4530.06,4525.43,4526.82
2026.06.02 09:30,4526.77,4527.31,4522.02,4525.73
2026.06.02 09:35,4525.74,4526.73,4523.53,4524.41
2026.06.02 09:40,4524.37,4526.06,4522.30,4525.58
2026.06.02 09:45,4525.49,4527.20,4525.08,4526.39
2026.06.02 09:50,4526.41,4531.18,4526.18,4530.55
2026.06.02 09:55,4530.55,4531.48,4527.48,4530.03
2026.06.02 10:00,4529.84,4530.85,4527.75,4528.36
2026.06.02 10:05,4528.37,4530.31,4528.37,4529.41
2026.06.02 10:10,4529.37,4531.70,4528.36,4528.98
2026.06.02 10:15,4528.85,4529.61,4528.16,4529.08
2026.06.02 10:20,4529.07,4529.12,4524.66,4525.27
2026.06.02 10:25,4525.30,4528.59,4525.09,4528.34
2026.06.02 10:30,4528.33,4528.67,4527.08,4527.96
2026.06.02 10:35,4527.96,4528.21,4525.42,4526.78
2026.06.02 10:40,4526.64,4528.73,4526.21,4528.73
2026.06.02 10:45,4528.73,4532.94,4528.73,4530.64
2026.06.02 10:50,4530.70,4532.35,4529.50,4532.25
2026.06.02 10:55,4532.26,4533.92,4531.18,4533.11
2026.06.02 11:00,4533.13,4534.59,4530.84,4531.12
2026.06.02 11:05,4531.12,4531.25,4529.13,4529.81
2026.06.02 11:10,4529.79,4531.22,4528.68,4528.79
2026.06.02 11:15,4528.79,4529.61,4526.57,4527.91
2026.06.02 11:20,4527.91,4528.96,4527.48,4528.66
2026.06.02 11:25,4528.72,4529.59,4527.29,4529.51
2026.06.02 11:30,4529.97,4530.69,4528.83,4529.87
2026.06.02 11:35,4529.83,4530.01,4526.15,4527.30
2026.06.02 11:40,4527.26,4528.50,4526.74,4526.83
2026.06.02 11:45,4526.83,4529.62,4525.66,4529.06
2026.06.02 11:50,4528.99,4529.56,4528.42,4528.49
2026.06.02 11:55,4528.53,4530.45,4525.70,4527.44
2026.06.02 12:00,4527.43,4528.64,4526.06,4527.73
2026.06.02 12:05,4527.81,4528.18,4524.91,4527.35
2026.06.02 12:10,4527.31,4527.80,4526.03,4526.32
2026.06.02 12:15,4526.32,4527.81,4524.00,4526.79
2026.06.02 12:20,4526.91,4532.21,4526.54,4530.87
2026.06.02 12:25,4531.05,4534.10,4527.82,4529.27
2026.06.02 12:30,4529.30,4529.34,4521.83,4528.17
2026.06.02 12:35,4527.45,4533.61,4523.10,4524.76
2026.06.02 12:40,4524.79,4527.19,4523.96,4524.82
2026.06.02 12:45,4525.09,4525.86,4520.01,4520.28
2026.06.02 12:50,4520.29,4521.19,4514.26,4514.97
2026.06.02 12:55,4514.82,4517.43,4513.54,4514.14
2026.06.02 13:00,4514.77,4520.75,4513.36,4520.18
2026.06.02 13:05,4520.20,4524.77,4513.71,4516.49
2026.06.02 13:10,4516.27,4518.20,4511.94,4513.99
2026.06.02 13:15,4514.01,4517.06,4512.61,4512.76
2026.06.02 13:20,4512.70,4514.63,4510.28,4513.04
2026.06.02 13:25,4513.20,4515.90,4509.94,4510.65
2026.06.02 13:30,4510.68,4510.95,4506.87,4508.17
2026.06.02 13:35,4508.12,4511.98,4506.29,4510.87
2026.06.02 13:40,4510.87,4514.41,4507.69,4508.43
2026.06.02 13:45,4508.21,4511.07,4506.63,4509.72
2026.06.02 13:50,4509.69,4513.70,4504.59,4504.73
2026.06.02 13:55,4504.76,4506.00,4502.75,4502.75
2026.06.02 14:00,4502.68,4505.88,4495.04,4502.28
2026.06.02 14:05,4502.47,4504.87,4500.62,4502.84
2026.06.02 14:10,4502.84,4506.99,4502.70,4504.26
2026.06.02 14:15,4504.21,4505.09,4492.66,4495.95
2026.06.02 14:20,4496.09,4498.17,4490.39,4493.13
2026.06.02 14:25,4493.06,4497.08,4492.11,4495.55
2026.06.02 14:30,4495.53,4499.76,4495.53,4499.44
2026.06.02 14:35,4499.34,4504.32,4499.17,4502.34
2026.06.02 14:40,4502.74,4505.02,4501.08,4504.59
2026.06.02 14:45,4504.38,4506.28,4503.05,4503.79
2026.06.02 14:50,4503.79,4504.29,4500.88,4504.07
2026.06.02 14:55,4504.10,4505.49,4501.21,4504.02
2026.06.02 15:00,4504.10,4506.76,4502.70,4502.70
2026.06.02 15:05,4502.94,4508.04,4501.60,4506.75
2026.06.02 15:10,4506.70,4507.45,4502.48,4503.40
2026.06.02 15:15,4503.36,4505.18,4503.20,4504.33
2026.06.02 15:20,4504.48,4506.12,4502.16,4503.89
2026.06.02 15:25,4503.69,4505.89,4501.55,4505.37
2026.06.02 15:30,4505.51,4506.77,4502.92,4506.26
2026.06.02 15:35,4506.20,4508.50,4504.43,4504.43
2026.06.02 15:40,4504.45,4504.64,4500.11,4502.38
2026.06.02 15:45,4502.35,4507.00,4501.76,4505.28
2026.06.02 15:50,4505.73,4505.78,4502.43,4503.79
2026.06.02 15:55,4503.87,4503.87,4501.23,4502.04
2026.06.02 16:00,4502.22,4502.84,4499.82,4500.80
2026.06.02 16:05,4500.80,4502.69,4498.14,4501.83
2026.06.02 16:10,4501.95,4502.01,4498.17,4498.17
2026.06.02 16:15,4498.16,4498.38,4494.34,4494.78
2026.06.02 16:20,4494.79,4496.07,4492.50,4494.62
2026.06.02 16:25,4494.77,4494.90,4490.36,4490.51
2026.06.02 16:30,4490.32,4491.41,4489.18,4489.62
2026.06.02 16:35,4489.56,4489.94,4486.31,4487.63
2026.06.02 16:40,4487.63,4490.78,4486.45,4489.77
2026.06.02 16:45,4489.77,4491.80,4489.13,4490.90
2026.06.02 16:50,4490.87,4491.61,4489.34,4489.45
2026.06.02 16:55,4489.42,4491.89,4489.32,4491.89
2026.06.02 17:00,4491.87,4493.02,4489.66,4490.39
2026.06.02 17:05,4490.38,4491.92,4487.01,4487.01
2026.06.02 17:10,4487.00,4489.90,4486.71,4489.53
2026.06.02 17:15,4489.53,4490.08,4486.78,4487.18
2026.06.02 17:20,4487.25,4488.66,4486.38,4488.15
2026.06.02 17:25,4488.17,4491.69,4487.46,4491.13
2026.06.02 17:30,4491.09,4491.64,4488.56,4488.56
2026.06.02 17:35,4488.52,4488.71,4482.12,4482.82
2026.06.02 17:40,4482.93,4485.39,4482.73,4484.53
2026.06.02 17:45,4484.53,4486.15,4484.28,4485.91
2026.06.02 17:50,4485.91,4486.47,4483.51,4483.83
2026.06.02 17:55,4483.83,4484.88,4482.80,4484.57
2026.06.02 18:00,4484.77,4488.45,4484.31,4486.46
2026.06.02 18:05,4486.45,4487.59,4485.36,4487.46
2026.06.02 18:10,4487.46,4487.85,4484.97,4485.13
2026.06.02 18:15,4485.07,4486.07,4484.07,4484.86
2026.06.02 18:20,4484.88,4487.67,4484.49,4487.55
2026.06.02 18:25,4487.48,4490.87,4487.38,4488.39
2026.06.02 18:30,4488.48,4489.29,4486.85,4488.13
2026.06.02 18:35,4488.13,4488.15,4484.72,4485.35
2026.06.02 18:40,4485.16,4485.50,4478.71,4480.52
2026.06.02 18:45,4480.63,4486.59,4480.24,4486.58
2026.06.02 18:50,4486.58,4490.41,4486.01,4487.61
2026.06.02 18:55,4487.57,4488.41,4487.01,4487.36
2026.06.02 19:00,4487.73,4489.11,4487.37,4488.67
2026.06.02 19:05,4488.66,4489.04,4488.10,4488.53
2026.06.02 19:10,4488.53,4488.85,4487.23,4487.33
2026.06.02 19:15,4487.31,4487.73,4486.42,4486.70
2026.06.02 19:20,4486.69,4487.05,4485.71,4486.32
2026.06.02 19:25,4486.32,4489.53,4486.15,4489.52
2026.06.02 19:30,4489.41,4490.26,4485.95,4486.43
2026.06.02 19:35,4486.43,4486.62,4483.43,4484.45
2026.06.02 19:40,4484.44,4487.43,4483.86,4487.32
2026.06.02 19:45,4487.34,4488.03,4485.61,4486.95
2026.06.02 19:50,4486.96,4487.48,4485.89,4486.24
2026.06.02 19:55,4486.35,4488.56,4486.31,4487.95
2026.06.02 20:00,4487.62,4488.05,4486.25,4487.40
2026.06.02 20:05,4487.66,4488.53,4487.26,4488.05
2026.06.02 20:10,4488.05,4489.92,4487.95,4489.87
2026.06.02 20:15,4489.87,4490.88,4489.55,4490.38
2026.06.02 20:20,4490.39,4490.39,4489.14,4489.42
2026.06.02 20:25,4489.42,4490.00,4488.59,4489.75
2026.06.02 20:30,4489.75,4490.97,4489.10,4489.62
2026.06.02 20:35,4489.61,4490.47,4489.20,4489.60
2026.06.02 20:40,4489.37,4490.23,4488.87,4488.98
2026.06.02 20:45,4488.95,4489.97,4488.59,4488.77
2026.06.02 20:50,4488.67,4488.84,4487.55,4487.55
2026.06.02 20:55,4487.60,4489.65,4486.84,4489.55
2026.06.02 22:00,4491.07,4492.88,4487.77,4490.35
2026.06.02 22:05,4490.35,4493.21,4488.23,4491.99
2026.06.02 22:10,4491.98,4492.25,4489.58,4489.58
2026.06.02 22:15,4489.54,4490.96,4488.50,4489.15
2026.06.02 22:20,4489.18,4491.49,4488.27,4488.68
2026.06.02 22:25,4488.78,4490.22,4487.69,4490.22
2026.06.02 22:30,4489.97,4491.23,4488.29,4488.33
2026.06.02 22:35,4488.33,4489.11,4487.26,4488.62
2026.06.02 22:40,4488.62,4489.80,4488.06,4488.92
2026.06.02 22:45,4488.93,4492.21,4484.43,4488.86
2026.06.02 22:50,4488.96,4490.19,4486.90,4486.95
2026.06.02 22:55,4486.97,4488.11,4484.84,4484.90
2026.06.02 23:00,4484.96,4488.52,4482.58,4484.98
2026.06.02 23:05,4484.95,4486.87,4480.71,4482.19
2026.06.02 23:10,4482.34,4483.30,4474.52,4477.46
2026.06.02 23:15,4477.37,4477.37,4469.33,4470.14
2026.06.02 23:20,4470.14,4471.90,4466.85,4467.87
2026.06.02 23:25,4467.57,4470.89,4462.31,4467.54
2026.06.02 23:30,4467.54,4469.04,4462.57,4466.43
2026.06.02 23:35,4466.44,4467.71,4463.46,4465.76
2026.06.02 23:40,4465.61,4474.83,4464.28,4474.78
2026.06.02 23:45,4474.82,4475.14,4469.07,4472.02
2026.06.02 23:50,4471.47,4474.48,4470.95,4473.89
2026.06.02 23:55,4473.84,4474.51,4471.49,4474.46
2026.06.03 00:00,4474.44,4479.25,4473.85,4478.77
2026.06.03 00:05,4478.82,4479.81,4475.49,4476.68
2026.06.03 00:10,4476.64,4476.81,4474.19,4476.00
2026.06.03 00:15,4476.00,4479.16,4474.45,4477.48
2026.06.03 00:20,4477.47,4482.39,4477.23,4478.99
2026.06.03 00:25,4478.97,4483.28,4478.84,4483.18
2026.06.03 00:30,4483.17,4485.23,4481.33,4485.22
2026.06.03 00:35,4485.16,4492.03,4484.70,4491.75
2026.06.03 00:40,4491.85,4496.65,4491.40,4495.85
2026.06.03 00:45,4495.88,4495.97,4489.11,4491.03
2026.06.03 00:50,4491.10,4492.24,4488.69,4489.04
2026.06.03 00:55,4489.03,4489.06,4485.99,4486.18
2026.06.03 01:00,4486.03,4487.39,4473.42,4473.66
2026.06.03 01:05,4473.76,4475.55,4467.29,4474.34
2026.06.03 01:10,4474.30,4477.31,4468.90,4471.34
2026.06.03 01:15,4471.36,4472.73,4468.53,4469.59
2026.06.03 01:20,4469.64,4471.40,4466.00,4466.36
2026.06.03 01:25,4466.11,4468.03,4463.72,4467.23
2026.06.03 01:30,4467.20,4473.00,4466.89,4471.32
2026.06.03 01:35,4471.36,4472.70,4466.32,4466.32
2026.06.03 01:40,4465.92,4471.35,4464.88,4470.47
2026.06.03 01:45,4470.45,4475.75,4470.18,4475.67
2026.06.03 01:50,4475.66,4477.15,4473.76,4474.05
2026.06.03 01:55,4474.04,4476.82,4472.32,4475.75
2026.06.03 02:00,4475.98,4476.16,4472.81,4473.83
2026.06.03 02:05,4473.80,4479.13,4473.33,4478.70
2026.06.03 02:10,4478.70,4481.44,4475.37,4480.63
2026.06.03 02:15,4480.65,4480.94,4474.14,4476.28
2026.06.03 02:20,4476.27,4478.64,4475.18,4478.31
2026.06.03 02:25,4478.02,4480.79,4478.00,4478.88
2026.06.03 02:30,4478.86,4479.90,4474.90,4478.99
2026.06.03 02:35,4479.00,4482.21,4478.16,4481.09
2026.06.03 02:40,4481.08,4485.13,4479.09,4479.13
2026.06.03 02:45,4479.10,4479.37,4473.00,4475.62
2026.06.03 02:50,4475.28,4480.18,4474.10,4479.54
2026.06.03 02:55,4479.49,4481.98,4477.19,4481.91
2026.06.03 03:00,4481.92,4487.02,4481.92,4485.97
2026.06.03 03:05,4485.97,4487.50,4484.70,4485.51
2026.06.03 03:10,4485.51,4486.19,4483.74,4485.42
2026.06.03 03:15,4485.54,4486.44,4483.48,4485.32
2026.06.03 03:20,4485.32,4487.20,4485.00,4485.35
2026.06.03 03:25,4485.38,4485.58,4483.15,4483.43
2026.06.03 03:30,4483.40,4485.49,4483.15,4483.99
2026.06.03 03:35,4483.99,4485.80,4483.40,4484.76
2026.06.03 03:40,4484.74,4485.20,4483.62,4484.43
2026.06.03 03:45,4484.52,4484.70,4482.51,4482.90
2026.06.03 03:50,4482.82,4486.28,4482.75,4483.80
2026.06.03 03:55,4483.80,4484.75,4483.37,4484.39
2026.06.03 04:00,4484.52,4486.45,4484.00,4485.87
2026.06.03 04:05,4485.86,4486.95,4484.94,4486.16
2026.06.03 04:10,4485.95,4486.88,4484.54,4486.85
2026.06.03 04:15,4486.87,4488.04,4481.24,4481.36
2026.06.03 04:20,4481.36,4481.79,4480.22,4480.62
2026.06.03 04:25,4480.50,4480.78,4476.99,4477.10
2026.06.03 04:30,4477.26,4477.34,4473.77,4474.77
2026.06.03 04:35,4474.75,4475.44,4470.87,4471.59
2026.06.03 04:40,4471.59,4473.77,4471.41,4473.41
2026.06.03 04:45,4473.41,4473.98,4470.34,4471.49
2026.06.03 04:50,4471.52,4471.52,4470.10,4470.30
2026.06.03 04:55,4470.30,4470.60,4468.32,4469.42
2026.06.03 05:00,4469.43,4471.66,4467.80,4470.84
2026.06.03 05:05,4470.83,4472.00,4467.38,4470.57
2026.06.03 05:10,4470.57,4473.61,4469.89,4473.41
2026.06.03 05:15,4473.29,4474.15,4472.06,4472.27
2026.06.03 05:20,4472.27,4473.07,4468.66,4468.67
2026.06.03 05:25,4468.62,4469.67,4466.53,4468.63
2026.06.03 05:30,4468.66,4468.75,4459.04,4465.05
2026.06.03 05:35,4465.06,4468.84,4463.40,4466.91
2026.06.03 05:40,4466.82,4466.84,4460.20,4461.99
2026.06.03 05:45,4461.90,4466.78,4461.16,4465.97
2026.06.03 05:50,4465.96,4468.31,4462.39,4463.31
2026.06.03 05:55,4463.21,4464.00,4456.64,4457.04
2026.06.03 06:00,4457.07,4467.41,4456.98,4466.98
2026.06.03 06:05,4466.98,4466.98,4462.20,4465.18
2026.06.03 06:10,4465.17,4466.37,4462.86,4466.11
2026.06.03 06:15,4466.09,4470.97,4465.61,4468.28
2026.06.03 06:20,4468.26,4470.27,4459.33,4460.26
2026.06.03 06:25,4460.23,4463.11,4458.97,4462.60
2026.06.03 06:30,4462.51,4465.01,4457.24,4459.39
2026.06.03 06:35,4459.73,4463.85,4458.99,4462.88
2026.06.03 06:40,4462.91,4463.38,4458.57,4460.54
2026.06.03 06:45,4460.47,4460.47,4455.31,4459.11
2026.06.03 06:50,4458.87,4460.37,4457.71,4458.34
2026.06.03 06:55,4458.37,4463.03,4458.37,4463.03
2026.06.03 07:00,4462.97,4466.86,4459.96,4465.25
2026.06.03 07:05,4465.33,4469.21,4464.35,4468.90
2026.06.03 07:10,4468.81,4471.97,4468.28,4469.55
2026.06.03 07:15,4469.56,4469.86,4462.83,4463.57
2026.06.03 07:20,4463.71,4464.82,4461.96,4463.43
2026.06.03 07:25,4463.43,4464.61,4456.23,4456.23
2026.06.03 07:30,4456.18,4461.88,4454.32,4461.54
2026.06.03 07:35,4461.52,4463.26,4458.10,4458.38
2026.06.03 07:40,4458.62,4460.63,4454.63,4458.67
2026.06.03 07:45,4458.68,4459.93,4455.69,4458.81
2026.06.03 07:50,4458.59,4463.88,4458.59,4459.63
2026.06.03 07:55,4459.65,4459.73,4452.71,4453.24
2026.06.03 08:00,4453.30,4459.07,4450.83,4457.59
2026.06.03 08:05,4457.62,4458.04,4453.30,4455.16
2026.06.03 08:10,4455.17,4457.76,4454.28,4455.39
2026.06.03 08:15,4455.88,4457.00,4452.42,4453.98
2026.06.03 08:20,4453.99,4455.40,4450.65,4451.42
2026.06.03 08:25,4451.41,4457.50,4450.71,4457.19
2026.06.03 08:30,4457.39,4458.43,4454.99,4456.60
2026.06.03 08:35,4456.62,4457.39,4454.43,4455.56
2026.06.03 08:40,4455.58,4458.82,4454.35,4456.39
2026.06.03 08:45,4456.41,4457.66,4454.02,4454.21
2026.06.03 08:50,4454.21,4454.93,4442.99,4444.86
2026.06.03 08:55,4444.86,4445.70,4440.34,4443.95
2026.06.03 09:00,4443.72,4451.99,4441.78,4451.10
2026.06.03 09:05,4451.12,4458.92,4451.12,4456.86
2026.06.03 09:10,4456.42,4456.90,4451.37,4451.37
2026.06.03 09:15,4451.35,4451.69,4446.79,4450.09
2026.06.03 09:20,4450.09,4451.88,4447.27,4447.78
2026.06.03 09:25,4447.72,4449.01,4439.52,4439.58
2026.06.03 09:30,4439.85,4444.41,4439.81,4441.93
2026.06.03 09:35,4441.91,4447.07,4438.96,4446.94
2026.06.03 09:40,4446.94,4448.45,4444.33,4446.79
2026.06.03 09:45,4446.28,4447.53,4444.50,4446.97
2026.06.03 09:50,4446.84,4447.90,4443.43,4443.43
2026.06.03 09:55,4443.41,4444.25,4440.98,4443.07
2026.06.03 10:00,4443.06,4447.91,4440.96,4447.91
2026.06.03 10:05,4447.94,4467.00,4447.16,4461.59
2026.06.03 10:10,4461.76,4464.32,4459.21,4463.00
2026.06.03 10:15,4462.97,4463.77,4460.48,4462.52
2026.06.03 10:20,4462.55,4464.27,4456.16,4456.91
2026.06.03 10:25,4457.18,4460.78,4453.71,4459.81
2026.06.03 10:30,4459.97,4462.74,4458.70,4460.13
2026.06.03 10:35,4460.13,4460.46,4458.32,4459.01
2026.06.03 10:40,4459.05,4459.15,4453.32,4454.13
2026.06.03 10:45,4454.17,4456.64,4453.83,4455.92
2026.06.03 10:50,4456.19,4459.38,4456.19,4459.20
2026.06.03 10:55,4459.22,4461.05,4458.40,4458.97
2026.06.03 11:00,4458.96,4464.61,4458.96,4464.44
2026.06.03 11:05,4464.36,4468.03,4462.51,4463.11
2026.06.03 11:10,4463.23,4464.24,4459.80,4461.95
2026.06.03 11:15,4461.94,4462.56,4459.16,4461.03
2026.06.03 11:20,4461.03,4465.74,4461.03,4462.73
2026.06.03 11:25,4462.77,4464.71,4461.94,4464.51
2026.06.03 11:30,4464.45,4467.04,4463.85,4465.81
2026.06.03 11:35,4465.86,4466.20,4463.05,4463.38
2026.06.03 11:40,4463.37,4464.62,4459.42,4460.28
2026.06.03 11:45,4460.36,4463.40,4458.51,4462.30
2026.06.03 11:50,4462.23,4464.91,4461.69,4462.48
2026.06.03 11:55,4462.48,4463.36,4461.37,4462.38
2026.06.03 12:00,4462.22,4464.44,4459.80,4463.70
2026.06.03 12:05,4463.71,4464.32,4457.22,4458.34
2026.06.03 12:10,4458.70,4461.23,4458.27,4459.16
2026.06.03 12:15,4459.06,4459.09,4455.83,4456.28
2026.06.03 12:20,4456.29,4462.23,4456.03,4457.97
2026.06.03 12:25,4457.97,4458.01,4452.00,4452.73
2026.06.03 12:30,4453.12,4456.88,4451.01,4451.47
2026.06.03 12:35,4451.50,4453.88,4448.21,4449.47
2026.06.03 12:40,4449.78,4460.52,4449.78,4458.86
2026.06.03 12:45,4458.97,4461.62,4456.76,4461.28
2026.06.03 12:50,4461.09,4467.10,4460.59,4460.59
2026.06.03 12:55,4460.56,4462.39,4455.48,4460.40
2026.06.03 13:00,4460.28,4465.30,4457.98,4463.25
2026.06.03 13:05,4463.23,4465.34,4462.18,4462.82
2026.06.03 13:10,4462.53,4465.57,4461.92,4462.28
2026.06.03 13:15,4462.49,4463.20,4455.42,4457.38
2026.06.03 13:20,4457.42,4457.64,4447.18,4450.18
2026.06.03 13:25,4450.05,4450.51,4445.72,4448.57
2026.06.03 13:30,4448.97,4453.11,4446.41,4448.13
2026.06.03 13:35,4448.31,4451.48,4446.29,4448.65
2026.06.03 13:40,4448.65,4449.97,4427.33,4427.36
2026.06.03 13:45,4427.03,4438.19,4426.47,4437.14
2026.06.03 13:50,4436.96,4446.62,4435.37,4444.51
2026.06.03 13:55,4444.42,4450.07,4441.67,4447.18
2026.06.03 14:00,4443.43,4451.45,4442.52,4445.91
2026.06.03 14:05,4446.22,4452.20,4444.98,4450.44
2026.06.03 14:10,4450.46,4456.64,4450.46,4454.47
2026.06.03 14:15,4454.97,4458.33,4446.18,4449.02
2026.06.03 14:20,4448.18,4451.53,4446.90,4449.57
2026.06.03 14:25,4449.57,4452.12,4446.43,4451.97
2026.06.03 14:30,4451.73,4453.30,4447.45,4449.10
2026.06.03 14:35,4449.08,4453.44,4449.02,4451.69
2026.06.03 14:40,4451.78,4452.25,4447.18,4448.19
2026.06.03 14:45,4448.19,4454.96,4447.97,4454.13
2026.06.03 14:50,4453.92,4459.49,4450.78,4458.81
2026.06.03 14:55,4458.81,4458.96,4455.53,4457.16
2026.06.03 15:00,4457.19,4458.33,4452.81,4452.84
2026.06.03 15:05,4452.85,4453.05,4448.04,4449.09
2026.06.03 15:10,4449.13,4451.97,4445.01,4445.84
2026.06.03 15:15,4445.81,4450.95,4445.18,4445.66
2026.06.03 15:20,4445.66,4446.47,4439.46,4442.67
2026.06.03 15:25,4443.09,4444.90,4439.96,4444.65
2026.06.03 15:30,4444.90,4445.40,4440.47,4440.97
2026.06.03 15:35,4440.99,4442.69,4436.99,4439.00
2026.06.03 15:40,4439.06,4442.24,4438.73,4440.09
2026.06.03 15:45,4440.04,4442.18,4438.00,4441.69
2026.06.03 15:50,4441.41,4443.70,4440.04,4441.19
2026.06.03 15:55,4441.00,4442.87,4440.70,4442.20
2026.06.03 16:00,4442.35,4443.05,4439.72,4442.86
2026.06.03 16:05,4442.76,4443.87,4437.18,4439.40
2026.06.03 16:10,4439.35,4440.59,4437.30,4439.17
2026.06.03 16:15,4439.33,4441.30,4436.66,4438.62
2026.06.03 16:20,4438.63,4439.74,4434.02,4436.16
2026.06.03 16:25,4436.11,4437.81,4433.79,4437.61
2026.06.03 16:30,4437.61,4440.66,4437.17,4440.18
2026.06.03 16:35,4440.22,4440.31,4436.22,4436.32
2026.06.03 16:40,4436.24,4439.04,4435.37,4438.97
2026.06.03 16:45,4438.77,4440.39,4437.56,4437.92
2026.06.03 16:50,4437.93,4439.53,4437.09,4437.99
2026.06.03 16:55,4437.98,4442.78,4437.35,4441.83
2026.06.03 17:00,4442.35,4444.89,4441.72,4444.62
2026.06.03 17:05,4444.35,4448.36,4443.28,4446.95
2026.06.03 17:10,4447.10,4447.19,4441.59,4441.86
2026.06.03 17:15,4442.03,4443.43,4441.40,4442.46
2026.06.03 17:20,4442.60,4442.68,4440.19,4442.03
2026.06.03 17:25,4442.03,4442.85,4437.89,4438.99
2026.06.03 17:30,4437.91,4440.63,4435.59,4439.99
2026.06.03 17:35,4439.95,4440.33,4437.97,4440.18
2026.06.03 17:40,4440.17,4442.22,4439.41,4440.53
2026.06.03 17:45,4440.58,4440.82,4437.73,4438.18
2026.06.03 17:50,4438.22,4439.61,4436.92,4437.97
2026.06.03 17:55,4437.97,4439.35,4437.74,4438.98
2026.06.03 18:00,4438.99,4440.56,4438.07,4439.47
2026.06.03 18:05,4439.48,4439.52,4436.35,4437.43
2026.06.03 18:10,4437.48,4438.53,4435.51,4436.89
2026.06.03 18:15,4436.89,4437.96,4435.53,4437.96
2026.06.03 18:20,4438.03,4439.19,4435.08,4438.95
2026.06.03 18:25,4438.95,4440.61,4438.48,4440.17
2026.06.03 18:30,4440.27,4442.55,4438.80,4438.80
2026.06.03 18:35,4438.95,4439.27,4436.92,4438.54
2026.06.03 18:40,4438.55,4440.28,4437.40,4439.98
2026.06.03 18:45,4439.99,4441.77,4439.66,4439.97
2026.06.03 18:50,4439.96,4440.87,4439.85,4440.28
2026.06.03 18:55,4440.21,4442.85,4439.79,4442.05
2026.06.03 19:00,4442.01,4449.20,4441.41,4448.99
2026.06.03 19:05,4449.01,4449.74,4447.22,4447.79
2026.06.03 19:10,4447.79,4449.95,4446.92,4449.71
2026.06.03 19:15,4449.71,4451.88,4448.80,4451.50
2026.06.03 19:20,4451.49,4452.23,4447.92,4448.04
2026.06.03 19:25,4448.04,4448.58,4446.55,4448.01
2026.06.03 19:30,4448.10,4449.62,4447.38,4448.44
2026.06.03 19:35,4448.45,4449.09,4447.80,4447.91
2026.06.03 19:40,4447.87,4448.79,4446.66,4446.85
2026.06.03 19:45,4446.82,4447.26,4444.84,4446.90
2026.06.03 19:50,4447.23,4447.23,4445.03,4445.59
2026.06.03 19:55,4445.18,4445.24,4443.08,4443.98
2026.06.03 20:00,4444.34,4445.29,4441.99,4442.10
2026.06.03 20:05,4441.93,4441.93,4438.60,4441.29
2026.06.03 20:10,4441.33,4441.88,4439.02,4439.92
2026.06.03 20:15,4440.03,4440.03,4437.37,4437.59
2026.06.03 20:20,4437.63,4440.02,4437.60,4439.57
2026.06.03 20:25,4439.55,4440.25,4438.24,4439.04
2026.06.03 20:30,4438.97,4439.60,4433.26,4433.91
2026.06.03 20:35,4433.86,4434.38,4433.07,4433.98
2026.06.03 20:40,4433.98,4434.68,4432.39,4433.46
2026.06.03 20:45,4433.46,4434.88,4431.48,4431.48
2026.06.03 20:50,4431.48,4434.04,4430.50,4434.04
2026.06.03 20:55,4434.01,4435.00,4433.27,4434.67
2026.06.03 22:00,4442.19,4442.19,4430.99,4432.32
2026.06.03 22:05,4432.53,4436.21,4432.17,4434.92
2026.06.03 22:10,4434.78,4435.81,4429.60,4431.89
2026.06.03 22:15,4431.95,4432.09,4424.04,4427.51
2026.06.03 22:20,4427.95,4430.75,4424.69,4430.15
2026.06.03 22:25,4430.12,4435.64,4430.12,4434.45
2026.06.03 22:30,4434.07,4439.87,4434.07,4439.77
2026.06.03 22:35,4439.74,4440.44,4435.96,4436.23
2026.06.03 22:40,4436.46,4438.53,4434.91,4436.79
2026.06.03 22:45,4436.72,4439.04,4436.71,4438.66
2026.06.03 22:50,4438.80,4441.79,4437.31,4439.52
2026.06.03 22:55,4439.34,4452.89,4439.33,4448.90
2026.06.03 23:00,4449.13,4450.29,4445.36,4446.40
2026.06.03 23:05,4446.46,4450.34,4445.59,4448.26
2026.06.03 23:10,4448.25,4448.25,4445.84,4447.84
2026.06.03 23:15,4447.88,4449.37,4447.24,4448.01
2026.06.03 23:20,4448.04,4450.84,4447.51,4449.32
2026.06.03 23:25,4449.32,4451.54,4448.48,4450.78
2026.06.03 23:30,4450.83,4451.94,4447.61,4451.11
2026.06.03 23:35,4451.10,4452.31,4448.60,4450.36
2026.06.03 23:40,4450.45,4453.76,4446.30,4453.53
2026.06.03 23:45,4453.51,4464.64,4453.51,4459.31
2026.06.03 23:50,4459.21,4461.65,4457.99,4459.62
2026.06.03 23:55,4459.90,4460.33,4456.20,4457.30
2026.06.04 00:00,4456.54,4464.84,4455.14,4460.20
2026.06.04 00:05,4460.18,4461.91,4455.59,4456.27
2026.06.04 00:10,4456.27,4457.58,4453.09,4453.48
2026.06.04 00:15,4453.48,4456.66,4450.03,4455.32
2026.06.04 00:20,4455.42,4455.96,4448.82,4450.00
2026.06.04 00:25,4450.04,4451.48,4447.62,4450.58
2026.06.04 00:30,4450.76,4452.85,4447.55,4451.20
2026.06.04 00:35,4450.96,4452.15,4445.13,4446.49
2026.06.04 00:40,4446.51,4448.38,4444.17,4448.38
2026.06.04 00:45,4448.21,4450.03,4445.05,4449.98
2026.06.04 00:50,4449.99,4452.84,4449.72,4451.11
2026.06.04 00:55,4451.21,4451.21,4446.71,4448.39
2026.06.04 01:00,4448.09,4456.71,4443.56,4453.85
2026.06.04 01:05,4453.51,4459.52,4452.94,4459.52
2026.06.04 01:10,4459.56,4467.26,4459.33,4464.51
2026.06.04 01:15,4464.42,4464.85,4459.71,4464.63
2026.06.04 01:20,4464.68,4473.53,4464.68,4469.83
2026.06.04 01:25,4469.80,4471.90,4465.87,4466.00
2026.06.04 01:30,4466.07,4470.09,4465.15,4465.89
2026.06.04 01:35,4465.94,4469.92,4464.85,4468.39
2026.06.04 01:40,4468.39,4468.82,4458.75,4459.15
2026.06.04 01:45,4459.21,4466.82,4458.69,4466.00
2026.06.04 01:50,4465.96,4466.15,4456.89,4461.26
2026.06.04 01:55,4461.26,4467.30,4461.23,4465.83
2026.06.04 02:00,4466.54,4467.23,4462.03,4462.37
2026.06.04 02:05,4462.37,4462.74,4458.53,4458.76
2026.06.04 02:10,4458.54,4464.87,4455.62,4463.01
2026.06.04 02:15,4462.98,4463.55,4458.85,4461.92
2026.06.04 02:20,4461.92,4463.08,4459.66,4460.40
2026.06.04 02:25,4460.45,4462.69,4458.75,4460.60
2026.06.04 02:30,4460.61,4462.54,4458.04,4460.83
2026.06.04 02:35,4460.98,4461.08,4458.16,4458.16
2026.06.04 02:40,4458.16,4464.80,4458.03,4462.42
2026.06.04 02:45,4462.69,4470.87,4462.61,4470.27
2026.06.04 02:50,4470.43,4474.83,4469.04,4474.31
2026.06.04 02:55,4474.35,4476.32,4471.13,4475.09
2026.06.04 03:00,4474.84,4476.24,4471.54,4472.83
2026.06.04 03:05,4473.01,4477.21,4472.88,4474.15
2026.06.04 03:10,4474.19,4475.20,4470.26,4471.82
2026.06.04 03:15,4471.82,4472.32,4469.44,4469.65
2026.06.04 03:20,4469.65,4469.65,4467.44,4467.79
2026.06.04 03:25,4467.78,4469.57,4465.85,4469.28
2026.06.04 03:30,4469.23,4470.74,4466.97,4467.64
2026.06.04 03:35,4467.67,4467.67,4463.54,4465.04
2026.06.04 03:40,4465.04,4465.41,4460.91,4460.91
2026.06.04 03:45,4460.65,4461.01,4458.49,4459.71
2026.06.04 03:50,4459.71,4463.56,4458.98,4463.33
2026.06.04 03:55,4463.33,4464.78,4462.17,4463.61
2026.06.04 04:00,4463.55,4465.98,4463.08,4463.79
2026.06.04 04:05,4463.87,4465.80,4462.29,4464.06
2026.06.04 04:10,4464.09,4471.20,4463.45,4471.19
2026.06.04 04:15,4471.55,4472.37,4469.99,4471.61
2026.06.04 04:20,4471.65,4476.21,4471.29,4474.19
2026.06.04 04:25,4474.26,4475.54,4473.46,4474.61
2026.06.04 04:30,4474.60,4483.74,4474.53,4480.07
2026.06.04 04:35,4479.93,4481.58,4478.49,4481.02
2026.06.04 04:40,4480.95,4483.95,4479.47,4482.76
2026.06.04 04:45,4482.62,4483.45,4479.33,4479.46
2026.06.04 04:50,4479.46,4480.82,4478.81,4479.68
2026.06.04 04:55,4479.68,4481.16,4478.59,4480.69
2026.06.04 05:00,4480.98,4482.34,4477.07,4477.35
2026.06.04 05:05,4477.36,4478.36,4473.60,4473.71
2026.06.04 05:10,4473.63,4479.14,4471.42,4477.10
2026.06.04 05:15,4477.27,4477.46,4475.62,4476.40
2026.06.04 05:20,4476.40,4476.55,4472.20,4472.65
2026.06.04 05:25,4472.52,4474.15,4470.93,4473.28
2026.06.04 05:30,4473.20,4475.77,4471.14,4473.37
2026.06.04 05:35,4473.22,4474.75,4471.22,4471.27
2026.06.04 05:40,4471.27,4474.65,4470.84,4474.56
2026.06.04 05:45,4474.52,4474.74,4467.38,4467.42
2026.06.04 05:50,4467.42,4471.19,4467.30,4469.18
2026.06.04 05:55,4469.12,4470.39,4467.12,4469.24
2026.06.04 06:00,4469.24,4474.52,4468.14,4473.64
2026.06.04 06:05,4473.63,4477.16,4472.13,4475.81
2026.06.04 06:10,4476.00,4477.10,4473.29,4473.93
2026.06.04 06:15,4473.93,4474.20,4466.83,4469.43
2026.06.04 06:20,4469.61,4470.45,4466.93,4467.91
2026.06.04 06:25,4467.95,4472.11,4467.83,4472.11
2026.06.04 06:30,4472.17,4475.66,4469.73,4474.87
2026.06.04 06:35,4474.84,4476.73,4470.56,4472.89
2026.06.04 06:40,4472.95,4472.98,4468.98,4469.42
2026.06.04 06:45,4469.41,4469.86,4462.88,4466.97
2026.06.04 06:50,4466.96,4469.99,4466.53,4467.69
2026.06.04 06:55,4467.71,4469.36,4466.73,4467.73
2026.06.04 07:00,4467.74,4470.69,4464.96,4470.11
2026.06.04 07:05,4470.13,4470.69,4464.25,4465.62
2026.06.04 07:10,4465.69,4465.84,4462.28,4464.04
2026.06.04 07:15,4464.04,4470.41,4462.85,4469.20
2026.06.04 07:20,4469.19,4469.19,4465.46,4465.92
2026.06.04 07:25,4465.91,4466.25,4461.96,4465.12
2026.06.04 07:30,4465.10,4466.82,4463.49,4463.70
2026.06.04 07:35,4463.66,4467.85,4462.58,4463.47
2026.06.04 07:40,4463.46,4464.53,4459.90,4461.41
2026.06.04 07:45,4461.26,4462.29,4460.46,4461.25
2026.06.04 07:50,4461.31,4462.22,4460.49,4461.34
2026.06.04 07:55,4461.24,4462.19,4459.72,4461.58
2026.06.04 08:00,4462.16,4466.26,4460.04,4465.66
2026.06.04 08:05,4465.66,4467.84,4464.61,4465.65
2026.06.04 08:10,4465.52,4465.92,4459.72,4460.58
2026.06.04 08:15,4460.40,4465.40,4460.40,4464.05
2026.06.04 08:20,4464.05,4464.06,4458.76,4459.84
2026.06.04 08:25,4459.84,4463.56,4458.46,4463.36
2026.06.04 08:30,4464.02,4469.38,4460.11,4464.71
2026.06.04 08:35,4464.65,4464.84,4460.05,4460.63
2026.06.04 08:40,4460.67,4463.55,4460.57,4463.25
2026.06.04 08:45,4463.31,4464.15,4459.59,4459.91
2026.06.04 08:50,4459.89,4463.82,4459.89,4463.43
2026.06.04 08:55,4463.27,4465.97,4462.78,4463.24
2026.06.04 09:00,4463.29,4468.61,4460.96,4467.15
2026.06.04 09:05,4467.16,4469.30,4464.83,4468.49
2026.06.04 09:10,4468.44,4468.86,4462.19,4463.48
2026.06.04 09:15,4463.47,4466.15,4462.96,4466.05
2026.06.04 09:20,4466.07,4467.50,4463.54,4466.04
2026.06.04 09:25,4466.08,4466.66,4464.32,4464.64
2026.06.04 09:30,4464.66,4467.80,4461.80,4466.67
2026.06.04 09:35,4466.66,4469.17,4464.78,4467.26
2026.06.04 09:40,4467.36,4468.62,4466.10,4467.95
2026.06.04 09:45,4468.01,4472.24,4467.48,4470.69
2026.06.04 09:50,4470.66,4475.55,4470.20,4474.93
2026.06.04 09:55,4474.96,4475.23,4469.46,4470.28
2026.06.04 10:00,4470.04,4471.95,4468.34,4470.02
2026.06.04 10:05,4470.05,4471.21,4469.09,4469.38
2026.06.04 10:10,4469.43,4471.84,4468.00,4471.13
2026.06.04 10:15,4471.30,4471.55,4468.55,4468.79
2026.06.04 10:20,4468.79,4468.96,4464.62,4466.99
2026.06.04 10:25,4466.96,4468.28,4464.27,4467.48
2026.06.04 10:30,4467.49,4469.59,4466.42,4467.84
2026.06.04 10:35,4467.84,4471.04,4467.64,4469.03
2026.06.04 10:40,4469.03,4472.70,4468.51,4471.28
2026.06.04 10:45,4472.17,4472.86,4470.70,4471.32
2026.06.04 10:50,4471.32,4471.43,4468.48,4471.10
2026.06.04 10:55,4471.05,4473.77,4469.53,4473.63
2026.06.04 11:00,4474.17,4475.32,4468.80,4472.18
2026.06.04 11:05,4472.28,4478.18,4471.80,4477.49
2026.06.04 11:10,4477.40,4478.70,4473.52,4473.56
2026.06.04 11:15,4473.54,4479.11,4473.50,4477.94
2026.06.04 11:20,4478.38,4480.15,4476.69,4478.83
2026.06.04 11:25,4478.88,4491.13,4477.61,4489.54
2026.06.04 11:30,4490.00,4492.40,4484.72,4485.21
2026.06.04 11:35,4485.17,4488.43,4482.29,4487.71
2026.06.04 11:40,4488.27,4492.17,4486.64,4491.44
2026.06.04 11:45,4491.48,4504.17,4491.48,4501.21
2026.06.04 11:50,4501.20,4504.59,4500.74,4503.78
2026.06.04 11:55,4503.94,4514.57,4503.86,4511.69
2026.06.04 12:00,4511.68,4513.74,4497.05,4497.35
2026.06.04 12:05,4497.36,4503.63,4495.35,4498.19
2026.06.04 12:10,4498.45,4499.19,4491.60,4493.78
2026.06.04 12:15,4494.19,4495.54,4491.19,4492.35
2026.06.04 12:20,4492.28,4499.09,4492.21,4497.42
2026.06.04 12:25,4497.48,4499.85,4495.82,4498.45
2026.06.04 12:30,4498.45,4501.42,4496.74,4499.15
2026.06.04 12:35,4499.15,4502.00,4497.05,4498.91
2026.06.04 12:40,4499.05,4502.08,4498.96,4502.08
2026.06.04 12:45,4502.09,4504.68,4498.99,4504.67
2026.06.04 12:50,4504.75,4510.88,4502.09,4508.35
2026.06.04 12:55,4508.73,4510.09,4502.98,4504.09
2026.06.04 13:00,4504.01,4510.05,4500.39,4505.11
2026.06.04 13:05,4505.10,4508.80,4503.62,4504.80
2026.06.04 13:10,4504.96,4505.43,4502.04,4503.24
2026.06.04 13:15,4502.91,4508.76,4502.91,4507.78
2026.06.04 13:20,4507.65,4509.36,4504.30,4504.86
2026.06.04 13:25,4504.40,4506.44,4501.77,4504.64
2026.06.04 13:30,4504.45,4507.33,4502.64,4506.23
2026.06.04 13:35,4506.11,4512.19,4505.14,4509.36
2026.06.04 13:40,4509.41,4514.94,4505.12,4514.94
2026.06.04 13:45,4514.67,4515.40,4507.48,4510.02
2026.06.04 13:50,4510.01,4512.31,4497.80,4498.53
2026.06.04 13:55,4498.53,4502.92,4495.49,4495.61
2026.06.04 14:00,4495.74,4499.76,4494.56,4495.40
2026.06.04 14:05,4495.54,4499.79,4488.13,4489.99
2026.06.04 14:10,4490.21,4492.24,4486.05,4487.73
2026.06.04 14:15,4487.66,4493.66,4485.51,4487.53
2026.06.04 14:20,4487.66,4489.38,4484.55,4485.17
2026.06.04 14:25,4485.21,4487.79,4483.98,4486.05
2026.06.04 14:30,4486.17,4486.50,4481.45,4484.19
2026.06.04 14:35,4484.28,4484.28,4477.67,4480.28
2026.06.04 14:40,4480.17,4480.76,4472.32,4474.84
2026.06.04 14:45,4474.95,4475.51,4465.10,4466.42
2026.06.04 14:50,4466.45,4470.33,4457.38,4463.95
2026.06.04 14:55,4463.79,4466.24,4460.30,4465.70
2026.06.04 15:00,4465.86,4470.60,4463.87,4470.39
2026.06.04 15:05,4470.43,4472.42,4467.27,4470.34
2026.06.04 15:10,4470.48,4474.59,4470.07,4471.82
2026.06.04 15:15,4471.86,4473.80,4471.27,4473.27
2026.06.04 15:20,4473.43,4473.84,4470.76,4470.76
2026.06.04 15:25,4470.90,4472.15,4469.20,4470.80
2026.06.04 15:30,4470.86,4472.87,4469.71,4471.85
2026.06.04 15:35,4471.83,4477.34,4471.11,4477.09
2026.06.04 15:40,4477.19,4477.32,4471.16,4472.63
2026.06.04 15:45,4472.55,4475.82,4470.11,4474.41
2026.06.04 15:50,4474.75,4478.92,4474.53,4478.00
2026.06.04 15:55,4477.99,4478.72,4476.48,4477.39
2026.06.04 16:00,4477.37,4478.77,4476.12,4476.41
2026.06.04 16:05,4476.39,4482.77,4475.47,4482.62
2026.06.04 16:10,4482.47,4483.92,4479.15,4479.15
2026.06.04 16:15,4479.20,4484.67,4479.20,4483.35
2026.06.04 16:20,4482.31,4484.70,4480.29,4484.24
2026.06.04 16:25,4484.24,4485.03,4482.42,4483.52
2026.06.04 16:30,4483.52,4484.02,4479.74,4480.60
2026.06.04 16:35,4480.63,4483.40,4480.32,4481.93
2026.06.04 16:40,4481.82,4482.92,4481.08,4481.48
2026.06.04 16:45,4481.51,4483.40,4480.37,4481.70
2026.06.04 16:50,4481.58,4482.20,4480.72,4481.74
2026.06.04 16:55,4481.74,4483.89,4481.59,4482.76
2026.06.04 17:00,4482.71,4482.71,4480.54,4481.39
2026.06.04 17:05,4481.38,4482.07,4479.57,4479.58
2026.06.04 17:10,4479.40,4480.46,4476.09,4476.09
2026.06.04 17:15,4476.11,4476.34,4474.14,4475.51
2026.06.04 17:20,4475.52,4475.99,4474.13,4475.40
2026.06.04 17:25,4475.41,4479.34,4475.34,4476.90
2026.06.04 17:30,4476.81,4481.53,4476.75,4479.85
2026.06.04 17:35,4480.05,4480.52,4477.73,4478.11
2026.06.04 17:40,4477.89,4478.30,4476.16,4476.75
2026.06.04 17:45,4476.75,4478.94,4476.74,4478.60
2026.06.04 17:50,4478.65,4480.32,4478.20,4478.41
2026.06.04 17:55,4478.43,4478.72,4477.57,4478.13
2026.06.04 18:00,4478.10,4480.10,4476.56,4477.22
2026.06.04 18:05,4477.12,4478.01,4476.32,4477.39
2026.06.04 18:10,4477.41,4479.30,4477.17,4478.77
2026.06.04 18:15,4478.95,4479.20,4477.37,4478.70
2026.06.04 18:20,4478.70,4480.54,4478.20,4480.15
2026.06.04 18:25,4480.14,4481.00,4477.42,4478.10
2026.06.04 18:30,4477.63,4477.84,4473.37,4473.75
2026.06.04 18:35,4473.77,4474.11,4472.74,4473.68
2026.06.04 18:40,4473.68,4474.43,4473.21,4474.30
2026.06.04 18:45,4474.33,4476.29,4473.81,4475.36
2026.06.04 18:50,4475.37,4479.41,4475.37,4477.87
2026.06.04 18:55,4478.14,4478.68,4476.79,4478.09
2026.06.04 19:00,4478.09,4483.32,4478.04,4481.40
2026.06.04 19:05,4481.41,4481.42,4477.50,4478.37
2026.06.04 19:10,4478.37,4478.53,4476.15,4478.13
2026.06.04 19:15,4478.14,4479.27,4477.65,4478.64
2026.06.04 19:20,4478.71,4479.38,4477.92,4479.24
2026.06.04 19:25,4479.24,4480.26,4478.74,4480.13
2026.06.04 19:30,4480.13,4480.33,4478.05,4478.73
2026.06.04 19:35,4478.74,4479.45,4477.50,4479.11
2026.06.04 19:40,4479.10,4480.26,4477.41,4478.03
2026.06.04 19:45,4477.95,4478.46,4476.84,4478.35
2026.06.04 19:50,4478.40,4478.67,4477.02,4478.12
2026.06.04 19:55,4477.88,4482.22,4476.90,4480.50
2026.06.04 20:00,4480.76,4481.50,4478.96,4479.56
2026.06.04 20:05,4479.46,4480.06,4478.61,4479.29
2026.06.04 20:10,4479.36,4479.82,4477.74,4477.75
2026.06.04 20:15,4477.60,4479.06,4477.58,4477.65
2026.06.04 20:20,4477.65,4478.17,4476.97,4477.64
2026.06.04 20:25,4477.64,4477.94,4476.66,4477.68
2026.06.04 20:30,4477.68,4477.68,4475.51,4475.90
2026.06.04 20:35,4475.92,4476.29,4475.10,4476.09
2026.06.04 20:40,4476.10,4477.34,4475.13,4475.13
2026.06.04 20:45,4475.18,4475.77,4474.33,4474.78
2026.06.04 20:50,4474.75,4475.85,4474.43,4475.81
2026.06.04 20:55,4475.57,4475.90,4474.47,4474.75
2026.06.04 22:00,4481.17,4481.17,4473.09,4473.84
2026.06.04 22:05,4473.78,4476.16,4473.76,4475.04
2026.06.04 22:10,4475.04,4476.14,4474.07,4475.33
2026.06.04 22:15,4475.60,4478.58,4474.55,4477.77
2026.06.04 22:20,4478.05,4479.30,4477.49,4479.30
2026.06.04 22:25,4479.28,4480.87,4477.90,4478.90
2026.06.04 22:30,4478.90,4481.40,4477.82,4478.11
2026.06.04 22:35,4478.11,4479.97,4477.50,4479.14
2026.06.04 22:40,4479.14,4479.58,4475.39,4475.39
2026.06.04 22:45,4475.25,4476.19,4472.05,4473.61
2026.06.04 22:50,4473.61,4474.09,4469.61,4469.61
2026.06.04 22:55,4469.59,4471.94,4468.87,4469.61
2026.06.04 23:00,4469.65,4471.33,4464.38,4470.00
2026.06.04 23:05,4470.00,4473.22,4466.87,4471.57
2026.06.04 23:10,4471.57,4474.03,4470.69,4470.97
2026.06.04 23:15,4470.98,4471.43,4469.32,4470.03
2026.06.04 23:20,4469.97,4472.02,4466.51,4471.50
2026.06.04 23:25,4471.54,4473.32,4468.20,4469.20
2026.06.04 23:30,4469.23,4469.57,4464.05,4465.69
2026.06.04 23:35,4465.69,4467.03,4462.60,4463.70
2026.06.04 23:40,4463.70,4465.01,4462.05,4463.24
2026.06.04 23:45,4463.27,4463.98,4460.54,4463.96
2026.06.04 23:50,4464.09,4466.00,4463.15,4464.27
2026.06.04 23:55,4464.27,4464.88,4461.23,4461.67
2026.06.05 00:00,4461.15,4463.98,4459.72,4462.15
2026.06.05 00:05,4462.14,4464.95,4459.81,4461.19
2026.06.05 00:10,4461.19,4462.48,4454.67,4455.27
2026.06.05 00:15,4455.30,4457.51,4452.09,4452.33
2026.06.05 00:20,4452.36,4455.71,4450.70,4454.38
2026.06.05 00:25,4454.47,4457.72,4453.09,4457.51
2026.06.05 00:30,4457.44,4461.06,4456.26,4460.40
2026.06.05 00:35,4460.62,4466.91,4460.62,4464.19
2026.06.05 00:40,4464.19,4466.26,4462.87,4463.19
2026.06.05 00:45,4463.01,4466.31,4461.38,4461.48
2026.06.05 00:50,4461.52,4465.66,4460.99,4465.11
2026.06.05 00:55,4465.14,4465.14,4458.53,4459.55
2026.06.05 01:00,4459.47,4466.83,4452.97,4466.05
2026.06.05 01:05,4466.09,4469.90,4463.44,4464.53
2026.06.05 01:10,4464.50,4465.13,4459.85,4459.94
2026.06.05 01:15,4459.95,4464.86,4457.52,4462.93
2026.06.05 01:20,4463.25,4463.84,4454.01,4455.25
2026.06.05 01:25,4454.93,4459.58,4449.34,4458.52
2026.06.05 01:30,4458.83,4459.69,4453.92,4454.04
2026.06.05 01:35,4454.00,4456.46,4448.49,4449.57
2026.06.05 01:40,4449.60,4451.36,4445.33,4446.00
2026.06.05 01:45,4446.01,4449.53,4444.15,4446.52
2026.06.05 01:50,4446.45,4450.60,4444.56,4450.38
2026.06.05 01:55,4450.36,4450.64,4445.19,4446.83
2026.06.05 02:00,4446.77,4450.76,4442.53,4449.49
2026.06.05 02:05,4449.40,4449.70,4444.75,4447.99
2026.06.05 02:10,4447.83,4450.51,4446.02,4449.44
2026.06.05 02:15,4449.44,4450.57,4445.99,4447.57
2026.06.05 02:20,4447.55,4453.21,4447.41,4452.96
2026.06.05 02:25,4452.96,4454.96,4450.21,4451.24
2026.06.05 02:30,4451.20,4451.79,4442.34,4444.91
2026.06.05 02:35,4444.90,4446.71,4441.47,4445.19
2026.06.05 02:40,4445.14,4445.19,4438.50,4442.91
2026.06.05 02:45,4442.91,4447.30,4442.37,4445.68
2026.06.05 02:50,4445.67,4449.92,4443.29,4443.29
2026.06.05 02:55,4443.38,4443.99,4440.08,4440.56
2026.06.05 03:00,4440.53,4441.22,4436.71,4438.47
2026.06.05 03:05,4438.45,4440.61,4436.93,4440.04
2026.06.05 03:10,4439.76,4441.04,4438.29,4440.95
2026.06.05 03:15,4440.92,4443.84,4438.18,4438.77
2026.06.05 03:20,4438.78,4438.99,4435.24,4437.32
2026.06.05 03:25,4437.41,4439.11,4436.34,4436.76
2026.06.05 03:30,4436.96,4441.66,4436.25,4439.80
2026.06.05 03:35,4439.86,4441.25,4436.63,4440.60
2026.06.05 03:40,4440.72,4442.39,4440.38,4440.91
2026.06.05 03:45,4440.93,4441.64,4440.02,4441.11
2026.06.05 03:50,4441.07,4442.28,4439.28,4440.62
2026.06.05 03:55,4440.62,4443.32,4440.62,4442.35
2026.06.05 04:00,4442.38,4444.64,4441.18,4442.49
2026.06.05 04:05,4442.58,4443.76,4439.75,4440.65
2026.06.05 04:10,4440.68,4441.66,4438.39,4441.59
2026.06.05 04:15,4441.61,4443.84,4438.99,4439.45
2026.06.05 04:20,4439.25,4441.72,4439.07,4439.91
2026.06.05 04:25,4439.91,4443.68,4439.48,4439.69
2026.06.05 04:30,4439.84,4439.97,4437.63,4439.45
2026.06.05 04:35,4439.31,4441.71,4439.07,4441.65
2026.06.05 04:40,4441.65,4444.14,4439.28,4440.90
2026.06.05 04:45,4440.90,4442.14,4439.71,4441.14
2026.06.05 04:50,4441.09,4444.22,4440.93,4444.22
2026.06.05 04:55,4444.25,4446.53,4444.04,4444.96
2026.06.05 05:00,4444.97,4449.98,4443.26,4447.61
2026.06.05 05:05,4447.56,4449.87,4447.09,4447.32
2026.06.05 05:10,4447.32,4449.72,4446.41,4448.98
2026.06.05 05:15,4448.80,4449.09,4444.23,4445.42
2026.06.05 05:20,4445.42,4446.36,4442.25,4444.93
2026.06.05 05:25,4445.04,4445.80,4444.07,4444.74
2026.06.05 05:30,4443.98,4446.00,4439.59,4442.77
2026.06.05 05:35,4442.77,4447.89,4442.22,4445.54
2026.06.05 05:40,4445.68,4446.67,4443.02,4443.69
2026.06.05 05:45,4443.67,4448.28,4442.19,4447.62
2026.06.05 05:50,4447.62,4447.92,4442.74,4443.63
2026.06.05 05:55,4443.59,4444.84,4438.59,4439.96
2026.06.05 06:00,4439.86,4442.63,4435.32,4437.48
2026.06.05 06:05,4437.37,4441.37,4437.31,4440.32
2026.06.05 06:10,4440.32,4441.86,4436.16,4436.43
2026.06.05 06:15,4436.24,4437.16,4428.83,4436.60
2026.06.05 06:20,4436.63,4445.40,4434.76,4444.22
2026.06.05 06:25,4444.39,4446.44,4440.42,4442.50
2026.06.05 06:30,4442.48,4448.32,4442.30,4446.58
2026.06.05 06:35,4446.62,4449.95,4446.35,4448.51
2026.06.05 06:40,4448.44,4448.96,4446.52,4448.44
2026.06.05 06:45,4448.20,4455.99,4447.07,4453.52
2026.06.05 06:50,4453.59,4456.14,4451.29,4451.30
2026.06.05 06:55,4451.32,4453.39,4449.46,4452.79
2026.06.05 07:00,4452.05,4455.88,4451.89,4454.61
2026.06.05 07:05,4455.20,4458.28,4453.27,4457.28
2026.06.05 07:10,4457.29,4463.17,4456.13,4458.42
2026.06.05 07:15,4458.45,4463.93,4458.41,4461.75
2026.06.05 07:20,4461.79,4465.49,4459.85,4464.10
2026.06.05 07:25,4464.09,4467.30,4461.49,4467.19
2026.06.05 07:30,4467.19,4467.19,4464.50,4466.07
2026.06.05 07:35,4466.09,4466.12,4461.50,4462.01
2026.06.05 07:40,4462.03,4465.77,4459.48,4462.10
2026.06.05 07:45,4462.35,4464.27,4461.91,4462.68
2026.06.05 07:50,4462.67,4465.04,4461.40,4461.77
2026.06.05 07:55,4461.85,4462.79,4460.71,4460.89
2026.06.05 08:00,4460.67,4463.36,4458.77,4461.55
2026.06.05 08:05,4461.57,4462.43,4459.47,4460.62
2026.06.05 08:10,4460.39,4461.78,4459.42,4461.08
2026.06.05 08:15,4461.03,4463.39,4459.94,4463.04
2026.06.05 08:20,4462.95,4465.56,4462.14,4463.82
2026.06.05 08:25,4463.81,4467.02,4463.04,4467.02
2026.06.05 08:30,4466.52,4468.23,4463.15,4463.31
2026.06.05 08:35,4463.50,4463.76,4461.66,4461.86
2026.06.05 08:40,4461.89,4463.30,4460.88,4461.84
2026.06.05 08:45,4461.83,4464.44,4461.57,4463.46
2026.06.05 08:50,4463.46,4463.78,4461.89,4463.75
2026.06.05 08:55,4463.75,4463.75,4462.29,4462.77
2026.06.05 09:00,4462.77,4463.28,4460.98,4461.01
2026.06.05 09:05,4461.01,4462.87,4459.80,4460.72
2026.06.05 09:10,4460.72,4469.05,4458.90,4465.93
2026.06.05 09:15,4466.28,4469.24,4464.23,4467.60
2026.06.05 09:20,4467.82,4468.88,4466.45,4466.60
2026.06.05 09:25,4466.63,4467.70,4462.35,4462.88
2026.06.05 09:30,4462.85,4466.76,4459.26,4463.74
2026.06.05 09:35,4463.70,4465.31,4462.67,4463.27
2026.06.05 09:40,4463.35,4466.09,4463.24,4465.86
2026.06.05 09:45,4465.92,4469.19,4465.06,4465.26
2026.06.05 09:50,4465.22,4465.82,4464.52,4465.54
2026.06.05 09:55,4465.44,4465.47,4462.60,4464.87
2026.06.05 10:00,4464.87,4465.00,4463.14,4463.39
2026.06.05 10:05,4463.54,4464.80,4463.17,4464.80
2026.06.05 10:10,4464.75,4465.23,4463.52,4465.23
2026.06.05 10:15,4465.20,4465.88,4464.54,4465.48
2026.06.05 10:20,4465.48,4468.06,4465.35,4467.17
2026.06.05 10:25,4467.17,4467.19,4465.10,4466.05
2026.06.05 10:30,4466.05,4466.95,4462.68,4463.04
2026.06.05 10:35,4463.04,4464.04,4462.18,4463.30
2026.06.05 10:40,4463.29,4464.60,4461.90,4464.57
2026.06.05 10:45,4464.57,4467.31,4464.38,4466.76
2026.06.05 10:50,4466.73,4467.86,4465.75,4466.17
2026.06.05 10:55,4466.27,4466.93,4465.97,4466.93
2026.06.05 11:00,4466.61,4467.02,4463.57,4464.00
2026.06.05 11:05,4464.00,4466.94,4463.30,4466.67
2026.06.05 11:10,4466.67,4466.78,4461.18,4461.35
2026.06.05 11:15,4461.34,4463.46,4460.87,4461.69
2026.06.05 11:20,4461.77,4463.81,4458.79,4461.57
2026.06.05 11:25,4461.57,4466.05,4461.57,4466.05
2026.06.05 11:30,4465.58,4467.18,4464.55,4465.14
2026.06.05 11:35,4465.13,4466.97,4463.39,4463.44
2026.06.05 11:40,4463.49,4465.75,4463.21,4464.96
2026.06.05 11:45,4464.82,4467.28,4464.02,4466.98
2026.06.05 11:50,4466.97,4475.25,4466.74,4472.07
2026.06.05 11:55,4472.13,4472.55,4467.78,4470.22
2026.06.05 12:00,4470.20,4470.79,4464.23,4465.27
2026.06.05 12:05,4465.26,4468.11,4464.92,4467.89
2026.06.05 12:10,4467.97,4471.02,4466.80,4469.18
2026.06.05 12:15,4469.30,4473.77,4468.40,4472.91
2026.06.05 12:20,4472.88,4475.85,4467.46,4468.43
2026.06.05 12:25,4468.38,4469.04,4461.61,4464.95
2026.06.05 12:30,4465.72,4465.93,4447.03,4452.95
2026.06.05 12:35,4452.44,4453.86,4439.72,4443.90
2026.06.05 12:40,4443.79,4448.09,4442.95,4445.67
2026.06.05 12:45,4446.13,4449.01,4440.17,4440.22
2026.06.05 12:50,4440.18,4440.67,4416.91,4416.91
2026.06.05 12:55,4417.65,4419.87,4404.83,4406.00
2026.06.05 13:00,4405.54,4418.37,4400.00,4411.76
2026.06.05 13:05,4412.25,4419.66,4408.25,4416.42
2026.06.05 13:10,4415.72,4420.54,4414.49,4418.42
2026.06.05 13:15,4418.39,4420.91,4416.28,4417.60
2026.06.05 13:20,4417.53,4420.04,4409.38,4409.84
2026.06.05 13:25,4410.23,4414.90,4404.03,4405.02
2026.06.05 13:30,4405.42,4409.42,4398.25,4404.94
2026.06.05 13:35,4404.08,4404.81,4386.03,4392.14
2026.06.05 13:40,4392.06,4398.13,4388.40,4389.42
2026.06.05 13:45,4389.37,4390.97,4383.34,4383.65
2026.06.05 13:50,4383.49,4387.98,4382.16,4384.91
2026.06.05 13:55,4385.66,4385.66,4365.76,4365.92
2026.06.05 14:00,4365.76,4379.21,4364.07,4372.09
2026.06.05 14:05,4372.02,4377.30,4364.24,4374.71
2026.06.05 14:10,4374.68,4377.18,4364.82,4366.14
2026.06.05 14:15,4366.24,4370.16,4364.63,4369.26
2026.06.05 14:20,4369.44,4370.14,4355.54,4357.52
2026.06.05 14:25,4357.24,4361.37,4353.01,4360.90
2026.06.05 14:30,4361.03,4363.82,4349.81,4353.12
2026.06.05 14:35,4353.14,4354.51,4348.00,4348.50
2026.06.05 14:40,4348.54,4350.44,4344.66,4349.15
2026.06.05 14:45,4349.01,4359.43,4348.46,4356.44
2026.06.05 14:50,4356.03,4367.11,4355.11,4362.91
2026.06.05 14:55,4363.01,4369.90,4360.93,4369.60
2026.06.05 15:00,4370.00,4372.46,4362.91,4368.30
2026.06.05 15:05,4368.22,4369.27,4361.96,4362.03
2026.06.05 15:10,4361.96,4362.13,4352.97,4352.97
2026.06.05 15:15,4352.79,4355.90,4349.08,4355.04
2026.06.05 15:20,4354.98,4357.30,4348.26,4352.66
2026.06.05 15:25,4352.51,4355.24,4349.52,4351.82
2026.06.05 15:30,4352.03,4354.85,4345.46,4346.82
2026.06.05 15:35,4346.94,4349.52,4336.25,4340.18
2026.06.05 15:40,4339.98,4341.56,4335.46,4338.75
2026.06.05 15:45,4338.26,4340.95,4336.73,4339.18
2026.06.05 15:50,4339.23,4341.89,4336.87,4340.90
2026.06.05 15:55,4340.74,4341.37,4334.01,4335.44
2026.06.05 16:00,4335.43,4338.94,4330.85,4334.12
2026.06.05 16:05,4333.93,4333.93,4328.91,4332.83
2026.06.05 16:10,4332.63,4337.94,4331.50,4333.57
2026.06.05 16:15,4333.14,4333.26,4325.63,4330.46
2026.06.05 16:20,4330.63,4330.79,4325.37,4328.53
2026.06.05 16:25,4328.54,4333.75,4328.34,4329.65
2026.06.05 16:30,4329.21,4330.06,4323.47,4328.70
2026.06.05 16:35,4328.65,4332.11,4324.99,4331.70
2026.06.05 16:40,4331.72,4332.06,4326.01,4327.82
2026.06.05 16:45,4327.79,4334.25,4325.19,4333.96
2026.06.05 16:50,4333.98,4338.57,4333.19,4338.14
2026.06.05 16:55,4338.10,4344.92,4336.78,4344.54
2026.06.05 17:00,4345.22,4346.70,4339.58,4344.18
2026.06.05 17:05,4344.10,4344.10,4338.69,4339.14
2026.06.05 17:10,4339.20,4341.68,4336.57,4339.63
2026.06.05 17:15,4339.56,4342.25,4336.20,4338.56
2026.06.05 17:20,4338.45,4341.58,4335.76,4339.16
2026.06.05 17:25,4339.04,4342.94,4336.19,4342.41
2026.06.05 17:30,4342.34,4343.82,4340.00,4343.08
2026.06.05 17:35,4343.07,4345.34,4339.62,4345.09
2026.06.05 17:40,4344.97,4347.36,4340.40,4341.14
2026.06.05 17:45,4341.11,4342.86,4337.99,4340.04
2026.06.05 17:50,4340.01,4343.66,4338.84,4343.42
2026.06.05 17:55,4343.42,4343.63,4341.15,4341.73
2026.06.05 18:00,4341.88,4342.10,4333.63,4333.63
2026.06.05 18:05,4333.69,4334.21,4329.58,4330.79
2026.06.05 18:10,4330.78,4331.65,4323.16,4323.41
2026.06.05 18:15,4323.21,4326.74,4321.98,4326.14
2026.06.05 18:20,4326.24,4330.56,4325.97,4327.36
2026.06.05 18:25,4327.27,4328.00,4322.93,4325.88
2026.06.05 18:30,4326.30,4326.98,4319.08,4325.09
2026.06.05 18:35,4325.06,4325.74,4319.20,4320.29
2026.06.05 18:40,4320.48,4321.18,4315.30,4318.19
2026.06.05 18:45,4318.06,4321.77,4316.05,4321.61
2026.06.05 18:50,4321.63,4321.63,4316.83,4320.62
2026.06.05 18:55,4320.21,4326.49,4318.94,4322.35
2026.06.05 19:00,4322.46,4323.75,4316.58,4320.74
2026.06.05 19:05,4320.78,4321.04,4316.37,4319.78
2026.06.05 19:10,4319.83,4320.00,4315.29,4315.34
2026.06.05 19:15,4315.33,4318.87,4313.89,4318.37
2026.06.05 19:20,4318.45,4321.47,4315.45,4319.11
2026.06.05 19:25,4319.27,4324.15,4318.88,4323.83
2026.06.05 19:30,4323.77,4325.04,4320.64,4322.84
2026.06.05 19:35,4322.83,4324.64,4320.60,4322.19
2026.06.05 19:40,4322.19,4322.27,4313.96,4318.81
2026.06.05 19:45,4318.72,4321.97,4317.72,4320.71
2026.06.05 19:50,4320.91,4323.71,4317.80,4318.20
2026.06.05 19:55,4318.26,4321.22,4316.78,4318.06
2026.06.05 20:00,4318.18,4318.45,4312.65,4313.62
2026.06.05 20:05,4313.54,4314.63,4311.78,4313.89
2026.06.05 20:10,4313.81,4316.76,4312.31,4315.60
2026.06.05 20:15,4315.69,4316.76,4314.04,4315.37
2026.06.05 20:20,4315.43,4319.92,4314.65,4319.81
2026.06.05 20:25,4319.69,4326.13,4318.76,4322.89
2026.06.05 20:30,4322.89,4324.07,4321.61,4322.47
2026.06.05 20:35,4322.48,4325.34,4322.07,4323.14
2026.06.05 20:40,4323.13,4324.91,4321.21,4323.79
2026.06.05 20:45,4323.92,4329.52,4323.83,4327.34
2026.06.05 20:50,4327.40,4329.92,4325.66,4327.64
2026.06.05 20:55,4327.67,4330.83,4327.09,4329.40
2026.06.07 22:00,4325.52,4343.94,4310.26,4320.68
2026.06.07 22:05,4320.61,4321.25,4310.15,4318.72
2026.06.07 22:10,4318.63,4330.15,4312.79,4329.83
2026.06.07 22:15,4330.10,4330.57,4323.89,4327.35
2026.06.07 22:20,4327.26,4329.31,4322.26,4323.01
2026.06.07 22:25,4323.00,4324.35,4316.32,4316.68
2026.06.07 22:30,4316.60,4323.31,4315.28,4323.16
2026.06.07 22:35,4323.21,4328.89,4322.42,4325.72
2026.06.07 22:40,4325.90,4326.61,4324.39,4326.00
2026.06.07 22:45,4325.94,4326.06,4319.90,4322.45
2026.06.07 22:50,4322.42,4326.64,4321.22,4323.26
2026.06.07 22:55,4323.35,4323.35,4315.76,4317.27
2026.06.07 23:00,4317.49,4327.03,4317.49,4325.85
2026.06.07 23:05,4325.82,4327.42,4322.63,4326.63
2026.06.07 23:10,4326.62,4334.14,4325.99,4330.79
2026.06.07 23:15,4330.80,4333.96,4330.02,4331.30
2026.06.07 23:20,4331.10,4331.96,4328.88,4330.40
2026.06.07 23:25,4330.27,4334.46,4329.13,4334.08
2026.06.07 23:30,4334.00,4336.43,4333.10,4333.89
2026.06.07 23:35,4333.93,4337.67,4333.03,4336.73
2026.06.07 23:40,4336.74,4340.52,4336.53,4339.03
2026.06.07 23:45,4339.03,4343.22,4335.25,4341.97
2026.06.07 23:50,4342.22,4343.71,4339.29,4343.26
2026.06.07 23:55,4343.28,4346.94,4342.45,4344.02
2026.06.08 00:00,4343.15,4346.80,4340.87,4344.76
2026.06.08 00:05,4344.77,4345.91,4341.32,4345.14
2026.06.08 00:10,4345.36,4345.69,4341.20,4343.70
2026.06.08 00:15,4343.75,4347.72,4341.71,4347.67
2026.06.08 00:20,4347.65,4352.47,4347.47,4351.13
2026.06.08 00:25,4350.34,4353.33,4349.38,4351.49
2026.06.08 00:30,4351.46,4352.40,4346.31,4349.10
2026.06.08 00:35,4349.24,4352.01,4346.01,4347.78
2026.06.08 00:40,4347.81,4348.63,4341.99,4345.34
2026.06.08 00:45,4345.33,4345.96,4339.89,4342.54
2026.06.08 00:50,4342.51,4343.35,4339.96,4341.58
2026.06.08 00:55,4341.58,4345.28,4340.68,4342.43
2026.06.08 01:00,4342.25,4345.68,4336.36,4339.19
2026.06.08 01:05,4339.03,4340.92,4330.97,4336.85
2026.06.08 01:10,4337.18,4337.74,4326.93,4327.12
2026.06.08 01:15,4327.21,4327.50,4314.55,4317.89
2026.06.08 01:20,4318.07,4324.99,4311.53,4321.85
2026.06.08 01:25,4321.83,4323.26,4311.48,4314.46
2026.06.08 01:30,4314.58,4317.73,4300.23,4315.23
2026.06.08 01:35,4315.16,4317.74,4311.64,4317.30
2026.06.08 01:40,4317.22,4327.39,4316.72,4326.26
2026.06.08 01:45,4326.25,4329.64,4323.16,4323.57
2026.06.08 01:50,4323.59,4328.10,4319.36,4323.69
2026.06.08 01:55,4324.18,4328.51,4322.94,4325.44
2026.06.08 02:00,4325.75,4330.62,4321.13,4322.76
2026.06.08 02:05,4322.58,4324.34,4316.63,4318.96
2026.06.08 02:10,4318.82,4318.86,4314.66,4316.75
2026.06.08 02:15,4316.62,4319.61,4311.51,4312.10
2026.06.08 02:20,4312.20,4316.34,4311.80,4316.27
2026.06.08 02:25,4316.23,4316.82,4311.48,4314.79
2026.06.08 02:30,4314.84,4316.71,4308.74,4309.59
2026.06.08 02:35,4309.42,4312.35,4307.35,4311.82
2026.06.08 02:40,4311.68,4317.61,4309.04,4315.87
2026.06.08 02:45,4315.84,4320.75,4314.28,4317.20
2026.06.08 02:50,4317.14,4317.58,4309.37,4311.82
2026.06.08 02:55,4311.92,4315.57,4309.63,4310.48
2026.06.08 03:00,4310.48,4314.06,4310.08,4311.10
2026.06.08 03:05,4310.86,4311.83,4306.31,4308.18
2026.06.08 03:10,4308.02,4308.38,4304.28,4304.76
2026.06.08 03:15,4304.77,4307.65,4303.50,4307.47
2026.06.08 03:20,4307.47,4311.86,4306.44,4310.48
2026.06.08 03:25,4310.55,4310.82,4306.12,4307.19
2026.06.08 03:30,4307.22,4309.29,4304.96,4307.00
2026.06.08 03:35,4307.14,4308.48,4306.16,4307.61
2026.06.08 03:40,4307.61,4309.93,4306.56,4309.87
2026.06.08 03:45,4309.85,4313.46,4309.48,4312.39
2026.06.08 03:50,4312.32,4317.16,4311.31,4315.01
2026.06.08 03:55,4315.05,4316.87,4314.04,4316.87
2026.06.08 04:00,4317.04,4320.14,4314.28,4314.96
2026.06.08 04:05,4314.68,4319.13,4313.66,4318.02
2026.06.08 04:10,4318.03,4319.44,4316.56,4318.73
2026.06.08 04:15,4318.77,4321.74,4317.67,4318.63
2026.06.08 04:20,4318.63,4318.94,4316.01,4317.92
2026.06.08 04:25,4317.89,4320.88,4317.14,4320.00
2026.06.08 04:30,4319.99,4320.31,4311.23,4313.45
2026.06.08 04:35,4313.38,4313.91,4310.70,4311.10
2026.06.08 04:40,4311.41,4311.97,4307.64,4307.69
2026.06.08 04:45,4307.68,4311.39,4307.68,4310.14
2026.06.08 04:50,4310.21,4313.92,4309.51,4311.55
2026.06.08 04:55,4311.54,4313.53,4308.84,4312.62
2026.06.08 05:00,4312.63,4316.08,4311.79,4315.32
2026.06.08 05:05,4315.32,4315.36,4309.70,4310.45
2026.06.08 05:10,4310.55,4311.74,4305.20,4305.20
2026.06.08 05:15,4304.66,4310.89,4304.51,4309.32
2026.06.08 05:20,4309.32,4314.21,4309.31,4311.25
2026.06.08 05:25,4311.37,4313.19,4309.08,4311.79
2026.06.08 05:30,4311.85,4312.74,4286.97,4287.01
2026.06.08 05:35,4287.47,4291.31,4268.85,4290.94
2026.06.08 05:40,4290.73,4293.06,4283.07,4287.97
2026.06.08 05:45,4287.97,4292.13,4285.04,4286.80
2026.06.08 05:50,4286.82,4295.79,4285.68,4289.96
2026.06.08 05:55,4289.83,4294.96,4286.05,4292.04
2026.06.08 06:00,4292.04,4307.98,4292.04,4303.64
2026.06.08 06:05,4303.65,4306.73,4299.68,4302.69
2026.06.08 06:10,4302.63,4305.96,4299.27,4303.43
2026.06.08 06:15,4303.39,4307.15,4299.52,4303.18
2026.06.08 06:20,4303.35,4311.19,4302.70,4308.35
2026.06.08 06:25,4308.30,4310.53,4305.33,4305.81
2026.06.08 06:30,4305.81,4306.46,4299.30,4299.30
2026.06.08 06:35,4299.31,4300.05,4295.14,4296.44
2026.06.08 06:40,4296.43,4300.03,4293.96,4298.30
2026.06.08 06:45,4298.09,4300.22,4296.18,4297.41
2026.06.08 06:50,4297.42,4300.78,4296.41,4297.79
2026.06.08 06:55,4297.79,4300.14,4293.24,4299.95
2026.06.08 07:00,4299.20,4302.79,4295.69,4299.28
2026.06.08 07:05,4299.38,4301.25,4294.89,4300.45
2026.06.08 07:10,4300.11,4308.43,4298.55,4305.17
2026.06.08 07:15,4305.17,4310.54,4300.71,4306.34
2026.06.08 07:20,4306.09,4314.80,4305.71,4313.98
2026.06.08 07:25,4314.19,4316.83,4305.91,4306.12
2026.06.08 07:30,4306.29,4309.19,4304.83,4308.08
2026.06.08 07:35,4308.25,4311.63,4304.33,4307.82
2026.06.08 07:40,4307.89,4307.89,4301.35,4301.66
2026.06.08 07:45,4301.63,4302.54,4298.25,4298.52
2026.06.08 07:50,4298.16,4299.40,4295.67,4296.52
2026.06.08 07:55,4296.57,4299.47,4294.41,4294.44
2026.06.08 08:00,4295.05,4297.06,4290.20,4293.22
2026.06.08 08:05,4293.27,4295.76,4289.70,4294.63
2026.06.08 08:10,4294.49,4296.02,4291.12,4291.75
2026.06.08 08:15,4291.78,4293.54,4288.66,4292.66
2026.06.08 08:20,4293.04,4293.15,4288.00,4288.78
2026.06.08 08:25,4288.72,4290.19,4285.29,4288.09
2026.06.08 08:30,4288.51,4291.99,4286.85,4291.24
2026.06.08 08:35,4291.31,4291.31,4286.57,4287.47
2026.06.08 08:40,4287.64,4291.24,4286.54,4290.76
2026.06.08 08:45,4290.44,4293.71,4289.57,4291.25
2026.06.08 08:50,4291.32,4293.26,4286.50,4288.41
2026.06.08 08:55,4288.37,4290.35,4285.48,4288.75
2026.06.08 09:00,4288.73,4292.09,4288.73,4290.76
2026.06.08 09:05,4290.73,4290.91,4284.86,4285.40
2026.06.08 09:10,4285.17,4288.92,4284.94,4288.92
2026.06.08 09:15,4288.55,4290.33,4287.22,4287.85
2026.06.08 09:20,4287.86,4290.81,4286.15,4286.55
2026.06.08 09:25,4286.57,4287.83,4279.41,4279.74
2026.06.08 09:30,4279.71,4280.89,4272.98,4273.84
2026.06.08 09:35,4273.81,4295.73,4273.61,4293.83
2026.06.08 09:40,4293.81,4296.50,4289.72,4293.98
2026.06.08 09:45,4293.76,4301.90,4293.01,4301.19
2026.06.08 09:50,4301.20,4301.64,4291.61,4293.61
2026.06.08 09:55,4293.61,4295.63,4291.15,4294.30
2026.06.08 10:00,4294.76,4294.98,4286.21,4290.60
2026.06.08 10:05,4290.64,4297.64,4289.42,4294.96
2026.06.08 10:10,4294.76,4297.62,4293.44,4294.58
2026.06.08 10:15,4294.53,4295.75,4290.01,4290.10
2026.06.08 10:20,4290.12,4292.76,4289.80,4291.35
2026.06.08 10:25,4291.31,4295.19,4290.16,4293.78
2026.06.08 10:30,4293.81,4305.24,4292.27,4303.91
2026.06.08 10:35,4303.65,4305.57,4299.54,4299.78
2026.06.08 10:40,4299.88,4304.83,4299.37,4304.83
2026.06.08 10:45,4304.85,4305.03,4299.32,4300.53
2026.06.08 10:50,4300.54,4302.04,4298.35,4298.49
2026.06.08 10:55,4298.49,4303.11,4296.84,4302.02
2026.06.08 11:00,4302.02,4302.35,4297.29,4300.01
2026.06.08 11:05,4299.99,4306.27,4299.99,4306.27
2026.06.08 11:10,4306.15,4318.46,4304.62,4318.46
2026.06.08 11:15,4318.51,4327.67,4312.59,4327.16
2026.06.08 11:20,4327.15,4330.88,4323.22,4324.97
2026.06.08 11:25,4325.13,4329.50,4321.91,4325.25
2026.06.08 11:30,4325.25,4333.17,4325.07,4329.93
2026.06.08 11:35,4329.82,4330.33,4324.07,4325.37
2026.06.08 11:40,4325.38,4327.39,4322.28,4323.96
2026.06.08 11:45,4324.03,4326.33,4321.38,4323.84
2026.06.08 11:50,4324.30,4328.57,4323.57,4326.71
2026.06.08 11:55,4326.72,4332.71,4325.27,4331.27
2026.06.08 12:00,4331.29,4334.49,4327.70,4330.46
2026.06.08 12:05,4330.48,4334.84,4327.53,4330.55
2026.06.08 12:10,4330.56,4331.10,4322.54,4322.96
2026.06.08 12:15,4322.87,4326.28,4320.30,4325.10
2026.06.08 12:20,4325.13,4329.85,4323.22,4329.06
2026.06.08 12:25,4329.05,4331.86,4328.02,4330.13
2026.06.08 12:30,4330.01,4334.62,4328.09,4328.29
2026.06.08 12:35,4328.32,4333.98,4327.62,4330.24
2026.06.08 12:40,4330.20,4339.28,4328.50,4335.72
2026.06.08 12:45,4335.94,4337.94,4332.39,4332.65
2026.06.08 12:50,4332.62,4333.60,4327.08,4330.03
2026.06.08 12:55,4330.20,4334.45,4328.81,4333.04
2026.06.08 13:00,4332.87,4334.83,4326.01,4328.76
2026.06.08 13:05,4329.07,4330.20,4323.45,4324.63
2026.06.08 13:10,4324.22,4326.57,4323.19,4323.88
2026.06.08 13:15,4324.11,4325.79,4321.56,4325.20
2026.06.08 13:20,4325.22,4335.99,4325.14,4331.68
2026.06.08 13:25,4331.69,4333.69,4329.29,4331.14
2026.06.08 13:30,4331.22,4339.97,4331.10,4333.26
2026.06.08 13:35,4333.35,4346.62,4332.54,4340.61
2026.06.08 13:40,4340.79,4344.51,4335.33,4336.42
2026.06.08 13:45,4336.51,4338.67,4332.49,4332.49
2026.06.08 13:50,4332.56,4339.04,4328.47,4334.22
2026.06.08 13:55,4334.21,4337.03,4326.24,4326.78
2026.06.08 14:00,4326.98,4330.77,4322.30,4322.51
2026.06.08 14:05,4322.33,4327.32,4319.12,4320.82
2026.06.08 14:10,4320.66,4320.76,4316.61,4319.46
2026.06.08 14:15,4319.36,4321.82,4316.96,4321.68
2026.06.08 14:20,4321.66,4324.32,4317.18,4318.72
2026.06.08 14:25,4318.70,4322.87,4315.90,4320.01
2026.06.08 14:30,4320.04,4324.17,4318.93,4322.12
2026.06.08 14:35,4322.17,4323.02,4315.13,4319.77
2026.06.08 14:40,4319.77,4323.09,4316.28,4322.60
2026.06.08 14:45,4322.63,4328.31,4317.32,4317.89
2026.06.08 14:50,4317.59,4327.17,4317.16,4326.37
2026.06.08 14:55,4326.55,4331.40,4324.42,4330.97
2026.06.08 15:00,4331.52,4336.25,4328.90,4328.99
2026.06.08 15:05,4329.06,4330.78,4325.36,4328.52
2026.06.08 15:10,4328.53,4328.85,4325.19,4325.36
2026.06.08 15:15,4325.39,4332.28,4322.64,4331.63
2026.06.08 15:20,4331.60,4335.99,4329.30,4335.32
2026.06.08 15:25,4335.12,4335.12,4329.01,4330.69
2026.06.08 15:30,4330.74,4333.42,4328.73,4332.20
2026.06.08 15:35,4332.18,4337.51,4331.26,4336.57
2026.06.08 15:40,4336.58,4339.36,4335.34,4339.27
2026.06.08 15:45,4339.17,4340.95,4334.48,4335.29
2026.06.08 15:50,4335.32,4343.18,4335.32,4342.73
2026.06.08 15:55,4342.68,4345.62,4341.07,4341.84
2026.06.08 16:00,4341.68,4343.86,4338.82,4341.26
2026.06.08 16:05,4341.00,4343.20,4338.87,4339.81
2026.06.08 16:10,4339.78,4342.02,4338.15,4340.98
2026.06.08 16:15,4341.02,4343.81,4340.35,4342.78
2026.06.08 16:20,4342.97,4343.74,4339.78,4341.04
2026.06.08 16:25,4341.10,4343.02,4340.41,4340.88
2026.06.08 16:30,4340.99,4345.01,4340.98,4342.57
2026.06.08 16:35,4342.60,4346.25,4340.65,4341.33
2026.06.08 16:40,4341.22,4344.00,4340.64,4344.00
2026.06.08 16:45,4343.95,4346.08,4342.47,4345.12
2026.06.08 16:50,4345.13,4345.80,4337.88,4338.00
2026.06.08 16:55,4338.11,4341.46,4337.86,4340.64
2026.06.08 17:00,4340.67,4342.37,4336.81,4337.88
2026.06.08 17:05,4337.93,4342.00,4337.62,4338.48
2026.06.08 17:10,4338.44,4339.18,4336.14,4338.75
2026.06.08 17:15,4338.75,4340.22,4336.56,4338.28
2026.06.08 17:20,4338.28,4340.49,4335.22,4335.56
2026.06.08 17:25,4335.57,4340.27,4334.10,4339.15
2026.06.08 17:30,4339.08,4339.57,4333.76,4335.60
2026.06.08 17:35,4335.59,4335.96,4332.02,4334.90
2026.06.08 17:40,4334.96,4335.32,4333.76,4334.09
2026.06.08 17:45,4334.05,4337.06,4334.05,4337.03
2026.06.08 17:50,4336.96,4338.24,4336.14,4336.71
2026.06.08 17:55,4336.46,4339.29,4335.76,4339.19
2026.06.08 18:00,4339.10,4344.81,4338.60,4343.89
2026.06.08 18:05,4343.82,4345.31,4342.33,4343.61
2026.06.08 18:10,4343.84,4344.27,4340.92,4341.36
2026.06.08 18:15,4341.49,4343.76,4341.49,4342.40
2026.06.08 18:20,4342.39,4344.78,4341.81,4343.90
2026.06.08 18:25,4343.87,4345.89,4342.10,4342.52
2026.06.08 18:30,4342.44,4344.61,4340.56,4340.65
2026.06.08 18:35,4340.66,4341.63,4336.88,4337.17
2026.06.08 18:40,4337.14,4338.62,4336.36,4336.68
2026.06.08 18:45,4336.70,4337.06,4334.52,4334.60
2026.06.08 18:50,4334.58,4336.83,4333.02,4334.29
2026.06.08 18:55,4334.39,4336.00,4333.41,4334.59
2026.06.08 19:00,4334.51,4338.11,4334.08,4336.98
2026.06.08 19:05,4336.96,4336.96,4332.47,4332.47
2026.06.08 19:10,4332.47,4332.54,4329.60,4329.87
2026.06.08 19:15,4329.85,4331.57,4328.16,4328.76
2026.06.08 19:20,4328.76,4330.37,4326.68,4326.74
2026.06.08 19:25,4327.12,4328.20,4326.08,4327.75
2026.06.08 19:30,4327.74,4330.39,4326.26,4327.23
2026.06.08 19:35,4327.22,4328.39,4325.10,4325.92
2026.06.08 19:40,4325.82,4325.89,4324.25,4325.07
2026.06.08 19:45,4325.06,4327.60,4324.80,4327.16
2026.06.08 19:50,4328.39,4330.09,4327.71,4328.38
2026.06.08 19:55,4328.45,4329.04,4323.36,4326.72
2026.06.08 20:00,4327.53,4329.90,4326.58,4329.70
2026.06.08 20:05,4329.60,4329.76,4327.52,4327.81
2026.06.08 20:10,4327.95,4328.31,4326.51,4328.21
2026.06.08 20:15,4328.23,4328.24,4324.56,4325.84
2026.06.08 20:20,4325.63,4327.63,4325.33,4326.99
2026.06.08 20:25,4327.00,4327.03,4324.68,4326.50
2026.06.08 20:30,4326.62,4327.86,4325.66,4327.86
2026.06.08 20:35,4327.83,4328.50,4326.81,4327.69
2026.06.08 20:40,4327.69,4327.69,4325.44,4326.27
2026.06.08 20:45,4326.30,4327.44,4325.63,4327.38
2026.06.08 20:50,4327.35,4329.88,4326.90,4329.17
2026.06.08 20:55,4329.07,4330.47,4329.07,4329.76
2026.06.08 22:00,4330.80,4333.06,4326.53,4326.79
2026.06.08 22:05,4326.96,4328.09,4324.97,4327.00
2026.06.08 22:10,4326.97,4328.06,4324.51,4325.28
2026.06.08 22:15,4325.24,4325.30,4322.76,4324.59
2026.06.08 22:20,4324.59,4326.41,4324.48,4326.01
2026.06.08 22:25,4326.05,4327.52,4324.65,4325.17
2026.06.08 22:30,4325.08,4327.50,4325.07,4325.58
2026.06.08 22:35,4325.58,4326.68,4325.40,4325.90
2026.06.08 22:40,4325.90,4327.48,4325.06,4327.44
2026.06.08 22:45,4327.58,4327.90,4326.48,4326.95
2026.06.08 22:50,4326.91,4328.36,4326.14,4328.12
2026.06.08 22:55,4328.16,4328.80,4327.74,4327.88
2026.06.08 23:00,4327.93,4328.05,4327.17,4327.64
2026.06.08 23:05,4327.68,4327.70,4325.35,4326.50
2026.06.08 23:10,4326.50,4328.88,4325.73,4327.65
2026.06.08 23:15,4327.66,4328.43,4326.30,4327.41
2026.06.08 23:20,4327.41,4327.60,4325.08,4325.14
2026.06.08 23:25,4325.16,4325.16,4320.57,4320.60
2026.06.08 23:30,4320.63,4320.99,4315.34,4318.07
2026.06.08 23:35,4318.41,4322.00,4318.35,4321.83
2026.06.08 23:40,4321.83,4322.32,4319.30,4319.69
2026.06.08 23:45,4319.69,4320.03,4313.64,4313.82
2026.06.08 23:50,4313.86,4319.07,4313.02,4316.99
2026.06.08 23:55,4316.95,4318.05,4314.25,4317.75
2026.06.09 00:00,4317.65,4319.58,4315.38,4317.48
2026.06.09 00:05,4317.45,4321.58,4316.94,4318.56
2026.06.09 00:10,4318.44,4323.65,4318.44,4322.60
2026.06.09 00:15,4322.44,4323.26,4320.18,4320.18
2026.06.09 00:20,4320.18,4320.51,4317.36,4318.79
2026.06.09 00:25,4318.79,4319.48,4316.62,4316.75
2026.06.09 00:30,4316.78,4319.43,4315.15,4318.95
2026.06.09 00:35,4319.02,4323.02,4317.98,4319.02
2026.06.09 00:40,4319.00,4321.13,4317.49,4318.35
2026.06.09 00:45,4318.23,4318.77,4315.06,4317.01
2026.06.09 00:50,4317.00,4319.89,4315.91,4315.94
2026.06.09 00:55,4315.84,4321.18,4315.46,4319.85
2026.06.09 01:00,4319.71,4323.98,4318.64,4321.29
2026.06.09 01:05,4321.07,4327.86,4320.74,4325.19
2026.06.09 01:10,4325.20,4326.68,4321.44,4323.98
2026.06.09 01:15,4324.11,4329.85,4322.40,4324.00
2026.06.09 01:20,4324.02,4332.22,4322.80,4327.60
2026.06.09 01:25,4327.62,4338.03,4327.53,4335.40
2026.06.09 01:30,4335.49,4338.13,4332.94,4337.13
2026.06.09 01:35,4337.16,4338.81,4334.48,4335.34
2026.06.09 01:40,4335.26,4338.43,4332.97,4335.62
2026.06.09 01:45,4335.69,4338.29,4333.98,4334.11
2026.06.09 01:50,4334.15,4337.41,4334.10,4336.82
2026.06.09 01:55,4336.74,4338.15,4333.06,4336.55
2026.06.09 02:00,4336.62,4336.79,4331.60,4332.79
2026.06.09 02:05,4332.76,4332.86,4328.32,4331.19
2026.06.09 02:10,4331.06,4333.47,4329.49,4333.00
2026.06.09 02:15,4332.96,4334.61,4330.18,4332.56
2026.06.09 02:20,4332.58,4335.35,4331.79,4334.53
2026.06.09 02:25,4334.49,4336.17,4332.31,4335.49
2026.06.09 02:30,4335.58,4339.79,4333.82,4335.78
2026.06.09 02:35,4335.39,4335.57,4331.16,4335.13
2026.06.09 02:40,4335.25,4338.41,4333.57,4338.41
2026.06.09 02:45,4338.89,4340.96,4337.52,4337.66
2026.06.09 02:50,4337.64,4340.46,4335.00,4338.84
2026.06.09 02:55,4338.84,4339.51,4334.98,4336.05
2026.06.09 03:00,4335.79,4337.69,4331.78,4332.00
2026.06.09 03:05,4331.97,4341.36,4331.42,4338.36
2026.06.09 03:10,4338.42,4340.29,4337.40,4338.73
2026.06.09 03:15,4338.83,4342.12,4338.77,4339.59
2026.06.09 03:20,4339.52,4340.21,4333.49,4334.89
2026.06.09 03:25,4334.76,4337.35,4334.29,4336.73
2026.06.09 03:30,4336.64,4337.98,4333.68,4333.76
2026.06.09 03:35,4333.76,4336.59,4333.62,4335.19
2026.06.09 03:40,4335.08,4337.86,4334.76,4337.63
2026.06.09 03:45,4337.63,4341.87,4337.63,4338.67
2026.06.09 03:50,4338.65,4340.42,4337.21,4339.55
2026.06.09 03:55,4339.49,4340.20,4334.42,4336.61
2026.06.09 04:00,4336.61,4336.61,4333.27,4335.43
2026.06.09 04:05,4335.43,4338.11,4334.92,4337.21
2026.06.09 04:10,4337.29,4339.21,4332.29,4332.29
2026.06.09 04:15,4332.29,4332.89,4329.50,4330.06
2026.06.09 04:20,4330.06,4331.72,4328.74,4331.16
2026.06.09 04:25,4331.17,4331.63,4329.30,4330.48
2026.06.09 04:30,4330.45,4330.50,4324.27,4325.42
2026.06.09 04:35,4325.28,4330.57,4325.28,4330.04
2026.06.09 04:40,4330.04,4330.04,4326.92,4328.20
2026.06.09 04:45,4327.99,4329.45,4326.96,4329.31
2026.06.09 04:50,4329.31,4331.57,4327.32,4327.59
2026.06.09 04:55,4327.63,4332.91,4326.21,4332.35
2026.06.09 05:00,4332.67,4336.69,4332.44,4336.26
2026.06.09 05:05,4336.25,4337.12,4332.49,4332.59
2026.06.09 05:10,4332.59,4334.37,4330.95,4331.40
2026.06.09 05:15,4331.40,4334.59,4330.92,4333.42
2026.06.09 05:20,4333.38,4335.50,4331.07,4333.42
2026.06.09 05:25,4333.39,4333.82,4332.20,4332.53
2026.06.09 05:30,4332.54,4343.89,4332.20,4342.74
2026.06.09 05:35,4342.73,4343.57,4339.83,4343.43
2026.06.09 05:40,4343.40,4351.40,4342.49,4348.12
2026.06.09 05:45,4348.58,4349.02,4343.14,4346.44
2026.06.09 05:50,4346.36,4346.41,4343.13,4345.42
2026.06.09 05:55,4345.42,4345.42,4341.62,4343.45
2026.06.09 06:00,4343.65,4348.72,4342.82,4344.68
2026.06.09 06:05,4344.61,4346.83,4343.23,4344.05
2026.06.09 06:10,4344.08,4344.71,4340.08,4341.33
2026.06.09 06:15,4340.95,4343.76,4340.87,4342.84
2026.06.09 06:20,4342.83,4345.80,4340.89,4344.65
2026.06.09 06:25,4344.65,4345.36,4338.19,4338.80
2026.06.09 06:30,4339.06,4339.15,4331.90,4333.77
2026.06.09 06:35,4333.80,4339.43,4333.22,4337.89
2026.06.09 06:40,4337.90,4338.84,4334.40,4336.62
2026.06.09 06:45,4336.68,4340.22,4336.30,4339.38
2026.06.09 06:50,4339.57,4339.72,4334.85,4335.31
2026.06.09 06:55,4335.32,4336.12,4330.39,4330.66
2026.06.09 07:00,4330.62,4334.73,4328.64,4331.72
2026.06.09 07:05,4331.71,4333.57,4329.87,4332.50
2026.06.09 07:10,4332.44,4332.49,4327.26,4327.30
2026.06.09 07:15,4326.74,4329.81,4323.02,4328.72
2026.06.09 07:20,4328.85,4330.73,4325.75,4330.05
2026.06.09 07:25,4330.13,4332.16,4328.91,4331.06
2026.06.09 07:30,4331.15,4331.18,4325.63,4326.68
2026.06.09 07:35,4325.83,4326.71,4322.30,4325.65
2026.06.09 07:40,4325.62,4328.36,4324.99,4328.36
2026.06.09 07:45,4328.40,4330.24,4326.01,4326.38
2026.06.09 07:50,4326.21,4329.52,4325.09,4328.58
2026.06.09 07:55,4328.53,4328.60,4325.78,4326.46
2026.06.09 08:00,4326.58,4326.99,4322.64,4323.16
2026.06.09 08:05,4323.15,4326.85,4321.22,4326.53
2026.06.09 08:10,4326.49,4336.14,4326.47,4331.51
2026.06.09 08:15,4331.49,4335.17,4331.39,4332.38
2026.06.09 08:20,4332.30,4334.34,4331.65,4331.88
2026.06.09 08:25,4332.03,4335.54,4331.61,4334.35
2026.06.09 08:30,4334.61,4335.99,4331.10,4331.14
2026.06.09 08:35,4331.14,4334.86,4330.41,4334.38
2026.06.09 08:40,4334.44,4336.77,4333.17,4335.00
2026.06.09 08:45,4335.06,4335.37,4327.43,4328.22
2026.06.09 08:50,4328.22,4329.98,4325.85,4329.97
2026.06.09 08:55,4329.97,4330.54,4326.56,4326.57
2026.06.09 09:00,4326.56,4329.07,4325.25,4328.89
2026.06.09 09:05,4328.88,4330.51,4327.17,4330.12
2026.06.09 09:10,4330.10,4330.89,4327.62,4328.17
2026.06.09 09:15,4328.35,4330.59,4327.97,4329.96
2026.06.09 09:20,4329.97,4336.10,4329.74,4333.30
2026.06.09 09:25,4333.60,4334.46,4324.24,4326.89
2026.06.09 09:30,4326.09,4329.57,4325.70,4326.62
2026.06.09 09:35,4326.57,4331.03,4326.43,4329.18
2026.06.09 09:40,4329.21,4329.74,4325.03,4327.13
2026.06.09 09:45,4327.12,4330.12,4326.67,4329.78
2026.06.09 09:50,4329.78,4333.51,4329.66,4333.13
2026.06.09 09:55,4333.22,4333.43,4330.81,4332.17
2026.06.09 10:00,4332.16,4333.05,4330.21,4330.75
2026.06.09 10:05,4330.76,4331.19,4325.48,4327.19
2026.06.09 10:10,4327.21,4335.63,4326.50,4335.23
2026.06.09 10:15,4335.52,4336.32,4334.07,4334.81
2026.06.09 10:20,4334.83,4334.86,4331.33,4332.61
2026.06.09 10:25,4332.69,4336.77,4331.77,4333.80
2026.06.09 10:30,4333.87,4334.98,4332.25,4333.72
2026.06.09 10:35,4333.12,4333.92,4331.78,4331.82
2026.06.09 10:40,4331.89,4332.65,4329.68,4332.49
2026.06.09 10:45,4332.49,4333.01,4330.54,4330.64
2026.06.09 10:50,4330.67,4336.36,4330.24,4335.09
2026.06.09 10:55,4335.06,4340.49,4334.72,4339.15
2026.06.09 11:00,4339.15,4340.31,4335.75,4335.87
2026.06.09 11:05,4335.94,4338.98,4335.63,4337.15
2026.06.09 11:10,4337.43,4338.12,4335.96,4337.89
2026.06.09 11:15,4337.89,4339.35,4336.13,4339.25
2026.06.09 11:20,4339.25,4340.49,4337.13,4337.16
2026.06.09 11:25,4337.16,4338.81,4336.27,4338.64
2026.06.09 11:30,4338.70,4338.88,4336.91,4337.82
2026.06.09 11:35,4337.72,4338.27,4336.80,4337.36
2026.06.09 11:40,4337.16,4340.01,4337.10,4338.88
2026.06.09 11:45,4338.86,4340.51,4337.34,4340.11
2026.06.09 11:50,4340.13,4343.77,4340.13,4341.29
2026.06.09 11:55,4341.30,4343.32,4339.63,4339.81
2026.06.09 12:00,4339.85,4343.41,4339.75,4342.29
2026.06.09 12:05,4342.33,4343.95,4341.60,4343.67
2026.06.09 12:10,4343.71,4343.92,4340.77,4340.96
2026.06.09 12:15,4341.10,4342.95,4338.82,4342.95
2026.06.09 12:20,4342.41,4342.41,4337.14,4338.56
2026.06.09 12:25,4338.56,4339.74,4335.29,4335.81
2026.06.09 12:30,4335.79,4339.80,4334.85,4336.54
2026.06.09 12:35,4336.51,4341.34,4336.05,4340.62
2026.06.09 12:40,4340.47,4341.91,4339.00,4340.81
2026.06.09 12:45,4340.81,4344.14,4339.95,4341.32
2026.06.09 12:50,4341.30,4343.64,4337.28,4337.54
2026.06.09 12:55,4337.48,4341.83,4336.62,4341.37
2026.06.09 13:00,4341.37,4345.42,4338.18,4339.43
2026.06.09 13:05,4339.49,4344.32,4338.72,4341.33
2026.06.09 13:10,4341.47,4342.54,4339.83,4340.99
2026.06.09 13:15,4341.23,4342.02,4334.08,4334.08
2026.06.09 13:20,4334.08,4336.01,4331.63,4333.26
2026.06.09 13:25,4333.55,4335.43,4330.21,4330.90
2026.06.09 13:30,4330.90,4333.99,4328.82,4329.95
2026.06.09 13:35,4329.90,4334.35,4329.72,4331.95
2026.06.09 13:40,4331.94,4332.06,4325.34,4330.31
2026.06.09 13:45,4330.31,4363.45,4329.23,4352.31
2026.06.09 13:50,4352.36,4352.72,4333.67,4334.20
2026.06.09 13:55,4334.15,4334.56,4326.56,4328.86
2026.06.09 14:00,4328.65,4336.06,4326.40,4329.29
2026.06.09 14:05,4329.44,4332.01,4324.74,4328.46
2026.06.09 14:10,4328.43,4328.76,4319.86,4321.20
2026.06.09 14:15,4321.21,4323.02,4306.04,4311.29
2026.06.09 14:20,4311.35,4320.18,4309.30,4318.55
2026.06.09 14:25,4318.54,4323.73,4315.98,4318.76
2026.06.09 14:30,4318.36,4320.32,4310.22,4314.68
2026.06.09 14:35,4314.72,4314.82,4302.88,4305.20
2026.06.09 14:40,4305.24,4307.45,4285.20,4285.21
2026.06.09 14:45,4284.87,4289.95,4278.68,4284.15
2026.06.09 14:50,4283.97,4298.23,4281.68,4298.15
2026.06.09 14:55,4297.97,4300.75,4292.80,4300.55
2026.06.09 15:00,4300.76,4301.99,4291.39,4293.20
2026.06.09 15:05,4293.62,4296.63,4289.94,4295.62
2026.06.09 15:10,4295.93,4299.19,4289.56,4294.81
2026.06.09 15:15,4294.66,4296.84,4291.50,4291.73
2026.06.09 15:20,4291.52,4294.25,4284.98,4285.55
2026.06.09 15:25,4285.52,4288.80,4277.21,4278.70
2026.06.09 15:30,4278.86,4281.81,4263.54,4274.25
2026.06.09 15:35,4274.49,4274.60,4263.16,4270.14
2026.06.09 15:40,4269.89,4279.92,4269.23,4279.73
2026.06.09 15:45,4279.93,4285.77,4278.54,4280.90
2026.06.09 15:50,4280.49,4284.00,4276.47,4279.77
2026.06.09 15:55,4279.81,4284.85,4272.83,4272.83
2026.06.09 16:00,4272.34,4280.96,4270.87,4273.82
2026.06.09 16:05,4273.81,4274.38,4260.73,4263.65
2026.06.09 16:10,4263.21,4266.91,4258.50,4259.76
2026.06.09 16:15,4259.70,4263.21,4253.15,4254.55
2026.06.09 16:20,4254.37,4263.50,4253.33,4261.99
2026.06.09 16:25,4262.04,4266.13,4261.33,4263.45
2026.06.09 16:30,4263.21,4264.45,4260.00,4262.03
2026.06.09 16:35,4261.98,4267.61,4237.39,4241.24
2026.06.09 16:40,4240.59,4248.23,4236.80,4245.00
2026.06.09 16:45,4244.17,4254.02,4244.17,4249.68
2026.06.09 16:50,4248.81,4251.44,4238.88,4239.94
2026.06.09 16:55,4240.11,4252.32,4239.79,4252.13
2026.06.09 17:00,4252.33,4263.61,4251.36,4262.38
2026.06.09 17:05,4262.48,4263.84,4258.63,4262.82
2026.06.09 17:10,4262.76,4264.34,4257.78,4261.29
2026.06.09 17:15,4260.52,4265.55,4258.50,4263.99
2026.06.09 17:20,4263.38,4267.81,4262.63,4266.40
2026.06.09 17:25,4266.27,4266.73,4260.78,4263.18
2026.06.09 17:30,4263.05,4266.07,4260.98,4265.52
2026.06.09 17:35,4265.67,4266.27,4261.84,4262.86
2026.06.09 17:40,4262.90,4268.03,4262.10,4264.71
2026.06.09 17:45,4264.83,4266.67,4256.50,4257.13
2026.06.09 17:50,4257.24,4260.04,4256.07,4258.42
2026.06.09 17:55,4258.41,4264.67,4258.14,4263.08
2026.06.09 18:00,4263.27,4265.54,4259.59,4262.45
2026.06.09 18:05,4262.42,4266.72,4260.81,4266.62
2026.06.09 18:10,4266.64,4266.68,4262.80,4265.32
2026.06.09 18:15,4265.20,4270.10,4263.00,4269.20
2026.06.09 18:20,4269.29,4274.27,4267.40,4273.44
2026.06.09 18:25,4273.48,4273.51,4267.89,4270.87
2026.06.09 18:30,4270.85,4273.95,4268.85,4270.69
2026.06.09 18:35,4270.78,4270.90,4268.37,4269.12
2026.06.09 18:40,4269.15,4270.00,4263.68,4264.27
2026.06.09 18:45,4264.44,4265.29,4262.22,4265.14
2026.06.09 18:50,4265.18,4267.98,4264.03,4265.87
2026.06.09 18:55,4265.98,4271.54,4265.50,4269.88
2026.06.09 19:00,4269.99,4270.59,4266.37,4269.71
2026.06.09 19:05,4269.48,4271.66,4264.88,4265.09
2026.06.09 19:10,4264.70,4264.98,4258.01,4258.66
2026.06.09 19:15,4258.67,4258.69,4254.74,4255.34
2026.06.09 19:20,4255.32,4256.40,4252.77,4255.70
2026.06.09 19:25,4255.40,4257.85,4254.15,4257.37
2026.06.09 19:30,4257.20,4260.14,4256.40,4259.43
2026.06.09 19:35,4259.45,4259.88,4252.67,4253.58
2026.06.09 19:40,4253.46,4253.50,4250.34,4250.94
2026.06.09 19:45,4251.09,4252.44,4249.95,4250.89
2026.06.09 19:50,4252.26,4258.94,4251.67,4258.90
2026.06.09 19:55,4258.90,4259.71,4256.36,4258.82
2026.06.09 20:00,4258.06,4260.95,4255.63,4260.75
2026.06.09 20:05,4260.54,4260.58,4257.28,4257.61
2026.06.09 20:10,4257.63,4259.33,4256.70,4258.44
2026.06.09 20:15,4258.30,4260.37,4258.12,4258.64
2026.06.09 20:20,4258.64,4259.69,4257.88,4258.26
2026.06.09 20:25,4258.23,4259.96,4258.07,4259.05
2026.06.09 20:30,4258.90,4259.14,4257.72,4257.89
2026.06.09 20:35,4257.85,4260.90,4257.85,4260.39
2026.06.09 20:40,4260.46,4261.92,4260.26,4261.37
2026.06.09 20:45,4261.46,4262.07,4260.44,4261.79
2026.06.09 20:50,4261.44,4261.72,4259.62,4260.17
2026.06.09 20:55,4260.15,4260.92,4259.28,4260.90
2026.06.09 22:00,4251.39,4257.44,4250.34,4255.27
2026.06.09 22:05,4255.07,4256.49,4251.16,4253.58
2026.06.09 22:10,4253.60,4256.70,4253.29,4255.45
2026.06.09 22:15,4255.57,4256.25,4253.12,4253.72
2026.06.09 22:20,4253.72,4256.28,4253.44,4254.51
2026.06.09 22:25,4254.29,4256.57,4253.18,4256.57
2026.06.09 22:30,4256.56,4257.43,4252.52,4252.74
2026.06.09 22:35,4253.29,4254.56,4250.41,4253.03
2026.06.09 22:40,4253.04,4255.02,4247.64,4249.22
2026.06.09 22:45,4249.22,4250.03,4237.96,4239.28
2026.06.09 22:50,4239.26,4240.92,4232.42,4235.03
2026.06.09 22:55,4235.01,4238.05,4234.02,4237.25
2026.06.09 23:00,4237.18,4246.41,4235.71,4246.11
2026.06.09 23:05,4246.10,4247.19,4241.66,4241.66
2026.06.09 23:10,4241.71,4242.66,4235.65,4236.05
2026.06.09 23:15,4236.18,4236.48,4227.32,4233.13
2026.06.09 23:20,4233.13,4234.50,4225.56,4227.61
2026.06.09 23:25,4227.47,4228.08,4223.12,4224.17
2026.06.09 23:30,4224.26,4229.85,4221.78,4225.65
2026.06.09 23:35,4225.65,4226.14,4221.52,4221.91
2026.06.09 23:40,4221.98,4224.34,4216.57,4218.59
2026.06.09 23:45,4218.58,4218.58,4211.56,4212.96
2026.06.09 23:50,4213.17,4221.04,4210.50,4220.65
2026.06.09 23:55,4220.66,4224.45,4217.89,4221.95
2026.06.10 00:00,4221.92,4223.82,4218.48,4220.53
2026.06.10 00:05,4220.34,4226.53,4219.58,4225.47
2026.06.10 00:10,4225.09,4225.73,4216.55,4225.09
2026.06.10 00:15,4224.68,4228.08,4218.50,4227.41
2026.06.10 00:20,4227.46,4228.33,4223.43,4225.16
2026.06.10 00:25,4225.17,4225.50,4218.05,4218.05
2026.06.10 00:30,4218.43,4218.99,4205.91,4206.28
2026.06.10 00:35,4206.00,4209.56,4201.80,4207.78
2026.06.10 00:40,4207.93,4208.23,4199.02,4204.32
2026.06.10 00:45,4204.77,4205.97,4199.85,4203.97
2026.06.10 00:50,4203.83,4208.59,4200.61,4207.45
2026.06.10 00:55,4207.50,4220.78,4207.46,4217.74
2026.06.10 01:00,4218.23,4218.69,4194.56,4194.56
2026.06.10 01:05,4194.43,4199.54,4187.17,4195.10
2026.06.10 01:10,4195.15,4206.51,4194.03,4203.40
2026.06.10 01:15,4203.22,4216.39,4200.70,4213.05
2026.06.10 01:20,4213.09,4213.09,4199.25,4200.96
2026.06.10 01:25,4200.79,4204.24,4197.36,4201.76
2026.06.10 01:30,4201.80,4204.72,4196.36,4202.54
2026.06.10 01:35,4202.44,4206.82,4197.73,4200.64
2026.06.10 01:40,4200.64,4201.99,4184.57,4187.28
2026.06.10 01:45,4187.15,4193.59,4184.61,4192.84
2026.06.10 01:50,4192.92,4195.60,4184.06,4191.97
2026.06.10 01:55,4191.93,4192.87,4187.43,4188.71
2026.06.10 02:00,4188.71,4191.74,4183.88,4186.89
2026.06.10 02:05,4187.02,4187.02,4179.73,4181.20
2026.06.10 02:10,4181.19,4186.41,4179.96,4182.75
2026.06.10 02:15,4183.06,4186.34,4179.94,4180.93
2026.06.10 02:20,4180.92,4187.13,4180.09,4183.35
2026.06.10 02:25,4183.25,4188.33,4178.18,4187.99
2026.06.10 02:30,4187.96,4192.54,4174.10,4179.29
2026.06.10 02:35,4179.21,4189.37,4178.88,4184.56
2026.06.10 02:40,4184.54,4189.39,4180.33,4184.26
2026.06.10 02:45,4184.30,4190.63,4183.50,4187.43
2026.06.10 02:50,4187.50,4188.39,4174.02,4175.14
2026.06.10 02:55,4174.87,4176.70,4173.49,4174.05
2026.06.10 03:00,4173.96,4176.99,4173.38,4176.71
2026.06.10 03:05,4176.71,4180.63,4174.14,4175.22
2026.06.10 03:10,4175.30,4178.53,4174.04,4178.20
2026.06.10 03:15,4178.20,4181.05,4175.54,4175.94
2026.06.10 03:20,4175.94,4176.32,4173.85,4175.10
2026.06.10 03:25,4175.11,4180.25,4174.85,4177.19
2026.06.10 03:30,4177.17,4180.76,4176.39,4180.40
2026.06.10 03:35,4180.19,4182.97,4176.75,4180.48
2026.06.10 03:40,4180.34,4182.69,4178.20,4179.80
2026.06.10 03:45,4179.79,4186.47,4179.58,4185.39
2026.06.10 03:50,4185.10,4185.88,4182.21,4185.03
2026.06.10 03:55,4184.96,4185.07,4181.87,4184.80
2026.06.10 04:00,4185.10,4187.13,4182.10,4186.31
2026.06.10 04:05,4186.00,4186.59,4181.95,4184.35
2026.06.10 04:10,4184.09,4184.39,4180.66,4181.35
2026.06.10 04:15,4181.20,4182.26,4178.75,4181.56
2026.06.10 04:20,4181.50,4183.00,4176.59,4178.25
2026.06.10 04:25,4178.30,4180.45,4173.69,4174.40
2026.06.10 04:30,4174.45,4175.24,4173.33,4174.37
2026.06.10 04:35,4174.37,4175.24,4173.43,4174.74
2026.06.10 04:40,4174.78,4175.18,4173.43,4173.58
2026.06.10 04:45,4173.71,4175.04,4172.62,4173.92
2026.06.10 04:50,4173.93,4175.74,4173.70,4175.02
2026.06.10 04:55,4174.99,4175.98,4173.76,4174.78
2026.06.10 05:00,4174.80,4178.27,4173.62,4174.68
2026.06.10 05:05,4174.69,4179.01,4173.84,4176.65
2026.06.10 05:10,4176.65,4180.34,4175.47,4179.71
2026.06.10 05:15,4180.32,4180.41,4175.55,4176.64
2026.06.10 05:20,4176.63,4183.20,4176.00,4180.58
2026.06.10 05:25,4180.60,4187.20,4179.67,4187.14
2026.06.10 05:30,4187.09,4193.18,4181.84,4191.06
2026.06.10 05:35,4191.06,4194.73,4188.12,4194.22
2026.06.10 05:40,4194.23,4198.99,4193.44,4198.13
2026.06.10 05:45,4198.04,4205.58,4197.45,4202.67
2026.06.10 05:50,4202.64,4206.37,4200.56,4203.70
2026.06.10 05:55,4204.10,4209.01,4203.68,4205.18
2026.06.10 06:00,4205.18,4212.56,4205.14,4211.07
2026.06.10 06:05,4210.93,4221.77,4209.24,4214.06
2026.06.10 06:10,4214.14,4215.96,4209.17,4212.85
2026.06.10 06:15,4212.90,4215.44,4211.10,4214.37
2026.06.10 06:20,4214.35,4216.68,4208.30,4208.94
2026.06.10 06:25,4209.13,4216.00,4209.13,4211.83
2026.06.10 06:30,4211.55,4213.42,4208.18,4210.46
2026.06.10 06:35,4210.43,4212.09,4207.74,4209.01
2026.06.10 06:40,4209.01,4209.29,4205.03,4207.69
2026.06.10 06:45,4207.41,4209.71,4203.20,4203.22
2026.06.10 06:50,4203.30,4206.55,4201.77,4202.10
2026.06.10 06:55,4202.10,4205.83,4202.02,4203.84
2026.06.10 07:00,4203.83,4205.71,4201.31,4203.65
2026.06.10 07:05,4203.63,4207.59,4202.08,4207.16
2026.06.10 07:10,4206.39,4207.97,4197.33,4200.21
2026.06.10 07:15,4200.29,4202.91,4197.89,4198.63
2026.06.10 07:20,4198.58,4203.61,4198.09,4199.12
2026.06.10 07:25,4199.07,4199.07,4193.55,4194.81
2026.06.10 07:30,4194.89,4196.96,4191.84,4194.71
2026.06.10 07:35,4194.71,4195.52,4190.24,4190.65
2026.06.10 07:40,4190.65,4193.34,4187.93,4189.60
2026.06.10 07:45,4189.68,4192.92,4189.21,4190.34
2026.06.10 07:50,4190.14,4190.20,4181.57,4182.07
2026.06.10 07:55,4182.06,4187.71,4181.61,4186.51
2026.06.10 08:00,4186.17,4187.28,4161.48,4164.16
2026.06.10 08:05,4164.43,4171.31,4162.00,4167.39
2026.06.10 08:10,4167.30,4172.34,4161.50,4166.20
2026.06.10 08:15,4166.48,4178.63,4166.07,4173.36
2026.06.10 08:20,4173.48,4174.52,4168.16,4170.90
2026.06.10 08:25,4171.23,4173.60,4169.29,4172.14
2026.06.10 08:30,4172.09,4172.15,4166.42,4168.09
2026.06.10 08:35,4168.32,4175.72,4168.15,4172.81
2026.06.10 08:40,4172.86,4179.32,4170.02,4170.54
2026.06.10 08:45,4170.53,4174.50,4166.45,4174.20
2026.06.10 08:50,4174.47,4176.38,4171.15,4171.15
2026.06.10 08:55,4171.13,4172.73,4167.72,4168.76
2026.06.10 09:00,4168.99,4169.60,4165.42,4167.10
2026.06.10 09:05,4167.26,4171.71,4166.55,4170.36
2026.06.10 09:10,4170.29,4174.00,4164.81,4165.05
2026.06.10 09:15,4165.03,4174.92,4164.51,4171.26
2026.06.10 09:20,4171.14,4171.16,4166.30,4168.32
2026.06.10 09:25,4168.27,4171.71,4164.26,4166.13
2026.06.10 09:30,4166.24,4177.35,4165.89,4176.85
2026.06.10 09:35,4176.84,4179.40,4171.31,4172.42
2026.06.10 09:40,4172.39,4172.76,4167.85,4171.19
2026.06.10 09:45,4171.40,4174.86,4166.01,4168.16
2026.06.10 09:50,4168.07,4168.51,4163.01,4166.06
2026.06.10 09:55,4166.03,4169.24,4165.31,4168.69
2026.06.10 10:00,4168.73,4171.08,4167.31,4169.31
2026.06.10 10:05,4169.32,4169.61,4155.52,4159.54
2026.06.10 10:10,4159.37,4162.22,4155.78,4160.94
2026.06.10 10:15,4160.84,4164.71,4159.61,4164.33
2026.06.10 10:20,4164.30,4169.75,4163.64,4166.68
2026.06.10 10:25,4166.70,4169.31,4162.72,4165.05
2026.06.10 10:30,4164.89,4168.79,4164.01,4165.05
2026.06.10 10:35,4164.99,4169.03,4164.52,4166.64
2026.06.10 10:40,4167.40,4171.34,4164.14,4171.34
2026.06.10 10:45,4171.40,4177.04,4169.75,4177.04
2026.06.10 10:50,4177.36,4178.53,4171.41,4171.81
2026.06.10 10:55,4171.78,4178.23,4171.61,4174.62
2026.06.10 11:00,4174.47,4176.08,4159.95,4160.97
2026.06.10 11:05,4161.44,4164.50,4153.64,4161.24
2026.06.10 11:10,4161.19,4169.08,4161.19,4168.80
2026.06.10 11:15,4168.57,4171.68,4164.78,4164.89
2026.06.10 11:20,4164.76,4170.63,4163.54,4163.83
2026.06.10 11:25,4163.59,4166.51,4156.88,4166.22
2026.06.10 11:30,4166.35,4167.95,4161.19,4164.79
2026.06.10 11:35,4164.81,4165.69,4156.31,4156.47
2026.06.10 11:40,4156.41,4160.00,4154.38,4154.38
2026.06.10 11:45,4154.38,4155.69,4152.57,4155.59
2026.06.10 11:50,4155.62,4163.32,4153.65,4154.18
2026.06.10 11:55,4154.72,4155.71,4145.59,4147.55
2026.06.10 12:00,4148.00,4152.46,4145.56,4147.10
2026.06.10 12:05,4147.20,4150.73,4144.69,4145.00
2026.06.10 12:10,4144.99,4145.05,4134.65,4136.05
2026.06.10 12:15,4136.24,4142.78,4135.47,4136.45
2026.06.10 12:20,4136.41,4137.25,4133.93,4134.54
2026.06.10 12:25,4134.55,4142.16,4131.48,4140.55
2026.06.10 12:30,4140.98,4173.82,4136.97,4162.67
2026.06.10 12:35,4162.70,4172.89,4156.06,4160.88
2026.06.10 12:40,4161.31,4166.66,4155.42,4160.28
2026.06.10 12:45,4160.63,4169.34,4156.21,4157.72
2026.06.10 12:50,4158.15,4158.17,4148.92,4151.77
2026.06.10 12:55,4151.94,4152.70,4142.35,4146.94
2026.06.10 13:00,4146.96,4156.22,4144.93,4153.11
2026.06.10 13:05,4153.14,4157.99,4148.44,4154.03
2026.06.10 13:10,4154.51,4157.27,4148.51,4151.40
2026.06.10 13:15,4151.36,4151.36,4134.26,4135.77
2026.06.10 13:20,4135.72,4146.30,4133.02,4144.24
2026.06.10 13:25,4144.06,4150.92,4143.48,4150.05
2026.06.10 13:30,4148.85,4153.53,4142.99,4142.99
2026.06.10 13:35,4142.51,4168.70,4141.96,4166.23
2026.06.10 13:40,4166.24,4178.26,4163.39,4178.26
2026.06.10 13:45,4178.92,4185.58,4173.81,4185.58
2026.06.10 13:50,4185.90,4186.17,4176.14,4180.06
2026.06.10 13:55,4180.49,4183.99,4175.46,4179.50
2026.06.10 14:00,4180.18,4180.64,4170.75,4171.53
2026.06.10 14:05,4171.54,4176.51,4170.19,4173.41
2026.06.10 14:10,4173.41,4179.96,4170.71,4174.31
2026.06.10 14:15,4174.65,4175.41,4167.30,4168.43
2026.06.10 14:20,4168.30,4172.80,4162.76,4170.65
2026.06.10 14:25,4169.48,4171.54,4159.60,4160.87
2026.06.10 14:30,4161.10,4163.28,4155.63,4160.22
2026.06.10 14:35,4160.21,4162.33,4153.07,4158.02
2026.06.10 14:40,4157.64,4161.39,4149.88,4149.92
2026.06.10 14:45,4149.82,4151.64,4138.20,4140.46
2026.06.10 14:50,4140.83,4142.73,4137.44,4138.02
2026.06.10 14:55,4137.98,4138.40,4118.18,4124.76
2026.06.10 15:00,4124.83,4136.30,4123.05,4129.04
2026.06.10 15:05,4129.11,4129.14,4122.05,4126.46
2026.06.10 15:10,4126.44,4127.18,4119.23,4123.33
2026.06.10 15:15,4122.89,4124.01,4113.51,4115.62
2026.06.10 15:20,4115.71,4133.78,4115.57,4130.24
2026.06.10 15:25,4130.16,4136.87,4127.71,4127.81
2026.06.10 15:30,4127.89,4131.15,4123.79,4127.95
2026.06.10 15:35,4128.22,4130.80,4122.68,4124.53
2026.06.10 15:40,4124.54,4129.98,4122.07,4128.64
2026.06.10 15:45,4128.63,4131.01,4108.69,4118.28
2026.06.10 15:50,4117.18,4125.62,4106.81,4119.90
2026.06.10 15:55,4119.66,4128.87,4115.54,4128.87
2026.06.10 16:00,4129.01,4131.68,4123.51,4126.65
2026.06.10 16:05,4126.61,4131.18,4124.34,4130.12
2026.06.10 16:10,4130.08,4132.83,4125.38,4129.19
2026.06.10 16:15,4129.06,4133.78,4127.96,4132.65
2026.06.10 16:20,4133.13,4134.50,4128.47,4129.85
2026.06.10 16:25,4129.73,4132.29,4126.00,4127.51
2026.06.10 16:30,4127.76,4129.98,4121.10,4129.22
2026.06.10 16:35,4129.27,4132.10,4126.01,4127.86
2026.06.10 16:40,4127.87,4128.29,4120.55,4122.17
2026.06.10 16:45,4122.21,4122.73,4115.98,4120.38
2026.06.10 16:50,4120.24,4123.00,4117.99,4120.16
2026.06.10 16:55,4119.93,4122.11,4117.33,4121.95
2026.06.10 17:00,4122.27,4134.90,4121.38,4132.17
2026.06.10 17:05,4132.16,4132.36,4119.20,4120.19
2026.06.10 17:10,4120.05,4120.40,4114.84,4117.97
2026.06.10 17:15,4117.96,4120.16,4113.41,4113.93
2026.06.10 17:20,4113.68,4116.37,4110.24,4111.83
2026.06.10 17:25,4111.75,4115.13,4109.23,4110.85
2026.06.10 17:30,4110.94,4112.35,4105.86,4111.15
2026.06.10 17:35,4111.13,4111.92,4105.16,4105.22
2026.06.10 17:40,4105.39,4106.31,4101.88,4102.38
2026.06.10 17:45,4102.29,4112.47,4101.01,4111.36
2026.06.10 17:50,4111.09,4113.18,4103.89,4109.74
2026.06.10 17:55,4109.80,4113.44,4109.39,4111.69
2026.06.10 18:00,4111.63,4120.33,4111.63,4119.81
2026.06.10 18:05,4119.88,4120.43,4114.45,4114.45
2026.06.10 18:10,4114.63,4117.77,4114.63,4115.93
2026.06.10 18:15,4115.83,4118.08,4110.41,4112.60
2026.06.10 18:20,4112.47,4115.06,4111.16,4112.77
2026.06.10 18:25,4112.72,4114.88,4109.64,4112.33
2026.06.10 18:30,4112.57,4112.57,4109.04,4109.21
2026.06.10 18:35,4109.13,4109.92,4106.57,4107.39
2026.06.10 18:40,4107.45,4109.84,4104.63,4104.98
2026.06.10 18:45,4105.01,4107.72,4104.20,4104.35
2026.06.10 18:50,4104.40,4104.41,4097.06,4101.47
2026.06.10 18:55,4101.41,4103.07,4099.32,4101.18
2026.06.10 19:00,4101.52,4101.91,4095.89,4096.28
2026.06.10 19:05,4096.22,4099.17,4094.69,4094.86
2026.06.10 19:10,4094.93,4094.93,4087.30,4088.90
2026.06.10 19:15,4088.94,4091.99,4087.49,4089.92
2026.06.10 19:20,4089.94,4090.03,4082.59,4084.90
2026.06.10 19:25,4084.80,4085.95,4081.70,4084.70
2026.06.10 19:30,4085.13,4088.97,4083.78,4086.27
2026.06.10 19:35,4086.32,4087.18,4082.24,4086.35
2026.06.10 19:40,4086.31,4091.92,4086.18,4091.56
2026.06.10 19:45,4091.59,4092.50,4085.67,4088.40
2026.06.10 19:50,4087.54,4091.69,4085.95,4087.31
2026.06.10 19:55,4086.59,4086.59,4081.70,4083.17
2026.06.10 20:00,4082.68,4083.05,4075.10,4077.57
2026.06.10 20:05,4077.74,4078.13,4070.15,4071.15
2026.06.10 20:10,4071.14,4073.60,4069.36,4072.10
2026.06.10 20:15,4072.14,4074.69,4071.25,4073.99
2026.06.10 20:20,4073.96,4076.89,4073.12,4076.43
2026.06.10 20:25,4076.85,4079.97,4076.05,4078.41
2026.06.10 20:30,4078.42,4078.42,4074.60,4076.11
2026.06.10 20:35,4076.13,4078.18,4074.06,4076.43
2026.06.10 20:40,4076.00,4076.00,4071.27,4072.74
2026.06.10 20:45,4072.64,4072.69,4067.51,4067.95
2026.06.10 20:50,4067.91,4069.25,4067.12,4068.99
2026.06.10 20:55,4069.28,4072.30,4069.07,4071.71
2026.06.10 22:00,4071.79,4072.81,4058.66,4063.42
2026.06.10 22:05,4063.34,4063.53,4050.78,4051.18
2026.06.10 22:10,4051.07,4057.21,4050.32,4056.23
2026.06.10 22:15,4056.55,4057.20,4043.31,4047.65
2026.06.10 22:20,4047.67,4047.67,4036.26,4038.45
2026.06.10 22:25,4038.47,4044.95,4036.10,4044.68
2026.06.10 22:30,4044.77,4054.14,4044.66,4050.78
2026.06.10 22:35,4050.62,4065.98,4050.62,4065.36
2026.06.10 22:40,4065.40,4068.87,4060.21,4062.77
2026.06.10 22:45,4062.77,4066.53,4057.90,4062.01
2026.06.10 22:50,4062.02,4064.06,4052.16,4053.68
2026.06.10 22:55,4054.23,4054.23,4045.73,4046.47
2026.06.10 23:00,4046.64,4053.78,4044.65,4049.68
2026.06.10 23:05,4049.67,4050.22,4038.96,4040.53
2026.06.10 23:10,4040.50,4042.54,4023.94,4030.17
2026.06.10 23:15,4029.85,4041.66,4025.18,4039.04
2026.06.10 23:20,4039.59,4047.63,4037.03,4043.59
2026.06.10 23:25,4043.93,4064.76,4041.94,4061.49
2026.06.10 23:30,4061.43,4063.93,4056.34,4057.95
2026.06.10 23:35,4057.96,4063.43,4057.02,4060.72
2026.06.10 23:40,4060.71,4064.24,4055.06,4056.21
2026.06.10 23:45,4056.37,4057.37,4049.16,4050.17
2026.06.10 23:50,4050.14,4052.27,4049.08,4051.07
2026.06.10 23:55,4050.88,4052.26,4044.72,4047.20
2026.06.11 00:00,4048.20,4059.54,4041.37,4043.89
2026.06.11 00:05,4043.80,4049.66,4039.78,4043.07
2026.06.11 00:10,4042.79,4055.87,4036.17,4052.30
2026.06.11 00:15,4052.26,4072.56,4050.01,4065.18
2026.06.11 00:20,4065.20,4070.45,4061.33,4061.61
2026.06.11 00:25,4061.73,4070.97,4057.48,4067.67
2026.06.11 00:30,4067.68,4076.51,4061.87,4064.41
2026.06.11 00:35,4064.33,4068.80,4059.23,4063.32
2026.06.11 00:40,4063.29,4074.63,4062.07,4063.44
2026.06.11 00:45,4063.44,4071.37,4063.30,4071.32
2026.06.11 00:50,4071.32,4075.00,4068.75,4069.39
2026.06.11 00:55,4069.32,4077.95,4069.08,4075.94
2026.06.11 01:00,4076.63,4089.68,4072.64,4079.10
2026.06.11 01:05,4078.88,4081.96,4066.50,4078.50
2026.06.11 01:10,4078.47,4089.35,4078.46,4086.75
2026.06.11 01:15,4086.74,4099.25,4085.58,4094.26
2026.06.11 01:20,4093.65,4102.86,4092.29,4102.54
2026.06.11 01:25,4102.56,4108.59,4102.04,4104.37
2026.06.11 01:30,4104.38,4112.36,4104.00,4110.68
2026.06.11 01:35,4110.66,4114.88,4109.61,4114.69
2026.06.11 01:40,4114.66,4118.05,4110.19,4113.50
2026.06.11 01:45,4113.50,4116.97,4106.51,4110.82
2026.06.11 01:50,4110.56,4111.29,4103.57,4104.03
2026.06.11 01:55,4103.63,4103.83,4097.98,4101.85
2026.06.11 02:00,4102.10,4102.53,4094.66,4100.69
2026.06.11 02:05,4100.82,4100.82,4092.26,4094.74
2026.06.11 02:10,4094.73,4097.65,4089.34,4089.67
2026.06.11 02:15,4089.61,4095.70,4087.76,4093.82
2026.06.11 02:20,4093.83,4094.25,4088.92,4090.09
2026.06.11 02:25,4089.97,4090.03,4081.60,4082.27
2026.06.11 02:30,4082.35,4084.84,4071.21,4073.11
2026.06.11 02:35,4073.17,4076.21,4065.01,4066.86
2026.06.11 02:40,4066.83,4067.61,4055.11,4059.27
2026.06.11 02:45,4059.26,4059.84,4052.42,4054.76
2026.06.11 02:50,4054.78,4063.75,4054.78,4062.48
2026.06.11 02:55,4062.42,4073.39,4062.16,4067.84
2026.06.11 03:00,4067.94,4075.50,4067.81,4075.05
2026.06.11 03:05,4075.17,4078.22,4069.89,4076.24
2026.06.11 03:10,4075.99,4075.99,4064.39,4065.40
2026.06.11 03:15,4065.44,4071.36,4065.18,4065.45
2026.06.11 03:20,4065.68,4065.68,4060.11,4062.64
2026.06.11 03:25,4062.82,4063.84,4056.97,4063.24
2026.06.11 03:30,4063.11,4067.92,4062.54,4067.31
2026.06.11 03:35,4067.42,4070.39,4064.38,4070.33
2026.06.11 03:40,4070.38,4071.76,4066.16,4067.45
2026.06.11 03:45,4067.71,4068.81,4065.10,4065.70
2026.06.11 03:50,4065.75,4075.43,4064.81,4072.99
2026.06.11 03:55,4072.99,4075.21,4072.07,4072.76
2026.06.11 04:00,4072.76,4075.73,4071.40,4072.62
2026.06.11 04:05,4072.68,4079.89,4070.11,4079.89
2026.06.11 04:10,4079.89,4083.04,4078.08,4082.75
2026.06.11 04:15,4082.72,4083.35,4079.18,4081.62
2026.06.11 04:20,4081.54,4085.40,4080.13,4081.21
2026.06.11 04:25,4080.94,4082.09,4076.34,4077.75
2026.06.11 04:30,4077.82,4083.83,4077.75,4077.80
2026.06.11 04:35,4077.86,4079.65,4074.95,4078.74
2026.06.11 04:40,4078.63,4083.97,4078.42,4082.14
2026.06.11 04:45,4082.20,4085.88,4082.04,4083.44
2026.06.11 04:50,4083.44,4085.35,4079.70,4083.84
2026.06.11 04:55,4083.86,4085.01,4081.52,4082.69
2026.06.11 05:00,4082.79,4083.16,4075.53,4077.85
2026.06.11 05:05,4078.12,4080.65,4075.46,4079.40
2026.06.11 05:10,4079.41,4079.59,4076.61,4077.31
2026.06.11 05:15,4077.29,4080.88,4075.24,4079.37
2026.06.11 05:20,4078.99,4081.15,4076.74,4076.98
2026.06.11 05:25,4076.46,4080.01,4072.73,4075.07
2026.06.11 05:30,4075.33,4095.95,4074.52,4095.15
2026.06.11 05:35,4095.03,4096.49,4090.96,4093.76
2026.06.11 05:40,4093.95,4099.51,4093.95,4099.47
2026.06.11 05:45,4099.34,4106.24,4096.71,4100.51
2026.06.11 05:50,4100.25,4100.92,4093.54,4094.07
2026.06.11 05:55,4093.97,4098.56,4093.80,4094.31
2026.06.11 06:00,4094.23,4094.70,4084.60,4084.60
2026.06.11 06:05,4084.67,4085.74,4078.96,4080.67
2026.06.11 06:10,4080.84,4084.45,4076.42,4084.33
2026.06.11 06:15,4084.28,4088.39,4081.91,4086.66
2026.06.11 06:20,4086.89,4091.13,4086.68,4091.08
2026.06.11 06:25,4091.12,4092.86,4086.20,4086.69
2026.06.11 06:30,4086.78,4087.94,4083.90,4084.20
2026.06.11 06:35,4084.12,4091.23,4083.04,4088.25
2026.06.11 06:40,4088.15,4092.81,4086.95,4092.72
2026.06.11 06:45,4092.72,4094.16,4091.04,4091.84
2026.06.11 06:50,4091.79,4097.53,4091.23,4097.48
2026.06.11 06:55,4097.54,4097.58,4091.79,4094.28
2026.06.11 07:00,4094.59,4097.74,4092.80,4094.78
2026.06.11 07:05,4094.79,4097.53,4093.00,4093.70
2026.06.11 07:10,4093.68,4098.31,4091.77,4096.61
2026.06.11 07:15,4096.73,4105.68,4096.25,4104.88
2026.06.11 07:20,4104.89,4107.83,4102.92,4107.68
2026.06.11 07:25,4107.68,4110.27,4106.45,4107.48
2026.06.11 07:30,4107.63,4110.50,4106.35,4107.08
2026.06.11 07:35,4107.19,4108.85,4101.56,4104.62
2026.06.11 07:40,4104.62,4109.41,4102.95,4107.55
2026.06.11 07:45,4107.55,4107.98,4103.37,4103.38
2026.06.11 07:50,4102.85,4104.10,4099.07,4102.98
2026.06.11 07:55,4102.99,4106.00,4102.59,4104.90
2026.06.11 08:00,4104.52,4111.89,4104.21,4106.10
2026.06.11 08:05,4106.60,4112.09,4105.14,4111.63
2026.06.11 08:10,4111.63,4112.54,4105.32,4106.12
2026.06.11 08:15,4106.11,4108.37,4102.91,4105.67
2026.06.11 08:20,4105.67,4105.67,4100.50,4102.80
2026.06.11 08:25,4102.91,4103.38,4097.14,4097.38
2026.06.11 08:30,4097.09,4097.65,4093.79,4095.32
2026.06.11 08:35,4095.33,4099.37,4094.92,4095.35
2026.06.11 08:40,4095.34,4096.79,4090.25,4090.56
2026.06.11 08:45,4090.46,4092.00,4088.83,4089.23
2026.06.11 08:50,4089.21,4091.69,4086.72,4086.73
2026.06.11 08:55,4086.73,4087.71,4084.44,4084.44
2026.06.11 09:00,4084.27,4087.26,4083.28,4085.30
2026.06.11 09:05,4085.31,4087.17,4080.85,4080.88
2026.06.11 09:10,4080.96,4087.36,4080.71,4085.88
2026.06.11 09:15,4085.90,4088.81,4085.20,4086.59
2026.06.11 09:20,4086.53,4086.53,4083.71,4085.00
2026.06.11 09:25,4084.88,4085.02,4078.89,4079.38
2026.06.11 09:30,4079.63,4082.75,4077.53,4080.68
2026.06.11 09:35,4080.64,4088.67,4080.59,4088.66
2026.06.11 09:40,4088.64,4091.88,4087.46,4091.69
2026.06.11 09:45,4091.69,4096.37,4091.25,4093.98
2026.06.11 09:50,4093.99,4095.86,4090.29,4093.97
2026.06.11 09:55,4094.04,4094.76,4090.01,4091.58
2026.06.11 10:00,4091.56,4093.99,4089.99,4091.83
2026.06.11 10:05,4091.81,4094.06,4090.48,4090.54
2026.06.11 10:10,4090.55,4092.85,4088.05,4092.06
2026.06.11 10:15,4092.06,4092.83,4086.81,4086.81
2026.06.11 10:20,4086.86,4094.44,4086.86,4093.61
2026.06.11 10:25,4093.46,4093.68,4087.70,4087.84
2026.06.11 10:30,4087.68,4092.83,4086.56,4092.24
2026.06.11 10:35,4092.21,4092.95,4088.72,4090.87
2026.06.11 10:40,4090.90,4092.18,4089.54,4090.41
2026.06.11 10:45,4090.43,4091.42,4087.56,4088.49
2026.06.11 10:50,4088.52,4092.90,4088.52,4089.73
2026.06.11 10:55,4089.73,4091.49,4087.77,4089.86
2026.06.11 11:00,4089.89,4093.16,4086.91,4091.82
2026.06.11 11:05,4091.83,4093.14,4088.45,4091.17
2026.06.11 11:10,4091.17,4093.12,4086.24,4086.24
2026.06.11 11:15,4086.13,4089.38,4084.12,4086.52
2026.06.11 11:20,4086.61,4088.49,4083.37,4086.25
2026.06.11 11:25,4086.21,4091.22,4084.31,4090.28
2026.06.11 11:30,4090.33,4095.88,4088.14,4088.27
2026.06.11 11:35,4087.88,4088.91,4082.74,4083.41
2026.06.11 11:40,4083.61,4086.96,4081.69,4084.89
2026.06.11 11:45,4084.82,4086.26,4082.48,4085.06
2026.06.11 11:50,4085.05,4087.62,4084.45,4086.14
2026.06.11 11:55,4086.14,4087.33,4079.98,4080.33
2026.06.11 12:00,4080.98,4087.12,4078.41,4086.51
2026.06.11 12:05,4086.44,4086.83,4079.50,4079.89
2026.06.11 12:10,4079.89,4079.89,4073.03,4076.32
2026.06.11 12:15,4076.30,4081.94,4075.11,4075.17
2026.06.11 12:20,4075.16,4078.22,4061.51,4069.10
2026.06.11 12:25,4069.06,4072.84,4062.95,4068.95
2026.06.11 12:30,4068.92,4073.90,4057.60,4062.54
2026.06.11 12:35,4062.19,4066.82,4057.97,4065.84
2026.06.11 12:40,4066.11,4076.82,4065.04,4073.22
2026.06.11 12:45,4072.54,4081.19,4069.82,4077.24
2026.06.11 12:50,4077.05,4081.35,4072.98,4080.08
2026.06.11 12:55,4080.10,4084.87,4076.90,4082.06
2026.06.11 13:00,4081.76,4085.60,4077.97,4083.77
2026.06.11 13:05,4083.78,4086.06,4079.00,4085.79
2026.06.11 13:10,4085.59,4085.96,4072.03,4073.15
2026.06.11 13:15,4073.13,4077.23,4072.84,4072.91
2026.06.11 13:20,4072.68,4078.88,4072.68,4075.79
2026.06.11 13:25,4075.59,4081.76,4072.18,4075.36
2026.06.11 13:30,4075.12,4081.48,4071.84,4075.22
2026.06.11 13:35,4075.26,4082.65,4068.25,4072.53
2026.06.11 13:40,4072.69,4078.59,4067.10,4076.17
2026.06.11 13:45,4076.41,4092.40,4073.64,4083.77
2026.06.11 13:50,4083.86,4092.56,4083.86,4085.05
2026.06.11 13:55,4085.27,4091.39,4082.53,4083.19
2026.06.11 14:00,4083.35,4085.39,4075.81,4078.17
2026.06.11 14:05,4077.87,4077.91,4060.43,4062.75
2026.06.11 14:10,4062.65,4063.37,4053.05,4060.88
2026.06.11 14:15,4061.09,4066.61,4056.14,4063.57
2026.06.11 14:20,4063.59,4082.04,4062.95,4079.58
2026.06.11 14:25,4079.54,4084.62,4073.74,4074.75
2026.06.11 14:30,4074.86,4077.17,4070.53,4072.64
2026.06.11 14:35,4072.59,4079.65,4071.02,4078.76
2026.06.11 14:40,4078.72,4083.42,4076.13,4076.23
2026.06.11 14:45,4076.31,4079.54,4072.83,4078.64
2026.06.11 14:50,4078.18,4080.93,4073.77,4076.93
2026.06.11 14:55,4076.68,4079.04,4072.16,4073.49
2026.06.11 15:00,4073.34,4076.40,4070.38,4073.46
2026.06.11 15:05,4073.60,4086.40,4072.23,4080.95
2026.06.11 15:10,4080.90,4087.66,4079.72,4080.59
2026.06.11 15:15,4080.57,4086.45,4079.79,4082.01
2026.06.11 15:20,4082.01,4089.13,4076.77,4078.88
2026.06.11 15:25,4078.85,4084.57,4074.91,4081.57
2026.06.11 15:30,4081.65,4082.72,4077.59,4079.65
2026.06.11 15:35,4079.69,4086.81,4078.74,4085.98
2026.06.11 15:40,4086.22,4090.35,4086.20,4088.13
2026.06.11 15:45,4088.27,4091.68,4087.48,4089.75
2026.06.11 15:50,4090.14,4095.42,4088.16,4090.40
2026.06.11 15:55,4090.50,4090.50,4085.94,4088.91
2026.06.11 16:00,4088.79,4093.20,4087.02,4087.41
2026.06.11 16:05,4087.69,4093.64,4086.68,4092.63
2026.06.11 16:10,4092.57,4103.22,4091.17,4102.60
2026.06.11 16:15,4102.83,4107.39,4096.22,4096.86
2026.06.11 16:20,4096.99,4098.42,4087.62,4087.76
2026.06.11 16:25,4087.78,4088.77,4079.47,4079.57
2026.06.11 16:30,4078.96,4087.69,4078.44,4084.64
2026.06.11 16:35,4084.51,4086.33,4081.65,4082.60
2026.06.11 16:40,4082.70,4085.21,4081.12,4081.93
2026.06.11 16:45,4081.78,4084.18,4080.27,4081.37
2026.06.11 16:50,4081.39,4082.34,4077.98,4079.60
2026.06.11 16:55,4079.65,4082.22,4079.26,4080.10
2026.06.11 17:00,4080.15,4080.76,4071.94,4074.68
2026.06.11 17:05,4074.76,4077.63,4074.35,4076.61
2026.06.11 17:10,4076.62,4078.67,4073.11,4075.99
2026.06.11 17:15,4075.96,4078.84,4074.35,4078.37
2026.06.11 17:20,4078.33,4081.18,4076.04,4080.38
2026.06.11 17:25,4080.38,4102.01,4078.36,4101.72
2026.06.11 17:30,4102.96,4149.38,4102.96,4149.13
2026.06.11 17:35,4148.97,4154.51,4138.19,4150.34
2026.06.11 17:40,4150.90,4170.05,4147.49,4166.53
2026.06.11 17:45,4166.65,4166.65,4153.50,4153.61
2026.06.11 17:50,4154.36,4161.36,4146.99,4153.41
2026.06.11 17:55,4153.59,4157.01,4146.62,4151.76
2026.06.11 18:00,4151.82,4155.53,4136.22,4138.64
2026.06.11 18:05,4138.56,4141.48,4131.29,4135.54
2026.06.11 18:10,4135.26,4146.73,4135.26,4146.73
2026.06.11 18:15,4146.76,4162.86,4145.25,4161.15
2026.06.11 18:20,4160.57,4162.32,4151.25,4155.72
2026.06.11 18:25,4155.76,4156.48,4150.66,4152.93
2026.06.11 18:30,4153.12,4157.92,4149.10,4154.10
2026.06.11 18:35,4153.93,4158.70,4152.77,4156.41
2026.06.11 18:40,4156.40,4165.08,4155.20,4164.79
2026.06.11 18:45,4164.49,4171.55,4164.03,4168.10
2026.06.11 18:50,4168.03,4169.97,4164.20,4164.77
2026.06.11 18:55,4164.77,4165.48,4160.39,4161.66
2026.06.11 19:00,4161.84,4174.29,4161.84,4174.29
2026.06.11 19:05,4174.11,4175.57,4169.48,4174.11
2026.06.11 19:10,4174.10,4189.22,4173.06,4188.29
2026.06.11 19:15,4188.64,4196.82,4186.19,4195.55
2026.06.11 19:20,4195.55,4198.25,4188.60,4191.69
2026.06.11 19:25,4191.72,4198.34,4189.23,4195.58
2026.06.11 19:30,4196.20,4214.65,4196.20,4214.64
2026.06.11 19:35,4214.92,4219.97,4208.36,4208.38
2026.06.11 19:40,4208.66,4217.49,4208.39,4210.18
2026.06.11 19:45,4210.18,4214.91,4209.93,4210.13
2026.06.11 19:50,4210.95,4215.40,4209.32,4215.40
2026.06.11 19:55,4215.46,4215.46,4207.47,4209.02
2026.06.11 20:00,4211.67,4216.02,4208.31,4208.40
2026.06.11 20:05,4208.33,4216.39,4208.16,4214.81
2026.06.11 20:10,4214.67,4218.48,4212.17,4213.83
2026.06.11 20:15,4213.85,4214.88,4212.29,4213.38
2026.06.11 20:20,4213.38,4216.14,4212.86,4215.67
2026.06.11 20:25,4215.33,4215.33,4212.30,4214.09
2026.06.11 20:30,4214.08,4216.40,4212.29,4213.61
2026.06.11 20:35,4213.73,4215.61,4210.33,4211.02
2026.06.11 20:40,4211.50,4212.51,4209.64,4209.78
2026.06.11 20:45,4209.68,4211.99,4209.13,4211.04
2026.06.11 20:50,4211.15,4212.98,4210.21,4212.20
2026.06.11 20:55,4211.51,4212.66,4210.70,4212.66
2026.06.11 22:00,4207.32,4220.07,4205.41,4208.57
2026.06.11 22:05,4208.55,4210.94,4207.09,4209.53
2026.06.11 22:10,4209.47,4210.97,4207.13,4209.88
2026.06.11 22:15,4209.69,4210.96,4207.30,4208.30
2026.06.11 22:20,4208.25,4211.61,4205.86,4206.57
2026.06.11 22:25,4206.55,4215.75,4206.33,4214.80
2026.06.11 22:30,4214.55,4216.05,4211.10,4214.00
2026.06.11 22:35,4214.00,4215.32,4211.72,4215.32
2026.06.11 22:40,4215.40,4228.15,4214.87,4225.78
2026.06.11 22:45,4225.78,4236.09,4225.38,4231.77
2026.06.11 22:50,4231.72,4235.57,4225.06,4235.55
2026.06.11 22:55,4234.86,4246.62,4233.14,4243.26
2026.06.11 23:00,4243.45,4245.71,4224.80,4226.95
2026.06.11 23:05,4226.95,4230.44,4223.50,4225.67
2026.06.11 23:10,4225.77,4227.96,4221.68,4223.59
2026.06.11 23:15,4223.77,4226.44,4221.21,4222.18
2026.06.11 23:20,4222.17,4222.98,4215.87,4216.05
2026.06.11 23:25,4216.25,4218.17,4214.27,4216.98
2026.06.11 23:30,4216.21,4223.44,4214.76,4216.88
2026.06.11 23:35,4216.90,4220.62,4214.68,4216.60
2026.06.11 23:40,4216.66,4220.65,4214.79,4219.40
2026.06.11 23:45,4219.44,4224.31,4217.35,4219.46
2026.06.11 23:50,4219.48,4223.21,4215.38,4216.53
2026.06.11 23:55,4216.56,4222.06,4216.24,4219.98
2026.06.12 00:00,4219.98,4222.12,4212.59,4219.31
2026.06.12 00:05,4218.85,4225.73,4215.74,4217.12
2026.06.12 00:10,4217.18,4218.79,4215.49,4216.86
2026.06.12 00:15,4216.82,4216.90,4207.28,4216.37
2026.06.12 00:20,4216.37,4224.22,4214.89,4223.91
2026.06.12 00:25,4223.97,4230.38,4220.27,4220.33
2026.06.12 00:30,4220.32,4228.61,4219.89,4221.50
2026.06.12 00:35,4221.49,4224.02,4214.11,4214.76
2026.06.12 00:40,4214.76,4214.82,4202.81,4203.39
2026.06.12 00:45,4203.91,4208.06,4201.23,4202.01
2026.06.12 00:50,4201.94,4205.35,4200.84,4200.96
2026.06.12 00:55,4201.02,4208.20,4200.90,4208.20
2026.06.12 01:00,4208.17,4210.61,4184.02,4184.80
2026.06.12 01:05,4184.67,4193.31,4183.29,4193.14
2026.06.12 01:10,4193.11,4193.13,4184.92,4187.09
2026.06.12 01:15,4187.06,4193.68,4185.73,4189.32
2026.06.12 01:20,4189.33,4192.27,4187.45,4189.52
2026.06.12 01:25,4189.53,4189.78,4179.38,4181.07
2026.06.12 01:30,4180.92,4186.59,4176.06,4180.03
2026.06.12 01:35,4179.94,4180.53,4171.41,4179.06
2026.06.12 01:40,4179.01,4183.60,4176.75,4179.48
2026.06.12 01:45,4179.66,4191.41,4179.66,4191.41
2026.06.12 01:50,4191.44,4191.44,4186.15,4186.42
2026.06.12 01:55,4186.72,4190.00,4184.30,4186.85
2026.06.12 02:00,4186.13,4194.33,4183.69,4191.36
2026.06.12 02:05,4191.32,4197.53,4190.20,4197.36
2026.06.12 02:10,4197.23,4200.02,4193.84,4193.90
2026.06.12 02:15,4194.00,4194.41,4190.82,4192.58
2026.06.12 02:20,4192.67,4193.45,4190.02,4191.11
2026.06.12 02:25,4191.19,4191.42,4186.44,4188.39
2026.06.12 02:30,4188.32,4189.05,4182.76,4182.89
2026.06.12 02:35,4182.84,4193.11,4182.65,4188.98
2026.06.12 02:40,4189.04,4190.15,4184.67,4186.26
2026.06.12 02:45,4185.83,4191.11,4183.62,4190.51
2026.06.12 02:50,4190.58,4192.37,4187.65,4188.72
2026.06.12 02:55,4188.73,4193.60,4187.94,4191.62
2026.06.12 03:00,4191.48,4196.00,4189.56,4191.94
2026.06.12 03:05,4191.77,4195.34,4190.55,4192.66
2026.06.12 03:10,4192.68,4195.99,4191.25,4193.92
2026.06.12 03:15,4193.98,4201.20,4193.64,4196.00
2026.06.12 03:20,4196.02,4198.83,4192.96,4197.39
2026.06.12 03:25,4197.37,4203.50,4196.56,4203.28
2026.06.12 03:30,4202.45,4204.54,4199.08,4203.70
2026.06.12 03:35,4203.62,4204.72,4201.08,4201.92
2026.06.12 03:40,4201.88,4204.85,4198.90,4199.26
2026.06.12 03:45,4198.96,4199.22,4195.49,4197.30
2026.06.12 03:50,4197.23,4201.01,4196.31,4200.48
2026.06.12 03:55,4200.44,4201.37,4196.59,4196.96
2026.06.12 04:00,4197.03,4200.98,4192.82,4197.06
2026.06.12 04:05,4197.02,4197.13,4192.02,4196.16
2026.06.12 04:10,4196.16,4196.57,4192.02,4194.24
2026.06.12 04:15,4194.23,4195.60,4190.36,4192.12
2026.06.12 04:20,4192.12,4193.49,4190.67,4193.21
2026.06.12 04:25,4192.94,4194.23,4191.60,4192.72
2026.06.12 04:30,4192.70,4197.12,4191.90,4195.71
2026.06.12 04:35,4195.70,4198.41,4193.66,4195.34
2026.06.12 04:40,4195.33,4197.22,4192.85,4193.35
2026.06.12 04:45,4193.35,4194.21,4189.93,4190.84
2026.06.12 04:50,4190.84,4192.84,4190.11,4192.25
2026.06.12 04:55,4192.17,4192.89,4189.58,4189.93
2026.06.12 05:00,4189.82,4192.75,4187.46,4187.85
2026.06.12 05:05,4187.78,4190.46,4185.04,4185.08
2026.06.12 05:10,4185.26,4189.74,4181.97,4188.80
2026.06.12 05:15,4188.64,4189.44,4184.97,4186.03
2026.06.12 05:20,4186.06,4189.14,4185.97,4187.09
2026.06.12 05:25,4187.08,4189.56,4185.93,4187.08
2026.06.12 05:30,4187.74,4187.74,4178.11,4180.53
2026.06.12 05:35,4180.24,4180.24,4172.55,4174.93
2026.06.12 05:40,4174.98,4181.10,4174.32,4180.47
2026.06.12 05:45,4180.47,4180.86,4176.12,4179.21
2026.06.12 05:50,4179.38,4180.02,4173.20,4175.33
2026.06.12 05:55,4175.31,4176.77,4170.72,4173.29
2026.06.12 06:00,4173.38,4183.17,4173.30,4181.28
2026.06.12 06:05,4181.19,4184.21,4178.80,4181.74
2026.06.12 06:10,4181.74,4185.61,4181.51,4182.94
2026.06.12 06:15,4182.95,4183.15,4179.59,4180.67
2026.06.12 06:20,4180.67,4182.71,4178.98,4180.32
2026.06.12 06:25,4180.33,4182.63,4179.51,4182.11
2026.06.12 06:30,4182.02,4182.55,4175.68,4177.48
2026.06.12 06:35,4177.48,4181.38,4176.00,4177.88
2026.06.12 06:40,4177.89,4178.76,4172.41,4176.49
2026.06.12 06:45,4176.50,4177.52,4174.24,4176.32
2026.06.12 06:50,4176.26,4180.76,4176.26,4178.41
2026.06.12 06:55,4178.41,4184.69,4177.15,4184.19
2026.06.12 07:00,4184.15,4184.79,4176.10,4178.22
2026.06.12 07:05,4177.95,4181.88,4177.66,4180.76
2026.06.12 07:10,4180.66,4182.69,4177.90,4178.30
2026.06.12 07:15,4178.47,4179.05,4174.19,4177.37
2026.06.12 07:20,4177.37,4179.27,4175.80,4178.19
2026.06.12 07:25,4178.16,4180.07,4173.92,4174.14
2026.06.12 07:30,4174.01,4175.76,4170.27,4173.96
2026.06.12 07:35,4173.68,4179.42,4173.68,4178.53
2026.06.12 07:40,4178.68,4184.38,4178.68,4183.03
2026.06.12 07:45,4182.98,4183.52,4174.55,4175.20
2026.06.12 07:50,4175.20,4178.26,4173.82,4175.63
2026.06.12 07:55,4175.55,4193.80,4175.39,4193.80
2026.06.12 08:00,4194.50,4202.77,4191.92,4197.83
2026.06.12 08:05,4197.84,4203.58,4195.18,4201.93
2026.06.12 08:10,4201.81,4204.90,4201.32,4203.73
2026.06.12 08:15,4203.82,4219.75,4199.55,4217.86
2026.06.12 08:20,4217.99,4220.55,4212.58,4218.05
2026.06.12 08:25,4218.16,4218.85,4211.25,4213.04
2026.06.12 08:30,4213.04,4220.01,4212.96,4218.24
2026.06.12 08:35,4218.21,4222.29,4215.41,4220.94
2026.06.12 08:40,4220.95,4220.95,4211.88,4218.37
2026.06.12 08:45,4218.38,4220.26,4213.13,4218.46
2026.06.12 08:50,4218.41,4222.12,4216.08,4221.56
2026.06.12 08:55,4221.76,4226.00,4219.39,4219.59
2026.06.12 09:00,4219.60,4222.78,4217.49,4221.43
2026.06.12 09:05,4221.44,4224.00,4219.59,4223.18
2026.06.12 09:10,4223.12,4225.25,4221.80,4224.14
2026.06.12 09:15,4224.27,4226.74,4220.94,4223.47
2026.06.12 09:20,4223.25,4225.64,4219.09,4222.21
2026.06.12 09:25,4222.21,4225.77,4219.36,4220.95
2026.06.12 09:30,4221.17,4226.19,4219.21,4225.71
2026.06.12 09:35,4225.90,4226.89,4221.56,4223.30
2026.06.12 09:40,4223.15,4227.83,4222.92,4225.36
2026.06.12 09:45,4225.41,4227.96,4223.53,4223.99
2026.06.12 09:50,4224.18,4224.64,4221.36,4223.50
2026.06.12 09:55,4223.55,4225.42,4221.46,4221.87
2026.06.12 10:00,4221.85,4224.46,4218.96,4222.23
2026.06.12 10:05,4221.67,4225.52,4220.26,4224.72
2026.06.12 10:10,4224.72,4224.84,4220.05,4221.57
2026.06.12 10:15,4221.44,4222.21,4215.20,4217.77
2026.06.12 10:20,4217.63,4217.67,4210.70,4213.47
2026.06.12 10:25,4213.26,4214.07,4202.84,4206.85
2026.06.12 10:30,4207.03,4218.69,4206.67,4214.79
2026.06.12 10:35,4214.77,4216.30,4214.20,4215.53
2026.06.12 10:40,4215.51,4217.28,4214.46,4215.36
2026.06.12 10:45,4215.19,4218.64,4214.27,4215.54
2026.06.12 10:50,4215.19,4216.11,4212.39,4213.16
2026.06.12 10:55,4213.19,4215.31,4209.27,4210.92
2026.06.12 11:00,4210.91,4211.98,4205.78,4206.07
2026.06.12 11:05,4206.17,4208.99,4205.11,4207.67
2026.06.12 11:10,4207.56,4208.31,4205.28,4207.44
2026.06.12 11:15,4207.29,4207.94,4203.86,4205.94
2026.06.12 11:20,4205.93,4210.05,4205.57,4209.73
2026.06.12 11:25,4209.72,4210.21,4202.16,4202.60
2026.06.12 11:30,4202.50,4202.66,4197.56,4199.66
2026.06.12 11:35,4199.60,4202.71,4199.32,4202.37
2026.06.12 11:40,4202.33,4210.44,4201.95,4209.77
2026.06.12 11:45,4209.79,4211.84,4208.80,4210.14
2026.06.12 11:50,4210.18,4215.36,4208.50,4214.88
2026.06.12 11:55,4214.89,4214.92,4206.52,4206.91
2026.06.12 12:00,4206.42,4208.45,4202.77,4206.21
2026.06.12 12:05,4206.18,4209.15,4205.32,4207.66
2026.06.12 12:10,4207.87,4213.95,4207.70,4213.95
2026.06.12 12:15,4214.09,4215.22,4211.33,4211.66
2026.06.12 12:20,4211.50,4211.84,4202.46,4203.49
2026.06.12 12:25,4203.49,4203.57,4200.27,4200.91
2026.06.12 12:30,4201.10,4201.65,4197.42,4199.77
2026.06.12 12:35,4199.84,4201.00,4192.27,4192.67
2026.06.12 12:40,4192.96,4200.77,4192.36,4196.75
2026.06.12 12:45,4196.81,4198.39,4193.56,4197.06
2026.06.12 12:50,4197.03,4200.66,4193.52,4193.65
2026.06.12 12:55,4193.84,4194.63,4188.49,4191.74
2026.06.12 13:00,4191.76,4197.95,4186.57,4196.97
2026.06.12 13:05,4197.02,4201.21,4193.55,4199.78
2026.06.12 13:10,4200.09,4200.80,4193.71,4198.33
2026.06.12 13:15,4198.14,4203.05,4197.32,4202.41
2026.06.12 13:20,4202.56,4206.69,4202.02,4203.87
2026.06.12 13:25,4203.80,4205.10,4201.54,4202.89
2026.06.12 13:30,4202.91,4205.35,4197.11,4198.91
2026.06.12 13:35,4198.96,4210.11,4198.54,4207.48
2026.06.12 13:40,4207.31,4207.44,4183.07,4190.95
2026.06.12 13:45,4190.88,4193.65,4183.80,4190.78
2026.06.12 13:50,4190.55,4193.55,4186.77,4189.14
2026.06.12 13:55,4189.21,4192.22,4183.49,4186.06
2026.06.12 14:00,4186.51,4197.98,4185.39,4194.34
2026.06.12 14:05,4195.03,4198.25,4184.79,4198.16
2026.06.12 14:10,4197.91,4197.97,4189.70,4193.09
2026.06.12 14:15,4192.96,4199.34,4190.09,4190.09
2026.06.12 14:20,4189.97,4191.79,4182.68,4187.24
2026.06.12 14:25,4187.30,4193.93,4186.72,4188.53
2026.06.12 14:30,4188.42,4189.51,4181.15,4186.79
2026.06.12 14:35,4186.63,4192.59,4186.01,4192.09
2026.06.12 14:40,4192.17,4193.14,4181.21,4184.49
2026.06.12 14:45,4184.00,4184.92,4177.06,4182.91
2026.06.12 14:50,4183.08,4207.62,4179.42,4207.62
2026.06.12 14:55,4207.16,4208.46,4201.25,4203.90
2026.06.12 15:00,4203.98,4209.38,4200.23,4203.33
2026.06.12 15:05,4203.55,4210.74,4203.43,4208.59
2026.06.12 15:10,4208.60,4214.98,4208.49,4213.96
2026.06.12 15:15,4213.98,4219.10,4212.86,4215.06
2026.06.12 15:20,4215.14,4230.23,4213.15,4228.04
2026.06.12 15:25,4227.99,4235.42,4223.42,4225.81
2026.06.12 15:30,4225.78,4228.28,4218.53,4219.31
2026.06.12 15:35,4219.44,4226.38,4215.23,4218.78
2026.06.12 15:40,4218.88,4219.20,4210.45,4211.05
2026.06.12 15:45,4210.96,4215.15,4207.15,4207.75
2026.06.12 15:50,4208.05,4216.35,4207.61,4215.27
2026.06.12 15:55,4215.12,4218.84,4211.33,4211.80
2026.06.12 16:00,4211.93,4213.81,4208.15,4209.64
2026.06.12 16:05,4209.59,4214.67,4208.26,4213.28
2026.06.12 16:10,4213.21,4224.63,4211.53,4221.69
2026.06.12 16:15,4221.67,4232.67,4220.93,4223.80
2026.06.12 16:20,4223.77,4225.35,4218.39,4218.42
2026.06.12 16:25,4218.37,4220.66,4215.77,4216.93
2026.06.12 16:30,4216.92,4218.60,4216.03,4217.80
2026.06.12 16:35,4217.73,4218.18,4211.69,4216.82
2026.06.12 16:40,4216.83,4220.28,4213.00,4213.19
2026.06.12 16:45,4213.17,4214.55,4210.95,4213.43
2026.06.12 16:50,4213.39,4216.20,4211.86,4215.09
2026.06.12 16:55,4215.05,4218.03,4213.45,4216.33
2026.06.12 17:00,4215.93,4220.51,4215.93,4220.33
2026.06.12 17:05,4220.35,4225.77,4218.90,4220.60
2026.06.12 17:10,4220.54,4221.57,4214.95,4218.31
2026.06.12 17:15,4218.66,4218.66,4213.81,4217.55
2026.06.12 17:20,4217.55,4223.59,4217.47,4220.92
2026.06.12 17:25,4220.90,4221.19,4216.62,4218.75
2026.06.12 17:30,4219.05,4220.30,4214.03,4219.91
2026.06.12 17:35,4219.90,4221.11,4217.60,4218.39
2026.06.12 17:40,4218.41,4223.43,4217.39,4222.31
2026.06.12 17:45,4222.36,4224.94,4221.91,4223.23
2026.06.12 17:50,4223.24,4224.40,4222.46,4223.40
2026.06.12 17:55,4223.36,4223.46,4219.59,4221.26
2026.06.12 18:00,4221.45,4222.54,4219.53,4219.60
2026.06.12 18:05,4219.68,4220.83,4218.17,4220.57
2026.06.12 18:10,4220.57,4228.46,4220.18,4226.95
2026.06.12 18:15,4226.97,4229.70,4225.24,4229.30
2026.06.12 18:20,4229.17,4235.39,4228.90,4228.98
2026.06.12 18:25,4228.98,4229.26,4224.47,4226.38
2026.06.12 18:30,4226.42,4228.47,4224.31,4227.42
2026.06.12 18:35,4227.40,4227.48,4225.36,4226.36
2026.06.12 18:40,4226.34,4230.00,4225.96,4229.26
2026.06.12 18:45,4229.25,4229.25,4222.63,4222.85
2026.06.12 18:50,4222.86,4223.16,4220.59,4221.81
2026.06.12 18:55,4221.80,4222.21,4214.17,4215.52
2026.06.12 19:00,4215.07,4218.33,4214.30,4217.57
2026.06.12 19:05,4217.58,4218.51,4213.32,4217.51
2026.06.12 19:10,4217.52,4218.85,4216.27,4217.44
2026.06.12 19:15,4217.44,4217.44,4213.55,4215.02
2026.06.12 19:20,4215.07,4215.07,4210.10,4210.28
2026.06.12 19:25,4210.15,4211.46,4207.75,4208.60
2026.06.12 19:30,4208.56,4210.12,4203.66,4204.26
2026.06.12 19:35,4204.23,4208.49,4201.81,4205.35
2026.06.12 19:40,4205.37,4207.43,4204.48,4205.13
2026.06.12 19:45,4204.97,4207.78,4203.69,4206.88
2026.06.12 19:50,4207.09,4208.24,4205.81,4206.64
2026.06.12 19:55,4206.66,4211.07,4205.42,4210.87
2026.06.12 20:00,4210.90,4211.67,4209.42,4210.82
2026.06.12 20:05,4210.77,4211.91,4209.64,4211.05
2026.06.12 20:10,4210.98,4213.57,4210.71,4212.56
2026.06.12 20:15,4212.54,4214.34,4212.29,4214.34
2026.06.12 20:20,4214.46,4217.01,4214.22,4214.29
2026.06.12 20:25,4214.29,4215.24,4213.73,4214.43
2026.06.12 20:30,4214.59,4214.59,4212.79,4213.80
2026.06.12 20:35,4213.80,4214.50,4212.59,4214.05
2026.06.12 20:40,4214.15,4214.15,4212.99,4213.75
2026.06.12 20:45,4213.92,4215.32,4212.56,4215.03
2026.06.12 20:50,4215.32,4217.95,4215.28,4217.01
2026.06.12 20:55,4217.17,4219.54,4216.31,4219.09
2026.06.14 22:00,4268.84,4302.78,4255.60,4301.05
2026.06.14 22:05,4300.95,4308.97,4290.77,4306.49
2026.06.14 22:10,4306.77,4306.77,4295.36,4299.97
2026.06.14 22:15,4299.70,4305.52,4297.06,4305.46
2026.06.14 22:20,4305.39,4306.35,4297.95,4298.20
2026.06.14 22:25,4298.38,4298.38,4283.89,4287.20
2026.06.14 22:30,4286.85,4287.01,4280.51,4284.46
2026.06.14 22:35,4284.30,4286.50,4281.35,4285.07
2026.06.14 22:40,4285.01,4288.44,4284.50,4285.26
2026.06.14 22:45,4285.19,4291.49,4284.86,4291.24
2026.06.14 22:50,4291.24,4291.59,4288.17,4291.01
2026.06.14 22:55,4291.13,4291.29,4285.61,4285.61
2026.06.14 23:00,4285.60,4287.31,4282.69,4284.63
2026.06.14 23:05,4284.94,4288.13,4282.09,4283.03
2026.06.14 23:10,4283.03,4284.28,4282.57,4282.90
2026.06.14 23:15,4282.95,4283.31,4281.17,4282.43
2026.06.14 23:20,4282.37,4283.69,4281.06,4282.93
2026.06.14 23:25,4282.95,4284.56,4282.50,4283.27
2026.06.14 23:30,4283.32,4286.06,4281.54,4284.25
2026.06.14 23:35,4284.25,4286.02,4283.40,4285.46
2026.06.14 23:40,4285.31,4285.51,4282.13,4285.00
2026.06.14 23:45,4285.08,4294.01,4284.17,4293.64
2026.06.14 23:50,4293.64,4294.52,4291.82,4292.99
2026.06.14 23:55,4293.00,4294.93,4292.35,4293.98
2026.06.15 00:00,4293.74,4295.74,4293.31,4294.42
2026.06.15 00:05,4294.42,4296.53,4293.63,4296.53
2026.06.15 00:10,4296.53,4300.97,4296.21,4299.96
2026.06.15 00:15,4300.23,4304.12,4299.76,4304.12
2026.06.15 00:20,4304.19,4307.62,4301.35,4306.17
2026.06.15 00:25,4306.59,4308.05,4300.68,4300.91
2026.06.15 00:30,4301.24,4305.65,4295.83,4302.85
2026.06.15 00:35,4302.80,4304.75,4297.09,4298.98
2026.06.15 00:40,4298.83,4299.84,4295.94,4297.60
2026.06.15 00:45,4297.71,4299.99,4296.21,4296.45
2026.06.15 00:50,4296.41,4296.99,4292.46,4295.71
2026.06.15 00:55,4295.88,4296.14,4291.73,4292.55
2026.06.15 01:00,4292.67,4300.28,4285.77,4291.55
2026.06.15 01:05,4291.57,4296.33,4288.23,4289.32
2026.06.15 01:10,4289.35,4297.19,4289.32,4296.19
2026.06.15 01:15,4296.23,4296.23,4289.44,4292.94
2026.06.15 01:20,4293.11,4306.48,4293.11,4302.46
2026.06.15 01:25,4302.54,4304.67,4297.00,4303.52
2026.06.15 01:30,4303.58,4315.41,4301.37,4312.46
2026.06.15 01:35,4312.46,4316.55,4308.43,4315.70
2026.06.15 01:40,4315.74,4319.62,4314.85,4317.95
2026.06.15 01:45,4317.77,4317.82,4313.25,4317.61
2026.06.15 01:50,4317.55,4319.12,4315.16,4316.18
2026.06.15 01:55,4316.15,4318.97,4315.41,4316.80
2026.06.15 02:00,4316.79,4324.09,4316.10,4322.72
2026.06.15 02:05,4322.41,4324.63,4321.50,4321.56
2026.06.15 02:10,4321.55,4326.60,4320.20,4326.52
2026.06.15 02:15,4326.66,4328.61,4324.28,4325.17
2026.06.15 02:20,4325.46,4330.92,4325.32,4329.55
2026.06.15 02:25,4329.55,4330.98,4326.85,4328.10
2026.06.15 02:30,4328.10,4332.06,4328.10,4329.72
2026.06.15 02:35,4329.64,4334.15,4328.53,4332.80
2026.06.15 02:40,4332.79,4332.94,4328.27,4330.08
2026.06.15 02:45,4330.27,4334.60,4329.49,4334.45
2026.06.15 02:50,4334.44,4335.39,4327.82,4330.12
2026.06.15 02:55,4330.00,4330.78,4328.02,4329.48
2026.06.15 03:00,4329.52,4331.00,4325.67,4326.48
2026.06.15 03:05,4326.77,4328.24,4321.91,4323.70
2026.06.15 03:10,4323.78,4325.56,4322.45,4325.28
2026.06.15 03:15,4325.27,4328.95,4324.34,4326.85
2026.06.15 03:20,4326.78,4327.17,4324.06,4325.17
2026.06.15 03:25,4325.17,4325.39,4321.43,4324.07
2026.06.15 03:30,4324.09,4327.11,4323.61,4326.24
2026.06.15 03:35,4326.25,4327.32,4324.60,4324.70
2026.06.15 03:40,4324.71,4324.71,4321.20,4323.33
2026.06.15 03:45,4323.33,4327.26,4323.18,4326.22
2026.06.15 03:50,4326.13,4326.23,4324.98,4325.32
2026.06.15 03:55,4325.05,4325.91,4323.68,4324.99
2026.06.15 04:00,4324.99,4327.61,4322.82,4323.19
2026.06.15 04:05,4323.20,4326.05,4323.12,4324.13
2026.06.15 04:10,4324.13,4326.34,4324.09,4326.34
2026.06.15 04:15,4326.34,4327.29,4322.89,4324.08
2026.06.15 04:20,4324.08,4325.22,4320.91,4322.44
2026.06.15 04:25,4322.52,4327.60,4322.39,4326.69
2026.06.15 04:30,4326.69,4329.20,4325.32,4328.52
2026.06.15 04:35,4328.52,4330.22,4327.08,4327.86
2026.06.15 04:40,4328.04,4328.71,4326.67,4327.82
2026.06.15 04:45,4327.82,4329.27,4327.67,4327.99
2026.06.15 04:50,4327.99,4328.28,4326.65,4326.88
2026.06.15 04:55,4326.88,4328.53,4326.43,4328.21
2026.06.15 05:00,4328.02,4330.00,4327.25,4328.00
2026.06.15 05:05,4327.92,4329.60,4324.04,4328.82
2026.06.15 05:10,4328.81,4330.82,4328.49,4328.77
2026.06.15 05:15,4328.77,4329.94,4325.97,4328.12
2026.06.15 05:20,4328.00,4332.92,4328.00,4330.53
2026.06.15 05:25,4330.56,4331.96,4328.64,4330.23
2026.06.15 05:30,4330.23,4332.65,4324.88,4327.38
2026.06.15 05:35,4327.38,4328.11,4319.72,4320.71
2026.06.15 05:40,4320.63,4320.89,4312.45,4312.45
2026.06.15 05:45,4312.46,4316.13,4309.49,4313.95
2026.06.15 05:50,4313.96,4314.68,4308.16,4310.41
2026.06.15 05:55,4310.35,4311.59,4307.60,4310.13
2026.06.15 06:00,4310.15,4312.83,4309.90,4311.91
2026.06.15 06:05,4311.87,4313.28,4303.82,4305.17
2026.06.15 06:10,4305.22,4308.79,4303.03,4308.79
2026.06.15 06:15,4308.79,4309.35,4303.81,4304.69
2026.06.15 06:20,4304.63,4308.14,4303.12,4307.20
2026.06.15 06:25,4307.24,4309.32,4303.67,4305.10
2026.06.15 06:30,4304.76,4307.03,4302.81,4306.34
2026.06.15 06:35,4306.59,4307.04,4302.70,4303.08
2026.06.15 06:40,4303.07,4306.71,4300.89,4306.45
2026.06.15 06:45,4306.45,4307.77,4304.21,4307.59
2026.06.15 06:50,4307.59,4307.99,4305.31,4307.52
2026.06.15 06:55,4307.53,4309.75,4307.06,4308.12
2026.06.15 07:00,4308.05,4310.73,4305.28,4310.47
2026.06.15 07:05,4310.37,4313.00,4307.82,4312.56
2026.06.15 07:10,4312.54,4314.34,4310.11,4313.56
2026.06.15 07:15,4313.72,4315.27,4313.17,4314.28
2026.06.15 07:20,4314.29,4318.80,4313.26,4316.32
2026.06.15 07:25,4316.37,4318.16,4315.53,4316.62
2026.06.15 07:30,4316.76,4316.95,4312.45,4314.06
2026.06.15 07:35,4314.11,4316.44,4311.99,4315.98
2026.06.15 07:40,4316.01,4317.36,4314.52,4316.56
2026.06.15 07:45,4316.57,4317.32,4312.58,4313.39
2026.06.15 07:50,4313.48,4323.08,4313.18,4323.08
2026.06.15 07:55,4323.09,4325.24,4320.45,4323.11
2026.06.15 08:00,4322.83,4329.13,4321.68,4328.22
2026.06.15 08:05,4328.23,4329.09,4325.93,4328.94
2026.06.15 08:10,4328.95,4329.44,4324.28,4328.98
2026.06.15 08:15,4328.80,4331.08,4327.65,4329.57
2026.06.15 08:20,4329.38,4331.76,4328.55,4328.82
2026.06.15 08:25,4329.06,4332.60,4327.38,4328.45
2026.06.15 08:30,4328.57,4343.51,4327.91,4343.44
2026.06.15 08:35,4343.44,4345.40,4341.21,4342.96
2026.06.15 08:40,4343.07,4345.07,4340.79,4341.01
2026.06.15 08:45,4341.03,4343.00,4337.57,4337.97
2026.06.15 08:50,4337.67,4339.21,4334.74,4339.13
2026.06.15 08:55,4339.12,4339.12,4334.14,4334.23
2026.06.15 09:00,4334.22,4341.39,4334.22,4341.33
2026.06.15 09:05,4341.49,4343.15,4339.24,4340.26
2026.06.15 09:10,4340.27,4340.91,4337.32,4340.11
2026.06.15 09:15,4340.09,4341.75,4337.64,4339.37
2026.06.15 09:20,4339.35,4343.28,4338.46,4340.68
2026.06.15 09:25,4340.72,4340.77,4336.52,4338.94
2026.06.15 09:30,4338.93,4338.96,4335.01,4335.83
2026.06.15 09:35,4335.93,4340.97,4335.57,4339.67
2026.06.15 09:40,4339.78,4340.13,4335.25,4335.66
2026.06.15 09:45,4335.58,4340.72,4335.08,4339.88
2026.06.15 09:50,4339.98,4340.75,4339.67,4339.81
2026.06.15 09:55,4339.75,4340.49,4336.59,4336.63
2026.06.15 10:00,4336.68,4337.50,4335.81,4335.83
2026.06.15 10:05,4335.84,4340.33,4335.84,4338.05
2026.06.15 10:10,4338.08,4338.12,4336.36,4337.82
2026.06.15 10:15,4337.81,4339.12,4337.67,4338.49
2026.06.15 10:20,4338.50,4338.84,4336.17,4338.32
2026.06.15 10:25,4338.32,4339.42,4337.78,4338.52
2026.06.15 10:30,4338.56,4340.28,4337.32,4339.21
2026.06.15 10:35,4339.21,4340.04,4336.52,4336.63
2026.06.15 10:40,4336.60,4338.30,4335.34,4337.74
2026.06.15 10:45,4337.76,4341.41,4337.60,4340.37
2026.06.15 10:50,4340.21,4340.67,4336.45,4337.31
2026.06.15 10:55,4337.26,4338.80,4336.80,4338.08
2026.06.15 11:00,4337.95,4338.90,4336.20,4337.57
2026.06.15 11:05,4337.60,4339.23,4337.53,4338.46
2026.06.15 11:10,4338.47,4339.89,4336.81,4337.96
2026.06.15 11:15,4337.95,4339.77,4336.79,4339.09
2026.06.15 11:20,4339.08,4340.20,4336.08,4337.74
2026.06.15 11:25,4337.76,4341.38,4336.44,4340.94
2026.06.15 11:30,4341.39,4346.70,4341.39,4345.95
2026.06.15 11:35,4345.95,4346.77,4341.52,4346.70
2026.06.15 11:40,4346.66,4347.36,4338.19,4338.44
2026.06.15 11:45,4338.32,4338.50,4331.89,4333.68
2026.06.15 11:50,4333.67,4336.73,4333.67,4335.91
2026.06.15 11:55,4335.91,4336.15,4333.86,4335.00
2026.06.15 12:00,4335.23,4338.61,4334.11,4337.57
2026.06.15 12:05,4337.56,4338.12,4334.42,4334.53
2026.06.15 12:10,4334.58,4338.31,4330.52,4331.23
2026.06.15 12:15,4331.06,4333.12,4324.64,4327.10
2026.06.15 12:20,4327.08,4335.11,4324.94,4332.98
2026.06.15 12:25,4333.01,4338.15,4333.01,4337.34
2026.06.15 12:30,4337.42,4343.46,4335.23,4342.46
2026.06.15 12:35,4342.48,4346.64,4340.59,4344.30
2026.06.15 12:40,4344.03,4346.59,4343.21,4344.91
2026.06.15 12:45,4345.18,4346.86,4343.38,4345.94
2026.06.15 12:50,4345.93,4349.33,4343.81,4344.29
2026.06.15 12:55,4344.20,4349.32,4344.14,4348.93
2026.06.15 13:00,4349.03,4349.03,4342.16,4343.06
2026.06.15 13:05,4343.04,4346.75,4341.29,4345.22
2026.06.15 13:10,4345.22,4350.34,4345.22,4349.55
2026.06.15 13:15,4349.63,4353.82,4349.39,4352.90
2026.06.15 13:20,4353.00,4355.53,4351.68,4353.69
2026.06.15 13:25,4353.92,4355.82,4352.85,4353.32
2026.06.15 13:30,4353.34,4364.88,4352.37,4362.96
2026.06.15 13:35,4362.67,4366.57,4359.57,4363.32
2026.06.15 13:40,4363.31,4368.72,4360.53,4363.22
2026.06.15 13:45,4363.35,4364.55,4359.45,4361.93
2026.06.15 13:50,4362.01,4362.91,4356.68,4357.68
2026.06.15 13:55,4357.86,4361.86,4354.43,4355.25
2026.06.15 14:00,4354.96,4360.42,4354.07,4358.91
2026.06.15 14:05,4358.89,4369.37,4357.93,4365.94
2026.06.15 14:10,4366.00,4366.00,4354.47,4357.36
2026.06.15 14:15,4357.37,4363.05,4356.90,4361.44
2026.06.15 14:20,4361.59,4361.82,4354.10,4357.44
2026.06.15 14:25,4357.34,4364.15,4357.10,4363.64
2026.06.15 14:30,4363.70,4365.08,4356.68,4357.27
2026.06.15 14:35,4357.31,4360.00,4353.97,4357.31
2026.06.15 14:40,4357.55,4358.79,4354.70,4357.02
2026.06.15 14:45,4357.03,4362.85,4355.55,4362.07
2026.06.15 14:50,4361.86,4363.63,4359.08,4361.54
2026.06.15 14:55,4361.53,4362.24,4356.59,4356.81
2026.06.15 15:00,4356.57,4357.29,4351.59,4354.88
2026.06.15 15:05,4354.94,4359.19,4353.14,4354.62
2026.06.15 15:10,4354.27,4354.39,4349.71,4351.08
2026.06.15 15:15,4351.13,4355.93,4350.44,4351.52
2026.06.15 15:20,4351.48,4357.29,4350.26,4356.40
2026.06.15 15:25,4356.37,4358.23,4353.14,4354.13
2026.06.15 15:30,4354.06,4354.71,4349.65,4352.74
2026.06.15 15:35,4352.92,4355.29,4352.19,4354.65
2026.06.15 15:40,4354.68,4359.76,4353.85,4357.54
2026.06.15 15:45,4357.55,4360.75,4356.79,4356.79
2026.06.15 15:50,4356.71,4357.58,4354.99,4356.54
2026.06.15 15:55,4356.71,4358.79,4356.17,4356.32
2026.06.15 16:00,4356.20,4357.28,4354.71,4357.09
2026.06.15 16:05,4357.11,4358.68,4352.19,4352.23
2026.06.15 16:10,4352.24,4352.72,4349.19,4351.64
2026.06.15 16:15,4351.67,4352.53,4343.91,4346.00
2026.06.15 16:20,4345.66,4346.54,4340.03,4340.10
2026.06.15 16:25,4340.04,4344.48,4339.26,4342.95
2026.06.15 16:30,4342.95,4343.03,4338.47,4340.67
2026.06.15 16:35,4340.68,4341.53,4337.72,4338.96
2026.06.15 16:40,4339.00,4340.89,4336.22,4336.25
2026.06.15 16:45,4336.21,4338.42,4336.02,4336.59
2026.06.15 16:50,4336.61,4338.89,4334.56,4337.94
2026.06.15 16:55,4337.94,4339.75,4336.15,4339.14
2026.06.15 17:00,4339.20,4339.20,4333.41,4333.83
2026.06.15 17:05,4333.99,4335.36,4331.39,4332.32
2026.06.15 17:10,4332.09,4334.89,4330.80,4333.91
2026.06.15 17:15,4333.96,4334.79,4330.44,4330.94
2026.06.15 17:20,4330.87,4331.48,4329.02,4330.93
2026.06.15 17:25,4330.86,4333.85,4329.49,4329.85
2026.06.15 17:30,4329.48,4329.79,4325.98,4325.98
2026.06.15 17:35,4326.14,4327.63,4321.92,4324.30
2026.06.15 17:40,4324.30,4324.88,4321.12,4322.06
2026.06.15 17:45,4322.04,4325.31,4321.28,4322.98
2026.06.15 17:50,4322.93,4323.61,4320.70,4321.54
2026.06.15 17:55,4321.53,4324.98,4320.83,4324.76
2026.06.15 18:00,4324.63,4324.97,4318.14,4320.68
2026.06.15 18:05,4320.56,4321.91,4318.65,4320.72
2026.06.15 18:10,4320.72,4324.49,4320.53,4324.19
2026.06.15 18:15,4324.19,4325.99,4322.81,4324.90
2026.06.15 18:20,4324.90,4327.96,4324.86,4326.71
2026.06.15 18:25,4326.67,4327.86,4324.16,4324.77
2026.06.15 18:30,4324.74,4325.22,4321.81,4323.18
2026.06.15 18:35,4323.17,4325.71,4322.03,4324.84
2026.06.15 18:40,4324.99,4326.26,4324.31,4324.92
2026.06.15 18:45,4324.91,4325.36,4324.04,4325.11
2026.06.15 18:50,4325.10,4327.15,4324.97,4325.81
2026.06.15 18:55,4325.91,4326.62,4324.98,4325.64
2026.06.15 19:00,4325.62,4326.66,4321.84,4322.21
2026.06.15 19:05,4322.22,4323.41,4320.09,4322.07
2026.06.15 19:10,4321.69,4323.12,4320.19,4322.50
2026.06.15 19:15,4322.51,4324.41,4322.37,4324.07
2026.06.15 19:20,4324.08,4324.59,4321.02,4323.36
2026.06.15 19:25,4323.37,4323.79,4320.58,4321.38
2026.06.15 19:30,4321.40,4323.71,4321.40,4322.60
2026.06.15 19:35,4322.63,4322.69,4318.52,4320.78
2026.06.15 19:40,4320.69,4321.00,4318.25,4319.10
2026.06.15 19:45,4319.09,4320.00,4317.80,4318.41
2026.06.15 19:50,4318.41,4320.49,4316.61,4319.99
2026.06.15 19:55,4320.15,4320.88,4318.81,4320.70
2026.06.15 20:00,4321.31,4322.04,4319.29,4319.51
2026.06.15 20:05,4319.51,4320.66,4318.99,4319.38
2026.06.15 20:10,4319.19,4319.19,4315.71,4315.94
2026.06.15 20:15,4315.96,4318.50,4314.32,4317.78
2026.06.15 20:20,4317.69,4317.78,4312.06,4312.48
2026.06.15 20:25,4312.48,4314.21,4310.63,4312.70
2026.06.15 20:30,4312.74,4313.02,4310.76,4311.09
2026.06.15 20:35,4311.08,4312.43,4310.12,4311.79
2026.06.15 20:40,4311.79,4312.30,4308.30,4309.70
2026.06.15 20:45,4309.65,4310.50,4308.53,4309.94
2026.06.15 20:50,4309.94,4310.42,4306.44,4307.84
2026.06.15 20:55,4307.84,4309.64,4306.38,4309.26
2026.06.15 22:00,4316.29,4316.29,4309.01,4313.15
2026.06.15 22:05,4313.28,4315.24,4312.21,4313.23
2026.06.15 22:10,4313.69,4313.86,4308.97,4309.95
2026.06.15 22:15,4309.94,4311.58,4306.60,4310.80
2026.06.15 22:20,4310.80,4313.17,4307.56,4307.56
2026.06.15 22:25,4307.56,4309.87,4305.95,4308.40
2026.06.15 22:30,4308.46,4311.43,4306.82,4309.77
2026.06.15 22:35,4309.88,4311.14,4309.88,4311.14
2026.06.15 22:40,4311.13,4314.34,4310.77,4312.32
2026.06.15 22:45,4312.30,4312.55,4311.17,4311.22
2026.06.15 22:50,4310.64,4314.26,4310.56,4313.51
2026.06.15 22:55,4313.51,4314.24,4311.69,4311.95
2026.06.15 23:00,4311.97,4316.28,4311.96,4315.56
2026.06.15 23:05,4315.45,4316.45,4313.94,4314.36
2026.06.15 23:10,4314.46,4316.12,4313.21,4313.39
2026.06.15 23:15,4313.36,4314.82,4311.46,4312.73
2026.06.15 23:20,4312.73,4314.45,4312.69,4313.89
2026.06.15 23:25,4313.96,4315.61,4313.88,4315.53
2026.06.15 23:30,4315.54,4316.36,4314.76,4316.24
2026.06.15 23:35,4316.25,4319.19,4314.76,4315.17
2026.06.15 23:40,4315.16,4318.57,4313.56,4318.31
2026.06.15 23:45,4318.33,4318.51,4313.17,4317.31
2026.06.15 23:50,4317.31,4319.06,4316.63,4318.53
2026.06.15 23:55,4318.56,4318.89,4314.82,4315.58
2026.06.16 00:00,4315.46,4318.27,4313.40,4315.56
2026.06.16 00:05,4315.60,4317.17,4315.22,4316.68
2026.06.16 00:10,4316.69,4317.29,4313.27,4313.54
2026.06.16 00:15,4313.47,4315.70,4310.05,4311.58
2026.06.16 00:20,4311.57,4312.08,4308.13,4308.93
2026.06.16 00:25,4308.96,4310.26,4306.87,4308.22
2026.06.16 00:30,4308.35,4311.50,4307.87,4310.75
2026.06.16 00:35,4310.66,4313.59,4309.58,4311.96
2026.06.16 00:40,4311.95,4312.08,4309.97,4310.97
2026.06.16 00:45,4310.96,4312.80,4310.61,4312.23
2026.06.16 00:50,4312.24,4313.93,4311.50,4313.42
2026.06.16 00:55,4313.48,4320.72,4313.48,4319.19
2026.06.16 01:00,4319.25,4325.85,4316.81,4322.25
2026.06.16 01:05,4321.98,4322.11,4315.55,4318.86
2026.06.16 01:10,4318.80,4323.07,4318.38,4320.03
2026.06.16 01:15,4319.81,4321.53,4318.79,4319.13
2026.06.16 01:20,4319.14,4321.94,4316.37,4319.07
2026.06.16 01:25,4319.22,4323.91,4317.80,4319.32
2026.06.16 01:30,4319.53,4320.32,4314.59,4315.51
2026.06.16 01:35,4315.52,4318.71,4313.59,4317.61
2026.06.16 01:40,4317.62,4318.37,4313.32,4314.91
2026.06.16 01:45,4314.91,4319.36,4313.91,4317.64
2026.06.16 01:50,4317.64,4317.66,4312.92,4313.96
2026.06.16 01:55,4313.89,4314.00,4312.11,4313.52
2026.06.16 02:00,4313.50,4314.04,4310.34,4310.37
2026.06.16 02:05,4310.37,4312.38,4307.56,4311.40
2026.06.16 02:10,4311.40,4311.77,4309.04,4309.88
2026.06.16 02:15,4309.52,4311.77,4308.25,4310.73
2026.06.16 02:20,4310.71,4311.89,4310.04,4310.22
2026.06.16 02:25,4310.26,4312.92,4310.16,4312.65
2026.06.16 02:30,4312.87,4318.19,4312.56,4317.81
2026.06.16 02:35,4317.82,4318.26,4313.36,4313.65
2026.06.16 02:40,4313.68,4313.68,4309.71,4312.00
2026.06.16 02:45,4312.00,4313.92,4311.19,4312.06
2026.06.16 02:50,4312.07,4317.36,4311.60,4316.07
2026.06.16 02:55,4316.13,4320.81,4315.05,4318.69
2026.06.16 03:00,4318.71,4319.68,4317.19,4318.75
2026.06.16 03:05,4318.77,4320.42,4317.26,4317.49
2026.06.16 03:10,4317.51,4320.92,4317.51,4318.60
2026.06.16 03:15,4318.60,4319.86,4315.45,4317.86
2026.06.16 03:20,4317.79,4319.55,4316.19,4319.55
2026.06.16 03:25,4319.56,4322.59,4319.51,4321.20
2026.06.16 03:30,4321.20,4325.09,4320.06,4325.06
2026.06.16 03:35,4325.01,4327.80,4324.46,4327.17
2026.06.16 03:40,4327.18,4332.84,4326.88,4331.83
2026.06.16 03:45,4331.79,4332.96,4330.11,4331.28
2026.06.16 03:50,4331.29,4332.13,4328.98,4331.75
2026.06.16 03:55,4331.73,4333.11,4330.05,4330.47
2026.06.16 04:00,4330.42,4332.15,4329.24,4329.26
2026.06.16 04:05,4329.27,4330.70,4328.22,4328.33
2026.06.16 04:10,4328.35,4328.48,4325.66,4326.99
2026.06.16 04:15,4326.98,4327.71,4324.62,4326.14
2026.06.16 04:20,4326.08,4326.99,4324.67,4324.82
2026.06.16 04:25,4324.82,4324.89,4322.18,4322.91
2026.06.16 04:30,4322.91,4324.62,4321.78,4323.63
2026.06.16 04:35,4323.63,4325.20,4322.62,4324.07
2026.06.16 04:40,4324.06,4325.24,4323.12,4323.14
2026.06.16 04:45,4323.16,4323.72,4321.89,4323.40
2026.06.16 04:50,4323.39,4323.71,4321.22,4321.73
2026.06.16 04:55,4321.66,4323.57,4321.66,4322.48
2026.06.16 05:00,4322.46,4326.36,4322.22,4325.19
2026.06.16 05:05,4325.18,4329.04,4324.45,4328.38
2026.06.16 05:10,4328.38,4329.08,4325.94,4326.30
2026.06.16 05:15,4326.29,4327.85,4325.89,4326.74
2026.06.16 05:20,4326.76,4326.95,4325.06,4325.56
2026.06.16 05:25,4325.48,4327.36,4324.69,4327.25
2026.06.16 05:30,4326.23,4330.71,4320.80,4321.84
2026.06.16 05:35,4321.72,4324.61,4316.92,4316.92
2026.06.16 05:40,4316.61,4318.60,4316.04,4317.67
2026.06.16 05:45,4317.68,4319.68,4316.41,4317.99
2026.06.16 05:50,4318.39,4321.02,4318.18,4319.45
2026.06.16 05:55,4319.41,4320.72,4313.96,4315.88
2026.06.16 06:00,4315.84,4317.70,4313.43,4317.47
2026.06.16 06:05,4317.06,4318.36,4314.65,4316.98
2026.06.16 06:10,4317.14,4319.60,4315.93,4318.60
2026.06.16 06:15,4318.59,4318.64,4315.42,4317.31
2026.06.16 06:20,4317.31,4318.27,4313.93,4314.85
2026.06.16 06:25,4314.69,4317.93,4314.50,4316.58
2026.06.16 06:30,4316.57,4319.74,4314.05,4318.35
2026.06.16 06:35,4318.34,4320.17,4317.30,4317.52
2026.06.16 06:40,4317.52,4318.13,4315.64,4316.29
2026.06.16 06:45,4316.28,4319.01,4316.15,4318.07
2026.06.16 06:50,4317.99,4320.01,4317.05,4319.32
2026.06.16 06:55,4319.27,4324.29,4319.07,4323.88
2026.06.16 07:00,4324.51,4326.88,4322.60,4326.84
2026.06.16 07:05,4326.83,4328.44,4325.77,4326.84
2026.06.16 07:10,4326.83,4328.42,4325.68,4326.06
2026.06.16 07:15,4326.04,4327.99,4325.66,4327.79
2026.06.16 07:20,4327.82,4327.90,4324.30,4324.87
2026.06.16 07:25,4324.84,4329.49,4324.20,4328.92
2026.06.16 07:30,4328.79,4332.57,4328.14,4328.72
2026.06.16 07:35,4328.71,4330.47,4326.18,4330.47
2026.06.16 07:40,4330.50,4331.41,4327.35,4327.65
2026.06.16 07:45,4327.63,4329.82,4326.60,4327.96
2026.06.16 07:50,4327.89,4333.30,4327.88,4331.80
2026.06.16 07:55,4331.74,4335.60,4331.70,4335.17
2026.06.16 08:00,4335.14,4335.45,4332.84,4334.86
2026.06.16 08:05,4334.87,4339.14,4333.95,4339.14
2026.06.16 08:10,4339.42,4340.16,4336.85,4337.91
2026.06.16 08:15,4337.94,4341.90,4337.73,4339.08
2026.06.16 08:20,4339.09,4340.43,4337.88,4338.06
2026.06.16 08:25,4338.07,4343.59,4338.06,4341.20
2026.06.16 08:30,4341.15,4343.14,4339.66,4341.49
2026.06.16 08:35,4341.53,4343.43,4339.23,4340.77
2026.06.16 08:40,4340.78,4345.00,4340.03,4343.48
2026.06.16 08:45,4343.44,4344.19,4341.86,4342.76
2026.06.16 08:50,4342.77,4345.22,4340.86,4344.30
2026.06.16 08:55,4344.32,4347.86,4343.92,4346.87
2026.06.16 09:00,4346.96,4347.64,4344.10,4344.94
2026.06.16 09:05,4344.95,4348.25,4344.04,4347.19
2026.06.16 09:10,4347.18,4347.82,4345.43,4346.13
2026.06.16 09:15,4346.15,4346.34,4342.53,4342.65
2026.06.16 09:20,4342.74,4342.75,4340.04,4341.16
2026.06.16 09:25,4341.15,4341.23,4338.44,4339.89
2026.06.16 09:30,4339.85,4344.81,4339.38,4344.71
2026.06.16 09:35,4344.71,4346.21,4343.92,4346.15
2026.06.16 09:40,4346.17,4346.20,4341.82,4342.01
2026.06.16 09:45,4342.03,4343.99,4340.34,4343.99
2026.06.16 09:50,4344.11,4348.18,4344.11,4348.15
2026.06.16 09:55,4348.15,4348.19,4345.10,4345.20
2026.06.16 10:00,4345.21,4345.43,4343.12,4343.73
2026.06.16 10:05,4343.73,4345.64,4343.65,4345.64
2026.06.16 10:10,4345.64,4346.55,4344.17,4345.92
2026.06.16 10:15,4345.92,4346.46,4344.27,4344.37
2026.06.16 10:20,4344.37,4346.22,4343.65,4345.90
2026.06.16 10:25,4345.98,4346.59,4344.10,4344.27
2026.06.16 10:30,4344.31,4345.00,4342.81,4342.86
2026.06.16 10:35,4342.85,4345.57,4342.17,4345.05
2026.06.16 10:40,4345.13,4346.68,4344.59,4346.68
2026.06.16 10:45,4346.68,4347.79,4346.49,4346.65
2026.06.16 10:50,4346.63,4348.76,4346.59,4347.33
2026.06.16 10:55,4347.33,4348.86,4346.64,4348.83
2026.06.16 11:00,4348.85,4349.25,4344.20,4344.23
2026.06.16 11:05,4344.30,4345.04,4339.94,4340.49
2026.06.16 11:10,4340.51,4342.38,4339.53,4341.57
2026.06.16 11:15,4341.36,4341.93,4338.80,4340.66
2026.06.16 11:20,4340.67,4340.83,4338.61,4340.82
2026.06.16 11:25,4340.80,4343.35,4340.07,4342.02
2026.06.16 11:30,4341.98,4342.17,4338.22,4340.67
2026.06.16 11:35,4340.63,4340.72,4335.27,4338.75
2026.06.16 11:40,4338.73,4339.97,4337.73,4338.88
2026.06.16 11:45,4338.85,4341.39,4336.83,4337.27
2026.06.16 11:50,4337.23,4341.15,4336.82,4339.82
2026.06.16 11:55,4339.88,4341.52,4337.46,4340.94
2026.06.16 12:00,4340.94,4342.17,4338.67,4338.83
2026.06.16 12:05,4338.83,4344.84,4338.16,4343.00
2026.06.16 12:10,4343.02,4345.53,4342.13,4344.57
2026.06.16 12:15,4344.57,4345.03,4340.27,4341.47
2026.06.16 12:20,4341.50,4343.19,4337.35,4341.98
2026.06.16 12:25,4341.73,4343.71,4339.21,4343.71
2026.06.16 12:30,4343.73,4346.99,4341.60,4344.53
2026.06.16 12:35,4344.56,4347.18,4342.82,4346.97
2026.06.16 12:40,4346.97,4349.56,4345.47,4349.44
2026.06.16 12:45,4349.46,4350.61,4348.46,4349.00
2026.06.16 12:50,4349.00,4354.74,4348.95,4351.02
2026.06.16 12:55,4351.01,4354.83,4351.00,4354.64
2026.06.16 13:00,4354.54,4354.75,4347.18,4347.37
2026.06.16 13:05,4347.30,4348.61,4343.27,4343.27
2026.06.16 13:10,4343.22,4345.95,4342.16,4343.69
2026.06.16 13:15,4343.69,4344.93,4339.46,4340.56
2026.06.16 13:20,4340.49,4340.53,4333.22,4338.13
2026.06.16 13:25,4338.15,4339.28,4334.12,4335.10
2026.06.16 13:30,4335.06,4340.44,4333.74,4338.12
2026.06.16 13:35,4338.20,4340.25,4336.49,4337.80
2026.06.16 13:40,4337.71,4339.61,4335.16,4338.90
2026.06.16 13:45,4338.88,4340.46,4334.36,4337.48
2026.06.16 13:50,4337.55,4340.23,4334.79,4336.92
2026.06.16 13:55,4331.69,4335.15,4331.62,4331.79
2026.06.16 14:00,4332.03,4338.59,4331.53,4338.59
2026.06.16 14:05,4338.61,4338.71,4333.20,4333.77
2026.06.16 14:10,4333.69,4335.99,4332.43,4335.46
2026.06.16 14:15,4335.28,4335.28,4322.48,4323.11
2026.06.16 14:20,4322.94,4325.87,4321.49,4325.04
2026.06.16 14:25,4325.25,4325.64,4317.84,4319.62
2026.06.16 14:30,4319.72,4321.22,4313.28,4317.68
2026.06.16 14:35,4317.63,4325.63,4317.63,4324.87
2026.06.16 14:40,4324.86,4328.29,4323.68,4324.41
2026.06.16 14:45,4324.34,4326.77,4323.05,4325.06
2026.06.16 14:50,4325.06,4327.27,4323.54,4324.91
2026.06.16 14:55,4324.89,4324.99,4321.57,4323.96
2026.06.16 15:00,4324.43,4327.03,4322.37,4323.34
2026.06.16 15:05,4323.26,4325.88,4322.66,4324.41
2026.06.16 15:10,4324.42,4326.29,4323.10,4324.52
2026.06.16 15:15,4324.54,4328.56,4323.80,4325.35
2026.06.16 15:20,4325.35,4327.52,4321.13,4321.58
2026.06.16 15:25,4321.45,4326.49,4321.24,4325.78
2026.06.16 15:30,4325.86,4327.30,4324.02,4326.35
2026.06.16 15:35,4326.36,4328.70,4322.98,4325.80
2026.06.16 15:40,4325.82,4326.99,4323.51,4326.62
2026.06.16 15:45,4326.52,4326.60,4322.07,4325.39
2026.06.16 15:50,4325.41,4338.32,4324.66,4337.99
2026.06.16 15:55,4337.98,4343.38,4335.26,4335.26
2026.06.16 16:00,4335.30,4339.14,4334.90,4337.55
2026.06.16 16:05,4337.50,4344.06,4337.50,4341.90
2026.06.16 16:10,4341.66,4346.89,4341.08,4345.87
2026.06.16 16:15,4345.96,4346.75,4343.43,4346.33
2026.06.16 16:20,4346.17,4346.21,4341.79,4343.20
2026.06.16 16:25,4343.18,4345.61,4342.42,4344.55
2026.06.16 16:30,4344.55,4345.09,4340.54,4340.82
2026.06.16 16:35,4340.80,4344.61,4340.14,4344.29
2026.06.16 16:40,4344.30,4345.19,4343.36,4344.08
2026.06.16 16:45,4343.90,4345.75,4343.55,4343.62
2026.06.16 16:50,4343.74,4346.41,4341.50,4341.50
2026.06.16 16:55,4341.60,4342.36,4340.04,4340.60
2026.06.16 17:00,4340.45,4340.52,4338.16,4339.54
2026.06.16 17:05,4339.53,4341.14,4338.76,4339.77
2026.06.16 17:10,4339.78,4339.90,4334.20,4335.63
2026.06.16 17:15,4335.60,4335.97,4330.56,4331.20
2026.06.16 17:20,4331.37,4331.64,4325.36,4328.38
2026.06.16 17:25,4328.34,4334.93,4327.99,4334.70
2026.06.16 17:30,4335.17,4337.95,4334.21,4337.38
2026.06.16 17:35,4337.28,4340.00,4336.08,4336.87
2026.06.16 17:40,4336.89,4339.33,4336.39,4338.47
2026.06.16 17:45,4338.44,4338.49,4335.97,4337.30
2026.06.16 17:50,4337.45,4340.46,4336.77,4339.37
2026.06.16 17:55,4339.36,4340.47,4338.85,4340.28
2026.06.16 18:00,4340.30,4342.68,4339.66,4340.76
2026.06.16 18:05,4340.76,4341.01,4339.13,4340.35
2026.06.16 18:10,4340.37,4342.55,4340.35,4341.74
2026.06.16 18:15,4341.76,4342.29,4339.40,4340.08
2026.06.16 18:20,4340.08,4340.94,4339.04,4339.75
2026.06.16 18:25,4339.76,4341.57,4339.23,4341.35
2026.06.16 18:30,4341.26,4342.72,4339.98,4340.31
2026.06.16 18:35,4340.40,4341.01,4338.51,4338.59
2026.06.16 18:40,4338.64,4339.59,4338.32,4338.81
2026.06.16 18:45,4338.86,4340.02,4336.48,4336.54
2026.06.16 18:50,4336.51,4338.61,4336.17,4338.06
2026.06.16 18:55,4338.09,4339.48,4337.48,4338.47
2026.06.16 19:00,4338.50,4342.51,4337.78,4341.90
2026.06.16 19:05,4341.89,4342.84,4340.76,4341.00
2026.06.16 19:10,4341.01,4341.30,4338.99,4339.14
2026.06.16 19:15,4339.17,4339.29,4336.55,4338.88
2026.06.16 19:20,4338.90,4340.83,4338.46,4339.93
2026.06.16 19:25,4339.93,4341.09,4339.55,4339.55
2026.06.16 19:30,4339.55,4340.00,4338.68,4339.11
2026.06.16 19:35,4339.07,4339.59,4337.49,4337.67
2026.06.16 19:40,4337.67,4339.19,4336.90,4338.55
2026.06.16 19:45,4338.59,4339.66,4337.25,4337.64
2026.06.16 19:50,4338.80,4339.15,4333.50,4333.89
2026.06.16 19:55,4333.65,4334.04,4330.63,4333.93
2026.06.16 20:00,4333.04,4334.01,4331.08,4332.50
2026.06.16 20:05,4332.53,4333.55,4331.82,4332.19
2026.06.16 20:10,4332.20,4333.18,4331.06,4331.11
2026.06.16 20:15,4331.09,4333.53,4330.83,4333.34
2026.06.16 20:20,4333.19,4333.74,4332.40,4333.56
2026.06.16 20:25,4333.56,4334.09,4332.77,4332.81
2026.06.16 20:30,4332.81,4333.43,4331.51,4332.05
2026.06.16 20:35,4332.05,4334.31,4332.05,4334.27
2026.06.16 20:40,4334.23,4334.87,4332.65,4333.45
2026.06.16 20:45,4333.50,4333.50,4330.44,4331.90
2026.06.16 20:50,4331.90,4332.82,4330.64,4331.11
2026.06.16 20:55,4331.10,4331.61,4329.54,4331.50
2026.06.16 22:00,4332.68,4335.58,4330.66,4331.79
2026.06.16 22:05,4331.79,4332.92,4331.23,4332.36
2026.06.16 22:10,4332.31,4332.92,4332.15,4332.30
2026.06.16 22:15,4332.30,4333.04,4329.44,4331.18
2026.06.16 22:20,4331.13,4331.98,4329.07,4329.17
2026.06.16 22:25,4329.17,4331.43,4328.99,4330.13
2026.06.16 22:30,4330.13,4332.96,4330.13,4332.30
2026.06.16 22:35,4332.29,4333.17,4331.30,4332.60
2026.06.16 22:40,4332.53,4333.10,4331.97,4332.69
2026.06.16 22:45,4332.69,4334.32,4332.66,4333.24
2026.06.16 22:50,4333.25,4334.48,4332.22,4334.06
2026.06.16 22:55,4334.04,4335.85,4333.37,4335.40
2026.06.16 23:00,4335.37,4335.37,4334.20,4334.43
2026.06.16 23:05,4334.43,4336.36,4333.88,4335.69
2026.06.16 23:10,4335.68,4338.27,4335.42,4336.54
2026.06.16 23:15,4336.54,4336.85,4335.77,4335.89
2026.06.16 23:20,4335.88,4336.23,4335.76,4336.03
2026.06.16 23:25,4336.04,4336.74,4335.83,4336.08
2026.06.16 23:30,4336.07,4336.48,4334.25,4335.20
2026.06.16 23:35,4335.18,4335.84,4333.16,4333.60
2026.06.16 23:40,4333.59,4334.57,4333.01,4334.57
2026.06.16 23:45,4334.57,4334.96,4332.51,4333.38
2026.06.16 23:50,4333.38,4333.49,4330.89,4332.43
2026.06.16 23:55,4332.15,4332.22,4329.61,4330.89
2026.06.17 00:00,4331.60,4335.39,4328.53,4334.39
2026.06.17 00:05,4334.46,4338.72,4333.61,4338.03
2026.06.17 00:10,4338.07,4340.00,4337.49,4337.60
2026.06.17 00:15,4337.68,4341.70,4337.68,4339.62
2026.06.17 00:20,4339.62,4340.05,4337.61,4338.14
2026.06.17 00:25,4338.15,4339.02,4336.66,4337.31
2026.06.17 00:30,4337.29,4338.65,4336.38,4338.02
2026.06.17 00:35,4337.98,4338.88,4334.93,4334.98
2026.06.17 00:40,4334.96,4336.70,4334.73,4335.33
2026.06.17 00:45,4335.33,4335.45,4332.57,4333.89
2026.06.17 00:50,4333.76,4337.81,4332.94,4335.23
2026.06.17 00:55,4335.31,4337.28,4334.98,4337.08
2026.06.17 01:00,4336.77,4343.53,4334.38,4341.86
2026.06.17 01:05,4341.88,4349.55,4340.78,4347.65
2026.06.17 01:10,4347.67,4349.57,4346.31,4347.63
2026.06.17 01:15,4347.70,4347.85,4341.65,4342.79
2026.06.17 01:20,4342.41,4342.69,4339.25,4340.89
2026.06.17 01:25,4340.82,4343.51,4339.77,4343.35
2026.06.17 01:30,4343.26,4344.13,4338.21,4339.14
2026.06.17 01:35,4339.10,4341.53,4338.74,4340.43
2026.06.17 01:40,4340.42,4341.69,4337.86,4339.56
2026.06.17 01:45,4339.47,4340.54,4336.93,4337.25
2026.06.17 01:50,4337.62,4340.58,4337.58,4339.76
2026.06.17 01:55,4339.78,4343.61,4339.78,4340.90
2026.06.17 02:00,4340.88,4342.68,4340.16,4340.83
2026.06.17 02:05,4340.82,4342.65,4339.92,4341.76
2026.06.17 02:10,4341.77,4344.18,4340.59,4342.14
2026.06.17 02:15,4342.18,4344.51,4341.25,4342.41
2026.06.17 02:20,4342.37,4343.98,4340.06,4340.74
2026.06.17 02:25,4340.62,4341.40,4339.66,4340.53
2026.06.17 02:30,4340.59,4343.75,4339.86,4340.32
2026.06.17 02:35,4340.39,4341.21,4337.75,4339.28
2026.06.17 02:40,4339.26,4340.96,4338.58,4338.79
2026.06.17 02:45,4338.64,4338.86,4331.81,4334.59
2026.06.17 02:50,4334.55,4335.99,4329.74,4330.03
2026.06.17 02:55,4330.72,4333.74,4330.17,4331.58
2026.06.17 03:00,4331.45,4334.01,4330.80,4331.58
2026.06.17 03:05,4331.61,4334.02,4330.63,4332.65
2026.06.17 03:10,4332.60,4332.69,4329.39,4330.30
2026.06.17 03:15,4330.46,4331.90,4328.68,4331.28
2026.06.17 03:20,4331.27,4331.97,4329.47,4330.08
2026.06.17 03:25,4330.09,4332.31,4329.17,4331.53
2026.06.17 03:30,4331.62,4332.81,4331.32,4332.56
2026.06.17 03:35,4332.55,4333.02,4330.31,4330.60
2026.06.17 03:40,4330.61,4333.47,4330.51,4333.19
2026.06.17 03:45,4333.18,4333.51,4332.48,4332.82
2026.06.17 03:50,4332.78,4333.73,4331.49,4332.79
2026.06.17 03:55,4332.79,4332.85,4330.56,4332.23
2026.06.17 04:00,4332.15,4332.29,4328.58,4330.00
2026.06.17 04:05,4330.02,4331.33,4329.24,4330.89
2026.06.17 04:10,4330.84,4332.13,4330.25,4330.73
2026.06.17 04:15,4330.58,4334.10,4329.64,4332.03
2026.06.17 04:20,4331.97,4332.08,4328.01,4329.43
2026.06.17 04:25,4329.42,4329.44,4324.12,4324.54
2026.06.17 04:30,4324.54,4325.62,4317.72,4318.06
2026.06.17 04:35,4318.05,4325.23,4318.05,4323.68
2026.06.17 04:40,4323.78,4324.31,4321.73,4323.08
2026.06.17 04:45,4323.08,4323.94,4322.51,4323.36
2026.06.17 04:50,4323.36,4325.53,4322.38,4325.33
2026.06.17 04:55,4325.32,4326.72,4323.91,4326.72
2026.06.17 05:00,4326.79,4327.79,4325.30,4325.60
2026.06.17 05:05,4325.70,4327.10,4324.06,4324.52
2026.06.17 05:10,4324.53,4324.55,4321.36,4322.58
2026.06.17 05:15,4322.51,4327.30,4321.19,4326.07
2026.06.17 05:20,4326.12,4326.57,4324.79,4324.87
2026.06.17 05:25,4324.91,4327.49,4324.36,4327.22
2026.06.17 05:30,4327.70,4333.01,4327.54,4329.88
2026.06.17 05:35,4329.86,4329.91,4327.40,4328.48
2026.06.17 05:40,4328.47,4330.08,4326.93,4329.69
2026.06.17 05:45,4329.67,4334.16,4329.11,4331.76
2026.06.17 05:50,4331.73,4332.84,4330.10,4330.10
2026.06.17 05:55,4330.10,4330.39,4324.44,4326.45
2026.06.17 06:00,4327.62,4327.88,4324.50,4327.85
2026.06.17 06:05,4327.88,4330.01,4327.27,4327.61
2026.06.17 06:10,4327.60,4329.85,4326.72,4329.45
2026.06.17 06:15,4328.77,4329.38,4323.35,4323.82
2026.06.17 06:20,4323.81,4325.57,4320.50,4324.06
2026.06.17 06:25,4324.04,4327.20,4322.58,4324.39
2026.06.17 06:30,4324.36,4326.25,4322.48,4326.13
2026.06.17 06:35,4326.09,4326.67,4323.81,4325.84
2026.06.17 06:40,4325.90,4329.10,4325.42,4327.69
2026.06.17 06:45,4327.65,4329.54,4326.66,4329.27
2026.06.17 06:50,4329.25,4330.25,4327.84,4329.42
2026.06.17 06:55,4329.40,4331.80,4328.55,4331.68
2026.06.17 07:00,4331.54,4332.82,4330.05,4330.59
2026.06.17 07:05,4330.70,4332.48,4328.90,4330.68
2026.06.17 07:10,4330.71,4331.97,4326.99,4327.23
2026.06.17 07:15,4327.22,4332.72,4326.63,4327.40
2026.06.17 07:20,4327.33,4330.08,4327.22,4328.98
2026.06.17 07:25,4328.97,4329.07,4327.08,4329.07
2026.06.17 07:30,4329.00,4330.07,4325.66,4325.67
2026.06.17 07:35,4325.47,4331.33,4325.40,4331.03
2026.06.17 07:40,4330.96,4331.72,4328.55,4328.87
2026.06.17 07:45,4328.90,4329.43,4326.45,4326.45
2026.06.17 07:50,4326.48,4328.66,4325.25,4325.27
2026.06.17 07:55,4325.24,4328.24,4324.70,4325.18
2026.06.17 08:00,4324.97,4326.83,4323.89,4326.04
2026.06.17 08:05,4326.01,4327.82,4325.24,4327.13
2026.06.17 08:10,4327.06,4327.06,4322.17,4322.84
2026.06.17 08:15,4322.84,4323.61,4319.72,4322.97
2026.06.17 08:20,4322.71,4324.09,4320.85,4323.97
2026.06.17 08:25,4323.98,4324.83,4322.19,4323.59
2026.06.17 08:30,4323.57,4324.31,4319.95,4323.77
2026.06.17 08:35,4323.78,4324.14,4320.20,4320.22
2026.06.17 08:40,4320.15,4321.78,4318.92,4320.05
2026.06.17 08:45,4320.06,4320.15,4317.97,4319.38
2026.06.17 08:50,4319.39,4324.89,4318.43,4324.45
2026.06.17 08:55,4324.53,4325.46,4323.26,4324.76
2026.06.17 09:00,4324.71,4324.85,4321.31,4323.49
2026.06.17 09:05,4323.49,4324.21,4321.79,4321.94
2026.06.17 09:10,4321.94,4325.83,4321.45,4325.28
2026.06.17 09:15,4325.30,4327.60,4325.27,4326.75
2026.06.17 09:20,4326.74,4328.17,4325.80,4327.23
2026.06.17 09:25,4327.27,4333.21,4327.27,4331.91
2026.06.17 09:30,4332.03,4335.53,4328.31,4329.48
2026.06.17 09:35,4329.44,4331.16,4328.88,4329.05
2026.06.17 09:40,4328.99,4330.82,4328.35,4328.51
2026.06.17 09:45,4328.49,4329.03,4326.64,4326.99
2026.06.17 09:50,4326.99,4328.02,4325.64,4327.01
2026.06.17 09:55,4326.79,4329.67,4326.49,4329.51
2026.06.17 10:00,4329.54,4330.09,4328.11,4328.72
2026.06.17 10:05,4328.69,4330.19,4327.84,4329.39
2026.06.17 10:10,4329.40,4330.89,4327.69,4330.83
2026.06.17 10:15,4330.84,4330.94,4327.92,4328.03
2026.06.17 10:20,4327.95,4328.75,4327.15,4328.51
2026.06.17 10:25,4328.53,4329.14,4326.76,4329.01
2026.06.17 10:30,4329.04,4330.50,4327.20,4327.60
2026.06.17 10:35,4327.59,4330.54,4327.27,4329.65
2026.06.17 10:40,4329.64,4331.23,4328.26,4330.93
2026.06.17 10:45,4330.91,4334.28,4330.86,4332.43
2026.06.17 10:50,4332.60,4335.06,4331.13,4331.18
2026.06.17 10:55,4331.19,4333.09,4330.80,4331.41
2026.06.17 11:00,4331.44,4331.83,4328.36,4328.40
2026.06.17 11:05,4328.39,4330.83,4327.94,4328.36
2026.06.17 11:10,4328.36,4329.95,4327.90,4329.10
2026.06.17 11:15,4329.08,4331.74,4328.49,4330.31
2026.06.17 11:20,4330.33,4330.39,4328.94,4329.00
2026.06.17 11:25,4329.00,4330.04,4328.05,4328.80
2026.06.17 11:30,4328.90,4328.95,4325.62,4325.62
2026.06.17 11:35,4325.69,4326.84,4325.01,4326.64
2026.06.17 11:40,4326.64,4327.20,4324.42,4325.93
2026.06.17 11:45,4325.92,4327.21,4323.77,4325.22
2026.06.17 11:50,4325.22,4326.36,4323.78,4326.31
2026.06.17 11:55,4326.32,4326.32,4320.95,4323.15
2026.06.17 12:00,4323.14,4324.82,4321.44,4321.90
2026.06.17 12:05,4321.91,4324.66,4320.27,4322.89
2026.06.17 12:10,4323.30,4324.89,4319.86,4323.48
2026.06.17 12:15,4323.46,4324.29,4321.77,4323.61
2026.06.17 12:20,4324.14,4327.70,4323.04,4326.96
2026.06.17 12:25,4326.96,4327.15,4324.11,4325.23
2026.06.17 12:30,4324.74,4330.57,4323.45,4329.07
2026.06.17 12:35,4329.03,4332.13,4328.20,4330.56
2026.06.17 12:40,4330.56,4332.00,4329.67,4331.66
2026.06.17 12:45,4331.83,4334.81,4331.13,4333.47
2026.06.17 12:50,4333.52,4335.15,4332.32,4332.54
2026.06.17 12:55,4332.56,4335.24,4332.22,4333.64
2026.06.17 13:00,4333.60,4334.34,4328.61,4329.61
2026.06.17 13:05,4329.91,4330.74,4324.11,4327.54
2026.06.17 13:10,4327.52,4333.87,4327.32,4331.88
2026.06.17 13:15,4331.91,4333.68,4330.97,4331.99
2026.06.17 13:20,4332.00,4338.22,4331.29,4336.31
2026.06.17 13:25,4336.28,4336.96,4333.81,4335.46
2026.06.17 13:30,4335.50,4337.42,4332.61,4334.98
2026.06.17 13:35,4335.01,4340.54,4334.04,4337.78
2026.06.17 13:40,4337.74,4341.88,4336.90,4341.75
2026.06.17 13:45,4341.77,4344.32,4340.39,4341.94
2026.06.17 13:50,4341.80,4345.19,4339.57,4340.36
2026.06.17 13:55,4340.44,4342.63,4339.42,4339.94
2026.06.17 14:00,4339.85,4341.21,4335.74,4340.60
2026.06.17 14:05,4340.51,4345.83,4339.72,4342.58
2026.06.17 14:10,4342.60,4344.39,4340.05,4342.39
2026.06.17 14:15,4342.36,4343.43,4341.10,4341.57
2026.06.17 14:20,4341.65,4361.94,4341.08,4358.24
2026.06.17 14:25,4358.31,4360.56,4355.33,4360.36
2026.06.17 14:30,4360.12,4363.88,4358.06,4360.60
2026.06.17 14:35,4360.62,4360.84,4350.65,4352.09
2026.06.17 14:40,4352.11,4353.40,4347.44,4351.97
2026.06.17 14:45,4352.00,4355.30,4331.02,4345.88
2026.06.17 14:50,4346.66,4351.97,4344.12,4346.94
2026.06.17 14:55,4347.03,4348.29,4343.63,4344.50
2026.06.17 15:00,4344.74,4348.35,4344.02,4347.03
2026.06.17 15:05,4347.04,4348.33,4344.06,4345.07
2026.06.17 15:10,4344.88,4348.39,4343.94,4348.10
2026.06.17 15:15,4347.87,4354.31,4346.96,4353.75
2026.06.17 15:20,4353.77,4359.51,4353.24,4359.01
2026.06.17 15:25,4359.02,4360.02,4354.61,4355.29
2026.06.17 15:30,4355.41,4361.12,4354.68,4358.96
2026.06.17 15:35,4358.96,4359.86,4356.37,4359.63
2026.06.17 15:40,4359.63,4359.63,4356.05,4358.21
2026.06.17 15:45,4358.46,4360.14,4358.04,4358.90
2026.06.17 15:50,4358.92,4360.47,4357.44,4358.86
2026.06.17 15:55,4358.87,4364.75,4358.85,4363.52
2026.06.17 16:00,4363.52,4365.71,4362.48,4362.95
2026.06.17 16:05,4362.90,4364.19,4362.00,4362.62
2026.06.17 16:10,4362.63,4362.92,4360.65,4362.21
2026.06.17 16:15,4362.23,4365.39,4360.75,4365.23
2026.06.17 16:20,4365.34,4366.45,4363.43,4365.27
2026.06.17 16:25,4365.27,4365.73,4363.74,4365.03
2026.06.17 16:30,4365.17,4365.17,4361.55,4361.73
2026.06.17 16:35,4361.67,4361.91,4359.18,4359.57
2026.06.17 16:40,4359.61,4359.81,4355.14,4357.60
2026.06.17 16:45,4357.60,4358.44,4356.20,4356.68
2026.06.17 16:50,4356.69,4358.51,4356.19,4357.25
2026.06.17 16:55,4357.24,4359.66,4356.76,4359.45
2026.06.17 17:00,4359.50,4359.56,4355.42,4356.47
2026.06.17 17:05,4356.42,4359.69,4355.80,4359.37
2026.06.17 17:10,4359.44,4361.07,4357.52,4358.98
2026.06.17 17:15,4358.97,4362.93,4357.93,4362.19
2026.06.17 17:20,4362.17,4363.38,4361.08,4362.14
2026.06.17 17:25,4362.12,4364.01,4360.44,4361.23
2026.06.17 17:30,4361.30,4382.06,4360.86,4377.83
2026.06.17 17:35,4377.79,4378.27,4370.50,4374.52
2026.06.17 17:40,4374.49,4381.87,4374.36,4376.43
2026.06.17 17:45,4376.41,4378.76,4374.21,4376.28
2026.06.17 17:50,4376.35,4382.15,4375.22,4378.12
2026.06.17 17:55,4378.14,4381.50,4376.99,4377.94
2026.06.17 18:00,4376.98,4377.00,4316.47,4316.69
2026.06.17 18:05,4316.94,4318.79,4286.07,4295.60
2026.06.17 18:10,4294.38,4297.60,4277.62,4284.14
2026.06.17 18:15,4284.43,4308.32,4283.22,4306.39
2026.06.17 18:20,4306.61,4307.91,4291.28,4292.49
2026.06.17 18:25,4292.84,4294.08,4284.99,4292.27
2026.06.17 18:30,4292.69,4313.60,4270.27,4270.91
2026.06.17 18:35,4271.94,4311.42,4271.02,4302.68
2026.06.17 18:40,4303.94,4326.86,4296.37,4323.66
2026.06.17 18:45,4323.29,4331.52,4314.70,4318.85
2026.06.17 18:50,4318.81,4324.03,4310.27,4311.00
2026.06.17 18:55,4310.96,4311.47,4277.11,4286.24
2026.06.17 19:00,4286.02,4295.01,4271.50,4271.50
2026.06.17 19:05,4271.59,4278.56,4264.03,4268.96
2026.06.17 19:10,4268.68,4274.48,4260.35,4264.75
2026.06.17 19:15,4264.66,4265.09,4241.26,4243.96
2026.06.17 19:20,4243.72,4245.97,4236.27,4236.27
2026.06.17 19:25,4236.29,4245.01,4226.51,4227.09
2026.06.17 19:30,4227.18,4235.51,4220.79,4227.08
2026.06.17 19:35,4226.81,4231.40,4219.02,4221.70
2026.06.17 19:40,4221.64,4235.47,4218.96,4229.51
2026.06.17 19:45,4230.44,4243.13,4229.67,4238.80
2026.06.17 19:50,4238.70,4246.74,4235.18,4238.21
2026.06.17 19:55,4238.07,4243.60,4235.19,4235.96
2026.06.17 20:00,4235.92,4245.87,4235.20,4240.30
2026.06.17 20:05,4240.63,4254.42,4240.63,4254.21
2026.06.17 20:10,4254.31,4260.09,4252.97,4257.72
2026.06.17 20:15,4257.60,4267.43,4254.13,4267.32
2026.06.17 20:20,4267.21,4269.67,4258.64,4259.55
2026.06.17 20:25,4259.56,4263.23,4258.11,4258.13
2026.06.17 20:30,4258.18,4263.02,4258.18,4259.91
2026.06.17 20:35,4259.89,4265.40,4258.89,4264.13
2026.06.17 20:40,4264.37,4264.79,4259.62,4260.05
2026.06.17 20:45,4260.26,4262.34,4258.44,4258.51
2026.06.17 20:50,4258.77,4260.15,4256.08,4258.06
2026.06.17 20:55,4258.12,4258.66,4256.16,4257.24
2026.06.17 22:00,4250.66,4259.16,4250.66,4258.19
2026.06.17 22:05,4258.47,4268.12,4258.31,4266.78
2026.06.17 22:10,4266.76,4268.01,4261.76,4265.24
2026.06.17 22:15,4265.73,4269.87,4264.84,4268.36
2026.06.17 22:20,4268.35,4271.40,4267.84,4269.09
2026.06.17 22:25,4269.07,4270.03,4265.15,4267.00
2026.06.17 22:30,4266.88,4268.85,4265.32,4265.71
2026.06.17 22:35,4265.71,4267.32,4263.76,4266.94
2026.06.17 22:40,4266.94,4267.27,4263.89,4263.92
2026.06.17 22:45,4264.01,4265.17,4260.70,4264.04
2026.06.17 22:50,4263.74,4268.44,4263.61,4267.75
2026.06.17 22:55,4267.78,4270.81,4266.41,4266.77
2026.06.17 23:00,4266.71,4267.06,4264.21,4264.88
2026.06.17 23:05,4265.17,4274.09,4264.94,4273.92
2026.06.17 23:10,4273.92,4282.34,4273.47,4281.81
2026.06.17 23:15,4281.88,4282.77,4275.57,4276.61
2026.06.17 23:20,4276.59,4283.47,4276.58,4278.26
2026.06.17 23:25,4278.27,4283.79,4277.50,4280.05
2026.06.17 23:30,4280.05,4282.72,4277.83,4280.55
2026.06.17 23:35,4280.59,4280.77,4274.48,4274.63
2026.06.17 23:40,4274.56,4276.24,4268.08,4276.11
2026.06.17 23:45,4276.11,4279.36,4273.28,4273.63
2026.06.17 23:50,4273.67,4276.83,4272.36,4275.79
2026.06.17 23:55,4275.76,4278.18,4273.34,4277.92
2026.06.18 00:00,4277.95,4292.33,4276.58,4292.17
2026.06.18 00:05,4292.17,4298.44,4291.67,4293.06
2026.06.18 00:10,4293.09,4299.18,4292.21,4297.41
2026.06.18 00:15,4297.49,4300.27,4296.13,4296.52
2026.06.18 00:20,4296.55,4301.33,4295.75,4296.60
2026.06.18 00:25,4296.59,4301.12,4294.66,4300.74
2026.06.18 00:30,4300.60,4309.05,4299.80,4306.65
2026.06.18 00:35,4306.93,4309.49,4303.13,4305.52
2026.06.18 00:40,4305.19,4311.51,4304.53,4310.93
2026.06.18 00:45,4310.99,4313.97,4308.26,4313.68
2026.06.18 00:50,4313.37,4315.21,4311.58,4314.36
2026.06.18 00:55,4314.38,4314.56,4308.44,4308.44
2026.06.18 01:00,4308.68,4328.14,4307.05,4321.56
2026.06.18 01:05,4321.50,4324.91,4319.12,4321.32
2026.06.18 01:10,4321.44,4328.55,4320.74,4323.10
2026.06.18 01:15,4323.08,4323.59,4315.65,4317.61
2026.06.18 01:20,4317.45,4323.39,4315.27,4319.68
2026.06.18 01:25,4319.66,4321.73,4317.87,4319.05
2026.06.18 01:30,4319.47,4321.40,4317.09,4317.89
2026.06.18 01:35,4317.91,4322.03,4317.19,4320.09
2026.06.18 01:40,4320.14,4325.11,4318.28,4322.52
2026.06.18 01:45,4322.45,4325.91,4319.78,4321.22
2026.06.18 01:50,4321.22,4321.55,4317.37,4318.65
2026.06.18 01:55,4318.64,4320.02,4317.63,4317.81
2026.06.18 02:00,4318.02,4322.07,4316.40,4321.90
2026.06.18 02:05,4321.90,4326.42,4319.18,4325.28
2026.06.18 02:10,4325.26,4329.75,4324.70,4327.06
2026.06.18 02:15,4327.06,4329.60,4326.05,4326.50
2026.06.18 02:20,4326.50,4327.14,4324.48,4325.57
2026.06.18 02:25,4325.56,4325.97,4323.46,4324.39
2026.06.18 02:30,4324.40,4325.40,4320.87,4323.03
2026.06.18 02:35,4323.02,4323.39,4317.39,4321.47
2026.06.18 02:40,4321.64,4323.16,4316.27,4316.48
2026.06.18 02:45,4316.47,4318.83,4312.08,4313.19
2026.06.18 02:50,4313.38,4315.74,4311.61,4313.83
2026.06.18 02:55,4313.84,4314.99,4310.48,4310.91
2026.06.18 03:00,4310.92,4312.34,4309.11,4312.12
2026.06.18 03:05,4312.07,4316.34,4311.77,4312.75
2026.06.18 03:10,4312.75,4313.37,4309.97,4311.67
2026.06.18 03:15,4311.87,4315.34,4310.76,4314.95
2026.06.18 03:20,4314.93,4316.84,4313.32,4316.04
2026.06.18 03:25,4315.99,4316.58,4312.86,4314.67
2026.06.18 03:30,4315.07,4320.56,4313.78,4319.55
2026.06.18 03:35,4319.67,4322.63,4318.27,4320.89
2026.06.18 03:40,4320.65,4321.92,4318.05,4318.94
2026.06.18 03:45,4318.96,4320.86,4318.07,4318.21
2026.06.18 03:50,4318.18,4319.47,4316.77,4318.38
2026.06.18 03:55,4318.38,4320.39,4317.51,4319.69
2026.06.18 04:00,4320.00,4323.95,4319.21,4320.66
2026.06.18 04:05,4320.50,4320.89,4316.35,4317.03
2026.06.18 04:10,4317.02,4318.35,4314.67,4317.36
2026.06.18 04:15,4317.36,4319.00,4315.41,4315.41
2026.06.18 04:20,4315.39,4315.47,4311.67,4313.36
2026.06.18 04:25,4313.34,4314.93,4312.20,4313.66
2026.06.18 04:30,4313.66,4317.42,4312.83,4316.50
2026.06.18 04:35,4316.48,4318.27,4312.35,4312.65
2026.06.18 04:40,4312.64,4313.72,4309.95,4309.98
2026.06.18 04:45,4309.95,4315.15,4309.79,4314.77
2026.06.18 04:50,4314.82,4316.25,4313.67,4315.55
2026.06.18 04:55,4315.55,4317.21,4315.04,4316.00
2026.06.18 05:00,4315.70,4317.15,4312.33,4315.03
2026.06.18 05:05,4315.04,4318.17,4314.40,4317.64
2026.06.18 05:10,4317.64,4318.27,4314.91,4315.97
2026.06.18 05:15,4315.86,4322.61,4315.64,4321.34
2026.06.18 05:20,4321.35,4321.60,4318.97,4319.16
2026.06.18 05:25,4319.18,4323.21,4318.84,4323.15
2026.06.18 05:30,4322.57,4324.60,4319.34,4322.60
2026.06.18 05:35,4322.63,4323.95,4316.60,4316.60
2026.06.18 05:40,4317.00,4318.03,4309.59,4310.48
2026.06.18 05:45,4310.62,4311.58,4302.28,4302.99
2026.06.18 05:50,4303.00,4310.08,4301.34,4307.97
2026.06.18 05:55,4308.05,4310.01,4307.05,4308.10
2026.06.18 06:00,4308.16,4309.81,4306.39,4307.28
2026.06.18 06:05,4307.09,4307.19,4296.60,4301.17
2026.06.18 06:10,4300.97,4301.14,4296.28,4298.90
2026.06.18 06:15,4298.89,4302.22,4296.47,4298.75
2026.06.18 06:20,4298.67,4305.32,4298.54,4303.38
2026.06.18 06:25,4303.24,4305.04,4300.13,4305.02
2026.06.18 06:30,4305.02,4305.19,4302.87,4303.69
2026.06.18 06:35,4303.65,4303.70,4299.36,4301.03
2026.06.18 06:40,4301.03,4302.37,4299.13,4301.46
2026.06.18 06:45,4301.47,4307.37,4301.19,4304.36
2026.06.18 06:50,4304.56,4305.54,4303.17,4305.54
2026.06.18 06:55,4305.54,4307.06,4303.82,4306.54
2026.06.18 07:00,4306.47,4307.58,4303.04,4304.01
2026.06.18 07:05,4303.97,4305.60,4300.25,4305.00
2026.06.18 07:10,4304.99,4309.10,4304.20,4307.10
2026.06.18 07:15,4307.09,4309.38,4305.86,4307.38
2026.06.18 07:20,4307.53,4309.09,4304.64,4304.64
2026.06.18 07:25,4304.64,4307.82,4303.99,4307.71
2026.06.18 07:30,4307.48,4307.48,4295.76,4298.46
2026.06.18 07:35,4298.55,4299.26,4293.79,4294.37
2026.06.18 07:40,4294.41,4298.00,4293.40,4297.66
2026.06.18 07:45,4297.66,4298.68,4295.01,4295.49
2026.06.18 07:50,4294.70,4296.40,4291.31,4292.09
2026.06.18 07:55,4292.18,4293.51,4287.32,4288.64
2026.06.18 08:00,4288.81,4292.06,4285.66,4290.41
2026.06.18 08:05,4290.31,4292.90,4288.81,4291.26
2026.06.18 08:10,4291.23,4292.06,4284.09,4287.01
2026.06.18 08:15,4287.04,4289.93,4285.90,4288.23
2026.06.18 08:20,4288.17,4289.01,4285.89,4286.89
2026.06.18 08:25,4287.09,4288.43,4283.88,4284.62
2026.06.18 08:30,4284.73,4289.60,4283.37,4285.51
2026.06.18 08:35,4285.51,4288.13,4281.12,4285.41
2026.06.18 08:40,4285.37,4286.06,4281.10,4281.55
2026.06.18 08:45,4281.13,4281.62,4277.35,4279.19
2026.06.18 08:50,4279.20,4279.26,4273.99,4277.37
2026.06.18 08:55,4277.37,4277.37,4265.58,4266.66
2026.06.18 09:00,4267.35,4269.31,4261.36,4268.84
2026.06.18 09:05,4268.81,4269.08,4265.36,4266.04
2026.06.18 09:10,4265.81,4267.71,4259.53,4267.71
2026.06.18 09:15,4267.63,4272.50,4266.20,4272.23
2026.06.18 09:20,4272.26,4273.18,4267.12,4267.35
2026.06.18 09:25,4267.35,4269.83,4265.39,4266.42
2026.06.18 09:30,4266.25,4268.25,4264.75,4265.45
2026.06.18 09:35,4265.46,4268.96,4263.33,4267.33
2026.06.18 09:40,4267.30,4268.52,4265.89,4268.49
2026.06.18 09:45,4268.49,4269.88,4267.39,4269.10
2026.06.18 09:50,4269.09,4273.20,4268.45,4270.35
2026.06.18 09:55,4270.14,4271.55,4267.72,4268.69
2026.06.18 10:00,4268.42,4269.91,4265.34,4268.12
2026.06.18 10:05,4268.14,4269.44,4262.60,4264.31
2026.06.18 10:10,4264.30,4268.76,4261.88,4268.03
2026.06.18 10:15,4268.19,4270.23,4267.18,4269.79
2026.06.18 10:20,4269.60,4272.74,4263.82,4265.86
2026.06.18 10:25,4265.85,4269.61,4263.67,4269.39
2026.06.18 10:30,4269.49,4270.79,4264.86,4265.83
2026.06.18 10:35,4265.83,4267.11,4264.14,4266.90
2026.06.18 10:40,4266.88,4267.46,4263.92,4264.19
2026.06.18 10:45,4264.19,4266.46,4262.11,4262.41
2026.06.18 10:50,4262.41,4262.91,4259.03,4261.19
2026.06.18 10:55,4261.16,4261.37,4254.88,4255.48
2026.06.18 11:00,4255.43,4255.70,4249.92,4251.45
2026.06.18 11:05,4251.50,4252.80,4246.89,4247.99
2026.06.18 11:10,4248.07,4248.38,4240.70,4247.37
2026.06.18 11:15,4247.38,4249.47,4243.99,4244.98
2026.06.18 11:20,4245.02,4248.63,4243.68,4247.80
2026.06.18 11:25,4247.84,4249.66,4245.56,4248.95
2026.06.18 11:30,4249.08,4249.08,4246.97,4248.16
2026.06.18 11:35,4248.14,4250.16,4242.38,4242.60
2026.06.18 11:40,4242.80,4245.49,4241.95,4243.34
2026.06.18 11:45,4243.43,4245.46,4241.11,4241.12
2026.06.18 11:50,4241.36,4245.95,4240.18,4242.28
2026.06.18 11:55,4242.29,4243.00,4240.31,4242.02
2026.06.18 12:00,4241.96,4245.13,4241.42,4243.04
2026.06.18 12:05,4242.90,4244.64,4240.53,4244.10
2026.06.18 12:10,4244.12,4257.77,4243.14,4256.29
2026.06.18 12:15,4256.30,4260.39,4255.05,4260.01
2026.06.18 12:20,4260.06,4269.14,4259.78,4263.28
2026.06.18 12:25,4263.28,4265.32,4254.15,4255.28
2026.06.18 12:30,4255.32,4258.40,4249.21,4250.07
2026.06.18 12:35,4250.19,4252.10,4241.84,4242.53
2026.06.18 12:40,4242.53,4251.59,4241.42,4243.19
2026.06.18 12:45,4243.60,4247.56,4242.85,4244.62
2026.06.18 12:50,4244.54,4245.66,4241.10,4244.04
2026.06.18 12:55,4244.46,4247.99,4241.38,4246.59
2026.06.18 13:00,4246.61,4249.37,4245.01,4246.84
2026.06.18 13:05,4246.68,4253.68,4245.64,4251.81
2026.06.18 13:10,4251.92,4259.31,4251.64,4259.26
2026.06.18 13:15,4259.28,4261.84,4258.01,4258.50
2026.06.18 13:20,4258.66,4258.84,4252.82,4257.42
2026.06.18 13:25,4258.48,4263.29,4257.62,4263.16
2026.06.18 13:30,4263.04,4276.51,4263.04,4272.47
2026.06.18 13:35,4272.39,4273.95,4268.76,4272.19
2026.06.18 13:40,4272.14,4272.23,4263.47,4264.38
2026.06.18 13:45,4264.42,4265.30,4253.04,4259.97
2026.06.18 13:50,4260.15,4263.28,4256.51,4260.97
2026.06.18 13:55,4261.09,4261.34,4250.63,4256.59
2026.06.18 14:00,4256.12,4257.68,4239.47,4247.41
2026.06.18 14:05,4247.41,4247.54,4240.41,4243.67
2026.06.18 14:10,4243.58,4244.72,4240.22,4241.70
2026.06.18 14:15,4241.68,4250.27,4237.06,4249.41
2026.06.18 14:20,4249.41,4255.85,4246.38,4252.72
2026.06.18 14:25,4252.83,4255.41,4244.44,4244.44
2026.06.18 14:30,4244.31,4249.60,4241.52,4249.60
2026.06.18 14:35,4249.58,4252.15,4248.00,4251.13
2026.06.18 14:40,4251.13,4251.29,4241.25,4244.57
2026.06.18 14:45,4244.45,4245.78,4240.40,4243.58
2026.06.18 14:50,4243.30,4247.61,4240.65,4247.35
2026.06.18 14:55,4247.20,4254.39,4246.25,4252.38
2026.06.18 15:00,4252.34,4254.51,4248.53,4251.06
2026.06.18 15:05,4250.88,4254.67,4249.08,4253.36
2026.06.18 15:10,4253.36,4254.50,4246.41,4246.66
2026.06.18 15:15,4246.64,4249.35,4239.54,4242.52
2026.06.18 15:20,4242.34,4244.57,4239.58,4240.37
2026.06.18 15:25,4240.38,4242.21,4234.44,4235.92
2026.06.18 15:30,4235.69,4236.58,4226.85,4233.26
2026.06.18 15:35,4233.34,4234.28,4223.98,4227.40
2026.06.18 15:40,4227.27,4235.47,4227.27,4231.71
2026.06.18 15:45,4231.50,4231.74,4227.05,4227.29
2026.06.18 15:50,4227.09,4228.41,4223.07,4224.48
2026.06.18 15:55,4224.49,4230.02,4224.49,4226.75
2026.06.18 16:00,4226.55,4231.74,4225.82,4226.65
2026.06.18 16:05,4226.26,4233.02,4225.82,4231.98
2026.06.18 16:10,4231.99,4233.23,4227.38,4227.38
2026.06.18 16:15,4227.72,4228.56,4222.23,4223.27
2026.06.18 16:20,4223.10,4226.62,4221.97,4222.03
2026.06.18 16:25,4222.10,4225.91,4222.10,4224.95
2026.06.18 16:30,4225.27,4229.28,4221.66,4221.70
2026.06.18 16:35,4221.68,4223.07,4215.57,4223.05
2026.06.18 16:40,4223.05,4225.78,4220.77,4221.85
2026.06.18 16:45,4221.81,4222.14,4217.42,4217.73
2026.06.18 16:50,4217.74,4218.47,4214.48,4217.30
2026.06.18 16:55,4217.31,4219.53,4214.05,4219.38
2026.06.18 17:00,4219.69,4223.97,4218.53,4223.96
2026.06.18 17:05,4223.96,4226.70,4223.26,4224.92
2026.06.18 17:10,4224.91,4228.52,4222.27,4227.91
2026.06.18 17:15,4227.89,4231.40,4227.41,4230.08
2026.06.18 17:20,4230.36,4231.55,4227.25,4228.69
2026.06.18 17:25,4228.72,4228.82,4225.69,4226.03
2026.06.18 17:30,4225.96,4227.58,4223.04,4223.04
2026.06.18 17:35,4223.04,4225.20,4222.39,4224.25
2026.06.18 17:40,4224.43,4230.21,4223.95,4229.78
2026.06.18 17:45,4229.79,4229.87,4227.32,4228.98
2026.06.18 17:50,4229.13,4233.02,4228.88,4232.39
2026.06.18 17:55,4232.10,4232.61,4229.91,4230.28
2026.06.18 18:00,4230.39,4230.59,4227.39,4228.44
2026.06.18 18:05,4228.41,4231.84,4228.41,4231.65
2026.06.18 18:10,4231.54,4233.11,4228.52,4228.52
2026.06.18 18:15,4228.36,4229.79,4226.38,4228.21
2026.06.18 18:20,4228.23,4228.83,4226.59,4227.82
2026.06.18 18:25,4227.83,4229.32,4225.52,4226.30
2026.06.18 18:30,4226.26,4226.26,4221.87,4222.57
2026.06.18 18:35,4222.58,4223.33,4220.53,4221.00
2026.06.18 18:40,4221.11,4225.00,4220.49,4224.77
2026.06.18 18:45,4224.75,4225.19,4220.66,4221.65
2026.06.18 18:50,4221.54,4222.20,4218.79,4220.52
2026.06.18 18:55,4220.42,4221.37,4218.20,4218.22
2026.06.18 19:00,4218.43,4218.96,4211.75,4212.50
2026.06.18 19:05,4212.48,4212.89,4207.52,4208.24
2026.06.18 19:10,4208.24,4209.21,4203.96,4207.44
2026.06.18 19:15,4207.43,4208.63,4201.98,4205.01
2026.06.18 19:20,4204.98,4207.59,4204.73,4205.36
2026.06.18 19:25,4205.33,4207.90,4204.93,4205.15
2026.06.18 19:30,4204.93,4206.82,4201.53,4203.09
2026.06.18 19:35,4203.09,4209.91,4203.09,4209.91
2026.06.18 19:40,4209.90,4214.56,4209.70,4214.04
2026.06.18 19:45,4214.04,4216.38,4213.27,4215.93
2026.06.18 19:50,4216.02,4217.26,4215.03,4216.78
2026.06.18 19:55,4216.55,4218.46,4214.26,4216.93
2026.06.18 20:00,4217.67,4217.68,4214.92,4216.76
2026.06.18 20:05,4216.72,4217.74,4215.64,4216.57
2026.06.18 20:10,4216.57,4217.61,4216.18,4217.16
2026.06.18 20:15,4217.12,4217.24,4215.02,4216.78
2026.06.18 20:20,4216.78,4217.03,4215.51,4216.12
2026.06.18 20:25,4216.12,4219.55,4215.69,4218.99
2026.06.18 20:30,4218.99,4218.99,4215.47,4216.25
2026.06.18 20:35,4216.26,4218.66,4214.15,4214.95
2026.06.18 20:40,4214.94,4215.01,4212.93,4212.93
2026.06.18 20:45,4212.96,4213.43,4209.93,4210.05
2026.06.18 20:50,4210.07,4211.00,4209.36,4209.83
2026.06.18 20:55,4209.64,4210.26,4207.93,4208.99
2026.06.18 22:00,4210.34,4213.47,4203.26,4205.06
2026.06.18 22:05,4205.06,4208.20,4204.84,4206.67
2026.06.18 22:10,4206.67,4208.46,4206.67,4208.08
2026.06.18 22:15,4208.77,4210.10,4204.94,4205.85
2026.06.18 22:20,4205.89,4205.89,4202.82,4203.21
2026.06.18 22:25,4203.21,4205.78,4203.04,4204.14
2026.06.18 22:30,4203.81,4205.65,4203.71,4204.93
2026.06.18 22:35,4204.94,4205.61,4203.30,4203.47
2026.06.18 22:40,4203.48,4205.33,4203.30,4205.04
2026.06.18 22:45,4205.05,4209.05,4204.28,4208.63
2026.06.18 22:50,4208.61,4210.50,4207.51,4208.78
2026.06.18 22:55,4208.77,4208.77,4206.87,4207.37
2026.06.18 23:00,4207.37,4208.26,4199.14,4200.54
2026.06.18 23:05,4200.47,4202.41,4198.93,4200.11
2026.06.18 23:10,4200.11,4201.34,4194.19,4195.79
2026.06.18 23:15,4196.17,4199.41,4194.16,4195.37
2026.06.18 23:20,4195.47,4197.42,4195.16,4195.40
2026.06.18 23:25,4195.44,4197.32,4193.85,4197.28
2026.06.18 23:30,4197.30,4199.17,4195.11,4195.63
2026.06.18 23:35,4195.62,4198.28,4194.76,4197.67
2026.06.18 23:40,4197.67,4197.75,4193.95,4194.24
2026.06.18 23:45,4194.24,4194.42,4187.50,4189.63
2026.06.18 23:50,4189.65,4192.11,4188.42,4189.86
2026.06.18 23:55,4189.87,4191.00,4186.84,4188.34
2026.06.19 00:00,4188.36,4198.01,4188.36,4190.87
2026.06.19 00:05,4191.06,4193.94,4184.57,4186.02
2026.06.19 00:10,4186.09,4189.71,4184.44,4185.27
2026.06.19 00:15,4185.50,4187.91,4184.43,4185.26
2026.06.19 00:20,4185.38,4187.92,4184.36,4187.91
2026.06.19 00:25,4187.93,4188.74,4184.52,4185.11
2026.06.19 00:30,4185.14,4190.13,4183.90,4190.05
2026.06.19 00:35,4189.90,4191.32,4186.46,4186.72
2026.06.19 00:40,4186.80,4190.09,4186.58,4188.53
2026.06.19 00:45,4188.40,4191.29,4187.68,4190.46
2026.06.19 00:50,4190.44,4192.27,4188.84,4190.60
2026.06.19 00:55,4190.59,4191.02,4187.84,4190.29
2026.06.19 01:00,4190.72,4194.51,4189.20,4190.57
2026.06.19 01:05,4190.55,4190.60,4184.43,4184.79
2026.06.19 01:10,4184.86,4187.47,4184.69,4186.43
2026.06.19 01:15,4186.42,4188.28,4184.34,4185.21
2026.06.19 01:20,4185.14,4188.30,4184.12,4187.08
2026.06.19 01:25,4187.07,4191.51,4186.81,4190.71
2026.06.19 01:30,4190.85,4190.85,4186.72,4187.86
2026.06.19 01:35,4187.94,4189.21,4184.58,4185.18
2026.06.19 01:40,4185.20,4186.73,4184.53,4185.62
2026.06.19 01:45,4185.56,4187.27,4184.35,4184.70
2026.06.19 01:50,4184.67,4185.58,4184.07,4184.85
2026.06.19 01:55,4184.85,4186.38,4184.25,4184.75
2026.06.19 02:00,4184.77,4186.21,4184.34,4185.39
2026.06.19 02:05,4185.40,4186.06,4179.36,4184.05
2026.06.19 02:10,4184.11,4184.76,4178.54,4179.78
2026.06.19 02:15,4180.03,4180.03,4174.78,4175.78
2026.06.19 02:20,4175.71,4179.43,4175.71,4178.12
2026.06.19 02:25,4178.11,4179.70,4177.17,4179.41
2026.06.19 02:30,4179.44,4179.85,4177.07,4179.85
2026.06.19 02:35,4179.85,4183.01,4178.24,4179.64
2026.06.19 02:40,4179.62,4183.55,4179.31,4179.91
2026.06.19 02:45,4179.99,4180.70,4175.73,4176.24
2026.06.19 02:50,4176.25,4176.77,4171.94,4176.63
2026.06.19 02:55,4176.56,4177.14,4175.12,4176.26
2026.06.19 03:00,4176.88,4177.21,4169.35,4169.57
2026.06.19 03:05,4169.51,4169.72,4166.38,4167.58
2026.06.19 03:10,4167.64,4169.79,4166.05,4166.07
2026.06.19 03:15,4166.06,4168.95,4165.16,4167.98
2026.06.19 03:20,4167.98,4170.69,4167.98,4168.66
2026.06.19 03:25,4168.66,4169.22,4166.41,4167.24
2026.06.19 03:30,4167.36,4167.69,4161.69,4164.62
2026.06.19 03:35,4164.58,4165.41,4162.21,4163.20
2026.06.19 03:40,4163.18,4164.26,4157.92,4162.23
2026.06.19 03:45,4162.27,4162.30,4157.88,4158.91
2026.06.19 03:50,4158.94,4160.68,4157.71,4158.78
2026.06.19 03:55,4158.92,4159.76,4145.88,4153.44
2026.06.19 04:00,4153.38,4155.02,4143.21,4144.24
2026.06.19 04:05,4144.14,4147.58,4143.61,4143.88
2026.06.19 04:10,4143.89,4146.75,4143.64,4145.48
2026.06.19 04:15,4145.43,4149.37,4141.58,4147.82
2026.06.19 04:20,4147.80,4149.77,4147.37,4149.01
2026.06.19 04:25,4149.02,4149.10,4144.35,4146.61
2026.06.19 04:30,4146.57,4147.35,4143.00,4143.20
2026.06.19 04:35,4143.23,4143.29,4137.85,4141.68
2026.06.19 04:40,4141.68,4141.68,4133.55,4135.36
2026.06.19 04:45,4135.33,4136.72,4134.07,4135.79
2026.06.19 04:50,4135.69,4136.27,4125.50,4128.24
2026.06.19 04:55,4127.23,4128.74,4125.07,4125.73
2026.06.19 05:00,4125.73,4127.17,4122.81,4124.64
2026.06.19 05:05,4124.15,4125.34,4121.80,4124.33
2026.06.19 05:10,4124.33,4131.44,4124.06,4130.39
2026.06.19 05:15,4130.38,4130.47,4125.77,4128.00
2026.06.19 05:20,4127.87,4131.41,4126.08,4129.13
2026.06.19 05:25,4129.10,4134.19,4129.10,4133.64
2026.06.19 05:30,4133.76,4139.22,4130.97,4132.53
2026.06.19 05:35,4132.12,4135.47,4130.52,4131.77
2026.06.19 05:40,4131.34,4134.96,4131.01,4134.96
2026.06.19 05:45,4134.96,4138.58,4134.63,4137.55
2026.06.19 05:50,4137.43,4139.00,4132.85,4139.00
2026.06.19 05:55,4138.94,4141.48,4137.11,4139.66
2026.06.19 06:00,4139.67,4140.11,4133.62,4138.01
2026.06.19 06:05,4138.02,4143.31,4136.13,4143.31
2026.06.19 06:10,4143.35,4148.03,4140.00,4146.91
2026.06.19 06:15,4147.11,4147.11,4139.92,4141.57
2026.06.19 06:20,4141.56,4144.39,4139.26,4143.30
2026.06.19 06:25,4143.30,4144.82,4140.98,4141.79
2026.06.19 06:30,4141.74,4145.26,4135.52,4138.64
2026.06.19 06:35,4138.65,4139.02,4132.81,4133.68
2026.06.19 06:40,4133.67,4136.67,4133.65,4136.00
2026.06.19 06:45,4135.98,4145.22,4134.48,4145.22
2026.06.19 06:50,4145.27,4146.35,4142.33,4145.71
2026.06.19 06:55,4145.70,4150.40,4144.38,4147.56
2026.06.19 07:00,4147.58,4156.13,4147.58,4156.04
2026.06.19 07:05,4155.73,4159.48,4154.15,4159.00
2026.06.19 07:10,4158.96,4158.96,4153.80,4156.99
2026.06.19 07:15,4157.05,4159.95,4154.45,4155.33
2026.06.19 07:20,4155.39,4157.55,4154.43,4155.93
2026.06.19 07:25,4155.93,4155.93,4152.12,4152.45
2026.06.19 07:30,4152.59,4154.54,4151.94,4153.45
2026.06.19 07:35,4153.45,4157.36,4151.13,4157.21
2026.06.19 07:40,4157.25,4157.34,4153.60,4154.01
2026.06.19 07:45,4154.54,4154.92,4151.88,4152.65
2026.06.19 07:50,4152.61,4156.64,4151.58,4154.97
2026.06.19 07:55,4155.13,4163.10,4154.65,4157.99
2026.06.19 08:00,4158.06,4160.76,4155.29,4159.73
2026.06.19 08:05,4159.63,4164.28,4157.72,4164.13
2026.06.19 08:10,4164.84,4167.18,4164.17,4165.82
2026.06.19 08:15,4165.63,4170.92,4165.31,4170.20
2026.06.19 08:20,4170.17,4176.97,4168.46,4175.29
2026.06.19 08:25,4175.28,4177.62,4173.90,4175.87
2026.06.19 08:30,4176.24,4178.48,4173.96,4175.05
2026.06.19 08:35,4175.07,4175.58,4168.72,4168.97
2026.06.19 08:40,4168.96,4172.02,4166.76,4168.94
2026.06.19 08:45,4168.93,4169.47,4166.44,4167.98
2026.06.19 08:50,4168.01,4168.34,4164.58,4165.63
2026.06.19 08:55,4165.58,4169.07,4165.16,4169.06
2026.06.19 09:00,4169.08,4170.88,4165.22,4165.51
2026.06.19 09:05,4165.46,4167.43,4164.29,4165.25
2026.06.19 09:10,4165.33,4167.06,4163.61,4164.13
2026.06.19 09:15,4164.01,4166.19,4163.24,4164.68
2026.06.19 09:20,4164.70,4168.21,4162.82,4167.42
2026.06.19 09:25,4167.31,4167.46,4161.99,4162.75
2026.06.19 09:30,4162.65,4166.04,4162.63,4165.68
2026.06.19 09:35,4165.72,4165.72,4163.09,4163.75
2026.06.19 09:40,4163.76,4165.67,4162.54,4162.57
2026.06.19 09:45,4162.56,4167.28,4162.56,4163.13
2026.06.19 09:50,4163.25,4165.36,4163.15,4164.40
2026.06.19 09:55,4164.38,4164.99,4160.98,4162.85
2026.06.19 10:00,4162.84,4163.08,4156.98,4157.82
2026.06.19 10:05,4157.92,4158.86,4152.92,4156.71
2026.06.19 10:10,4156.70,4157.58,4154.02,4155.37
2026.06.19 10:15,4155.37,4158.16,4153.52,4156.08
2026.06.19 10:20,4156.18,4156.18,4153.16,4155.37
2026.06.19 10:25,4155.33,4155.83,4152.71,4153.80
2026.06.19 10:30,4153.81,4154.76,4151.40,4154.64
2026.06.19 10:35,4154.68,4155.21,4150.23,4150.76
2026.06.19 10:40,4150.78,4152.97,4150.32,4151.23
2026.06.19 10:45,4151.17,4153.64,4150.56,4151.75
2026.06.19 10:50,4151.71,4154.59,4149.64,4149.81
2026.06.19 10:55,4149.91,4152.52,4148.05,4149.70
2026.06.19 11:00,4149.71,4150.17,4145.27,4148.33
2026.06.19 11:05,4148.32,4149.42,4142.59,4147.42
2026.06.19 11:10,4147.50,4148.51,4145.85,4146.71
2026.06.19 11:15,4146.72,4147.39,4144.28,4147.16
2026.06.19 11:20,4147.16,4148.81,4146.15,4147.93
2026.06.19 11:25,4147.93,4148.57,4143.26,4143.46
2026.06.19 11:30,4144.19,4145.32,4141.87,4144.20
2026.06.19 11:35,4144.19,4148.36,4143.10,4147.47
2026.06.19 11:40,4147.46,4150.47,4147.44,4149.96
2026.06.19 11:45,4149.95,4154.90,4149.95,4153.08
2026.06.19 11:50,4153.09,4153.10,4149.49,4149.79
2026.06.19 11:55,4149.84,4152.82,4148.65,4152.53
2026.06.19 12:00,4152.55,4158.50,4152.29,4157.47
2026.06.19 12:05,4157.43,4158.77,4152.74,4158.62
2026.06.19 12:10,4158.69,4160.29,4155.64,4155.64
2026.06.19 12:15,4155.67,4156.00,4152.66,4155.50
2026.06.19 12:20,4155.38,4156.10,4153.03,4153.64
2026.06.19 12:25,4153.62,4155.75,4151.24,4151.61
2026.06.19 12:30,4151.72,4153.19,4149.38,4152.31
2026.06.19 12:35,4152.31,4152.50,4148.24,4150.84
2026.06.19 12:40,4150.94,4154.67,4148.79,4152.26
2026.06.19 12:45,4152.29,4152.38,4147.40,4148.84
2026.06.19 12:50,4148.96,4174.48,4148.90,4172.97
2026.06.19 12:55,4172.99,4180.02,4169.57,4179.05
2026.06.19 13:00,4179.45,4181.47,4164.64,4169.20
2026.06.19 13:05,4169.28,4182.30,4168.73,4182.30
2026.06.19 13:10,4181.86,4182.82,4169.77,4169.87
2026.06.19 13:15,4170.07,4171.96,4163.52,4164.50
2026.06.19 13:20,4164.91,4166.41,4161.93,4166.10
2026.06.19 13:25,4165.99,4166.65,4162.71,4164.01
2026.06.19 13:30,4164.28,4167.92,4162.52,4162.77
2026.06.19 13:35,4162.78,4164.87,4159.99,4162.90
2026.06.19 13:40,4163.01,4164.48,4157.85,4158.69
2026.06.19 13:45,4158.48,4160.90,4154.77,4156.82
2026.06.19 13:50,4157.23,4159.53,4155.83,4158.16
2026.06.19 13:55,4158.16,4159.95,4150.62,4151.51
2026.06.19 14:00,4151.41,4154.38,4148.05,4152.60
2026.06.19 14:05,4152.84,4152.97,4148.69,4150.15
2026.06.19 14:10,4150.17,4150.21,4147.84,4149.28
2026.06.19 14:15,4149.29,4149.89,4143.94,4147.37
2026.06.19 14:20,4147.34,4148.50,4143.71,4145.33
2026.06.19 14:25,4145.36,4150.02,4145.36,4149.22
2026.06.19 14:30,4149.17,4150.54,4145.93,4146.29
2026.06.19 14:35,4146.31,4150.31,4146.01,4148.10
2026.06.19 14:40,4148.03,4149.14,4143.32,4144.35
2026.06.19 14:45,4144.36,4147.67,4142.55,4145.31
2026.06.19 14:50,4145.30,4150.01,4144.31,4149.70
2026.06.19 14:55,4149.89,4151.09,4147.98,4149.22
2026.06.19 15:00,4149.22,4153.22,4148.11,4148.94
2026.06.19 15:05,4148.93,4153.16,4148.13,4152.03
2026.06.19 15:10,4152.06,4152.89,4148.50,4151.30
2026.06.19 15:15,4151.31,4151.78,4149.71,4151.28
2026.06.19 15:20,4151.27,4153.91,4151.22,4153.16
2026.06.19 15:25,4153.17,4153.18,4150.55,4151.25
2026.06.19 15:30,4151.35,4152.74,4149.89,4151.60
2026.06.19 15:35,4151.63,4152.90,4148.75,4149.79
2026.06.19 15:40,4149.81,4150.41,4147.62,4147.98
2026.06.19 15:45,4148.00,4152.97,4148.00,4151.54
2026.06.19 15:50,4151.49,4153.49,4149.82,4150.47
2026.06.19 15:55,4150.47,4151.13,4149.69,4150.97
2026.06.19 16:00,4151.02,4151.03,4146.80,4147.19
2026.06.19 16:05,4147.22,4149.43,4145.79,4145.92
2026.06.19 16:10,4146.06,4146.72,4144.53,4145.20
2026.06.19 16:15,4145.26,4146.15,4144.71,4145.14
2026.06.19 16:20,4145.16,4147.80,4144.41,4146.68
2026.06.19 16:25,4146.68,4148.79,4146.57,4147.04
2026.06.19 16:30,4147.04,4149.70,4147.03,4149.62
2026.06.19 16:35,4149.62,4151.64,4147.73,4151.62
2026.06.19 16:40,4151.54,4153.46,4150.67,4151.72
2026.06.19 16:45,4151.73,4157.13,4151.49,4156.91
2026.06.19 16:50,4156.95,4157.81,4151.31,4151.42
2026.06.19 16:55,4151.43,4155.55,4151.25,4155.55
2026.06.19 17:00,4155.71,4155.71,4155.71,4155.71
2026.06.21 22:00,4134.94,4157.91,4134.94,4156.69
2026.06.21 22:05,4156.62,4159.63,4151.77,4154.35
2026.06.21 22:10,4154.38,4156.13,4148.62,4151.26
2026.06.21 22:15,4151.48,4153.68,4147.90,4153.33
2026.06.21 22:20,4153.53,4154.64,4149.54,4150.04
2026.06.21 22:25,4150.05,4153.01,4149.43,4152.17
2026.06.21 22:30,4151.99,4155.08,4150.98,4151.69
2026.06.21 22:35,4151.77,4152.36,4150.11,4152.00
2026.06.21 22:40,4152.00,4154.53,4150.51,4153.77
2026.06.21 22:45,4153.75,4154.28,4152.42,4153.85
2026.06.21 22:50,4154.84,4156.45,4153.32,4156.45
2026.06.21 22:55,4156.48,4156.75,4155.45,4156.26
2026.06.21 23:00,4156.15,4159.92,4155.27,4159.48
2026.06.21 23:05,4159.33,4163.04,4158.71,4163.04
2026.06.21 23:10,4162.99,4164.55,4158.09,4158.50
2026.06.21 23:15,4158.51,4158.58,4153.89,4154.78
2026.06.21 23:20,4154.75,4159.07,4154.01,4157.49
2026.06.21 23:25,4157.47,4158.03,4154.64,4156.83
2026.06.21 23:30,4156.81,4156.83,4147.14,4147.82
2026.06.21 23:35,4147.83,4147.86,4142.47,4144.80
2026.06.21 23:40,4144.77,4145.98,4141.96,4145.60
2026.06.21 23:45,4145.57,4146.92,4136.59,4137.48
2026.06.21 23:50,4137.13,4140.25,4136.50,4136.85
2026.06.21 23:55,4136.88,4142.59,4136.88,4140.26
2026.06.22 00:00,4140.52,4150.37,4139.76,4146.88
2026.06.22 00:05,4146.89,4149.09,4143.48,4148.76
2026.06.22 00:10,4148.76,4162.35,4147.48,4161.03
2026.06.22 00:15,4161.01,4170.18,4160.97,4163.73
2026.06.22 00:20,4163.78,4164.94,4161.78,4163.97
2026.06.22 00:25,4163.92,4167.89,4163.09,4166.87
2026.06.22 00:30,4167.42,4170.95,4165.77,4166.25
2026.06.22 00:35,4166.24,4172.37,4166.24,4171.74
2026.06.22 00:40,4171.26,4176.28,4170.23,4175.68
2026.06.22 00:45,4175.75,4183.52,4175.54,4183.52
2026.06.22 00:50,4183.57,4189.33,4181.40,4188.35
2026.06.22 00:55,4188.63,4200.84,4188.31,4200.79
2026.06.22 01:00,4201.33,4220.00,4201.14,4206.25
2026.06.22 01:05,4206.24,4216.00,4204.28,4213.82
2026.06.22 01:10,4213.88,4214.10,4206.75,4211.62
2026.06.22 01:15,4211.63,4214.74,4208.35,4208.44
2026.06.22 01:20,4208.45,4213.10,4205.10,4210.02
2026.06.22 01:25,4210.01,4212.86,4206.63,4207.36
2026.06.22 01:30,4207.37,4207.38,4195.26,4197.53
2026.06.22 01:35,4197.58,4203.32,4194.90,4202.84
2026.06.22 01:40,4202.87,4204.97,4198.52,4200.81
2026.06.22 01:45,4200.88,4201.90,4193.16,4195.22
2026.06.22 01:50,4195.22,4198.32,4192.33,4194.26
2026.06.22 01:55,4194.49,4195.37,4189.70,4190.87
2026.06.22 02:00,4190.88,4192.80,4188.20,4190.48
2026.06.22 02:05,4190.07,4194.90,4188.77,4190.73
2026.06.22 02:10,4190.67,4191.79,4183.72,4184.24
2026.06.22 02:15,4184.27,4188.63,4183.57,4187.87
2026.06.22 02:20,4187.87,4189.87,4183.63,4188.88
2026.06.22 02:25,4188.89,4190.15,4186.68,4188.88
2026.06.22 02:30,4188.87,4194.78,4187.48,4194.67
2026.06.22 02:35,4194.76,4200.14,4193.10,4196.48
2026.06.22 02:40,4196.20,4196.20,4190.47,4191.79
2026.06.22 02:45,4191.79,4192.30,4187.58,4190.98
2026.06.22 02:50,4191.14,4191.41,4188.21,4188.90
2026.06.22 02:55,4188.93,4190.47,4187.65,4188.54
2026.06.22 03:00,4188.53,4190.00,4186.68,4188.86
2026.06.22 03:05,4188.86,4189.90,4182.03,4182.82
2026.06.22 03:10,4182.82,4185.90,4178.53,4178.53
2026.06.22 03:15,4178.37,4181.02,4173.94,4176.13
2026.06.22 03:20,4176.13,4179.54,4173.83,4178.75
2026.06.22 03:25,4178.66,4180.82,4177.72,4180.06
2026.06.22 03:30,4180.16,4180.72,4177.80,4179.83
2026.06.22 03:35,4179.92,4179.92,4175.99,4176.03
2026.06.22 03:40,4175.73,4176.64,4175.10,4175.61
2026.06.22 03:45,4175.61,4178.74,4174.86,4177.34
2026.06.22 03:50,4177.29,4177.49,4174.65,4175.35
2026.06.22 03:55,4175.35,4176.35,4170.71,4171.51
2026.06.22 04:00,4171.17,4175.19,4170.66,4174.00
2026.06.22 04:05,4173.81,4178.25,4173.60,4177.61
2026.06.22 04:10,4177.66,4178.34,4176.14,4176.29
2026.06.22 04:15,4176.32,4177.61,4175.35,4176.17
2026.06.22 04:20,4176.31,4178.82,4175.91,4176.35
2026.06.22 04:25,4176.50,4177.41,4174.38,4176.36
2026.06.22 04:30,4176.40,4177.64,4175.81,4175.89
2026.06.22 04:35,4176.26,4178.79,4175.15,4177.87
2026.06.22 04:40,4177.85,4178.15,4174.66,4176.72
2026.06.22 04:45,4176.74,4179.95,4176.17,4178.87
2026.06.22 04:50,4178.90,4180.16,4178.01,4178.06
2026.06.22 04:55,4178.05,4182.14,4177.34,4181.74
2026.06.22 05:00,4181.59,4182.12,4180.29,4181.67
2026.06.22 05:05,4181.68,4184.64,4179.37,4183.65
2026.06.22 05:10,4183.65,4186.33,4182.52,4185.38
2026.06.22 05:15,4185.66,4187.97,4184.48,4186.57
2026.06.22 05:20,4186.47,4188.84,4186.32,4188.76
2026.06.22 05:25,4188.77,4194.13,4187.55,4193.96
2026.06.22 05:30,4193.95,4196.73,4189.43,4191.27
2026.06.22 05:35,4191.27,4198.04,4191.14,4196.37
2026.06.22 05:40,4196.75,4198.32,4192.23,4193.06
2026.06.22 05:45,4193.15,4193.96,4190.49,4193.39
2026.06.22 05:50,4193.36,4196.72,4191.91,4195.86
2026.06.22 05:55,4195.88,4196.93,4193.30,4193.75
2026.06.22 06:00,4193.74,4196.30,4191.23,4191.56
2026.06.22 06:05,4191.59,4197.03,4191.40,4196.67
2026.06.22 06:10,4196.68,4198.37,4193.36,4194.52
2026.06.22 06:15,4194.42,4199.80,4193.86,4197.60
2026.06.22 06:20,4197.58,4200.54,4195.72,4200.50
2026.06.22 06:25,4200.50,4200.79,4196.09,4196.64
2026.06.22 06:30,4196.50,4198.96,4194.88,4198.70
2026.06.22 06:35,4198.87,4199.82,4197.40,4198.44
2026.06.22 06:40,4198.45,4202.53,4197.22,4202.19
2026.06.22 06:45,4202.19,4204.66,4201.48,4202.44
2026.06.22 06:50,4202.44,4207.31,4202.44,4204.24
2026.06.22 06:55,4203.95,4205.68,4197.25,4197.52
2026.06.22 07:00,4198.03,4201.02,4197.32,4198.77
2026.06.22 07:05,4198.61,4201.22,4197.47,4199.83
2026.06.22 07:10,4199.99,4200.90,4198.51,4199.47
2026.06.22 07:15,4199.34,4201.74,4198.75,4200.68
2026.06.22 07:20,4200.60,4200.82,4197.04,4197.12
2026.06.22 07:25,4197.13,4198.68,4197.08,4197.64
2026.06.22 07:30,4197.77,4199.74,4193.88,4198.86
2026.06.22 07:35,4198.53,4198.53,4194.81,4194.86
2026.06.22 07:40,4194.83,4195.96,4192.49,4194.41
2026.06.22 07:45,4194.47,4195.07,4192.16,4194.94
2026.06.22 07:50,4194.98,4196.05,4190.38,4191.19
2026.06.22 07:55,4191.04,4192.48,4188.82,4190.40
2026.06.22 08:00,4190.41,4192.88,4188.80,4192.00
2026.06.22 08:05,4191.86,4194.62,4191.30,4191.81
2026.06.22 08:10,4191.54,4191.79,4189.13,4189.98
2026.06.22 08:15,4189.91,4191.80,4189.19,4190.74
2026.06.22 08:20,4190.74,4195.29,4190.49,4191.96
2026.06.22 08:25,4191.81,4193.07,4189.53,4191.73
2026.06.22 08:30,4191.77,4191.77,4189.16,4191.24
2026.06.22 08:35,4191.46,4194.25,4190.59,4190.97
2026.06.22 08:40,4190.94,4193.63,4190.51,4193.59
2026.06.22 08:45,4193.56,4194.47,4192.70,4194.43
2026.06.22 08:50,4194.35,4197.64,4192.25,4195.53
2026.06.22 08:55,4195.56,4197.62,4194.67,4197.33
2026.06.22 09:00,4197.76,4202.57,4196.00,4202.22
2026.06.22 09:05,4202.19,4209.41,4201.45,4208.43
2026.06.22 09:10,4208.45,4209.42,4203.18,4205.24
2026.06.22 09:15,4205.30,4207.50,4204.41,4207.09
2026.06.22 09:20,4207.07,4209.16,4205.20,4205.90
2026.06.22 09:25,4205.82,4206.54,4203.07,4204.00
2026.06.22 09:30,4204.00,4209.87,4201.44,4208.16
2026.06.22 09:35,4208.16,4209.52,4204.51,4208.48
2026.06.22 09:40,4208.49,4209.97,4206.49,4206.80
2026.06.22 09:45,4206.80,4207.87,4204.37,4207.59
2026.06.22 09:50,4207.44,4209.80,4206.42,4208.64
2026.06.22 09:55,4208.73,4209.89,4207.98,4208.16
2026.06.22 10:00,4208.16,4209.97,4207.83,4208.87
2026.06.22 10:05,4208.86,4211.55,4208.15,4210.59
2026.06.22 10:10,4210.59,4214.12,4208.91,4212.94
2026.06.22 10:15,4212.86,4212.86,4210.18,4210.34
2026.06.22 10:20,4210.34,4211.11,4208.18,4211.11
2026.06.22 10:25,4211.12,4214.10,4209.33,4210.01
2026.06.22 10:30,4209.97,4210.87,4209.05,4210.01
2026.06.22 10:35,4209.97,4211.63,4209.03,4209.11
2026.06.22 10:40,4209.15,4210.51,4208.25,4208.55
2026.06.22 10:45,4208.53,4208.92,4204.48,4205.43
2026.06.22 10:50,4205.58,4209.38,4205.50,4208.03
2026.06.22 10:55,4208.07,4208.16,4203.65,4204.66
2026.06.22 11:00,4204.66,4210.16,4204.55,4209.42
2026.06.22 11:05,4209.35,4215.00,4209.24,4210.99
2026.06.22 11:10,4210.83,4211.16,4206.50,4208.10
2026.06.22 11:15,4208.00,4208.68,4206.61,4207.97
2026.06.22 11:20,4207.97,4209.56,4206.51,4207.87
2026.06.22 11:25,4207.88,4207.88,4203.37,4204.07
2026.06.22 11:30,4203.88,4207.92,4203.49,4205.88
2026.06.22 11:35,4205.88,4206.16,4202.13,4206.16
2026.06.22 11:40,4206.27,4208.08,4204.88,4206.57
2026.06.22 11:45,4206.58,4206.63,4203.86,4205.03
2026.06.22 11:50,4204.91,4205.46,4201.49,4205.43
2026.06.22 11:55,4205.42,4207.57,4204.94,4207.38
2026.06.22 12:00,4207.40,4210.92,4205.85,4210.61
2026.06.22 12:05,4210.63,4211.04,4206.61,4207.73
2026.06.22 12:10,4207.72,4209.67,4205.38,4207.35
2026.06.22 12:15,4207.35,4208.65,4206.15,4207.64
2026.06.22 12:20,4207.67,4211.71,4206.98,4210.82
2026.06.22 12:25,4210.81,4211.35,4206.37,4208.51
2026.06.22 12:30,4208.27,4208.77,4203.43,4205.74
2026.06.22 12:35,4205.74,4205.94,4203.23,4203.73
2026.06.22 12:40,4203.64,4204.62,4200.92,4203.79
2026.06.22 12:45,4203.88,4204.84,4199.72,4202.30
2026.06.22 12:50,4202.10,4202.20,4197.37,4197.58
2026.06.22 12:55,4197.59,4197.63,4192.22,4193.36
2026.06.22 13:00,4193.34,4196.75,4191.01,4193.40
2026.06.22 13:05,4193.40,4194.28,4188.77,4190.89
2026.06.22 13:10,4190.89,4194.48,4190.00,4194.28
2026.06.22 13:15,4194.24,4196.83,4193.77,4195.84
2026.06.22 13:20,4195.85,4195.88,4189.17,4190.06
2026.06.22 13:25,4190.25,4191.42,4185.41,4186.89
2026.06.22 13:30,4186.46,4188.43,4182.95,4185.78
2026.06.22 13:35,4185.80,4192.83,4185.01,4192.13
2026.06.22 13:40,4192.15,4194.50,4187.62,4190.95
2026.06.22 13:45,4191.02,4202.04,4187.59,4199.91
2026.06.22 13:50,4199.99,4204.91,4199.40,4204.03
2026.06.22 13:55,4203.90,4205.63,4198.97,4199.84
2026.06.22 14:00,4199.93,4200.30,4193.86,4198.73
2026.06.22 14:05,4198.63,4210.66,4196.51,4206.28
2026.06.22 14:10,4206.21,4207.06,4200.62,4205.30
2026.06.22 14:15,4205.24,4206.11,4195.77,4196.06
2026.06.22 14:20,4196.06,4196.52,4191.13,4192.48
2026.06.22 14:25,4192.32,4196.77,4191.83,4191.92
2026.06.22 14:30,4191.81,4192.48,4187.70,4188.16
2026.06.22 14:35,4188.12,4192.40,4186.53,4191.37
2026.06.22 14:40,4191.34,4197.48,4191.09,4192.90
2026.06.22 14:45,4192.96,4206.11,4192.94,4201.11
2026.06.22 14:50,4201.14,4202.98,4197.38,4197.47
2026.06.22 14:55,4197.84,4200.31,4196.11,4198.25
2026.06.22 15:00,4198.46,4201.25,4196.12,4198.95
2026.06.22 15:05,4198.94,4199.07,4194.74,4195.37
2026.06.22 15:10,4195.32,4198.83,4195.32,4197.71
2026.06.22 15:15,4197.72,4197.82,4190.59,4192.12
2026.06.22 15:20,4192.19,4192.71,4189.10,4190.83
2026.06.22 15:25,4190.82,4192.12,4188.17,4189.01
2026.06.22 15:30,4188.99,4190.31,4187.52,4188.07
2026.06.22 15:35,4188.30,4188.99,4180.37,4182.10
2026.06.22 15:40,4182.10,4185.24,4180.53,4180.90
2026.06.22 15:45,4180.97,4181.01,4170.89,4170.95
2026.06.22 15:50,4170.00,4179.17,4169.78,4178.92
2026.06.22 15:55,4178.90,4184.96,4178.07,4182.85
2026.06.22 16:00,4182.81,4184.77,4176.83,4177.81
2026.06.22 16:05,4177.73,4179.34,4175.67,4176.74
2026.06.22 16:10,4176.76,4178.32,4174.44,4177.75
2026.06.22 16:15,4177.25,4180.10,4176.23,4179.19
2026.06.22 16:20,4179.22,4182.81,4179.10,4181.13
2026.06.22 16:25,4181.15,4182.82,4180.15,4182.69
2026.06.22 16:30,4182.47,4184.66,4181.35,4184.66
2026.06.22 16:35,4184.65,4186.21,4183.57,4183.71
2026.06.22 16:40,4183.40,4183.76,4181.23,4181.85
2026.06.22 16:45,4181.84,4184.88,4180.83,4184.78
2026.06.22 16:50,4184.69,4187.76,4184.19,4186.97
2026.06.22 16:55,4187.00,4192.69,4186.33,4189.77
2026.06.22 17:00,4190.10,4191.15,4188.40,4189.28
2026.06.22 17:05,4189.22,4189.22,4186.28,4187.52
2026.06.22 17:10,4187.56,4188.35,4186.03,4186.72
2026.06.22 17:15,4186.68,4189.79,4186.50,4189.47
2026.06.22 17:20,4189.44,4191.59,4189.05,4189.14
2026.06.22 17:25,4189.15,4189.19,4183.32,4184.18
2026.06.22 17:30,4184.14,4184.71,4177.67,4178.86
2026.06.22 17:35,4178.89,4181.47,4177.08,4181.04
2026.06.22 17:40,4180.95,4181.83,4180.21,4181.66
2026.06.22 17:45,4181.55,4183.31,4180.02,4182.38
2026.06.22 17:50,4182.36,4183.08,4180.74,4182.60
2026.06.22 17:55,4182.56,4183.65,4181.96,4182.86
2026.06.22 18:00,4183.10,4185.04,4182.48,4183.36
2026.06.22 18:05,4183.33,4184.60,4182.96,4184.34
2026.06.22 18:10,4184.30,4186.18,4183.64,4183.89
2026.06.22 18:15,4183.91,4186.93,4183.91,4185.50
2026.06.22 18:20,4185.66,4189.71,4185.53,4188.60
2026.06.22 18:25,4188.59,4188.71,4186.60,4188.04
2026.06.22 18:30,4188.03,4189.37,4186.16,4186.64
2026.06.22 18:35,4186.68,4188.11,4186.23,4186.78
2026.06.22 18:40,4186.83,4189.93,4186.83,4189.78
2026.06.22 18:45,4189.81,4192.78,4189.62,4191.88
2026.06.22 18:50,4191.86,4192.11,4189.92,4190.66
2026.06.22 18:55,4190.57,4191.67,4189.77,4191.23
2026.06.22 19:00,4191.40,4193.35,4191.10,4191.91
2026.06.22 19:05,4191.87,4192.72,4191.34,4192.28
2026.06.22 19:10,4192.35,4192.71,4190.93,4191.32
2026.06.22 19:15,4191.43,4191.95,4189.93,4190.79
2026.06.22 19:20,4190.77,4190.79,4187.71,4188.40
2026.06.22 19:25,4188.35,4188.98,4187.31,4187.38
2026.06.22 19:30,4187.59,4187.59,4185.98,4186.96
2026.06.22 19:35,4187.01,4190.23,4186.75,4188.30
2026.06.22 19:40,4188.30,4188.32,4184.29,4184.46
2026.06.22 19:45,4184.43,4185.95,4184.14,4185.39
2026.06.22 19:50,4185.68,4187.53,4184.81,4187.32
2026.06.22 19:55,4187.31,4191.48,4186.21,4190.72
2026.06.22 20:00,4190.59,4193.72,4190.05,4192.38
2026.06.22 20:05,4192.41,4192.93,4190.53,4190.60
2026.06.22 20:10,4190.55,4191.81,4190.55,4190.82
2026.06.22 20:15,4190.85,4191.56,4189.85,4191.24
2026.06.22 20:20,4191.21,4191.30,4188.61,4190.43
2026.06.22 20:25,4190.42,4191.27,4190.09,4190.35
2026.06.22 20:30,4190.23,4191.64,4189.51,4191.51
2026.06.22 20:35,4191.77,4193.68,4191.34,4193.53
2026.06.22 20:40,4193.42,4193.59,4192.18,4192.87
2026.06.22 20:45,4192.87,4193.31,4190.70,4191.17
2026.06.22 20:50,4191.05,4192.22,4190.93,4191.65
2026.06.22 20:55,4191.75,4192.43,4191.24,4191.34
2026.06.22 22:00,4190.62,4194.43,4190.62,4192.95
2026.06.22 22:05,4192.88,4193.87,4191.79,4192.81
2026.06.22 22:10,4192.81,4193.30,4192.22,4192.52
2026.06.22 22:15,4192.53,4192.67,4191.25,4192.18
2026.06.22 22:20,4192.18,4192.67,4191.57,4191.68
2026.06.22 22:25,4191.69,4193.36,4191.66,4192.90
2026.06.22 22:30,4192.90,4194.52,4192.34,4192.56
2026.06.22 22:35,4192.56,4192.88,4190.00,4191.82
2026.06.22 22:40,4191.82,4191.82,4189.52,4189.93
2026.06.22 22:45,4189.93,4190.21,4188.51,4188.68
2026.06.22 22:50,4188.68,4190.35,4188.63,4190.21
2026.06.22 22:55,4190.19,4190.68,4189.29,4189.89
2026.06.22 23:00,4189.91,4192.78,4189.57,4190.55
2026.06.22 23:05,4190.55,4192.07,4190.38,4191.83
2026.06.22 23:10,4191.88,4192.08,4190.61,4190.95
2026.06.22 23:15,4190.95,4191.79,4190.47,4191.40
2026.06.22 23:20,4191.35,4191.75,4190.49,4190.56
2026.06.22 23:25,4190.56,4191.37,4190.26,4191.02
2026.06.22 23:30,4190.77,4192.59,4190.77,4192.35
2026.06.22 23:35,4192.39,4194.98,4192.12,4194.91
2026.06.22 23:40,4194.90,4195.29,4194.14,4194.94
2026.06.22 23:45,4194.94,4194.94,4189.90,4190.80
2026.06.22 23:50,4190.80,4190.87,4186.88,4187.43
2026.06.22 23:55,4187.30,4189.64,4187.23,4187.54
2026.06.23 00:00,4187.82,4192.18,4186.90,4189.24
2026.06.23 00:05,4189.22,4189.22,4183.84,4184.45
2026.06.23 00:10,4184.31,4184.31,4178.36,4178.81
2026.06.23 00:15,4178.79,4182.51,4178.79,4182.24
2026.06.23 00:20,4182.20,4183.26,4178.77,4182.40
2026.06.23 00:25,4182.77,4185.64,4180.18,4183.78
2026.06.23 00:30,4183.75,4186.15,4182.76,4184.32
2026.06.23 00:35,4184.26,4186.22,4182.37,4186.09
2026.06.23 00:40,4186.10,4193.42,4184.07,4192.61
2026.06.23 00:45,4192.60,4194.63,4190.73,4191.17
2026.06.23 00:50,4190.92,4194.16,4190.13,4191.56
2026.06.23 00:55,4191.49,4193.79,4190.07,4193.27
2026.06.23 01:00,4193.44,4198.16,4189.77,4189.94
2026.06.23 01:05,4189.76,4194.16,4185.06,4188.63
2026.06.23 01:10,4188.87,4189.24,4184.82,4185.35
2026.06.23 01:15,4185.28,4185.78,4172.35,4173.49
2026.06.23 01:20,4173.47,4180.14,4170.90,4178.25
2026.06.23 01:25,4178.43,4180.91,4176.70,4178.16
2026.06.23 01:30,4178.20,4178.62,4168.35,4169.24
2026.06.23 01:35,4169.26,4170.34,4160.90,4161.91
2026.06.23 01:40,4161.97,4165.00,4153.51,4154.38
2026.06.23 01:45,4154.15,4155.59,4150.18,4150.64
2026.06.23 01:50,4150.60,4158.14,4150.15,4157.06
2026.06.23 01:55,4157.21,4162.86,4155.93,4161.24
2026.06.23 02:00,4161.41,4163.11,4156.85,4159.17
2026.06.23 02:05,4159.21,4159.21,4150.99,4151.54
2026.06.23 02:10,4151.53,4153.77,4149.02,4153.65
2026.06.23 02:15,4153.78,4160.37,4153.43,4158.21
2026.06.23 02:20,4158.37,4160.24,4157.63,4160.22
2026.06.23 02:25,4160.25,4163.47,4159.19,4161.89
2026.06.23 02:30,4161.24,4162.17,4156.65,4156.65
2026.06.23 02:35,4156.45,4159.23,4156.09,4158.07
2026.06.23 02:40,4158.07,4158.42,4152.39,4154.96
2026.06.23 02:45,4154.81,4156.73,4152.00,4153.95
2026.06.23 02:50,4154.16,4155.82,4151.76,4152.72
2026.06.23 02:55,4152.73,4154.99,4146.61,4146.88
2026.06.23 03:00,4147.69,4149.63,4140.14,4142.25
2026.06.23 03:05,4142.15,4143.00,4139.60,4140.44
2026.06.23 03:10,4140.34,4143.07,4138.81,4142.04
2026.06.23 03:15,4142.04,4144.04,4132.54,4133.40
2026.06.23 03:20,4133.23,4135.59,4130.87,4135.47
2026.06.23 03:25,4135.51,4140.83,4134.11,4140.63
2026.06.23 03:30,4140.65,4141.01,4138.70,4139.22
2026.06.23 03:35,4139.11,4141.03,4133.63,4136.50
2026.06.23 03:40,4136.50,4139.14,4134.89,4138.83
2026.06.23 03:45,4138.63,4140.04,4136.61,4139.06
2026.06.23 03:50,4139.08,4141.65,4138.93,4140.85
2026.06.23 03:55,4140.85,4144.96,4139.61,4143.98
2026.06.23 04:00,4144.27,4146.89,4143.93,4144.78
2026.06.23 04:05,4144.77,4144.85,4142.94,4144.02
2026.06.23 04:10,4144.02,4144.29,4141.87,4143.26
2026.06.23 04:15,4143.21,4143.21,4139.14,4139.78
2026.06.23 04:20,4139.79,4140.11,4137.81,4140.01
2026.06.23 04:25,4140.04,4140.52,4137.19,4139.88
2026.06.23 04:30,4139.79,4139.79,4135.34,4136.52
2026.06.23 04:35,4136.43,4139.70,4135.38,4138.75
2026.06.23 04:40,4138.96,4140.21,4137.08,4138.44
2026.06.23 04:45,4138.63,4140.16,4138.14,4138.75
2026.06.23 04:50,4138.75,4139.43,4134.39,4134.54
2026.06.23 04:55,4134.63,4134.63,4113.82,4118.13
2026.06.23 05:00,4118.42,4134.53,4115.45,4134.53
2026.06.23 05:05,4134.45,4137.31,4127.28,4127.98
2026.06.23 05:10,4127.94,4130.83,4126.73,4129.76
2026.06.23 05:15,4129.53,4129.90,4126.16,4127.90
2026.06.23 05:20,4127.86,4130.75,4126.62,4127.73
2026.06.23 05:25,4127.75,4128.37,4123.61,4125.13
2026.06.23 05:30,4125.14,4131.10,4117.42,4131.10
2026.06.23 05:35,4131.15,4133.42,4125.06,4125.10
2026.06.23 05:40,4125.36,4128.87,4121.11,4127.72
2026.06.23 05:45,4127.70,4127.79,4117.59,4119.32
2026.06.23 05:50,4119.00,4122.47,4117.47,4120.60
2026.06.23 05:55,4120.43,4121.89,4116.93,4121.13
2026.06.23 06:00,4121.15,4126.81,4119.73,4122.98
2026.06.23 06:05,4122.77,4123.39,4113.51,4113.57
2026.06.23 06:10,4113.58,4124.71,4111.27,4122.64
2026.06.23 06:15,4122.74,4126.78,4121.48,4122.63
2026.06.23 06:20,4122.61,4125.46,4117.45,4122.45
2026.06.23 06:25,4122.46,4122.62,4114.60,4116.42
2026.06.23 06:30,4116.33,4121.02,4114.89,4119.87
2026.06.23 06:35,4119.86,4119.89,4113.88,4116.09
2026.06.23 06:40,4116.24,4117.26,4110.91,4113.37
2026.06.23 06:45,4113.40,4117.81,4110.43,4115.44
2026.06.23 06:50,4115.46,4118.86,4115.46,4118.27
2026.06.23 06:55,4118.27,4120.26,4113.83,4114.36
2026.06.23 07:00,4114.20,4119.65,4110.12,4119.65
2026.06.23 07:05,4119.73,4124.72,4118.57,4121.29
2026.06.23 07:10,4121.30,4121.30,4112.14,4115.62
2026.06.23 07:15,4115.53,4117.96,4113.63,4117.69
2026.06.23 07:20,4117.67,4122.85,4117.25,4119.24
2026.06.23 07:25,4119.30,4120.14,4117.93,4118.13
2026.06.23 07:30,4117.56,4119.35,4115.14,4119.15
2026.06.23 07:35,4119.04,4119.04,4110.79,4111.51
2026.06.23 07:40,4111.42,4113.30,4103.89,4104.90
2026.06.23 07:45,4105.25,4108.09,4104.28,4106.48
2026.06.23 07:50,4106.50,4106.55,4098.42,4100.44
2026.06.23 07:55,4100.55,4100.97,4096.70,4098.76
2026.06.23 08:00,4098.90,4099.93,4091.53,4092.35
2026.06.23 08:05,4092.53,4096.10,4090.97,4094.22
2026.06.23 08:10,4094.22,4096.06,4091.90,4094.00
2026.06.23 08:15,4093.85,4099.79,4092.49,4098.17
2026.06.23 08:20,4098.32,4099.93,4096.13,4096.91
2026.06.23 08:25,4097.11,4098.49,4094.84,4098.23
2026.06.23 08:30,4098.00,4102.30,4096.75,4101.72
2026.06.23 08:35,4101.82,4105.31,4100.60,4102.25
2026.06.23 08:40,4102.30,4110.88,4102.24,4109.47
2026.06.23 08:45,4109.61,4109.62,4101.91,4104.31
2026.06.23 08:50,4104.22,4108.59,4102.51,4107.69
2026.06.23 08:55,4107.66,4107.66,4102.63,4105.26
2026.06.23 09:00,4105.27,4110.45,4104.19,4110.04
2026.06.23 09:05,4109.93,4112.61,4108.84,4109.86
2026.06.23 09:10,4109.80,4113.63,4109.26,4111.11
2026.06.23 09:15,4111.19,4112.64,4108.93,4111.17
2026.06.23 09:20,4111.27,4116.95,4111.26,4116.02
2026.06.23 09:25,4116.03,4116.84,4112.00,4112.63
2026.06.23 09:30,4112.69,4116.55,4112.28,4116.55
2026.06.23 09:35,4116.75,4119.81,4115.33,4118.48
2026.06.23 09:40,4118.17,4119.99,4116.86,4117.17
2026.06.23 09:45,4117.23,4118.59,4116.44,4117.54
2026.06.23 09:50,4117.23,4118.27,4115.51,4115.62
2026.06.23 09:55,4115.78,4122.25,4115.38,4122.25
2026.06.23 10:00,4122.25,4133.18,4122.25,4131.88
2026.06.23 10:05,4131.67,4132.47,4127.00,4127.00
2026.06.23 10:10,4126.97,4129.70,4126.93,4129.68
2026.06.23 10:15,4129.90,4133.03,4128.67,4132.48
2026.06.23 10:20,4132.37,4132.37,4127.87,4127.90
2026.06.23 10:25,4127.92,4131.70,4126.95,4130.29
2026.06.23 10:30,4130.28,4132.15,4129.31,4130.58
2026.06.23 10:35,4130.56,4131.64,4126.92,4128.81
2026.06.23 10:40,4128.81,4130.15,4124.40,4126.53
2026.06.23 10:45,4126.55,4126.78,4123.50,4124.33
2026.06.23 10:50,4124.33,4125.51,4121.93,4122.11
2026.06.23 10:55,4122.24,4122.96,4119.67,4119.77
2026.06.23 11:00,4119.79,4121.44,4117.49,4118.95
2026.06.23 11:05,4118.96,4126.65,4118.45,4125.75
2026.06.23 11:10,4125.61,4129.58,4125.01,4129.12
2026.06.23 11:15,4128.99,4129.15,4125.41,4128.34
2026.06.23 11:20,4128.35,4131.72,4124.41,4129.47
2026.06.23 11:25,4129.36,4129.83,4125.21,4127.24
2026.06.23 11:30,4126.94,4128.78,4123.49,4123.52
2026.06.23 11:35,4123.70,4126.53,4120.32,4125.76
2026.06.23 11:40,4125.75,4126.00,4118.62,4121.17
2026.06.23 11:45,4121.05,4121.68,4118.34,4121.56
2026.06.23 11:50,4121.24,4123.69,4119.03,4121.89
2026.06.23 11:55,4121.97,4126.17,4119.81,4123.28
2026.06.23 12:00,4122.83,4127.35,4122.39,4122.39
2026.06.23 12:05,4122.45,4124.11,4119.62,4119.89
2026.06.23 12:10,4119.92,4122.24,4112.98,4114.02
2026.06.23 12:15,4114.05,4118.51,4111.73,4117.67
2026.06.23 12:20,4117.02,4119.97,4112.78,4117.55
2026.06.23 12:25,4117.59,4117.93,4113.86,4115.02
2026.06.23 12:30,4115.02,4120.33,4114.19,4116.08
2026.06.23 12:35,4115.84,4122.55,4115.84,4122.02
2026.06.23 12:40,4121.76,4121.76,4117.62,4117.90
2026.06.23 12:45,4117.86,4118.22,4113.24,4118.15
2026.06.23 12:50,4118.19,4121.72,4116.19,4119.41
2026.06.23 12:55,4119.25,4121.27,4112.51,4113.28
2026.06.23 13:00,4113.23,4114.26,4108.01,4112.04
2026.06.23 13:05,4112.01,4119.34,4111.41,4116.41
2026.06.23 13:10,4116.50,4116.91,4112.36,4113.46
2026.06.23 13:15,4113.35,4114.01,4106.53,4107.40
2026.06.23 13:20,4107.39,4116.63,4105.41,4116.57
2026.06.23 13:25,4116.23,4119.28,4114.20,4115.91
2026.06.23 13:30,4116.08,4123.30,4110.12,4122.46
2026.06.23 13:35,4122.39,4124.54,4118.34,4118.57
2026.06.23 13:40,4119.12,4128.76,4118.35,4126.48
2026.06.23 13:45,4126.50,4134.89,4124.64,4131.10
2026.06.23 13:50,4131.16,4140.36,4130.79,4137.32
2026.06.23 13:55,4137.24,4139.29,4131.91,4135.70
2026.06.23 14:00,4135.45,4140.45,4133.44,4137.85
2026.06.23 14:05,4137.96,4143.60,4135.34,4141.91
2026.06.23 14:10,4141.52,4144.55,4132.91,4137.53
2026.06.23 14:15,4137.53,4142.03,4133.05,4141.60
2026.06.23 14:20,4141.55,4142.76,4134.29,4134.90
2026.06.23 14:25,4134.80,4136.38,4128.79,4132.60
2026.06.23 14:30,4132.62,4132.96,4124.36,4127.08
2026.06.23 14:35,4126.84,4129.31,4122.98,4124.31
2026.06.23 14:40,4124.29,4128.74,4123.04,4126.00
2026.06.23 14:45,4126.25,4128.65,4125.10,4126.79
2026.06.23 14:50,4126.78,4130.20,4123.77,4127.81
2026.06.23 14:55,4127.69,4130.28,4125.24,4130.12
2026.06.23 15:00,4130.36,4134.49,4128.89,4133.98
2026.06.23 15:05,4133.98,4135.38,4123.74,4123.74
2026.06.23 15:10,4123.51,4128.15,4123.51,4128.01
2026.06.23 15:15,4128.20,4130.62,4127.10,4127.60
2026.06.23 15:20,4127.63,4129.60,4123.88,4125.02
2026.06.23 15:25,4125.02,4128.08,4124.23,4127.23
2026.06.23 15:30,4126.83,4136.12,4126.65,4133.03
2026.06.23 15:35,4133.03,4137.26,4132.94,4137.15
2026.06.23 15:40,4137.86,4141.53,4136.69,4138.55
2026.06.23 15:45,4138.77,4139.72,4133.85,4134.96
2026.06.23 15:50,4135.06,4138.82,4134.13,4137.44
2026.06.23 15:55,4137.25,4139.06,4136.07,4138.61
2026.06.23 16:00,4138.60,4139.84,4136.11,4136.16
2026.06.23 16:05,4136.14,4136.89,4133.74,4134.81
2026.06.23 16:10,4134.89,4136.45,4134.16,4135.31
2026.06.23 16:15,4135.29,4138.25,4132.98,4137.72
2026.06.23 16:20,4137.54,4138.11,4135.41,4136.18
2026.06.23 16:25,4136.14,4136.87,4135.37,4136.39
2026.06.23 16:30,4136.01,4142.28,4135.04,4140.58
2026.06.23 16:35,4140.58,4142.82,4139.57,4141.94
2026.06.23 16:40,4141.86,4143.66,4140.27,4143.29
2026.06.23 16:45,4143.41,4143.79,4139.39,4140.31
2026.06.23 16:50,4140.29,4140.76,4138.87,4139.47
2026.06.23 16:55,4139.52,4140.20,4131.56,4134.23
2026.06.23 17:00,4134.23,4134.58,4130.81,4132.52
2026.06.23 17:05,4132.47,4134.61,4130.03,4132.47
2026.06.23 17:10,4132.44,4139.69,4132.38,4138.49
2026.06.23 17:15,4138.46,4138.55,4135.33,4136.58
2026.06.23 17:20,4136.61,4137.84,4133.26,4133.54
2026.06.23 17:25,4133.54,4133.54,4130.10,4131.05
2026.06.23 17:30,4131.34,4131.47,4127.81,4130.03
2026.06.23 17:35,4130.03,4130.91,4128.89,4129.86
2026.06.23 17:40,4129.89,4132.31,4129.04,4132.23
2026.06.23 17:45,4132.10,4133.07,4130.85,4131.90
2026.06.23 17:50,4131.90,4132.20,4128.30,4128.53
2026.06.23 17:55,4128.54,4129.57,4127.83,4127.98
2026.06.23 18:00,4127.97,4131.04,4126.47,4127.00
2026.06.23 18:05,4127.00,4127.63,4123.96,4125.07
2026.06.23 18:10,4125.10,4126.08,4124.01,4124.34
2026.06.23 18:15,4124.29,4125.55,4123.73,4124.50
2026.06.23 18:20,4124.47,4125.40,4122.67,4123.50
2026.06.23 18:25,4123.71,4123.71,4120.69,4121.03
2026.06.23 18:30,4120.79,4122.65,4119.59,4121.41
2026.06.23 18:35,4121.40,4122.68,4119.88,4119.88
2026.06.23 18:40,4119.84,4120.21,4115.98,4116.02
2026.06.23 18:45,4116.01,4116.48,4112.85,4114.80
2026.06.23 18:50,4114.87,4117.27,4113.99,4115.72
2026.06.23 18:55,4115.82,4118.04,4114.86,4117.71
2026.06.23 19:00,4118.13,4124.40,4116.81,4123.25
2026.06.23 19:05,4123.19,4125.92,4121.13,4122.20
2026.06.23 19:10,4122.21,4123.31,4120.88,4121.29
2026.06.23 19:15,4121.29,4121.71,4117.44,4117.71
2026.06.23 19:20,4117.72,4122.14,4117.72,4120.65
2026.06.23 19:25,4120.64,4122.32,4120.32,4121.76
2026.06.23 19:30,4121.89,4123.31,4120.60,4121.78
2026.06.23 19:35,4121.78,4124.26,4121.37,4122.50
2026.06.23 19:40,4122.63,4122.78,4120.64,4120.93
2026.06.23 19:45,4120.93,4121.21,4117.84,4120.18
2026.06.23 19:50,4120.41,4120.51,4113.83,4115.56
2026.06.23 19:55,4115.27,4116.08,4111.74,4111.74
2026.06.23 20:00,4111.52,4111.65,4108.70,4111.40
2026.06.23 20:05,4111.21,4112.76,4110.93,4112.30
2026.06.23 20:10,4112.34,4112.88,4109.99,4110.07
2026.06.23 20:15,4110.15,4110.21,4108.00,4109.78
2026.06.23 20:20,4109.84,4110.87,4107.43,4108.78
2026.06.23 20:25,4108.78,4111.25,4108.44,4110.82
2026.06.23 20:30,4110.82,4111.42,4109.08,4110.26
2026.06.23 20:35,4110.31,4110.82,4109.43,4110.78
2026.06.23 20:40,4111.08,4111.76,4109.09,4110.65
2026.06.23 20:45,4110.86,4111.33,4110.21,4110.39
2026.06.23 20:50,4110.37,4111.33,4109.35,4109.42
2026.06.23 20:55,4109.37,4111.07,4108.71,4111.07
2026.06.23 22:00,4114.16,4118.60,4111.06,4111.40
2026.06.23 22:05,4111.40,4114.41,4111.14,4112.60
2026.06.23 22:10,4112.44,4113.99,4112.40,4113.96
2026.06.23 22:15,4113.95,4115.10,4111.19,4111.49
2026.06.23 22:20,4111.51,4112.20,4105.43,4106.32
2026.06.23 22:25,4106.15,4110.61,4104.96,4105.98
2026.06.23 22:30,4106.00,4108.37,4097.27,4098.83
2026.06.23 22:35,4098.83,4103.13,4098.81,4101.02
2026.06.23 22:40,4101.05,4104.34,4099.62,4104.21
2026.06.23 22:45,4104.12,4107.96,4103.75,4105.92
2026.06.23 22:50,4105.92,4109.06,4105.92,4106.44
2026.06.23 22:55,4106.38,4107.24,4103.76,4104.38
2026.06.23 23:00,4104.39,4104.40,4099.09,4100.24
2026.06.23 23:05,4100.26,4100.26,4095.10,4096.67
2026.06.23 23:10,4096.65,4101.49,4096.33,4099.71
2026.06.23 23:15,4099.74,4100.81,4097.17,4100.13
2026.06.23 23:20,4100.13,4100.16,4098.27,4099.27
2026.06.23 23:25,4099.26,4099.72,4097.32,4097.52
2026.06.23 23:30,4097.53,4098.18,4093.72,4094.92
2026.06.23 23:35,4095.33,4095.33,4081.10,4083.88
2026.06.23 23:40,4084.21,4087.21,4080.94,4086.27
2026.06.23 23:45,4086.34,4097.73,4086.10,4095.80
2026.06.23 23:50,4095.85,4099.88,4094.56,4096.05
2026.06.23 23:55,4096.01,4100.35,4095.98,4098.87
2026.06.24 00:00,4098.86,4104.81,4094.68,4102.27
2026.06.24 00:05,4102.27,4112.01,4101.06,4110.22
2026.06.24 00:10,4110.24,4111.50,4104.68,4107.27
2026.06.24 00:15,4107.12,4109.42,4103.31,4103.94
2026.06.24 00:20,4103.94,4104.67,4096.42,4096.42
2026.06.24 00:25,4096.42,4100.21,4093.79,4099.74
2026.06.24 00:30,4099.69,4100.36,4094.80,4097.01
2026.06.24 00:35,4096.86,4098.15,4094.51,4096.96
2026.06.24 00:40,4096.85,4096.96,4093.84,4095.23
2026.06.24 00:45,4095.17,4099.90,4095.17,4098.57
2026.06.24 00:50,4098.55,4099.81,4094.58,4095.94
2026.06.24 00:55,4095.93,4098.86,4094.29,4097.34
2026.06.24 01:00,4097.32,4097.79,4069.41,4073.59
2026.06.24 01:05,4073.22,4083.02,4068.58,4077.25
2026.06.24 01:10,4077.58,4091.72,4077.24,4089.72
2026.06.24 01:15,4089.74,4091.04,4085.07,4088.38
2026.06.24 01:20,4088.52,4090.18,4083.61,4088.30
2026.06.24 01:25,4088.40,4100.43,4088.40,4098.23
2026.06.24 01:30,4098.45,4102.18,4093.45,4097.70
2026.06.24 01:35,4098.19,4099.22,4092.79,4094.85
2026.06.24 01:40,4095.03,4098.43,4091.90,4092.79
2026.06.24 01:45,4092.80,4092.99,4085.80,4086.08
2026.06.24 01:50,4086.03,4087.92,4082.36,4085.77
2026.06.24 01:55,4085.75,4090.12,4084.55,4089.01
2026.06.24 02:00,4089.32,4095.82,4086.36,4087.45
2026.06.24 02:05,4087.45,4087.66,4079.98,4080.99
2026.06.24 02:10,4081.03,4084.32,4079.84,4080.07
2026.06.24 02:15,4080.08,4081.04,4073.01,4074.28
2026.06.24 02:20,4074.78,4076.34,4072.88,4075.51
2026.06.24 02:25,4075.71,4076.48,4071.32,4073.57
2026.06.24 02:30,4073.52,4076.44,4063.41,4069.48
2026.06.24 02:35,4069.00,4070.74,4059.97,4060.75
2026.06.24 02:40,4060.77,4062.08,4052.21,4057.27
2026.06.24 02:45,4057.29,4061.33,4054.94,4058.55
2026.06.24 02:50,4058.56,4065.40,4056.58,4065.14
2026.06.24 02:55,4065.01,4069.45,4061.04,4061.11
2026.06.24 03:00,4061.32,4065.41,4055.82,4055.82
2026.06.24 03:05,4055.98,4058.73,4052.74,4058.39
2026.06.24 03:10,4058.37,4060.58,4056.34,4057.66
2026.06.24 03:15,4057.62,4058.85,4050.46,4052.75
2026.06.24 03:20,4052.74,4056.42,4051.67,4053.18
2026.06.24 03:25,4053.11,4056.90,4051.54,4056.67
2026.06.24 03:30,4056.58,4060.67,4055.72,4060.28
2026.06.24 03:35,4060.33,4062.33,4059.81,4062.07
2026.06.24 03:40,4061.87,4069.73,4061.38,4068.35
2026.06.24 03:45,4068.90,4070.62,4064.11,4066.74
2026.06.24 03:50,4066.69,4068.03,4062.75,4063.54
2026.06.24 03:55,4063.58,4063.66,4062.03,4062.76
2026.06.24 04:00,4062.98,4063.73,4058.39,4058.87
2026.06.24 04:05,4058.96,4061.10,4056.22,4058.60
2026.06.24 04:10,4058.47,4058.83,4055.78,4058.82
2026.06.24 04:15,4058.71,4060.11,4055.03,4055.55
2026.06.24 04:20,4055.55,4062.71,4055.00,4061.27
2026.06.24 04:25,4061.09,4067.11,4061.09,4063.15
2026.06.24 04:30,4063.16,4065.84,4063.16,4065.13
2026.06.24 04:35,4065.12,4066.25,4062.61,4064.87
2026.06.24 04:40,4065.12,4066.63,4063.25,4063.65
2026.06.24 04:45,4063.57,4066.00,4062.47,4063.57
2026.06.24 04:50,4063.61,4063.99,4061.95,4063.21
2026.06.24 04:55,4063.18,4066.84,4062.56,4064.48
2026.06.24 05:00,4064.38,4065.09,4061.21,4061.98
2026.06.24 05:05,4061.97,4069.90,4060.74,4069.34
2026.06.24 05:10,4069.35,4069.67,4066.18,4067.66
2026.06.24 05:15,4067.65,4068.72,4065.28,4065.61
2026.06.24 05:20,4065.57,4072.59,4065.57,4070.80
2026.06.24 05:25,4071.03,4074.40,4070.30,4073.45
2026.06.24 05:30,4073.48,4086.21,4072.49,4082.15
2026.06.24 05:35,4082.25,4082.55,4076.02,4077.38
2026.06.24 05:40,4077.40,4077.65,4072.38,4077.24
2026.06.24 05:45,4077.11,4080.07,4073.92,4074.75
2026.06.24 05:50,4074.80,4076.11,4071.37,4073.37
2026.06.24 05:55,4073.13,4076.94,4072.47,4075.85
2026.06.24 06:00,4076.09,4080.63,4075.92,4077.82
2026.06.24 06:05,4078.01,4091.79,4077.57,4090.60
2026.06.24 06:10,4090.65,4097.11,4089.06,4095.93
2026.06.24 06:15,4096.22,4097.53,4085.13,4087.20
2026.06.24 06:20,4087.47,4089.53,4085.58,4088.66
2026.06.24 06:25,4088.61,4090.58,4083.49,4087.57
2026.06.24 06:30,4087.44,4088.26,4084.60,4087.86
2026.06.24 06:35,4087.78,4091.75,4087.73,4089.21
2026.06.24 06:40,4089.21,4093.94,4089.11,4091.85
2026.06.24 06:45,4091.91,4094.56,4089.15,4089.31
2026.06.24 06:50,4089.11,4091.49,4084.61,4089.72
2026.06.24 06:55,4089.93,4090.66,4084.52,4087.11
2026.06.24 07:00,4086.40,4089.74,4085.41,4088.90
2026.06.24 07:05,4088.77,4090.73,4086.75,4088.31
2026.06.24 07:10,4088.33,4089.06,4086.07,4086.15
2026.06.24 07:15,4086.13,4087.71,4084.60,4086.13
2026.06.24 07:20,4086.13,4086.95,4083.69,4085.08
2026.06.24 07:25,4085.09,4086.18,4083.23,4084.40
2026.06.24 07:30,4084.38,4085.23,4080.51,4080.66
2026.06.24 07:35,4080.68,4080.99,4076.05,4078.84
2026.06.24 07:40,4079.14,4083.38,4076.81,4082.42
2026.06.24 07:45,4082.42,4086.02,4080.76,4084.69
2026.06.24 07:50,4084.26,4085.56,4075.98,4078.81
2026.06.24 07:55,4078.80,4079.18,4073.69,4074.80
2026.06.24 08:00,4074.79,4078.15,4073.93,4077.67
2026.06.24 08:05,4077.63,4077.69,4075.17,4075.54
2026.06.24 08:10,4075.80,4076.80,4073.21,4073.98
2026.06.24 08:15,4073.97,4076.65,4073.22,4073.58
2026.06.24 08:20,4073.54,4077.76,4073.54,4076.96
2026.06.24 08:25,4076.95,4080.63,4076.35,4080.47
2026.06.24 08:30,4080.42,4087.53,4079.96,4084.27
2026.06.24 08:35,4084.28,4085.50,4079.18,4082.11
2026.06.24 08:40,4082.19,4084.97,4081.44,4083.07
2026.06.24 08:45,4083.06,4083.39,4077.40,4078.86
2026.06.24 08:50,4078.77,4080.31,4076.27,4076.79
2026.06.24 08:55,4076.79,4078.19,4075.58,4076.24
2026.06.24 09:00,4076.44,4078.31,4074.08,4074.53
2026.06.24 09:05,4074.83,4075.49,4069.96,4070.00
2026.06.24 09:10,4070.12,4076.83,4069.91,4076.23
2026.06.24 09:15,4076.06,4079.04,4075.39,4078.45
2026.06.24 09:20,4078.42,4078.53,4073.47,4074.43
2026.06.24 09:25,4074.31,4074.55,4068.39,4069.32
2026.06.24 09:30,4069.56,4072.15,4068.77,4070.47
2026.06.24 09:35,4070.56,4071.22,4067.25,4068.23
2026.06.24 09:40,4068.22,4069.47,4065.46,4068.34
2026.06.24 09:45,4068.32,4070.24,4065.62,4069.10
2026.06.24 09:50,4068.88,4070.98,4068.02,4068.63
2026.06.24 09:55,4068.64,4068.76,4064.14,4064.64
2026.06.24 10:00,4064.66,4066.23,4059.55,4062.04
2026.06.24 10:05,4062.07,4062.50,4059.55,4059.92
2026.06.24 10:10,4059.90,4062.24,4058.98,4061.03
2026.06.24 10:15,4060.81,4060.95,4055.12,4059.02
2026.06.24 10:20,4059.01,4060.52,4056.27,4057.81
2026.06.24 10:25,4057.82,4060.77,4057.16,4060.77
2026.06.24 10:30,4060.75,4063.14,4060.75,4061.84
2026.06.24 10:35,4061.85,4062.01,4056.69,4058.17
2026.06.24 10:40,4058.17,4066.86,4057.98,4064.88
2026.06.24 10:45,4064.87,4065.70,4061.79,4063.38
2026.06.24 10:50,4063.14,4063.42,4057.12,4058.63
2026.06.24 10:55,4058.54,4058.54,4054.75,4055.61
2026.06.24 11:00,4055.62,4058.44,4051.00,4052.06
2026.06.24 11:05,4052.07,4053.50,4048.15,4049.16
2026.06.24 11:10,4049.20,4053.57,4044.77,4045.88
2026.06.24 11:15,4045.88,4046.75,4037.57,4041.82
2026.06.24 11:20,4041.82,4046.50,4039.82,4046.48
2026.06.24 11:25,4046.46,4046.83,4038.60,4044.24
2026.06.24 11:30,4044.17,4047.98,4043.67,4044.24
2026.06.24 11:35,4043.89,4051.33,4043.49,4050.05
2026.06.24 11:40,4049.96,4051.36,4045.72,4045.98
2026.06.24 11:45,4045.89,4046.57,4039.17,4044.92
2026.06.24 11:50,4045.15,4056.13,4044.64,4054.64
2026.06.24 11:55,4054.63,4054.66,4045.62,4046.67
2026.06.24 12:00,4046.62,4048.80,4042.63,4044.62
2026.06.24 12:05,4044.50,4045.65,4035.29,4040.68
2026.06.24 12:10,4040.66,4044.79,4038.02,4038.16
2026.06.24 12:15,4038.16,4041.81,4035.38,4041.01
2026.06.24 12:20,4040.75,4041.11,4032.56,4032.89
2026.06.24 12:25,4032.92,4033.36,4006.48,4015.21
2026.06.24 12:30,4015.78,4020.67,4009.23,4019.13
2026.06.24 12:35,4019.21,4019.23,4007.27,4011.83
2026.06.24 12:40,4011.71,4014.99,4007.58,4013.40
2026.06.24 12:45,4013.58,4017.56,4003.26,4004.08
2026.06.24 12:50,4004.15,4008.05,3999.83,4003.89
2026.06.24 12:55,4003.86,4004.27,3987.66,3987.66
2026.06.24 13:00,3987.90,3995.43,3972.03,3979.85
2026.06.24 13:05,3980.34,3986.88,3971.90,3977.00
2026.06.24 13:10,3977.23,3978.99,3967.03,3972.03
2026.06.24 13:15,3971.09,3977.16,3965.13,3976.47
2026.06.24 13:20,3976.29,3976.29,3964.57,3973.77
2026.06.24 13:25,3973.80,3976.17,3969.93,3975.41
2026.06.24 13:30,3974.48,3996.24,3974.48,3986.80
2026.06.24 13:35,3986.68,4007.11,3985.75,4005.09
2026.06.24 13:40,4005.42,4018.00,4000.99,4015.37
2026.06.24 13:45,4015.29,4020.43,4009.25,4019.66
2026.06.24 13:50,4019.68,4034.03,4018.50,4029.11
2026.06.24 13:55,4029.11,4041.96,4023.75,4038.36
2026.06.24 14:00,4038.18,4041.02,4021.73,4024.59
2026.06.24 14:05,4024.38,4030.83,4021.83,4027.86
2026.06.24 14:10,4027.85,4031.74,4019.04,4019.96
2026.06.24 14:15,4019.95,4020.87,4015.22,4018.53
2026.06.24 14:20,4018.25,4025.15,4014.35,4024.23
2026.06.24 14:25,4023.83,4027.89,4021.02,4023.50
2026.06.24 14:30,4023.79,4034.54,4023.45,4030.83
2026.06.24 14:35,4030.84,4032.14,4018.49,4019.57
2026.06.24 14:40,4019.59,4021.66,4011.16,4015.69
2026.06.24 14:45,4015.76,4015.76,4009.67,4011.18
2026.06.24 14:50,4011.17,4012.91,4005.63,4006.14
2026.06.24 14:55,4006.52,4008.29,4003.00,4008.00
2026.06.24 15:00,4008.57,4009.85,4001.18,4003.85
2026.06.24 15:05,4003.86,4003.88,3997.26,3999.76
2026.06.24 15:10,3999.80,4003.92,3997.74,4002.11
2026.06.24 15:15,4001.86,4011.13,3999.50,4010.91
2026.06.24 15:20,4010.90,4014.50,4007.86,4008.89
2026.06.24 15:25,4008.92,4014.75,4003.85,4014.74
2026.06.24 15:30,4014.74,4015.25,4006.36,4009.11
2026.06.24 15:35,4008.94,4010.35,4006.41,4006.89
2026.06.24 15:40,4006.67,4006.88,4001.22,4006.30
2026.06.24 15:45,4005.93,4014.73,4004.00,4013.11
2026.06.24 15:50,4013.10,4016.71,4003.04,4005.02
2026.06.24 15:55,4005.01,4005.69,3999.99,4002.42
2026.06.24 16:00,4002.42,4005.45,3999.83,4001.97
2026.06.24 16:05,4001.90,4006.43,3995.68,4000.40
2026.06.24 16:10,4000.59,4004.14,3999.47,4002.63
2026.06.24 16:15,4002.68,4005.94,4001.52,4002.64
2026.06.24 16:20,4002.63,4012.98,4002.50,4010.83
2026.06.24 16:25,4010.88,4016.97,4009.85,4016.12
2026.06.24 16:30,4016.14,4019.22,4013.05,4014.82
2026.06.24 16:35,4014.79,4022.17,4014.79,4018.07
2026.06.24 16:40,4018.02,4019.67,4009.44,4011.52
2026.06.24 16:45,4011.54,4012.08,4007.40,4007.46
2026.06.24 16:50,4007.46,4010.99,4007.20,4007.62
2026.06.24 16:55,4007.59,4008.98,4006.16,4006.63
2026.06.24 17:00,4006.72,4011.19,4005.54,4009.42
2026.06.24 17:05,4009.43,4010.67,4004.48,4006.88
2026.06.24 17:10,4007.15,4009.57,4005.50,4005.76
2026.06.24 17:15,4005.68,4007.18,3999.83,4000.01
2026.06.24 17:20,4000.10,4001.15,3993.05,3993.05
2026.06.24 17:25,3993.03,3996.26,3989.97,3990.51
2026.06.24 17:30,3990.53,3990.89,3983.83,3986.04
2026.06.24 17:35,3986.06,3987.80,3983.06,3985.92
2026.06.24 17:40,3986.03,3986.45,3983.03,3984.34
2026.06.24 17:45,3984.34,3986.82,3980.17,3980.21
2026.06.24 17:50,3980.22,3981.76,3976.70,3979.54
2026.06.24 17:55,3979.78,3982.08,3972.72,3972.73
2026.06.24 18:00,3973.36,3975.32,3959.20,3966.60
2026.06.24 18:05,3966.53,3984.05,3966.53,3984.05
2026.06.24 18:10,3983.86,3992.34,3981.05,3988.87
2026.06.24 18:15,3988.88,3992.30,3986.46,3987.14
2026.06.24 18:20,3987.20,3987.64,3979.46,3987.03
2026.06.24 18:25,3986.90,3991.91,3986.41,3990.01
2026.06.24 18:30,3990.16,3994.19,3987.39,3988.64
2026.06.24 18:35,3988.69,3989.49,3983.40,3984.54
2026.06.24 18:40,3984.61,3985.43,3981.49,3983.51
2026.06.24 18:45,3983.41,3983.41,3977.17,3979.29
2026.06.24 18:50,3979.41,3982.13,3977.07,3981.60
2026.06.24 18:55,3981.57,3984.24,3980.08,3981.42
2026.06.24 19:00,3981.34,3985.05,3977.95,3982.62
2026.06.24 19:05,3982.62,3983.43,3976.50,3976.77
2026.06.24 19:10,3976.56,3977.10,3973.54,3976.30
2026.06.24 19:15,3976.33,3977.47,3973.95,3977.39
2026.06.24 19:20,3977.25,3979.82,3976.61,3978.87
2026.06.24 19:25,3978.88,3984.30,3978.44,3984.02
2026.06.24 19:30,3984.06,3988.41,3983.86,3985.59
2026.06.24 19:35,3985.74,3985.87,3980.87,3982.60
2026.06.24 19:40,3982.60,3983.55,3979.46,3982.69
2026.06.24 19:45,3982.81,3984.63,3981.16,3981.82
2026.06.24 19:50,3982.41,3990.69,3981.00,3990.58
2026.06.24 19:55,3990.47,3990.47,3984.78,3988.04
2026.06.24 20:00,3988.05,3998.32,3984.68,3997.32
2026.06.24 20:05,3996.82,4002.73,3996.82,3998.91
2026.06.24 20:10,3998.92,4001.09,3994.62,3995.26
2026.06.24 20:15,3995.43,3995.81,3992.22,3992.93
2026.06.24 20:20,3992.92,3999.11,3992.72,3998.45
2026.06.24 20:25,3998.35,4000.78,3997.20,4000.05
2026.06.24 20:30,4000.03,4001.19,3997.72,3998.58
2026.06.24 20:35,3998.56,4001.29,3995.78,3995.98
2026.06.24 20:40,3996.12,3999.13,3996.12,3998.87
2026.06.24 20:45,3998.85,4000.38,3997.14,3997.18
2026.06.24 20:50,3997.26,3999.89,3996.62,3999.31
2026.06.24 20:55,3999.41,4001.20,3998.28,3999.30
2026.06.24 22:00,4001.20,4008.76,4001.20,4007.56
2026.06.24 22:05,4007.57,4007.57,4001.28,4003.87
2026.06.24 22:10,4003.39,4005.04,4001.00,4001.72
2026.06.24 22:15,4001.75,4002.05,4000.54,4001.00
2026.06.24 22:20,4001.00,4002.57,4000.67,4001.92
2026.06.24 22:25,4001.91,4002.95,4000.56,4002.08
2026.06.24 22:30,4002.55,4004.67,3999.61,4004.24
2026.06.24 22:35,4004.23,4006.62,4001.80,4002.69
2026.06.24 22:40,4002.69,4004.01,4001.71,4002.35
2026.06.24 22:45,4002.38,4002.59,3997.89,3997.90
2026.06.24 22:50,3997.87,3999.09,3994.74,3995.02
2026.06.24 22:55,3995.21,3997.10,3992.99,3996.37
2026.06.24 23:00,3996.41,3998.55,3993.92,3995.36
2026.06.24 23:05,3995.36,3995.40,3990.98,3993.73
2026.06.24 23:10,3993.83,3995.25,3992.10,3995.05
2026.06.24 23:15,3995.06,3998.93,3994.99,3997.78
2026.06.24 23:20,3997.81,4000.04,3997.72,3999.81
2026.06.24 23:25,3999.93,4000.54,3996.96,3998.15
2026.06.24 23:30,3998.16,4008.78,3998.08,4008.78
2026.06.24 23:35,4008.61,4018.62,4008.09,4015.87
2026.06.24 23:40,4015.84,4016.56,4010.73,4014.39
2026.06.24 23:45,4014.39,4017.61,4010.05,4010.75
2026.06.24 23:50,4010.75,4013.53,4009.89,4010.57
2026.06.24 23:55,4010.56,4013.10,4009.52,4012.36
2026.06.25 00:00,4013.18,4014.40,4009.08,4013.29
2026.06.25 00:05,4013.28,4015.74,4011.09,4015.03
2026.06.25 00:10,4014.38,4016.30,4003.94,4005.46
2026.06.25 00:15,4005.59,4006.16,4000.68,4002.49
2026.06.25 00:20,4002.45,4005.30,4000.50,4001.35
2026.06.25 00:25,4001.29,4002.46,3995.35,3996.41
2026.06.25 00:30,3996.31,3996.31,3987.81,3987.81
2026.06.25 00:35,3987.68,3987.78,3981.61,3982.50
2026.06.25 00:40,3982.51,3987.64,3981.51,3985.48
2026.06.25 00:45,3985.44,3986.20,3978.57,3983.55
2026.06.25 00:50,3983.56,4000.48,3982.50,3999.57
2026.06.25 00:55,3999.85,4001.18,3988.49,3991.51
2026.06.25 01:00,3991.78,4005.76,3989.13,3996.82
2026.06.25 01:05,3996.91,3997.42,3987.84,3991.36
2026.06.25 01:10,3991.41,3991.65,3982.57,3986.83
2026.06.25 01:15,3986.79,3994.81,3983.95,3994.29
2026.06.25 01:20,3994.09,3999.44,3993.76,3995.82
2026.06.25 01:25,3995.88,4000.03,3990.51,3990.77
2026.06.25 01:30,3990.68,3995.69,3982.39,3983.50
2026.06.25 01:35,3983.39,3988.32,3977.16,3987.23
2026.06.25 01:40,3987.20,3987.27,3979.71,3981.81
2026.06.25 01:45,3981.78,3987.17,3978.68,3985.30
2026.06.25 01:50,3985.43,3988.56,3978.74,3980.54
2026.06.25 01:55,3980.55,3983.20,3972.44,3976.67
2026.06.25 02:00,3976.72,3981.72,3973.53,3975.20
2026.06.25 02:05,3974.76,3975.76,3963.97,3965.91
2026.06.25 02:10,3965.88,3970.80,3963.77,3967.79
2026.06.25 02:15,3967.81,3981.60,3967.48,3981.20
2026.06.25 02:20,3981.18,3990.86,3980.84,3984.81
2026.06.25 02:25,3984.76,3987.63,3984.16,3986.43
2026.06.25 02:30,3986.70,3986.70,3978.31,3983.19
2026.06.25 02:35,3983.24,3988.14,3982.50,3984.63
2026.06.25 02:40,3984.59,3984.94,3974.72,3978.49
2026.06.25 02:45,3978.48,3983.97,3976.76,3983.22
2026.06.25 02:50,3983.19,3983.32,3975.71,3979.10
2026.06.25 02:55,3979.08,3984.19,3977.52,3983.29
2026.06.25 03:00,3982.89,3989.19,3981.14,3981.81
2026.06.25 03:05,3981.78,3981.78,3973.33,3973.40
2026.06.25 03:10,3973.42,3973.78,3966.33,3970.64
2026.06.25 03:15,3970.60,3982.40,3967.67,3981.91
2026.06.25 03:20,3982.06,3982.99,3973.14,3973.25
2026.06.25 03:25,3973.28,3976.97,3972.40,3976.29
2026.06.25 03:30,3976.29,3977.15,3971.70,3975.61
2026.06.25 03:35,3975.64,3975.71,3968.87,3971.33
2026.06.25 03:40,3971.32,3975.10,3970.11,3975.10
2026.06.25 03:45,3974.66,3987.26,3974.48,3986.56
2026.06.25 03:50,3986.36,3998.77,3986.36,3997.34
2026.06.25 03:55,3997.34,4001.10,3993.86,3995.53
2026.06.25 04:00,3995.74,3997.55,3993.64,3994.04
2026.06.25 04:05,3994.08,3996.79,3992.71,3995.59
2026.06.25 04:10,3995.58,3995.59,3989.49,3989.49
2026.06.25 04:15,3989.47,3991.67,3987.67,3991.49
2026.06.25 04:20,3991.50,3997.11,3990.80,3995.44
2026.06.25 04:25,3995.45,3997.54,3993.68,3994.54
2026.06.25 04:30,3994.53,3995.92,3989.93,3990.68
2026.06.25 04:35,3990.69,3990.94,3987.47,3987.58
2026.06.25 04:40,3987.95,3991.94,3983.66,3991.94
2026.06.25 04:45,3991.96,3995.59,3991.40,3992.32
2026.06.25 04:50,3992.32,3997.13,3992.32,3995.60
2026.06.25 04:55,3995.52,3996.23,3994.65,3996.04
2026.06.25 05:00,3996.04,3998.15,3994.56,3996.95
2026.06.25 05:05,3996.90,3999.18,3992.24,3999.11
2026.06.25 05:10,3999.17,3999.93,3996.39,3998.27
2026.06.25 05:15,3998.27,3998.52,3989.14,3992.26
2026.06.25 05:20,3992.27,3995.12,3991.24,3995.12
2026.06.25 05:25,3995.21,3998.96,3990.80,3994.85
2026.06.25 05:30,3994.56,3997.34,3985.83,3994.98
2026.06.25 05:35,3995.18,3995.91,3984.65,3985.03
2026.06.25 05:40,3985.03,3986.48,3981.83,3983.21
2026.06.25 05:45,3983.21,3984.37,3980.46,3983.29
2026.06.25 05:50,3983.08,3988.91,3982.63,3988.48
2026.06.25 05:55,3988.36,3991.39,3986.40,3986.40
2026.06.25 06:00,3986.41,3988.08,3981.99,3986.57
2026.06.25 06:05,3986.57,3989.16,3983.10,3986.03
2026.06.25 06:10,3985.92,3986.26,3979.94,3980.14
2026.06.25 06:15,3980.03,3980.30,3974.70,3974.72
2026.06.25 06:20,3974.68,3981.81,3974.11,3979.12
2026.06.25 06:25,3979.12,3986.80,3978.29,3984.34
2026.06.25 06:30,3984.25,3984.97,3978.30,3980.06
2026.06.25 06:35,3980.10,3981.16,3976.65,3980.57
2026.06.25 06:40,3980.59,3983.68,3977.59,3982.15
2026.06.25 06:45,3982.14,3984.21,3980.64,3982.83
2026.06.25 06:50,3982.83,3984.10,3977.80,3977.80
2026.06.25 06:55,3977.67,3980.89,3975.98,3977.18
2026.06.25 07:00,3977.43,3979.79,3973.54,3979.78
2026.06.25 07:05,3979.81,3985.36,3978.48,3984.86
2026.06.25 07:10,3984.84,3986.04,3978.63,3979.97
2026.06.25 07:15,3979.95,3984.77,3977.60,3984.74
2026.06.25 07:20,3984.77,3986.73,3979.77,3983.85
2026.06.25 07:25,3983.94,3989.77,3982.12,3985.13
2026.06.25 07:30,3985.39,3989.40,3982.35,3983.15
2026.06.25 07:35,3983.24,3985.14,3978.19,3978.19
2026.06.25 07:40,3977.88,3981.47,3973.62,3974.54
2026.06.25 07:45,3974.54,3977.47,3971.47,3977.42
2026.06.25 07:50,3977.42,3977.61,3974.77,3977.07
2026.06.25 07:55,3977.38,3988.92,3976.92,3987.89
2026.06.25 08:00,3988.13,3995.25,3987.32,3990.07
2026.06.25 08:05,3990.24,3992.75,3987.65,3988.07
2026.06.25 08:10,3988.13,3989.36,3984.29,3986.89
2026.06.25 08:15,3986.88,3994.97,3986.25,3994.54
2026.06.25 08:20,3994.69,4001.29,3994.53,3996.99
2026.06.25 08:25,3996.77,3996.84,3992.59,3993.86
2026.06.25 08:30,3993.65,4000.81,3993.65,4000.78
2026.06.25 08:35,4000.69,4001.81,3996.14,4001.36
2026.06.25 08:40,4001.44,4002.01,3998.40,3999.55
2026.06.25 08:45,3999.73,3999.73,3991.74,3992.53
2026.06.25 08:50,3992.56,3993.71,3989.68,3990.77
2026.06.25 08:55,3990.71,3991.00,3988.58,3989.16
2026.06.25 09:00,3989.30,3995.90,3989.16,3995.75
2026.06.25 09:05,3995.80,3996.51,3991.32,3991.34
2026.06.25 09:10,3991.35,3994.13,3990.92,3991.02
2026.06.25 09:15,3991.01,3993.47,3989.25,3991.02
2026.06.25 09:20,3990.88,3995.23,3990.88,3994.85
2026.06.25 09:25,3994.96,3995.34,3992.51,3994.01
2026.06.25 09:30,3993.98,3997.59,3993.41,3993.78
2026.06.25 09:35,3993.95,3994.05,3986.09,3991.98
2026.06.25 09:40,3992.06,3992.06,3987.53,3988.31
2026.06.25 09:45,3988.52,3990.01,3988.11,3988.96
2026.06.25 09:50,3988.96,3992.09,3988.90,3990.91
2026.06.25 09:55,3990.92,3993.38,3987.57,3988.06
2026.06.25 10:00,3988.20,3989.27,3985.42,3986.43
2026.06.25 10:05,3986.43,3987.88,3986.01,3986.50
2026.06.25 10:10,3986.52,3988.19,3983.55,3984.33
2026.06.25 10:15,3984.21,3987.03,3983.20,3984.38
2026.06.25 10:20,3984.39,3986.51,3983.67,3985.43
2026.06.25 10:25,3985.42,3989.24,3985.40,3989.15
2026.06.25 10:30,3989.16,3989.34,3984.69,3986.70
2026.06.25 10:35,3986.69,3988.53,3986.13,3987.71
2026.06.25 10:40,3987.72,3987.86,3984.80,3985.52
2026.06.25 10:45,3985.43,3985.53,3982.37,3984.53
2026.06.25 10:50,3984.20,3985.62,3981.98,3982.60
2026.06.25 10:55,3982.58,3984.33,3981.38,3984.29
2026.06.25 11:00,3984.50,3986.10,3982.02,3984.67
2026.06.25 11:05,3984.52,3985.85,3983.16,3984.39
2026.06.25 11:10,3984.39,3985.82,3982.21,3983.23
2026.06.25 11:15,3983.06,3983.08,3976.09,3981.54
2026.06.25 11:20,3981.65,3982.63,3979.73,3980.24
2026.06.25 11:25,3980.20,3980.74,3976.92,3977.12
2026.06.25 11:30,3977.19,3981.48,3976.57,3977.22
2026.06.25 11:35,3977.16,3982.51,3973.67,3982.41
2026.06.25 11:40,3982.40,3986.17,3982.21,3984.81
2026.06.25 11:45,3984.81,3987.72,3984.33,3985.67
2026.06.25 11:50,3985.69,3986.49,3982.14,3982.59
2026.06.25 11:55,3982.50,3982.50,3979.42,3980.00
2026.06.25 12:00,3980.62,3984.63,3980.38,3982.78
2026.06.25 12:05,3982.66,3983.53,3979.90,3983.13
2026.06.25 12:10,3983.12,3983.65,3980.21,3982.66
2026.06.25 12:15,3982.40,3986.05,3979.96,3983.05
2026.06.25 12:20,3982.99,3983.04,3978.95,3980.21
2026.06.25 12:25,3980.21,3986.01,3978.92,3983.55
2026.06.25 12:30,3982.08,4011.90,3981.96,3995.08
2026.06.25 12:35,3995.16,4006.95,3989.31,3998.06
2026.06.25 12:40,3998.15,4006.74,3992.26,4005.65
2026.06.25 12:45,4005.56,4018.22,4003.58,4014.05
2026.06.25 12:50,4014.91,4019.16,4011.08,4015.39
2026.06.25 12:55,4014.54,4015.09,4008.67,4012.35
2026.06.25 13:00,4012.62,4033.97,4012.35,4029.34
2026.06.25 13:05,4029.22,4033.57,4024.26,4029.92
2026.06.25 13:10,4029.89,4033.58,4025.65,4031.16
2026.06.25 13:15,4030.92,4031.43,4020.91,4022.90
2026.06.25 13:20,4023.12,4030.07,4020.97,4021.92
2026.06.25 13:25,4022.45,4024.26,4018.90,4022.11
2026.06.25 13:30,4022.45,4028.51,4013.45,4013.97
2026.06.25 13:35,4014.09,4026.75,4012.59,4023.69
2026.06.25 13:40,4023.78,4023.78,4010.86,4011.74
2026.06.25 13:45,4011.76,4016.02,4008.15,4013.46
2026.06.25 13:50,4013.40,4019.10,4007.19,4008.04
2026.06.25 13:55,4008.18,4009.82,4001.12,4002.27
2026.06.25 14:00,4003.33,4018.55,3999.15,4014.77
2026.06.25 14:05,4014.98,4021.46,4010.33,4016.94
2026.06.25 14:10,4016.91,4019.81,4013.45,4016.52
2026.06.25 14:15,4016.50,4021.12,4013.86,4017.95
2026.06.25 14:20,4017.93,4022.17,4012.90,4014.31
2026.06.25 14:25,4014.45,4028.29,4012.93,4026.59
2026.06.25 14:30,4026.61,4028.36,4022.14,4025.49
2026.06.25 14:35,4025.31,4026.90,4016.50,4017.58
2026.06.25 14:40,4017.48,4020.26,4015.98,4019.79
2026.06.25 14:45,4019.74,4020.72,4014.54,4016.48
2026.06.25 14:50,4016.50,4020.06,4013.35,4017.51
2026.06.25 14:55,4017.31,4017.52,4011.32,4011.98
2026.06.25 15:00,4011.97,4015.52,4009.91,4015.09
2026.06.25 15:05,4015.08,4020.44,4014.22,4016.81
2026.06.25 15:10,4016.83,4017.20,4005.03,4007.94
2026.06.25 15:15,4007.74,4015.63,4005.90,4015.03
2026.06.25 15:20,4015.21,4040.35,4012.57,4037.86
2026.06.25 15:25,4038.01,4038.07,4026.07,4027.00
2026.06.25 15:30,4027.09,4028.49,4021.94,4022.21
2026.06.25 15:35,4022.15,4030.85,4022.08,4029.07
2026.06.25 15:40,4028.59,4030.60,4026.51,4027.75
2026.06.25 15:45,4027.83,4036.80,4026.94,4031.59
2026.06.25 15:50,4031.68,4041.44,4030.47,4038.33
2026.06.25 15:55,4038.43,4042.67,4036.89,4041.15
2026.06.25 16:00,4041.17,4042.88,4035.03,4037.86
2026.06.25 16:05,4037.86,4039.73,4034.12,4034.27
2026.06.25 16:10,4034.26,4041.26,4033.84,4036.99
2026.06.25 16:15,4037.05,4044.02,4037.05,4040.60
2026.06.25 16:20,4040.58,4043.86,4040.58,4041.63
2026.06.25 16:25,4041.62,4042.65,4039.60,4040.31
2026.06.25 16:30,4040.43,4040.71,4033.55,4034.92
2026.06.25 16:35,4034.91,4036.31,4031.26,4031.87
2026.06.25 16:40,4031.77,4033.86,4031.05,4031.37
2026.06.25 16:45,4031.22,4031.92,4023.82,4031.68
2026.06.25 16:50,4031.54,4033.35,4028.01,4031.32
2026.06.25 16:55,4031.33,4031.41,4027.52,4028.70
2026.06.25 17:00,4028.73,4030.49,4026.94,4030.13
2026.06.25 17:05,4030.07,4032.30,4029.38,4030.45
2026.06.25 17:10,4030.47,4031.79,4029.06,4029.37
2026.06.25 17:15,4029.44,4032.95,4029.17,4030.23
2026.06.25 17:20,4029.99,4032.88,4027.87,4032.37
2026.06.25 17:25,4032.28,4035.85,4030.36,4032.56
2026.06.25 17:30,4032.41,4035.07,4031.24,4032.02
2026.06.25 17:35,4032.01,4034.27,4031.27,4033.38
2026.06.25 17:40,4033.22,4035.88,4032.93,4034.12
2026.06.25 17:45,4034.06,4034.19,4029.67,4031.55
2026.06.25 17:50,4031.57,4034.20,4031.11,4033.76
2026.06.25 17:55,4033.76,4036.65,4033.50,4034.69
2026.06.25 18:00,4034.75,4035.31,4027.73,4028.65
2026.06.25 18:05,4028.66,4033.76,4026.67,4032.79
2026.06.25 18:10,4032.88,4034.55,4030.49,4032.62
2026.06.25 18:15,4032.61,4040.45,4032.13,4037.95
2026.06.25 18:20,4037.90,4039.34,4037.37,4038.59
2026.06.25 18:25,4038.59,4044.16,4038.07,4044.05
2026.06.25 18:30,4044.10,4044.10,4033.94,4034.07
2026.06.25 18:35,4034.06,4036.43,4033.31,4036.36
2026.06.25 18:40,4036.36,4036.43,4031.81,4032.80
2026.06.25 18:45,4032.78,4032.89,4029.85,4032.26
2026.06.25 18:50,4032.25,4036.20,4031.77,4035.34
2026.06.25 18:55,4035.19,4036.22,4033.79,4034.75
2026.06.25 19:00,4035.06,4035.93,4032.61,4033.88
2026.06.25 19:05,4033.86,4039.85,4033.02,4038.81
2026.06.25 19:10,4038.81,4040.50,4038.40,4040.19
2026.06.25 19:15,4040.20,4043.75,4036.04,4037.10
2026.06.25 19:20,4037.10,4040.04,4037.02,4039.12
2026.06.25 19:25,4039.10,4040.77,4035.43,4036.03
2026.06.25 19:30,4036.03,4036.73,4031.95,4033.87
2026.06.25 19:35,4033.85,4035.48,4032.62,4034.73
2026.06.25 19:40,4035.99,4037.79,4032.77,4034.45
2026.06.25 19:45,4034.44,4034.45,4025.98,4026.66
2026.06.25 19:50,4026.81,4027.50,4021.91,4026.50
2026.06.25 19:55,4025.47,4027.46,4022.03,4026.80
2026.06.25 20:00,4026.44,4034.98,4026.34,4031.38
2026.06.25 20:05,4031.38,4031.38,4028.08,4028.17
2026.06.25 20:10,4028.13,4029.07,4027.25,4028.16
2026.06.25 20:15,4028.16,4029.32,4026.70,4028.26
2026.06.25 20:20,4028.26,4030.57,4028.10,4030.03
2026.06.25 20:25,4030.09,4030.79,4028.13,4030.76
2026.06.25 20:30,4030.78,4030.79,4026.76,4026.87
2026.06.25 20:35,4026.79,4027.64,4025.71,4025.94
2026.06.25 20:40,4025.94,4026.70,4024.80,4026.39
2026.06.25 20:45,4026.29,4026.42,4024.48,4024.75
2026.06.25 20:50,4024.54,4025.81,4024.38,4024.77
2026.06.25 20:55,4024.77,4027.01,4024.29,4026.79
2026.06.25 22:00,4039.82,4039.82,4021.72,4029.52
2026.06.25 22:05,4029.54,4029.86,4025.82,4025.82
2026.06.25 22:10,4025.80,4026.40,4022.00,4022.89
2026.06.25 22:15,4023.40,4024.39,4021.59,4022.25
2026.06.25 22:20,4022.88,4023.81,4019.87,4021.61
2026.06.25 22:25,4021.83,4025.96,4020.37,4024.78
2026.06.25 22:30,4024.71,4030.42,4024.32,4029.75
2026.06.25 22:35,4029.73,4036.38,4029.72,4034.19
2026.06.25 22:40,4034.17,4036.52,4028.60,4028.60
2026.06.25 22:45,4028.60,4030.25,4024.13,4024.92
2026.06.25 22:50,4024.90,4025.32,4022.00,4022.36
2026.06.25 22:55,4022.33,4027.33,4022.13,4026.34
2026.06.25 23:00,4026.04,4027.06,4023.51,4023.53
2026.06.25 23:05,4023.53,4024.39,4021.48,4022.76
2026.06.25 23:10,4022.93,4024.30,4021.58,4023.47
2026.06.25 23:15,4023.42,4026.14,4022.53,4026.13
2026.06.25 23:20,4026.11,4029.60,4025.39,4028.28
2026.06.25 23:25,4028.37,4030.23,4028.17,4029.75
2026.06.25 23:30,4029.75,4030.33,4021.05,4021.42
2026.06.25 23:35,4021.71,4025.09,4021.65,4023.90
2026.06.25 23:40,4023.85,4024.42,4022.88,4024.22
2026.06.25 23:45,4024.24,4024.24,4016.50,4017.92
2026.06.25 23:50,4017.92,4019.56,4016.58,4017.44
2026.06.25 23:55,4017.44,4017.75,4012.54,4014.50
2026.06.26 00:00,4014.74,4018.45,4012.26,4012.26
2026.06.26 00:05,4012.32,4015.60,4011.41,4014.64
2026.06.26 00:10,4014.57,4019.70,4012.04,4019.60
2026.06.26 00:15,4019.16,4023.39,4018.63,4021.83
2026.06.26 00:20,4021.83,4022.02,4017.25,4018.22
2026.06.26 00:25,4018.41,4019.11,4012.38,4015.42
2026.06.26 00:30,4015.42,4016.73,4012.42,4015.92
2026.06.26 00:35,4015.91,4017.90,4014.33,4016.22
2026.06.26 00:40,4016.26,4019.73,4015.04,4019.08
2026.06.26 00:45,4019.11,4023.77,4018.79,4019.12
2026.06.26 00:50,4019.11,4020.99,4015.57,4016.35
2026.06.26 00:55,4016.25,4024.33,4016.17,4020.25
2026.06.26 01:00,4020.50,4029.42,4017.43,4017.44
2026.06.26 01:05,4017.44,4020.72,4014.31,4017.36
2026.06.26 01:10,4017.46,4021.40,4017.35,4019.81
2026.06.26 01:15,4019.76,4026.38,4018.56,4024.62
2026.06.26 01:20,4024.63,4024.85,4021.69,4022.87
2026.06.26 01:25,4022.91,4023.03,4017.78,4022.70
2026.06.26 01:30,4022.78,4023.69,4019.35,4020.44
2026.06.26 01:35,4020.38,4022.76,4016.24,4021.47
2026.06.26 01:40,4021.54,4025.32,4020.12,4020.57
2026.06.26 01:45,4020.54,4022.82,4014.51,4016.27
2026.06.26 01:50,4016.39,4018.55,4014.64,4018.33
2026.06.26 01:55,4018.20,4021.68,4018.14,4020.95
2026.06.26 02:00,4021.54,4023.26,4017.77,4020.48
2026.06.26 02:05,4020.44,4020.80,4015.38,4016.93
2026.06.26 02:10,4016.87,4016.89,4013.44,4015.13
2026.06.26 02:15,4015.06,4016.65,4009.22,4009.22
2026.06.26 02:20,4009.21,4011.26,4005.37,4006.05
2026.06.26 02:25,4006.00,4008.32,4003.93,4007.32
2026.06.26 02:30,4007.66,4009.14,4001.36,4002.96
2026.06.26 02:35,4002.94,4003.42,3991.90,3997.55
2026.06.26 02:40,3997.59,3997.59,3991.30,3992.31
2026.06.26 02:45,3992.27,3994.08,3990.91,3993.17
2026.06.26 02:50,3993.15,3995.37,3984.87,3986.24
2026.06.26 02:55,3986.20,3993.16,3983.07,3990.73
2026.06.26 03:00,3990.51,3992.38,3986.63,3990.43
2026.06.26 03:05,3990.81,3995.39,3989.43,3994.97
2026.06.26 03:10,3994.98,3999.71,3993.50,3997.67
2026.06.26 03:15,3997.69,3999.86,3994.04,3998.52
2026.06.26 03:20,3998.52,3998.52,3992.84,3993.56
2026.06.26 03:25,3993.54,3995.94,3992.58,3995.34
2026.06.26 03:30,3995.35,3998.34,3993.12,3995.73
2026.06.26 03:35,3995.73,3998.28,3995.10,3996.32
2026.06.26 03:40,3996.39,4001.16,3996.11,4000.21
2026.06.26 03:45,4000.24,4000.33,3997.36,3997.82
2026.06.26 03:50,3997.78,4002.36,3997.77,4002.13
2026.06.26 03:55,4001.96,4006.55,4001.74,4004.18
2026.06.26 04:00,4004.17,4005.54,4001.00,4001.03
2026.06.26 04:05,4001.02,4003.28,3998.79,4000.99
2026.06.26 04:10,4000.98,4009.40,4000.90,4008.45
2026.06.26 04:15,4008.46,4011.97,4006.78,4009.34
2026.06.26 04:20,4009.33,4010.40,4007.78,4007.78
2026.06.26 04:25,4007.78,4008.48,4006.10,4007.40
2026.06.26 04:30,4007.42,4008.35,4004.37,4005.01
2026.06.26 04:35,4004.99,4005.21,4002.52,4003.27
2026.06.26 04:40,4003.29,4008.12,4001.70,4007.97
2026.06.26 04:45,4008.11,4009.59,4007.17,4009.25
2026.06.26 04:50,4009.26,4015.29,4008.80,4014.21
2026.06.26 04:55,4014.35,4014.98,4011.00,4011.31
2026.06.26 05:00,4011.70,4013.17,4009.67,4010.17
2026.06.26 05:05,4010.21,4012.39,4006.53,4012.01
2026.06.26 05:10,4012.09,4015.11,4011.94,4015.11
2026.06.26 05:15,4015.28,4019.21,4013.75,4014.75
2026.06.26 05:20,4014.84,4015.03,4011.81,4013.22
2026.06.26 05:25,4013.29,4018.48,4013.29,4016.64
2026.06.26 05:30,4016.64,4021.57,4014.90,4016.74
2026.06.26 05:35,4016.66,4018.74,4012.13,4013.76
2026.06.26 05:40,4013.76,4017.03,4010.96,4011.31
2026.06.26 05:45,4011.36,4012.11,4005.85,4011.79
2026.06.26 05:50,4011.79,4015.28,4010.54,4015.10
2026.06.26 05:55,4015.07,4015.08,4006.61,4007.92
2026.06.26 06:00,4008.14,4010.48,4006.86,4007.63
2026.06.26 06:05,4008.26,4011.64,4007.90,4008.73
2026.06.26 06:10,4008.81,4010.05,4006.89,4009.51
2026.06.26 06:15,4009.50,4011.42,4008.36,4008.68
2026.06.26 06:20,4008.67,4024.74,4008.63,4023.23
2026.06.26 06:25,4022.99,4024.65,4020.62,4024.26
2026.06.26 06:30,4024.26,4027.37,4022.67,4023.71
2026.06.26 06:35,4024.02,4025.34,4021.37,4023.20
2026.06.26 06:40,4023.24,4026.35,4020.95,4025.27
2026.06.26 06:45,4025.18,4028.38,4023.50,4023.73
2026.06.26 06:50,4023.65,4025.69,4022.05,4023.71
2026.06.26 06:55,4023.68,4033.18,4023.13,4032.05
2026.06.26 07:00,4032.09,4033.74,4026.70,4029.40
2026.06.26 07:05,4029.41,4032.33,4028.14,4029.15
2026.06.26 07:10,4029.15,4029.66,4027.09,4027.39
2026.06.26 07:15,4027.38,4031.53,4026.99,4031.28
2026.06.26 07:20,4031.29,4031.33,4027.75,4029.30
2026.06.26 07:25,4029.55,4039.69,4029.55,4037.87
2026.06.26 07:30,4037.92,4038.78,4037.03,4037.61
2026.06.26 07:35,4037.66,4038.07,4034.20,4036.22
2026.06.26 07:40,4036.22,4036.35,4031.01,4031.42
2026.06.26 07:45,4031.43,4031.68,4028.49,4029.03
2026.06.26 07:50,4029.03,4030.28,4027.92,4030.23
2026.06.26 07:55,4030.18,4032.18,4029.79,4030.77
2026.06.26 08:00,4030.65,4033.12,4025.95,4026.58
2026.06.26 08:05,4026.66,4031.60,4025.79,4030.54
2026.06.26 08:10,4030.53,4031.33,4027.97,4030.96
2026.06.26 08:15,4031.02,4034.51,4029.85,4032.52
2026.06.26 08:20,4032.48,4033.89,4030.18,4030.85
2026.06.26 08:25,4030.87,4035.82,4030.50,4035.75
2026.06.26 08:30,4035.43,4036.08,4032.63,4034.46
2026.06.26 08:35,4034.44,4034.64,4032.40,4033.32
2026.06.26 08:40,4033.35,4035.91,4032.61,4035.67
2026.06.26 08:45,4035.55,4037.78,4032.89,4033.55
2026.06.26 08:50,4033.58,4034.35,4032.36,4032.82
2026.06.26 08:55,4032.77,4032.77,4029.70,4030.95
2026.06.26 09:00,4030.97,4034.91,4029.60,4034.32
2026.06.26 09:05,4034.32,4039.66,4034.15,4038.66
2026.06.26 09:10,4038.63,4041.56,4037.72,4039.45
2026.06.26 09:15,4039.43,4046.83,4034.46,4046.39
2026.06.26 09:20,4046.46,4048.75,4043.03,4048.07
2026.06.26 09:25,4048.09,4050.62,4046.88,4048.25
2026.06.26 09:30,4047.71,4049.57,4045.27,4048.18
2026.06.26 09:35,4048.22,4054.05,4048.22,4051.77
2026.06.26 09:40,4051.75,4053.71,4047.59,4048.09
2026.06.26 09:45,4048.09,4049.01,4045.46,4047.06
2026.06.26 09:50,4047.21,4053.97,4046.50,4050.63
2026.06.26 09:55,4050.65,4050.65,4047.08,4047.17
2026.06.26 10:00,4047.22,4048.98,4044.51,4047.63
2026.06.26 10:05,4047.64,4050.84,4046.84,4049.82
2026.06.26 10:10,4049.83,4052.15,4049.81,4050.99
2026.06.26 10:15,4050.92,4051.50,4044.80,4044.80
2026.06.26 10:20,4044.58,4045.91,4042.31,4044.26
2026.06.26 10:25,4044.25,4048.66,4043.61,4048.04
2026.06.26 10:30,4048.19,4054.37,4047.54,4053.97
2026.06.26 10:35,4054.02,4054.26,4048.91,4049.28
2026.06.26 10:40,4049.32,4050.88,4046.83,4048.51
2026.06.26 10:45,4048.53,4050.33,4047.98,4048.93
2026.06.26 10:50,4048.95,4054.40,4048.66,4052.90
2026.06.26 10:55,4052.92,4054.72,4051.40,4054.67
2026.06.26 11:00,4054.66,4055.24,4051.47,4052.88
2026.06.26 11:05,4052.85,4054.76,4051.93,4053.66
2026.06.26 11:10,4052.85,4053.14,4047.21,4047.33
2026.06.26 11:15,4047.05,4053.72,4046.25,4052.99
2026.06.26 11:20,4052.85,4053.65,4051.31,4052.04
2026.06.26 11:25,4052.07,4053.59,4050.60,4052.65
2026.06.26 11:30,4052.93,4054.96,4052.78,4053.80
2026.06.26 11:35,4053.80,4053.80,4048.32,4048.41
2026.06.26 11:40,4048.41,4050.24,4046.22,4046.70
2026.06.26 11:45,4046.66,4048.48,4045.59,4045.81
2026.06.26 11:50,4046.03,4046.14,4042.70,4044.53
2026.06.26 11:55,4044.56,4047.24,4043.67,4045.92
2026.06.26 12:00,4045.93,4045.93,4043.71,4044.74
2026.06.26 12:05,4044.78,4048.27,4044.63,4047.92
2026.06.26 12:10,4047.79,4050.83,4047.65,4049.11
2026.06.26 12:15,4049.11,4051.53,4044.01,4044.41
2026.06.26 12:20,4044.49,4046.46,4042.02,4044.16
2026.06.26 12:25,4044.19,4047.60,4044.19,4046.61
2026.06.26 12:30,4046.27,4049.27,4042.89,4044.94
2026.06.26 12:35,4044.97,4046.05,4043.24,4044.15
2026.06.26 12:40,4044.16,4044.23,4035.97,4040.30
2026.06.26 12:45,4040.27,4044.48,4039.29,4044.48
2026.06.26 12:50,4044.48,4048.57,4043.66,4045.88
2026.06.26 12:55,4046.26,4061.47,4046.23,4059.03
2026.06.26 13:00,4059.57,4065.93,4050.39,4052.29
2026.06.26 13:05,4052.20,4052.99,4044.18,4044.18
2026.06.26 13:10,4044.02,4050.89,4043.58,4050.57
2026.06.26 13:15,4050.49,4053.18,4043.38,4051.00
2026.06.26 13:20,4050.87,4058.45,4049.76,4057.35
2026.06.26 13:25,4057.32,4058.61,4053.24,4057.12
2026.06.26 13:30,4057.03,4057.03,4047.70,4050.37
2026.06.26 13:35,4050.49,4051.43,4045.09,4048.00
2026.06.26 13:40,4047.98,4062.28,4047.60,4062.28
2026.06.26 13:45,4062.64,4065.09,4058.68,4062.16
2026.06.26 13:50,4062.16,4069.72,4060.97,4064.14
2026.06.26 13:55,4064.41,4078.01,4063.81,4073.51
2026.06.26 14:00,4074.36,4079.21,4068.12,4077.37
2026.06.26 14:05,4077.53,4079.36,4072.09,4079.19
2026.06.26 14:10,4079.18,4085.07,4076.76,4084.08
2026.06.26 14:15,4084.04,4092.95,4083.11,4088.80
2026.06.26 14:20,4088.72,4092.36,4087.46,4088.64
2026.06.26 14:25,4088.73,4090.96,4084.21,4084.36
2026.06.26 14:30,4084.50,4084.90,4079.71,4080.35
2026.06.26 14:35,4080.32,4081.82,4076.42,4079.17
2026.06.26 14:40,4079.21,4083.87,4076.37,4082.58
2026.06.26 14:45,4082.58,4091.68,4082.57,4088.16
2026.06.26 14:50,4088.41,4088.84,4084.00,4087.83
2026.06.26 14:55,4087.57,4091.28,4080.48,4080.53
2026.06.26 15:00,4080.50,4083.17,4079.20,4079.27
2026.06.26 15:05,4079.35,4081.06,4075.73,4080.99
2026.06.26 15:10,4080.80,4082.29,4077.54,4079.49
2026.06.26 15:15,4079.53,4084.44,4077.97,4082.26
2026.06.26 15:20,4082.23,4083.98,4080.35,4082.13
2026.06.26 15:25,4082.13,4084.34,4080.72,4084.15
2026.06.26 15:30,4084.28,4088.71,4082.16,4082.16
2026.06.26 15:35,4082.16,4093.94,4081.78,4091.74
2026.06.26 15:40,4091.72,4095.46,4091.18,4095.02
2026.06.26 15:45,4095.04,4095.90,4091.03,4094.99
2026.06.26 15:50,4094.69,4095.45,4083.37,4086.28
2026.06.26 15:55,4086.25,4091.76,4085.79,4090.51
2026.06.26 16:00,4090.50,4092.86,4089.90,4091.68
2026.06.26 16:05,4091.39,4091.58,4088.59,4089.25
2026.06.26 16:10,4089.17,4092.32,4088.33,4091.19
2026.06.26 16:15,4091.19,4093.48,4089.82,4090.20
2026.06.26 16:20,4090.24,4090.54,4083.19,4085.54
2026.06.26 16:25,4085.51,4088.17,4084.43,4086.73
2026.06.26 16:30,4086.81,4093.06,4086.81,4088.19
2026.06.26 16:35,4088.07,4088.55,4084.32,4084.63
2026.06.26 16:40,4084.69,4086.02,4082.23,4084.48
2026.06.26 16:45,4084.86,4086.69,4083.83,4083.85
2026.06.26 16:50,4083.86,4085.45,4082.84,4085.34
2026.06.26 16:55,4085.33,4085.82,4083.78,4085.04
2026.06.26 17:00,4085.08,4085.82,4083.68,4084.78
2026.06.26 17:05,4084.70,4088.14,4084.36,4086.90
2026.06.26 17:10,4086.92,4087.38,4082.52,4083.40
2026.06.26 17:15,4083.52,4084.06,4081.51,4081.59
2026.06.26 17:20,4081.61,4085.10,4080.31,4084.72
2026.06.26 17:25,4084.71,4084.71,4080.39,4081.41
2026.06.26 17:30,4081.67,4083.29,4076.39,4078.09
2026.06.26 17:35,4078.12,4078.97,4074.36,4075.62
2026.06.26 17:40,4075.60,4077.58,4074.22,4076.71
2026.06.26 17:45,4076.67,4077.72,4074.35,4076.08
2026.06.26 17:50,4076.08,4076.94,4074.49,4075.38
2026.06.26 17:55,4075.36,4075.59,4073.68,4074.67
2026.06.26 18:00,4074.78,4076.70,4072.36,4076.53
2026.06.26 18:05,4076.50,4078.80,4075.08,4077.42
2026.06.26 18:10,4077.40,4078.05,4076.02,4076.81
2026.06.26 18:15,4076.87,4076.94,4073.61,4074.32
2026.06.26 18:20,4074.27,4074.49,4071.53,4071.85
2026.06.26 18:25,4071.82,4073.78,4071.76,4073.48
2026.06.26 18:30,4073.60,4075.45,4073.56,4074.53
2026.06.26 18:35,4074.53,4074.70,4072.70,4073.70
2026.06.26 18:40,4073.70,4074.09,4071.81,4072.56
2026.06.26 18:45,4072.53,4072.53,4067.77,4069.40
2026.06.26 18:50,4069.42,4070.51,4068.55,4070.11
2026.06.26 18:55,4070.24,4071.22,4067.10,4067.28
2026.06.26 19:00,4067.36,4068.28,4065.06,4065.36
2026.06.26 19:05,4065.36,4067.39,4064.54,4066.61
2026.06.26 19:10,4066.61,4069.96,4066.12,4069.47
2026.06.26 19:15,4069.46,4069.60,4067.24,4068.11
2026.06.26 19:20,4067.97,4067.97,4064.56,4065.57
2026.06.26 19:25,4065.57,4067.46,4064.88,4066.38
2026.06.26 19:30,4066.37,4070.15,4065.70,4070.14
2026.06.26 19:35,4070.13,4070.77,4067.94,4068.61
2026.06.26 19:40,4068.64,4070.37,4068.03,4068.66
2026.06.26 19:45,4068.63,4070.07,4066.95,4070.02
2026.06.26 19:50,4070.46,4074.03,4070.31,4073.49
2026.06.26 19:55,4073.21,4074.60,4071.59,4071.59
2026.06.26 20:00,4071.70,4072.38,4070.72,4071.31
2026.06.26 20:05,4071.51,4071.53,4065.94,4066.13
2026.06.26 20:10,4066.45,4068.32,4064.60,4067.81
2026.06.26 20:15,4067.84,4068.43,4066.30,4067.84
2026.06.26 20:20,4067.79,4071.50,4067.33,4071.50
2026.06.26 20:25,4071.45,4072.96,4071.11,4072.10
2026.06.26 20:30,4071.96,4072.01,4067.03,4069.97
2026.06.26 20:35,4069.94,4070.46,4068.45,4069.50
2026.06.26 20:40,4069.47,4071.02,4069.02,4070.75
2026.06.26 20:45,4070.70,4075.81,4070.26,4075.62
2026.06.26 20:50,4075.72,4081.74,4073.20,4080.89
2026.06.26 20:55,4080.73,4090.46,4080.42,4087.78
2026.06.28 22:00,4080.28,4086.19,4067.10,4075.77
2026.06.28 22:05,4075.79,4083.64,4073.35,4076.91
2026.06.28 22:10,4076.25,4078.15,4070.25,4070.28
2026.06.28 22:15,4070.70,4070.70,4053.27,4060.14
2026.06.28 22:20,4060.13,4062.67,4056.45,4059.53
2026.06.28 22:25,4059.56,4061.47,4056.69,4057.27
2026.06.28 22:30,4056.42,4062.79,4056.42,4057.18
2026.06.28 22:35,4057.18,4062.19,4056.03,4061.04
2026.06.28 22:40,4061.04,4065.37,4061.00,4063.29
2026.06.28 22:45,4063.30,4069.39,4063.20,4068.75
2026.06.28 22:50,4068.74,4068.74,4062.30,4064.55
2026.06.28 22:55,4064.55,4069.33,4064.01,4066.42
2026.06.28 23:00,4066.46,4070.22,4065.61,4067.91
2026.06.28 23:05,4067.88,4070.24,4066.15,4070.22
2026.06.28 23:10,4070.20,4070.20,4065.27,4065.58
2026.06.28 23:15,4065.65,4065.65,4059.26,4060.05
2026.06.28 23:20,4060.51,4060.71,4056.19,4057.67
2026.06.28 23:25,4057.64,4059.09,4055.40,4056.90
2026.06.28 23:30,4056.91,4057.55,4052.02,4056.22
2026.06.28 23:35,4056.24,4061.96,4056.06,4060.58
2026.06.28 23:40,4060.54,4062.59,4060.01,4062.59
2026.06.28 23:45,4062.58,4065.31,4061.57,4061.82
2026.06.28 23:50,4061.82,4066.18,4061.23,4064.45
2026.06.28 23:55,4064.48,4065.06,4062.62,4062.62
2026.06.29 00:00,4062.72,4064.77,4057.40,4062.31
2026.06.29 00:05,4062.13,4062.39,4053.70,4058.01
2026.06.29 00:10,4058.07,4060.62,4056.59,4058.81
2026.06.29 00:15,4058.76,4062.11,4057.38,4057.49
2026.06.29 00:20,4057.49,4058.15,4050.72,4052.45
2026.06.29 00:25,4052.64,4052.77,4048.27,4048.27
2026.06.29 00:30,4048.58,4055.29,4048.58,4054.02
2026.06.29 00:35,4054.02,4061.51,4053.57,4060.52
2026.06.29 00:40,4060.53,4069.94,4060.38,4069.46
2026.06.29 00:45,4069.17,4069.18,4063.04,4066.49
2026.06.29 00:50,4066.10,4069.47,4064.32,4069.47
2026.06.29 00:55,4068.97,4074.16,4068.04,4069.54
2026.06.29 01:00,4069.31,4069.91,4058.40,4064.55
2026.06.29 01:05,4064.58,4074.51,4060.11,4061.93
2026.06.29 01:10,4062.10,4064.56,4053.80,4054.77
2026.06.29 01:15,4054.78,4060.24,4054.68,4058.39
2026.06.29 01:20,4058.30,4063.24,4057.08,4061.02
2026.06.29 01:25,4061.00,4065.99,4059.15,4059.27
2026.06.29 01:30,4059.21,4060.62,4055.77,4059.75
2026.06.29 01:35,4059.79,4064.55,4058.81,4061.71
2026.06.29 01:40,4061.70,4066.59,4061.52,4063.53
2026.06.29 01:45,4063.52,4063.79,4054.96,4060.13
2026.06.29 01:50,4060.06,4061.83,4056.73,4061.83
2026.06.29 01:55,4061.83,4062.99,4059.53,4061.23
2026.06.29 02:00,4061.27,4070.39,4059.47,4065.97
2026.06.29 02:05,4065.99,4067.35,4059.85,4061.91
2026.06.29 02:10,4061.90,4066.63,4060.31,4060.98
2026.06.29 02:15,4060.98,4069.07,4060.41,4067.58
2026.06.29 02:20,4067.78,4069.97,4065.40,4067.78
2026.06.29 02:25,4067.84,4070.63,4067.13,4068.86
2026.06.29 02:30,4068.95,4071.61,4067.37,4068.78
2026.06.29 02:35,4068.61,4068.72,4059.92,4060.49
2026.06.29 02:40,4060.34,4063.03,4058.46,4060.38
2026.06.29 02:45,4060.58,4069.28,4058.99,4067.57
2026.06.29 02:50,4067.49,4069.38,4064.06,4067.42
2026.06.29 02:55,4067.42,4068.68,4065.26,4066.34
2026.06.29 03:00,4066.33,4067.26,4065.02,4065.93
2026.06.29 03:05,4065.97,4070.23,4065.34,4069.85
2026.06.29 03:10,4069.91,4070.94,4065.48,4069.06
2026.06.29 03:15,4069.06,4071.45,4067.43,4069.41
2026.06.29 03:20,4069.40,4075.57,4068.98,4073.62
2026.06.29 03:25,4073.53,4073.53,4071.00,4072.41
2026.06.29 03:30,4072.41,4073.23,4067.77,4068.58
2026.06.29 03:35,4069.67,4069.67,4065.76,4067.19
2026.06.29 03:40,4067.17,4071.76,4065.69,4067.85
2026.06.29 03:45,4067.94,4068.08,4066.31,4067.57
2026.06.29 03:50,4067.63,4071.87,4066.59,4070.07
2026.06.29 03:55,4070.02,4070.02,4067.70,4068.94
2026.06.29 04:00,4068.91,4068.96,4065.14,4067.36
2026.06.29 04:05,4067.36,4068.10,4065.27,4066.29
2026.06.29 04:10,4066.23,4066.82,4064.22,4065.55
2026.06.29 04:15,4065.57,4065.60,4062.16,4064.58
2026.06.29 04:20,4064.69,4064.79,4062.49,4063.80
2026.06.29 04:25,4063.80,4066.51,4063.65,4065.14
2026.06.29 04:30,4065.09,4065.44,4060.42,4061.14
2026.06.29 04:35,4061.17,4061.55,4054.91,4054.91
2026.06.29 04:40,4054.92,4057.66,4052.86,4057.10
2026.06.29 04:45,4057.10,4057.71,4055.57,4057.09
2026.06.29 04:50,4057.17,4057.56,4054.19,4054.20
2026.06.29 04:55,4054.17,4054.17,4049.64,4052.23
2026.06.29 05:00,4051.68,4054.61,4047.33,4054.50
2026.06.29 05:05,4054.41,4057.39,4050.86,4052.66
2026.06.29 05:10,4052.67,4056.08,4052.36,4055.94
2026.06.29 05:15,4055.92,4057.31,4053.74,4054.42
2026.06.29 05:20,4054.40,4056.67,4049.37,4050.64
2026.06.29 05:25,4050.64,4052.52,4048.02,4049.36
2026.06.29 05:30,4049.27,4050.18,4040.42,4045.39
2026.06.29 05:35,4045.39,4045.97,4039.39,4043.95
2026.06.29 05:40,4044.01,4051.38,4043.23,4050.42
2026.06.29 05:45,4050.44,4053.22,4049.13,4049.69
2026.06.29 05:50,4049.69,4055.14,4047.31,4053.34
2026.06.29 05:55,4053.25,4056.90,4052.31,4054.42
2026.06.29 06:00,4054.96,4060.20,4053.56,4058.78
2026.06.29 06:05,4058.75,4064.12,4057.62,4061.70
2026.06.29 06:10,4061.71,4062.49,4057.79,4059.77
2026.06.29 06:15,4059.76,4060.19,4057.39,4059.68
2026.06.29 06:20,4059.69,4060.16,4057.21,4058.21
2026.06.29 06:25,4058.61,4063.07,4056.12,4060.87
2026.06.29 06:30,4060.51,4060.97,4055.51,4057.02
2026.06.29 06:35,4057.11,4059.70,4055.10,4059.70
2026.06.29 06:40,4059.73,4061.93,4058.51,4061.24
2026.06.29 06:45,4061.24,4064.93,4059.93,4063.21
2026.06.29 06:50,4063.20,4064.38,4062.28,4063.34
2026.06.29 06:55,4063.19,4064.27,4061.74,4062.37
2026.06.29 07:00,4062.60,4062.60,4058.05,4060.81
2026.06.29 07:05,4060.53,4060.63,4058.03,4059.60
2026.06.29 07:10,4059.63,4061.14,4056.12,4059.18
2026.06.29 07:15,4059.14,4062.61,4058.21,4060.51
2026.06.29 07:20,4060.51,4063.02,4058.16,4062.66
2026.06.29 07:25,4062.63,4066.28,4060.91,4066.01
2026.06.29 07:30,4066.06,4066.26,4062.85,4063.10
2026.06.29 07:35,4063.11,4063.35,4061.66,4063.08
2026.06.29 07:40,4063.13,4064.97,4061.05,4062.64
2026.06.29 07:45,4062.69,4064.06,4060.81,4063.54
2026.06.29 07:50,4063.54,4068.45,4063.48,4064.50
2026.06.29 07:55,4064.46,4066.41,4061.47,4061.64
2026.06.29 08:00,4061.26,4064.41,4060.59,4062.72
2026.06.29 08:05,4062.65,4065.84,4062.25,4063.87
2026.06.29 08:10,4063.81,4064.62,4062.26,4063.92
2026.06.29 08:15,4063.86,4065.41,4062.04,4063.96
2026.06.29 08:20,4063.92,4064.29,4060.77,4062.60
2026.06.29 08:25,4062.61,4064.03,4060.60,4061.21
2026.06.29 08:30,4061.19,4066.62,4060.93,4063.73
2026.06.29 08:35,4063.74,4063.99,4060.63,4062.51
2026.06.29 08:40,4062.51,4062.65,4054.75,4055.74
2026.06.29 08:45,4055.74,4057.31,4054.25,4055.13
2026.06.29 08:50,4055.36,4055.57,4051.59,4051.60
2026.06.29 08:55,4051.56,4051.87,4043.69,4046.96
2026.06.29 09:00,4046.96,4050.39,4045.30,4049.60
2026.06.29 09:05,4049.60,4055.18,4049.19,4053.00
2026.06.29 09:10,4053.02,4053.85,4048.40,4050.09
2026.06.29 09:15,4049.93,4053.37,4048.97,4051.73
2026.06.29 09:20,4051.73,4051.75,4046.81,4048.09
2026.06.29 09:25,4048.05,4048.79,4045.23,4047.31
2026.06.29 09:30,4047.30,4050.59,4041.97,4045.57
2026.06.29 09:35,4045.37,4045.55,4041.48,4043.15
2026.06.29 09:40,4043.11,4044.10,4040.74,4043.54
2026.06.29 09:45,4043.62,4043.95,4037.57,4039.90
2026.06.29 09:50,4040.23,4040.23,4032.88,4034.36
2026.06.29 09:55,4034.37,4036.62,4025.21,4031.52
2026.06.29 10:00,4031.52,4033.28,4027.49,4029.72
2026.06.29 10:05,4029.72,4032.16,4029.21,4031.80
2026.06.29 10:10,4031.81,4039.54,4031.78,4038.42
2026.06.29 10:15,4038.38,4038.41,4032.70,4035.46
2026.06.29 10:20,4035.42,4037.88,4034.54,4037.36
2026.06.29 10:25,4037.36,4038.67,4036.54,4037.32
2026.06.29 10:30,4037.29,4038.34,4032.08,4033.50
2026.06.29 10:35,4033.57,4038.65,4031.89,4038.31
2026.06.29 10:40,4038.31,4038.58,4033.62,4034.58
2026.06.29 10:45,4034.24,4035.04,4032.63,4034.77
2026.06.29 10:50,4034.54,4038.21,4033.87,4037.83
2026.06.29 10:55,4037.82,4038.12,4035.34,4036.77
2026.06.29 11:00,4037.40,4038.52,4035.35,4036.26
2026.06.29 11:05,4036.27,4037.71,4035.23,4036.56
2026.06.29 11:10,4036.46,4036.61,4032.54,4034.44
2026.06.29 11:15,4034.29,4035.89,4033.21,4033.42
2026.06.29 11:20,4033.48,4034.69,4029.17,4029.17
2026.06.29 11:25,4029.17,4032.26,4027.43,4031.97
2026.06.29 11:30,4031.96,4038.20,4029.91,4035.54
2026.06.29 11:35,4035.49,4035.55,4031.93,4032.22
2026.06.29 11:40,4032.24,4036.67,4032.09,4035.27
2026.06.29 11:45,4035.20,4037.78,4034.84,4035.11
2026.06.29 11:50,4035.21,4038.42,4035.21,4037.88
2026.06.29 11:55,4037.86,4042.25,4037.06,4039.18
2026.06.29 12:00,4039.15,4047.81,4038.14,4045.55
2026.06.29 12:05,4045.58,4048.27,4043.88,4047.91
2026.06.29 12:10,4048.14,4052.35,4047.47,4047.65
2026.06.29 12:15,4047.67,4049.61,4043.56,4043.57
2026.06.29 12:20,4043.69,4045.90,4037.89,4039.79
2026.06.29 12:25,4039.79,4041.35,4037.71,4038.40
2026.06.29 12:30,4038.39,4044.08,4037.62,4043.23
2026.06.29 12:35,4043.31,4047.05,4043.17,4044.96
2026.06.29 12:40,4045.05,4046.50,4041.59,4044.84
2026.06.29 12:45,4044.81,4046.83,4042.43,4043.27
2026.06.29 12:50,4043.38,4047.74,4043.37,4044.39
2026.06.29 12:55,4044.40,4045.10,4042.43,4043.55
2026.06.29 13:00,4043.69,4051.64,4043.60,4050.58
2026.06.29 13:05,4050.67,4051.64,4045.93,4046.08
2026.06.29 13:10,4046.08,4049.72,4044.47,4047.18
2026.06.29 13:15,4047.04,4049.68,4046.08,4049.10
2026.06.29 13:20,4049.08,4049.22,4043.40,4043.65
2026.06.29 13:25,4043.65,4043.65,4038.42,4038.42
2026.06.29 13:30,4037.93,4044.52,4036.80,4043.46
2026.06.29 13:35,4043.25,4044.00,4033.99,4036.10
2026.06.29 13:40,4036.08,4041.90,4035.45,4038.50
2026.06.29 13:45,4038.27,4040.48,4033.23,4035.13
2026.06.29 13:50,4035.00,4036.18,4030.20,4031.85
2026.06.29 13:55,4031.85,4033.33,4028.27,4032.16
2026.06.29 14:00,4032.78,4035.24,4022.76,4027.05
2026.06.29 14:05,4027.03,4028.08,4015.20,4015.50
2026.06.29 14:10,4015.70,4017.66,4008.53,4008.84
2026.06.29 14:15,4008.50,4018.45,4000.73,4017.68
2026.06.29 14:20,4017.70,4020.46,4015.41,4020.46
2026.06.29 14:25,4020.47,4028.31,4020.00,4024.89
2026.06.29 14:30,4024.89,4028.14,4023.67,4026.46
2026.06.29 14:35,4026.43,4027.93,4021.58,4023.58
2026.06.29 14:40,4023.58,4024.40,4020.12,4020.98
2026.06.29 14:45,4021.45,4023.51,4018.00,4019.68
2026.06.29 14:50,4019.47,4026.96,4019.09,4026.26
2026.06.29 14:55,4026.14,4030.34,4023.99,4025.60
2026.06.29 15:00,4026.00,4026.32,4021.16,4021.27
2026.06.29 15:05,4021.27,4024.84,4020.87,4023.08
2026.06.29 15:10,4023.10,4024.42,4019.28,4021.86
2026.06.29 15:15,4021.87,4027.57,4021.27,4022.14
2026.06.29 15:20,4022.13,4022.59,4016.73,4018.10
2026.06.29 15:25,4018.13,4024.59,4017.82,4024.31
2026.06.29 15:30,4024.42,4026.51,4023.08,4023.27
2026.06.29 15:35,4023.19,4024.72,4017.64,4022.81
2026.06.29 15:40,4022.83,4023.39,4021.41,4022.69
2026.06.29 15:45,4022.70,4027.68,4022.16,4026.27
2026.06.29 15:50,4026.82,4029.56,4025.60,4028.05
2026.06.29 15:55,4028.25,4030.32,4026.66,4026.95
2026.06.29 16:00,4026.94,4028.65,4025.38,4026.33
2026.06.29 16:05,4026.32,4027.67,4024.40,4027.39
2026.06.29 16:10,4027.45,4027.83,4023.58,4023.67
2026.06.29 16:15,4023.67,4025.73,4021.90,4025.44
2026.06.29 16:20,4025.58,4026.52,4024.82,4025.68
2026.06.29 16:25,4025.71,4025.75,4023.51,4023.66
2026.06.29 16:30,4023.68,4024.34,4018.74,4019.42
2026.06.29 16:35,4019.49,4021.71,4019.36,4021.17
2026.06.29 16:40,4021.02,4022.31,4019.47,4021.31
2026.06.29 16:45,4021.40,4026.29,4020.68,4026.09
2026.06.29 16:50,4026.09,4027.96,4025.55,4025.97
2026.06.29 16:55,4025.92,4026.66,4023.82,4023.89
2026.06.29 17:00,4023.93,4025.87,4023.30,4025.22
2026.06.29 17:05,4025.24,4031.68,4025.23,4030.45
2026.06.29 17:10,4030.42,4032.03,4027.84,4029.03
2026.06.29 17:15,4028.97,4030.76,4028.31,4030.44
2026.06.29 17:20,4030.23,4030.40,4026.39,4026.84
2026.06.29 17:25,4026.85,4027.06,4022.47,4023.93
2026.06.29 17:30,4023.90,4024.10,4020.81,4023.66
2026.06.29 17:35,4023.66,4024.41,4022.46,4024.02
2026.06.29 17:40,4023.80,4024.49,4021.85,4021.96
2026.06.29 17:45,4022.04,4022.56,4020.72,4021.33
2026.06.29 17:50,4021.36,4022.53,4019.66,4021.28
2026.06.29 17:55,4021.30,4022.11,4019.38,4020.99
2026.06.29 18:00,4021.01,4024.02,4020.43,4023.67
2026.06.29 18:05,4023.65,4023.65,4021.74,4022.48
2026.06.29 18:10,4022.48,4024.32,4022.48,4024.01
2026.06.29 18:15,4024.03,4025.21,4022.71,4024.46
2026.06.29 18:20,4024.49,4025.17,4023.54,4024.31
2026.06.29 18:25,4024.29,4024.29,4020.33,4021.04
2026.06.29 18:30,4020.97,4021.54,4019.95,4020.47
2026.06.29 18:35,4020.53,4020.99,4019.80,4020.72
2026.06.29 18:40,4020.82,4021.30,4019.49,4020.78
2026.06.29 18:45,4020.82,4020.98,4015.80,4015.90
2026.06.29 18:50,4016.12,4017.95,4015.80,4017.58
2026.06.29 18:55,4017.55,4017.55,4011.98,4013.37
2026.06.29 19:00,4013.36,4014.61,4009.81,4009.81
2026.06.29 19:05,4009.79,4011.87,4009.77,4011.72
2026.06.29 19:10,4011.64,4012.08,4008.10,4008.22
2026.06.29 19:15,4007.86,4009.11,4005.23,4009.02
2026.06.29 19:20,4008.96,4012.62,4008.77,4011.71
2026.06.29 19:25,4011.61,4017.15,4011.57,4017.14
2026.06.29 19:30,4017.09,4019.49,4016.80,4017.46
2026.06.29 19:35,4017.47,4018.90,4016.77,4017.30
2026.06.29 19:40,4017.34,4018.13,4016.41,4017.88
2026.06.29 19:45,4017.89,4018.41,4014.60,4014.85
2026.06.29 19:50,4014.98,4015.27,4013.00,4013.85
2026.06.29 19:55,4013.87,4017.08,4012.62,4015.85
2026.06.29 20:00,4015.02,4015.77,4014.20,4015.18
2026.06.29 20:05,4015.27,4015.61,4012.71,4014.08
2026.06.29 20:10,4014.33,4014.71,4013.57,4014.34
2026.06.29 20:15,4014.37,4016.82,4014.34,4016.81
2026.06.29 20:20,4016.82,4016.87,4016.05,4016.55
2026.06.29 20:25,4016.55,4017.95,4016.08,4017.73
2026.06.29 20:30,4017.77,4017.77,4016.13,4016.92
2026.06.29 20:35,4016.96,4017.09,4014.64,4014.85
2026.06.29 20:40,4014.85,4015.76,4014.51,4015.72
2026.06.29 20:45,4015.67,4015.89,4014.63,4014.68
2026.06.29 20:50,4014.81,4017.25,4014.76,4016.87
2026.06.29 20:55,4016.82,4017.22,4015.92,4016.17
2026.06.29 22:00,4023.06,4023.48,4017.33,4018.59
2026.06.29 22:05,4018.62,4021.46,4017.02,4020.96
2026.06.29 22:10,4020.96,4022.07,4017.90,4018.50
2026.06.29 22:15,4018.52,4020.14,4017.80,4019.98
2026.06.29 22:20,4020.28,4020.53,4017.34,4017.50
2026.06.29 22:25,4017.50,4017.55,4015.36,4015.99
2026.06.29 22:30,4015.72,4015.78,4013.42,4013.73
2026.06.29 22:35,4013.73,4014.37,4012.51,4012.75
2026.06.29 22:40,4012.71,4014.79,4010.49,4010.49
2026.06.29 22:45,4010.46,4014.19,4009.71,4014.08
2026.06.29 22:50,4014.23,4016.69,4013.26,4015.49
2026.06.29 22:55,4015.60,4016.87,4012.86,4014.15
2026.06.29 23:00,4014.68,4018.42,4014.25,4017.86
2026.06.29 23:05,4017.85,4021.34,4017.77,4019.32
2026.06.29 23:10,4019.38,4021.41,4019.38,4020.80
2026.06.29 23:15,4020.81,4022.38,4020.52,4021.12
2026.06.29 23:20,4021.14,4021.45,4018.22,4018.46
2026.06.29 23:25,4018.45,4018.53,4015.97,4016.71
2026.06.29 23:30,4016.69,4021.81,4015.51,4019.27
2026.06.29 23:35,4019.15,4019.59,4018.10,4018.64
2026.06.29 23:40,4018.68,4018.68,4014.58,4015.15
2026.06.29 23:45,4015.15,4016.98,4013.54,4016.67
2026.06.29 23:50,4016.70,4018.01,4014.76,4015.52
2026.06.29 23:55,4015.52,4015.62,4013.90,4014.86
2026.06.30 00:00,4014.25,4015.13,4007.49,4008.50
2026.06.30 00:05,4008.42,4008.42,4003.37,4004.43
2026.06.30 00:10,4004.42,4013.78,4004.42,4010.41
2026.06.30 00:15,4010.27,4011.20,4004.63,4005.55
2026.06.30 00:20,4005.66,4009.15,4005.64,4008.07
2026.06.30 00:25,4008.05,4008.45,4004.05,4006.19
2026.06.30 00:30,4006.25,4006.67,4000.82,4001.85
2026.06.30 00:35,4001.83,4002.42,3995.43,3995.77
2026.06.30 00:40,3995.80,3997.84,3991.00,3991.91
2026.06.30 00:45,3991.83,3993.95,3990.85,3992.65
2026.06.30 00:50,3992.63,3993.91,3990.71,3991.82
2026.06.30 00:55,3991.71,3992.05,3980.14,3987.28
2026.06.30 01:00,3987.13,3987.13,3975.61,3979.72
2026.06.30 01:05,3979.80,3980.02,3942.00,3963.74
2026.06.30 01:10,3963.51,3969.22,3954.61,3957.93
2026.06.30 01:15,3957.93,3971.34,3950.19,3970.15
2026.06.30 01:20,3970.58,3975.53,3966.61,3970.34
2026.06.30 01:25,3970.36,3980.68,3968.29,3978.99
2026.06.30 01:30,3978.98,3979.44,3974.83,3976.21
2026.06.30 01:35,3976.11,3977.30,3970.19,3971.06
2026.06.30 01:40,3971.10,3972.51,3965.99,3968.86
2026.06.30 01:45,3968.89,3973.35,3961.51,3962.44
2026.06.30 01:50,3962.71,3966.50,3961.36,3964.06
2026.06.30 01:55,3964.23,3970.03,3962.61,3969.32
2026.06.30 02:00,3969.34,3973.11,3966.70,3969.86
2026.06.30 02:05,3969.96,3970.98,3958.99,3959.25
2026.06.30 02:10,3959.04,3960.05,3952.39,3957.46
2026.06.30 02:15,3957.41,3961.86,3956.05,3960.60
2026.06.30 02:20,3960.53,3963.98,3956.05,3963.61
2026.06.30 02:25,3963.32,3965.26,3960.39,3961.84
2026.06.30 02:30,3961.44,3962.88,3956.40,3958.28
2026.06.30 02:35,3958.31,3962.85,3954.26,3962.50
2026.06.30 02:40,3962.50,3964.07,3957.17,3959.62
2026.06.30 02:45,3959.88,3964.61,3959.23,3963.94
2026.06.30 02:50,3964.03,3970.45,3963.50,3966.39
2026.06.30 02:55,3966.33,3967.12,3959.72,3962.74
2026.06.30 03:00,3962.87,3969.56,3962.55,3967.92
2026.06.30 03:05,3967.90,3969.01,3965.39,3967.48
2026.06.30 03:10,3967.36,3969.53,3965.98,3966.32
2026.06.30 03:15,3966.33,3970.95,3966.07,3969.91
2026.06.30 03:20,3970.07,3970.81,3965.11,3966.05
2026.06.30 03:25,3965.93,3967.48,3963.12,3965.63
2026.06.30 03:30,3965.67,3966.87,3960.21,3961.11
2026.06.30 03:35,3961.21,3965.62,3960.89,3964.58
2026.06.30 03:40,3964.61,3965.17,3962.42,3963.25
2026.06.30 03:45,3963.21,3968.29,3963.12,3968.14
2026.06.30 03:50,3968.14,3969.96,3967.02,3967.17
2026.06.30 03:55,3967.05,3971.01,3966.19,3969.77
2026.06.30 04:00,3969.76,3974.98,3969.29,3971.72
2026.06.30 04:05,3971.72,3971.72,3968.17,3969.13
2026.06.30 04:10,3969.12,3973.21,3968.48,3972.54
2026.06.30 04:15,3972.14,3975.02,3972.00,3974.35
2026.06.30 04:20,3974.52,3977.51,3974.50,3977.11
2026.06.30 04:25,3977.34,3983.44,3977.34,3982.62
2026.06.30 04:30,3982.43,3996.45,3982.43,3996.22
2026.06.30 04:35,3996.23,3998.02,3992.48,3992.81
2026.06.30 04:40,3992.79,3992.84,3987.23,3988.49
2026.06.30 04:45,3988.49,3989.75,3983.67,3989.27
2026.06.30 04:50,3989.26,3991.31,3988.06,3988.28
2026.06.30 04:55,3988.24,3988.63,3985.35,3985.50
2026.06.30 05:00,3985.51,3988.59,3984.12,3988.10
2026.06.30 05:05,3988.07,3990.75,3986.02,3987.40
2026.06.30 05:10,3987.54,3988.18,3983.93,3984.80
2026.06.30 05:15,3984.78,3985.57,3980.81,3980.81
2026.06.30 05:20,3981.20,3985.76,3979.67,3985.68
2026.06.30 05:25,3985.49,3987.59,3979.64,3982.80
2026.06.30 05:30,3982.60,3982.60,3976.15,3977.21
2026.06.30 05:35,3977.22,3982.37,3975.25,3981.64
2026.06.30 05:40,3981.79,3984.96,3979.39,3979.43
2026.06.30 05:45,3979.40,3981.76,3978.18,3979.94
2026.06.30 05:50,3979.97,3981.51,3976.32,3980.91
2026.06.30 05:55,3980.67,3981.17,3977.23,3977.96
2026.06.30 06:00,3977.97,3986.28,3977.97,3984.59
2026.06.30 06:05,3984.59,3989.45,3984.22,3987.20
2026.06.30 06:10,3987.31,3988.06,3985.29,3987.73
2026.06.30 06:15,3987.85,3988.48,3984.06,3986.92
2026.06.30 06:20,3986.72,4003.09,3985.88,4000.10
2026.06.30 06:25,4000.08,4013.32,3997.41,4012.02
2026.06.30 06:30,4011.88,4031.18,4011.16,4030.26
2026.06.30 06:35,4030.66,4033.91,4021.76,4022.19
2026.06.30 06:40,4022.20,4028.42,4021.77,4024.80
2026.06.30 06:45,4023.83,4032.99,4023.83,4032.19
2026.06.30 06:50,4032.20,4032.20,4026.80,4027.56
2026.06.30 06:55,4027.63,4031.85,4026.76,4029.78
2026.06.30 07:00,4029.84,4030.01,4024.84,4027.15
2026.06.30 07:05,4027.14,4030.06,4024.56,4027.95
2026.06.30 07:10,4027.96,4027.96,4023.86,4025.75
2026.06.30 07:15,4025.77,4030.55,4025.37,4029.27
2026.06.30 07:20,4029.22,4032.34,4027.14,4030.94
2026.06.30 07:25,4030.79,4034.72,4028.49,4028.55
2026.06.30 07:30,4028.56,4031.88,4026.24,4031.41
2026.06.30 07:35,4031.42,4031.80,4027.31,4030.24
2026.06.30 07:40,4030.23,4030.45,4027.69,4028.80
2026.06.30 07:45,4028.47,4030.82,4026.93,4028.50
2026.06.30 07:50,4028.49,4030.45,4025.58,4030.03
2026.06.30 07:55,4030.26,4033.06,4029.49,4032.24
2026.06.30 08:00,4032.28,4036.33,4031.80,4035.76
2026.06.30 08:05,4035.56,4037.59,4026.22,4027.48
2026.06.30 08:10,4027.50,4027.89,4021.96,4024.24
2026.06.30 08:15,4024.21,4024.57,4020.62,4021.92
2026.06.30 08:20,4021.96,4025.61,4020.24,4021.07
2026.06.30 08:25,4021.01,4026.20,4020.82,4025.94
2026.06.30 08:30,4025.93,4026.77,4023.08,4023.29
2026.06.30 08:35,4023.33,4023.36,4018.53,4019.33
2026.06.30 08:40,4019.39,4019.40,4015.52,4017.90
2026.06.30 08:45,4018.01,4019.54,4016.63,4018.40
2026.06.30 08:50,4018.49,4019.46,4013.68,4016.54
2026.06.30 08:55,4016.70,4017.25,4014.32,4015.57
2026.06.30 09:00,4015.24,4019.18,4014.71,4019.18
2026.06.30 09:05,4019.15,4021.67,4018.83,4018.83
2026.06.30 09:10,4018.85,4019.73,4016.99,4018.38
2026.06.30 09:15,4018.38,4019.22,4017.30,4018.26
2026.06.30 09:20,4018.44,4022.83,4018.16,4019.06
2026.06.30 09:25,4018.92,4020.37,4016.23,4017.36
2026.06.30 09:30,4017.39,4018.70,4012.89,4013.44
2026.06.30 09:35,4013.44,4016.91,4012.41,4015.96
2026.06.30 09:40,4015.92,4018.48,4015.69,4018.48
2026.06.30 09:45,4018.61,4020.49,4018.51,4018.90
2026.06.30 09:50,4018.78,4023.12,4018.23,4021.96
2026.06.30 09:55,4021.75,4023.86,4020.36,4023.86
2026.06.30 10:00,4024.07,4026.26,4023.33,4024.81
2026.06.30 10:05,4024.81,4026.56,4021.96,4024.50
2026.06.30 10:10,4024.49,4025.81,4021.51,4025.76
2026.06.30 10:15,4025.79,4027.24,4023.95,4024.01
2026.06.30 10:20,4024.02,4026.13,4023.89,4025.87
2026.06.30 10:25,4026.08,4028.66,4025.24,4028.47
2026.06.30 10:30,4028.45,4028.48,4025.27,4026.69
2026.06.30 10:35,4026.62,4028.82,4026.18,4027.89
2026.06.30 10:40,4027.86,4029.91,4027.13,4028.05
2026.06.30 10:45,4028.21,4029.93,4026.25,4028.34
2026.06.30 10:50,4028.46,4029.61,4028.03,4028.91
2026.06.30 10:55,4029.01,4031.30,4028.79,4029.86
2026.06.30 11:00,4029.88,4030.20,4025.43,4028.56
2026.06.30 11:05,4028.70,4031.96,4028.66,4031.14
2026.06.30 11:10,4031.14,4033.59,4030.68,4033.49
2026.06.30 11:15,4033.54,4034.16,4030.41,4030.51
2026.06.30 11:20,4030.53,4033.60,4030.33,4031.06
2026.06.30 11:25,4031.06,4034.06,4029.89,4031.73
2026.06.30 11:30,4031.86,4033.34,4029.48,4030.73
2026.06.30 11:35,4030.76,4031.79,4028.60,4031.76
2026.06.30 11:40,4031.75,4035.07,4030.25,4034.54
2026.06.30 11:45,4034.54,4037.28,4031.67,4032.77
2026.06.30 11:50,4032.80,4032.99,4030.25,4031.75
2026.06.30 11:55,4031.83,4034.51,4031.03,4033.87
2026.06.30 12:00,4034.02,4034.38,4030.31,4031.79
2026.06.30 12:05,4031.81,4032.04,4028.30,4028.30
2026.06.30 12:10,4028.34,4028.70,4026.03,4026.61
2026.06.30 12:15,4026.51,4028.60,4024.78,4026.33
2026.06.30 12:20,4026.08,4026.49,4017.62,4018.03
2026.06.30 12:25,4017.75,4018.44,4014.87,4016.83
2026.06.30 12:30,4016.78,4021.80,4014.93,4016.50
2026.06.30 12:35,4016.51,4018.22,4012.69,4017.99
2026.06.30 12:40,4018.01,4019.67,4015.78,4018.72
2026.06.30 12:45,4018.16,4018.39,4013.80,4015.14
2026.06.30 12:50,4014.82,4016.15,4012.75,4014.38
2026.06.30 12:55,4014.26,4014.65,4008.71,4009.89
2026.06.30 13:00,4009.53,4018.13,4009.48,4016.32
2026.06.30 13:05,4016.35,4024.24,4015.13,4023.43
2026.06.30 13:10,4023.18,4025.83,4022.21,4023.50
2026.06.30 13:15,4023.49,4030.24,4022.02,4029.79
2026.06.30 13:20,4029.72,4033.30,4019.07,4019.50
2026.06.30 13:25,4019.53,4023.70,4019.48,4023.63
2026.06.30 13:30,4024.00,4027.39,4019.45,4021.51
2026.06.30 13:35,4022.05,4023.12,4013.22,4013.66
2026.06.30 13:40,4013.60,4026.42,4013.60,4025.12
2026.06.30 13:45,4024.94,4027.82,4022.04,4023.82
2026.06.30 13:50,4024.16,4032.53,4023.63,4028.83
2026.06.30 13:55,4028.89,4032.34,4026.96,4029.64
2026.06.30 14:00,4030.04,4031.58,4024.88,4026.29
2026.06.30 14:05,4026.28,4044.84,4025.44,4043.09
2026.06.30 14:10,4043.25,4048.53,4037.02,4043.57
2026.06.30 14:15,4043.37,4049.38,4043.07,4049.26
2026.06.30 14:20,4048.99,4063.35,4047.79,4062.62
2026.06.30 14:25,4062.65,4062.65,4054.01,4054.25
2026.06.30 14:30,4054.39,4058.64,4051.72,4052.12
2026.06.30 14:35,4052.05,4053.87,4044.89,4049.37
2026.06.30 14:40,4049.67,4053.47,4048.16,4051.05
2026.06.30 14:45,4051.03,4051.03,4043.77,4044.03
2026.06.30 14:50,4044.02,4047.52,4042.31,4043.68
2026.06.30 14:55,4043.77,4044.66,4037.37,4037.39
2026.06.30 15:00,4037.36,4039.26,4033.93,4034.82
2026.06.30 15:05,4034.83,4038.18,4032.40,4035.18
2026.06.30 15:10,4035.17,4037.08,4032.38,4036.01
2026.06.30 15:15,4035.65,4035.89,4026.07,4027.04
2026.06.30 15:20,4026.94,4028.87,4022.18,4027.58
2026.06.30 15:25,4027.48,4030.61,4026.83,4028.13
2026.06.30 15:30,4028.52,4031.22,4027.29,4029.76
2026.06.30 15:35,4029.83,4031.33,4027.44,4031.03
2026.06.30 15:40,4031.00,4031.00,4026.90,4029.48
2026.06.30 15:45,4029.46,4034.56,4029.46,4033.56
2026.06.30 15:50,4033.55,4034.07,4031.24,4033.98
2026.06.30 15:55,4033.98,4034.50,4028.93,4029.33
2026.06.30 16:00,4029.30,4030.30,4026.41,4027.14
2026.06.30 16:05,4027.45,4028.97,4025.91,4026.81
2026.06.30 16:10,4026.80,4030.21,4026.51,4029.89
2026.06.30 16:15,4029.90,4030.99,4027.83,4030.11
2026.06.30 16:20,4030.19,4031.45,4028.83,4029.10
2026.06.30 16:25,4029.09,4030.53,4028.46,4029.61
2026.06.30 16:30,4029.47,4031.12,4028.79,4030.65
2026.06.30 16:35,4030.47,4030.86,4027.35,4030.12
2026.06.30 16:40,4030.12,4032.17,4028.33,4031.42
2026.06.30 16:45,4031.41,4033.88,4031.08,4031.53
2026.06.30 16:50,4031.53,4031.69,4030.21,4031.49
2026.06.30 16:55,4031.47,4031.49,4025.97,4026.11
2026.06.30 17:00,4026.12,4027.85,4024.54,4026.69
2026.06.30 17:05,4026.68,4026.73,4021.19,4022.36
2026.06.30 17:10,4022.38,4023.40,4020.75,4023.15
2026.06.30 17:15,4023.18,4028.03,4023.09,4026.50
2026.06.30 17:20,4026.29,4026.77,4023.01,4023.64
2026.06.30 17:25,4023.64,4026.11,4021.62,4025.34
2026.06.30 17:30,4025.44,4028.38,4025.44,4027.44
2026.06.30 17:35,4027.44,4028.44,4025.69,4026.85
2026.06.30 17:40,4026.78,4029.77,4026.22,4029.44
2026.06.30 17:45,4029.35,4030.94,4029.13,4029.62
2026.06.30 17:50,4029.65,4032.17,4029.62,4031.20
2026.06.30 17:55,4031.13,4031.58,4029.92,4030.77
2026.06.30 18:00,4030.79,4032.31,4030.79,4032.22
2026.06.30 18:05,4032.29,4033.77,4031.58,4032.80
2026.06.30 18:10,4032.76,4033.52,4032.23,4032.37
2026.06.30 18:15,4032.40,4032.56,4030.55,4032.16
2026.06.30 18:20,4032.16,4032.91,4031.00,4031.70
2026.06.30 18:25,4031.70,4032.35,4030.40,4031.38
2026.06.30 18:30,4031.51,4031.56,4029.27,4030.03
2026.06.30 18:35,4030.03,4031.38,4029.63,4029.74
2026.06.30 18:40,4029.76,4031.10,4028.17,4030.84
2026.06.30 18:45,4030.86,4031.76,4029.01,4031.58
2026.06.30 18:50,4031.59,4032.47,4030.59,4031.91
2026.06.30 18:55,4031.91,4031.92,4028.41,4028.51
2026.06.30 19:00,4028.51,4029.42,4026.68,4026.69
2026.06.30 19:05,4026.68,4027.44,4024.39,4025.11
2026.06.30 19:10,4025.11,4026.55,4023.53,4024.03
2026.06.30 19:15,4024.06,4025.06,4023.39,4023.80
2026.06.30 19:20,4023.80,4024.18,4021.88,4021.94
2026.06.30 19:25,4021.94,4022.39,4021.14,4021.14
2026.06.30 19:30,4021.17,4023.12,4020.79,4022.13
2026.06.30 19:35,4022.14,4022.50,4020.96,4022.10
2026.06.30 19:40,4021.80,4022.80,4021.39,4022.09
2026.06.30 19:45,4021.99,4022.62,4020.33,4020.57
2026.06.30 19:50,4020.64,4020.86,4015.83,4016.11
2026.06.30 19:55,4016.37,4018.44,4014.77,4015.86
2026.06.30 20:00,4015.38,4018.97,4013.92,4018.00
2026.06.30 20:05,4018.02,4019.94,4017.56,4019.51
2026.06.30 20:10,4019.51,4020.68,4019.17,4019.90
2026.06.30 20:15,4019.90,4020.95,4017.71,4017.79
2026.06.30 20:20,4017.79,4017.93,4015.50,4015.50
2026.06.30 20:25,4015.50,4015.50,4012.42,4012.95
2026.06.30 20:30,4012.96,4013.68,4011.41,4011.77
2026.06.30 20:35,4011.67,4011.67,4010.29,4010.67
2026.06.30 20:40,4010.66,4011.66,4010.51,4011.21
2026.06.30 20:45,4011.11,4011.49,4010.21,4010.93
2026.06.30 20:50,4010.96,4011.70,4010.26,4010.76
2026.06.30 20:55,4010.71,4010.76,4006.56,4007.88
2026.06.30 22:00,4016.84,4018.53,4010.91,4014.09
2026.06.30 22:05,4014.10,4017.22,4014.06,4017.22
2026.06.30 22:10,4017.43,4017.62,4013.87,4014.69
2026.06.30 22:15,4014.93,4016.60,4012.70,4014.68
2026.06.30 22:20,4014.68,4014.74,4012.17,4013.21
2026.06.30 22:25,4013.22,4015.00,4012.53,4013.87
2026.06.30 22:30,4013.74,4015.57,4013.22,4015.24
2026.06.30 22:35,4015.24,4016.60,4014.96,4016.39
2026.06.30 22:40,4016.40,4017.88,4014.20,4014.20
2026.06.30 22:45,4014.09,4016.18,4012.59,4013.23
2026.06.30 22:50,4013.23,4013.28,4011.13,4011.70
2026.06.30 22:55,4011.76,4013.10,4011.76,4013.10
2026.06.30 23:00,4013.10,4013.53,4011.01,4012.74
2026.06.30 23:05,4012.58,4018.23,4012.47,4017.38
2026.06.30 23:10,4017.41,4017.86,4013.88,4014.08
2026.06.30 23:15,4014.09,4015.16,4012.25,4012.25
2026.06.30 23:20,4012.26,4012.28,4008.56,4010.08
2026.06.30 23:25,4010.08,4011.52,4008.17,4011.12
2026.06.30 23:30,4011.00,4012.50,4009.50,4011.57
2026.06.30 23:35,4011.57,4011.59,4008.78,4010.31
2026.06.30 23:40,4010.29,4010.42,4008.99,4009.24
2026.06.30 23:45,4009.21,4010.04,4006.76,4007.31
2026.06.30 23:50,4007.40,4008.62,4006.10,4007.29
2026.06.30 23:55,4007.30,4007.30,4005.32,4005.75
2026.07.01 00:00,4005.72,4008.12,4005.52,4006.86
2026.07.01 00:05,4006.86,4007.80,4005.70,4007.42
2026.07.01 00:10,4007.43,4009.71,4007.00,4008.38
2026.07.01 00:15,4008.37,4009.05,4001.65,4002.31
2026.07.01 00:20,4002.49,4006.56,4001.47,4005.18
2026.07.01 00:25,4005.56,4006.20,4001.43,4001.75
2026.07.01 00:30,4001.88,4005.62,4000.76,4003.13
2026.07.01 00:35,4003.16,4004.65,4000.85,4000.94
2026.07.01 00:40,4000.95,4001.20,3996.16,3996.38
2026.07.01 00:45,3996.37,3997.31,3995.17,3995.68
2026.07.01 00:50,3995.71,3998.28,3993.26,3993.98
2026.07.01 00:55,3993.89,3999.39,3993.79,3996.67
2026.07.01 01:00,3996.74,3999.64,3990.39,3990.40
2026.07.01 01:05,3990.40,3990.47,3982.99,3985.21
2026.07.01 01:10,3985.04,3985.32,3979.13,3984.32
2026.07.01 01:15,3984.46,3984.47,3975.55,3981.40
2026.07.01 01:20,3981.33,3985.77,3980.83,3983.28
2026.07.01 01:25,3983.28,3985.88,3981.64,3985.48
2026.07.01 01:30,3985.63,3988.42,3976.50,3979.43
2026.07.01 01:35,3979.56,3980.78,3975.63,3975.63
2026.07.01 01:40,3975.58,3979.90,3975.27,3978.69
2026.07.01 01:45,3978.88,3981.85,3974.37,3978.90
2026.07.01 01:50,3978.78,3980.10,3973.92,3976.16
2026.07.01 01:55,3976.12,3978.95,3975.43,3977.76
2026.07.01 02:00,3977.74,3979.69,3974.54,3974.71
2026.07.01 02:05,3974.32,3974.85,3970.14,3972.38
2026.07.01 02:10,3972.49,3976.98,3971.79,3976.50
2026.07.01 02:15,3976.44,3980.45,3975.76,3980.45
2026.07.01 02:20,3980.46,3981.78,3979.41,3981.40
2026.07.01 02:25,3981.47,3982.13,3979.99,3980.87
2026.07.01 02:30,3980.86,3984.73,3978.91,3981.71
2026.07.01 02:35,3981.72,3985.94,3981.72,3983.85
2026.07.01 02:40,3983.84,3984.24,3980.91,3982.83
2026.07.01 02:45,3983.03,3985.22,3981.87,3981.95
2026.07.01 02:50,3982.18,3985.06,3979.85,3980.17
2026.07.01 02:55,3980.18,3981.22,3978.41,3979.00
2026.07.01 03:00,3979.10,3982.61,3978.81,3981.73
2026.07.01 03:05,3981.71,3984.94,3980.79,3984.93
2026.07.01 03:10,3984.93,3985.48,3983.25,3983.40
2026.07.01 03:15,3983.38,3986.83,3983.31,3983.70
2026.07.01 03:20,3983.71,3983.81,3980.74,3982.63
2026.07.01 03:25,3982.62,3983.00,3980.17,3981.37
2026.07.01 03:30,3981.36,3981.53,3976.68,3976.94
2026.07.01 03:35,3976.94,3981.24,3976.93,3981.23
2026.07.01 03:40,3981.15,3982.14,3977.45,3977.45
2026.07.01 03:45,3977.42,3979.37,3976.77,3977.58
2026.07.01 03:50,3977.61,3978.68,3977.02,3977.70
2026.07.01 03:55,3977.66,3980.51,3977.46,3980.46
2026.07.01 04:00,3980.46,3980.95,3975.02,3975.83
2026.07.01 04:05,3975.81,3977.45,3975.31,3975.45
2026.07.01 04:10,3975.47,3976.64,3974.05,3976.21
2026.07.01 04:15,3976.08,3976.74,3974.32,3976.06
2026.07.01 04:20,3976.05,3977.04,3975.03,3976.64
2026.07.01 04:25,3976.62,3978.02,3976.17,3977.52
2026.07.01 04:30,3977.39,3980.62,3977.39,3977.70
2026.07.01 04:35,3977.69,3978.20,3973.79,3974.35
2026.07.01 04:40,3974.34,3974.82,3972.29,3974.50
2026.07.01 04:45,3974.41,3980.32,3974.32,3979.69
2026.07.01 04:50,3979.71,3981.34,3979.04,3980.61
2026.07.01 04:55,3980.60,3982.70,3976.58,3976.58
2026.07.01 05:00,3976.54,3977.03,3971.85,3973.34
2026.07.01 05:05,3973.23,3974.75,3972.43,3973.29
2026.07.01 05:10,3973.29,3973.29,3969.85,3971.88
2026.07.01 05:15,3971.87,3972.34,3970.03,3971.90
2026.07.01 05:20,3971.94,3975.07,3971.82,3974.55
2026.07.01 05:25,3974.54,3974.62,3972.49,3972.61
2026.07.01 05:30,3972.67,3978.67,3970.39,3976.99
2026.07.01 05:35,3976.99,3977.92,3973.26,3975.40
2026.07.01 05:40,3975.39,3975.39,3971.84,3974.57
2026.07.01 05:45,3974.55,3976.50,3973.48,3975.05
2026.07.01 05:50,3975.08,3977.26,3973.64,3974.56
2026.07.01 05:55,3974.57,3978.80,3973.75,3973.91
2026.07.01 06:00,3973.78,3977.41,3972.99,3974.77
2026.07.01 06:05,3974.77,3975.78,3964.57,3966.83
2026.07.01 06:10,3966.83,3968.78,3963.61,3965.14
2026.07.01 06:15,3965.15,3966.65,3963.13,3966.38
2026.07.01 06:20,3966.39,3969.63,3965.97,3969.14
2026.07.01 06:25,3969.09,3969.56,3967.10,3967.27
2026.07.01 06:30,3967.49,3968.52,3963.33,3964.88
2026.07.01 06:35,3964.90,3967.86,3964.06,3967.48
2026.07.01 06:40,3967.46,3973.47,3967.14,3971.72
2026.07.01 06:45,3971.72,3972.54,3969.10,3969.94
2026.07.01 06:50,3969.94,3973.47,3969.06,3973.10
2026.07.01 06:55,3972.96,3973.03,3970.66,3971.80
2026.07.01 07:00,3971.67,3973.73,3965.51,3966.44
2026.07.01 07:05,3966.46,3966.48,3960.38,3964.14
2026.07.01 07:10,3964.13,3964.52,3960.76,3961.51
2026.07.01 07:15,3961.38,3970.74,3960.17,3970.12
2026.07.01 07:20,3969.78,3971.79,3967.36,3967.78
2026.07.01 07:25,3967.77,3970.67,3964.04,3964.26
2026.07.01 07:30,3964.26,3964.88,3960.61,3962.93
2026.07.01 07:35,3963.03,3969.47,3963.03,3968.83
2026.07.01 07:40,3968.84,3971.09,3968.31,3970.97
2026.07.01 07:45,3970.96,3972.63,3968.99,3970.72
2026.07.01 07:50,3970.72,3974.63,3970.62,3971.17
2026.07.01 07:55,3971.15,3978.24,3970.93,3975.93
2026.07.01 08:00,3975.67,3976.14,3970.56,3971.54
2026.07.01 08:05,3971.38,3972.88,3969.85,3971.15
2026.07.01 08:10,3971.19,3974.14,3969.38,3974.14
2026.07.01 08:15,3974.16,3982.83,3974.09,3982.57
2026.07.01 08:20,3982.47,3984.32,3978.86,3979.20
2026.07.01 08:25,3979.41,3982.24,3978.53,3978.75
2026.07.01 08:30,3978.75,3979.62,3975.76,3977.58
2026.07.01 08:35,3977.59,3977.67,3972.35,3972.83
2026.07.01 08:40,3972.84,3978.45,3972.38,3976.89
2026.07.01 08:45,3976.89,3977.28,3974.41,3974.83
2026.07.01 08:50,3974.88,3977.31,3974.66,3977.15
2026.07.01 08:55,3977.15,3977.16,3971.27,3974.35
2026.07.01 09:00,3974.33,3975.84,3972.68,3975.20
2026.07.01 09:05,3975.19,3976.08,3972.83,3973.63
2026.07.01 09:10,3973.62,3977.48,3973.62,3975.75
2026.07.01 09:15,3975.67,3980.29,3975.51,3978.35
2026.07.01 09:20,3978.36,3979.41,3976.58,3977.45
2026.07.01 09:25,3977.46,3978.96,3976.81,3978.68
2026.07.01 09:30,3978.54,3981.08,3977.55,3980.14
2026.07.01 09:35,3980.14,3982.36,3979.88,3982.11
2026.07.01 09:40,3982.05,3982.47,3979.24,3981.59
2026.07.01 09:45,3981.67,3985.60,3981.67,3985.26
2026.07.01 09:50,3985.34,3985.36,3983.04,3984.97
2026.07.01 09:55,3984.97,3985.83,3983.45,3984.37
2026.07.01 10:00,3984.34,3989.33,3984.29,3988.10
2026.07.01 10:05,3988.03,3989.43,3986.97,3987.61
2026.07.01 10:10,3987.61,3987.61,3982.92,3984.15
2026.07.01 10:15,3984.39,3984.50,3981.86,3982.14
2026.07.01 10:20,3982.11,3985.10,3981.37,3984.94
2026.07.01 10:25,3984.92,3987.31,3983.11,3987.08
2026.07.01 10:30,3987.05,3991.92,3986.97,3991.16
2026.07.01 10:35,3991.19,3994.24,3989.20,3989.65
2026.07.01 10:40,3989.65,3990.01,3986.47,3987.28
2026.07.01 10:45,3987.21,3991.08,3986.95,3991.08
2026.07.01 10:50,3991.12,3994.19,3991.08,3993.59
2026.07.01 10:55,3993.64,3998.67,3993.64,3998.29
2026.07.01 11:00,3998.30,4007.84,3997.90,4006.52
2026.07.01 11:05,4006.53,4010.67,4006.53,4010.42
2026.07.01 11:10,4010.41,4019.29,4009.86,4015.87
2026.07.01 11:15,4015.96,4024.76,4015.14,4022.81
2026.07.01 11:20,4022.79,4026.18,4019.11,4024.41
2026.07.01 11:25,4024.42,4028.13,4021.43,4026.68
2026.07.01 11:30,4026.77,4028.20,4023.16,4024.33
2026.07.01 11:35,4024.53,4026.06,4023.66,4024.63
2026.07.01 11:40,4024.63,4031.66,4023.21,4029.24
2026.07.01 11:45,4029.24,4034.84,4028.72,4034.01
2026.07.01 11:50,4034.10,4035.39,4029.76,4032.24
2026.07.01 11:55,4032.08,4033.52,4030.13,4030.39
2026.07.01 12:00,4030.55,4033.85,4023.81,4024.18
2026.07.01 12:05,4024.22,4024.73,4021.82,4023.03
2026.07.01 12:10,4023.06,4024.58,4019.73,4021.25
2026.07.01 12:15,4021.25,4028.29,4021.25,4028.03
2026.07.01 12:20,4027.49,4030.08,4024.97,4029.27
2026.07.01 12:25,4029.15,4030.36,4025.76,4026.32
2026.07.01 12:30,4025.84,4033.04,4025.42,4029.12
2026.07.01 12:35,4028.84,4030.07,4023.97,4024.06
2026.07.01 12:40,4024.07,4030.50,4023.41,4026.37
2026.07.01 12:45,4026.49,4027.57,4024.69,4026.25
2026.07.01 12:50,4026.28,4028.88,4025.27,4025.64
2026.07.01 12:55,4025.63,4026.92,4022.58,4022.70
2026.07.01 13:00,4022.69,4024.79,4017.15,4022.32
2026.07.01 13:05,4021.98,4022.33,4012.81,4017.92
2026.07.01 13:10,4017.34,4022.32,4014.08,4021.31
2026.07.01 13:15,4021.30,4031.69,4021.30,4024.43
2026.07.01 13:20,4024.38,4046.45,4024.38,4043.69
2026.07.01 13:25,4043.33,4047.09,4037.85,4047.09
2026.07.01 13:30,4046.96,4052.18,4041.83,4048.00
2026.07.01 13:35,4048.31,4071.79,4046.58,4070.46
2026.07.01 13:40,4070.71,4099.44,4069.58,4098.04
2026.07.01 13:45,4098.14,4107.94,4085.05,4089.89
2026.07.01 13:50,4089.80,4097.53,4085.51,4087.75
2026.07.01 13:55,4087.67,4093.08,4085.86,4089.71
2026.07.01 14:00,4091.07,4101.51,4082.87,4085.07
2026.07.01 14:05,4085.20,4095.86,4085.20,4094.36
2026.07.01 14:10,4094.36,4099.66,4092.40,4092.83
2026.07.01 14:15,4092.93,4098.70,4089.48,4094.46
2026.07.01 14:20,4094.69,4106.08,4094.03,4105.25
2026.07.01 14:25,4104.67,4106.76,4095.79,4100.60
2026.07.01 14:30,4100.73,4111.06,4098.48,4111.06
2026.07.01 14:35,4110.56,4115.42,4105.67,4106.05
2026.07.01 14:40,4106.05,4106.77,4092.01,4092.93
2026.07.01 14:45,4093.18,4094.97,4087.11,4088.82
2026.07.01 14:50,4089.02,4091.30,4086.47,4089.57
2026.07.01 14:55,4089.11,4094.88,4089.10,4093.30
2026.07.01 15:00,4093.35,4094.49,4088.17,4089.55
2026.07.01 15:05,4089.58,4093.60,4083.58,4084.33
2026.07.01 15:10,4084.43,4086.40,4081.99,4085.16
2026.07.01 15:15,4085.12,4092.02,4085.12,4086.98
2026.07.01 15:20,4086.93,4090.23,4078.51,4080.92
2026.07.01 15:25,4080.93,4084.73,4079.31,4083.87
2026.07.01 15:30,4083.60,4084.01,4077.93,4078.07
2026.07.01 15:35,4078.20,4081.35,4076.83,4080.69
2026.07.01 15:40,4080.77,4082.78,4078.95,4082.47
2026.07.01 15:45,4082.47,4085.42,4081.50,4084.02
2026.07.01 15:50,4084.24,4087.89,4083.20,4084.24
2026.07.01 15:55,4084.32,4084.32,4079.51,4081.11
2026.07.01 16:00,4081.10,4086.95,4081.10,4085.42
2026.07.01 16:05,4085.43,4088.40,4084.06,4084.12
2026.07.01 16:10,4084.19,4084.70,4081.82,4082.58
2026.07.01 16:15,4082.38,4084.53,4081.47,4083.98
2026.07.01 16:20,4083.81,4085.10,4080.59,4081.85
2026.07.01 16:25,4081.85,4084.29,4081.35,4081.40
2026.07.01 16:30,4082.78,4083.23,4075.36,4076.16
2026.07.01 16:35,4077.08,4080.19,4076.49,4077.10
2026.07.01 16:40,4077.14,4077.38,4072.80,4074.40
2026.07.01 16:45,4074.79,4076.20,4072.80,4073.22
2026.07.01 16:50,4073.27,4074.40,4070.89,4073.12
2026.07.01 16:55,4073.01,4073.24,4070.46,4071.17
2026.07.01 17:00,4071.14,4073.52,4069.80,4071.61
2026.07.01 17:05,4071.42,4071.42,4068.21,4068.91
2026.07.01 17:10,4068.84,4071.71,4067.81,4071.21
2026.07.01 17:15,4071.25,4071.96,4067.89,4070.10
2026.07.01 17:20,4070.11,4071.62,4069.21,4070.14
2026.07.01 17:25,4070.17,4070.73,4067.77,4067.99
2026.07.01 17:30,4068.07,4072.03,4067.96,4070.65
2026.07.01 17:35,4070.66,4071.70,4069.91,4070.98
2026.07.01 17:40,4070.97,4073.18,4069.74,4070.84
2026.07.01 17:45,4070.85,4071.79,4070.29,4071.23
2026.07.01 17:50,4071.19,4072.31,4069.24,4070.08
2026.07.01 17:55,4070.09,4070.32,4067.35,4068.18
2026.07.01 18:00,4068.15,4070.31,4068.05,4070.18
2026.07.01 18:05,4070.17,4070.17,4067.89,4067.89
2026.07.01 18:10,4067.76,4070.69,4067.22,4070.04
2026.07.01 18:15,4068.81,4069.09,4064.95,4066.80
2026.07.01 18:20,4066.79,4067.00,4063.62,4064.95
2026.07.01 18:25,4064.96,4065.63,4061.19,4061.22
2026.07.01 18:30,4061.95,4065.96,4061.95,4064.79
2026.07.01 18:35,4064.84,4065.09,4063.08,4063.51
2026.07.01 18:40,4063.52,4063.56,4061.38,4062.91
2026.07.01 18:45,4062.88,4063.07,4060.96,4061.52
2026.07.01 18:50,4061.50,4062.07,4057.83,4058.38
2026.07.01 18:55,4058.42,4062.51,4058.12,4062.09
2026.07.01 19:00,4062.06,4066.32,4061.70,4066.08
2026.07.01 19:05,4066.02,4068.24,4064.09,4067.54
2026.07.01 19:10,4067.46,4067.46,4064.40,4065.41
2026.07.01 19:15,4065.42,4066.13,4061.30,4061.52
2026.07.01 19:20,4061.52,4062.26,4056.56,4056.73
2026.07.01 19:25,4056.84,4059.57,4056.80,4058.83
2026.07.01 19:30,4058.81,4059.67,4055.97,4056.41
2026.07.01 19:35,4056.43,4056.76,4055.35,4055.69
2026.07.01 19:40,4055.68,4055.80,4052.98,4053.78
2026.07.01 19:45,4053.80,4054.22,4051.08,4052.07
2026.07.01 19:50,4052.09,4052.25,4038.89,4041.30
2026.07.01 19:55,4041.42,4041.93,4034.49,4038.83
2026.07.01 20:00,4038.87,4038.87,4029.34,4029.94
2026.07.01 20:05,4029.45,4034.77,4028.53,4034.17
2026.07.01 20:10,4034.16,4036.37,4033.07,4035.40
2026.07.01 20:15,4035.41,4036.66,4034.50,4035.59
2026.07.01 20:20,4035.57,4037.79,4035.11,4037.63
2026.07.01 20:25,4037.63,4039.07,4036.94,4038.35
2026.07.01 20:30,4038.37,4038.95,4036.42,4036.47
2026.07.01 20:35,4036.55,4036.55,4034.46,4034.86
2026.07.01 20:40,4034.87,4035.68,4033.30,4033.87
2026.07.01 20:45,4033.91,4034.37,4031.94,4032.89
2026.07.01 20:50,4032.96,4035.78,4032.32,4032.48
2026.07.01 20:55,4032.57,4032.71,4030.21,4031.05
2026.07.01 22:00,4032.20,4039.41,4032.20,4039.41
2026.07.01 22:05,4039.29,4041.15,4035.60,4035.66
2026.07.01 22:10,4036.12,4037.75,4035.66,4036.78
2026.07.01 22:15,4036.80,4037.67,4035.04,4035.85
2026.07.01 22:20,4035.81,4039.03,4035.57,4038.59
2026.07.01 22:25,4038.50,4039.13,4037.73,4038.27
2026.07.01 22:30,4038.27,4038.59,4036.89,4037.87
2026.07.01 22:35,4037.88,4040.21,4037.21,4039.68
2026.07.01 22:40,4039.68,4040.52,4039.01,4039.89
2026.07.01 22:45,4039.86,4043.83,4039.84,4043.79
2026.07.01 22:50,4043.56,4044.37,4042.52,4042.56
2026.07.01 22:55,4042.55,4045.03,4042.52,4044.93
2026.07.01 23:00,4044.91,4045.02,4042.75,4043.28
2026.07.01 23:05,4043.28,4043.39,4041.14,4041.75
2026.07.01 23:10,4041.74,4042.74,4037.49,4037.64
2026.07.01 23:15,4038.01,4039.35,4035.99,4039.00
2026.07.01 23:20,4039.04,4039.21,4035.60,4035.82
2026.07.01 23:25,4035.91,4037.15,4033.84,4037.11
2026.07.01 23:30,4037.10,4040.40,4037.09,4038.78
2026.07.01 23:35,4038.78,4039.38,4035.15,4035.15
2026.07.01 23:40,4034.98,4036.40,4034.59,4035.65
2026.07.01 23:45,4035.65,4035.99,4033.29,4033.99
2026.07.01 23:50,4033.97,4036.80,4033.94,4036.38
2026.07.01 23:55,4036.32,4036.67,4034.80,4034.95
2026.07.02 00:00,4034.51,4036.27,4030.68,4032.90
2026.07.02 00:05,4032.73,4040.15,4032.22,4038.89
2026.07.02 00:10,4039.02,4045.95,4038.65,4044.77
2026.07.02 00:15,4044.45,4045.53,4040.13,4040.73
2026.07.02 00:20,4040.73,4046.46,4040.61,4046.46
2026.07.02 00:25,4046.39,4048.35,4043.88,4046.33
2026.07.02 00:30,4046.59,4046.59,4042.19,4044.69
2026.07.02 00:35,4044.69,4046.06,4042.34,4043.00
2026.07.02 00:40,4042.90,4042.90,4038.00,4039.23
2026.07.02 00:45,4039.23,4052.28,4039.23,4050.48
2026.07.02 00:50,4050.44,4052.33,4049.47,4050.96
2026.07.02 00:55,4050.86,4051.78,4048.82,4051.69
2026.07.02 01:00,4051.70,4068.35,4050.67,4064.82
2026.07.02 01:05,4064.85,4066.04,4060.70,4064.14
2026.07.02 01:10,4064.23,4067.75,4064.17,4065.06
2026.07.02 01:15,4065.00,4065.51,4059.78,4060.67
2026.07.02 01:20,4061.00,4061.00,4051.77,4052.25
2026.07.02 01:25,4052.23,4055.34,4050.01,4053.10
2026.07.02 01:30,4053.11,4054.75,4046.19,4047.97
2026.07.02 01:35,4048.41,4053.46,4046.62,4053.46
2026.07.02 01:40,4053.46,4055.31,4047.66,4047.66
2026.07.02 01:45,4047.37,4053.61,4045.19,4052.58
2026.07.02 01:50,4052.57,4055.04,4051.64,4053.73
2026.07.02 01:55,4053.83,4056.22,4049.17,4050.16
2026.07.02 02:00,4050.11,4050.95,4043.79,4046.84
2026.07.02 02:05,4047.01,4047.11,4042.27,4044.37
2026.07.02 02:10,4044.38,4048.07,4041.20,4048.04
2026.07.02 02:15,4048.01,4054.02,4047.83,4053.90
2026.07.02 02:20,4053.90,4054.67,4048.61,4050.94
2026.07.02 02:25,4051.08,4052.43,4050.32,4051.47
2026.07.02 02:30,4051.15,4053.84,4047.71,4050.26
2026.07.02 02:35,4050.09,4053.98,4049.42,4050.99
2026.07.02 02:40,4051.27,4056.82,4050.04,4056.14
2026.07.02 02:45,4056.20,4058.11,4054.39,4056.77
2026.07.02 02:50,4056.76,4058.85,4055.84,4057.36
2026.07.02 02:55,4057.40,4060.83,4056.96,4057.14
2026.07.02 03:00,4057.02,4059.41,4056.36,4056.75
2026.07.02 03:05,4056.71,4059.66,4055.52,4055.69
2026.07.02 03:10,4055.89,4058.66,4055.38,4057.42
2026.07.02 03:15,4057.42,4060.20,4057.42,4059.01
2026.07.02 03:20,4059.00,4062.18,4058.52,4061.66
2026.07.02 03:25,4061.70,4067.08,4060.94,4065.29
2026.07.02 03:30,4065.33,4066.75,4063.36,4063.80
2026.07.02 03:35,4063.86,4065.62,4062.01,4064.79
2026.07.02 03:40,4064.82,4067.62,4064.70,4065.55
2026.07.02 03:45,4065.43,4069.03,4062.92,4068.69
2026.07.02 03:50,4068.67,4072.64,4067.54,4071.90
2026.07.02 03:55,4071.71,4074.03,4069.14,4069.83
2026.07.02 04:00,4070.04,4072.62,4069.53,4071.30
2026.07.02 04:05,4071.38,4072.82,4070.43,4070.47
2026.07.02 04:10,4070.50,4070.91,4068.13,4070.00
2026.07.02 04:15,4070.13,4070.30,4066.45,4067.28
2026.07.02 04:20,4067.26,4067.73,4064.68,4064.68
2026.07.02 04:25,4064.53,4066.64,4064.01,4065.45
2026.07.02 04:30,4065.45,4066.36,4062.79,4063.17
2026.07.02 04:35,4063.21,4064.11,4062.42,4063.12
2026.07.02 04:40,4063.09,4064.27,4061.37,4063.24
2026.07.02 04:45,4063.22,4063.65,4061.44,4061.91
2026.07.02 04:50,4061.98,4065.03,4061.90,4063.20
2026.07.02 04:55,4063.01,4063.67,4060.55,4060.63
2026.07.02 05:00,4060.63,4061.14,4057.78,4059.13
2026.07.02 05:05,4059.13,4060.72,4057.75,4058.20
2026.07.02 05:10,4058.19,4059.02,4054.40,4055.53
2026.07.02 05:15,4055.36,4058.67,4054.55,4058.42
2026.07.02 05:20,4058.43,4062.04,4058.09,4061.37
2026.07.02 05:25,4061.31,4061.93,4057.31,4057.31
2026.07.02 05:30,4057.34,4061.78,4053.23,4055.99
2026.07.02 05:35,4056.12,4066.08,4055.06,4062.63
2026.07.02 05:40,4062.75,4063.90,4061.03,4061.69
2026.07.02 05:45,4061.61,4064.98,4059.90,4060.52
2026.07.02 05:50,4060.64,4064.78,4060.64,4063.94
2026.07.02 05:55,4063.96,4067.48,4062.30,4065.97
2026.07.02 06:00,4066.17,4075.57,4066.17,4070.04
2026.07.02 06:05,4070.01,4073.42,4068.31,4069.75
2026.07.02 06:10,4069.66,4071.84,4068.00,4068.34
2026.07.02 06:15,4068.30,4074.80,4067.13,4074.49
2026.07.02 06:20,4074.53,4079.65,4074.04,4077.95
2026.07.02 06:25,4077.91,4079.57,4074.02,4074.12
2026.07.02 06:30,4074.22,4076.70,4073.43,4075.72
2026.07.02 06:35,4075.74,4076.06,4071.82,4072.63
2026.07.02 06:40,4072.56,4072.80,4065.99,4068.07
2026.07.02 06:45,4068.08,4073.74,4066.68,4073.13
2026.07.02 06:50,4073.05,4075.07,4069.45,4072.67
2026.07.02 06:55,4072.67,4076.37,4072.30,4073.26
2026.07.02 07:00,4073.17,4073.29,4067.14,4069.18
2026.07.02 07:05,4069.19,4072.11,4067.51,4071.78
2026.07.02 07:10,4071.79,4074.05,4067.18,4067.78
2026.07.02 07:15,4067.68,4068.31,4064.45,4065.02
2026.07.02 07:20,4064.88,4067.02,4061.54,4061.60
2026.07.02 07:25,4061.61,4064.23,4060.71,4062.32
2026.07.02 07:30,4062.23,4064.39,4060.79,4063.69
2026.07.02 07:35,4063.69,4070.89,4063.10,4070.87
2026.07.02 07:40,4070.61,4075.39,4070.21,4074.43
2026.07.02 07:45,4074.49,4074.89,4067.34,4069.70
2026.07.02 07:50,4069.72,4070.41,4065.45,4066.31
2026.07.02 07:55,4066.29,4066.75,4063.60,4064.53
2026.07.02 08:00,4064.09,4066.57,4061.26,4065.94
2026.07.02 08:05,4065.93,4071.66,4065.67,4071.11
2026.07.02 08:10,4071.12,4073.81,4068.47,4069.77
2026.07.02 08:15,4069.75,4073.11,4068.69,4073.11
2026.07.02 08:20,4073.13,4077.75,4072.77,4074.97
2026.07.02 08:25,4075.16,4075.26,4073.26,4074.90
2026.07.02 08:30,4074.91,4075.39,4072.17,4073.79
2026.07.02 08:35,4073.77,4075.81,4072.05,4075.06
2026.07.02 08:40,4075.07,4077.72,4073.96,4075.21
2026.07.02 08:45,4075.40,4079.45,4073.43,4076.51
2026.07.02 08:50,4076.51,4078.59,4073.10,4078.48
2026.07.02 08:55,4078.19,4079.88,4075.78,4076.03
2026.07.02 09:00,4076.00,4076.81,4074.66,4075.17
2026.07.02 09:05,4075.17,4075.71,4069.35,4071.08
2026.07.02 09:10,4071.09,4072.51,4070.32,4072.15
2026.07.02 09:15,4072.18,4073.60,4069.29,4071.18
2026.07.02 09:20,4071.15,4071.96,4067.19,4067.46
2026.07.02 09:25,4067.44,4067.78,4066.10,4067.47
2026.07.02 09:30,4067.47,4067.94,4063.87,4065.69
2026.07.02 09:35,4065.72,4067.36,4064.91,4067.36
2026.07.02 09:40,4067.13,4072.02,4065.57,4069.23
2026.07.02 09:45,4069.21,4072.18,4068.28,4068.89
2026.07.02 09:50,4068.90,4070.49,4065.82,4066.07
2026.07.02 09:55,4066.03,4067.05,4064.45,4065.20
2026.07.02 10:00,4065.25,4066.43,4062.94,4063.47
2026.07.02 10:05,4063.48,4065.43,4062.84,4064.13
2026.07.02 10:10,4064.15,4066.00,4062.43,4063.18
2026.07.02 10:15,4063.19,4065.97,4061.93,4065.56
2026.07.02 10:20,4065.53,4067.80,4064.30,4066.65
2026.07.02 10:25,4066.67,4067.44,4065.19,4066.07
2026.07.02 10:30,4066.18,4066.62,4063.68,4065.59
2026.07.02 10:35,4065.58,4066.28,4063.29,4063.52
2026.07.02 10:40,4063.49,4068.55,4063.05,4064.56
2026.07.02 10:45,4064.56,4064.56,4061.68,4061.69
2026.07.02 10:50,4061.69,4064.31,4061.42,4063.85
2026.07.02 10:55,4063.79,4067.94,4062.37,4066.19
2026.07.02 11:00,4066.22,4066.85,4059.90,4060.08
2026.07.02 11:05,4060.12,4060.61,4057.33,4059.38
2026.07.02 11:10,4059.41,4063.21,4059.41,4063.19
2026.07.02 11:15,4063.21,4067.15,4062.57,4065.38
2026.07.02 11:20,4065.47,4065.47,4062.79,4064.02
2026.07.02 11:25,4064.01,4066.10,4062.81,4065.39
2026.07.02 11:30,4065.68,4066.96,4064.20,4065.11
2026.07.02 11:35,4065.16,4067.13,4063.31,4066.70
2026.07.02 11:40,4066.74,4071.51,4064.99,4070.98
2026.07.02 11:45,4071.03,4072.16,4067.94,4071.04
2026.07.02 11:50,4071.07,4071.68,4069.55,4070.48
2026.07.02 11:55,4070.44,4070.96,4065.16,4065.16
2026.07.02 12:00,4065.29,4066.67,4062.57,4066.59
2026.07.02 12:05,4066.59,4073.34,4066.59,4069.92
2026.07.02 12:10,4069.92,4071.01,4061.27,4064.09
2026.07.02 12:15,4064.00,4064.75,4061.58,4061.76
2026.07.02 12:20,4062.86,4068.71,4062.33,4067.27
2026.07.02 12:25,4067.33,4069.55,4062.93,4064.45
2026.07.02 12:30,4074.23,4127.40,4074.23,4127.29
2026.07.02 12:35,4127.38,4138.72,4124.04,4136.98
2026.07.02 12:40,4136.38,4140.27,4130.52,4132.54
2026.07.02 12:45,4132.64,4133.81,4120.41,4124.96
2026.07.02 12:50,4124.51,4130.50,4119.05,4119.89
2026.07.02 12:55,4120.24,4121.34,4112.16,4117.43
2026.07.02 13:00,4117.85,4129.65,4115.51,4126.78
2026.07.02 13:05,4126.79,4126.90,4116.07,4117.85
2026.07.02 13:10,4117.99,4126.26,4117.13,4123.96
2026.07.02 13:15,4124.09,4124.44,4114.91,4119.00
2026.07.02 13:20,4119.16,4119.88,4113.30,4113.99
2026.07.02 13:25,4114.17,4117.02,4109.50,4112.90
2026.07.02 13:30,4113.39,4129.60,4110.13,4128.14
2026.07.02 13:35,4127.67,4138.25,4127.13,4135.18
2026.07.02 13:40,4135.26,4137.77,4126.98,4134.58
2026.07.02 13:45,4134.68,4142.88,4133.69,4141.07
2026.07.02 13:50,4140.91,4143.69,4132.73,4133.35
2026.07.02 13:55,4133.39,4140.76,4132.45,4136.67
2026.07.02 14:00,4136.66,4138.09,4127.75,4130.33
2026.07.02 14:05,4130.27,4134.62,4127.82,4127.82
2026.07.02 14:10,4127.64,4130.94,4123.97,4128.30
2026.07.02 14:15,4128.50,4136.06,4126.90,4130.71
2026.07.02 14:20,4130.72,4130.72,4121.13,4123.37
2026.07.02 14:25,4123.38,4124.25,4114.32,4116.36
2026.07.02 14:30,4116.23,4125.38,4114.90,4119.53
2026.07.02 14:35,4119.60,4120.63,4116.47,4118.45
2026.07.02 14:40,4118.50,4120.70,4114.65,4118.51
2026.07.02 14:45,4118.79,4122.61,4115.66,4122.52
2026.07.02 14:50,4122.45,4126.22,4120.49,4123.74
2026.07.02 14:55,4124.23,4129.73,4123.96,4128.51
2026.07.02 15:00,4128.81,4130.88,4125.96,4127.02
2026.07.02 15:05,4127.10,4127.62,4114.68,4120.98
2026.07.02 15:10,4121.04,4130.74,4120.56,4126.51
2026.07.02 15:15,4126.88,4128.45,4120.61,4121.91
2026.07.02 15:20,4122.08,4131.13,4122.08,4129.58
2026.07.02 15:25,4129.61,4129.93,4122.22,4122.36
2026.07.02 15:30,4122.47,4130.75,4122.47,4129.68
2026.07.02 15:35,4129.89,4130.77,4127.34,4127.40
2026.07.02 15:40,4127.46,4128.62,4124.55,4125.29
2026.07.02 15:45,4125.27,4129.90,4125.27,4128.63
2026.07.02 15:50,4128.64,4128.64,4124.15,4128.28
2026.07.02 15:55,4128.25,4129.27,4125.51,4128.33
2026.07.02 16:00,4128.33,4130.08,4124.68,4126.41
2026.07.02 16:05,4126.38,4127.33,4121.87,4122.52
2026.07.02 16:10,4122.78,4126.03,4121.99,4123.26
2026.07.02 16:15,4123.26,4123.77,4120.86,4123.40
2026.07.02 16:20,4123.38,4123.61,4116.00,4116.97
2026.07.02 16:25,4116.94,4119.20,4115.36,4116.27
2026.07.02 16:30,4116.18,4116.18,4102.14,4102.97
2026.07.02 16:35,4102.91,4110.59,4100.30,4110.15
2026.07.02 16:40,4110.55,4116.54,4109.62,4114.66
2026.07.02 16:45,4114.57,4118.37,4113.97,4117.57
2026.07.02 16:50,4117.54,4120.08,4114.87,4117.30
2026.07.02 16:55,4117.28,4118.99,4115.85,4117.99
2026.07.02 17:00,4117.82,4119.12,4114.12,4116.03
2026.07.02 17:05,4116.02,4119.67,4113.37,4116.76
2026.07.02 17:10,4116.76,4118.22,4114.16,4117.87
2026.07.02 17:15,4117.97,4119.69,4115.90,4116.54
2026.07.02 17:20,4116.31,4117.26,4111.61,4114.61
2026.07.02 17:25,4114.58,4116.06,4111.41,4112.47
2026.07.02 17:30,4112.46,4114.29,4110.36,4111.48
2026.07.02 17:35,4111.61,4113.21,4108.22,4109.16
2026.07.02 17:40,4108.82,4109.37,4106.12,4107.15
2026.07.02 17:45,4107.26,4109.82,4106.32,4109.30
2026.07.02 17:50,4109.24,4110.18,4106.54,4109.19
2026.07.02 17:55,4109.22,4109.98,4105.67,4106.69
2026.07.02 18:00,4106.69,4114.43,4105.80,4114.26
2026.07.02 18:05,4114.26,4122.82,4114.04,4122.40
2026.07.02 18:10,4122.47,4123.61,4118.54,4119.02
2026.07.02 18:15,4119.10,4120.29,4115.58,4116.81
2026.07.02 18:20,4116.89,4118.18,4115.84,4117.95
2026.07.02 18:25,4117.88,4123.06,4117.87,4123.06
2026.07.02 18:30,4122.85,4126.92,4122.85,4125.00
2026.07.02 18:35,4125.04,4125.87,4124.06,4124.75
2026.07.02 18:40,4124.77,4124.78,4121.21,4121.21
2026.07.02 18:45,4121.06,4122.17,4119.89,4122.05
2026.07.02 18:50,4122.03,4124.20,4120.97,4121.19
2026.07.02 18:55,4121.19,4122.87,4120.68,4122.54
2026.07.02 19:00,4122.54,4124.32,4117.84,4118.30
2026.07.02 19:05,4118.57,4119.49,4115.78,4116.83
2026.07.02 19:10,4116.89,4116.95,4113.22,4114.39
2026.07.02 19:15,4114.41,4114.84,4111.58,4111.74
2026.07.02 19:20,4111.75,4112.13,4108.42,4108.92
2026.07.02 19:25,4108.92,4113.35,4108.09,4112.44
2026.07.02 19:30,4112.47,4114.65,4111.46,4113.11
2026.07.02 19:35,4113.15,4113.50,4111.02,4112.68
2026.07.02 19:40,4112.64,4114.00,4112.26,4113.33
2026.07.02 19:45,4113.50,4115.62,4112.67,4115.62
2026.07.02 19:50,4115.74,4123.53,4115.74,4123.53
2026.07.02 19:55,4123.75,4123.86,4119.67,4121.20
2026.07.02 20:00,4120.84,4120.84,4116.31,4120.03
2026.07.02 20:05,4120.10,4122.34,4119.67,4121.62
2026.07.02 20:10,4121.59,4121.81,4119.73,4119.83
2026.07.02 20:15,4119.87,4122.03,4119.04,4122.03
2026.07.02 20:20,4122.03,4124.98,4121.90,4123.13
2026.07.02 20:25,4123.14,4124.12,4123.03,4123.37
2026.07.02 20:30,4123.49,4124.93,4123.00,4123.35
2026.07.02 20:35,4123.28,4123.72,4121.44,4121.52
2026.07.02 20:40,4121.52,4122.46,4120.67,4120.67
2026.07.02 20:45,4120.77,4120.77,4119.55,4119.62
2026.07.02 20:50,4119.67,4121.64,4118.57,4121.55
2026.07.02 20:55,4121.40,4124.13,4121.40,4122.54
2026.07.02 22:00,4126.51,4127.08,4124.88,4125.66
2026.07.02 22:05,4125.51,4127.91,4124.56,4127.89
2026.07.02 22:10,4127.95,4127.95,4124.42,4124.46
2026.07.02 22:15,4124.46,4125.14,4123.70,4124.80
2026.07.02 22:20,4124.81,4125.30,4122.77,4123.52
2026.07.02 22:25,4123.52,4124.33,4122.40,4124.33
2026.07.02 22:30,4124.29,4125.97,4123.67,4125.89
2026.07.02 22:35,4125.98,4126.25,4124.31,4124.42
2026.07.02 22:40,4124.44,4124.69,4122.58,4123.02
2026.07.02 22:45,4123.01,4124.21,4122.73,4123.71
2026.07.02 22:50,4123.64,4123.92,4122.92,4123.61
2026.07.02 22:55,4123.57,4126.23,4123.56,4124.52
2026.07.02 23:00,4124.51,4126.60,4124.48,4125.07
2026.07.02 23:05,4125.06,4126.89,4124.31,4126.70
2026.07.02 23:10,4126.70,4127.07,4125.29,4125.29
2026.07.02 23:15,4125.34,4127.86,4124.21,4125.35
2026.07.02 23:20,4125.35,4127.32,4124.62,4127.20
2026.07.02 23:25,4127.19,4130.19,4127.16,4129.76
2026.07.02 23:30,4129.76,4133.74,4125.98,4126.61
2026.07.02 23:35,4126.62,4127.71,4121.91,4123.23
2026.07.02 23:40,4123.23,4126.36,4121.11,4125.05
2026.07.02 23:45,4124.75,4130.55,4124.67,4130.55
2026.07.02 23:50,4130.55,4130.73,4124.32,4128.13
2026.07.02 23:55,4128.35,4131.40,4124.64,4126.08
2026.07.03 00:00,4125.70,4132.60,4123.04,4131.71
2026.07.03 00:05,4131.89,4132.48,4124.96,4128.63
2026.07.03 00:10,4128.92,4136.76,4126.63,4134.83
2026.07.03 00:15,4134.94,4136.23,4131.87,4135.85
2026.07.03 00:20,4135.92,4140.70,4135.21,4138.53
2026.07.03 00:25,4138.49,4140.74,4136.84,4137.29
2026.07.03 00:30,4137.15,4138.05,4133.18,4134.55
2026.07.03 00:35,4134.57,4139.54,4133.54,4137.47
2026.07.03 00:40,4137.47,4138.99,4134.04,4136.28
2026.07.03 00:45,4136.27,4141.16,4135.45,4140.97
2026.07.03 00:50,4140.96,4148.48,4139.87,4147.15
2026.07.03 00:55,4147.36,4150.74,4146.94,4147.18
2026.07.03 01:00,4147.14,4161.53,4146.62,4161.04
2026.07.03 01:05,4161.02,4175.80,4159.26,4172.51
2026.07.03 01:10,4172.37,4179.21,4167.56,4176.06
2026.07.03 01:15,4176.07,4181.05,4173.98,4179.60
2026.07.03 01:20,4179.59,4194.02,4179.03,4191.97
2026.07.03 01:25,4191.97,4192.74,4186.10,4187.48
2026.07.03 01:30,4187.39,4192.87,4182.46,4192.86
2026.07.03 01:35,4192.92,4195.31,4184.43,4184.77
2026.07.03 01:40,4184.78,4184.92,4179.22,4179.70
2026.07.03 01:45,4179.67,4182.74,4176.45,4180.58
2026.07.03 01:50,4180.65,4181.60,4175.23,4179.11
2026.07.03 01:55,4179.65,4183.95,4178.84,4182.16
2026.07.03 02:00,4182.18,4184.07,4177.05,4179.33
2026.07.03 02:05,4179.25,4181.91,4178.49,4179.31
2026.07.03 02:10,4179.32,4181.99,4178.53,4179.39
2026.07.03 02:15,4179.40,4181.07,4176.52,4176.57
2026.07.03 02:20,4176.79,4180.44,4176.79,4178.51
2026.07.03 02:25,4178.46,4179.28,4176.47,4179.07
2026.07.03 02:30,4179.18,4182.57,4178.07,4180.67
2026.07.03 02:35,4180.66,4186.69,4179.30,4186.14
2026.07.03 02:40,4186.14,4186.76,4181.29,4183.20
2026.07.03 02:45,4183.21,4184.16,4178.78,4180.06
2026.07.03 02:50,4180.06,4185.91,4179.10,4183.54
2026.07.03 02:55,4183.51,4186.57,4182.35,4183.45
2026.07.03 03:00,4183.25,4184.50,4179.69,4181.83
2026.07.03 03:05,4181.84,4183.25,4180.34,4181.77
2026.07.03 03:10,4181.77,4183.79,4181.53,4182.73
2026.07.03 03:15,4182.64,4183.54,4181.44,4181.59
2026.07.03 03:20,4181.59,4183.11,4179.25,4180.04
2026.07.03 03:25,4180.05,4182.27,4179.70,4181.32
2026.07.03 03:30,4181.34,4183.05,4179.21,4181.66
2026.07.03 03:35,4181.74,4182.49,4179.14,4180.55
2026.07.03 03:40,4180.58,4182.29,4177.27,4177.32
2026.07.03 03:45,4177.32,4179.23,4176.29,4176.55
2026.07.03 03:50,4176.58,4177.55,4176.23,4176.68
2026.07.03 03:55,4176.69,4176.80,4175.17,4175.91
2026.07.03 04:00,4175.91,4176.47,4173.03,4174.39
2026.07.03 04:05,4174.42,4177.79,4173.99,4177.73
2026.07.03 04:10,4177.75,4178.71,4177.31,4177.62
2026.07.03 04:15,4177.62,4181.32,4176.61,4181.23
2026.07.03 04:20,4181.20,4182.70,4178.47,4178.53
2026.07.03 04:25,4178.53,4179.35,4178.09,4178.42
2026.07.03 04:30,4178.44,4178.61,4175.74,4177.22
2026.07.03 04:35,4177.21,4177.59,4175.26,4176.41
2026.07.03 04:40,4176.38,4177.89,4175.73,4177.13
2026.07.03 04:45,4177.13,4178.20,4176.09,4176.27
2026.07.03 04:50,4176.27,4176.37,4174.49,4175.12
2026.07.03 04:55,4175.19,4178.77,4174.56,4178.74
2026.07.03 05:00,4178.75,4180.86,4176.95,4180.59
2026.07.03 05:05,4180.59,4181.08,4178.52,4178.95
2026.07.03 05:10,4178.81,4178.86,4177.44,4178.25
2026.07.03 05:15,4178.26,4179.12,4176.25,4179.06
2026.07.03 05:20,4179.03,4179.06,4173.03,4174.33
2026.07.03 05:25,4174.32,4177.02,4174.03,4175.93
2026.07.03 05:30,4175.98,4181.77,4174.43,4178.58
2026.07.03 05:35,4178.66,4179.59,4173.83,4174.10
2026.07.03 05:40,4174.12,4176.20,4173.09,4174.94
2026.07.03 05:45,4175.10,4176.36,4169.17,4171.24
2026.07.03 05:50,4171.25,4173.52,4170.55,4171.27
2026.07.03 05:55,4171.07,4171.88,4170.48,4171.09
2026.07.03 06:00,4171.19,4171.51,4164.61,4164.74
2026.07.03 06:05,4164.75,4171.09,4164.62,4170.04
2026.07.03 06:10,4170.07,4170.22,4162.07,4162.30
2026.07.03 06:15,4162.38,4165.73,4160.40,4165.49
2026.07.03 06:20,4165.55,4166.93,4162.93,4163.90
2026.07.03 06:25,4163.90,4166.36,4163.16,4164.76
2026.07.03 06:30,4164.72,4171.13,4164.35,4169.50
2026.07.03 06:35,4169.54,4173.51,4168.41,4170.12
2026.07.03 06:40,4170.11,4172.24,4168.69,4171.01
2026.07.03 06:45,4171.02,4173.64,4170.21,4173.01
2026.07.03 06:50,4173.10,4174.34,4171.53,4173.05
2026.07.03 06:55,4173.09,4174.28,4170.81,4173.02
2026.07.03 07:00,4173.03,4174.83,4171.24,4174.83
2026.07.03 07:05,4174.85,4180.35,4174.71,4180.28
2026.07.03 07:10,4180.28,4181.04,4172.28,4174.04
2026.07.03 07:15,4173.94,4174.61,4170.88,4171.65
2026.07.03 07:20,4171.64,4173.50,4169.21,4173.14
2026.07.03 07:25,4173.02,4175.70,4172.64,4175.24
2026.07.03 07:30,4175.19,4178.30,4173.78,4176.31
2026.07.03 07:35,4176.36,4179.37,4176.26,4179.20
2026.07.03 07:40,4179.20,4179.64,4176.77,4179.32
2026.07.03 07:45,4179.42,4180.99,4178.76,4180.34
2026.07.03 07:50,4180.36,4181.53,4177.03,4177.82
2026.07.03 07:55,4177.82,4178.63,4174.74,4176.58
2026.07.03 08:00,4177.51,4184.56,4177.51,4183.02
2026.07.03 08:05,4183.02,4185.66,4181.57,4182.26
2026.07.03 08:10,4182.23,4184.95,4181.20,4183.87
2026.07.03 08:15,4183.86,4185.29,4182.63,4184.58
2026.07.03 08:20,4184.54,4185.28,4182.21,4183.13
2026.07.03 08:25,4183.13,4184.03,4181.16,4183.05
2026.07.03 08:30,4182.91,4186.38,4180.82,4185.39
2026.07.03 08:35,4185.43,4186.26,4181.96,4182.01
2026.07.03 08:40,4182.02,4184.25,4180.58,4184.00
2026.07.03 08:45,4183.98,4185.32,4177.16,4177.16
2026.07.03 08:50,4177.00,4179.96,4176.79,4179.30
2026.07.03 08:55,4179.32,4182.27,4179.32,4180.92
2026.07.03 09:00,4180.97,4181.21,4179.20,4180.53
2026.07.03 09:05,4180.50,4181.53,4177.31,4177.31
2026.07.03 09:10,4177.31,4180.33,4175.82,4180.33
2026.07.03 09:15,4180.31,4180.35,4175.40,4175.90
2026.07.03 09:20,4175.94,4177.44,4173.30,4173.38
2026.07.03 09:25,4173.11,4174.15,4171.18,4171.83
2026.07.03 09:30,4171.88,4172.91,4168.75,4169.71
2026.07.03 09:35,4169.60,4171.85,4168.48,4171.37
2026.07.03 09:40,4171.43,4172.37,4170.08,4172.05
2026.07.03 09:45,4172.05,4173.54,4171.77,4172.96
2026.07.03 09:50,4173.09,4174.70,4171.51,4174.69
2026.07.03 09:55,4174.70,4174.95,4171.91,4171.93
2026.07.03 10:00,4171.84,4175.89,4170.73,4175.76
2026.07.03 10:05,4175.75,4180.45,4175.74,4178.47
2026.07.03 10:10,4178.51,4180.64,4177.61,4179.71
2026.07.03 10:15,4179.69,4180.22,4177.95,4180.14
2026.07.03 10:20,4180.17,4180.99,4179.34,4180.05
2026.07.03 10:25,4180.12,4180.99,4178.11,4178.38
2026.07.03 10:30,4178.37,4178.94,4177.00,4177.02
2026.07.03 10:35,4177.02,4177.18,4175.46,4176.95
2026.07.03 10:40,4176.97,4177.82,4175.93,4177.59
2026.07.03 10:45,4177.60,4178.32,4174.63,4175.67
2026.07.03 10:50,4175.68,4178.52,4175.63,4176.41
2026.07.03 10:55,4176.42,4177.85,4176.42,4177.01
2026.07.03 11:00,4177.00,4178.94,4175.48,4178.83
2026.07.03 11:05,4178.83,4179.63,4177.48,4179.60
2026.07.03 11:10,4179.61,4183.67,4179.20,4183.29
2026.07.03 11:15,4183.27,4184.97,4183.12,4183.37
2026.07.03 11:20,4183.45,4185.94,4182.58,4184.82
2026.07.03 11:25,4184.82,4185.38,4182.98,4182.98
2026.07.03 11:30,4182.95,4185.00,4182.53,4183.90
2026.07.03 11:35,4183.89,4185.72,4183.41,4185.21
2026.07.03 11:40,4185.20,4185.80,4184.64,4185.26
2026.07.03 11:45,4185.27,4186.18,4183.95,4183.98
2026.07.03 11:50,4183.98,4184.44,4181.32,4181.34
2026.07.03 11:55,4181.31,4181.71,4178.51,4180.86
2026.07.03 12:00,4180.94,4181.24,4177.85,4178.27
2026.07.03 12:05,4178.33,4183.09,4178.32,4181.04
2026.07.03 12:10,4181.06,4181.12,4177.83,4177.92
2026.07.03 12:15,4177.92,4178.16,4175.02,4175.49
2026.07.03 12:20,4175.17,4175.17,4173.07,4174.32
2026.07.03 12:25,4174.30,4174.64,4172.14,4174.64
2026.07.03 12:30,4174.66,4177.11,4172.82,4177.11
2026.07.03 12:35,4177.09,4177.46,4173.02,4174.96
2026.07.03 12:40,4174.80,4175.57,4173.43,4174.85
2026.07.03 12:45,4174.84,4177.14,4174.28,4175.67
2026.07.03 12:50,4175.67,4177.47,4174.04,4174.93
2026.07.03 12:55,4174.94,4177.21,4172.21,4176.76
2026.07.03 13:00,4176.89,4179.18,4172.36,4173.72
2026.07.03 13:05,4173.77,4174.26,4166.32,4166.71
2026.07.03 13:10,4166.70,4168.84,4164.42,4166.53
2026.07.03 13:15,4166.49,4170.65,4166.49,4169.50
2026.07.03 13:20,4169.52,4171.03,4167.43,4169.64
2026.07.03 13:25,4169.89,4172.08,4169.25,4171.36
2026.07.03 13:30,4171.47,4171.57,4165.95,4167.05
2026.07.03 13:35,4167.05,4168.51,4164.97,4167.65
2026.07.03 13:40,4167.66,4168.10,4165.76,4166.90
2026.07.03 13:45,4166.87,4167.24,4163.57,4164.93
2026.07.03 13:50,4164.94,4167.66,4164.27,4166.46
2026.07.03 13:55,4166.46,4168.72,4163.58,4164.62
2026.07.03 14:00,4164.54,4167.00,4163.06,4166.47
2026.07.03 14:05,4166.47,4166.74,4155.36,4158.83
2026.07.03 14:10,4158.81,4163.45,4158.38,4162.08
2026.07.03 14:15,4162.09,4165.26,4161.86,4162.19
2026.07.03 14:20,4162.22,4164.37,4161.17,4163.23
2026.07.03 14:25,4163.24,4166.69,4161.99,4166.11
2026.07.03 14:30,4166.08,4167.01,4163.60,4164.76
2026.07.03 14:35,4164.78,4166.09,4163.83,4165.06
2026.07.03 14:40,4165.04,4167.07,4163.36,4163.73
2026.07.03 14:45,4163.80,4167.87,4163.59,4166.67
2026.07.03 14:50,4166.67,4168.55,4166.59,4168.48
2026.07.03 14:55,4168.49,4171.02,4167.23,4169.71
2026.07.03 15:00,4169.72,4172.80,4168.56,4171.55
2026.07.03 15:05,4171.55,4172.34,4171.09,4171.09
2026.07.03 15:10,4170.96,4174.04,4170.96,4172.14
2026.07.03 15:15,4172.09,4174.28,4170.81,4171.66
2026.07.03 15:20,4171.67,4171.70,4169.16,4169.62
2026.07.03 15:25,4169.34,4169.54,4166.90,4167.37
2026.07.03 15:30,4167.25,4168.47,4165.98,4166.83
2026.07.03 15:35,4166.82,4168.75,4166.50,4167.20
2026.07.03 15:40,4167.06,4168.73,4166.81,4167.62
2026.07.03 15:45,4167.63,4168.84,4167.02,4168.35
2026.07.03 15:50,4168.36,4168.42,4165.57,4166.84
2026.07.03 15:55,4166.81,4166.87,4164.41,4164.82
2026.07.03 16:00,4164.73,4165.38,4164.19,4164.77
2026.07.03 16:05,4164.77,4165.29,4163.03,4165.12
2026.07.03 16:10,4165.10,4165.65,4163.82,4164.06
2026.07.03 16:15,4164.00,4164.85,4162.71,4164.84
2026.07.03 16:20,4164.77,4167.38,4164.31,4167.28
2026.07.03 16:25,4167.28,4167.49,4165.95,4166.58
2026.07.03 16:30,4166.58,4170.33,4166.58,4168.97
2026.07.03 16:35,4168.90,4169.72,4167.82,4168.97
2026.07.03 16:40,4168.97,4170.30,4167.99,4170.01
2026.07.03 16:45,4170.07,4171.83,4169.56,4170.87
2026.07.03 16:50,4170.90,4175.59,4170.27,4175.03
2026.07.03 16:55,4175.07,4176.29,4173.62,4174.80
2026.07.05 22:00,4181.75,4181.81,4171.32,4180.30
2026.07.05 22:05,4180.37,4185.58,4178.42,4179.87
2026.07.05 22:10,4179.76,4182.64,4179.25,4181.09
2026.07.05 22:15,4181.07,4181.94,4177.30,4177.69
2026.07.05 22:20,4177.59,4182.45,4177.55,4182.20
2026.07.05 22:25,4182.15,4185.62,4180.56,4184.70
2026.07.05 22:30,4184.74,4187.98,4182.74,4186.44
2026.07.05 22:35,4186.45,4191.39,4185.81,4190.51
2026.07.05 22:40,4190.47,4190.76,4186.53,4188.62
2026.07.05 22:45,4188.56,4189.84,4184.11,4184.33
2026.07.05 22:50,4184.33,4187.27,4183.28,4185.69
2026.07.05 22:55,4185.90,4189.72,4184.82,4188.23
2026.07.05 23:00,4188.33,4191.33,4188.15,4189.46
2026.07.05 23:05,4189.46,4190.91,4188.65,4189.48
2026.07.05 23:10,4189.48,4190.31,4186.82,4187.45
2026.07.05 23:15,4187.43,4189.82,4186.62,4187.84
2026.07.05 23:20,4187.87,4191.05,4187.79,4189.56
2026.07.05 23:25,4189.56,4201.62,4189.27,4200.23
2026.07.05 23:30,4200.23,4201.29,4193.61,4194.86
2026.07.05 23:35,4194.86,4198.39,4193.57,4197.47
2026.07.05 23:40,4197.85,4198.75,4196.29,4196.31
2026.07.05 23:45,4196.30,4197.10,4177.73,4181.77
2026.07.05 23:50,4181.78,4183.78,4180.36,4182.66
2026.07.05 23:55,4182.73,4185.24,4181.79,4183.05
2026.07.06 00:00,4183.08,4185.25,4170.58,4175.31
2026.07.06 00:05,4175.49,4178.68,4171.25,4176.59
2026.07.06 00:10,4176.56,4177.39,4173.72,4174.86
2026.07.06 00:15,4174.77,4181.45,4174.65,4178.13
2026.07.06 00:20,4178.14,4179.03,4175.62,4177.02
2026.07.06 00:25,4177.07,4178.16,4171.07,4174.49
2026.07.06 00:30,4174.54,4182.32,4174.12,4181.07
2026.07.06 00:35,4181.08,4184.79,4178.50,4184.61
2026.07.06 00:40,4184.58,4187.32,4183.12,4185.88
2026.07.06 00:45,4185.85,4188.86,4183.09,4185.20
2026.07.06 00:50,4185.19,4185.44,4181.84,4183.34
2026.07.06 00:55,4183.32,4188.14,4175.07,4180.17
2026.07.06 01:00,4179.45,4192.50,4172.62,4187.21
2026.07.06 01:05,4187.12,4187.24,4176.18,4181.35
2026.07.06 01:10,4180.88,4189.10,4180.12,4188.73
2026.07.06 01:15,4188.72,4192.69,4184.33,4188.66
2026.07.06 01:20,4188.64,4190.43,4180.57,4184.33
2026.07.06 01:25,4184.27,4189.57,4183.33,4189.41
2026.07.06 01:30,4190.39,4197.60,4187.46,4197.60
2026.07.06 01:35,4197.69,4200.23,4191.80,4196.51
2026.07.06 01:40,4196.33,4200.34,4195.08,4198.11
2026.07.06 01:45,4198.09,4202.60,4194.13,4194.45
2026.07.06 01:50,4194.47,4195.05,4190.34,4190.90
2026.07.06 01:55,4190.94,4194.20,4185.05,4185.96
2026.07.06 02:00,4186.25,4187.71,4182.91,4185.27
2026.07.06 02:05,4185.29,4185.46,4178.45,4180.79
2026.07.06 02:10,4180.85,4181.82,4176.95,4180.79
2026.07.06 02:15,4180.56,4184.10,4178.61,4183.65
2026.07.06 02:20,4183.64,4185.93,4175.81,4178.38
2026.07.06 02:25,4178.43,4180.07,4176.61,4177.57
2026.07.06 02:30,4177.53,4178.52,4172.49,4174.86
2026.07.06 02:35,4174.80,4175.82,4168.54,4173.15
2026.07.06 02:40,4173.23,4175.58,4171.29,4172.33
2026.07.06 02:45,4172.50,4175.54,4172.48,4174.11
2026.07.06 02:50,4174.07,4175.85,4172.71,4173.79
2026.07.06 02:55,4173.68,4174.92,4169.95,4174.02
2026.07.06 03:00,4173.88,4176.25,4166.43,4170.53
2026.07.06 03:05,4170.56,4170.89,4166.23,4167.35
2026.07.06 03:10,4167.34,4171.69,4165.45,4166.53
2026.07.06 03:15,4166.51,4167.76,4164.78,4165.55
2026.07.06 03:20,4165.54,4166.30,4162.93,4162.93
2026.07.06 03:25,4163.10,4166.65,4162.52,4165.96
2026.07.06 03:30,4165.53,4167.38,4164.50,4165.93
2026.07.06 03:35,4166.06,4169.01,4165.21,4165.46
2026.07.06 03:40,4165.46,4166.30,4161.61,4162.75
2026.07.06 03:45,4162.75,4164.98,4162.70,4163.10
2026.07.06 03:50,4162.86,4164.16,4160.96,4162.57
2026.07.06 03:55,4162.63,4166.62,4162.25,4165.12
2026.07.06 04:00,4165.11,4166.51,4161.60,4163.20
2026.07.06 04:05,4163.18,4163.57,4161.01,4161.41
2026.07.06 04:10,4161.40,4163.74,4161.40,4163.38
2026.07.06 04:15,4163.38,4164.44,4162.78,4163.74
2026.07.06 04:20,4163.73,4163.90,4160.16,4163.08
2026.07.06 04:25,4163.04,4163.38,4161.09,4161.20
2026.07.06 04:30,4161.19,4162.30,4157.45,4159.48
2026.07.06 04:35,4159.48,4160.83,4157.75,4159.47
2026.07.06 04:40,4159.46,4160.72,4159.08,4160.07
2026.07.06 04:45,4160.08,4160.97,4158.31,4159.95
2026.07.06 04:50,4160.09,4160.86,4158.02,4159.16
2026.07.06 04:55,4159.16,4160.93,4158.16,4159.54
2026.07.06 05:00,4159.64,4160.84,4154.08,4154.08
2026.07.06 05:05,4154.04,4155.92,4152.00,4153.25
2026.07.06 05:10,4153.25,4155.80,4151.21,4152.03
2026.07.06 05:15,4152.03,4153.42,4151.11,4151.57
2026.07.06 05:20,4151.58,4152.55,4150.48,4151.78
2026.07.06 05:25,4151.71,4154.24,4151.27,4152.66
2026.07.06 05:30,4152.60,4158.43,4149.68,4156.41
2026.07.06 05:35,4156.48,4160.25,4153.19,4154.64
2026.07.06 05:40,4154.66,4157.82,4154.65,4155.20
2026.07.06 05:45,4155.19,4155.92,4152.57,4154.30
2026.07.06 05:50,4154.27,4156.74,4153.65,4155.99
2026.07.06 05:55,4156.05,4156.17,4144.71,4147.86
2026.07.06 06:00,4147.88,4150.71,4145.83,4146.46
2026.07.06 06:05,4146.04,4151.74,4145.88,4151.20
2026.07.06 06:10,4151.18,4152.09,4149.49,4151.88
2026.07.06 06:15,4151.84,4151.88,4147.76,4149.00
2026.07.06 06:20,4148.97,4152.53,4148.16,4152.53
2026.07.06 06:25,4152.55,4156.56,4152.15,4156.40
2026.07.06 06:30,4156.11,4159.19,4155.55,4156.91
2026.07.06 06:35,4156.91,4159.39,4154.86,4155.83
2026.07.06 06:40,4155.81,4157.59,4153.22,4155.70
2026.07.06 06:45,4155.67,4156.66,4153.96,4155.48
2026.07.06 06:50,4155.51,4155.92,4150.66,4151.62
2026.07.06 06:55,4151.73,4152.56,4148.93,4150.19
2026.07.06 07:00,4150.56,4153.32,4148.56,4152.69
2026.07.06 07:05,4152.71,4152.83,4147.88,4148.76
2026.07.06 07:10,4148.70,4150.92,4147.12,4150.86
2026.07.06 07:15,4150.77,4154.17,4150.20,4153.07
2026.07.06 07:20,4153.02,4155.60,4151.50,4154.34
2026.07.06 07:25,4154.34,4154.53,4151.41,4152.81
2026.07.06 07:30,4152.80,4157.75,4151.09,4156.89
2026.07.06 07:35,4156.86,4158.54,4155.65,4158.43
2026.07.06 07:40,4158.43,4164.16,4158.43,4163.43
2026.07.06 07:45,4163.54,4166.12,4162.48,4165.88
2026.07.06 07:50,4165.68,4165.81,4162.01,4163.96
2026.07.06 07:55,4163.94,4165.10,4163.04,4164.36
2026.07.06 08:00,4164.66,4165.92,4160.64,4160.91
2026.07.06 08:05,4160.86,4162.68,4160.27,4161.47
2026.07.06 08:10,4161.31,4161.38,4157.05,4157.90
2026.07.06 08:15,4157.94,4158.37,4153.68,4156.23
2026.07.06 08:20,4156.24,4156.55,4153.48,4154.70
2026.07.06 08:25,4154.67,4156.65,4154.13,4155.35
2026.07.06 08:30,4155.24,4155.85,4153.66,4154.12
2026.07.06 08:35,4154.13,4155.08,4149.54,4150.98
2026.07.06 08:40,4150.93,4153.25,4148.47,4148.92
2026.07.06 08:45,4149.06,4150.29,4147.02,4148.41
2026.07.06 08:50,4148.69,4152.77,4148.19,4152.36
2026.07.06 08:55,4152.37,4152.38,4150.32,4150.40
2026.07.06 09:00,4150.38,4150.64,4148.52,4148.80
2026.07.06 09:05,4148.77,4151.11,4147.81,4150.09
2026.07.06 09:10,4150.05,4150.09,4148.70,4149.64
2026.07.06 09:15,4149.52,4149.71,4146.30,4147.16
2026.07.06 09:20,4147.42,4148.78,4146.48,4147.03
2026.07.06 09:25,4146.94,4147.16,4141.47,4143.55
2026.07.06 09:30,4143.17,4143.20,4136.63,4137.65
2026.07.06 09:35,4137.47,4142.73,4136.63,4141.39
2026.07.06 09:40,4141.38,4141.48,4139.33,4139.36
2026.07.06 09:45,4139.33,4141.05,4139.06,4140.21
2026.07.06 09:50,4140.20,4143.24,4140.20,4142.24
2026.07.06 09:55,4142.27,4144.57,4141.79,4143.13
2026.07.06 10:00,4143.13,4144.81,4141.98,4143.67
2026.07.06 10:05,4143.62,4144.50,4142.10,4144.32
2026.07.06 10:10,4144.06,4148.38,4143.73,4148.17
2026.07.06 10:15,4148.20,4150.61,4147.38,4149.44
2026.07.06 10:20,4149.74,4150.62,4148.67,4150.09
2026.07.06 10:25,4150.18,4150.62,4148.24,4148.74
2026.07.06 10:30,4148.77,4154.19,4148.65,4154.11
2026.07.06 10:35,4154.10,4154.75,4152.43,4153.05
2026.07.06 10:40,4153.05,4155.48,4152.82,4154.30
2026.07.06 10:45,4154.30,4154.91,4153.20,4153.70
2026.07.06 10:50,4153.81,4155.69,4152.42,4153.41
2026.07.06 10:55,4153.33,4154.98,4152.34,4154.80
2026.07.06 11:00,4155.21,4156.20,4151.84,4152.26
2026.07.06 11:05,4152.23,4153.92,4151.82,4152.45
2026.07.06 11:10,4152.45,4154.90,4151.42,4154.72
2026.07.06 11:15,4154.88,4158.29,4153.61,4157.49
2026.07.06 11:20,4157.39,4157.39,4155.60,4156.56
2026.07.06 11:25,4156.68,4159.45,4154.84,4154.90
2026.07.06 11:30,4154.88,4158.63,4154.87,4157.42
2026.07.06 11:35,4157.44,4157.45,4154.40,4155.12
2026.07.06 11:40,4155.12,4155.89,4152.50,4153.48
2026.07.06 11:45,4153.59,4155.16,4152.22,4152.74
2026.07.06 11:50,4152.75,4155.14,4151.87,4155.14
2026.07.06 11:55,4155.13,4155.79,4153.80,4155.15
2026.07.06 12:00,4155.25,4158.28,4153.84,4156.35
2026.07.06 12:05,4156.52,4158.37,4156.27,4156.38
2026.07.06 12:10,4156.33,4157.03,4153.65,4155.98
2026.07.06 12:15,4156.00,4156.92,4155.02,4155.63
2026.07.06 12:20,4155.65,4157.44,4146.76,4147.01
2026.07.06 12:25,4147.02,4149.65,4145.16,4145.68
2026.07.06 12:30,4145.69,4146.16,4142.53,4143.16
2026.07.06 12:35,4143.67,4143.89,4138.36,4139.55
2026.07.06 12:40,4139.57,4139.88,4131.40,4133.27
2026.07.06 12:45,4133.36,4140.62,4133.12,4135.16
2026.07.06 12:50,4135.14,4139.71,4134.37,4139.35
2026.07.06 12:55,4139.32,4142.62,4139.06,4139.53
2026.07.06 13:00,4139.79,4146.53,4137.05,4144.70
2026.07.06 13:05,4144.57,4148.32,4142.77,4145.56
2026.07.06 13:10,4145.56,4148.25,4140.72,4141.23
2026.07.06 13:15,4141.27,4142.23,4138.58,4139.88
2026.07.06 13:20,4139.84,4148.32,4139.46,4146.57
2026.07.06 13:25,4146.58,4148.66,4142.19,4142.19
2026.07.06 13:30,4142.37,4150.11,4141.96,4149.03
2026.07.06 13:35,4149.04,4149.11,4143.78,4148.97
2026.07.06 13:40,4148.95,4150.33,4144.47,4149.17
2026.07.06 13:45,4149.22,4149.47,4141.23,4146.51
2026.07.06 13:50,4146.84,4148.68,4142.38,4145.95
2026.07.06 13:55,4145.94,4146.53,4136.65,4140.81
2026.07.06 14:00,4140.76,4147.07,4138.32,4140.73
2026.07.06 14:05,4140.90,4142.76,4133.48,4136.12
2026.07.06 14:10,4135.86,4144.88,4135.86,4140.54
2026.07.06 14:15,4140.54,4140.67,4134.50,4136.33
2026.07.06 14:20,4136.34,4138.49,4132.49,4132.52
2026.07.06 14:25,4132.92,4138.68,4132.92,4137.10
2026.07.06 14:30,4137.08,4141.16,4133.49,4140.89
2026.07.06 14:35,4140.89,4141.69,4136.06,4137.39
2026.07.06 14:40,4137.17,4138.92,4128.46,4130.07
2026.07.06 14:45,4130.11,4134.38,4128.98,4133.43
2026.07.06 14:50,4133.43,4136.46,4132.86,4135.65
2026.07.06 14:55,4135.62,4138.08,4134.08,4138.05
2026.07.06 15:00,4138.30,4144.40,4137.45,4144.09
2026.07.06 15:05,4144.10,4146.39,4141.94,4144.26
2026.07.06 15:10,4144.26,4144.59,4138.21,4139.68
2026.07.06 15:15,4139.61,4142.85,4139.35,4139.94
2026.07.06 15:20,4139.93,4144.96,4138.60,4143.54
2026.07.06 15:25,4143.64,4150.83,4143.42,4150.50
2026.07.06 15:30,4150.56,4151.82,4147.82,4149.93
2026.07.06 15:35,4149.96,4151.14,4147.10,4150.91
2026.07.06 15:40,4150.92,4150.97,4148.69,4149.84
2026.07.06 15:45,4150.00,4150.46,4146.81,4147.20
2026.07.06 15:50,4147.21,4148.06,4145.02,4145.84
2026.07.06 15:55,4145.82,4148.61,4144.77,4148.22
2026.07.06 16:00,4148.23,4148.31,4143.20,4143.89
2026.07.06 16:05,4143.90,4144.81,4143.20,4143.91
2026.07.06 16:10,4144.01,4144.53,4140.35,4140.46
2026.07.06 16:15,4140.71,4143.73,4140.19,4143.50
2026.07.06 16:20,4143.48,4145.39,4142.14,4145.39
2026.07.06 16:25,4145.41,4146.22,4143.86,4145.49
2026.07.06 16:30,4145.50,4148.32,4145.18,4147.05
2026.07.06 16:35,4147.06,4149.71,4146.74,4149.38
2026.07.06 16:40,4149.41,4150.20,4148.23,4149.27
2026.07.06 16:45,4149.30,4149.98,4148.73,4149.85
2026.07.06 16:50,4150.14,4155.51,4150.14,4153.94
2026.07.06 16:55,4153.97,4156.10,4152.81,4154.92
2026.07.06 17:00,4154.92,4155.66,4152.39,4152.90
2026.07.06 17:05,4152.92,4156.14,4152.92,4154.24
2026.07.06 17:10,4154.24,4155.39,4152.64,4153.46
2026.07.06 17:15,4153.46,4154.53,4150.97,4151.64
2026.07.06 17:20,4151.55,4158.66,4150.25,4157.09
2026.07.06 17:25,4157.10,4159.35,4154.31,4155.37
2026.07.06 17:30,4155.55,4158.21,4154.84,4158.12
2026.07.06 17:35,4158.06,4158.67,4156.24,4158.49
2026.07.06 17:40,4158.49,4159.15,4156.63,4156.63
2026.07.06 17:45,4156.50,4159.85,4156.21,4159.47
2026.07.06 17:50,4159.47,4161.06,4158.73,4159.44
2026.07.06 17:55,4159.45,4161.48,4158.86,4161.28
2026.07.06 18:00,4161.35,4161.81,4156.86,4157.35
2026.07.06 18:05,4157.40,4157.45,4155.35,4156.24
2026.07.06 18:10,4156.24,4158.30,4155.31,4157.95
2026.07.06 18:15,4158.14,4161.49,4158.14,4161.07
2026.07.06 18:20,4161.05,4161.87,4160.06,4161.68
2026.07.06 18:25,4161.69,4163.02,4161.13,4161.66
2026.07.06 18:30,4161.75,4163.87,4159.68,4163.48
2026.07.06 18:35,4163.48,4167.35,4163.47,4165.14
2026.07.06 18:40,4165.16,4165.50,4162.72,4164.05
2026.07.06 18:45,4164.07,4165.10,4163.63,4164.34
2026.07.06 18:50,4164.32,4164.52,4162.02,4162.80
2026.07.06 18:55,4162.80,4164.10,4162.40,4163.78
2026.07.06 19:00,4163.79,4165.24,4161.61,4161.64
2026.07.06 19:05,4161.62,4162.03,4159.78,4160.65
2026.07.06 19:10,4160.64,4160.85,4158.94,4159.33
2026.07.06 19:15,4159.32,4161.07,4158.78,4161.03
2026.07.06 19:20,4161.02,4162.32,4160.43,4162.14
2026.07.06 19:25,4162.14,4163.21,4161.51,4162.76
2026.07.06 19:30,4162.86,4163.00,4161.41,4161.92
2026.07.06 19:35,4161.90,4161.94,4159.73,4159.94
2026.07.06 19:40,4159.94,4161.12,4159.71,4161.11
2026.07.06 19:45,4161.09,4163.92,4161.09,4163.32
2026.07.06 19:50,4163.33,4165.04,4162.83,4163.45
2026.07.06 19:55,4163.53,4163.69,4161.27,4163.66
2026.07.06 20:00,4163.87,4164.47,4162.33,4162.65
2026.07.06 20:05,4162.45,4162.62,4161.19,4161.67
2026.07.06 20:10,4161.62,4161.86,4160.91,4160.91
2026.07.06 20:15,4160.90,4161.50,4160.67,4161.37
2026.07.06 20:20,4161.39,4161.92,4160.85,4161.75
2026.07.06 20:25,4161.75,4163.23,4161.69,4162.88
2026.07.06 20:30,4162.88,4164.48,4162.64,4164.35
2026.07.06 20:35,4164.35,4164.72,4163.53,4163.66
2026.07.06 20:40,4163.66,4164.10,4162.94,4162.94
2026.07.06 20:45,4163.04,4163.70,4162.92,4163.25
2026.07.06 20:50,4163.34,4164.60,4163.25,4164.27
2026.07.06 20:55,4164.38,4165.41,4163.48,4164.75
2026.07.06 22:00,4160.61,4167.53,4160.61,4164.60
2026.07.06 22:05,4164.65,4166.41,4164.01,4165.62
2026.07.06 22:10,4165.62,4166.31,4165.02,4165.91
2026.07.06 22:15,4165.91,4167.24,4165.90,4167.02
2026.07.06 22:20,4167.02,4167.02,4165.48,4165.48
2026.07.06 22:25,4165.48,4166.02,4165.00,4165.93
2026.07.06 22:30,4166.21,4168.28,4166.08,4168.28
2026.07.06 22:35,4168.25,4168.33,4166.13,4167.32
2026.07.06 22:40,4167.33,4167.64,4167.11,4167.21
2026.07.06 22:45,4167.20,4167.70,4165.77,4165.77
2026.07.06 22:50,4165.73,4165.89,4164.20,4164.63
2026.07.06 22:55,4164.67,4165.41,4164.08,4164.17
2026.07.06 23:00,4164.22,4165.38,4164.06,4164.91
2026.07.06 23:05,4164.91,4165.24,4163.00,4164.15
2026.07.06 23:10,4164.11,4165.52,4163.48,4165.42
2026.07.06 23:15,4165.44,4165.52,4163.50,4164.49
2026.07.06 23:20,4164.49,4164.61,4163.41,4163.64
2026.07.06 23:25,4163.74,4163.93,4162.90,4163.32
2026.07.06 23:30,4163.15,4165.17,4162.55,4164.50
2026.07.06 23:35,4164.50,4164.50,4162.64,4162.96
2026.07.06 23:40,4162.96,4163.05,4160.85,4161.87
2026.07.06 23:45,4161.87,4163.63,4161.26,4163.15
2026.07.06 23:50,4163.20,4163.30,4161.25,4161.70
2026.07.06 23:55,4161.70,4162.01,4156.88,4157.29
2026.07.07 00:00,4157.17,4157.17,4154.71,4156.29
2026.07.07 00:05,4156.33,4158.21,4155.73,4156.47
2026.07.07 00:10,4156.46,4157.92,4152.73,4155.94
2026.07.07 00:15,4156.04,4156.94,4151.91,4156.88
2026.07.07 00:20,4156.82,4160.49,4156.05,4158.68
2026.07.07 00:25,4158.69,4160.20,4157.05,4159.72
2026.07.07 00:30,4159.73,4162.61,4156.63,4156.64
2026.07.07 00:35,4156.52,4157.18,4150.69,4151.00
2026.07.07 00:40,4150.98,4151.08,4148.37,4149.57
2026.07.07 00:45,4149.47,4152.12,4147.61,4150.65
2026.07.07 00:50,4150.68,4153.44,4150.45,4152.91
2026.07.07 00:55,4152.82,4153.71,4145.32,4145.99
2026.07.07 01:00,4145.99,4147.91,4140.68,4147.48
2026.07.07 01:05,4147.40,4147.94,4139.15,4141.44
2026.07.07 01:10,4141.39,4142.69,4137.77,4141.57
2026.07.07 01:15,4141.61,4142.75,4134.50,4136.15
2026.07.07 01:20,4136.07,4136.68,4132.11,4133.01
2026.07.07 01:25,4133.04,4134.72,4125.93,4132.57
2026.07.07 01:30,4132.57,4140.30,4132.11,4139.07
2026.07.07 01:35,4139.09,4140.41,4137.63,4138.97
2026.07.07 01:40,4139.04,4142.05,4137.92,4142.00
2026.07.07 01:45,4142.02,4146.16,4142.02,4144.32
2026.07.07 01:50,4144.32,4144.79,4141.64,4143.96
2026.07.07 01:55,4143.99,4144.85,4140.57,4141.80
2026.07.07 02:00,4141.80,4142.77,4139.83,4140.91
2026.07.07 02:05,4140.93,4141.16,4137.71,4138.08
2026.07.07 02:10,4138.05,4144.24,4138.05,4142.21
2026.07.07 02:15,4142.39,4143.45,4140.63,4141.81
2026.07.07 02:20,4141.80,4143.41,4138.15,4143.34
2026.07.07 02:25,4143.33,4145.14,4140.48,4140.53
2026.07.07 02:30,4140.36,4140.86,4136.31,4138.41
2026.07.07 02:35,4138.46,4143.98,4137.96,4141.83
2026.07.07 02:40,4141.83,4143.21,4138.74,4139.39
2026.07.07 02:45,4139.42,4139.55,4133.99,4135.21
2026.07.07 02:50,4135.11,4136.79,4131.28,4133.47
2026.07.07 02:55,4133.46,4137.05,4132.06,4136.54
2026.07.07 03:00,4136.58,4139.13,4135.01,4139.13
2026.07.07 03:05,4139.13,4139.96,4137.25,4138.41
2026.07.07 03:10,4138.42,4138.51,4136.09,4136.58
2026.07.07 03:15,4136.45,4137.25,4134.13,4135.72
2026.07.07 03:20,4135.69,4137.49,4131.46,4132.14
2026.07.07 03:25,4132.40,4133.87,4129.14,4132.09
2026.07.07 03:30,4131.82,4133.96,4130.69,4133.77
2026.07.07 03:35,4133.75,4134.73,4131.92,4132.45
2026.07.07 03:40,4132.41,4133.10,4127.05,4129.48
2026.07.07 03:45,4129.49,4129.49,4124.29,4126.14
2026.07.07 03:50,4126.05,4127.99,4125.80,4127.75
2026.07.07 03:55,4127.75,4131.41,4126.53,4131.00
2026.07.07 04:00,4131.03,4133.99,4130.28,4132.88
2026.07.07 04:05,4132.88,4139.92,4132.70,4139.60
2026.07.07 04:10,4139.73,4141.15,4136.23,4136.28
2026.07.07 04:15,4136.27,4137.18,4131.18,4132.39
2026.07.07 04:20,4132.42,4134.28,4130.79,4133.13
2026.07.07 04:25,4133.24,4134.37,4131.28,4132.16
2026.07.07 04:30,4132.12,4132.25,4129.41,4130.48
2026.07.07 04:35,4130.46,4130.88,4129.25,4130.47
2026.07.07 04:40,4130.26,4131.45,4128.60,4128.61
2026.07.07 04:45,4128.60,4131.08,4128.60,4129.23
2026.07.07 04:50,4129.16,4130.02,4127.54,4127.80
2026.07.07 04:55,4127.80,4127.85,4125.80,4126.53
2026.07.07 05:00,4126.58,4128.18,4122.61,4128.18
2026.07.07 05:05,4128.22,4131.14,4124.90,4125.93
2026.07.07 05:10,4126.04,4127.28,4122.07,4122.24
2026.07.07 05:15,4122.25,4125.57,4121.42,4122.22
2026.07.07 05:20,4122.12,4126.42,4120.85,4126.33
2026.07.07 05:25,4126.31,4128.38,4125.23,4128.21
2026.07.07 05:30,4128.23,4128.23,4120.23,4122.87
2026.07.07 05:35,4122.81,4126.69,4119.41,4119.70
2026.07.07 05:40,4119.89,4122.39,4116.70,4122.36
2026.07.07 05:45,4122.34,4123.85,4120.20,4121.64
2026.07.07 05:50,4121.62,4125.47,4121.35,4125.11
2026.07.07 05:55,4125.14,4127.04,4123.52,4123.82
2026.07.07 06:00,4123.55,4129.25,4123.19,4126.55
2026.07.07 06:05,4126.60,4128.36,4122.66,4122.94
2026.07.07 06:10,4122.91,4123.89,4121.45,4123.40
2026.07.07 06:15,4123.43,4125.94,4123.27,4123.70
2026.07.07 06:20,4123.71,4127.95,4123.71,4127.95
2026.07.07 06:25,4128.01,4129.50,4126.37,4126.78
2026.07.07 06:30,4126.69,4129.45,4124.78,4127.95
2026.07.07 06:35,4128.00,4129.14,4126.87,4128.11
2026.07.07 06:40,4128.10,4132.30,4127.98,4132.28
2026.07.07 06:45,4132.31,4132.86,4128.34,4129.53
2026.07.07 06:50,4129.53,4131.24,4128.93,4129.15
2026.07.07 06:55,4129.17,4131.11,4128.87,4130.34
2026.07.07 07:00,4130.35,4131.11,4124.30,4127.01
2026.07.07 07:05,4126.88,4127.56,4124.51,4126.45
2026.07.07 07:10,4126.46,4130.19,4125.27,4129.51
2026.07.07 07:15,4129.32,4131.65,4128.33,4130.31
2026.07.07 07:20,4130.31,4132.06,4125.99,4127.05
2026.07.07 07:25,4127.20,4129.18,4126.54,4126.55
2026.07.07 07:30,4126.52,4128.12,4125.74,4127.64
2026.07.07 07:35,4127.87,4129.97,4127.26,4128.77
2026.07.07 07:40,4128.77,4130.98,4127.30,4130.04
2026.07.07 07:45,4129.94,4133.38,4126.20,4127.12
2026.07.07 07:50,4127.10,4128.26,4126.03,4126.67
2026.07.07 07:55,4126.67,4126.75,4124.39,4124.63
2026.07.07 08:00,4124.29,4130.17,4124.29,4128.29
2026.07.07 08:05,4128.29,4130.61,4127.49,4129.97
2026.07.07 08:10,4130.11,4139.05,4129.87,4136.92
2026.07.07 08:15,4136.92,4138.02,4134.41,4135.39
2026.07.07 08:20,4135.40,4137.92,4133.97,4136.28
2026.07.07 08:25,4136.17,4138.60,4136.14,4138.53
2026.07.07 08:30,4138.53,4138.88,4133.06,4134.55
2026.07.07 08:35,4134.55,4134.78,4130.26,4131.79
2026.07.07 08:40,4131.80,4133.14,4128.83,4131.00
2026.07.07 08:45,4130.72,4130.72,4127.90,4128.04
2026.07.07 08:50,4128.04,4128.55,4121.79,4123.87
2026.07.07 08:55,4123.87,4126.90,4122.20,4125.92
2026.07.07 09:00,4125.91,4127.78,4124.36,4127.71
2026.07.07 09:05,4127.51,4128.27,4125.87,4126.52
2026.07.07 09:10,4126.54,4128.82,4126.26,4127.44
2026.07.07 09:15,4127.49,4130.82,4127.03,4128.96
2026.07.07 09:20,4128.95,4128.95,4125.93,4126.86
2026.07.07 09:25,4126.89,4128.30,4119.77,4121.43
2026.07.07 09:30,4121.56,4128.03,4121.54,4127.84
2026.07.07 09:35,4127.21,4131.49,4126.46,4129.30
2026.07.07 09:40,4129.27,4133.63,4129.25,4132.81
2026.07.07 09:45,4132.85,4133.00,4127.36,4127.37
2026.07.07 09:50,4127.35,4130.15,4125.00,4130.09
2026.07.07 09:55,4130.03,4132.23,4129.46,4131.03
2026.07.07 10:00,4131.08,4133.81,4131.05,4132.34
2026.07.07 10:05,4132.39,4133.96,4132.01,4133.49
2026.07.07 10:10,4133.64,4134.96,4132.17,4132.43
2026.07.07 10:15,4132.48,4136.72,4132.02,4136.31
2026.07.07 10:20,4136.34,4137.05,4134.55,4137.05
2026.07.07 10:25,4137.02,4138.78,4135.95,4137.32
2026.07.07 10:30,4137.29,4137.38,4134.53,4135.44
2026.07.07 10:35,4135.47,4136.38,4135.08,4136.26
2026.07.07 10:40,4136.53,4137.12,4135.50,4135.50
2026.07.07 10:45,4135.50,4136.00,4133.39,4133.39
2026.07.07 10:50,4133.41,4135.15,4133.41,4135.11
2026.07.07 10:55,4135.52,4136.96,4134.12,4135.58
2026.07.07 11:00,4135.75,4136.12,4133.67,4134.25
2026.07.07 11:05,4134.31,4135.17,4131.75,4132.21
2026.07.07 11:10,4132.16,4134.01,4131.81,4133.13
2026.07.07 11:15,4133.17,4142.55,4132.95,4140.79
2026.07.07 11:20,4140.79,4144.13,4139.66,4144.06
2026.07.07 11:25,4144.08,4144.88,4142.65,4143.05
2026.07.07 11:30,4142.93,4143.89,4139.54,4143.18
2026.07.07 11:35,4143.19,4147.79,4142.69,4145.29
2026.07.07 11:40,4145.29,4148.85,4144.92,4148.35
2026.07.07 11:45,4148.23,4151.57,4147.00,4149.72
2026.07.07 11:50,4149.75,4152.65,4147.13,4150.78
2026.07.07 11:55,4150.88,4158.10,4150.86,4156.80
2026.07.07 12:00,4157.10,4159.76,4154.62,4159.07
2026.07.07 12:05,4159.07,4171.06,4158.09,4169.46
2026.07.07 12:10,4169.45,4174.43,4165.67,4173.20
2026.07.07 12:15,4173.20,4174.88,4168.77,4169.01
2026.07.07 12:20,4168.81,4170.14,4163.17,4164.12
2026.07.07 12:25,4164.12,4169.31,4163.03,4165.95
2026.07.07 12:30,4165.95,4168.16,4163.86,4163.98
2026.07.07 12:35,4163.99,4166.99,4162.40,4166.10
2026.07.07 12:40,4166.18,4167.30,4161.72,4166.41
2026.07.07 12:45,4166.37,4168.64,4164.26,4165.44
2026.07.07 12:50,4165.44,4170.16,4165.44,4167.16
2026.07.07 12:55,4167.15,4172.59,4166.87,4172.17
2026.07.07 13:00,4172.23,4178.16,4165.10,4165.77
2026.07.07 13:05,4165.78,4167.04,4161.99,4162.53
2026.07.07 13:10,4162.52,4171.48,4160.11,4171.33
2026.07.07 13:15,4171.33,4171.33,4168.13,4168.71
2026.07.07 13:20,4168.76,4172.35,4165.60,4165.98
2026.07.07 13:25,4165.94,4169.24,4164.21,4166.26
2026.07.07 13:30,4166.49,4171.01,4163.60,4169.58
2026.07.07 13:35,4169.21,4179.63,4168.22,4170.56
2026.07.07 13:40,4170.50,4180.28,4168.47,4177.43
2026.07.07 13:45,4177.45,4179.82,4170.68,4173.14
2026.07.07 13:50,4173.12,4174.28,4164.52,4165.91
2026.07.07 13:55,4165.90,4167.42,4156.03,4158.56
2026.07.07 14:00,4158.52,4163.44,4153.06,4154.67
2026.07.07 14:05,4154.67,4158.00,4152.07,4155.89
2026.07.07 14:10,4155.87,4156.88,4151.06,4152.20
2026.07.07 14:15,4152.06,4159.67,4151.38,4158.63
2026.07.07 14:20,4158.69,4158.81,4151.95,4152.31
2026.07.07 14:25,4152.25,4158.09,4151.14,4158.08
2026.07.07 14:30,4158.09,4159.11,4151.15,4151.15
2026.07.07 14:35,4151.15,4151.31,4147.01,4149.51
2026.07.07 14:40,4149.48,4152.35,4143.57,4152.24
2026.07.07 14:45,4152.15,4157.55,4151.84,4156.42
2026.07.07 14:50,4156.33,4157.28,4153.57,4153.87
2026.07.07 14:55,4153.89,4156.64,4153.59,4154.19
2026.07.07 15:00,4154.25,4154.49,4150.02,4151.53
2026.07.07 15:05,4151.54,4155.49,4149.63,4153.30
2026.07.07 15:10,4153.22,4155.36,4148.18,4148.56
2026.07.07 15:15,4148.54,4148.78,4141.81,4144.66
2026.07.07 15:20,4144.65,4146.69,4143.46,4145.27
2026.07.07 15:25,4145.22,4146.49,4141.69,4142.93
2026.07.07 15:30,4142.99,4145.96,4142.77,4143.67
2026.07.07 15:35,4143.72,4145.99,4142.21,4145.50
2026.07.07 15:40,4145.49,4148.26,4144.06,4146.51
2026.07.07 15:45,4146.51,4147.93,4142.13,4142.13
2026.07.07 15:50,4141.75,4143.17,4137.59,4137.89
2026.07.07 15:55,4137.89,4139.01,4135.81,4138.97
2026.07.07 16:00,4138.98,4140.63,4137.04,4139.56
2026.07.07 16:05,4139.56,4143.47,4139.16,4140.17
2026.07.07 16:10,4140.16,4142.35,4139.36,4141.01
2026.07.07 16:15,4140.94,4144.53,4140.74,4143.83
2026.07.07 16:20,4144.06,4146.04,4142.50,4144.44
2026.07.07 16:25,4144.66,4147.12,4143.90,4146.22
2026.07.07 16:30,4145.99,4146.51,4142.99,4143.20
2026.07.07 16:35,4143.22,4145.00,4142.52,4144.28
2026.07.07 16:40,4144.29,4145.05,4142.75,4143.18
2026.07.07 16:45,4143.22,4144.62,4140.94,4144.60
2026.07.07 16:50,4144.59,4146.57,4144.28,4144.41
2026.07.07 16:55,4144.39,4144.96,4142.86,4144.94
2026.07.07 17:00,4144.95,4145.90,4143.98,4145.90
2026.07.07 17:05,4145.83,4146.79,4145.20,4145.61
2026.07.07 17:10,4145.43,4145.51,4142.10,4142.89
2026.07.07 17:15,4142.91,4143.10,4140.52,4142.90
2026.07.07 17:20,4142.97,4145.80,4141.79,4145.18
2026.07.07 17:25,4145.20,4146.52,4143.85,4145.88
2026.07.07 17:30,4145.86,4148.06,4145.51,4145.98
2026.07.07 17:35,4145.96,4146.68,4144.54,4145.97
2026.07.07 17:40,4145.98,4147.65,4145.77,4147.01
2026.07.07 17:45,4147.08,4147.24,4145.18,4145.18
2026.07.07 17:50,4145.11,4145.26,4142.95,4143.61
2026.07.07 17:55,4143.57,4144.68,4143.44,4144.42
2026.07.07 18:00,4144.59,4145.08,4141.26,4142.35
2026.07.07 18:05,4142.33,4142.59,4141.37,4141.66
2026.07.07 18:10,4141.65,4142.70,4140.82,4142.23
2026.07.07 18:15,4142.26,4142.31,4140.14,4141.72
2026.07.07 18:20,4141.72,4144.07,4140.63,4143.02
2026.07.07 18:25,4142.95,4144.10,4141.49,4141.59
2026.07.07 18:30,4141.44,4141.75,4136.14,4138.90
2026.07.07 18:35,4138.88,4142.32,4138.88,4141.29
2026.07.07 18:40,4141.21,4141.85,4139.66,4141.85
2026.07.07 18:45,4141.97,4142.42,4132.03,4134.60
2026.07.07 18:50,4134.66,4135.85,4125.07,4127.07
2026.07.07 18:55,4126.94,4130.62,4125.84,4126.84
2026.07.07 19:00,4126.66,4127.52,4117.89,4121.64
2026.07.07 19:05,4121.67,4121.67,4108.40,4110.96
2026.07.07 19:10,4110.95,4111.32,4103.18,4105.65
2026.07.07 19:15,4105.69,4105.70,4092.21,4098.80
2026.07.07 19:20,4098.76,4102.80,4093.86,4101.71
2026.07.07 19:25,4101.50,4106.76,4098.21,4103.41
2026.07.07 19:30,4103.40,4113.37,4103.40,4112.48
2026.07.07 19:35,4112.47,4114.88,4109.54,4110.64
2026.07.07 19:40,4110.67,4111.62,4108.17,4109.10
2026.07.07 19:45,4109.29,4113.45,4108.04,4112.12
2026.07.07 19:50,4112.17,4115.62,4110.35,4115.32
2026.07.07 19:55,4115.21,4117.58,4113.85,4114.51
2026.07.07 20:00,4113.41,4115.60,4112.73,4115.12
2026.07.07 20:05,4115.21,4115.33,4112.73,4113.97
2026.07.07 20:10,4114.03,4115.77,4112.26,4112.93
2026.07.07 20:15,4112.80,4113.08,4107.67,4109.14
2026.07.07 20:20,4109.16,4109.17,4106.38,4108.49
2026.07.07 20:25,4108.49,4110.83,4108.49,4110.75
2026.07.07 20:30,4110.74,4111.01,4107.01,4107.01
2026.07.07 20:35,4107.18,4107.32,4104.38,4104.67
2026.07.07 20:40,4104.71,4107.14,4104.59,4105.75
2026.07.07 20:45,4105.93,4106.63,4104.85,4105.05
2026.07.07 20:50,4105.08,4105.76,4103.37,4104.98
2026.07.07 20:55,4105.00,4106.86,4104.08,4105.58
2026.07.07 22:00,4097.06,4105.68,4093.88,4105.01
2026.07.07 22:05,4105.21,4106.19,4100.51,4101.08
2026.07.07 22:10,4101.09,4104.23,4100.31,4104.04
2026.07.07 22:15,4103.96,4104.06,4101.05,4102.76
2026.07.07 22:20,4102.76,4103.28,4101.55,4102.56
2026.07.07 22:25,4102.56,4102.56,4099.43,4099.45
2026.07.07 22:30,4099.76,4100.87,4098.83,4099.87
2026.07.07 22:35,4099.87,4102.57,4099.87,4102.56
2026.07.07 22:40,4102.54,4102.55,4100.33,4101.06
2026.07.07 22:45,4101.03,4101.04,4097.09,4097.84
2026.07.07 22:50,4097.91,4100.05,4095.90,4097.90
2026.07.07 22:55,4097.86,4099.30,4095.97,4098.27
2026.07.07 23:00,4098.27,4101.44,4096.09,4101.23
2026.07.07 23:05,4101.28,4106.91,4100.71,4105.78
2026.07.07 23:10,4105.77,4107.84,4104.41,4105.91
2026.07.07 23:15,4105.99,4105.99,4101.48,4102.28
2026.07.07 23:20,4102.29,4104.14,4101.09,4103.84
2026.07.07 23:25,4103.27,4106.49,4102.67,4104.86
2026.07.07 23:30,4104.86,4105.35,4100.52,4101.12
2026.07.07 23:35,4101.12,4102.53,4100.35,4102.07
2026.07.07 23:40,4102.07,4103.56,4097.35,4098.21
2026.07.07 23:45,4098.23,4099.29,4095.84,4097.93
2026.07.07 23:50,4097.92,4101.21,4097.67,4098.43
2026.07.07 23:55,4098.40,4098.51,4096.06,4098.46
2026.07.08 00:00,4098.26,4102.36,4096.87,4102.34
2026.07.08 00:05,4102.35,4102.85,4097.64,4099.92
2026.07.08 00:10,4099.84,4103.85,4098.91,4100.04
2026.07.08 00:15,4100.15,4103.22,4098.93,4103.13
2026.07.08 00:20,4103.24,4106.12,4100.84,4105.87
2026.07.08 00:25,4105.89,4107.80,4104.00,4105.41
2026.07.08 00:30,4105.45,4109.69,4103.88,4109.48
2026.07.08 00:35,4109.50,4122.81,4107.45,4122.80
2026.07.08 00:40,4122.80,4126.57,4121.28,4123.19
2026.07.08 00:45,4123.20,4125.08,4120.06,4121.56
2026.07.08 00:50,4121.55,4121.80,4115.07,4115.30
2026.07.08 00:55,4115.30,4118.36,4111.24,4111.45
2026.07.08 01:00,4111.78,4117.75,4107.54,4108.36
2026.07.08 01:05,4108.16,4108.23,4098.44,4104.01
2026.07.08 01:10,4103.99,4111.66,4103.48,4108.40
2026.07.08 01:15,4108.40,4108.69,4104.10,4106.90
2026.07.08 01:20,4106.94,4109.93,4105.18,4105.92
2026.07.08 01:25,4105.94,4110.17,4102.11,4102.67
2026.07.08 01:30,4102.66,4105.79,4097.52,4098.02
2026.07.08 01:35,4097.98,4100.31,4096.40,4100.06
2026.07.08 01:40,4100.21,4105.53,4098.85,4103.19
2026.07.08 01:45,4103.19,4112.80,4102.29,4110.06
2026.07.08 01:50,4110.33,4112.72,4104.46,4108.78
2026.07.08 01:55,4109.03,4111.67,4107.35,4111.15
2026.07.08 02:00,4111.22,4111.62,4106.01,4108.30
2026.07.08 02:05,4108.26,4117.30,4107.87,4116.61
2026.07.08 02:10,4116.64,4117.95,4111.99,4112.25
2026.07.08 02:15,4112.21,4116.29,4112.04,4114.73
2026.07.08 02:20,4114.72,4121.68,4113.39,4120.21
2026.07.08 02:25,4119.77,4124.78,4118.65,4118.92
2026.07.08 02:30,4118.87,4120.90,4116.29,4119.20
2026.07.08 02:35,4119.09,4120.37,4116.93,4120.01
2026.07.08 02:40,4120.00,4120.31,4118.11,4120.13
2026.07.08 02:45,4120.13,4120.65,4115.95,4116.76
2026.07.08 02:50,4116.86,4117.60,4114.41,4116.31
2026.07.08 02:55,4116.32,4116.49,4113.35,4114.52
2026.07.08 03:00,4114.46,4129.18,4114.46,4125.62
2026.07.08 03:05,4125.62,4129.71,4122.25,4127.06
2026.07.08 03:10,4127.06,4130.66,4126.00,4127.98
2026.07.08 03:15,4128.09,4128.69,4124.68,4126.68
2026.07.08 03:20,4126.71,4129.21,4125.99,4128.20
2026.07.08 03:25,4128.19,4130.71,4127.35,4129.79
2026.07.08 03:30,4129.83,4131.03,4126.64,4128.15
2026.07.08 03:35,4128.16,4128.45,4125.89,4126.67
2026.07.08 03:40,4126.62,4127.37,4125.50,4126.57
2026.07.08 03:45,4126.56,4129.00,4125.82,4128.44
2026.07.08 03:50,4128.45,4128.86,4126.71,4126.86
2026.07.08 03:55,4126.86,4126.91,4122.62,4123.35
2026.07.08 04:00,4123.36,4124.66,4121.57,4122.79
2026.07.08 04:05,4122.79,4128.73,4122.46,4128.46
2026.07.08 04:10,4128.44,4128.46,4124.03,4124.33
2026.07.08 04:15,4124.32,4124.33,4120.52,4122.91
2026.07.08 04:20,4122.91,4127.20,4121.79,4125.92
2026.07.08 04:25,4125.95,4127.06,4124.75,4125.84
2026.07.08 04:30,4125.86,4128.00,4124.47,4125.91
2026.07.08 04:35,4125.98,4127.97,4124.82,4125.15
2026.07.08 04:40,4125.37,4125.80,4122.15,4125.00
2026.07.08 04:45,4124.93,4126.79,4124.42,4124.66
2026.07.08 04:50,4124.67,4126.24,4123.96,4123.99
2026.07.08 04:55,4123.98,4126.66,4123.66,4124.98
2026.07.08 05:00,4124.99,4127.90,4124.75,4127.88
2026.07.08 05:05,4127.89,4133.85,4127.82,4128.23
2026.07.08 05:10,4128.25,4128.25,4125.15,4125.74
2026.07.08 05:15,4125.56,4129.28,4125.45,4127.17
2026.07.08 05:20,4127.19,4127.82,4122.56,4124.34
2026.07.08 05:25,4124.34,4126.23,4121.87,4121.89
2026.07.08 05:30,4122.02,4128.16,4121.16,4127.74
2026.07.08 05:35,4127.64,4130.08,4125.77,4127.60
2026.07.08 05:40,4127.59,4131.55,4126.72,4128.18
2026.07.08 05:45,4128.20,4129.91,4125.12,4125.29
2026.07.08 05:50,4125.22,4126.79,4124.78,4126.41
2026.07.08 05:55,4126.23,4129.14,4125.59,4127.70
2026.07.08 06:00,4127.70,4128.97,4123.36,4123.36
2026.07.08 06:05,4123.39,4125.71,4122.08,4125.54
2026.07.08 06:10,4125.61,4131.58,4124.58,4131.37
2026.07.08 06:15,4131.39,4132.80,4128.77,4130.24
2026.07.08 06:20,4130.29,4133.54,4128.73,4132.15
2026.07.08 06:25,4132.24,4132.41,4129.34,4129.81
2026.07.08 06:30,4129.54,4129.76,4125.17,4126.16
2026.07.08 06:35,4126.13,4126.93,4124.53,4126.18
2026.07.08 06:40,4126.16,4127.82,4125.59,4126.47
2026.07.08 06:45,4126.48,4127.06,4123.93,4124.75
2026.07.08 06:50,4124.79,4126.48,4124.57,4124.97
2026.07.08 06:55,4125.00,4125.64,4123.36,4123.53
2026.07.08 07:00,4123.39,4125.14,4120.50,4120.50
2026.07.08 07:05,4120.49,4121.04,4118.18,4120.48
2026.07.08 07:10,4120.49,4120.84,4116.40,4117.90
2026.07.08 07:15,4117.90,4118.42,4114.87,4116.02
2026.07.08 07:20,4116.14,4119.35,4114.76,4119.30
2026.07.08 07:25,4119.54,4121.17,4117.43,4120.34
2026.07.08 07:30,4120.25,4125.99,4120.00,4123.96
2026.07.08 07:35,4123.94,4123.99,4118.12,4120.12
2026.07.08 07:40,4120.11,4127.04,4120.11,4127.04
2026.07.08 07:45,4127.13,4127.13,4123.91,4124.41
2026.07.08 07:50,4124.28,4125.15,4119.85,4119.89
2026.07.08 07:55,4119.85,4121.58,4118.99,4120.99
2026.07.08 08:00,4120.97,4121.05,4116.43,4117.05
2026.07.08 08:05,4117.09,4120.39,4116.71,4120.37
2026.07.08 08:10,4119.48,4121.09,4116.72,4117.64
2026.07.08 08:15,4117.66,4120.85,4080.76,4088.85
2026.07.08 08:20,4088.48,4097.54,4082.86,4085.30
2026.07.08 08:25,4085.27,4091.90,4081.28,4088.78
2026.07.08 08:30,4088.71,4091.96,4078.64,4083.21
2026.07.08 08:35,4083.38,4083.38,4066.92,4067.20
2026.07.08 08:40,4067.06,4067.94,4060.60,4065.65
2026.07.08 08:45,4065.45,4075.76,4064.69,4066.73
2026.07.08 08:50,4066.31,4068.95,4060.69,4063.59
2026.07.08 08:55,4063.50,4064.97,4052.43,4056.56
2026.07.08 09:00,4056.60,4056.64,4050.73,4055.41
2026.07.08 09:05,4055.43,4056.11,4050.28,4051.73
2026.07.08 09:10,4051.81,4056.01,4050.83,4055.74
2026.07.08 09:15,4055.60,4060.81,4053.80,4059.05
2026.07.08 09:20,4058.94,4060.05,4054.32,4056.48
2026.07.08 09:25,4056.42,4060.44,4054.72,4056.53
2026.07.08 09:30,4056.42,4057.22,4051.28,4056.44
2026.07.08 09:35,4056.46,4058.44,4050.69,4053.21
2026.07.08 09:40,4053.24,4054.07,4044.78,4048.26
2026.07.08 09:45,4048.40,4052.67,4047.10,4050.24
2026.07.08 09:50,4050.28,4050.28,4045.90,4047.63
2026.07.08 09:55,4047.49,4047.66,4041.33,4043.24
2026.07.08 10:00,4043.73,4048.22,4042.92,4047.15
2026.07.08 10:05,4047.15,4047.64,4040.58,4041.73
2026.07.08 10:10,4041.82,4045.04,4041.51,4044.37
2026.07.08 10:15,4044.60,4050.66,4043.25,4050.66
2026.07.08 10:20,4050.82,4055.68,4050.42,4052.62
2026.07.08 10:25,4052.75,4053.25,4048.90,4050.72
2026.07.08 10:30,4050.55,4056.21,4049.98,4054.75
2026.07.08 10:35,4054.74,4056.77,4051.88,4055.01
2026.07.08 10:40,4054.98,4058.24,4052.99,4057.19
2026.07.08 10:45,4057.03,4058.12,4053.90,4055.51
2026.07.08 10:50,4055.87,4056.94,4053.00,4056.45
2026.07.08 10:55,4056.45,4057.19,4052.83,4052.86
2026.07.08 11:00,4052.87,4056.96,4050.45,4053.95
2026.07.08 11:05,4053.96,4054.63,4048.92,4049.46
2026.07.08 11:10,4049.74,4052.18,4048.22,4050.67
2026.07.08 11:15,4050.52,4054.36,4050.52,4052.28
2026.07.08 11:20,4052.28,4054.18,4047.65,4050.45
2026.07.08 11:25,4050.40,4051.99,4049.40,4050.18
2026.07.08 11:30,4049.98,4050.70,4045.89,4047.21
2026.07.08 11:35,4047.22,4047.77,4041.46,4042.59
2026.07.08 11:40,4042.56,4065.67,4042.43,4064.12
2026.07.08 11:45,4063.30,4072.39,4060.70,4062.02
2026.07.08 11:50,4062.01,4063.87,4059.16,4062.75
2026.07.08 11:55,4062.65,4064.57,4059.53,4061.90
2026.07.08 12:00,4062.07,4066.01,4058.67,4064.63
2026.07.08 12:05,4064.30,4069.49,4063.70,4069.31
2026.07.08 12:10,4069.12,4073.57,4068.73,4071.86
2026.07.08 12:15,4072.08,4077.48,4068.89,4075.20
2026.07.08 12:20,4075.28,4076.61,4065.71,4067.17
2026.07.08 12:25,4067.19,4072.17,4067.18,4070.74
2026.07.08 12:30,4070.70,4074.05,4068.22,4073.27
2026.07.08 12:35,4073.05,4073.40,4067.96,4072.99
2026.07.08 12:40,4072.98,4078.13,4071.38,4078.03
2026.07.08 12:45,4078.16,4083.06,4076.26,4082.44
2026.07.08 12:50,4082.51,4086.27,4082.13,4083.78
2026.07.08 12:55,4083.83,4085.58,4070.87,4071.97
2026.07.08 13:00,4072.06,4079.76,4070.31,4079.28
2026.07.08 13:05,4079.34,4082.87,4072.49,4074.28
2026.07.08 13:10,4074.31,4076.06,4069.84,4072.41
2026.07.08 13:15,4072.11,4075.25,4071.70,4072.08
2026.07.08 13:20,4072.04,4075.79,4068.09,4071.62
2026.07.08 13:25,4071.36,4074.73,4065.28,4066.60
2026.07.08 13:30,4067.22,4079.83,4067.01,4077.61
2026.07.08 13:35,4077.42,4080.19,4072.68,4079.04
2026.07.08 13:40,4078.93,4080.11,4070.39,4073.15
2026.07.08 13:45,4073.17,4079.10,4069.35,4069.44
2026.07.08 13:50,4069.46,4073.34,4068.30,4069.93
2026.07.08 13:55,4069.93,4072.84,4068.99,4070.72
2026.07.08 14:00,4070.58,4071.29,4063.98,4066.29
2026.07.08 14:05,4066.39,4068.59,4060.91,4063.61
2026.07.08 14:10,4063.50,4064.89,4056.93,4057.31
2026.07.08 14:15,4057.33,4061.42,4051.35,4054.50
2026.07.08 14:20,4054.49,4061.86,4052.94,4059.73
2026.07.08 14:25,4059.94,4065.25,4058.59,4060.09
2026.07.08 14:30,4059.95,4061.15,4051.90,4055.12
2026.07.08 14:35,4055.09,4055.47,4041.97,4043.10
2026.07.08 14:40,4043.07,4048.87,4035.29,4036.24
2026.07.08 14:45,4036.22,4040.01,4033.66,4035.61
2026.07.08 14:50,4035.32,4046.15,4034.55,4044.42
2026.07.08 14:55,4044.44,4045.31,4040.10,4040.80
2026.07.08 15:00,4041.30,4041.48,4035.60,4037.33
2026.07.08 15:05,4037.31,4043.71,4037.29,4039.87
2026.07.08 15:10,4039.79,4042.23,4033.58,4033.58
2026.07.08 15:15,4033.77,4034.76,4027.73,4031.70
2026.07.08 15:20,4031.94,4035.84,4026.36,4026.36
2026.07.08 15:25,4026.26,4032.01,4026.26,4030.98
2026.07.08 15:30,4030.82,4032.02,4021.71,4025.21
2026.07.08 15:35,4025.20,4031.91,4024.25,4029.24
2026.07.08 15:40,4029.14,4033.25,4028.88,4032.79
2026.07.08 15:45,4032.46,4034.40,4029.87,4034.10
2026.07.08 15:50,4033.96,4038.22,4033.59,4034.61
2026.07.08 15:55,4034.61,4035.08,4030.68,4034.20
2026.07.08 16:00,4034.15,4037.26,4033.16,4036.42
2026.07.08 16:05,4036.26,4040.38,4036.12,4039.30
2026.07.08 16:10,4039.30,4042.52,4038.25,4039.20
2026.07.08 16:15,4039.15,4041.21,4037.69,4040.62
2026.07.08 16:20,4040.67,4041.82,4037.79,4038.27
2026.07.08 16:25,4038.28,4044.61,4038.16,4043.63
2026.07.08 16:30,4043.47,4046.88,4041.52,4041.78
2026.07.08 16:35,4041.73,4046.25,4039.42,4044.93
2026.07.08 16:40,4044.90,4057.35,4043.27,4056.46
2026.07.08 16:45,4056.35,4059.02,4053.44,4058.07
2026.07.08 16:50,4058.30,4062.57,4057.44,4062.23
2026.07.08 16:55,4062.29,4064.27,4061.24,4063.57
2026.07.08 17:00,4063.74,4063.92,4059.59,4060.92
2026.07.08 17:05,4060.93,4068.96,4060.56,4065.29
2026.07.08 17:10,4065.24,4070.24,4063.74,4065.16
2026.07.08 17:15,4064.89,4067.27,4063.41,4066.27
2026.07.08 17:20,4066.21,4070.70,4065.23,4069.15
2026.07.08 17:25,4069.21,4073.73,4069.10,4072.84
2026.07.08 17:30,4072.95,4076.25,4071.19,4072.15
2026.07.08 17:35,4072.13,4072.94,4069.67,4070.58
2026.07.08 17:40,4070.56,4071.26,4068.84,4069.82
2026.07.08 17:45,4069.84,4070.22,4067.12,4067.74
2026.07.08 17:50,4067.71,4069.74,4066.63,4067.78
2026.07.08 17:55,4067.88,4067.88,4064.28,4065.73
2026.07.08 18:00,4065.45,4074.99,4063.51,4068.92
2026.07.08 18:05,4068.98,4070.53,4066.23,4067.92
2026.07.08 18:10,4067.47,4075.53,4066.71,4075.08
2026.07.08 18:15,4075.11,4075.11,4069.86,4071.70
2026.07.08 18:20,4071.59,4071.59,4068.30,4069.34
2026.07.08 18:25,4069.37,4071.87,4067.47,4069.57
2026.07.08 18:30,4069.90,4071.25,4067.09,4069.62
2026.07.08 18:35,4069.59,4075.45,4069.02,4075.08
2026.07.08 18:40,4075.10,4079.30,4074.78,4079.27
2026.07.08 18:45,4079.30,4091.21,4078.81,4090.63
2026.07.08 18:50,4090.46,4091.30,4084.40,4085.76
2026.07.08 18:55,4085.50,4085.53,4082.40,4084.24
2026.07.08 19:00,4084.62,4090.84,4084.57,4087.15
2026.07.08 19:05,4087.16,4090.09,4086.27,4089.26
2026.07.08 19:10,4089.23,4090.49,4085.70,4087.52
2026.07.08 19:15,4087.19,4087.91,4084.73,4086.70
2026.07.08 19:20,4086.70,4087.75,4085.79,4087.07
2026.07.08 19:25,4087.11,4088.45,4084.91,4088.08
2026.07.08 19:30,4088.23,4091.06,4086.48,4086.85
2026.07.08 19:35,4086.84,4089.31,4086.19,4086.99
2026.07.08 19:40,4086.99,4087.39,4083.25,4084.02
2026.07.08 19:45,4084.02,4084.18,4078.31,4079.11
2026.07.08 19:50,4079.24,4083.22,4078.71,4083.12
2026.07.08 19:55,4083.12,4083.12,4079.96,4079.96
2026.07.08 20:00,4079.35,4079.85,4075.99,4079.27
2026.07.08 20:05,4078.91,4083.24,4078.54,4081.11
2026.07.08 20:10,4081.11,4081.47,4077.95,4078.75
2026.07.08 20:15,4078.86,4079.54,4075.64,4076.28
2026.07.08 20:20,4076.62,4076.62,4074.07,4075.68
2026.07.08 20:25,4075.61,4076.69,4074.40,4076.69
2026.07.08 20:30,4076.66,4078.38,4073.15,4073.52
2026.07.08 20:35,4073.45,4074.06,4071.38,4074.04
2026.07.08 20:40,4074.04,4076.03,4073.67,4074.72
2026.07.08 20:45,4074.74,4075.84,4074.01,4075.16
2026.07.08 20:50,4075.23,4079.60,4075.23,4079.32
2026.07.08 20:55,4079.32,4079.32,4074.30,4074.77
2026.07.08 22:00,4073.86,4079.70,4072.45,4073.82
2026.07.08 22:05,4074.23,4079.57,4073.79,4077.44
2026.07.08 22:10,4077.47,4079.15,4076.50,4077.03
2026.07.08 22:15,4077.09,4078.82,4075.76,4076.03
2026.07.08 22:20,4076.03,4076.07,4073.74,4074.64
2026.07.08 22:25,4074.82,4075.82,4073.44,4074.26
2026.07.08 22:30,4074.33,4077.31,4073.57,4076.45
2026.07.08 22:35,4076.44,4078.04,4075.16,4077.25
2026.07.08 22:40,4077.25,4079.15,4076.18,4076.36
2026.07.08 22:45,4076.27,4079.43,4076.15,4079.10
2026.07.08 22:50,4079.10,4079.81,4078.14,4078.14
2026.07.08 22:55,4078.00,4078.27,4076.29,4076.50
2026.07.08 23:00,4076.74,4077.01,4073.84,4075.30
2026.07.08 23:05,4075.29,4077.18,4075.29,4076.93
2026.07.08 23:10,4077.01,4077.39,4075.82,4076.93
2026.07.08 23:15,4076.93,4077.12,4075.48,4075.65
2026.07.08 23:20,4075.65,4076.18,4075.32,4075.58
2026.07.08 23:25,4075.58,4077.70,4075.58,4077.52
2026.07.08 23:30,4077.53,4077.53,4074.66,4075.37
2026.07.08 23:35,4075.36,4077.03,4075.19,4076.29
2026.07.08 23:40,4076.23,4076.94,4073.47,4075.17
2026.07.08 23:45,4075.18,4076.17,4071.84,4072.59
2026.07.08 23:50,4072.60,4077.13,4072.25,4075.61
2026.07.08 23:55,4075.64,4077.53,4074.96,4076.15
2026.07.09 00:00,4076.13,4081.00,4076.13,4080.54
2026.07.09 00:05,4080.36,4082.50,4077.50,4077.50
2026.07.09 00:10,4077.56,4087.38,4077.49,4087.38
2026.07.09 00:15,4087.37,4089.58,4082.80,4083.89
2026.07.09 00:20,4083.89,4085.25,4075.74,4077.31
2026.07.09 00:25,4077.33,4078.08,4073.93,4077.94
2026.07.09 00:30,4077.94,4081.44,4076.88,4078.66
2026.07.09 00:35,4078.65,4081.57,4076.33,4079.12
2026.07.09 00:40,4079.09,4080.10,4075.40,4076.95
2026.07.09 00:45,4076.93,4078.93,4075.01,4077.29
2026.07.09 00:50,4077.31,4077.80,4070.28,4070.55
2026.07.09 00:55,4070.57,4075.14,4070.57,4073.84
2026.07.09 01:00,4073.83,4078.61,4065.17,4067.19
2026.07.09 01:05,4067.37,4073.79,4067.11,4073.24
2026.07.09 01:10,4073.24,4076.52,4072.06,4074.06
2026.07.09 01:15,4074.03,4076.45,4072.49,4074.32
2026.07.09 01:20,4074.18,4075.76,4070.04,4072.66
2026.07.09 01:25,4072.71,4073.51,4066.54,4066.60
2026.07.09 01:30,4066.82,4073.14,4062.25,4071.56
2026.07.09 01:35,4071.61,4073.77,4070.51,4072.21
2026.07.09 01:40,4072.20,4074.99,4070.51,4073.27
2026.07.09 01:45,4073.27,4075.94,4072.59,4073.65
2026.07.09 01:50,4073.65,4074.17,4069.05,4069.58
2026.07.09 01:55,4069.54,4072.85,4068.85,4072.67
2026.07.09 02:00,4072.79,4076.02,4071.98,4074.75
2026.07.09 02:05,4074.72,4075.88,4073.51,4074.90
2026.07.09 02:10,4074.95,4079.33,4074.91,4078.39
2026.07.09 02:15,4078.33,4081.11,4076.69,4080.02
2026.07.09 02:20,4079.73,4079.98,4077.64,4078.89
2026.07.09 02:25,4078.97,4082.43,4078.97,4080.29
2026.07.09 02:30,4080.30,4081.51,4071.93,4072.27
2026.07.09 02:35,4072.20,4074.20,4070.19,4073.10
2026.07.09 02:40,4073.11,4074.32,4070.13,4070.80
2026.07.09 02:45,4070.69,4071.65,4068.27,4068.97
2026.07.09 02:50,4068.77,4068.87,4065.67,4067.54
2026.07.09 02:55,4067.52,4068.88,4064.31,4064.87
2026.07.09 03:00,4064.89,4067.38,4064.15,4066.78
2026.07.09 03:05,4066.72,4067.02,4059.49,4060.60
2026.07.09 03:10,4060.62,4060.93,4055.24,4058.91
2026.07.09 03:15,4058.83,4058.99,4054.21,4055.67
2026.07.09 03:20,4055.32,4059.26,4054.18,4059.06
2026.07.09 03:25,4059.16,4060.87,4057.34,4058.21
2026.07.09 03:30,4058.12,4063.15,4056.37,4062.60
2026.07.09 03:35,4062.56,4063.10,4059.53,4060.49
2026.07.09 03:40,4060.49,4061.83,4059.06,4061.83
2026.07.09 03:45,4061.98,4062.69,4061.05,4061.40
2026.07.09 03:50,4061.33,4063.47,4061.31,4062.58
2026.07.09 03:55,4062.60,4063.96,4061.42,4063.96
2026.07.09 04:00,4064.01,4064.42,4058.75,4061.20
2026.07.09 04:05,4061.20,4062.81,4061.06,4062.02
2026.07.09 04:10,4062.01,4063.82,4060.45,4060.45
2026.07.09 04:15,4060.44,4060.52,4057.29,4057.70
2026.07.09 04:20,4057.84,4060.82,4057.67,4059.82
2026.07.09 04:25,4059.80,4060.23,4058.33,4058.77
2026.07.09 04:30,4058.79,4064.24,4058.69,4062.91
2026.07.09 04:35,4062.90,4064.35,4061.21,4063.67
2026.07.09 04:40,4063.69,4063.69,4056.44,4057.78
2026.07.09 04:45,4057.80,4061.30,4056.57,4061.26
2026.07.09 04:50,4061.26,4062.82,4059.37,4062.47
2026.07.09 04:55,4062.44,4064.44,4062.23,4064.22
2026.07.09 05:00,4064.21,4071.03,4063.63,4066.27
2026.07.09 05:05,4066.27,4068.90,4066.27,4068.11
2026.07.09 05:10,4068.08,4075.86,4067.95,4073.47
2026.07.09 05:15,4073.22,4073.52,4067.90,4067.90
2026.07.09 05:20,4068.15,4069.52,4066.70,4068.56
2026.07.09 05:25,4068.47,4072.34,4067.97,4072.16
2026.07.09 05:30,4072.17,4073.32,4064.72,4071.58
2026.07.09 05:35,4071.58,4077.04,4069.59,4075.80
2026.07.09 05:40,4075.84,4076.16,4073.66,4075.51
2026.07.09 05:45,4075.50,4079.59,4073.76,4079.45
2026.07.09 05:50,4079.44,4082.51,4078.43,4079.89
2026.07.09 05:55,4079.81,4084.14,4078.55,4081.95
2026.07.09 06:00,4081.96,4099.50,4081.43,4092.82
2026.07.09 06:05,4093.16,4093.16,4088.08,4088.98
2026.07.09 06:10,4089.05,4092.76,4088.19,4091.98
2026.07.09 06:15,4091.82,4095.75,4091.37,4093.96
2026.07.09 06:20,4093.97,4100.31,4093.21,4097.67
2026.07.09 06:25,4097.58,4103.08,4097.56,4102.07
2026.07.09 06:30,4102.23,4106.90,4099.56,4104.20
2026.07.09 06:35,4104.21,4105.83,4098.70,4098.70
2026.07.09 06:40,4098.40,4102.90,4095.99,4102.83
2026.07.09 06:45,4102.79,4104.62,4102.30,4103.41
2026.07.09 06:50,4103.26,4105.20,4102.75,4103.62
2026.07.09 06:55,4103.65,4107.95,4103.15,4107.91
2026.07.09 07:00,4107.95,4110.02,4105.97,4106.27
2026.07.09 07:05,4106.08,4106.80,4103.21,4105.74
2026.07.09 07:10,4105.68,4106.35,4101.53,4101.53
2026.07.09 07:15,4101.54,4105.13,4101.54,4104.55
2026.07.09 07:20,4104.62,4105.89,4103.22,4105.67
2026.07.09 07:25,4105.68,4109.91,4104.59,4108.92
2026.07.09 07:30,4108.84,4109.01,4103.67,4106.86
2026.07.09 07:35,4106.85,4109.27,4106.10,4108.23
2026.07.09 07:40,4108.26,4110.83,4107.78,4109.03
2026.07.09 07:45,4109.09,4110.94,4106.27,4110.52
2026.07.09 07:50,4110.53,4111.08,4108.34,4108.35
2026.07.09 07:55,4108.32,4108.35,4104.67,4107.87
2026.07.09 08:00,4108.25,4109.45,4105.27,4106.88
2026.07.09 08:05,4106.91,4110.50,4106.48,4109.60
2026.07.09 08:10,4109.57,4109.57,4105.37,4108.05
2026.07.09 08:15,4108.05,4112.86,4107.79,4108.85
2026.07.09 08:20,4108.99,4117.61,4108.99,4115.66
2026.07.09 08:25,4115.66,4115.69,4113.90,4114.69
2026.07.09 08:30,4114.69,4116.44,4110.05,4110.31
2026.07.09 08:35,4110.42,4115.18,4110.42,4114.61
2026.07.09 08:40,4114.64,4115.04,4113.03,4113.45
2026.07.09 08:45,4113.52,4113.68,4107.96,4109.58
2026.07.09 08:50,4109.66,4110.84,4109.04,4109.77
2026.07.09 08:55,4109.77,4110.59,4107.73,4108.21
2026.07.09 09:00,4108.20,4108.93,4106.41,4108.86
2026.07.09 09:05,4108.81,4109.49,4105.84,4106.51
2026.07.09 09:10,4106.51,4109.38,4106.25,4108.53
2026.07.09 09:15,4108.54,4111.82,4107.84,4110.13
2026.07.09 09:20,4110.13,4112.23,4107.47,4107.63
2026.07.09 09:25,4107.70,4108.98,4107.52,4108.39
2026.07.09 09:30,4108.12,4109.86,4105.02,4105.80
2026.07.09 09:35,4106.01,4107.84,4105.45,4106.12
2026.07.09 09:40,4106.10,4106.25,4103.18,4103.83
2026.07.09 09:45,4103.63,4105.24,4103.13,4105.20
2026.07.09 09:50,4105.18,4106.25,4103.86,4106.01
2026.07.09 09:55,4105.91,4107.40,4105.20,4106.28
2026.07.09 10:00,4106.22,4109.85,4104.14,4109.76
2026.07.09 10:05,4109.74,4109.74,4104.88,4106.76
2026.07.09 10:10,4106.79,4107.80,4104.94,4105.02
2026.07.09 10:15,4105.13,4106.44,4104.77,4104.96
2026.07.09 10:20,4104.99,4105.76,4104.49,4104.86
2026.07.09 10:25,4104.85,4105.32,4103.98,4104.26
2026.07.09 10:30,4104.05,4104.96,4102.41,4104.47
2026.07.09 10:35,4104.41,4105.35,4103.40,4104.39
2026.07.09 10:40,4104.34,4104.45,4102.83,4103.33
2026.07.09 10:45,4103.35,4104.33,4099.46,4100.87
2026.07.09 10:50,4100.59,4101.01,4094.46,4097.13
2026.07.09 10:55,4097.17,4099.17,4093.86,4098.98
2026.07.09 11:00,4098.95,4103.80,4097.77,4103.30
2026.07.09 11:05,4103.30,4103.37,4100.41,4102.37
2026.07.09 11:10,4102.40,4104.92,4101.69,4104.85
2026.07.09 11:15,4104.86,4107.10,4104.00,4104.98
2026.07.09 11:20,4104.97,4105.16,4099.27,4099.78
2026.07.09 11:25,4099.89,4101.37,4099.10,4100.36
2026.07.09 11:30,4100.34,4102.57,4099.98,4101.35
2026.07.09 11:35,4101.30,4105.30,4098.89,4105.26
2026.07.09 11:40,4105.25,4109.33,4104.73,4106.19
2026.07.09 11:45,4106.25,4107.91,4104.39,4106.14
2026.07.09 11:50,4106.03,4107.74,4104.64,4107.45
2026.07.09 11:55,4107.34,4110.49,4107.19,4108.57
2026.07.09 12:00,4108.95,4109.89,4105.94,4107.66
2026.07.09 12:05,4107.68,4119.76,4106.12,4115.38
2026.07.09 12:10,4115.51,4117.04,4112.31,4112.68
2026.07.09 12:15,4112.81,4113.41,4107.51,4107.89
2026.07.09 12:20,4107.79,4108.67,4105.28,4106.74
2026.07.09 12:25,4106.94,4109.39,4105.01,4107.62
2026.07.09 12:30,4106.31,4115.85,4106.31,4115.77
2026.07.09 12:35,4115.81,4121.50,4114.73,4120.72
2026.07.09 12:40,4120.85,4122.47,4112.80,4113.03
2026.07.09 12:45,4113.06,4113.24,4111.05,4112.27
2026.07.09 12:50,4112.43,4114.45,4110.50,4111.36
2026.07.09 12:55,4111.40,4112.39,4107.51,4107.61
2026.07.09 13:00,4107.60,4114.32,4106.73,4111.72
2026.07.09 13:05,4111.77,4117.31,4110.83,4116.18
2026.07.09 13:10,4116.19,4120.98,4115.78,4120.51
2026.07.09 13:15,4120.57,4126.76,4119.46,4120.39
2026.07.09 13:20,4120.39,4125.32,4118.55,4125.22
2026.07.09 13:25,4125.29,4126.94,4123.53,4125.93
2026.07.09 13:30,4126.38,4128.83,4119.65,4125.64
2026.07.09 13:35,4125.64,4127.83,4122.46,4125.02
2026.07.09 13:40,4125.01,4129.44,4121.89,4127.41
2026.07.09 13:45,4127.37,4127.56,4121.31,4123.51
2026.07.09 13:50,4123.52,4126.45,4118.82,4118.82
2026.07.09 13:55,4118.79,4122.73,4117.78,4121.91
2026.07.09 14:00,4121.84,4134.77,4121.59,4131.12
2026.07.09 14:05,4131.16,4135.87,4125.92,4126.25
2026.07.09 14:10,4126.30,4126.73,4120.33,4122.20
2026.07.09 14:15,4122.21,4122.27,4116.16,4117.18
2026.07.09 14:20,4117.41,4123.45,4114.22,4123.22
2026.07.09 14:25,4123.23,4125.45,4121.73,4124.58
2026.07.09 14:30,4124.69,4125.13,4120.97,4124.50
2026.07.09 14:35,4124.73,4126.54,4121.26,4123.05
2026.07.09 14:40,4122.96,4124.20,4120.62,4123.98
2026.07.09 14:45,4124.15,4125.09,4119.49,4119.50
2026.07.09 14:50,4119.47,4124.30,4118.12,4124.00
2026.07.09 14:55,4123.96,4127.93,4122.69,4127.66
2026.07.09 15:00,4127.68,4128.21,4125.08,4126.34
2026.07.09 15:05,4126.53,4130.74,4125.20,4126.66
2026.07.09 15:10,4126.63,4127.20,4124.79,4124.99
2026.07.09 15:15,4125.08,4127.76,4125.07,4127.36
2026.07.09 15:20,4127.37,4130.64,4124.92,4129.55
2026.07.09 15:25,4129.66,4130.37,4126.98,4127.85
2026.07.09 15:30,4127.99,4128.40,4126.29,4127.09
2026.07.09 15:35,4127.08,4130.41,4126.62,4130.41
2026.07.09 15:40,4130.40,4131.26,4128.60,4130.11
2026.07.09 15:45,4130.32,4132.65,4128.63,4129.28
2026.07.09 15:50,4129.29,4131.35,4126.34,4127.40
2026.07.09 15:55,4127.34,4128.42,4126.46,4126.80
2026.07.09 16:00,4127.02,4129.62,4125.83,4126.05
2026.07.09 16:05,4125.90,4129.02,4125.59,4128.84
2026.07.09 16:10,4128.80,4131.18,4127.79,4130.23
2026.07.09 16:15,4130.24,4133.02,4129.13,4129.54
2026.07.09 16:20,4129.55,4131.41,4129.06,4130.59
2026.07.09 16:25,4130.56,4132.69,4128.81,4132.65
2026.07.09 16:30,4132.27,4137.85,4132.03,4134.44
2026.07.09 16:35,4134.35,4135.77,4131.74,4132.45
2026.07.09 16:40,4132.56,4134.01,4131.99,4133.19
2026.07.09 16:45,4133.28,4134.18,4131.09,4131.10
2026.07.09 16:50,4131.33,4133.58,4130.77,4133.11
2026.07.09 16:55,4133.10,4133.13,4127.93,4127.93
2026.07.09 17:00,4128.06,4128.64,4126.13,4128.27
2026.07.09 17:05,4128.19,4128.75,4126.75,4127.72
2026.07.09 17:10,4127.72,4128.17,4125.65,4127.17
2026.07.09 17:15,4127.38,4128.07,4124.94,4126.75
2026.07.09 17:20,4126.72,4128.72,4125.60,4128.21
2026.07.09 17:25,4128.15,4131.79,4126.16,4131.56
2026.07.09 17:30,4131.65,4133.72,4129.14,4129.70
2026.07.09 17:35,4129.73,4134.19,4129.49,4133.27
2026.07.09 17:40,4133.27,4133.74,4131.87,4132.12
2026.07.09 17:45,4132.13,4137.89,4131.94,4136.09
2026.07.09 17:50,4136.12,4137.34,4135.02,4135.32
2026.07.09 17:55,4135.33,4136.66,4134.36,4136.10
2026.07.09 18:00,4136.03,4136.25,4130.72,4131.12
2026.07.09 18:05,4131.11,4132.11,4129.54,4130.43
2026.07.09 18:10,4130.44,4130.63,4127.38,4128.58
2026.07.09 18:15,4128.65,4128.65,4126.57,4127.16
2026.07.09 18:20,4127.15,4127.15,4124.25,4124.74
2026.07.09 18:25,4124.75,4125.15,4123.00,4123.85
2026.07.09 18:30,4123.85,4125.01,4122.64,4123.88
2026.07.09 18:35,4123.92,4124.27,4121.39,4122.48
2026.07.09 18:40,4122.40,4125.33,4122.24,4125.26
2026.07.09 18:45,4125.25,4125.36,4123.61,4124.23
2026.07.09 18:50,4124.33,4124.35,4122.36,4123.50
2026.07.09 18:55,4123.49,4125.21,4123.02,4124.42
2026.07.09 19:00,4124.26,4126.85,4123.39,4124.46
2026.07.09 19:05,4124.42,4125.34,4123.21,4123.48
2026.07.09 19:10,4123.48,4124.33,4122.87,4124.28
2026.07.09 19:15,4124.27,4125.44,4123.47,4123.78
2026.07.09 19:20,4123.78,4124.11,4121.67,4121.87
2026.07.09 19:25,4121.81,4122.10,4120.64,4120.84
2026.07.09 19:30,4120.87,4121.39,4119.62,4120.76
2026.07.09 19:35,4120.75,4122.51,4120.16,4120.65
2026.07.09 19:40,4120.63,4121.39,4118.83,4120.18
2026.07.09 19:45,4120.15,4122.12,4119.91,4122.10
2026.07.09 19:50,4122.10,4123.39,4120.88,4121.55
2026.07.09 19:55,4121.36,4122.60,4120.58,4122.55
2026.07.09 20:00,4122.66,4123.98,4121.43,4122.23
2026.07.09 20:05,4122.23,4122.37,4121.22,4121.80
2026.07.09 20:10,4121.79,4121.88,4120.68,4121.34
2026.07.09 20:15,4121.43,4121.90,4120.96,4121.83
2026.07.09 20:20,4121.83,4122.40,4121.39,4121.74
2026.07.09 20:25,4121.74,4121.92,4120.52,4121.00
2026.07.09 20:30,4120.99,4123.94,4120.71,4123.90
2026.07.09 20:35,4123.88,4125.44,4123.60,4123.76
2026.07.09 20:40,4123.71,4124.70,4123.55,4124.38
2026.07.09 20:45,4124.32,4124.32,4122.97,4123.62
2026.07.09 20:50,4123.59,4123.92,4123.04,4123.76
2026.07.09 20:55,4123.71,4124.38,4123.08,4123.36
2026.07.09 22:00,4125.58,4126.15,4124.38,4125.13
2026.07.09 22:05,4125.13,4127.39,4122.63,4122.68
2026.07.09 22:10,4122.67,4123.98,4122.37,4123.60
2026.07.09 22:15,4123.56,4124.74,4123.21,4123.23
2026.07.09 22:20,4123.23,4123.76,4122.44,4123.75
2026.07.09 22:25,4123.74,4124.36,4122.50,4123.15
2026.07.09 22:30,4123.22,4123.78,4122.35,4123.05
2026.07.09 22:35,4123.17,4124.63,4122.98,4124.02
2026.07.09 22:40,4124.00,4124.02,4122.64,4123.63
2026.07.09 22:45,4123.63,4124.12,4121.90,4122.40
2026.07.09 22:50,4122.39,4123.09,4121.46,4123.02
2026.07.09 22:55,4122.98,4123.55,4121.70,4121.70
2026.07.09 23:00,4121.70,4123.34,4121.43,4123.34
2026.07.09 23:05,4123.21,4124.32,4122.69,4124.20
2026.07.09 23:10,4124.17,4124.39,4123.03,4123.75
2026.07.09 23:15,4123.73,4124.43,4123.73,4124.25
2026.07.09 23:20,4124.26,4125.08,4121.92,4122.40
2026.07.09 23:25,4122.39,4123.37,4121.41,4122.16
2026.07.09 23:30,4122.16,4122.41,4120.98,4121.52
2026.07.09 23:35,4121.55,4122.87,4121.55,4122.80
2026.07.09 23:40,4122.80,4122.88,4122.39,4122.66
2026.07.09 23:45,4122.66,4124.09,4121.60,4123.95
2026.07.09 23:50,4123.95,4124.34,4122.56,4123.12
2026.07.09 23:55,4123.07,4123.72,4122.46,4123.33
2026.07.10 00:00,4123.42,4125.56,4119.74,4123.64
2026.07.10 00:05,4123.63,4124.91,4120.95,4122.70
2026.07.10 00:10,4122.71,4123.19,4121.05,4122.08
2026.07.10 00:15,4122.10,4123.55,4120.66,4120.77
2026.07.10 00:20,4120.77,4122.08,4119.02,4119.02
2026.07.10 00:25,4119.04,4119.83,4116.90,4119.41
2026.07.10 00:30,4119.42,4119.47,4114.43,4115.67
2026.07.10 00:35,4115.67,4119.86,4115.67,4119.11
2026.07.10 00:40,4119.12,4123.87,4118.13,4123.08
2026.07.10 00:45,4123.08,4125.68,4122.21,4124.30
2026.07.10 00:50,4124.50,4127.12,4121.31,4122.74
2026.07.10 00:55,4122.78,4128.17,4122.56,4126.41
2026.07.10 01:00,4126.33,4130.90,4119.78,4121.97
2026.07.10 01:05,4121.94,4126.35,4118.78,4125.51
2026.07.10 01:10,4125.52,4126.44,4121.60,4124.88
2026.07.10 01:15,4124.87,4127.26,4123.17,4126.12
2026.07.10 01:20,4126.10,4126.10,4120.68,4122.44
2026.07.10 01:25,4122.44,4122.91,4120.23,4121.55
2026.07.10 01:30,4121.44,4123.39,4118.75,4119.93
2026.07.10 01:35,4119.84,4120.87,4109.02,4112.66
2026.07.10 01:40,4112.41,4113.75,4109.74,4111.63
2026.07.10 01:45,4111.64,4114.42,4108.80,4113.18
2026.07.10 01:50,4113.14,4116.93,4112.76,4116.06
2026.07.10 01:55,4116.42,4121.12,4115.54,4116.82
2026.07.10 02:00,4117.04,4118.90,4116.09,4118.01
2026.07.10 02:05,4118.01,4126.19,4117.52,4124.81
2026.07.10 02:10,4124.83,4128.71,4123.79,4124.69
2026.07.10 02:15,4124.73,4127.88,4123.91,4127.35
2026.07.10 02:20,4127.26,4127.56,4121.75,4123.94
2026.07.10 02:25,4123.95,4126.18,4123.80,4125.68
2026.07.10 02:30,4125.74,4128.52,4123.32,4123.32
2026.07.10 02:35,4123.34,4124.55,4122.22,4123.79
2026.07.10 02:40,4123.81,4126.39,4123.07,4125.66
2026.07.10 02:45,4125.66,4125.88,4123.35,4125.71
2026.07.10 02:50,4125.80,4128.95,4125.48,4127.63
2026.07.10 02:55,4127.53,4127.64,4125.43,4127.64
2026.07.10 03:00,4127.59,4131.81,4127.18,4129.45
2026.07.10 03:05,4129.46,4134.68,4128.34,4131.48
2026.07.10 03:10,4131.51,4131.67,4125.89,4126.50
2026.07.10 03:15,4126.50,4128.21,4125.33,4125.64
2026.07.10 03:20,4125.80,4125.93,4120.55,4122.07
2026.07.10 03:25,4122.08,4126.19,4121.97,4125.15
2026.07.10 03:30,4125.15,4127.72,4123.65,4127.42
2026.07.10 03:35,4127.41,4127.69,4122.60,4122.90
2026.07.10 03:40,4122.90,4123.21,4121.17,4121.52
2026.07.10 03:45,4121.51,4122.22,4120.54,4120.92
2026.07.10 03:50,4120.91,4121.73,4119.39,4120.43
2026.07.10 03:55,4120.43,4121.70,4119.31,4120.14
2026.07.10 04:00,4120.14,4120.14,4117.86,4119.63
2026.07.10 04:05,4119.65,4120.49,4117.67,4117.81
2026.07.10 04:10,4117.81,4120.90,4116.68,4120.90
2026.07.10 04:15,4120.78,4120.95,4119.28,4119.65
2026.07.10 04:20,4119.66,4120.31,4112.06,4114.20
2026.07.10 04:25,4114.19,4117.65,4112.32,4117.30
2026.07.10 04:30,4117.34,4118.18,4116.60,4118.00
2026.07.10 04:35,4118.00,4119.51,4117.72,4119.32
2026.07.10 04:40,4119.32,4119.35,4118.07,4118.99
2026.07.10 04:45,4119.00,4119.02,4116.73,4117.11
2026.07.10 04:50,4117.08,4117.29,4115.18,4117.11
2026.07.10 04:55,4117.11,4117.70,4114.83,4115.07
2026.07.10 05:00,4114.99,4115.51,4113.34,4114.31
2026.07.10 05:05,4114.30,4116.23,4113.31,4113.94
2026.07.10 05:10,4113.93,4114.43,4113.27,4113.91
2026.07.10 05:15,4113.90,4116.91,4113.86,4116.86
2026.07.10 05:20,4116.82,4116.83,4112.92,4114.14
2026.07.10 05:25,4114.13,4116.00,4113.67,4114.11
2026.07.10 05:30,4114.01,4115.19,4110.34,4112.97
2026.07.10 05:35,4112.95,4114.37,4109.31,4109.31
2026.07.10 05:40,4109.33,4114.26,4108.96,4113.94
2026.07.10 05:45,4113.82,4114.14,4108.29,4111.74
2026.07.10 05:50,4111.74,4114.65,4111.64,4114.16
2026.07.10 05:55,4114.18,4117.04,4113.34,4116.68
2026.07.10 06:00,4116.67,4119.04,4115.53,4117.51
2026.07.10 06:05,4117.44,4118.81,4116.15,4117.69
2026.07.10 06:10,4117.72,4118.25,4114.69,4114.96
2026.07.10 06:15,4115.04,4119.91,4113.73,4119.83
2026.07.10 06:20,4119.79,4119.79,4116.43,4117.61
2026.07.10 06:25,4118.00,4118.21,4114.00,4114.48
2026.07.10 06:30,4114.47,4116.01,4112.30,4113.74
2026.07.10 06:35,4114.00,4115.72,4113.66,4115.44
2026.07.10 06:40,4115.39,4115.44,4111.02,4111.45
2026.07.10 06:45,4111.45,4114.27,4111.40,4113.20
2026.07.10 06:50,4113.19,4114.18,4111.76,4113.56
2026.07.10 06:55,4113.57,4113.86,4111.20,4111.61
2026.07.10 07:00,4111.58,4112.99,4110.49,4112.39
2026.07.10 07:05,4112.40,4113.58,4109.43,4111.23
2026.07.10 07:10,4111.18,4112.27,4108.88,4111.45
2026.07.10 07:15,4111.45,4114.09,4108.56,4114.06
2026.07.10 07:20,4114.22,4115.21,4112.32,4113.87
2026.07.10 07:25,4113.88,4113.98,4111.87,4112.36
2026.07.10 07:30,4112.36,4114.40,4111.52,4113.30
2026.07.10 07:35,4113.28,4113.78,4110.30,4111.57
2026.07.10 07:40,4111.57,4111.57,4105.29,4106.40
2026.07.10 07:45,4106.72,4107.18,4104.17,4104.93
2026.07.10 07:50,4105.05,4108.38,4104.85,4107.73
2026.07.10 07:55,4107.89,4109.81,4105.65,4108.84
2026.07.10 08:00,4108.84,4109.38,4103.93,4105.07
2026.07.10 08:05,4105.14,4107.85,4104.55,4106.81
2026.07.10 08:10,4106.81,4107.23,4105.35,4107.19
2026.07.10 08:15,4107.12,4108.26,4106.12,4107.57
2026.07.10 08:20,4107.51,4108.55,4105.01,4105.02
2026.07.10 08:25,4105.35,4105.80,4103.39,4104.23
2026.07.10 08:30,4104.20,4105.47,4101.85,4102.01
2026.07.10 08:35,4101.96,4102.74,4099.31,4102.60
2026.07.10 08:40,4102.60,4102.69,4099.75,4101.68
2026.07.10 08:45,4101.69,4101.71,4094.71,4095.62
2026.07.10 08:50,4095.62,4098.40,4095.57,4096.97
2026.07.10 08:55,4096.97,4098.37,4095.80,4097.74
2026.07.10 09:00,4097.66,4100.24,4094.31,4098.36
2026.07.10 09:05,4098.35,4099.76,4098.15,4099.05
2026.07.10 09:10,4099.05,4100.68,4096.78,4100.68
2026.07.10 09:15,4100.59,4102.46,4100.02,4101.37
2026.07.10 09:20,4101.77,4102.12,4099.82,4102.12
2026.07.10 09:25,4102.15,4103.32,4100.52,4102.60
2026.07.10 09:30,4102.39,4102.71,4100.47,4101.83
2026.07.10 09:35,4101.80,4102.34,4098.34,4101.23
2026.07.10 09:40,4101.23,4103.89,4101.15,4102.78
2026.07.10 09:45,4102.88,4104.22,4102.21,4103.46
2026.07.10 09:50,4103.37,4104.45,4102.36,4104.45
2026.07.10 09:55,4104.46,4105.33,4103.33,4104.23
2026.07.10 10:00,4104.36,4108.37,4104.23,4108.37
2026.07.10 10:05,4108.32,4108.35,4105.61,4106.27
2026.07.10 10:10,4106.22,4107.91,4105.74,4106.07
2026.07.10 10:15,4106.33,4107.89,4106.16,4107.12
2026.07.10 10:20,4107.11,4112.54,4106.79,4111.03
2026.07.10 10:25,4111.13,4111.37,4107.86,4109.39
2026.07.10 10:30,4109.39,4110.42,4106.18,4106.71
2026.07.10 10:35,4106.71,4108.95,4106.40,4107.99
2026.07.10 10:40,4108.04,4108.97,4107.06,4108.97
2026.07.10 10:45,4108.96,4108.96,4106.73,4107.14
2026.07.10 10:50,4107.23,4108.79,4106.80,4108.30
2026.07.10 10:55,4108.31,4108.33,4104.32,4104.50
2026.07.10 11:00,4104.35,4107.90,4104.33,4106.75
2026.07.10 11:05,4106.77,4107.11,4104.61,4105.73
2026.07.10 11:10,4105.85,4107.74,4105.63,4106.23
2026.07.10 11:15,4106.23,4107.63,4106.15,4106.93
2026.07.10 11:20,4106.92,4107.71,4105.50,4107.52
2026.07.10 11:25,4107.61,4108.03,4099.97,4099.97
2026.07.10 11:30,4100.05,4103.43,4098.53,4099.16
2026.07.10 11:35,4099.16,4099.68,4096.03,4097.83
2026.07.10 11:40,4097.84,4107.38,4097.82,4106.62
2026.07.10 11:45,4106.52,4107.68,4105.69,4105.69
2026.07.10 11:50,4105.69,4107.85,4105.25,4105.25
2026.07.10 11:55,4105.22,4105.22,4102.01,4102.23
2026.07.10 12:00,4102.27,4103.63,4101.59,4102.58
2026.07.10 12:05,4102.38,4104.00,4100.91,4103.80
2026.07.10 12:10,4103.81,4117.19,4102.52,4114.87
2026.07.10 12:15,4114.68,4116.22,4107.80,4109.06
2026.07.10 12:20,4108.60,4110.76,4105.45,4107.05
2026.07.10 12:25,4106.29,4107.15,4103.33,4105.90
2026.07.10 12:30,4106.18,4106.89,4101.66,4101.88
2026.07.10 12:35,4101.91,4102.68,4097.44,4101.22
2026.07.10 12:40,4101.22,4102.35,4098.19,4098.30
2026.07.10 12:45,4098.04,4102.62,4097.83,4101.54
2026.07.10 12:50,4101.62,4104.80,4099.83,4100.25
2026.07.10 12:55,4100.26,4101.87,4099.01,4100.64
2026.07.10 13:00,4100.63,4105.08,4098.64,4100.70
2026.07.10 13:05,4100.68,4106.05,4100.08,4105.62
2026.07.10 13:10,4105.40,4105.40,4101.44,4104.20
2026.07.10 13:15,4104.32,4106.55,4100.42,4102.04
2026.07.10 13:20,4102.37,4103.04,4096.09,4096.86
2026.07.10 13:25,4096.83,4097.91,4085.60,4087.25
2026.07.10 13:30,4087.32,4096.91,4086.96,4089.69
2026.07.10 13:35,4089.81,4097.29,4087.69,4097.28
2026.07.10 13:40,4097.29,4102.49,4095.40,4098.37
2026.07.10 13:45,4098.46,4102.16,4097.25,4101.27
2026.07.10 13:50,4101.25,4105.37,4100.34,4102.75
2026.07.10 13:55,4102.79,4102.79,4098.25,4099.78
2026.07.10 14:00,4100.10,4101.65,4097.53,4100.90
2026.07.10 14:05,4100.93,4102.96,4099.38,4100.34
2026.07.10 14:10,4100.32,4103.40,4098.14,4099.99
2026.07.10 14:15,4099.99,4104.97,4097.38,4104.17
2026.07.10 14:20,4104.18,4107.55,4102.52,4102.79
2026.07.10 14:25,4102.72,4108.82,4100.59,4105.35
2026.07.10 14:30,4105.73,4107.73,4072.62,4089.89
2026.07.10 14:35,4089.99,4097.12,4087.84,4095.55
2026.07.10 14:40,4095.50,4101.44,4095.15,4099.15
2026.07.10 14:45,4098.90,4107.32,4098.63,4107.19
2026.07.10 14:50,4107.24,4107.24,4100.24,4101.35
2026.07.10 14:55,4101.19,4101.88,4091.56,4092.64
2026.07.10 15:00,4093.13,4099.08,4091.26,4097.27
2026.07.10 15:05,4097.32,4099.96,4096.17,4098.51
2026.07.10 15:10,4098.49,4100.78,4096.94,4097.40
2026.07.10 15:15,4097.35,4103.44,4097.30,4099.79
2026.07.10 15:20,4099.75,4106.70,4098.90,4105.66
2026.07.10 15:25,4105.58,4107.49,4100.43,4102.00
2026.07.10 15:30,4102.11,4103.63,4101.43,4103.39
2026.07.10 15:35,4103.36,4106.07,4101.51,4106.05
2026.07.10 15:40,4106.07,4106.78,4103.70,4106.27
2026.07.10 15:45,4106.25,4110.55,4105.66,4109.66
2026.07.10 15:50,4109.94,4111.81,4108.26,4110.38
2026.07.10 15:55,4110.41,4113.37,4109.41,4112.97
2026.07.10 16:00,4112.94,4114.76,4111.22,4111.36
2026.07.10 16:05,4111.26,4112.12,4109.02,4111.45
2026.07.10 16:10,4111.45,4112.28,4107.95,4110.07
2026.07.10 16:15,4110.21,4113.11,4110.07,4110.84
2026.07.10 16:20,4110.80,4111.15,4107.23,4110.84
2026.07.10 16:25,4110.85,4114.35,4110.75,4114.28
2026.07.10 16:30,4114.20,4115.33,4112.60,4112.63
2026.07.10 16:35,4112.62,4114.13,4111.75,4112.28
2026.07.10 16:40,4112.28,4113.46,4108.92,4108.97
2026.07.10 16:45,4109.01,4109.60,4107.52,4107.54
2026.07.10 16:50,4107.55,4108.81,4105.72,4106.12
2026.07.10 16:55,4106.21,4106.93,4104.30,4104.42
2026.07.10 17:00,4104.32,4105.02,4102.65,4102.82
2026.07.10 17:05,4102.76,4105.32,4102.22,4103.78
2026.07.10 17:10,4103.76,4105.35,4102.73,4103.80
2026.07.10 17:15,4103.81,4106.20,4103.68,4104.42
2026.07.10 17:20,4104.36,4106.67,4104.36,4105.74
2026.07.10 17:25,4105.65,4105.90,4103.94,4105.49
2026.07.10 17:30,4105.51,4106.69,4104.73,4105.28
2026.07.10 17:35,4105.27,4105.32,4103.44,4104.03
2026.07.10 17:40,4103.98,4105.35,4103.19,4103.78
2026.07.10 17:45,4103.89,4104.57,4102.86,4103.26
2026.07.10 17:50,4103.24,4105.01,4103.24,4103.50
2026.07.10 17:55,4103.56,4103.75,4100.38,4100.70
2026.07.10 18:00,4100.73,4102.69,4099.97,4102.61
2026.07.10 18:05,4102.62,4103.56,4101.69,4103.21
2026.07.10 18:10,4103.11,4104.85,4103.08,4104.66
2026.07.10 18:15,4104.84,4104.89,4102.08,4103.13
2026.07.10 18:20,4103.13,4104.19,4102.46,4102.51
2026.07.10 18:25,4102.52,4105.20,4102.52,4102.85
2026.07.10 18:30,4103.05,4103.65,4101.29,4103.25
2026.07.10 18:35,4103.26,4103.36,4099.46,4099.70
2026.07.10 18:40,4099.69,4100.55,4098.59,4098.84
2026.07.10 18:45,4098.83,4100.01,4098.01,4100.01
2026.07.10 18:50,4100.00,4101.11,4099.59,4101.11
2026.07.10 18:55,4101.04,4101.46,4100.12,4101.10
2026.07.10 19:00,4101.05,4101.05,4097.70,4097.87
2026.07.10 19:05,4097.86,4102.29,4097.74,4101.24
2026.07.10 19:10,4101.24,4101.50,4098.68,4101.50
2026.07.10 19:15,4101.49,4102.81,4101.15,4102.67
2026.07.10 19:20,4102.63,4103.13,4101.73,4101.73
2026.07.10 19:25,4101.70,4102.50,4101.47,4101.68
2026.07.10 19:30,4101.84,4102.41,4100.41,4101.41
2026.07.10 19:35,4101.42,4102.83,4100.79,4102.04
2026.07.10 19:40,4102.02,4103.52,4101.71,4102.43
2026.07.10 19:45,4102.44,4104.97,4102.31,4104.71
2026.07.10 19:50,4104.98,4105.88,4104.22,4105.71
2026.07.10 19:55,4105.64,4108.88,4105.58,4108.46
2026.07.10 20:00,4108.51,4114.91,4108.32,4113.48
2026.07.10 20:05,4113.36,4113.39,4110.66,4111.38
2026.07.10 20:10,4111.45,4112.29,4110.70,4112.13
2026.07.10 20:15,4112.00,4112.40,4110.67,4111.81
2026.07.10 20:20,4111.82,4112.69,4111.42,4112.18
2026.07.10 20:25,4112.17,4112.43,4110.64,4111.24
2026.07.10 20:30,4111.24,4111.82,4110.33,4111.51
2026.07.10 20:35,4111.65,4112.02,4110.73,4111.42
2026.07.10 20:40,4111.38,4112.44,4111.08,4111.75
2026.07.10 20:45,4111.75,4113.83,4111.50,4113.68
2026.07.10 20:50,4113.63,4119.98,4113.06,4119.18
2026.07.10 20:55,4118.93,4120.83,4118.71,4120.35
2026.07.12 22:00,4086.40,4103.55,4084.26,4091.07
2026.07.12 22:05,4091.15,4093.95,4085.13,4090.37
2026.07.12 22:10,4090.04,4093.62,4080.73,4081.32
2026.07.12 22:15,4081.36,4087.98,4081.05,4085.77
2026.07.12 22:20,4085.78,4087.25,4081.83,4082.30
2026.07.12 22:25,4082.43,4085.31,4080.08,4084.32
2026.07.12 22:30,4084.32,4086.49,4082.67,4082.87
2026.07.12 22:35,4082.86,4084.37,4080.73,4082.15
2026.07.12 22:40,4082.22,4082.48,4078.24,4078.52
2026.07.12 22:45,4078.47,4079.53,4070.23,4078.21
2026.07.12 22:50,4078.20,4080.74,4076.84,4077.44
2026.07.12 22:55,4077.41,4078.92,4075.46,4076.59
2026.07.12 23:00,4076.60,4076.61,4068.53,4070.32
2026.07.12 23:05,4070.37,4072.81,4070.01,4071.03
2026.07.12 23:10,4071.03,4072.11,4068.90,4070.14
2026.07.12 23:15,4070.02,4071.43,4069.32,4069.62
2026.07.12 23:20,4069.63,4072.26,4068.68,4072.02
2026.07.12 23:25,4072.03,4074.76,4071.30,4074.60
2026.07.12 23:30,4074.60,4074.60,4072.37,4072.46
2026.07.12 23:35,4072.44,4077.14,4071.75,4077.14
2026.07.12 23:40,4077.16,4079.02,4076.33,4077.64
2026.07.12 23:45,4077.60,4079.05,4075.53,4078.51
2026.07.12 23:50,4078.54,4083.25,4077.84,4080.57
2026.07.12 23:55,4080.58,4084.68,4079.58,4084.35
2026.07.13 00:00,4084.39,4086.26,4080.84,4084.03
2026.07.13 00:05,4084.02,4090.02,4083.60,4088.58
2026.07.13 00:10,4088.48,4090.96,4085.91,4086.78
2026.07.13 00:15,4086.75,4087.78,4080.04,4082.20
2026.07.13 00:20,4082.20,4083.25,4080.32,4082.33
2026.07.13 00:25,4082.31,4082.72,4074.37,4074.61
2026.07.13 00:30,4074.58,4075.19,4061.11,4062.34
2026.07.13 00:35,4062.12,4069.98,4062.12,4069.20
2026.07.13 00:40,4069.07,4073.25,4068.18,4073.07
2026.07.13 00:45,4073.08,4076.64,4068.66,4068.97
2026.07.13 00:50,4069.12,4074.43,4068.80,4074.33
2026.07.13 00:55,4074.29,4077.13,4073.05,4073.93
2026.07.13 01:00,4073.91,4076.19,4065.37,4071.04
2026.07.13 01:05,4071.13,4080.98,4070.16,4077.41
2026.07.13 01:10,4077.42,4080.32,4076.58,4079.49
2026.07.13 01:15,4079.49,4081.88,4072.56,4073.42
2026.07.13 01:20,4073.23,4076.11,4071.12,4074.17
2026.07.13 01:25,4074.19,4080.18,4074.19,4079.67
2026.07.13 01:30,4079.74,4089.62,4077.64,4084.82
2026.07.13 01:35,4084.86,4088.55,4082.27,4087.34
2026.07.13 01:40,4087.45,4087.62,4083.03,4084.42
2026.07.13 01:45,4084.43,4086.98,4082.99,4085.83
2026.07.13 01:50,4085.76,4087.95,4074.10,4074.11
2026.07.13 01:55,4073.95,4075.49,4067.55,4072.22
2026.07.13 02:00,4072.48,4074.39,4070.03,4070.71
2026.07.13 02:05,4070.64,4073.69,4070.06,4073.17
2026.07.13 02:10,4073.17,4074.85,4070.31,4072.06
2026.07.13 02:15,4072.18,4074.14,4070.93,4073.34
2026.07.13 02:20,4073.48,4073.99,4069.52,4070.31
2026.07.13 02:25,4070.29,4071.32,4066.45,4067.09
2026.07.13 02:30,4067.32,4073.77,4064.73,4073.61
2026.07.13 02:35,4073.93,4077.35,4073.93,4075.39
2026.07.13 02:40,4075.39,4075.39,4071.12,4072.62
2026.07.13 02:45,4072.59,4072.88,4068.28,4069.31
2026.07.13 02:50,4069.36,4072.27,4068.67,4070.20
2026.07.13 02:55,4070.21,4071.78,4068.53,4068.59
2026.07.13 03:00,4068.68,4069.28,4063.71,4064.40
2026.07.13 03:05,4064.38,4064.62,4059.00,4061.35
2026.07.13 03:10,4061.35,4061.74,4052.95,4058.02
2026.07.13 03:15,4057.98,4060.95,4057.98,4059.65
2026.07.13 03:20,4059.66,4061.63,4058.79,4061.33
2026.07.13 03:25,4061.37,4062.35,4058.58,4061.77
2026.07.13 03:30,4061.85,4062.35,4057.66,4057.83
2026.07.13 03:35,4057.88,4060.36,4057.03,4059.62
2026.07.13 03:40,4059.58,4059.91,4057.36,4057.67
2026.07.13 03:45,4057.78,4060.65,4057.54,4059.89
2026.07.13 03:50,4059.94,4060.92,4058.34,4059.42
2026.07.13 03:55,4059.43,4060.41,4058.38,4060.34
2026.07.13 04:00,4060.35,4060.35,4056.43,4057.01
2026.07.13 04:05,4057.14,4058.34,4055.37,4056.03
2026.07.13 04:10,4055.95,4057.11,4052.32,4054.47
2026.07.13 04:15,4054.50,4057.75,4050.23,4057.02
2026.07.13 04:20,4056.98,4057.29,4055.93,4056.87
2026.07.13 04:25,4056.87,4057.19,4053.51,4055.50
2026.07.13 04:30,4055.41,4057.55,4054.03,4055.93
2026.07.13 04:35,4055.93,4057.28,4055.23,4056.52
2026.07.13 04:40,4056.72,4056.72,4053.08,4053.97
2026.07.13 04:45,4053.97,4054.99,4052.80,4053.07
2026.07.13 04:50,4053.06,4055.02,4052.55,4054.41
2026.07.13 04:55,4054.43,4059.04,4054.26,4058.70
2026.07.13 05:00,4058.79,4060.34,4054.77,4060.07
2026.07.13 05:05,4060.08,4071.29,4059.50,4071.11
2026.07.13 05:10,4070.75,4072.91,4068.09,4069.39
2026.07.13 05:15,4069.43,4069.43,4063.83,4065.60
2026.07.13 05:20,4065.60,4066.07,4060.05,4060.98
2026.07.13 05:25,4060.80,4063.40,4057.39,4058.00
2026.07.13 05:30,4058.10,4062.53,4052.16,4061.97
2026.07.13 05:35,4061.88,4065.51,4061.60,4063.24
2026.07.13 05:40,4063.27,4065.22,4060.08,4063.50
2026.07.13 05:45,4063.51,4063.52,4058.83,4062.40
2026.07.13 05:50,4062.54,4064.12,4057.53,4058.01
2026.07.13 05:55,4058.06,4058.39,4052.67,4053.74
2026.07.13 06:00,4053.57,4056.08,4048.89,4050.96
2026.07.13 06:05,4051.28,4053.65,4043.73,4052.69
2026.07.13 06:10,4052.70,4053.14,4048.95,4050.70
2026.07.13 06:15,4050.69,4054.05,4050.58,4053.42
2026.07.13 06:20,4053.41,4056.56,4053.32,4055.11
2026.07.13 06:25,4055.11,4061.00,4055.11,4060.84
2026.07.13 06:30,4061.03,4062.21,4058.54,4059.40
2026.07.13 06:35,4059.38,4063.43,4059.03,4062.40
2026.07.13 06:40,4062.47,4063.10,4059.40,4060.11
2026.07.13 06:45,4060.09,4060.46,4056.21,4056.39
2026.07.13 06:50,4056.41,4057.38,4052.69,4053.76
2026.07.13 06:55,4053.71,4055.70,4051.97,4055.56
2026.07.13 07:00,4055.42,4056.37,4048.83,4053.43
2026.07.13 07:05,4053.47,4060.25,4051.33,4058.32
2026.07.13 07:10,4058.31,4061.16,4054.36,4055.44
2026.07.13 07:15,4055.52,4057.85,4055.52,4056.99
2026.07.13 07:20,4057.03,4058.83,4055.98,4057.05
2026.07.13 07:25,4057.05,4058.98,4056.39,4058.72
2026.07.13 07:30,4058.67,4060.09,4056.11,4059.88
2026.07.13 07:35,4059.74,4062.71,4059.25,4060.11
2026.07.13 07:40,4060.11,4061.67,4057.09,4057.30
2026.07.13 07:45,4057.37,4059.24,4056.90,4057.35
2026.07.13 07:50,4056.91,4061.50,4055.98,4061.35
2026.07.13 07:55,4061.20,4064.98,4060.56,4064.48
2026.07.13 08:00,4064.66,4067.31,4063.07,4065.14
2026.07.13 08:05,4065.12,4071.32,4064.32,4071.25
2026.07.13 08:10,4071.23,4074.73,4069.66,4073.82
2026.07.13 08:15,4073.86,4078.09,4073.60,4074.77
2026.07.13 08:20,4074.81,4080.56,4074.81,4078.60
2026.07.13 08:25,4078.64,4079.56,4073.96,4073.97
2026.07.13 08:30,4074.04,4075.39,4072.37,4072.42
2026.07.13 08:35,4072.42,4074.94,4071.77,4074.71
2026.07.13 08:40,4074.76,4076.33,4072.90,4075.69
2026.07.13 08:45,4075.45,4076.19,4072.16,4076.13
2026.07.13 08:50,4076.27,4078.34,4075.71,4077.67
2026.07.13 08:55,4077.67,4078.00,4074.10,4074.49
2026.07.13 09:00,4074.50,4076.07,4072.80,4074.69
2026.07.13 09:05,4074.69,4075.35,4073.66,4073.82
2026.07.13 09:10,4073.84,4074.62,4072.62,4074.26
2026.07.13 09:15,4074.41,4074.44,4071.44,4072.94
2026.07.13 09:20,4072.94,4075.02,4072.74,4074.07
2026.07.13 09:25,4074.35,4076.52,4071.35,4072.65
2026.07.13 09:30,4072.56,4073.81,4070.52,4071.81
2026.07.13 09:35,4071.78,4071.80,4069.45,4069.46
2026.07.13 09:40,4069.46,4073.33,4069.46,4072.64
2026.07.13 09:45,4072.64,4073.46,4071.59,4072.74
2026.07.13 09:50,4072.74,4072.84,4069.87,4071.21
2026.07.13 09:55,4071.05,4072.08,4068.11,4068.17
2026.07.13 10:00,4068.13,4070.44,4067.55,4070.10
2026.07.13 10:05,4070.16,4070.25,4068.56,4068.96
2026.07.13 10:10,4068.96,4069.32,4066.76,4067.62
2026.07.13 10:15,4067.61,4069.31,4065.95,4068.21
2026.07.13 10:20,4068.21,4068.65,4066.38,4067.49
2026.07.13 10:25,4067.39,4067.51,4064.30,4065.00
2026.07.13 10:30,4064.96,4067.24,4064.83,4065.93
2026.07.13 10:35,4066.06,4068.10,4065.96,4066.55
2026.07.13 10:40,4066.54,4066.81,4047.03,4052.12
2026.07.13 10:45,4051.45,4054.26,4047.97,4054.07
2026.07.13 10:50,4053.46,4058.26,4051.67,4058.07
2026.07.13 10:55,4058.12,4061.39,4058.12,4060.44
2026.07.13 11:00,4060.55,4063.91,4058.12,4063.46
2026.07.13 11:05,4063.52,4067.86,4063.26,4064.91
2026.07.13 11:10,4065.00,4065.53,4062.68,4063.99
2026.07.13 11:15,4063.97,4064.95,4061.05,4061.56
2026.07.13 11:20,4061.59,4062.01,4058.13,4058.97
2026.07.13 11:25,4058.86,4063.60,4058.42,4062.76
2026.07.13 11:30,4062.72,4067.72,4062.00,4067.72
2026.07.13 11:35,4067.61,4068.11,4063.12,4063.93
2026.07.13 11:40,4063.92,4067.06,4063.89,4065.11
2026.07.13 11:45,4065.15,4065.59,4060.52,4062.94
2026.07.13 11:50,4062.85,4063.40,4054.89,4056.48
2026.07.13 11:55,4056.42,4057.59,4055.43,4056.32
2026.07.13 12:00,4056.33,4060.25,4056.07,4058.28
2026.07.13 12:05,4058.29,4059.47,4054.96,4055.97
2026.07.13 12:10,4055.94,4060.15,4053.48,4056.13
2026.07.13 12:15,4056.21,4060.70,4056.21,4059.13
2026.07.13 12:20,4058.82,4062.10,4055.08,4062.09
2026.07.13 12:25,4061.90,4063.43,4058.60,4058.92
2026.07.13 12:30,4058.67,4062.82,4058.67,4062.77
2026.07.13 12:35,4062.76,4063.30,4059.66,4060.80
2026.07.13 12:40,4060.63,4063.87,4060.39,4062.68
2026.07.13 12:45,4062.82,4066.58,4062.79,4065.62
2026.07.13 12:50,4065.63,4066.67,4064.14,4065.73
2026.07.13 12:55,4065.71,4067.25,4063.61,4067.22
2026.07.13 13:00,4067.30,4067.46,4059.26,4062.88
2026.07.13 13:05,4062.65,4064.79,4060.75,4063.30
2026.07.13 13:10,4063.52,4063.59,4059.17,4061.71
2026.07.13 13:15,4061.71,4061.89,4058.48,4060.93
2026.07.13 13:20,4060.91,4062.65,4060.43,4061.91
2026.07.13 13:25,4062.17,4065.80,4061.09,4062.12
2026.07.13 13:30,4062.14,4063.83,4056.77,4058.26
2026.07.13 13:35,4058.27,4061.14,4054.00,4054.35
2026.07.13 13:40,4054.26,4058.50,4051.45,4054.76
2026.07.13 13:45,4054.56,4058.13,4049.73,4050.64
2026.07.13 13:50,4050.62,4052.33,4042.38,4051.58
2026.07.13 13:55,4051.38,4052.79,4042.02,4042.97
2026.07.13 14:00,4042.99,4046.71,4037.96,4039.95
2026.07.13 14:05,4039.85,4040.66,4029.70,4037.44
2026.07.13 14:10,4037.42,4039.39,4033.81,4035.71
2026.07.13 14:15,4035.57,4037.09,4007.40,4021.57
2026.07.13 14:20,4021.42,4021.82,4002.48,4021.13
2026.07.13 14:25,4020.98,4028.56,4014.71,4016.72
2026.07.13 14:30,4016.73,4016.73,4004.96,4010.32
2026.07.13 14:35,4010.33,4010.33,4003.71,4007.61
2026.07.13 14:40,4007.60,4007.60,4000.19,4005.38
2026.07.13 14:45,4005.18,4009.22,4001.86,4006.17
2026.07.13 14:50,4006.12,4010.67,4004.49,4009.18
2026.07.13 14:55,4009.21,4015.25,4008.64,4015.25
2026.07.13 15:00,4015.28,4017.48,4011.72,4011.72
2026.07.13 15:05,4011.73,4013.98,4010.83,4013.93
2026.07.13 15:10,4013.98,4016.69,4013.52,4014.74
2026.07.13 15:15,4014.69,4019.17,4013.19,4019.01
2026.07.13 15:20,4018.99,4020.12,4015.41,4016.00
2026.07.13 15:25,4015.95,4018.39,4013.13,4016.39
2026.07.13 15:30,4016.44,4017.55,4014.08,4014.78
2026.07.13 15:35,4014.84,4016.70,4013.48,4015.42
2026.07.13 15:40,4015.50,4016.03,4012.25,4013.36
2026.07.13 15:45,4013.30,4014.64,4010.83,4013.62
2026.07.13 15:50,4013.62,4014.12,4010.26,4013.43
2026.07.13 15:55,4013.44,4015.90,4012.69,4015.90
2026.07.13 16:00,4015.80,4017.78,4013.74,4015.70
2026.07.13 16:05,4015.71,4016.92,4013.45,4015.12
2026.07.13 16:10,4015.09,4016.26,4012.57,4013.85
2026.07.13 16:15,4013.89,4013.89,4010.85,4011.92
2026.07.13 16:20,4011.83,4012.57,4009.58,4009.60
2026.07.13 16:25,4009.38,4010.52,4000.51,4003.60
2026.07.13 16:30,4003.69,4004.47,3992.10,3994.68
2026.07.13 16:35,3994.58,3997.27,3990.67,3996.63
2026.07.13 16:40,3996.42,4000.67,3995.09,4000.54
2026.07.13 16:45,4000.50,4002.56,3997.32,3998.61
2026.07.13 16:50,3998.60,3998.82,3991.47,3992.15
2026.07.13 16:55,3992.12,3993.14,3986.52,3993.13
2026.07.13 17:00,3993.13,3996.95,3992.11,3994.57
2026.07.13 17:05,3994.54,3998.85,3993.37,3998.01
2026.07.13 17:10,3997.89,3998.42,3996.59,3997.46
2026.07.13 17:15,3997.78,4001.39,3996.81,4001.01
2026.07.13 17:20,4000.99,4001.73,3997.59,3998.47
2026.07.13 17:25,3998.49,3999.48,3996.61,3998.83
2026.07.13 17:30,3998.83,4000.78,3997.67,4000.22
2026.07.13 17:35,4000.23,4000.28,3997.00,3997.58
2026.07.13 17:40,3997.51,3998.40,3996.22,3996.91
2026.07.13 17:45,3996.99,3999.26,3994.21,3995.65
2026.07.13 17:50,3995.63,3996.18,3993.21,3994.81
2026.07.13 17:55,3994.83,3995.24,3992.05,3993.11
2026.07.13 18:00,3993.13,3995.03,3990.53,3990.72
2026.07.13 18:05,3990.64,3994.62,3990.45,3991.78
2026.07.13 18:10,3991.91,3993.89,3989.87,3993.74
2026.07.13 18:15,3993.70,3994.31,3986.67,3988.23
2026.07.13 18:20,3988.21,3994.85,3987.01,3994.61
2026.07.13 18:25,3994.76,3996.72,3994.64,3995.14
2026.07.13 18:30,3995.13,3998.23,3993.99,3996.86
2026.07.13 18:35,3996.87,4000.44,3996.87,3998.84
2026.07.13 18:40,3998.84,4000.60,3998.03,4000.04
2026.07.13 18:45,4000.07,4001.91,3998.51,4001.70
2026.07.13 18:50,4001.61,4004.90,4000.49,4003.67
2026.07.13 18:55,4003.68,4004.96,3998.19,4001.37
2026.07.13 19:00,4001.93,4004.38,3998.30,4004.20
2026.07.13 19:05,4004.19,4004.34,3999.07,4000.28
2026.07.13 19:10,4000.28,4000.28,3997.72,3997.94
2026.07.13 19:15,3997.95,3999.64,3997.70,3999.22
2026.07.13 19:20,3999.17,4000.03,3996.80,3999.89
2026.07.13 19:25,3999.88,4000.65,3998.06,3998.24
2026.07.13 19:30,3998.18,4000.86,3997.91,3999.03
2026.07.13 19:35,3998.98,3998.99,3993.40,3995.19
2026.07.13 19:40,3995.20,3999.21,3995.02,3999.08
2026.07.13 19:45,3998.94,3999.36,3996.85,3996.95
2026.07.13 19:50,3996.98,4001.20,3996.84,4000.32
2026.07.13 19:55,4000.61,4002.30,3999.87,4002.20
2026.07.13 20:00,4001.85,4004.55,4001.79,4004.52
2026.07.13 20:05,4004.51,4006.06,4001.72,4002.42
2026.07.13 20:10,4002.44,4002.96,3998.52,3998.67
2026.07.13 20:15,3998.66,4000.09,3996.81,3999.51
2026.07.13 20:20,3999.50,3999.83,3998.01,3998.27
2026.07.13 20:25,3998.25,4000.15,3998.11,3999.76
2026.07.13 20:30,3999.71,4000.30,3998.20,3998.24
2026.07.13 20:35,3998.45,3999.33,3997.24,3999.33
2026.07.13 20:40,3999.31,4000.40,3998.44,4000.05
2026.07.13 20:45,4000.05,4000.39,3998.55,3999.05
2026.07.13 20:50,3998.96,4000.85,3998.03,4000.81
2026.07.13 20:55,4000.81,4002.28,4000.58,4001.50
2026.07.13 22:00,4005.30,4006.47,4000.78,4001.54
2026.07.13 22:05,4001.96,4003.75,4001.39,4001.73
2026.07.13 22:10,4001.80,4004.35,4001.66,4003.99
2026.07.13 22:15,4004.02,4005.79,4004.01,4004.93
2026.07.13 22:20,4004.93,4005.33,4004.22,4004.23
2026.07.13 22:25,4004.22,4004.86,4004.17,4004.38
2026.07.13 22:30,4004.11,4004.40,4003.07,4003.80
2026.07.13 22:35,4004.21,4005.39,4002.84,4003.31
2026.07.13 22:40,4003.31,4004.18,4003.12,4003.76
2026.07.13 22:45,4003.76,4004.86,4003.28,4003.58
2026.07.13 22:50,4003.67,4004.04,4002.19,4002.96
2026.07.13 22:55,4002.97,4002.97,4000.74,4000.83
2026.07.13 23:00,4000.85,4002.92,4000.24,4000.79
2026.07.13 23:05,4001.13,4002.77,4000.67,4001.58
2026.07.13 23:10,4001.58,4002.03,3999.48,4000.14
2026.07.13 23:15,4000.12,4000.45,3998.67,3999.30
2026.07.13 23:20,3999.30,4000.17,3997.63,3999.06
2026.07.13 23:25,3999.06,3999.75,3996.85,3997.35
2026.07.13 23:30,3997.34,3997.34,3993.55,3994.75
2026.07.13 23:35,3994.75,3995.88,3993.78,3995.67
2026.07.13 23:40,3995.64,3996.92,3994.42,3995.42
2026.07.13 23:45,3995.41,3998.90,3992.71,3997.22
2026.07.13 23:50,3997.23,4000.50,3995.37,3998.86
2026.07.13 23:55,3998.83,4001.80,3998.11,4001.04
2026.07.14 00:00,4001.69,4004.60,3993.04,3994.63
2026.07.14 00:05,3994.32,3994.90,3983.72,3994.73
2026.07.14 00:10,3994.94,3998.75,3991.20,3995.37
2026.07.14 00:15,3995.33,3995.84,3987.33,3987.75
2026.07.14 00:20,3987.71,3990.66,3985.48,3990.18
2026.07.14 00:25,3990.26,3996.89,3988.91,3995.24
2026.07.14 00:30,3995.28,4006.36,3994.34,4004.96
2026.07.14 00:35,4005.00,4007.11,4002.26,4003.20
2026.07.14 00:40,4003.38,4005.57,3999.12,4002.51
2026.07.14 00:45,4002.78,4007.12,4000.62,4002.63
2026.07.14 00:50,4002.56,4005.55,4002.36,4003.96
2026.07.14 00:55,4004.27,4007.10,4003.02,4004.08
2026.07.14 01:00,4004.19,4004.19,3992.39,3998.36
2026.07.14 01:05,3998.64,3999.83,3992.24,3994.96
2026.07.14 01:10,3994.75,3998.70,3993.04,3995.11
2026.07.14 01:15,3995.16,4004.71,3995.05,4003.08
2026.07.14 01:20,4002.92,4003.37,3996.84,3997.46
2026.07.14 01:25,3997.46,3999.44,3995.53,3997.74
2026.07.14 01:30,3997.83,4004.02,3996.12,3998.41
2026.07.14 01:35,3998.23,3998.57,3992.71,3997.48
2026.07.14 01:40,3997.46,4002.15,3995.10,4001.92
2026.07.14 01:45,4001.92,4003.75,3998.75,4002.37
2026.07.14 01:50,4002.37,4005.19,4000.07,4003.90
2026.07.14 01:55,4003.95,4011.97,4002.11,4010.31
2026.07.14 02:00,4010.49,4010.84,4005.89,4009.32
2026.07.14 02:05,4009.32,4013.04,4008.15,4011.72
2026.07.14 02:10,4011.83,4017.64,4011.19,4016.69
2026.07.14 02:15,4016.57,4018.79,4014.99,4017.92
2026.07.14 02:20,4017.92,4018.12,4014.08,4014.46
2026.07.14 02:25,4014.57,4017.82,4013.74,4017.79
2026.07.14 02:30,4017.81,4018.88,4013.45,4013.80
2026.07.14 02:35,4013.83,4015.28,4012.68,4013.74
2026.07.14 02:40,4013.78,4016.19,4010.53,4010.68
2026.07.14 02:45,4010.83,4012.68,4009.47,4009.88
2026.07.14 02:50,4009.82,4011.23,4008.98,4010.74
2026.07.14 02:55,4010.65,4013.82,4010.36,4012.14
2026.07.14 03:00,4012.17,4016.32,4012.17,4014.44
2026.07.14 03:05,4014.45,4016.48,4013.03,4014.17
2026.07.14 03:10,4014.16,4015.46,4012.03,4013.64
2026.07.14 03:15,4014.01,4015.46,4012.06,4013.38
2026.07.14 03:20,4013.38,4016.33,4011.04,4015.70
2026.07.14 03:25,4015.69,4018.68,4015.17,4017.89
2026.07.14 03:30,4017.92,4018.92,4014.55,4014.85
2026.07.14 03:35,4014.87,4017.70,4014.51,4015.16
2026.07.14 03:40,4015.17,4015.98,4013.70,4015.23
2026.07.14 03:45,4015.24,4016.60,4014.89,4015.57
2026.07.14 03:50,4015.56,4018.00,4015.32,4017.50
2026.07.14 03:55,4017.49,4017.59,4014.52,4016.75
2026.07.14 04:00,4016.80,4018.66,4015.87,4017.02
2026.07.14 04:05,4017.02,4017.47,4014.94,4015.05
2026.07.14 04:10,4015.02,4015.96,4013.39,4015.56
2026.07.14 04:15,4015.69,4016.13,4014.16,4015.14
2026.07.14 04:20,4014.95,4016.07,4013.92,4015.42
2026.07.14 04:25,4015.41,4017.24,4015.23,4015.56
2026.07.14 04:30,4015.55,4022.62,4015.55,4021.79
2026.07.14 04:35,4021.77,4023.20,4020.99,4021.84
2026.07.14 04:40,4021.67,4022.23,4020.43,4020.55
2026.07.14 04:45,4020.47,4020.92,4017.83,4017.83
2026.07.14 04:50,4017.82,4020.00,4016.01,4019.66
2026.07.14 04:55,4019.69,4021.14,4017.62,4020.16
2026.07.14 05:00,4020.37,4022.74,4019.89,4019.95
2026.07.14 05:05,4019.69,4023.04,4019.60,4022.68
2026.07.14 05:10,4022.68,4023.79,4022.31,4022.96
2026.07.14 05:15,4023.06,4023.88,4019.94,4021.23
2026.07.14 05:20,4021.23,4022.49,4020.44,4020.67
2026.07.14 05:25,4020.67,4023.14,4020.31,4022.64
2026.07.14 05:30,4022.66,4029.99,4022.61,4028.73
2026.07.14 05:35,4028.51,4030.84,4027.18,4027.87
2026.07.14 05:40,4027.92,4033.95,4027.66,4031.99
2026.07.14 05:45,4031.97,4032.52,4029.60,4030.62
2026.07.14 05:50,4030.65,4031.17,4028.97,4030.66
2026.07.14 05:55,4030.70,4032.35,4030.14,4031.28
2026.07.14 06:00,4031.24,4032.13,4029.05,4029.82
2026.07.14 06:05,4029.82,4031.87,4028.63,4031.74
2026.07.14 06:10,4031.89,4033.06,4030.44,4030.86
2026.07.14 06:15,4030.95,4031.06,4028.01,4028.23
2026.07.14 06:20,4028.21,4028.90,4026.37,4027.63
2026.07.14 06:25,4027.65,4027.65,4022.85,4022.85
2026.07.14 06:30,4023.01,4026.02,4022.55,4025.41
2026.07.14 06:35,4025.45,4026.20,4022.77,4023.77
2026.07.14 06:40,4023.33,4025.31,4021.65,4025.10
2026.07.14 06:45,4025.16,4025.95,4023.37,4024.23
2026.07.14 06:50,4024.23,4026.37,4023.22,4023.33
2026.07.14 06:55,4023.33,4024.78,4022.89,4023.77
2026.07.14 07:00,4023.72,4025.58,4020.73,4025.47
2026.07.14 07:05,4025.51,4028.85,4025.42,4028.85
2026.07.14 07:10,4028.84,4028.85,4024.37,4024.67
2026.07.14 07:15,4024.42,4027.59,4024.41,4027.15
2026.07.14 07:20,4027.15,4029.71,4026.07,4028.43
2026.07.14 07:25,4028.44,4029.37,4025.95,4026.29
2026.07.14 07:30,4026.14,4026.51,4022.82,4025.62
2026.07.14 07:35,4025.58,4029.49,4024.68,4026.35
2026.07.14 07:40,4026.47,4026.47,4023.01,4023.55
2026.07.14 07:45,4023.59,4024.08,4022.17,4023.34
2026.07.14 07:50,4023.44,4026.03,4021.80,4025.18
2026.07.14 07:55,4025.17,4025.62,4020.05,4020.61
2026.07.14 08:00,4020.79,4022.35,4017.11,4018.66
2026.07.14 08:05,4018.67,4020.02,4014.52,4015.87
2026.07.14 08:10,4016.09,4017.99,4016.09,4017.17
2026.07.14 08:15,4017.19,4020.80,4017.19,4019.03
2026.07.14 08:20,4019.04,4020.72,4018.38,4019.63
2026.07.14 08:25,4019.65,4022.93,4019.33,4021.68
2026.07.14 08:30,4021.67,4023.72,4018.70,4019.65
2026.07.14 08:35,4019.62,4020.95,4018.70,4019.28
2026.07.14 08:40,4019.29,4022.37,4018.65,4019.22
2026.07.14 08:45,4019.15,4020.72,4018.50,4019.09
2026.07.14 08:50,4019.11,4020.21,4017.43,4019.36
2026.07.14 08:55,4019.38,4019.75,4015.75,4015.79
2026.07.14 09:00,4015.80,4019.70,4013.73,4019.67
2026.07.14 09:05,4019.66,4021.78,4018.24,4021.02
2026.07.14 09:10,4021.05,4024.20,4019.84,4020.52
2026.07.14 09:15,4020.54,4020.68,4018.15,4020.28
2026.07.14 09:20,4020.28,4021.54,4017.36,4018.36
2026.07.14 09:25,4018.32,4018.83,4015.01,4015.72
2026.07.14 09:30,4015.75,4017.16,4013.74,4013.96
2026.07.14 09:35,4013.94,4016.34,4013.72,4016.03
2026.07.14 09:40,4015.89,4017.97,4015.66,4017.31
2026.07.14 09:45,4017.14,4023.74,4016.43,4023.31
2026.07.14 09:50,4023.04,4023.78,4020.44,4020.96
2026.07.14 09:55,4020.88,4021.63,4019.15,4021.63
2026.07.14 10:00,4021.77,4022.11,4018.28,4019.57
2026.07.14 10:05,4019.27,4020.01,4017.62,4017.96
2026.07.14 10:10,4017.96,4019.52,4016.80,4018.08
2026.07.14 10:15,4018.09,4019.94,4017.20,4018.87
2026.07.14 10:20,4018.78,4019.11,4016.85,4017.34
2026.07.14 10:25,4017.29,4017.95,4015.60,4017.73
2026.07.14 10:30,4017.75,4018.80,4015.22,4016.07
2026.07.14 10:35,4016.07,4019.19,4015.06,4018.87
2026.07.14 10:40,4018.88,4020.01,4018.22,4018.95
2026.07.14 10:45,4018.95,4022.03,4017.98,4021.74
2026.07.14 10:50,4021.63,4021.70,4019.02,4020.12
2026.07.14 10:55,4020.13,4022.70,4019.55,4021.56
2026.07.14 11:00,4021.56,4022.80,4019.53,4020.46
2026.07.14 11:05,4020.58,4021.72,4015.39,4016.22
2026.07.14 11:10,4016.20,4023.88,4016.17,4022.82
2026.07.14 11:15,4022.75,4023.85,4020.48,4022.84
2026.07.14 11:20,4022.85,4028.02,4022.57,4028.02
2026.07.14 11:25,4027.78,4028.29,4024.71,4024.90
2026.07.14 11:30,4024.88,4028.88,4024.51,4027.72
2026.07.14 11:35,4027.71,4030.20,4027.36,4028.40
2026.07.14 11:40,4028.39,4029.82,4027.07,4027.97
2026.07.14 11:45,4027.97,4030.46,4025.71,4028.36
2026.07.14 11:50,4028.57,4029.66,4026.60,4029.06
2026.07.14 11:55,4029.01,4031.75,4028.76,4031.17
2026.07.14 12:00,4031.07,4035.63,4029.28,4029.80
2026.07.14 12:05,4029.81,4030.58,4025.18,4025.71
2026.07.14 12:10,4025.77,4028.24,4025.20,4025.86
2026.07.14 12:15,4025.76,4028.41,4024.76,4027.01
2026.07.14 12:20,4026.99,4028.67,4023.15,4028.62
2026.07.14 12:25,4028.50,4030.75,4026.70,4028.33
2026.07.14 12:30,4028.33,4101.28,4028.33,4095.73
2026.07.14 12:35,4096.14,4100.54,4081.97,4087.11
2026.07.14 12:40,4087.48,4094.43,4084.39,4092.52
2026.07.14 12:45,4093.27,4095.12,4082.53,4085.07
2026.07.14 12:50,4084.70,4085.03,4072.59,4073.33
2026.07.14 12:55,4073.65,4077.09,4068.94,4076.21
2026.07.14 13:00,4076.34,4083.16,4071.98,4072.70
2026.07.14 13:05,4072.62,4080.14,4070.81,4077.26
2026.07.14 13:10,4077.39,4080.12,4071.83,4074.86
2026.07.14 13:15,4074.79,4080.21,4073.94,4076.00
2026.07.14 13:20,4075.98,4086.13,4072.12,4083.89
2026.07.14 13:25,4084.04,4085.82,4081.19,4081.42
2026.07.14 13:30,4081.60,4084.70,4075.79,4080.26
2026.07.14 13:35,4080.32,4088.44,4078.59,4086.41
2026.07.14 13:40,4086.57,4088.49,4082.63,4087.49
2026.07.14 13:45,4087.32,4087.32,4080.46,4083.04
2026.07.14 13:50,4083.05,4084.93,4074.24,4076.40
2026.07.14 13:55,4076.33,4078.64,4074.48,4076.62
2026.07.14 14:00,4076.61,4080.18,4073.54,4073.70
2026.07.14 14:05,4074.13,4081.03,4072.56,4079.86
2026.07.14 14:10,4080.13,4085.04,4077.14,4082.24
2026.07.14 14:15,4082.24,4082.24,4070.63,4073.13
2026.07.14 14:20,4073.22,4084.97,4073.03,4078.42
2026.07.14 14:25,4078.55,4078.96,4074.01,4076.87
2026.07.14 14:30,4076.86,4089.98,4073.18,4080.18
2026.07.14 14:35,4080.13,4081.14,4074.54,4079.59
2026.07.14 14:40,4079.59,4082.56,4078.56,4080.03
2026.07.14 14:45,4080.03,4082.60,4078.94,4078.96
2026.07.14 14:50,4078.96,4083.86,4077.62,4082.45
2026.07.14 14:55,4082.67,4087.46,4081.14,4085.13
2026.07.14 15:00,4085.22,4092.80,4078.73,4088.71
2026.07.14 15:05,4088.10,4100.34,4086.50,4095.71
2026.07.14 15:10,4096.04,4097.34,4089.29,4090.15
2026.07.14 15:15,4090.14,4090.92,4085.66,4086.82
2026.07.14 15:20,4086.72,4090.14,4085.28,4087.03
2026.07.14 15:25,4087.03,4087.16,4082.50,4084.79
2026.07.14 15:30,4084.72,4086.76,4080.69,4081.31
2026.07.14 15:35,4081.29,4082.09,4075.69,4076.03
2026.07.14 15:40,4076.16,4077.07,4066.94,4073.98
2026.07.14 15:45,4074.07,4076.39,4071.06,4071.50
2026.07.14 15:50,4071.34,4072.13,4066.15,4066.98
2026.07.14 15:55,4066.78,4068.25,4064.56,4066.13
2026.07.14 16:00,4066.14,4066.85,4062.63,4063.91
2026.07.14 16:05,4063.90,4064.39,4057.97,4060.31
2026.07.14 16:10,4060.31,4064.79,4060.31,4062.97
2026.07.14 16:15,4062.85,4064.83,4060.81,4062.86
2026.07.14 16:20,4062.87,4063.57,4057.82,4060.76
2026.07.14 16:25,4060.75,4062.07,4058.31,4059.28
2026.07.14 16:30,4059.31,4062.64,4058.81,4059.76
2026.07.14 16:35,4059.79,4061.06,4057.63,4059.90
2026.07.14 16:40,4059.98,4062.51,4059.11,4060.91
2026.07.14 16:45,4060.74,4061.89,4057.69,4059.65
2026.07.14 16:50,4059.60,4061.15,4058.35,4060.11
2026.07.14 16:55,4060.11,4062.10,4059.56,4061.46
2026.07.14 17:00,4061.46,4064.44,4059.57,4060.22
2026.07.14 17:05,4060.29,4060.82,4057.15,4059.34
2026.07.14 17:10,4059.32,4059.64,4055.45,4056.58
2026.07.14 17:15,4056.57,4056.95,4054.42,4056.70
2026.07.14 17:20,4056.68,4061.30,4056.21,4060.80
2026.07.14 17:25,4060.68,4063.92,4060.08,4062.72
2026.07.14 17:30,4062.82,4064.91,4061.54,4061.99
2026.07.14 17:35,4061.92,4062.61,4060.82,4061.94
2026.07.14 17:40,4061.92,4062.52,4059.45,4059.64
2026.07.14 17:45,4059.66,4061.83,4058.23,4061.70
2026.07.14 17:50,4061.57,4063.31,4061.55,4062.98
2026.07.14 17:55,4062.99,4063.73,4062.31,4062.69
2026.07.14 18:00,4062.69,4062.69,4059.59,4061.94
2026.07.14 18:05,4061.92,4062.13,4060.21,4060.44
2026.07.14 18:10,4060.52,4061.59,4059.68,4061.54
2026.07.14 18:15,4061.55,4062.98,4060.86,4062.73
2026.07.14 18:20,4062.59,4062.66,4056.98,4057.06
2026.07.14 18:25,4057.03,4058.92,4056.52,4058.36
2026.07.14 18:30,4058.33,4059.43,4055.27,4056.52
2026.07.14 18:35,4056.52,4056.60,4052.12,4053.01
2026.07.14 18:40,4053.00,4054.20,4042.75,4046.41
2026.07.14 18:45,4046.46,4050.50,4044.80,4049.21
2026.07.14 18:50,4049.20,4051.56,4046.82,4051.56
2026.07.14 18:55,4051.55,4054.47,4051.13,4054.04
2026.07.14 19:00,4054.07,4054.74,4052.43,4052.96
2026.07.14 19:05,4052.94,4054.76,4052.29,4054.28
2026.07.14 19:10,4054.29,4057.16,4053.20,4056.47
2026.07.14 19:15,4056.47,4056.83,4055.17,4056.24
2026.07.14 19:20,4056.34,4056.34,4052.31,4052.43
2026.07.14 19:25,4052.34,4053.33,4051.23,4051.49
2026.07.14 19:30,4051.52,4051.54,4047.48,4050.17
2026.07.14 19:35,4050.19,4052.01,4049.34,4050.98
2026.07.14 19:40,4050.96,4052.69,4050.13,4052.35
2026.07.14 19:45,4052.34,4054.43,4052.16,4052.42
2026.07.14 19:50,4052.45,4056.65,4051.55,4055.35
2026.07.14 19:55,4055.34,4056.77,4054.59,4055.51
2026.07.14 20:00,4055.72,4055.72,4054.03,4054.56
2026.07.14 20:05,4054.36,4055.45,4054.36,4054.57
2026.07.14 20:10,4054.57,4055.36,4053.62,4053.64
2026.07.14 20:15,4053.64,4054.42,4052.49,4052.59
2026.07.14 20:20,4052.63,4053.74,4052.09,4053.74
2026.07.14 20:25,4053.68,4053.98,4052.66,4052.80
2026.07.14 20:30,4052.93,4053.30,4051.24,4051.39
2026.07.14 20:35,4051.38,4051.99,4050.10,4050.35
2026.07.14 20:40,4050.35,4051.68,4049.61,4050.42
2026.07.14 20:45,4050.12,4051.10,4049.27,4050.03
2026.07.14 20:50,4050.06,4052.77,4049.18,4052.22
2026.07.14 20:55,4052.19,4053.05,4051.57,4051.99
2026.07.14 22:00,4052.89,4053.64,4051.49,4052.99
2026.07.14 22:05,4052.95,4052.95,4051.21,4051.57
2026.07.14 22:10,4051.51,4051.51,4048.85,4050.58
2026.07.14 22:15,4050.60,4050.73,4049.17,4050.27
2026.07.14 22:20,4050.33,4051.95,4049.56,4050.28
2026.07.14 22:25,4050.23,4051.77,4049.49,4051.63
2026.07.14 22:30,4051.57,4052.58,4051.45,4052.09
2026.07.14 22:35,4052.10,4052.58,4050.11,4050.65
2026.07.14 22:40,4050.61,4052.03,4048.88,4050.40
2026.07.14 22:45,4050.40,4050.56,4048.45,4049.02
2026.07.14 22:50,4049.02,4050.21,4048.48,4049.31
2026.07.14 22:55,4049.26,4049.58,4048.73,4048.85
2026.07.14 23:00,4048.87,4050.05,4048.29,4049.20
2026.07.14 23:05,4049.21,4049.57,4048.31,4049.46
2026.07.14 23:10,4049.46,4049.46,4046.91,4047.48
2026.07.14 23:15,4047.48,4048.46,4046.72,4047.88
2026.07.14 23:20,4047.92,4050.23,4047.92,4049.62
2026.07.14 23:25,4049.62,4053.80,4049.36,4053.80
2026.07.14 23:30,4053.75,4054.78,4051.43,4054.62
2026.07.14 23:35,4054.61,4055.95,4052.95,4053.49
2026.07.14 23:40,4053.45,4055.22,4053.14,4054.55
2026.07.14 23:45,4054.59,4054.95,4052.45,4052.84
2026.07.14 23:50,4052.85,4054.08,4052.32,4054.07
2026.07.14 23:55,4054.08,4054.38,4051.92,4052.90
2026.07.15 00:00,4052.90,4056.00,4051.04,4054.68
2026.07.15 00:05,4054.81,4055.62,4052.53,4053.99
2026.07.15 00:10,4053.99,4054.94,4049.83,4051.19
2026.07.15 00:15,4051.17,4056.03,4051.01,4051.97
2026.07.15 00:20,4051.97,4056.41,4050.82,4055.44
2026.07.15 00:25,4055.22,4058.04,4054.85,4058.04
2026.07.15 00:30,4058.15,4058.49,4055.11,4055.67
2026.07.15 00:35,4055.66,4056.51,4052.09,4054.11
2026.07.15 00:40,4054.05,4054.64,4052.78,4054.48
2026.07.15 00:45,4054.47,4056.78,4054.14,4054.87
2026.07.15 00:50,4054.67,4057.87,4054.67,4057.70
2026.07.15 00:55,4057.78,4060.37,4057.41,4058.89
2026.07.15 01:00,4059.65,4061.89,4055.46,4058.11
2026.07.15 01:05,4057.80,4061.56,4055.26,4056.35
2026.07.15 01:10,4056.30,4059.04,4055.13,4055.61
2026.07.15 01:15,4055.59,4057.19,4053.64,4055.43
2026.07.15 01:20,4055.44,4055.75,4052.55,4053.79
2026.07.15 01:25,4053.77,4056.60,4053.69,4054.27
2026.07.15 01:30,4054.24,4054.54,4046.95,4050.70
2026.07.15 01:35,4050.57,4050.57,4045.45,4046.23
2026.07.15 01:40,4046.29,4046.29,4036.45,4038.64
2026.07.15 01:45,4038.80,4042.36,4037.73,4041.35
2026.07.15 01:50,4041.34,4041.34,4037.85,4040.94
2026.07.15 01:55,4040.97,4041.07,4035.53,4037.24
2026.07.15 02:00,4037.10,4039.96,4034.02,4038.93
2026.07.15 02:05,4039.00,4041.75,4038.22,4040.83
2026.07.15 02:10,4040.67,4042.05,4035.61,4036.55
2026.07.15 02:15,4036.54,4036.74,4029.54,4030.09
2026.07.15 02:20,4030.09,4032.45,4029.09,4031.57
2026.07.15 02:25,4031.60,4033.29,4030.39,4032.98
2026.07.15 02:30,4033.00,4036.14,4032.65,4035.67
2026.07.15 02:35,4035.68,4037.75,4035.58,4037.68
2026.07.15 02:40,4037.71,4041.76,4037.01,4041.57
2026.07.15 02:45,4041.59,4041.80,4038.87,4039.84
2026.07.15 02:50,4039.85,4039.85,4034.33,4035.09
2026.07.15 02:55,4035.02,4039.34,4035.01,4035.18
2026.07.15 03:00,4035.19,4039.98,4034.56,4039.35
2026.07.15 03:05,4039.31,4040.19,4035.97,4036.64
2026.07.15 03:10,4036.60,4036.99,4032.81,4033.96
2026.07.15 03:15,4033.93,4035.18,4031.80,4032.31
2026.07.15 03:20,4032.29,4033.10,4030.55,4030.87
2026.07.15 03:25,4030.85,4032.60,4030.09,4030.90
2026.07.15 03:30,4030.83,4033.47,4028.06,4033.29
2026.07.15 03:35,4033.16,4035.58,4032.32,4032.41
2026.07.15 03:40,4032.50,4032.54,4028.23,4029.22
2026.07.15 03:45,4029.23,4032.04,4029.09,4032.04
2026.07.15 03:50,4031.99,4033.38,4030.93,4031.02
2026.07.15 03:55,4031.03,4031.98,4030.66,4031.10
2026.07.15 04:00,4031.15,4033.12,4030.72,4031.24
2026.07.15 04:05,4031.12,4032.12,4029.96,4031.86
2026.07.15 04:10,4031.89,4033.02,4031.41,4031.41
2026.07.15 04:15,4031.36,4033.97,4030.79,4033.93
2026.07.15 04:20,4033.94,4033.95,4032.32,4033.01
2026.07.15 04:25,4032.94,4034.94,4032.84,4033.53
2026.07.15 04:30,4033.51,4034.91,4031.61,4031.61
2026.07.15 04:35,4031.60,4032.72,4030.05,4030.82
2026.07.15 04:40,4030.78,4032.00,4028.13,4030.09
2026.07.15 04:45,4030.18,4034.21,4030.18,4031.44
2026.07.15 04:50,4031.44,4034.23,4031.44,4032.61
2026.07.15 04:55,4032.61,4033.27,4031.71,4033.02
2026.07.15 05:00,4033.33,4035.87,4031.42,4031.77
2026.07.15 05:05,4031.92,4033.00,4029.01,4031.00
2026.07.15 05:10,4030.97,4031.41,4025.04,4025.98
2026.07.15 05:15,4025.91,4028.37,4025.59,4027.59
2026.07.15 05:20,4027.48,4028.49,4026.06,4027.27
2026.07.15 05:25,4026.86,4026.87,4024.69,4024.95
2026.07.15 05:30,4024.98,4029.04,4022.07,4027.89
2026.07.15 05:35,4027.90,4031.75,4027.04,4031.34
2026.07.15 05:40,4031.32,4036.45,4029.36,4029.56
2026.07.15 05:45,4029.63,4029.83,4027.29,4029.00
2026.07.15 05:50,4028.72,4030.49,4027.90,4030.40
2026.07.15 05:55,4030.13,4034.59,4028.07,4034.59
2026.07.15 06:00,4034.65,4035.43,4030.68,4031.18
2026.07.15 06:05,4031.19,4031.64,4027.72,4029.80
2026.07.15 06:10,4029.92,4030.00,4027.08,4027.46
2026.07.15 06:15,4027.39,4027.84,4023.51,4026.65
2026.07.15 06:20,4026.64,4027.06,4021.07,4026.27
2026.07.15 06:25,4026.32,4028.54,4025.56,4026.30
2026.07.15 06:30,4026.35,4028.06,4022.56,4027.97
2026.07.15 06:35,4027.96,4030.78,4027.07,4029.03
2026.07.15 06:40,4028.90,4032.92,4028.22,4032.40
2026.07.15 06:45,4032.39,4032.39,4029.66,4029.96
2026.07.15 06:50,4029.98,4033.61,4029.86,4032.25
2026.07.15 06:55,4032.25,4032.65,4030.62,4031.99
2026.07.15 07:00,4031.82,4034.18,4029.14,4032.65
2026.07.15 07:05,4032.68,4032.68,4029.10,4029.31
2026.07.15 07:10,4029.28,4031.01,4028.17,4029.26
2026.07.15 07:15,4029.26,4029.75,4027.95,4029.19
2026.07.15 07:20,4029.15,4029.70,4025.31,4025.95
2026.07.15 07:25,4025.93,4026.18,4019.94,4024.41
2026.07.15 07:30,4023.88,4026.82,4021.89,4023.61
2026.07.15 07:35,4023.59,4023.59,4019.71,4020.41
2026.07.15 07:40,4020.42,4022.70,4019.63,4022.70
2026.07.15 07:45,4022.71,4026.31,4021.24,4024.63
2026.07.15 07:50,4024.60,4025.71,4022.41,4025.47
2026.07.15 07:55,4025.44,4026.62,4023.37,4024.32
2026.07.15 08:00,4024.34,4025.78,4020.31,4024.77
2026.07.15 08:05,4024.75,4025.42,4021.95,4022.33
2026.07.15 08:10,4022.33,4023.33,4017.32,4017.82
2026.07.15 08:15,4017.97,4025.20,4017.97,4024.02
2026.07.15 08:20,4024.03,4025.10,4022.74,4024.43
2026.07.15 08:25,4024.44,4026.72,4022.73,4026.25
2026.07.15 08:30,4026.63,4029.14,4025.75,4027.82
2026.07.15 08:35,4027.83,4028.20,4024.56,4026.40
2026.07.15 08:40,4026.41,4028.52,4026.14,4028.50
2026.07.15 08:45,4028.48,4030.03,4027.57,4029.56
2026.07.15 08:50,4029.62,4030.85,4028.77,4030.51
2026.07.15 08:55,4030.52,4032.98,4029.57,4031.08
2026.07.15 09:00,4031.26,4034.13,4030.79,4033.23
2026.07.15 09:05,4033.10,4033.88,4030.26,4032.40
2026.07.15 09:10,4032.40,4032.92,4029.46,4030.19
2026.07.15 09:15,4030.34,4031.09,4028.78,4031.08
2026.07.15 09:20,4031.08,4032.71,4029.37,4029.73
2026.07.15 09:25,4029.74,4029.74,4026.95,4027.32
2026.07.15 09:30,4027.39,4029.49,4026.43,4026.61
2026.07.15 09:35,4026.62,4027.49,4025.44,4026.22
2026.07.15 09:40,4026.23,4027.91,4026.21,4027.25
2026.07.15 09:45,4027.24,4028.57,4026.29,4028.35
2026.07.15 09:50,4028.17,4028.47,4026.88,4028.47
2026.07.15 09:55,4028.37,4030.24,4026.08,4030.14
2026.07.15 10:00,4030.14,4031.43,4028.67,4030.33
2026.07.15 10:05,4030.33,4032.89,4028.65,4030.40
2026.07.15 10:10,4030.40,4035.84,4029.57,4033.65
2026.07.15 10:15,4033.63,4033.90,4031.58,4032.11
2026.07.15 10:20,4032.02,4035.36,4028.88,4029.22
2026.07.15 10:25,4029.32,4029.88,4026.49,4028.78
2026.07.15 10:30,4028.75,4031.05,4028.34,4030.23
2026.07.15 10:35,4030.21,4033.96,4030.02,4033.57
2026.07.15 10:40,4033.58,4033.63,4030.14,4031.05
2026.07.15 10:45,4031.07,4031.14,4027.16,4028.46
2026.07.15 10:50,4028.25,4028.85,4027.55,4028.85
2026.07.15 10:55,4028.78,4028.90,4027.00,4028.06
2026.07.15 11:00,4028.05,4031.35,4027.78,4028.85
2026.07.15 11:05,4028.73,4031.60,4028.36,4031.18
2026.07.15 11:10,4031.07,4032.81,4030.15,4030.23
2026.07.15 11:15,4030.28,4030.45,4027.51,4029.24
2026.07.15 11:20,4029.29,4030.34,4028.40,4029.95
2026.07.15 11:25,4030.07,4031.15,4028.72,4030.64
2026.07.15 11:30,4030.64,4033.51,4029.22,4033.14
2026.07.15 11:35,4033.25,4035.31,4031.92,4035.23
2026.07.15 11:40,4035.24,4039.28,4035.14,4037.40
2026.07.15 11:45,4037.66,4038.71,4035.55,4036.36
2026.07.15 11:50,4036.46,4040.01,4035.57,4036.31
2026.07.15 11:55,4036.33,4039.08,4035.87,4038.22
2026.07.15 12:00,4038.37,4042.43,4037.91,4040.96
2026.07.15 12:05,4040.78,4040.93,4037.05,4037.31
2026.07.15 12:10,4037.24,4039.00,4035.86,4037.80
2026.07.15 12:15,4037.89,4040.61,4037.89,4039.14
2026.07.15 12:20,4039.53,4040.71,4038.13,4039.27
2026.07.15 12:25,4039.29,4040.12,4037.48,4039.64
2026.07.15 12:30,4039.39,4054.49,4039.39,4054.16
2026.07.15 12:35,4054.21,4066.00,4053.70,4063.50
2026.07.15 12:40,4063.66,4063.67,4057.31,4063.01
2026.07.15 12:45,4062.59,4065.20,4060.97,4064.31
2026.07.15 12:50,4063.88,4066.40,4062.08,4063.45
2026.07.15 12:55,4063.46,4071.37,4061.51,4067.68
2026.07.15 13:00,4068.28,4072.57,4064.60,4072.13
2026.07.15 13:05,4072.15,4073.97,4069.48,4069.48
2026.07.15 13:10,4069.39,4069.95,4061.73,4061.73
2026.07.15 13:15,4061.51,4066.38,4061.17,4065.66
2026.07.15 13:20,4065.57,4065.57,4061.06,4061.74
2026.07.15 13:25,4061.74,4061.78,4054.10,4055.89
2026.07.15 13:30,4055.84,4061.23,4055.70,4060.17
2026.07.15 13:35,4060.19,4062.37,4057.39,4061.23
2026.07.15 13:40,4061.02,4063.03,4058.21,4061.11
2026.07.15 13:45,4061.11,4061.78,4054.90,4056.41
2026.07.15 13:50,4056.57,4060.30,4055.08,4059.07
2026.07.15 13:55,4058.91,4066.24,4057.48,4061.35
2026.07.15 14:00,4061.55,4065.32,4059.93,4063.08
2026.07.15 14:05,4063.08,4065.24,4062.13,4062.93
2026.07.15 14:10,4062.89,4065.57,4062.27,4064.17
2026.07.15 14:15,4064.34,4065.94,4060.58,4062.85
2026.07.15 14:20,4062.88,4063.13,4055.81,4057.49
2026.07.15 14:25,4057.59,4059.58,4055.52,4058.16
2026.07.15 14:30,4058.37,4063.20,4057.59,4062.05
2026.07.15 14:35,4062.20,4063.89,4060.90,4061.94
2026.07.15 14:40,4061.99,4062.81,4056.87,4057.15
2026.07.15 14:45,4057.19,4060.33,4053.26,4059.87
2026.07.15 14:50,4059.83,4060.05,4054.63,4055.99
2026.07.15 14:55,4055.81,4060.83,4055.71,4060.31
2026.07.15 15:00,4060.93,4062.79,4058.20,4059.09
2026.07.15 15:05,4059.08,4059.22,4054.30,4054.56
2026.07.15 15:10,4054.56,4054.73,4043.19,4044.00
2026.07.15 15:15,4043.99,4046.78,4043.19,4046.05
2026.07.15 15:20,4046.08,4046.19,4039.50,4045.01
2026.07.15 15:25,4044.97,4049.69,4044.35,4049.09
2026.07.15 15:30,4048.94,4049.59,4044.75,4048.29
2026.07.15 15:35,4048.22,4049.06,4046.71,4048.60
2026.07.15 15:40,4048.79,4050.40,4048.33,4049.52
2026.07.15 15:45,4049.48,4050.77,4047.96,4049.53
2026.07.15 15:50,4049.53,4050.53,4046.76,4050.51
2026.07.15 15:55,4050.41,4050.41,4046.37,4046.94
2026.07.15 16:00,4046.82,4047.72,4042.60,4043.28
2026.07.15 16:05,4043.27,4044.39,4041.66,4041.73
2026.07.15 16:10,4041.93,4042.41,4037.30,4038.23
2026.07.15 16:15,4038.18,4040.68,4033.02,4033.74
2026.07.15 16:20,4033.75,4037.61,4033.08,4035.63
2026.07.15 16:25,4035.63,4037.72,4032.93,4034.68
2026.07.15 16:30,4034.70,4036.86,4030.84,4030.84
2026.07.15 16:35,4030.86,4031.27,4027.19,4030.20
2026.07.15 16:40,4030.20,4031.62,4026.89,4028.63
2026.07.15 16:45,4028.57,4036.78,4027.61,4035.64
2026.07.15 16:50,4035.41,4037.92,4033.77,4034.14
2026.07.15 16:55,4034.14,4034.14,4029.43,4033.75
2026.07.15 17:00,4033.69,4038.65,4032.94,4037.78
2026.07.15 17:05,4037.63,4039.06,4036.61,4036.61
2026.07.15 17:10,4036.61,4038.83,4035.79,4035.82
2026.07.15 17:15,4035.82,4036.65,4033.11,4035.52
2026.07.15 17:20,4035.66,4038.89,4035.55,4037.71
2026.07.15 17:25,4037.77,4048.04,4037.69,4047.44
2026.07.15 17:30,4047.41,4055.69,4047.11,4054.74
2026.07.15 17:35,4054.77,4059.98,4053.51,4056.93
2026.07.15 17:40,4056.93,4062.94,4056.65,4062.24
2026.07.15 17:45,4062.25,4065.89,4061.25,4065.10
2026.07.15 17:50,4065.10,4065.11,4061.89,4063.17
2026.07.15 17:55,4063.16,4063.83,4060.30,4062.16
2026.07.15 18:00,4062.18,4068.68,4061.68,4067.92
2026.07.15 18:05,4067.69,4069.99,4066.00,4067.07
2026.07.15 18:10,4066.92,4068.25,4065.51,4067.81
2026.07.15 18:15,4067.82,4070.04,4066.64,4069.71
2026.07.15 18:20,4069.70,4071.70,4068.79,4070.76
2026.07.15 18:25,4070.74,4074.96,4069.40,4074.14
2026.07.15 18:30,4074.27,4081.12,4072.43,4072.64
2026.07.15 18:35,4072.64,4073.27,4070.52,4070.70
2026.07.15 18:40,4070.82,4070.97,4067.63,4067.63
2026.07.15 18:45,4067.58,4068.48,4064.47,4064.47
2026.07.15 18:50,4064.45,4064.54,4062.42,4063.25
2026.07.15 18:55,4063.24,4064.61,4057.98,4059.04
2026.07.15 19:00,4059.11,4062.80,4057.19,4060.96
2026.07.15 19:05,4061.01,4061.35,4058.64,4060.60
2026.07.15 19:10,4060.59,4062.41,4059.06,4060.86
2026.07.15 19:15,4060.84,4061.32,4056.56,4056.64
2026.07.15 19:20,4056.64,4056.64,4052.84,4054.58
2026.07.15 19:25,4054.71,4057.76,4054.49,4055.89
2026.07.15 19:30,4056.33,4057.45,4048.73,4049.52
2026.07.15 19:35,4049.49,4051.98,4047.84,4050.39
2026.07.15 19:40,4050.43,4052.85,4049.99,4050.92
2026.07.15 19:45,4050.92,4053.18,4050.53,4052.00
2026.07.15 19:50,4052.35,4054.43,4051.17,4053.29
2026.07.15 19:55,4052.94,4056.83,4052.45,4056.83
2026.07.15 20:00,4056.68,4058.33,4055.08,4058.09
2026.07.15 20:05,4058.07,4058.07,4056.33,4056.78
2026.07.15 20:10,4056.80,4057.66,4056.44,4057.37
2026.07.15 20:15,4057.46,4060.04,4057.24,4059.22
2026.07.15 20:20,4059.09,4061.77,4059.08,4060.29
2026.07.15 20:25,4060.22,4062.04,4060.03,4061.27
2026.07.15 20:30,4061.26,4061.38,4060.26,4060.43
2026.07.15 20:35,4060.77,4063.05,4060.66,4062.86
2026.07.15 20:40,4062.79,4062.90,4060.73,4061.61
2026.07.15 20:45,4061.28,4061.90,4060.96,4061.28
2026.07.15 20:50,4061.30,4062.84,4060.42,4060.96
2026.07.15 20:55,4061.01,4061.30,4059.85,4060.21
2026.07.15 22:00,4065.16,4066.08,4060.85,4061.08
2026.07.15 22:05,4061.33,4064.21,4061.08,4063.27
2026.07.15 22:10,4063.27,4064.62,4063.14,4063.37
2026.07.15 22:15,4063.47,4064.11,4062.63,4063.39
2026.07.15 22:20,4063.39,4063.69,4062.02,4062.03
2026.07.15 22:25,4061.98,4062.51,4061.28,4062.13
2026.07.15 22:30,4062.26,4062.32,4060.45,4060.51
2026.07.15 22:35,4060.53,4061.25,4059.00,4059.30
2026.07.15 22:40,4059.78,4060.54,4059.27,4060.03
2026.07.15 22:45,4060.04,4060.88,4059.02,4059.62
2026.07.15 22:50,4059.61,4059.82,4058.24,4059.59
2026.07.15 22:55,4059.58,4061.31,4059.21,4059.57
2026.07.15 23:00,4059.47,4061.58,4058.84,4059.75
2026.07.15 23:05,4059.78,4061.97,4059.35,4061.30
2026.07.15 23:10,4061.30,4061.43,4059.06,4060.22
2026.07.15 23:15,4060.28,4060.33,4057.90,4058.98
2026.07.15 23:20,4058.97,4059.11,4057.03,4057.15
2026.07.15 23:25,4057.19,4059.25,4056.98,4057.68
2026.07.15 23:30,4057.68,4058.37,4056.06,4057.89
2026.07.15 23:35,4057.88,4059.18,4056.74,4057.02
2026.07.15 23:40,4057.03,4058.13,4055.61,4057.67
2026.07.15 23:45,4057.67,4059.44,4056.16,4058.35
2026.07.15 23:50,4058.36,4060.65,4056.67,4058.05
2026.07.15 23:55,4058.11,4059.20,4057.60,4057.71
2026.07.16 00:00,4057.69,4059.32,4056.25,4057.75
2026.07.16 00:05,4057.70,4058.07,4054.82,4055.33
2026.07.16 00:10,4055.66,4057.02,4054.78,4056.27
2026.07.16 00:15,4056.25,4057.33,4055.85,4056.68
2026.07.16 00:20,4056.74,4060.18,4054.96,4058.44
2026.07.16 00:25,4058.41,4060.07,4057.69,4058.30
2026.07.16 00:30,4058.32,4060.71,4058.14,4060.68
2026.07.16 00:35,4060.80,4061.05,4058.33,4058.41
2026.07.16 00:40,4058.51,4058.51,4053.98,4055.06
2026.07.16 00:45,4054.90,4059.69,4054.90,4059.16
2026.07.16 00:50,4059.22,4060.91,4053.23,4053.32
2026.07.16 00:55,4053.38,4053.52,4043.74,4044.50
2026.07.16 01:00,4044.58,4050.42,4041.04,4044.80
2026.07.16 01:05,4044.85,4046.42,4042.32,4045.57
2026.07.16 01:10,4045.35,4048.86,4042.31,4045.12
2026.07.16 01:15,4045.15,4045.23,4039.07,4040.72
2026.07.16 01:20,4040.72,4043.89,4035.63,4037.63
2026.07.16 01:25,4037.64,4038.82,4033.79,4036.71
2026.07.16 01:30,4036.63,4041.37,4036.53,4041.30
2026.07.16 01:35,4041.56,4044.77,4040.41,4044.36
2026.07.16 01:40,4044.34,4045.87,4041.08,4042.04
2026.07.16 01:45,4042.04,4043.73,4039.89,4041.24
2026.07.16 01:50,4041.21,4041.21,4037.12,4038.68
2026.07.16 01:55,4038.68,4040.83,4038.18,4038.92
2026.07.16 02:00,4039.00,4039.99,4036.15,4036.17
2026.07.16 02:05,4036.03,4036.58,4032.64,4032.92
2026.07.16 02:10,4032.95,4035.46,4031.14,4032.45
2026.07.16 02:15,4032.43,4033.08,4028.78,4033.07
2026.07.16 02:20,4032.78,4034.72,4031.50,4033.10
2026.07.16 02:25,4033.00,4034.75,4032.03,4034.49
2026.07.16 02:30,4034.40,4035.64,4030.26,4031.63
2026.07.16 02:35,4031.69,4032.92,4026.01,4027.20
2026.07.16 02:40,4027.20,4028.29,4024.45,4027.67
2026.07.16 02:45,4027.59,4029.98,4027.33,4029.31
2026.07.16 02:50,4029.29,4029.62,4024.92,4029.26
2026.07.16 02:55,4029.30,4032.40,4028.60,4031.43
2026.07.16 03:00,4031.32,4031.91,4030.09,4030.52
2026.07.16 03:05,4030.61,4032.75,4030.24,4032.58
2026.07.16 03:10,4032.64,4032.97,4029.12,4029.71
2026.07.16 03:15,4029.72,4031.40,4029.13,4029.81
2026.07.16 03:20,4029.84,4030.65,4027.64,4028.97
2026.07.16 03:25,4028.93,4033.87,4028.86,4033.81
2026.07.16 03:30,4033.86,4034.31,4032.48,4033.81
2026.07.16 03:35,4033.81,4034.79,4033.05,4033.30
2026.07.16 03:40,4033.21,4036.18,4033.21,4035.31
2026.07.16 03:45,4035.34,4035.49,4034.09,4034.70
2026.07.16 03:50,4034.70,4036.62,4034.58,4035.64
2026.07.16 03:55,4035.66,4036.79,4035.25,4036.19
2026.07.16 04:00,4036.50,4036.50,4033.56,4033.73
2026.07.16 04:05,4033.81,4034.07,4031.83,4031.95
2026.07.16 04:10,4031.92,4037.69,4031.89,4036.78
2026.07.16 04:15,4036.79,4036.80,4032.68,4033.23
2026.07.16 04:20,4033.22,4035.23,4032.70,4033.32
2026.07.16 04:25,4033.32,4033.84,4031.82,4033.76
2026.07.16 04:30,4033.92,4035.21,4031.93,4032.79
2026.07.16 04:35,4032.82,4033.85,4032.43,4033.36
2026.07.16 04:40,4033.24,4034.14,4032.43,4032.51
2026.07.16 04:45,4032.49,4035.12,4032.14,4034.35
2026.07.16 04:50,4034.36,4034.94,4034.06,4034.77
2026.07.16 04:55,4034.72,4034.72,4033.03,4033.05
2026.07.16 05:00,4033.02,4033.82,4030.81,4031.81
2026.07.16 05:05,4031.82,4032.35,4030.51,4031.35
2026.07.16 05:10,4031.26,4031.26,4029.28,4030.65
2026.07.16 05:15,4030.66,4032.85,4028.82,4029.24
2026.07.16 05:20,4029.15,4029.37,4027.03,4027.08
2026.07.16 05:25,4026.98,4029.22,4026.61,4027.53
2026.07.16 05:30,4027.51,4031.59,4025.52,4030.03
2026.07.16 05:35,4029.63,4030.78,4027.40,4029.50
2026.07.16 05:40,4029.35,4032.93,4026.72,4032.24
2026.07.16 05:45,4032.28,4032.76,4027.26,4027.47
2026.07.16 05:50,4027.55,4030.54,4025.53,4026.85
2026.07.16 05:55,4026.87,4029.06,4026.78,4027.23
2026.07.16 06:00,4027.22,4032.91,4026.97,4031.07
2026.07.16 06:05,4031.26,4036.38,4031.18,4034.78
2026.07.16 06:10,4034.77,4034.85,4030.88,4032.12
2026.07.16 06:15,4032.06,4032.81,4027.96,4029.24
2026.07.16 06:20,4029.32,4031.56,4027.85,4031.49
2026.07.16 06:25,4031.50,4031.91,4030.24,4030.28
2026.07.16 06:30,4029.94,4030.57,4026.64,4026.69
2026.07.16 06:35,4026.55,4026.76,4022.68,4026.53
2026.07.16 06:40,4026.53,4026.93,4024.89,4026.89
2026.07.16 06:45,4026.89,4028.83,4026.28,4028.18
2026.07.16 06:50,4028.20,4030.06,4027.73,4030.06
2026.07.16 06:55,4030.11,4031.33,4030.09,4030.51
2026.07.16 07:00,4030.49,4030.49,4027.29,4029.13
2026.07.16 07:05,4029.12,4029.66,4027.93,4029.22
2026.07.16 07:10,4029.22,4029.59,4025.62,4026.22
2026.07.16 07:15,4026.21,4026.38,4023.65,4024.67
2026.07.16 07:20,4024.57,4026.82,4024.55,4025.13
2026.07.16 07:25,4025.17,4026.57,4023.92,4024.40
2026.07.16 07:30,4024.24,4025.28,4022.98,4023.94
2026.07.16 07:35,4023.98,4025.48,4023.33,4025.12
2026.07.16 07:40,4025.79,4028.21,4025.23,4026.01
2026.07.16 07:45,4025.99,4031.69,4025.82,4030.50
2026.07.16 07:50,4030.56,4030.80,4026.48,4028.15
2026.07.16 07:55,4028.18,4031.04,4027.94,4030.67
2026.07.16 08:00,4030.49,4034.00,4029.48,4029.90
2026.07.16 08:05,4029.83,4030.72,4028.25,4028.29
2026.07.16 08:10,4028.28,4029.05,4025.28,4025.67
2026.07.16 08:15,4025.61,4029.19,4025.13,4029.19
2026.07.16 08:20,4029.18,4031.94,4028.93,4031.46
2026.07.16 08:25,4031.46,4033.58,4031.19,4032.20
2026.07.16 08:30,4032.33,4034.78,4032.07,4032.22
2026.07.16 08:35,4032.22,4035.44,4032.22,4033.41
2026.07.16 08:40,4033.39,4034.20,4031.96,4033.53
2026.07.16 08:45,4033.58,4036.38,4033.51,4035.47
2026.07.16 08:50,4035.46,4035.75,4033.11,4033.32
2026.07.16 08:55,4033.31,4035.61,4033.04,4035.19
2026.07.16 09:00,4035.26,4037.20,4035.18,4035.34
2026.07.16 09:05,4035.33,4036.74,4035.30,4036.32
2026.07.16 09:10,4036.32,4037.30,4035.63,4036.77
2026.07.16 09:15,4036.88,4037.39,4035.78,4035.96
2026.07.16 09:20,4035.96,4036.11,4032.37,4032.58
2026.07.16 09:25,4032.60,4033.78,4030.86,4033.00
2026.07.16 09:30,4033.00,4033.99,4030.38,4031.88
2026.07.16 09:35,4031.77,4034.57,4031.38,4033.20
2026.07.16 09:40,4033.12,4034.94,4032.79,4034.19
2026.07.16 09:45,4034.22,4034.35,4031.58,4032.31
2026.07.16 09:50,4032.30,4036.19,4032.15,4035.77
2026.07.16 09:55,4035.71,4036.14,4031.76,4031.82
2026.07.16 10:00,4031.67,4032.21,4029.75,4030.89
2026.07.16 10:05,4030.91,4032.63,4030.28,4032.29
2026.07.16 10:10,4032.27,4032.58,4029.62,4031.60
2026.07.16 10:15,4031.64,4032.89,4031.54,4032.42
2026.07.16 10:20,4032.42,4034.56,4031.55,4034.44
2026.07.16 10:25,4034.44,4034.61,4031.71,4033.19
2026.07.16 10:30,4033.20,4033.76,4031.57,4033.68
2026.07.16 10:35,4033.65,4034.12,4031.58,4031.77
2026.07.16 10:40,4031.75,4034.49,4031.53,4033.02
2026.07.16 10:45,4033.00,4033.14,4030.62,4030.82
2026.07.16 10:50,4030.73,4032.10,4030.24,4031.39
2026.07.16 10:55,4031.39,4031.78,4028.57,4029.45
2026.07.16 11:00,4029.41,4030.10,4027.70,4028.47
2026.07.16 11:05,4028.47,4029.45,4027.66,4029.36
2026.07.16 11:10,4029.25,4029.67,4026.42,4027.92
2026.07.16 11:15,4027.93,4027.93,4025.09,4026.22
2026.07.16 11:20,4026.21,4027.08,4024.75,4024.92
2026.07.16 11:25,4024.92,4027.45,4021.24,4024.31
2026.07.16 11:30,4024.22,4030.09,4023.44,4029.73
2026.07.16 11:35,4029.77,4032.20,4028.98,4030.77
2026.07.16 11:40,4030.71,4035.92,4030.31,4034.75
2026.07.16 11:45,4034.73,4042.28,4027.93,4031.69
2026.07.16 11:50,4032.16,4040.01,4029.62,4039.43
2026.07.16 11:55,4039.42,4041.38,4037.15,4038.37
2026.07.16 12:00,4038.86,4043.20,4036.11,4042.26
2026.07.16 12:05,4042.20,4043.23,4032.28,4033.25
2026.07.16 12:10,4033.25,4033.25,4027.66,4031.69
2026.07.16 12:15,4031.69,4032.11,4012.78,4028.71
2026.07.16 12:20,4028.72,4028.99,4020.32,4020.89
2026.07.16 12:25,4020.93,4025.61,4016.65,4025.46
2026.07.16 12:30,4023.69,4029.45,4019.60,4022.47
2026.07.16 12:35,4022.55,4022.68,4014.83,4014.97
2026.07.16 12:40,4014.96,4015.14,4000.43,4002.67
2026.07.16 12:45,4002.65,4008.77,3999.12,3999.19
2026.07.16 12:50,3998.97,4002.19,3994.66,3995.99
2026.07.16 12:55,3995.92,3996.86,3990.40,3992.35
2026.07.16 13:00,3991.98,3996.68,3975.30,3977.97
2026.07.16 13:05,3978.17,3986.15,3973.81,3983.78
2026.07.16 13:10,3983.66,3993.24,3982.17,3992.17
2026.07.16 13:15,3992.18,3995.75,3991.23,3995.06
2026.07.16 13:20,3995.02,3999.34,3991.27,3998.97
2026.07.16 13:25,3998.92,4005.99,3998.13,4005.46
2026.07.16 13:30,4005.45,4008.23,3993.24,3993.24
2026.07.16 13:35,3993.07,3993.76,3981.63,3983.09
2026.07.16 13:40,3983.28,3989.37,3983.28,3986.25
2026.07.16 13:45,3986.52,3993.01,3986.19,3991.82
2026.07.16 13:50,3991.79,3996.92,3991.79,3994.10
2026.07.16 13:55,3994.13,3994.13,3988.01,3990.07
2026.07.16 14:00,3990.07,3997.12,3989.40,3996.80
2026.07.16 14:05,3996.80,3996.80,3990.99,3992.64
2026.07.16 14:10,3992.63,3993.91,3987.05,3988.72
2026.07.16 14:15,3988.94,3997.15,3987.53,3995.59
2026.07.16 14:20,3995.62,3996.18,3990.54,3992.17
2026.07.16 14:25,3992.14,4000.44,3991.67,3999.20
2026.07.16 14:30,3999.15,4004.50,3995.50,4002.61
2026.07.16 14:35,4002.52,4003.72,3998.90,3999.71
2026.07.16 14:40,3999.71,4004.64,3999.71,4004.64
2026.07.16 14:45,4004.67,4006.53,3999.12,3999.20
2026.07.16 14:50,3999.43,4000.27,3994.93,3995.20
2026.07.16 14:55,3995.25,3999.08,3992.42,3997.72
2026.07.16 15:00,3997.87,3998.56,3992.35,3993.05
2026.07.16 15:05,3992.90,3995.67,3990.14,3995.15
2026.07.16 15:10,3995.09,3995.09,3989.28,3992.73
2026.07.16 15:15,3992.71,3998.94,3992.54,3998.75
2026.07.16 15:20,3998.67,4009.01,3998.47,4007.67
2026.07.16 15:25,4007.72,4016.68,4006.95,4011.29
2026.07.16 15:30,4011.19,4014.75,4007.56,4014.31
2026.07.16 15:35,4014.01,4016.10,4010.79,4014.03
2026.07.16 15:40,4013.92,4014.10,4009.43,4010.35
2026.07.16 15:45,4010.26,4011.33,4008.16,4010.63
2026.07.16 15:50,4010.61,4013.01,4008.37,4009.00
2026.07.16 15:55,4009.02,4009.30,4005.38,4006.88
2026.07.16 16:00,4006.89,4007.51,3998.85,3999.38
2026.07.16 16:05,3999.69,4000.80,3997.43,3998.43
2026.07.16 16:10,3998.44,3998.54,3989.87,3989.87
2026.07.16 16:15,3989.46,3991.56,3985.47,3986.94
2026.07.16 16:20,3987.14,3989.08,3982.29,3986.63
2026.07.16 16:25,3986.65,3987.87,3984.49,3987.42
2026.07.16 16:30,3987.39,3989.89,3986.91,3989.15
2026.07.16 16:35,3989.08,3991.90,3988.99,3991.00
2026.07.16 16:40,3991.14,3992.42,3988.20,3991.92
2026.07.16 16:45,3991.85,3992.60,3989.24,3992.06
2026.07.16 16:50,3991.90,3995.60,3991.15,3994.52
2026.07.16 16:55,3994.51,3996.84,3991.80,3991.94
2026.07.16 17:00,3992.20,3992.82,3990.05,3991.13
2026.07.16 17:05,3991.13,3991.41,3987.37,3987.85
2026.07.16 17:10,3987.73,3988.47,3984.53,3985.74
2026.07.16 17:15,3985.66,3988.09,3985.11,3987.68
2026.07.16 17:20,3987.72,3988.63,3985.65,3986.33
2026.07.16 17:25,3986.33,3988.37,3982.71,3987.57
2026.07.16 17:30,3987.34,3988.55,3983.10,3984.33
2026.07.16 17:35,3984.40,3985.48,3981.35,3982.40
2026.07.16 17:40,3982.40,3982.98,3979.96,3981.48
2026.07.16 17:45,3981.73,3986.07,3981.03,3984.79
2026.07.16 17:50,3984.85,3987.46,3984.23,3986.52
2026.07.16 17:55,3986.59,3986.59,3983.65,3984.49
2026.07.16 18:00,3984.65,3986.86,3983.81,3985.45
2026.07.16 18:05,3985.45,3988.00,3983.58,3987.11
2026.07.16 18:10,3987.12,3989.23,3985.19,3985.19
2026.07.16 18:15,3985.12,3988.51,3984.33,3988.03
2026.07.16 18:20,3988.03,3990.28,3986.75,3986.75
2026.07.16 18:25,3986.67,3987.51,3985.45,3986.34
2026.07.16 18:30,3986.29,3986.29,3978.93,3979.15
2026.07.16 18:35,3979.12,3979.27,3976.45,3978.41
2026.07.16 18:40,3978.13,3983.49,3977.67,3983.04
2026.07.16 18:45,3982.95,3984.77,3981.99,3982.86
2026.07.16 18:50,3982.89,3983.90,3980.31,3981.10
2026.07.16 18:55,3981.08,3982.55,3979.39,3980.24
2026.07.16 19:00,3980.25,3985.44,3979.12,3985.00
2026.07.16 19:05,3985.02,3985.99,3981.98,3982.64
2026.07.16 19:10,3982.58,3982.58,3978.96,3980.50
2026.07.16 19:15,3980.40,3982.58,3979.89,3982.58
2026.07.16 19:20,3982.58,3983.94,3980.30,3981.10
2026.07.16 19:25,3981.11,3981.76,3978.56,3978.85
2026.07.16 19:30,3978.82,3979.47,3974.69,3974.98
2026.07.16 19:35,3975.03,3975.26,3969.24,3975.06
2026.07.16 19:40,3975.08,3977.37,3974.98,3975.68
2026.07.16 19:45,3975.59,3976.76,3972.91,3974.93
2026.07.16 19:50,3975.18,3982.35,3973.88,3981.36
2026.07.16 19:55,3980.83,3981.72,3976.32,3979.72
2026.07.16 20:00,3979.23,3980.06,3976.82,3977.92
2026.07.16 20:05,3977.86,3977.86,3975.16,3976.15
2026.07.16 20:10,3976.15,3976.49,3974.39,3974.86
2026.07.16 20:15,3974.84,3975.10,3972.37,3972.56
2026.07.16 20:20,3972.42,3973.04,3971.72,3972.47
2026.07.16 20:25,3972.47,3975.17,3971.94,3974.68
2026.07.16 20:30,3974.88,3975.20,3973.36,3974.75
2026.07.16 20:35,3975.06,3976.19,3974.76,3974.94
2026.07.16 20:40,3974.94,3975.47,3974.42,3974.43
2026.07.16 20:45,3974.06,3976.13,3974.06,3974.55
2026.07.16 20:50,3974.70,3975.55,3974.07,3975.55
2026.07.16 20:55,3975.50,3976.56,3974.74,3975.95
2026.07.16 22:00,3977.47,3980.15,3976.25,3978.51
2026.07.16 22:05,3978.52,3978.52,3976.54,3977.76
2026.07.16 22:10,3977.77,3977.97,3975.91,3976.13
2026.07.16 22:15,3976.67,3977.46,3975.47,3975.67
2026.07.16 22:20,3975.71,3975.98,3974.69,3975.02
2026.07.16 22:25,3975.09,3976.38,3974.70,3976.38
2026.07.16 22:30,3976.35,3976.64,3974.45,3975.89
2026.07.16 22:35,3975.83,3976.79,3975.23,3975.74
2026.07.16 22:40,3975.74,3976.22,3973.41,3973.41
2026.07.16 22:45,3973.41,3974.27,3973.16,3973.48
2026.07.16 22:50,3973.47,3975.22,3973.45,3975.06
2026.07.16 22:55,3975.15,3978.23,3975.15,3978.21
2026.07.16 23:00,3978.22,3978.69,3975.43,3978.24
2026.07.16 23:05,3978.15,3979.21,3977.79,3978.43
2026.07.16 23:10,3978.44,3980.19,3977.91,3980.00
2026.07.16 23:15,3979.95,3980.37,3978.83,3978.99
2026.07.16 23:20,3978.98,3979.00,3977.61,3978.31
2026.07.16 23:25,3978.30,3980.53,3978.28,3978.30
2026.07.16 23:30,3978.41,3978.63,3975.56,3977.20
2026.07.16 23:35,3977.28,3980.91,3977.28,3979.54
2026.07.16 23:40,3979.53,3981.76,3979.53,3981.39
2026.07.16 23:45,3981.38,3981.50,3976.53,3978.32
2026.07.16 23:50,3978.36,3980.82,3978.35,3980.25
2026.07.16 23:55,3980.14,3986.30,3980.14,3985.86
2026.07.17 00:00,3985.87,3986.75,3983.35,3984.83
2026.07.17 00:05,3984.82,3987.23,3983.35,3985.88
2026.07.17 00:10,3985.89,3986.84,3983.03,3983.08
2026.07.17 00:15,3983.71,3990.85,3983.65,3987.92
2026.07.17 00:20,3987.91,3990.21,3986.60,3986.60
2026.07.17 00:25,3986.60,3986.60,3984.09,3984.71
2026.07.17 00:30,3984.69,3984.94,3980.75,3981.34
2026.07.17 00:35,3981.32,3984.46,3981.01,3981.22
2026.07.17 00:40,3981.21,3982.69,3980.56,3981.91
2026.07.17 00:45,3981.86,3987.31,3981.42,3986.33
2026.07.17 00:50,3986.10,3988.35,3985.60,3987.03
2026.07.17 00:55,3987.01,3991.89,3986.10,3991.81
2026.07.17 01:00,3991.83,3992.01,3987.32,3988.46
2026.07.17 01:05,3988.43,3994.92,3988.27,3990.62
2026.07.17 01:10,3990.55,3993.30,3988.61,3992.01
2026.07.17 01:15,3992.02,3996.02,3990.88,3993.58
2026.07.17 01:20,3993.61,3995.26,3989.13,3990.49
2026.07.17 01:25,3990.49,3991.91,3987.87,3990.88
2026.07.17 01:30,3990.88,3992.75,3988.78,3992.51
2026.07.17 01:35,3992.43,3995.24,3991.01,3992.21
2026.07.17 01:40,3992.49,3994.52,3990.11,3991.31
2026.07.17 01:45,3991.16,3992.56,3983.72,3983.91
2026.07.17 01:50,3983.95,3984.95,3979.74,3979.89
2026.07.17 01:55,3979.91,3983.22,3979.12,3983.05
2026.07.17 02:00,3983.31,3987.21,3981.55,3983.04
2026.07.17 02:05,3983.04,3983.15,3979.95,3979.99
2026.07.17 02:10,3980.03,3981.91,3979.70,3980.78
2026.07.17 02:15,3980.77,3984.05,3980.34,3983.11
2026.07.17 02:20,3983.09,3983.71,3980.96,3983.63
2026.07.17 02:25,3983.59,3984.27,3980.66,3983.01
2026.07.17 02:30,3982.98,3984.01,3975.97,3977.50
2026.07.17 02:35,3977.47,3978.74,3970.66,3973.13
2026.07.17 02:40,3973.31,3976.55,3972.41,3974.76
2026.07.17 02:45,3974.84,3979.20,3974.27,3977.37
2026.07.17 02:50,3977.48,3978.77,3974.85,3977.92
2026.07.17 02:55,3978.06,3979.95,3976.89,3979.03
2026.07.17 03:00,3979.09,3989.53,3978.69,3988.87
2026.07.17 03:05,3989.11,3992.45,3987.96,3990.25
2026.07.17 03:10,3990.11,3990.59,3987.52,3988.60
2026.07.17 03:15,3988.59,4002.50,3988.59,4002.43
2026.07.17 03:20,4002.45,4008.10,4002.45,4003.08
2026.07.17 03:25,4003.08,4003.79,3998.70,4000.98
2026.07.17 03:30,4000.88,4001.24,3995.89,3997.91
2026.07.17 03:35,3997.96,4000.36,3996.96,3999.03
2026.07.17 03:40,3999.39,3999.96,3996.18,3997.39
2026.07.17 03:45,3997.87,3998.49,3994.38,3994.82
2026.07.17 03:50,3994.85,3995.80,3992.67,3993.22
2026.07.17 03:55,3993.16,3993.33,3990.50,3991.29
2026.07.17 04:00,3991.23,3991.54,3988.56,3989.44
2026.07.17 04:05,3989.38,3990.30,3987.43,3987.66
2026.07.17 04:10,3987.65,3989.76,3987.25,3988.67
2026.07.17 04:15,3988.71,3989.95,3986.52,3988.68
2026.07.17 04:20,3988.70,3990.08,3985.87,3986.66
2026.07.17 04:25,3986.60,3986.98,3985.14,3986.17
2026.07.17 04:30,3986.14,3988.03,3983.74,3984.87
2026.07.17 04:35,3985.10,3986.21,3980.98,3983.39
2026.07.17 04:40,3983.40,3983.62,3980.12,3981.84
2026.07.17 04:45,3981.84,3984.48,3981.61,3981.81
2026.07.17 04:50,3981.78,3982.42,3980.18,3981.00
2026.07.17 04:55,3981.06,3981.93,3980.98,3981.70
2026.07.17 05:00,3981.55,3982.67,3979.82,3982.60
2026.07.17 05:05,3982.60,3982.66,3977.16,3978.12
2026.07.17 05:10,3978.11,3981.04,3978.04,3979.50
2026.07.17 05:15,3979.51,3980.19,3975.89,3975.90
2026.07.17 05:20,3975.80,3979.89,3975.32,3979.03
2026.07.17 05:25,3979.03,3981.51,3977.89,3979.80
2026.07.17 05:30,3979.74,3986.19,3978.42,3982.58
2026.07.17 05:35,3982.58,3985.79,3981.42,3985.69
2026.07.17 05:40,3985.69,3990.30,3984.58,3986.66
2026.07.17 05:45,3986.67,3989.15,3981.81,3987.91
2026.07.17 05:50,3987.97,3991.32,3987.12,3989.80
2026.07.17 05:55,3989.58,3989.82,3984.50,3984.96
2026.07.17 06:00,3984.94,3992.01,3984.94,3991.85
2026.07.17 06:05,3991.98,3992.89,3988.01,3988.61
2026.07.17 06:10,3988.57,4000.66,3988.53,3999.58
2026.07.17 06:15,3999.74,4002.33,3997.76,4002.02
2026.07.17 06:20,4002.15,4005.90,4001.74,4003.57
2026.07.17 06:25,4003.15,4005.26,4000.91,4004.20
2026.07.17 06:30,4003.69,4007.09,4003.58,4004.59
2026.07.17 06:35,4004.69,4004.73,3998.60,3999.67
2026.07.17 06:40,3999.74,3999.96,3995.64,3996.14
2026.07.17 06:45,3996.13,3999.85,3995.90,3997.76
2026.07.17 06:50,3997.74,3999.27,3996.43,3997.14
2026.07.17 06:55,3997.14,4001.47,3997.14,3999.29
2026.07.17 07:00,3998.92,4002.49,3996.81,4000.96
2026.07.17 07:05,4000.75,4001.67,3994.49,3994.93
2026.07.17 07:10,3994.92,3996.89,3993.29,3996.43
2026.07.17 07:15,3996.42,3999.20,3995.82,3996.97
2026.07.17 07:20,3997.03,3997.38,3994.02,3997.10
2026.07.17 07:25,3997.14,3998.01,3995.50,3996.23
2026.07.17 07:30,3996.24,3998.01,3995.07,3996.22
2026.07.17 07:35,3996.19,3996.85,3994.12,3996.70
2026.07.17 07:40,3996.53,3998.55,3994.10,3998.54
2026.07.17 07:45,3998.54,3998.57,3995.62,3996.26
2026.07.17 07:50,3996.26,3997.17,3994.38,3994.84
2026.07.17 07:55,3994.84,3995.72,3992.63,3992.63
2026.07.17 08:00,3992.59,3999.75,3992.15,3999.08
2026.07.17 08:05,3998.96,3999.11,3996.49,3997.48
2026.07.17 08:10,3997.50,3997.50,3991.34,3993.08
2026.07.17 08:15,3993.08,3994.60,3989.34,3990.04
2026.07.17 08:20,3990.05,3992.90,3990.05,3992.32
2026.07.17 08:25,3992.11,3994.97,3988.11,3992.29
2026.07.17 08:30,3992.34,3993.32,3989.81,3991.25
2026.07.17 08:35,3991.15,3991.93,3987.81,3988.98
2026.07.17 08:40,3988.98,3993.24,3988.93,3993.24
2026.07.17 08:45,3993.27,3999.34,3991.62,3998.35
2026.07.17 08:50,3998.45,3998.45,3993.90,3994.95
2026.07.17 08:55,3995.07,3998.02,3993.67,3994.10
2026.07.17 09:00,3993.95,3995.36,3992.69,3993.74
2026.07.17 09:05,3993.98,3997.65,3993.74,3995.81
2026.07.17 09:10,3995.88,3998.43,3995.23,3997.82
2026.07.17 09:15,3998.22,3998.26,3995.68,3996.05
2026.07.17 09:20,3996.05,4002.00,3995.55,4002.00
2026.07.17 09:25,4001.61,4002.32,3998.23,3998.98
2026.07.17 09:30,3999.20,3999.62,3995.20,3995.60
2026.07.17 09:35,3995.60,3997.93,3995.25,3997.43
2026.07.17 09:40,3997.37,3998.98,3995.41,3995.62
2026.07.17 09:45,3995.63,3996.72,3994.67,3995.40
2026.07.17 09:50,3995.38,3998.53,3994.76,3997.66
2026.07.17 09:55,3997.64,3997.99,3996.05,3997.96
2026.07.17 10:00,3998.21,3998.63,3995.40,3996.03
2026.07.17 10:05,3996.01,3997.13,3994.81,3996.56
2026.07.17 10:10,3996.53,3998.38,3995.59,3997.16
2026.07.17 10:15,3997.16,3997.83,3994.31,3994.61
2026.07.17 10:20,3994.60,3998.97,3994.44,3995.22
2026.07.17 10:25,3995.17,3996.95,3994.88,3996.03
2026.07.17 10:30,3995.80,3997.38,3994.99,3996.62
2026.07.17 10:35,3996.64,3996.66,3994.02,3995.81
2026.07.17 10:40,3995.83,3996.62,3993.87,3996.29
2026.07.17 10:45,3996.29,3997.14,3995.17,3995.53
2026.07.17 10:50,3995.43,3995.71,3991.13,3993.32
2026.07.17 10:55,3993.30,3993.76,3990.45,3990.74
2026.07.17 11:00,3991.18,3994.18,3990.97,3992.40
2026.07.17 11:05,3992.38,3992.73,3990.33,3991.42
2026.07.17 11:10,3991.34,3993.16,3990.95,3991.63
2026.07.17 11:15,3991.44,3993.60,3989.92,3993.09
2026.07.17 11:20,3993.11,3995.92,3992.43,3993.58
2026.07.17 11:25,3993.58,3995.71,3993.04,3995.56
2026.07.17 11:30,3995.59,3996.39,3991.65,3992.89
2026.07.17 11:35,3992.87,3993.84,3991.36,3993.33
2026.07.17 11:40,3993.34,3994.77,3991.63,3991.97
2026.07.17 11:45,3991.95,3996.02,3991.35,3993.59
2026.07.17 11:50,3993.61,3998.61,3992.98,3998.57
2026.07.17 11:55,3998.59,3998.59,3993.48,3994.11
2026.07.17 12:00,3993.96,3995.40,3990.03,3990.25
2026.07.17 12:05,3990.20,3991.70,3988.33,3990.75
2026.07.17 12:10,3990.77,3993.69,3989.58,3989.82
2026.07.17 12:15,3990.15,3992.17,3988.83,3991.71
2026.07.17 12:20,3991.61,3991.78,3984.22,3985.54
2026.07.17 12:25,3985.50,3987.65,3984.30,3987.18
2026.07.17 12:30,3987.17,3988.17,3981.45,3981.60
2026.07.17 12:35,3981.79,3982.96,3977.65,3977.75
2026.07.17 12:40,3977.74,3978.31,3965.39,3969.49
2026.07.17 12:45,3969.50,3973.06,3965.33,3967.13
2026.07.17 12:50,3967.12,3970.97,3963.99,3968.82
2026.07.17 12:55,3968.85,3972.47,3964.27,3966.00
2026.07.17 13:00,3966.07,3975.80,3959.56,3974.06
2026.07.17 13:05,3974.53,3974.53,3968.81,3969.32
2026.07.17 13:10,3969.36,3971.34,3966.08,3970.03
2026.07.17 13:15,3970.04,3972.29,3967.41,3970.74
2026.07.17 13:20,3970.73,3974.97,3967.04,3969.39
2026.07.17 13:25,3969.39,3973.29,3967.33,3968.22
2026.07.17 13:30,3968.18,3972.18,3963.82,3965.77
2026.07.17 13:35,3965.39,4003.21,3965.19,3993.70
2026.07.17 13:40,3993.81,3993.96,3982.18,3984.91
2026.07.17 13:45,3985.17,3990.62,3981.07,3989.77
2026.07.17 13:50,3989.51,3994.01,3988.01,3988.88
2026.07.17 13:55,3988.92,3997.42,3987.80,3997.14
2026.07.17 14:00,3997.00,3999.86,3990.26,3994.19
2026.07.17 14:05,3994.17,4000.46,3994.17,3996.44
2026.07.17 14:10,3996.47,4000.31,3993.95,3994.53
2026.07.17 14:15,3995.11,4000.40,3993.62,3997.16
2026.07.17 14:20,3997.20,4004.28,3996.03,4002.64
2026.07.17 14:25,4002.73,4003.90,3997.83,3998.49
2026.07.17 14:30,3998.48,3998.74,3992.01,3994.41
2026.07.17 14:35,3994.44,3999.60,3994.31,3997.36
2026.07.17 14:40,3997.10,3998.55,3994.92,3997.64
2026.07.17 14:45,3997.63,4000.28,3994.56,3995.54
2026.07.17 14:50,3995.96,3998.84,3993.22,3994.03
2026.07.17 14:55,3993.94,4001.27,3992.82,4001.14
2026.07.17 15:00,4001.09,4013.43,3997.76,4012.31
2026.07.17 15:05,4012.22,4013.92,4002.96,4008.16
2026.07.17 15:10,4008.24,4013.50,4003.09,4005.86
2026.07.17 15:15,4005.71,4008.12,4004.47,4005.43
2026.07.17 15:20,4005.43,4012.29,4004.77,4008.34
2026.07.17 15:25,4008.36,4013.13,4006.21,4013.13
2026.07.17 15:30,4013.37,4015.72,4009.40,4010.88
2026.07.17 15:35,4010.86,4015.97,4010.05,4014.16
2026.07.17 15:40,4014.18,4015.71,4011.85,4015.45
2026.07.17 15:45,4015.29,4018.10,4013.71,4016.39
2026.07.17 15:50,4016.44,4020.94,4016.38,4020.14
2026.07.17 15:55,4020.24,4021.05,4017.31,4018.99
2026.07.17 16:00,4019.13,4019.15,4011.16,4017.03
2026.07.17 16:05,4017.05,4018.89,4014.42,4017.69
2026.07.17 16:10,4017.68,4020.30,4017.66,4017.94
2026.07.17 16:15,4017.96,4021.50,4017.89,4021.18
2026.07.17 16:20,4021.09,4023.63,4018.17,4023.59
2026.07.17 16:25,4023.56,4023.57,4016.89,4018.61
2026.07.17 16:30,4018.61,4019.22,4015.30,4016.12
2026.07.17 16:35,4016.17,4016.82,4013.17,4013.68
2026.07.17 16:40,4013.74,4017.65,4012.76,4017.31
2026.07.17 16:45,4017.32,4020.09,4016.36,4019.91
2026.07.17 16:50,4020.15,4020.52,4015.58,4015.93
2026.07.17 16:55,4016.04,4016.21,4014.57,4014.87
2026.07.17 17:00,4015.20,4019.12,4015.10,4017.09
2026.07.17 17:05,4016.98,4018.36,4016.36,4017.52
2026.07.17 17:10,4017.53,4018.17,4013.26,4013.31
2026.07.17 17:15,4013.30,4015.24,4012.81,4012.94
2026.07.17 17:20,4012.94,4015.44,4012.43,4014.57
2026.07.17 17:25,4014.63,4015.80,4013.32,4013.85
2026.07.17 17:30,4013.66,4014.41,4011.38,4012.32
2026.07.17 17:35,4012.41,4012.82,4010.20,4012.27
2026.07.17 17:40,4012.22,4012.29,4009.70,4010.87
2026.07.17 17:45,4010.85,4012.87,4010.29,4012.81
2026.07.17 17:50,4012.82,4013.17,4008.28,4009.28
2026.07.17 17:55,4009.28,4010.30,4008.40,4009.94
2026.07.17 18:00,4010.14,4011.09,4007.61,4009.93
2026.07.17 18:05,4009.93,4012.36,4009.28,4011.97
2026.07.17 18:10,4012.04,4012.82,4009.83,4010.33
2026.07.17 18:15,4010.34,4013.10,4008.94,4012.06
2026.07.17 18:20,4012.06,4013.14,4010.39,4012.01
2026.07.17 18:25,4012.07,4016.04,4011.53,4015.36
2026.07.17 18:30,4014.87,4016.10,4011.30,4013.03
2026.07.17 18:35,4013.05,4013.14,4011.35,4011.42
2026.07.17 18:40,4011.54,4011.74,4007.15,4008.10
2026.07.17 18:45,4008.10,4008.87,4006.53,4007.54
2026.07.17 18:50,4007.54,4010.26,4007.03,4010.26
2026.07.17 18:55,4010.32,4012.13,4009.88,4011.19
2026.07.17 19:00,4011.18,4011.34,4007.45,4008.00
2026.07.17 19:05,4008.07,4008.26,4004.88,4005.34
2026.07.17 19:10,4005.35,4006.10,4004.32,4005.90
2026.07.17 19:15,4005.78,4006.63,4004.64,4006.19
2026.07.17 19:20,4006.11,4006.14,4002.20,4002.52
2026.07.17 19:25,4002.54,4005.46,4002.37,4005.23
2026.07.17 19:30,4005.38,4007.23,4004.88,4006.27
2026.07.17 19:35,4006.25,4008.77,4005.66,4006.48
2026.07.17 19:40,4006.49,4009.93,4005.89,4009.79
2026.07.17 19:45,4009.80,4011.23,4009.27,4010.44
2026.07.17 19:50,4010.48,4015.76,4010.39,4015.47
2026.07.17 19:55,4015.49,4016.45,4014.72,4015.34
2026.07.17 20:00,4015.40,4015.54,4012.48,4013.89
2026.07.17 20:05,4013.82,4013.86,4012.32,4013.42
2026.07.17 20:10,4013.44,4013.59,4012.02,4012.05
2026.07.17 20:15,4012.15,4012.46,4009.08,4009.22
2026.07.17 20:20,4009.21,4010.58,4008.81,4010.22
2026.07.17 20:25,4010.27,4011.38,4009.02,4010.83
2026.07.17 20:30,4010.74,4010.92,4008.63,4009.24
2026.07.17 20:35,4009.22,4010.88,4009.10,4010.67
2026.07.17 20:40,4010.68,4013.63,4010.45,4013.40
2026.07.17 20:45,4013.52,4017.10,4013.23,4015.77
2026.07.17 20:50,4015.83,4018.35,4015.15,4016.42
2026.07.17 20:55,4016.26,4018.10,4015.41,4018.03
2026.07.19 22:00,4001.76,4007.54,3994.77,3996.54
2026.07.19 22:05,3996.53,4002.11,3994.90,3997.61
2026.07.19 22:10,3997.66,3997.99,3996.16,3996.54
2026.07.19 22:15,3995.93,3999.82,3995.75,3999.56
2026.07.19 22:20,3999.56,4000.21,3997.11,3997.95
2026.07.19 22:25,3997.54,3997.85,3994.80,3994.89
2026.07.19 22:30,3994.84,3998.91,3993.35,3998.09
2026.07.19 22:35,3998.09,3998.71,3996.47,3997.05
2026.07.19 22:40,3997.04,3999.21,3996.53,3996.78
2026.07.19 22:45,3996.73,3998.24,3995.86,3997.33
2026.07.19 22:50,3997.33,3998.05,3996.50,3996.87
2026.07.19 22:55,3996.84,3998.29,3994.61,3994.73
2026.07.19 23:00,3994.80,3995.42,3991.56,3994.80
2026.07.19 23:05,3994.85,3995.21,3993.27,3994.32
2026.07.19 23:10,3994.33,3994.51,3990.69,3991.05
2026.07.19 23:15,3991.04,3993.83,3990.87,3991.24
2026.07.19 23:20,3991.20,3993.31,3990.51,3993.15
2026.07.19 23:25,3993.15,3993.74,3991.93,3993.02
2026.07.19 23:30,3993.22,3994.11,3992.09,3994.02
2026.07.19 23:35,3994.01,3994.01,3991.28,3993.12
2026.07.19 23:40,3993.16,3993.36,3989.93,3992.35
2026.07.19 23:45,3992.35,3993.43,3989.36,3991.30
2026.07.19 23:50,3991.29,3995.97,3991.29,3993.13
2026.07.19 23:55,3993.13,3995.52,3992.63,3995.46
2026.07.20 00:00,3995.45,3995.45,3982.72,3987.06
2026.07.20 00:05,3987.29,3991.53,3986.26,3988.36
2026.07.20 00:10,3988.39,3998.75,3987.53,3995.93
2026.07.20 00:15,3995.93,4000.08,3993.75,3999.69
2026.07.20 00:20,4000.04,4005.48,3998.95,4002.60
2026.07.20 00:25,4002.58,4005.04,4001.16,4003.76
2026.07.20 00:30,4003.68,4003.80,3998.52,4002.13
2026.07.20 00:35,4002.12,4007.24,3999.90,3999.90
2026.07.20 00:40,3999.86,4003.47,3998.42,3998.62
2026.07.20 00:45,3998.62,4002.84,3998.62,3999.60
2026.07.20 00:50,3999.57,4002.19,3998.49,4001.79
2026.07.20 00:55,4001.79,4009.87,4000.37,4008.46
2026.07.20 01:00,4008.74,4016.11,4005.84,4013.67
2026.07.20 01:05,4014.21,4016.73,4010.21,4016.56
2026.07.20 01:10,4016.59,4020.51,4009.19,4010.03
2026.07.20 01:15,4010.00,4010.20,4003.77,4004.34
2026.07.20 01:20,4004.31,4004.99,3999.87,4000.76
2026.07.20 01:25,4000.78,4004.35,3999.73,4002.99
2026.07.20 01:30,4002.96,4005.58,4002.29,4004.12
2026.07.20 01:35,4004.11,4004.52,4000.32,4001.67
2026.07.20 01:40,4001.82,4002.70,3995.72,3996.96
2026.07.20 01:45,3997.06,4004.24,3996.91,4003.79
2026.07.20 01:50,4003.78,4003.78,3997.71,3998.56
2026.07.20 01:55,3998.53,4003.92,3998.13,4002.09
2026.07.20 02:00,4002.30,4009.83,4001.27,4008.18
2026.07.20 02:05,4008.26,4008.70,4004.74,4007.38
2026.07.20 02:10,4007.36,4007.66,4004.96,4006.17
2026.07.20 02:15,4006.24,4006.59,4004.00,4004.49
2026.07.20 02:20,4004.49,4008.02,4004.49,4007.25
2026.07.20 02:25,4007.35,4008.66,4006.12,4006.81
2026.07.20 02:30,4006.81,4012.72,4005.95,4010.40
2026.07.20 02:35,4010.40,4014.24,4010.40,4012.94
2026.07.20 02:40,4013.06,4016.07,4009.39,4014.74
2026.07.20 02:45,4014.81,4028.59,4013.96,4024.85
2026.07.20 02:50,4024.99,4026.62,4020.85,4022.95
2026.07.20 02:55,4022.98,4023.78,4021.22,4021.82
2026.07.20 03:00,4021.75,4022.67,4020.02,4021.08
2026.07.20 03:05,4021.06,4021.74,4018.55,4020.41
2026.07.20 03:10,4020.41,4024.27,4020.08,4024.13
2026.07.20 03:15,4024.13,4026.02,4023.27,4025.33
2026.07.20 03:20,4025.22,4026.60,4024.17,4025.43
2026.07.20 03:25,4025.43,4025.55,4021.59,4022.06
2026.07.20 03:30,4022.25,4024.69,4018.84,4020.01
2026.07.20 03:35,4019.99,4025.47,4018.68,4024.71
2026.07.20 03:40,4024.72,4027.77,4024.38,4027.10
2026.07.20 03:45,4027.25,4027.69,4025.87,4025.87
2026.07.20 03:50,4025.93,4027.30,4024.49,4024.58
2026.07.20 03:55,4024.57,4024.60,4022.72,4024.00
2026.07.20 04:00,4024.00,4026.57,4023.88,4025.79
2026.07.20 04:05,4025.82,4026.37,4023.91,4024.05
2026.07.20 04:10,4024.07,4024.76,4021.37,4021.40
2026.07.20 04:15,4021.42,4023.40,4021.34,4023.18
2026.07.20 04:20,4023.24,4024.18,4021.33,4021.33
2026.07.20 04:25,4021.36,4025.45,4021.33,4025.18
2026.07.20 04:30,4025.19,4025.26,4022.13,4023.60
2026.07.20 04:35,4023.60,4024.30,4022.33,4023.22
2026.07.20 04:40,4023.21,4023.67,4022.38,4022.94
2026.07.20 04:45,4022.94,4022.94,4019.37,4019.91
2026.07.20 04:50,4019.99,4021.98,4019.29,4021.16
2026.07.20 04:55,4021.14,4021.79,4018.40,4018.78
2026.07.20 05:00,4018.86,4020.99,4016.92,4017.62
2026.07.20 05:05,4017.70,4019.13,4015.45,4015.85
2026.07.20 05:10,4015.83,4015.90,4011.68,4013.75
2026.07.20 05:15,4013.59,4014.74,4012.75,4013.38
2026.07.20 05:20,4013.39,4013.41,4011.26,4012.01
2026.07.20 05:25,4012.00,4013.12,4009.87,4010.71
2026.07.20 05:30,4010.80,4014.34,4010.01,4010.78
2026.07.20 05:35,4010.78,4010.96,4007.86,4010.04
2026.07.20 05:40,4010.07,4012.44,4009.07,4009.84
2026.07.20 05:45,4009.80,4010.31,4005.60,4005.60
2026.07.20 05:50,4005.62,4008.85,4005.36,4007.34
2026.07.20 05:55,4007.31,4010.66,4007.27,4008.60
2026.07.20 06:00,4008.70,4011.57,4008.70,4010.39
2026.07.20 06:05,4010.41,4011.66,4006.96,4009.54
2026.07.20 06:10,4009.63,4010.06,4006.74,4007.40
2026.07.20 06:15,4007.41,4009.39,4006.41,4008.82
2026.07.20 06:20,4008.71,4009.42,4006.71,4008.29
2026.07.20 06:25,4008.28,4008.50,4003.92,4004.76
2026.07.20 06:30,4004.76,4005.54,4002.91,4004.64
2026.07.20 06:35,4004.79,4004.94,4003.22,4004.53
2026.07.20 06:40,4004.57,4006.37,4003.88,4004.75
2026.07.20 06:45,4004.76,4007.41,4004.76,4006.17
2026.07.20 06:50,4006.11,4007.42,4003.32,4005.21
2026.07.20 06:55,4005.17,4005.62,4003.22,4003.77
2026.07.20 07:00,4003.75,4006.45,4002.09,4005.06
2026.07.20 07:05,4005.05,4006.74,4004.79,4005.42
2026.07.20 07:10,4005.42,4005.62,4003.03,4004.16
2026.07.20 07:15,4004.15,4004.49,4002.15,4003.72
2026.07.20 07:20,4003.75,4008.59,4003.02,4008.48
2026.07.20 07:25,4008.45,4008.45,4003.47,4006.68
2026.07.20 07:30,4006.65,4013.45,4006.54,4012.84
2026.07.20 07:35,4012.97,4017.89,4012.85,4016.33
2026.07.20 07:40,4016.34,4020.94,4016.02,4020.94
2026.07.20 07:45,4021.39,4021.71,4016.35,4017.77
2026.07.20 07:50,4017.77,4018.52,4015.69,4017.25
2026.07.20 07:55,4017.24,4018.93,4016.71,4016.87
2026.07.20 08:00,4017.17,4025.42,4017.17,4023.09
2026.07.20 08:05,4023.25,4023.25,4018.66,4019.82
2026.07.20 08:10,4019.90,4024.55,4019.19,4024.04
2026.07.20 08:15,4024.04,4027.98,4023.63,4025.11
2026.07.20 08:20,4025.24,4030.39,4023.06,4029.22
2026.07.20 08:25,4029.24,4029.41,4021.76,4021.93
2026.07.20 08:30,4021.88,4022.03,4018.84,4021.65
2026.07.20 08:35,4021.66,4024.31,4020.05,4023.98
2026.07.20 08:40,4023.97,4024.77,4021.47,4021.70
2026.07.20 08:45,4021.70,4022.66,4020.09,4021.77
2026.07.20 08:50,4021.76,4022.13,4017.40,4018.81
2026.07.20 08:55,4018.82,4020.32,4018.44,4018.90
2026.07.20 09:00,4018.78,4020.50,4018.18,4018.40
2026.07.20 09:05,4018.34,4019.56,4015.31,4017.86
2026.07.20 09:10,4017.86,4020.91,4017.83,4019.34
2026.07.20 09:15,4019.28,4021.96,4019.28,4019.55
2026.07.20 09:20,4019.38,4020.64,4019.03,4019.75
2026.07.20 09:25,4019.77,4019.77,4015.49,4016.32
2026.07.20 09:30,4016.14,4018.66,4014.87,4018.23
2026.07.20 09:35,4018.30,4020.45,4018.06,4019.95
2026.07.20 09:40,4019.96,4020.84,4018.90,4019.11
2026.07.20 09:45,4019.10,4023.20,4017.49,4022.72
2026.07.20 09:50,4022.75,4022.86,4019.01,4020.35
2026.07.20 09:55,4020.34,4021.11,4018.84,4021.10
2026.07.20 10:00,4021.00,4021.30,4018.16,4020.18
2026.07.20 10:05,4020.27,4021.44,4019.65,4020.26
2026.07.20 10:10,4020.35,4021.66,4019.92,4020.69
2026.07.20 10:15,4020.70,4021.33,4018.75,4019.27
2026.07.20 10:20,4019.27,4022.90,4019.27,4021.42
2026.07.20 10:25,4021.32,4023.17,4021.01,4021.79
2026.07.20 10:30,4021.67,4024.11,4021.40,4022.72
2026.07.20 10:35,4022.70,4022.76,4021.11,4022.33
2026.07.20 10:40,4022.34,4023.01,4021.43,4022.10
2026.07.20 10:45,4022.09,4022.73,4020.94,4021.13
2026.07.20 10:50,4021.23,4025.50,4020.85,4024.49
2026.07.20 10:55,4024.80,4024.87,4022.40,4024.04
2026.07.20 11:00,4024.12,4027.16,4022.82,4024.32
2026.07.20 11:05,4024.32,4025.25,4022.59,4022.64
2026.07.20 11:10,4022.60,4022.79,4019.76,4021.97
2026.07.20 11:15,4022.17,4023.73,4021.48,4023.01
2026.07.20 11:20,4023.01,4023.01,4021.04,4021.44
2026.07.20 11:25,4021.45,4023.55,4019.86,4022.12
2026.07.20 11:30,4022.13,4040.40,4021.43,4036.75
2026.07.20 11:35,4036.78,4037.68,4029.41,4032.46
2026.07.20 11:40,4032.37,4033.34,4029.24,4032.41
2026.07.20 11:45,4032.18,4032.18,4026.61,4027.56
2026.07.20 11:50,4027.63,4028.40,4025.42,4027.62
2026.07.20 11:55,4027.56,4028.61,4024.96,4025.23
2026.07.20 12:00,4025.08,4025.08,4012.20,4014.27
2026.07.20 12:05,4014.28,4017.50,4012.71,4015.98
2026.07.20 12:10,4015.98,4016.75,4011.39,4012.65
2026.07.20 12:15,4012.33,4014.70,4010.00,4013.55
2026.07.20 12:20,4013.43,4013.43,4006.77,4007.74
2026.07.20 12:25,4007.75,4013.32,4006.90,4012.83
2026.07.20 12:30,4012.86,4013.97,4011.09,4012.67
2026.07.20 12:35,4012.77,4014.66,4011.73,4011.75
2026.07.20 12:40,4011.64,4011.66,4006.35,4009.96
2026.07.20 12:45,4009.98,4015.56,4009.02,4011.83
2026.07.20 12:50,4011.84,4012.01,4009.05,4009.22
2026.07.20 12:55,4009.23,4010.32,4007.96,4008.10
2026.07.20 13:00,4007.86,4013.77,4007.86,4012.52
2026.07.20 13:05,4012.39,4012.74,4008.31,4008.44
2026.07.20 13:10,4008.31,4011.03,4007.90,4008.65
2026.07.20 13:15,4008.62,4011.70,4006.91,4009.92
2026.07.20 13:20,4010.13,4012.44,4009.21,4011.96
2026.07.20 13:25,4011.77,4012.41,4007.87,4008.49
2026.07.20 13:30,4008.74,4015.34,4008.14,4014.02
2026.07.20 13:35,4013.77,4014.20,4008.68,4013.98
2026.07.20 13:40,4014.11,4017.25,4012.33,4012.93
2026.07.20 13:45,4013.00,4013.09,4009.27,4010.76
2026.07.20 13:50,4010.87,4013.21,4007.14,4009.94
2026.07.20 13:55,4009.83,4011.79,4005.64,4005.68
2026.07.20 14:00,4005.53,4007.82,4001.20,4003.79
2026.07.20 14:05,4003.81,4005.64,4000.59,4000.89
2026.07.20 14:10,4000.82,4001.94,3998.22,3998.69
2026.07.20 14:15,3998.80,4002.97,3998.30,4002.11
2026.07.20 14:20,4001.85,4002.89,3998.28,4002.68
2026.07.20 14:25,4002.70,4006.62,4002.43,4006.62
2026.07.20 14:30,4006.67,4009.63,4005.95,4009.53
2026.07.20 14:35,4009.53,4010.25,4007.03,4009.63
2026.07.20 14:40,4009.62,4010.74,4006.93,4007.28
2026.07.20 14:45,4007.10,4013.26,4006.92,4012.79
2026.07.20 14:50,4012.79,4013.12,4008.02,4008.02
2026.07.20 14:55,4008.03,4008.05,4005.02,4006.03
2026.07.20 15:00,4006.03,4010.72,4004.36,4009.27
2026.07.20 15:05,4009.27,4019.30,4006.83,4019.17
2026.07.20 15:10,4019.35,4019.35,4012.45,4014.28
2026.07.20 15:15,4014.02,4015.42,4011.19,4012.24
2026.07.20 15:20,4012.23,4014.87,4011.13,4014.87
2026.07.20 15:25,4015.09,4016.52,4014.70,4016.40
2026.07.20 15:30,4016.38,4016.73,4012.56,4013.17
2026.07.20 15:35,4013.11,4014.36,4010.21,4011.18
2026.07.20 15:40,4011.11,4012.86,4010.20,4012.77
2026.07.20 15:45,4012.81,4015.02,4011.92,4014.62
2026.07.20 15:50,4014.61,4016.30,4014.13,4014.22
2026.07.20 15:55,4014.33,4015.00,4011.69,4011.72
2026.07.20 16:00,4011.72,4015.81,4011.30,4015.42
2026.07.20 16:05,4015.41,4018.28,4015.05,4017.30
2026.07.20 16:10,4017.30,4018.14,4012.67,4013.66
2026.07.20 16:15,4013.69,4014.30,4012.02,4012.20
2026.07.20 16:20,4012.22,4012.59,4011.60,4011.94
2026.07.20 16:25,4011.95,4013.24,4010.72,4012.43
2026.07.20 16:30,4012.49,4012.60,4009.24,4009.33
2026.07.20 16:35,4009.33,4011.93,4009.20,4011.92
2026.07.20 16:40,4011.76,4012.26,4001.92,4009.48
2026.07.20 16:45,4009.30,4010.27,4007.04,4008.79
2026.07.20 16:50,4008.80,4008.87,4007.22,4008.24
2026.07.20 16:55,4008.16,4010.42,4007.75,4009.72
2026.07.20 17:00,4009.71,4012.23,4009.66,4011.09
2026.07.20 17:05,4011.01,4011.92,4010.11,4011.69
2026.07.20 17:10,4011.67,4011.99,4009.47,4010.09
2026.07.20 17:15,4010.06,4011.48,4008.81,4010.37
2026.07.20 17:20,4010.37,4012.87,4009.77,4011.29
2026.07.20 17:25,4011.29,4012.71,4010.82,4011.98
2026.07.20 17:30,4012.00,4012.84,4010.60,4012.04
2026.07.20 17:35,4011.96,4012.52,4009.82,4009.98
2026.07.20 17:40,4009.97,4010.35,4007.68,4007.90
2026.07.20 17:45,4007.90,4007.91,4005.54,4005.68
2026.07.20 17:50,4005.57,4005.83,4003.75,4004.65
2026.07.20 17:55,4004.63,4005.39,4003.66,4005.12
2026.07.20 18:00,4005.16,4008.77,4005.16,4007.36
2026.07.20 18:05,4007.31,4009.75,4007.12,4009.48
2026.07.20 18:10,4009.48,4010.71,4008.23,4008.63
2026.07.20 18:15,4008.63,4011.68,4007.29,4007.91
2026.07.20 18:20,4007.90,4008.21,4003.27,4004.88
2026.07.20 18:25,4004.70,4007.23,4004.20,4006.72
2026.07.20 18:30,4006.56,4006.97,4004.33,4004.86
2026.07.20 18:35,4004.87,4006.57,4004.83,4006.32
2026.07.20 18:40,4006.31,4007.34,4005.51,4006.35
2026.07.20 18:45,4006.29,4008.58,4005.26,4007.82
2026.07.20 18:50,4007.80,4008.61,4006.82,4007.45
2026.07.20 18:55,4007.46,4007.64,4005.81,4007.26
2026.07.20 19:00,4007.24,4007.98,4004.83,4005.65
2026.07.20 19:05,4005.66,4006.80,4004.60,4006.38
2026.07.20 19:10,4006.45,4007.31,4004.29,4004.54
2026.07.20 19:15,4004.52,4008.22,4004.23,4008.14
2026.07.20 19:20,4008.15,4010.11,4007.82,4007.82
2026.07.20 19:25,4007.83,4012.73,4006.70,4012.73
2026.07.20 19:30,4012.39,4017.80,4011.88,4013.71
2026.07.20 19:35,4013.62,4014.01,4009.75,4010.85
2026.07.20 19:40,4010.90,4010.91,4005.24,4005.72
2026.07.20 19:45,4005.72,4009.68,4005.48,4008.77
2026.07.20 19:50,4008.69,4009.83,4008.02,4009.59
2026.07.20 19:55,4009.64,4009.64,4005.82,4006.80
2026.07.20 20:00,4006.52,4009.00,4006.52,4008.28
2026.07.20 20:05,4008.27,4009.16,4005.66,4006.58
2026.07.20 20:10,4006.14,4008.18,4006.07,4007.60
2026.07.20 20:15,4007.63,4008.20,4007.03,4007.17
2026.07.20 20:20,4007.17,4008.83,4007.17,4008.20
2026.07.20 20:25,4008.18,4009.04,4007.96,4008.11
2026.07.20 20:30,4008.12,4009.13,4007.36,4009.05
2026.07.20 20:35,4009.05,4009.23,4008.01,4008.56
2026.07.20 20:40,4008.58,4009.30,4008.24,4008.72
2026.07.20 20:45,4008.57,4008.63,4007.73,4007.84
2026.07.20 20:50,4007.89,4008.54,4007.27,4008.22
2026.07.20 20:55,4008.24,4008.79,4007.18,4008.05
2026.07.20 22:00,4010.00,4010.60,4007.99,4008.03
2026.07.20 22:05,4008.03,4008.04,4006.03,4006.23
2026.07.20 22:10,4006.24,4007.68,4006.03,4006.91
2026.07.20 22:15,4006.90,4007.31,4006.02,4007.01
2026.07.20 22:20,4007.00,4008.00,4004.97,4007.88
2026.07.20 22:25,4007.88,4010.44,4007.65,4009.70
2026.07.20 22:30,4009.69,4009.69,4006.80,4008.14
2026.07.20 22:35,4008.14,4008.51,4005.75,4007.88
2026.07.20 22:40,4007.84,4007.96,4002.90,4004.12
2026.07.20 22:45,4004.11,4008.13,4001.97,4001.97
2026.07.20 22:50,4001.75,4002.89,3999.91,4000.77
2026.07.20 22:55,4000.79,4002.49,3999.69,4000.30
2026.07.20 23:00,4000.54,4005.13,4000.09,4004.19
2026.07.20 23:05,4004.25,4009.73,4004.14,4008.77
2026.07.20 23:10,4008.77,4008.77,4000.57,4003.08
2026.07.20 23:15,4003.06,4007.21,4003.02,4006.31
2026.07.20 23:20,4006.14,4006.66,4003.87,4004.85
2026.07.20 23:25,4004.46,4005.08,4003.42,4003.57
2026.07.20 23:30,4003.40,4007.70,4003.37,4006.02
2026.07.20 23:35,4006.02,4007.55,4004.61,4005.02
2026.07.20 23:40,4005.00,4008.44,4003.83,4007.49
2026.07.20 23:45,4007.49,4007.89,4004.17,4006.84
2026.07.20 23:50,4006.87,4008.00,4005.78,4007.72
2026.07.20 23:55,4007.73,4010.31,4007.21,4009.82
2026.07.21 00:00,4010.06,4010.06,4003.74,4004.99
2026.07.21 00:05,4005.27,4008.26,4004.54,4007.79
2026.07.21 00:10,4007.53,4012.45,4006.77,4010.53
2026.07.21 00:15,4010.56,4016.06,4007.82,4015.48
2026.07.21 00:20,4015.56,4017.54,4012.90,4017.15
2026.07.21 00:25,4017.18,4018.40,4014.39,4014.99
2026.07.21 00:30,4014.95,4017.78,4014.28,4017.26
2026.07.21 00:35,4017.19,4022.01,4016.55,4018.99
2026.07.21 00:40,4018.94,4023.79,4018.25,4022.38
2026.07.21 00:45,4022.37,4024.87,4021.90,4024.54
2026.07.21 00:50,4024.52,4027.04,4023.64,4024.64
2026.07.21 00:55,4024.61,4026.32,4023.06,4024.78
2026.07.21 01:00,4024.84,4025.77,4018.41,4023.64
2026.07.21 01:05,4023.61,4029.12,4023.61,4027.34
2026.07.21 01:10,4027.27,4029.71,4026.46,4028.85
2026.07.21 01:15,4028.89,4035.72,4027.00,4034.84
2026.07.21 01:20,4034.19,4034.19,4026.26,4027.93
2026.07.21 01:25,4027.93,4031.52,4027.60,4028.02
2026.07.21 01:30,4028.04,4030.67,4026.86,4030.14
2026.07.21 01:35,4030.12,4030.72,4023.02,4023.67
2026.07.21 01:40,4023.66,4026.30,4023.38,4024.36
2026.07.21 01:45,4024.33,4026.64,4022.51,4025.61
2026.07.21 01:50,4025.60,4028.12,4024.79,4028.01
2026.07.21 01:55,4027.96,4027.96,4021.36,4023.11
2026.07.21 02:00,4023.18,4024.20,4021.98,4022.65
2026.07.21 02:05,4022.65,4026.42,4022.27,4025.79
2026.07.21 02:10,4025.84,4026.53,4023.50,4024.31
2026.07.21 02:15,4024.28,4025.27,4021.98,4022.56
2026.07.21 02:20,4022.56,4028.51,4022.09,4028.03
2026.07.21 02:25,4028.33,4029.90,4025.51,4028.80
2026.07.21 02:30,4028.74,4032.40,4028.17,4030.48
2026.07.21 02:35,4030.37,4043.81,4030.03,4037.19
2026.07.21 02:40,4037.20,4040.04,4035.12,4035.42
2026.07.21 02:45,4035.61,4036.21,4033.92,4034.17
2026.07.21 02:50,4034.10,4034.89,4030.94,4033.25
2026.07.21 02:55,4033.16,4038.22,4032.82,4037.96
2026.07.21 03:00,4037.93,4042.06,4037.78,4040.48
2026.07.21 03:05,4040.47,4042.13,4038.08,4040.73
2026.07.21 03:10,4040.74,4041.40,4037.68,4037.72
2026.07.21 03:15,4038.05,4038.64,4036.81,4037.32
2026.07.21 03:20,4037.32,4041.88,4037.05,4041.72
2026.07.21 03:25,4041.83,4051.43,4041.36,4047.40
2026.07.21 03:30,4047.38,4049.48,4044.72,4044.73
2026.07.21 03:35,4044.79,4045.12,4042.96,4044.26
2026.07.21 03:40,4044.16,4044.34,4041.80,4041.84
2026.07.21 03:45,4041.79,4045.54,4041.79,4045.29
2026.07.21 03:50,4045.36,4046.83,4044.85,4045.61
2026.07.21 03:55,4045.60,4047.38,4045.30,4046.86
2026.07.21 04:00,4046.91,4050.12,4046.91,4047.96
2026.07.21 04:05,4047.96,4051.52,4047.13,4048.53
2026.07.21 04:10,4048.51,4048.51,4045.66,4045.93
2026.07.21 04:15,4045.93,4046.33,4043.78,4043.93
2026.07.21 04:20,4043.94,4046.73,4043.94,4044.91
2026.07.21 04:25,4044.90,4045.25,4043.69,4044.61
2026.07.21 04:30,4044.64,4045.87,4044.23,4045.49
2026.07.21 04:35,4045.42,4046.48,4045.16,4046.06
2026.07.21 04:40,4045.99,4047.50,4045.01,4046.90
2026.07.21 04:45,4046.91,4047.59,4045.65,4046.48
2026.07.21 04:50,4046.41,4047.30,4045.41,4047.21
2026.07.21 04:55,4047.35,4049.60,4046.69,4049.55
2026.07.21 05:00,4049.54,4050.34,4048.38,4048.50
2026.07.21 05:05,4048.50,4050.29,4046.35,4050.21
2026.07.21 05:10,4050.21,4051.68,4048.21,4051.44
2026.07.21 05:15,4051.31,4053.27,4048.89,4050.33
2026.07.21 05:20,4050.33,4051.23,4048.02,4050.98
2026.07.21 05:25,4051.00,4056.34,4050.94,4054.37
2026.07.21 05:30,4054.37,4060.31,4054.37,4059.60
2026.07.21 05:35,4059.56,4061.63,4058.85,4061.14
2026.07.21 05:40,4061.14,4066.48,4060.21,4065.90
2026.07.21 05:45,4066.18,4067.83,4063.86,4066.02
2026.07.21 05:50,4066.00,4066.58,4062.26,4062.95
2026.07.21 05:55,4063.01,4064.67,4060.80,4060.80
2026.07.21 06:00,4061.44,4066.46,4061.44,4065.16
2026.07.21 06:05,4065.17,4067.64,4063.96,4067.64
2026.07.21 06:10,4067.86,4072.36,4066.72,4071.26
2026.07.21 06:15,4071.33,4072.64,4068.33,4071.49
2026.07.21 06:20,4071.45,4074.35,4069.79,4073.50
2026.07.21 06:25,4073.32,4074.13,4071.07,4072.31
2026.07.21 06:30,4072.69,4074.55,4071.86,4072.47
2026.07.21 06:35,4072.39,4075.94,4072.39,4074.34
2026.07.21 06:40,4074.30,4080.60,4073.82,4077.11
2026.07.21 06:45,4077.09,4083.96,4077.09,4082.91
2026.07.21 06:50,4083.26,4083.26,4079.22,4080.12
2026.07.21 06:55,4080.10,4080.57,4078.56,4078.65
2026.07.21 07:00,4078.33,4080.05,4077.19,4077.48
2026.07.21 07:05,4077.44,4077.88,4074.62,4074.63
2026.07.21 07:10,4074.79,4075.29,4071.73,4072.08
2026.07.21 07:15,4072.09,4073.34,4070.99,4073.34
2026.07.21 07:20,4073.25,4073.26,4070.56,4070.56
2026.07.21 07:25,4070.60,4070.89,4068.30,4069.53
2026.07.21 07:30,4069.52,4073.63,4067.63,4073.26
2026.07.21 07:35,4073.23,4075.25,4072.61,4073.08
2026.07.21 07:40,4073.04,4073.88,4071.29,4071.40
2026.07.21 07:45,4071.40,4072.45,4070.18,4071.32
2026.07.21 07:50,4071.37,4071.97,4070.38,4070.45
2026.07.21 07:55,4070.42,4071.70,4069.82,4071.30
2026.07.21 08:00,4071.35,4072.44,4066.14,4066.28
2026.07.21 08:05,4066.41,4069.58,4065.56,4066.56
2026.07.21 08:10,4066.58,4068.44,4065.85,4067.96
2026.07.21 08:15,4067.96,4068.56,4066.10,4066.89
2026.07.21 08:20,4066.92,4066.94,4063.15,4063.79
2026.07.21 08:25,4063.84,4064.68,4063.01,4063.31
2026.07.21 08:30,4063.50,4065.08,4061.94,4062.61
2026.07.21 08:35,4062.64,4063.51,4060.93,4062.34
2026.07.21 08:40,4062.34,4063.92,4061.99,4062.14
2026.07.21 08:45,4062.20,4062.36,4059.13,4060.00
2026.07.21 08:50,4060.05,4063.36,4059.12,4061.13
2026.07.21 08:55,4061.00,4063.53,4060.19,4062.75
2026.07.21 09:00,4062.77,4066.58,4062.77,4066.08
2026.07.21 09:05,4066.06,4066.65,4063.76,4065.95
2026.07.21 09:10,4065.97,4066.23,4064.70,4065.10
2026.07.21 09:15,4065.13,4066.61,4064.78,4066.38
2026.07.21 09:20,4066.37,4068.09,4065.12,4066.94
2026.07.21 09:25,4066.93,4068.29,4062.60,4062.73
2026.07.21 09:30,4062.73,4065.48,4061.80,4063.02
2026.07.21 09:35,4063.00,4064.00,4061.73,4062.32
2026.07.21 09:40,4062.46,4062.80,4061.02,4062.35
2026.07.21 09:45,4062.34,4066.91,4062.07,4066.36
2026.07.21 09:50,4066.37,4069.56,4064.49,4068.94
2026.07.21 09:55,4069.18,4069.18,4065.82,4065.94
2026.07.21 10:00,4065.94,4067.95,4063.66,4064.00
2026.07.21 10:05,4064.14,4064.17,4061.58,4061.61
2026.07.21 10:10,4061.58,4068.30,4060.86,4066.24
2026.07.21 10:15,4066.28,4068.14,4064.92,4067.36
2026.07.21 10:20,4067.36,4069.07,4067.06,4067.37
2026.07.21 10:25,4067.36,4069.21,4066.27,4066.69
2026.07.21 10:30,4066.83,4068.34,4066.53,4068.18
2026.07.21 10:35,4068.13,4070.09,4067.94,4068.79
2026.07.21 10:40,4068.71,4068.72,4066.83,4067.05
2026.07.21 10:45,4067.06,4068.44,4062.93,4062.98
2026.07.21 10:50,4063.05,4066.19,4062.87,4064.77
2026.07.21 10:55,4064.80,4065.04,4062.51,4062.94
2026.07.21 11:00,4062.96,4063.62,4056.28,4056.78
2026.07.21 11:05,4056.80,4058.86,4055.45,4056.04
2026.07.21 11:10,4056.00,4058.98,4055.91,4058.46
2026.07.21 11:15,4058.45,4059.55,4057.91,4057.91
2026.07.21 11:20,4057.92,4059.27,4056.18,4059.27
2026.07.21 11:25,4059.38,4059.68,4057.17,4057.95
2026.07.21 11:30,4058.20,4059.53,4057.73,4058.75
2026.07.21 11:35,4058.91,4061.12,4058.63,4059.94
2026.07.21 11:40,4060.01,4060.04,4055.51,4056.00
2026.07.21 11:45,4055.81,4057.79,4054.39,4057.79
2026.07.21 11:50,4057.63,4058.38,4055.67,4056.40
2026.07.21 11:55,4056.41,4056.94,4054.92,4055.86
2026.07.21 12:00,4055.91,4058.66,4055.85,4058.22
2026.07.21 12:05,4058.26,4060.73,4058.08,4058.55
2026.07.21 12:10,4058.55,4059.55,4056.43,4059.35
2026.07.21 12:15,4059.36,4060.11,4055.79,4059.01
2026.07.21 12:20,4058.90,4061.04,4057.79,4058.70
2026.07.21 12:25,4063.00,4063.05,4060.61,4061.48
2026.07.21 12:30,4061.64,4063.61,4059.04,4059.33
2026.07.21 12:35,4059.40,4059.40,4053.62,4055.00
2026.07.21 12:40,4055.00,4056.10,4051.11,4053.85
2026.07.21 12:45,4053.83,4061.97,4053.53,4059.95
2026.07.21 12:50,4060.04,4060.05,4055.32,4055.61
2026.07.21 12:55,4055.60,4055.80,4052.81,4054.00
2026.07.21 13:00,4054.00,4060.32,4053.94,4056.84
2026.07.21 13:05,4056.87,4060.26,4056.87,4057.47
2026.07.21 13:10,4057.46,4060.26,4056.69,4059.64
2026.07.21 13:15,4059.65,4061.58,4054.72,4055.69
2026.07.21 13:20,4055.71,4057.29,4051.68,4052.49
2026.07.21 13:25,4052.75,4054.56,4050.26,4050.91
2026.07.21 13:30,4050.94,4057.30,4047.61,4055.89
2026.07.21 13:35,4055.86,4057.27,4051.08,4052.76
2026.07.21 13:40,4052.78,4053.63,4044.87,4046.47
2026.07.21 13:45,4046.35,4050.36,4044.45,4050.34
2026.07.21 13:50,4050.33,4052.65,4046.28,4052.20
2026.07.21 13:55,4052.04,4053.53,4049.70,4053.10
2026.07.21 14:00,4053.11,4056.62,4051.73,4056.48
2026.07.21 14:05,4056.38,4059.37,4054.57,4055.21
2026.07.21 14:10,4054.89,4065.87,4054.89,4065.82
2026.07.21 14:15,4065.64,4067.55,4061.04,4063.98
2026.07.21 14:20,4064.02,4065.11,4061.26,4064.83
2026.07.21 14:25,4064.81,4069.33,4064.10,4069.33
2026.07.21 14:30,4069.19,4073.67,4066.69,4066.69
2026.07.21 14:35,4066.72,4067.07,4062.24,4064.42
2026.07.21 14:40,4064.52,4067.87,4062.85,4067.46
2026.07.21 14:45,4067.50,4070.40,4066.24,4069.48
2026.07.21 14:50,4069.49,4070.62,4066.59,4068.89
2026.07.21 14:55,4069.40,4070.19,4067.24,4068.32
2026.07.21 15:00,4068.19,4070.86,4067.71,4068.18
2026.07.21 15:05,4068.11,4070.28,4065.51,4069.13
2026.07.21 15:10,4069.11,4073.66,4069.07,4073.34
2026.07.21 15:15,4073.25,4078.53,4073.24,4076.97
2026.07.21 15:20,4076.94,4079.05,4075.44,4078.17
2026.07.21 15:25,4078.14,4078.19,4075.66,4076.73
2026.07.21 15:30,4076.74,4082.65,4076.02,4081.16
2026.07.21 15:35,4081.11,4083.23,4078.72,4080.20
2026.07.21 15:40,4080.27,4080.75,4075.50,4075.81
2026.07.21 15:45,4075.85,4075.95,4072.21,4073.06
2026.07.21 15:50,4073.09,4078.10,4073.08,4076.56
2026.07.21 15:55,4076.69,4076.70,4073.82,4074.09
2026.07.21 16:00,4074.06,4077.77,4073.58,4077.77
2026.07.21 16:05,4077.80,4077.99,4076.49,4077.02
2026.07.21 16:10,4076.97,4079.00,4076.37,4078.33
2026.07.21 16:15,4078.35,4078.40,4076.71,4077.19
2026.07.21 16:20,4077.26,4078.05,4076.13,4077.86
2026.07.21 16:25,4077.82,4078.01,4073.97,4075.59
2026.07.21 16:30,4075.61,4076.25,4074.76,4075.78
2026.07.21 16:35,4075.78,4075.92,4071.13,4074.22
2026.07.21 16:40,4074.15,4075.00,4071.43,4071.92
2026.07.21 16:45,4071.92,4072.59,4069.84,4072.38
2026.07.21 16:50,4072.12,4073.23,4071.66,4072.81
2026.07.21 16:55,4072.83,4073.04,4071.01,4071.42
2026.07.21 17:00,4071.47,4072.15,4069.32,4070.23
2026.07.21 17:05,4070.21,4072.45,4069.82,4071.45
2026.07.21 17:10,4071.44,4072.31,4069.89,4070.43
2026.07.21 17:15,4070.40,4070.89,4069.03,4069.22
2026.07.21 17:20,4069.00,4071.75,4068.92,4071.32
2026.07.21 17:25,4071.17,4072.71,4070.88,4072.14
2026.07.21 17:30,4072.16,4072.21,4069.66,4070.34
2026.07.21 17:35,4070.34,4070.34,4068.97,4069.33
2026.07.21 17:40,4069.24,4069.46,4066.85,4068.06
2026.07.21 17:45,4068.07,4068.10,4066.75,4067.00
2026.07.21 17:50,4067.01,4067.98,4066.78,4067.75
2026.07.21 17:55,4067.62,4068.53,4066.81,4068.53
2026.07.21 18:00,4068.52,4069.54,4067.79,4067.79
2026.07.21 18:05,4067.81,4071.94,4067.61,4071.71
2026.07.21 18:10,4071.65,4072.19,4071.21,4071.36
2026.07.21 18:15,4071.39,4073.70,4071.10,4073.16
2026.07.21 18:20,4073.16,4081.47,4072.43,4081.29
2026.07.21 18:25,4081.09,4086.36,4081.09,4083.67
2026.07.21 18:30,4083.75,4085.53,4081.22,4084.39
2026.07.21 18:35,4084.44,4085.22,4081.47,4082.66
2026.07.21 18:40,4082.60,4083.89,4081.69,4082.42
2026.07.21 18:45,4082.33,4082.51,4080.25,4080.64
2026.07.21 18:50,4080.65,4081.39,4079.22,4080.97
2026.07.21 18:55,4081.07,4083.29,4081.07,4082.18
2026.07.21 19:00,4082.27,4085.28,4082.27,4084.29
2026.07.21 19:05,4084.28,4085.42,4081.30,4081.32
2026.07.21 19:10,4081.20,4081.64,4080.01,4080.77
2026.07.21 19:15,4081.52,4083.99,4081.16,4083.48
2026.07.21 19:20,4083.48,4084.46,4082.29,4083.70
2026.07.21 19:25,4083.74,4085.20,4083.61,4084.02
2026.07.21 19:30,4084.42,4084.98,4082.96,4083.33
2026.07.21 19:35,4083.33,4083.45,4081.86,4082.54
2026.07.21 19:40,4082.55,4084.34,4082.32,4083.21
2026.07.21 19:45,4083.22,4085.18,4082.81,4084.56
2026.07.21 19:50,4084.26,4085.16,4083.53,4084.12
2026.07.21 19:55,4084.07,4085.28,4083.50,4084.34
2026.07.21 20:00,4084.66,4086.16,4083.32,4084.50
2026.07.21 20:05,4084.32,4085.93,4083.81,4084.98
2026.07.21 20:10,4084.97,4085.07,4083.62,4084.27
2026.07.21 20:15,4084.28,4084.43,4082.98,4083.93
2026.07.21 20:20,4083.85,4083.85,4081.53,4082.85
2026.07.21 20:25,4082.86,4083.04,4082.15,4082.63
2026.07.21 20:30,4082.62,4085.26,4082.62,4083.07
2026.07.21 20:35,4083.06,4083.35,4081.88,4081.88
2026.07.21 20:40,4081.88,4081.97,4080.41,4080.92
2026.07.21 20:45,4080.87,4080.87,4077.96,4078.34
2026.07.21 20:50,4078.30,4078.99,4077.27,4077.59
2026.07.21 20:55,4077.54,4078.04,4076.65,4077.40
2026.07.21 22:00,4079.83,4080.82,4078.40,4078.52
2026.07.21 22:05,4078.59,4079.65,4077.03,4077.83
2026.07.21 22:10,4077.84,4079.20,4077.45,4078.90
2026.07.21 22:15,4078.92,4080.83,4078.12,4080.02
2026.07.21 22:20,4080.33,4082.11,4080.24,4080.64
2026.07.21 22:25,4080.65,4083.07,4080.56,4082.60
2026.07.21 22:30,4082.63,4084.83,4082.51,4083.82
2026.07.21 22:35,4083.80,4084.88,4082.70,4084.46
2026.07.21 22:40,4084.43,4084.79,4083.78,4083.90
2026.07.21 22:45,4083.90,4084.28,4081.12,4081.12
2026.07.21 22:50,4081.12,4081.94,4078.17,4079.72
2026.07.21 22:55,4079.71,4081.14,4079.63,4080.36
2026.07.21 23:00,4080.37,4081.24,4079.44,4080.45
2026.07.21 23:05,4080.45,4081.79,4080.16,4081.04
2026.07.21 23:10,4081.04,4081.85,4080.30,4081.23
2026.07.21 23:15,4081.21,4082.40,4080.89,4082.37
2026.07.21 23:20,4082.27,4082.36,4081.24,4082.09
2026.07.21 23:25,4082.09,4082.43,4081.05,4081.16
2026.07.21 23:30,4081.16,4081.66,4080.50,4080.62
2026.07.21 23:35,4080.63,4082.00,4080.43,4081.86
2026.07.21 23:40,4081.88,4082.28,4079.26,4080.40
2026.07.21 23:45,4080.40,4082.98,4079.27,4080.93
2026.07.21 23:50,4080.94,4081.30,4080.17,4080.36
2026.07.21 23:55,4080.36,4080.91,4079.20,4080.55
2026.07.22 00:00,4080.96,4082.67,4076.70,4082.59
2026.07.22 00:05,4082.64,4090.00,4081.32,4088.11
2026.07.22 00:10,4088.12,4092.63,4087.53,4092.11
2026.07.22 00:15,4092.11,4098.03,4092.11,4095.40
2026.07.22 00:20,4095.47,4097.58,4092.81,4097.05
2026.07.22 00:25,4097.04,4098.59,4096.61,4098.01
2026.07.22 00:30,4098.04,4101.93,4090.23,4091.34
2026.07.22 00:35,4091.16,4097.15,4089.63,4094.71
2026.07.22 00:40,4094.71,4095.15,4091.76,4092.67
2026.07.22 00:45,4092.59,4099.02,4091.55,4096.55
2026.07.22 00:50,4096.54,4097.20,4093.46,4093.91
2026.07.22 00:55,4093.94,4097.44,4093.04,4097.36
2026.07.22 01:00,4097.68,4113.56,4096.70,4110.31
2026.07.22 01:05,4110.53,4116.94,4110.00,4115.76
2026.07.22 01:10,4115.83,4121.34,4113.63,4121.19
2026.07.22 01:15,4121.02,4121.54,4111.98,4112.70
2026.07.22 01:20,4112.60,4115.66,4111.86,4112.33
2026.07.22 01:25,4112.34,4116.61,4112.07,4115.41
2026.07.22 01:30,4115.42,4117.01,4112.87,4116.65
2026.07.22 01:35,4116.71,4121.42,4114.78,4119.54
2026.07.22 01:40,4119.46,4122.71,4117.97,4121.54
2026.07.22 01:45,4122.03,4123.38,4118.75,4119.58
2026.07.22 01:50,4119.51,4120.96,4118.33,4119.38
2026.07.22 01:55,4119.39,4122.68,4117.34,4122.04
2026.07.22 02:00,4122.04,4122.55,4119.44,4121.68
2026.07.22 02:05,4121.70,4121.94,4118.89,4121.42
2026.07.22 02:10,4121.41,4123.04,4120.38,4121.86
2026.07.22 02:15,4121.86,4124.99,4119.89,4120.36
2026.07.22 02:20,4120.36,4125.38,4120.29,4124.71
2026.07.22 02:25,4124.73,4125.92,4123.83,4124.17
2026.07.22 02:30,4124.16,4130.34,4122.20,4130.11
2026.07.22 02:35,4130.15,4130.21,4124.49,4124.49
2026.07.22 02:40,4124.45,4129.19,4124.41,4128.17
2026.07.22 02:45,4128.20,4130.45,4127.48,4128.35
2026.07.22 02:50,4128.33,4129.01,4126.23,4128.20
2026.07.22 02:55,4128.22,4130.72,4126.70,4130.50
2026.07.22 03:00,4130.48,4133.45,4129.25,4133.35
2026.07.22 03:05,4133.37,4140.57,4132.42,4137.29
2026.07.22 03:10,4137.30,4138.34,4135.00,4137.23
2026.07.22 03:15,4137.21,4139.74,4136.71,4138.99
2026.07.22 03:20,4139.00,4141.59,4138.17,4138.85
2026.07.22 03:25,4138.88,4139.68,4137.03,4138.15
2026.07.22 03:30,4138.15,4138.19,4134.66,4135.08
2026.07.22 03:35,4135.14,4135.65,4132.59,4133.56
2026.07.22 03:40,4133.51,4134.20,4132.38,4133.44
2026.07.22 03:45,4133.47,4134.18,4132.16,4132.64
2026.07.22 03:50,4132.63,4132.68,4130.69,4131.05
2026.07.22 03:55,4131.03,4131.62,4130.00,4130.78
2026.07.22 04:00,4130.78,4131.12,4126.54,4128.25
2026.07.22 04:05,4128.26,4130.41,4127.63,4127.95
2026.07.22 04:10,4127.94,4128.37,4126.21,4126.89
2026.07.22 04:15,4126.89,4129.48,4126.87,4127.99
2026.07.22 04:20,4127.99,4129.33,4127.54,4128.70
2026.07.22 04:25,4128.70,4128.86,4127.49,4128.70
2026.07.22 04:30,4128.71,4128.91,4124.81,4126.55
2026.07.22 04:35,4126.65,4126.77,4124.71,4126.23
2026.07.22 04:40,4126.23,4127.54,4126.20,4127.20
2026.07.22 04:45,4127.20,4127.51,4125.36,4126.18
2026.07.22 04:50,4126.17,4126.90,4125.14,4125.91
2026.07.22 04:55,4125.90,4127.14,4125.51,4126.91
2026.07.22 05:00,4126.90,4128.96,4125.86,4128.29
2026.07.22 05:05,4128.27,4128.99,4126.48,4127.18
2026.07.22 05:10,4127.18,4129.89,4127.07,4128.46
2026.07.22 05:15,4128.48,4128.60,4123.25,4124.05
2026.07.22 05:20,4124.00,4124.66,4123.10,4124.30
2026.07.22 05:25,4124.36,4126.13,4123.45,4123.62
2026.07.22 05:30,4123.48,4128.70,4123.10,4127.46
2026.07.22 05:35,4127.46,4133.90,4127.15,4132.45
2026.07.22 05:40,4132.41,4133.10,4130.22,4132.34
2026.07.22 05:45,4132.38,4133.00,4130.16,4131.92
2026.07.22 05:50,4131.94,4132.78,4129.15,4129.51
2026.07.22 05:55,4129.65,4131.42,4128.03,4130.95
2026.07.22 06:00,4130.95,4135.19,4130.95,4134.19
2026.07.22 06:05,4134.09,4134.10,4130.49,4130.70
2026.07.22 06:10,4130.69,4132.20,4129.34,4129.74
2026.07.22 06:15,4129.74,4131.82,4129.10,4130.34
2026.07.22 06:20,4130.32,4130.58,4124.36,4125.08
2026.07.22 06:25,4125.09,4125.14,4113.97,4117.33
2026.07.22 06:30,4117.70,4119.17,4114.83,4119.15
2026.07.22 06:35,4119.16,4120.16,4116.39,4117.25
2026.07.22 06:40,4117.25,4119.95,4116.95,4118.66
2026.07.22 06:45,4118.65,4120.48,4116.94,4117.49
2026.07.22 06:50,4117.50,4117.50,4114.23,4116.37
2026.07.22 06:55,4116.12,4117.00,4113.37,4116.45
2026.07.22 07:00,4116.85,4117.20,4111.97,4112.58
2026.07.22 07:05,4112.50,4115.54,4112.39,4113.30
2026.07.22 07:10,4113.26,4116.39,4112.39,4116.38
2026.07.22 07:15,4116.38,4119.03,4115.93,4118.76
2026.07.22 07:20,4118.79,4122.33,4117.82,4117.82
2026.07.22 07:25,4117.79,4119.97,4117.70,4119.64
2026.07.22 07:30,4119.53,4122.90,4118.18,4118.19
2026.07.22 07:35,4118.16,4118.32,4114.95,4114.95
2026.07.22 07:40,4114.94,4115.18,4110.94,4112.23
2026.07.22 07:45,4112.53,4113.16,4109.82,4110.10
2026.07.22 07:50,4110.11,4113.97,4109.55,4113.97
2026.07.22 07:55,4113.98,4114.23,4109.17,4110.55
2026.07.22 08:00,4110.48,4115.18,4110.48,4114.93
2026.07.22 08:05,4114.85,4115.78,4113.51,4114.46
2026.07.22 08:10,4114.46,4115.88,4112.41,4114.55
2026.07.22 08:15,4114.62,4115.43,4113.36,4114.79
2026.07.22 08:20,4114.83,4117.75,4114.80,4116.82
2026.07.22 08:25,4116.83,4117.57,4115.30,4117.31
2026.07.22 08:30,4117.35,4119.04,4116.58,4117.88
2026.07.22 08:35,4117.88,4118.46,4116.54,4116.72
2026.07.22 08:40,4116.71,4117.32,4114.15,4114.48
2026.07.22 08:45,4114.63,4116.22,4113.26,4114.62
2026.07.22 08:50,4114.59,4117.67,4113.66,4117.50
2026.07.22 08:55,4117.50,4120.02,4117.49,4118.23
2026.07.22 09:00,4118.45,4120.47,4117.80,4119.83
2026.07.22 09:05,4119.73,4122.11,4118.00,4120.02
2026.07.22 09:10,4119.94,4122.07,4119.55,4121.64
2026.07.22 09:15,4121.63,4122.15,4119.66,4122.13
2026.07.22 09:20,4122.14,4122.22,4119.31,4120.63
2026.07.22 09:25,4120.62,4121.23,4117.87,4118.61
2026.07.22 09:30,4118.48,4121.59,4116.39,4117.21
2026.07.22 09:35,4117.24,4118.71,4114.28,4114.28
2026.07.22 09:40,4114.47,4118.80,4114.33,4115.93
2026.07.22 09:45,4115.93,4117.35,4115.73,4116.82
2026.07.22 09:50,4116.83,4117.49,4113.24,4115.00
2026.07.22 09:55,4115.11,4117.80,4114.08,4114.96
2026.07.22 10:00,4115.04,4119.89,4114.96,4116.28
2026.07.22 10:05,4116.29,4117.76,4115.91,4116.10
2026.07.22 10:10,4116.10,4117.97,4116.01,4117.38
2026.07.22 10:15,4117.49,4119.13,4116.37,4117.57
2026.07.22 10:20,4117.57,4121.71,4117.57,4121.36
2026.07.22 10:25,4121.43,4121.64,4119.02,4119.25
2026.07.22 10:30,4119.27,4119.85,4117.85,4118.74
2026.07.22 10:35,4118.73,4119.00,4116.65,4116.99
2026.07.22 10:40,4116.82,4117.60,4115.95,4116.99
2026.07.22 10:45,4116.99,4118.91,4116.19,4118.82
2026.07.22 10:50,4118.94,4120.17,4117.94,4118.18
2026.07.22 10:55,4118.16,4118.21,4116.12,4117.45
2026.07.22 11:00,4117.45,4118.08,4115.12,4116.96
2026.07.22 11:05,4116.90,4118.74,4115.94,4118.65
2026.07.22 11:10,4118.66,4120.84,4117.93,4119.16
2026.07.22 11:15,4119.16,4122.91,4118.62,4120.96
2026.07.22 11:20,4120.94,4122.59,4120.23,4120.47
2026.07.22 11:25,4120.47,4120.72,4117.51,4118.54
2026.07.22 11:30,4118.55,4120.49,4118.17,4119.84
2026.07.22 11:35,4119.85,4119.85,4117.16,4118.57
2026.07.22 11:40,4118.56,4119.14,4112.50,4115.06
2026.07.22 11:45,4115.10,4120.16,4114.83,4120.15
2026.07.22 11:50,4120.14,4121.26,4117.99,4119.65
2026.07.22 11:55,4119.89,4122.89,4119.44,4122.50
2026.07.22 12:00,4122.75,4126.45,4121.75,4125.18
2026.07.22 12:05,4125.19,4126.44,4123.49,4124.76
2026.07.22 12:10,4124.77,4127.25,4123.54,4126.92
2026.07.22 12:15,4127.30,4127.64,4124.82,4125.81
2026.07.22 12:20,4125.91,4130.05,4125.67,4129.49
2026.07.22 12:25,4129.88,4132.97,4128.47,4132.61
2026.07.22 12:30,4132.80,4134.35,4127.40,4127.56
2026.07.22 12:35,4127.54,4128.11,4124.65,4126.98
2026.07.22 12:40,4127.00,4128.33,4125.35,4127.15
2026.07.22 12:45,4127.14,4127.51,4118.64,4118.68
2026.07.22 12:50,4119.00,4119.55,4116.83,4117.93
2026.07.22 12:55,4117.93,4118.19,4107.08,4112.78
2026.07.22 13:00,4112.79,4120.21,4112.51,4119.20
2026.07.22 13:05,4119.14,4121.09,4117.40,4121.01
2026.07.22 13:10,4121.02,4125.72,4120.33,4125.62
2026.07.22 13:15,4125.50,4131.22,4124.95,4131.00
2026.07.22 13:20,4130.73,4133.77,4128.59,4133.45
2026.07.22 13:25,4133.67,4134.80,4131.24,4131.76
2026.07.22 13:30,4131.75,4146.59,4131.75,4142.17
2026.07.22 13:35,4142.04,4145.43,4138.70,4144.43
2026.07.22 13:40,4144.19,4145.97,4140.90,4142.63
2026.07.22 13:45,4142.69,4149.43,4142.62,4146.44
2026.07.22 13:50,4146.38,4148.04,4143.84,4145.45
2026.07.22 13:55,4145.46,4155.88,4144.63,4154.66
2026.07.22 14:00,4154.71,4163.33,4153.49,4156.66
2026.07.22 14:05,4156.46,4158.89,4153.41,4156.47
2026.07.22 14:10,4156.56,4158.86,4155.49,4156.48
2026.07.22 14:15,4156.46,4156.46,4148.81,4148.90
2026.07.22 14:20,4148.91,4152.53,4148.63,4149.69
2026.07.22 14:25,4149.99,4150.34,4144.39,4146.18
2026.07.22 14:30,4146.29,4152.55,4146.29,4150.50
2026.07.22 14:35,4150.52,4151.95,4148.80,4151.93
2026.07.22 14:40,4151.93,4152.87,4147.62,4150.91
2026.07.22 14:45,4150.88,4152.83,4145.69,4148.18
2026.07.22 14:50,4148.33,4148.81,4146.22,4147.73
2026.07.22 14:55,4147.72,4149.86,4144.05,4148.46
2026.07.22 15:00,4148.53,4155.09,4148.53,4154.70
2026.07.22 15:05,4154.54,4156.28,4153.77,4154.85
2026.07.22 15:10,4154.84,4158.41,4154.15,4157.46
2026.07.22 15:15,4157.45,4157.58,4153.24,4154.83
2026.07.22 15:20,4154.92,4161.28,4154.32,4159.78
2026.07.22 15:25,4159.76,4160.26,4156.53,4157.14
2026.07.22 15:30,4157.13,4158.72,4156.18,4156.60
2026.07.22 15:35,4156.90,4159.02,4155.69,4157.23
2026.07.22 15:40,4157.61,4160.81,4157.27,4159.85
2026.07.22 15:45,4159.85,4165.10,4158.56,4164.30
2026.07.22 15:50,4164.35,4165.91,4162.35,4162.52
2026.07.22 15:55,4162.48,4162.48,4158.36,4159.29
2026.07.22 16:00,4159.30,4159.41,4156.12,4156.80
2026.07.22 16:05,4156.85,4159.13,4156.34,4156.71
2026.07.22 16:10,4156.69,4156.72,4153.15,4154.37
2026.07.22 16:15,4154.38,4155.32,4151.15,4154.92
2026.07.22 16:20,4154.93,4155.44,4152.13,4152.38
2026.07.22 16:25,4152.49,4152.50,4147.71,4149.07
2026.07.22 16:30,4149.08,4150.50,4146.08,4146.20
2026.07.22 16:35,4146.19,4148.92,4144.37,4148.32
2026.07.22 16:40,4148.33,4151.22,4146.52,4146.98
2026.07.22 16:45,4147.53,4148.43,4145.80,4147.00
2026.07.22 16:50,4146.99,4147.23,4144.58,4146.65
2026.07.22 16:55,4146.63,4148.88,4145.86,4146.76
2026.07.22 17:00,4146.75,4147.77,4144.52,4146.96
2026.07.22 17:05,4146.94,4147.19,4143.15,4144.22
2026.07.22 17:10,4144.28,4145.78,4143.09,4145.28
2026.07.22 17:15,4145.16,4145.73,4142.72,4142.95
2026.07.22 17:20,4142.95,4145.51,4142.64,4143.48
2026.07.22 17:25,4143.49,4146.94,4143.19,4145.96
2026.07.22 17:30,4145.85,4147.38,4144.19,4144.71
2026.07.22 17:35,4144.86,4145.67,4138.83,4138.89
2026.07.22 17:40,4138.92,4141.29,4138.28,4140.45
2026.07.22 17:45,4140.47,4143.26,4140.35,4143.06
2026.07.22 17:50,4143.06,4143.60,4142.29,4142.65
2026.07.22 17:55,4142.60,4143.29,4141.02,4142.32
2026.07.22 18:00,4142.41,4142.63,4136.67,4137.61
2026.07.22 18:05,4137.60,4141.35,4137.36,4139.17
2026.07.22 18:10,4139.15,4140.42,4137.43,4138.02
2026.07.22 18:15,4137.92,4139.01,4136.62,4138.69
2026.07.22 18:20,4138.71,4139.63,4135.07,4136.60
2026.07.22 18:25,4136.58,4136.71,4134.65,4135.09
2026.07.22 18:30,4135.17,4135.48,4131.89,4132.68
2026.07.22 18:35,4132.66,4136.00,4132.55,4135.68
2026.07.22 18:40,4135.68,4136.12,4133.71,4135.74
2026.07.22 18:45,4135.46,4138.14,4135.26,4137.45
2026.07.22 18:50,4137.45,4138.73,4137.36,4137.48
2026.07.22 18:55,4137.46,4137.95,4135.84,4135.97
2026.07.22 19:00,4135.97,4136.00,4132.96,4134.88
2026.07.22 19:05,4134.99,4137.12,4134.99,4135.52
2026.07.22 19:10,4135.52,4135.75,4133.97,4133.98
2026.07.22 19:15,4133.88,4135.27,4133.24,4134.18
2026.07.22 19:20,4134.17,4134.80,4131.66,4134.16
2026.07.22 19:25,4134.17,4134.68,4132.54,4134.37
2026.07.22 19:30,4134.23,4136.12,4132.50,4135.61
2026.07.22 19:35,4135.62,4136.00,4133.61,4134.40
2026.07.22 19:40,4134.41,4135.85,4133.53,4133.86
2026.07.22 19:45,4133.99,4135.03,4133.11,4134.97
2026.07.22 19:50,4135.11,4135.20,4128.90,4130.63
2026.07.22 19:55,4130.48,4132.71,4130.11,4131.64
2026.07.22 20:00,4131.92,4135.03,4130.32,4130.81
2026.07.22 20:05,4130.80,4134.18,4130.39,4133.28
2026.07.22 20:10,4133.22,4135.38,4132.12,4134.45
2026.07.22 20:15,4134.33,4136.40,4133.79,4135.28
2026.07.22 20:20,4135.35,4136.59,4134.79,4136.51
2026.07.22 20:25,4136.50,4137.71,4136.03,4136.60
2026.07.22 20:30,4136.59,4137.43,4135.31,4135.31
2026.07.22 20:35,4135.31,4135.34,4133.78,4134.67
2026.07.22 20:40,4134.69,4135.13,4130.77,4130.79
2026.07.22 20:45,4130.84,4131.04,4128.32,4130.02
2026.07.22 20:50,4130.06,4130.07,4128.70,4129.32
2026.07.22 20:55,4129.27,4130.40,4128.96,4130.40
2026.07.22 22:00,4119.43,4135.85,4113.65,4120.79
2026.07.22 22:05,4120.84,4125.52,4120.21,4123.27
2026.07.22 22:10,4123.35,4123.86,4121.20,4123.86
2026.07.22 22:15,4124.60,4125.37,4120.85,4124.02
2026.07.22 22:20,4124.01,4126.01,4122.23,4122.96
2026.07.22 22:25,4122.96,4128.91,4122.73,4128.68
2026.07.22 22:30,4128.70,4129.61,4125.52,4125.53
2026.07.22 22:35,4125.53,4128.13,4124.15,4125.44
2026.07.22 22:40,4125.46,4125.96,4119.89,4121.48
2026.07.22 22:45,4121.46,4125.52,4120.52,4124.42
2026.07.22 22:50,4124.42,4126.00,4121.08,4123.37
2026.07.22 22:55,4123.37,4126.62,4120.78,4121.65
2026.07.22 23:00,4121.90,4122.74,4117.28,4118.53
2026.07.22 23:05,4118.57,4119.12,4115.74,4118.09
2026.07.22 23:10,4118.09,4124.70,4116.76,4123.73
2026.07.22 23:15,4123.66,4123.94,4119.87,4120.39
2026.07.22 23:20,4120.32,4121.95,4119.46,4120.50
2026.07.22 23:25,4120.50,4122.33,4119.03,4119.80
2026.07.22 23:30,4119.85,4122.37,4118.93,4120.66
2026.07.22 23:35,4120.47,4123.44,4119.89,4121.55
2026.07.22 23:40,4121.53,4124.40,4121.12,4123.55
2026.07.22 23:45,4123.55,4131.57,4122.92,4129.65
2026.07.22 23:50,4129.65,4131.50,4128.63,4131.24
2026.07.22 23:55,4131.24,4133.89,4130.68,4133.29
2026.07.23 00:00,4133.30,4134.26,4128.25,4130.68
2026.07.23 00:05,4130.66,4131.02,4127.41,4128.83
2026.07.23 00:10,4128.85,4128.85,4126.10,4126.81
2026.07.23 00:15,4126.75,4129.10,4126.74,4128.20
2026.07.23 00:20,4128.20,4132.90,4127.46,4132.83
2026.07.23 00:25,4132.77,4134.61,4128.83,4129.11
2026.07.23 00:30,4129.11,4131.56,4128.03,4130.10
2026.07.23 00:35,4130.12,4132.05,4127.84,4128.32
2026.07.23 00:40,4128.40,4128.97,4127.12,4127.91
2026.07.23 00:45,4127.71,4130.01,4126.88,4127.07
2026.07.23 00:50,4127.16,4129.31,4125.06,4128.93
2026.07.23 00:55,4128.93,4133.20,4127.49,4132.12
2026.07.23 01:00,4132.05,4139.06,4129.81,4132.80
2026.07.23 01:05,4132.85,4134.60,4130.47,4133.62
2026.07.23 01:10,4133.62,4137.08,4131.83,4135.63
2026.07.23 01:15,4135.63,4137.59,4134.24,4135.75
2026.07.23 01:20,4135.74,4139.80,4134.78,4137.61
2026.07.23 01:25,4137.63,4140.74,4136.58,4137.22
2026.07.23 01:30,4137.30,4139.08,4128.98,4133.13
2026.07.23 01:35,4133.48,4133.64,4122.81,4122.92
2026.07.23 01:40,4122.92,4127.33,4122.75,4122.89
2026.07.23 01:45,4121.64,4123.56,4118.00,4121.43
2026.07.23 01:50,4121.29,4122.36,4118.12,4118.82
2026.07.23 01:55,4118.47,4118.97,4114.23,4117.78
2026.07.23 02:00,4117.69,4118.76,4112.96,4113.68
2026.07.23 02:05,4113.92,4116.79,4112.12,4114.10
2026.07.23 02:10,4114.08,4118.34,4114.08,4117.56
2026.07.23 02:15,4117.60,4117.92,4113.23,4114.80
2026.07.23 02:20,4114.86,4117.08,4113.79,4116.16
2026.07.23 02:25,4116.13,4116.92,4114.08,4116.05
2026.07.23 02:30,4116.17,4119.31,4113.77,4116.55
2026.07.23 02:35,4116.52,4118.79,4114.76,4118.63
2026.07.23 02:40,4118.75,4122.19,4117.80,4122.09
2026.07.23 02:45,4122.00,4125.30,4122.00,4122.65
2026.07.23 02:50,4122.60,4128.42,4121.42,4125.34
2026.07.23 02:55,4125.32,4128.35,4125.10,4127.88
2026.07.23 03:00,4127.98,4128.89,4125.88,4126.16
2026.07.23 03:05,4125.96,4127.43,4124.45,4124.93
2026.07.23 03:10,4124.92,4127.11,4124.04,4126.90
2026.07.23 03:15,4127.04,4131.03,4126.57,4131.01
2026.07.23 03:20,4130.96,4132.83,4130.52,4132.52
2026.07.23 03:25,4132.52,4132.52,4129.47,4130.41
2026.07.23 03:30,4130.45,4130.45,4128.29,4130.21
2026.07.23 03:35,4130.20,4131.01,4128.55,4129.30
2026.07.23 03:40,4129.33,4130.19,4125.97,4128.72
2026.07.23 03:45,4128.75,4128.75,4125.07,4125.45
2026.07.23 03:50,4125.45,4126.01,4124.92,4125.81
2026.07.23 03:55,4125.71,4125.99,4124.00,4124.62
2026.07.23 04:00,4124.61,4125.18,4122.73,4123.50
2026.07.23 04:05,4123.58,4125.55,4122.43,4125.21
2026.07.23 04:10,4125.16,4127.53,4123.90,4127.53
2026.07.23 04:15,4127.57,4128.19,4125.04,4125.29
2026.07.23 04:20,4125.29,4129.19,4125.29,4127.99
2026.07.23 04:25,4127.92,4129.67,4127.12,4129.66
2026.07.23 04:30,4129.57,4130.18,4125.62,4126.88
2026.07.23 04:35,4126.83,4127.28,4125.67,4125.70
2026.07.23 04:40,4125.71,4125.72,4123.05,4123.09
2026.07.23 04:45,4123.11,4124.20,4121.53,4121.74
2026.07.23 04:50,4121.77,4122.60,4120.08,4120.65
2026.07.23 04:55,4120.73,4121.49,4119.97,4121.11
2026.07.23 05:00,4121.10,4122.48,4119.56,4120.30
2026.07.23 05:05,4120.32,4124.18,4120.27,4124.10
2026.07.23 05:10,4124.11,4124.88,4123.41,4124.35
2026.07.23 05:15,4124.35,4124.35,4121.15,4121.96
2026.07.23 05:20,4121.97,4122.71,4119.94,4121.37
2026.07.23 05:25,4121.34,4125.37,4121.15,4125.37
2026.07.23 05:30,4125.64,4128.41,4123.79,4127.49
2026.07.23 05:35,4127.50,4128.42,4126.12,4126.12
2026.07.23 05:40,4126.13,4127.69,4124.55,4127.69
2026.07.23 05:45,4127.69,4130.20,4126.08,4126.55
2026.07.23 05:50,4126.54,4127.40,4124.06,4125.17
2026.07.23 05:55,4125.14,4125.24,4120.57,4123.98
2026.07.23 06:00,4124.32,4128.09,4123.38,4123.98
2026.07.23 06:05,4123.97,4124.81,4121.22,4122.40
2026.07.23 06:10,4122.41,4124.29,4121.71,4123.07
2026.07.23 06:15,4122.91,4127.63,4122.36,4126.74
2026.07.23 06:20,4126.77,4127.09,4123.28,4124.74
2026.07.23 06:25,4124.79,4124.79,4121.24,4121.92
2026.07.23 06:30,4121.97,4122.92,4120.47,4122.22
2026.07.23 06:35,4122.24,4123.68,4120.68,4120.69
2026.07.23 06:40,4120.68,4121.23,4116.82,4119.91
2026.07.23 06:45,4119.87,4122.20,4119.03,4121.54
2026.07.23 06:50,4121.53,4121.89,4119.58,4120.14
2026.07.23 06:55,4119.78,4120.33,4117.71,4118.43
2026.07.23 07:00,4118.63,4119.28,4113.87,4115.00
2026.07.23 07:05,4115.09,4116.16,4109.73,4110.34
2026.07.23 07:10,4110.38,4110.38,4101.95,4106.64
2026.07.23 07:15,4106.54,4111.79,4106.52,4109.44
2026.07.23 07:20,4109.46,4109.51,4105.40,4105.63
2026.07.23 07:25,4105.54,4110.44,4105.54,4108.30
2026.07.23 07:30,4108.31,4108.65,4102.01,4105.14
2026.07.23 07:35,4105.17,4105.52,4099.45,4100.62
2026.07.23 07:40,4100.56,4101.97,4091.33,4095.44
2026.07.23 07:45,4095.62,4096.72,4091.26,4092.94
2026.07.23 07:50,4092.90,4095.02,4090.14,4093.48
2026.07.23 07:55,4093.32,4096.67,4092.33,4095.32
2026.07.23 08:00,4096.15,4097.29,4090.16,4092.28
2026.07.23 08:05,4092.67,4096.02,4092.27,4095.85
2026.07.23 08:10,4095.93,4097.58,4090.20,4091.36
2026.07.23 08:15,4091.36,4092.35,4089.51,4089.64
2026.07.23 08:20,4089.60,4091.35,4088.56,4090.44
2026.07.23 08:25,4090.51,4092.00,4088.98,4091.80
2026.07.23 08:30,4091.52,4093.34,4089.83,4092.61
2026.07.23 08:35,4092.52,4093.66,4090.74,4091.94
2026.07.23 08:40,4091.94,4092.61,4088.75,4092.36
2026.07.23 08:45,4092.36,4092.36,4086.96,4089.35
2026.07.23 08:50,4089.27,4092.94,4088.12,4092.77
2026.07.23 08:55,4092.87,4094.70,4092.60,4093.14
2026.07.23 09:00,4093.32,4099.29,4092.63,4099.00
2026.07.23 09:05,4098.98,4098.98,4096.60,4096.91
2026.07.23 09:10,4096.89,4098.49,4094.74,4094.85
2026.07.23 09:15,4094.80,4096.94,4093.89,4096.79
2026.07.23 09:20,4096.75,4096.75,4092.99,4093.11
2026.07.23 09:25,4093.28,4094.02,4089.34,4091.36
2026.07.23 09:30,4091.46,4092.19,4088.55,4091.93
2026.07.23 09:35,4091.93,4092.62,4090.60,4091.88
2026.07.23 09:40,4091.76,4092.74,4090.44,4091.74
2026.07.23 09:45,4091.88,4094.12,4091.50,4093.22
2026.07.23 09:50,4093.13,4093.84,4089.79,4092.75
2026.07.23 09:55,4092.90,4092.90,4088.41,4089.75
2026.07.23 10:00,4089.81,4091.56,4088.08,4090.57
2026.07.23 10:05,4090.55,4091.13,4087.87,4088.87
2026.07.23 10:10,4088.83,4091.44,4088.15,4090.73
2026.07.23 10:15,4090.70,4092.38,4088.67,4088.67
2026.07.23 10:20,4088.66,4089.05,4086.07,4087.50
2026.07.23 10:25,4087.52,4090.30,4087.28,4089.77
2026.07.23 10:30,4089.76,4092.75,4086.53,4087.04
2026.07.23 10:35,4087.27,4090.06,4086.66,4089.85
2026.07.23 10:40,4089.71,4089.71,4087.28,4089.26
2026.07.23 10:45,4089.27,4093.42,4087.16,4093.30
2026.07.23 10:50,4093.25,4094.16,4091.59,4093.87
2026.07.23 10:55,4093.85,4095.15,4091.93,4093.12
2026.07.23 11:00,4093.12,4093.71,4090.62,4091.93
2026.07.23 11:05,4091.97,4092.13,4088.37,4088.57
2026.07.23 11:10,4088.55,4089.41,4086.96,4087.60
2026.07.23 11:15,4087.60,4089.14,4084.46,4085.53
2026.07.23 11:20,4085.24,4086.73,4080.90,4083.90
2026.07.23 11:25,4083.89,4084.90,4081.35,4084.26
2026.07.23 11:30,4084.28,4084.28,4079.54,4080.72
2026.07.23 11:35,4080.64,4083.14,4079.22,4079.35
2026.07.23 11:40,4079.22,4079.35,4073.15,4078.64
2026.07.23 11:45,4078.41,4081.96,4077.79,4081.70
2026.07.23 11:50,4081.60,4088.83,4081.56,4084.47
2026.07.23 11:55,4084.33,4086.15,4082.94,4085.56
2026.07.23 12:00,4085.45,4085.77,4082.13,4083.17
2026.07.23 12:05,4083.18,4085.30,4081.83,4082.99
2026.07.23 12:10,4083.19,4085.25,4081.10,4081.29
2026.07.23 12:15,4081.36,4082.96,4072.77,4077.80
2026.07.23 12:20,4077.68,4078.21,4070.29,4071.60
2026.07.23 12:25,4071.65,4077.14,4071.06,4075.09
2026.07.23 12:30,4075.00,4075.00,4067.60,4074.67
2026.07.23 12:35,4074.64,4074.66,4064.48,4073.14
2026.07.23 12:40,4073.07,4073.07,4066.25,4068.79
2026.07.23 12:45,4069.05,4069.18,4063.00,4065.93
2026.07.23 12:50,4065.79,4068.03,4062.10,4064.02
2026.07.23 12:55,4063.82,4066.64,4060.92,4061.71
2026.07.23 13:00,4061.89,4063.37,4054.48,4055.77
2026.07.23 13:05,4055.52,4056.89,4044.70,4046.86
2026.07.23 13:10,4046.97,4047.19,4040.51,4040.82
2026.07.23 13:15,4040.82,4049.47,4040.71,4048.89
2026.07.23 13:20,4048.64,4054.09,4048.64,4051.47
2026.07.23 13:25,4051.94,4059.10,4051.83,4058.91
2026.07.23 13:30,4058.71,4067.29,4058.48,4063.49
2026.07.23 13:35,4063.09,4064.54,4055.46,4056.59
2026.07.23 13:40,4056.60,4062.17,4055.46,4056.30
2026.07.23 13:45,4056.22,4056.82,4049.93,4052.66
2026.07.23 13:50,4052.45,4058.86,4051.84,4056.07
2026.07.23 13:55,4056.20,4057.39,4042.71,4042.99
2026.07.23 14:00,4043.19,4050.67,4042.77,4043.74
2026.07.23 14:05,4043.82,4045.85,4040.05,4045.53
2026.07.23 14:10,4045.78,4051.32,4041.85,4047.93
2026.07.23 14:15,4047.76,4049.99,4042.31,4044.04
2026.07.23 14:20,4044.09,4052.10,4042.80,4052.08
2026.07.23 14:25,4051.94,4056.72,4051.08,4056.28
2026.07.23 14:30,4056.11,4057.81,4051.63,4054.46
2026.07.23 14:35,4054.44,4059.93,4051.65,4058.96
2026.07.23 14:40,4058.86,4059.73,4055.90,4056.92
2026.07.23 14:45,4056.90,4061.62,4055.91,4058.98
2026.07.23 14:50,4058.82,4060.23,4056.58,4056.80
2026.07.23 14:55,4056.69,4059.97,4056.52,4057.84
2026.07.23 15:00,4057.80,4059.37,4055.56,4056.62
2026.07.23 15:05,4056.58,4057.49,4051.51,4051.90
2026.07.23 15:10,4051.87,4053.86,4049.25,4051.29
2026.07.23 15:15,4050.98,4056.69,4050.20,4052.29
2026.07.23 15:20,4052.65,4053.41,4045.53,4049.96
2026.07.23 15:25,4049.96,4050.58,4046.20,4046.71
2026.07.23 15:30,4046.76,4046.85,4042.26,4045.69
2026.07.23 15:35,4045.60,4050.77,4045.60,4049.12
2026.07.23 15:40,4049.26,4053.07,4047.95,4047.95
2026.07.23 15:45,4047.93,4050.87,4047.10,4049.33
2026.07.23 15:50,4049.11,4050.71,4046.73,4050.08
2026.07.23 15:55,4050.19,4050.52,4046.65,4048.55
2026.07.23 16:00,4049.04,4050.69,4048.33,4048.35
2026.07.23 16:05,4048.35,4050.19,4047.25,4048.50
2026.07.23 16:10,4048.44,4050.78,4047.88,4050.04
2026.07.23 16:15,4050.24,4050.71,4045.76,4046.36
2026.07.23 16:20,4046.47,4051.32,4046.42,4048.50
2026.07.23 16:25,4048.54,4051.48,4048.28,4049.91
2026.07.23 16:30,4049.92,4050.69,4047.91,4048.09
2026.07.23 16:35,4048.10,4050.70,4046.91,4050.22
2026.07.23 16:40,4050.22,4050.98,4049.01,4049.71
2026.07.23 16:45,4049.74,4051.03,4048.71,4049.04
2026.07.23 16:50,4048.96,4049.61,4047.94,4048.89
2026.07.23 16:55,4048.90,4051.66,4048.90,4051.32
2026.07.23 17:00,4051.45,4054.49,4050.50,4051.53
2026.07.23 17:05,4051.54,4053.00,4046.80,4047.96
2026.07.23 17:10,4047.94,4049.33,4046.79,4047.14
2026.07.23 17:15,4047.17,4049.59,4046.14,4046.45
2026.07.23 17:20,4046.41,4050.39,4046.41,4048.67
2026.07.23 17:25,4048.63,4049.62,4046.56,4047.13
2026.07.23 17:30,4047.11,4049.01,4046.71,4047.33
2026.07.23 17:35,4047.28,4047.34,4044.11,4044.61
2026.07.23 17:40,4044.65,4045.31,4041.77,4042.72
2026.07.23 17:45,4042.72,4044.25,4042.05,4044.25
2026.07.23 17:50,4044.02,4044.10,4041.86,4042.93
2026.07.23 17:55,4042.93,4043.40,4041.53,4041.67
2026.07.23 18:00,4041.72,4043.25,4040.87,4041.54
2026.07.23 18:05,4041.64,4044.07,4040.70,4043.20
2026.07.23 18:10,4043.25,4044.00,4041.38,4041.74
2026.07.23 18:15,4041.75,4044.56,4040.83,4042.89
2026.07.23 18:20,4042.83,4043.41,4040.69,4041.83
2026.07.23 18:25,4041.84,4044.99,4041.12,4044.39
2026.07.23 18:30,4044.38,4047.88,4044.38,4045.31
2026.07.23 18:35,4045.31,4046.73,4044.36,4045.21
2026.07.23 18:40,4045.22,4046.63,4044.89,4046.39
2026.07.23 18:45,4046.39,4048.23,4046.34,4047.21
2026.07.23 18:50,4047.21,4047.27,4045.74,4046.07
2026.07.23 18:55,4046.07,4046.88,4044.51,4045.99
2026.07.23 19:00,4046.11,4048.40,4044.94,4045.03
2026.07.23 19:05,4045.04,4046.14,4043.48,4043.49
2026.07.23 19:10,4043.47,4044.33,4042.91,4043.17
2026.07.23 19:15,4043.14,4045.69,4043.05,4044.94
2026.07.23 19:20,4044.94,4048.26,4044.87,4047.94
2026.07.23 19:25,4047.94,4049.06,4046.98,4048.05
2026.07.23 19:30,4048.09,4050.78,4045.66,4047.24
2026.07.23 19:35,4047.04,4048.15,4046.74,4047.82
2026.07.23 19:40,4047.75,4048.12,4045.74,4045.74
2026.07.23 19:45,4045.79,4046.66,4044.86,4045.92
2026.07.23 19:50,4046.06,4050.31,4046.06,4050.22
2026.07.23 19:55,4050.22,4050.87,4049.39,4049.39
2026.07.23 20:00,4049.71,4051.06,4048.75,4048.89
2026.07.23 20:05,4048.91,4049.88,4048.15,4048.61
2026.07.23 20:10,4048.72,4049.90,4048.43,4049.39
2026.07.23 20:15,4049.41,4049.48,4047.96,4048.57
2026.07.23 20:20,4048.74,4049.04,4047.34,4048.87
2026.07.23 20:25,4048.87,4050.43,4048.81,4050.08
2026.07.23 20:30,4050.10,4050.36,4049.07,4049.91
2026.07.23 20:35,4049.90,4050.59,4049.84,4050.11
2026.07.23 20:40,4050.11,4050.11,4048.81,4049.81
2026.07.23 20:45,4049.71,4049.92,4048.84,4049.61
2026.07.23 20:50,4049.61,4049.70,4047.35,4048.16
2026.07.23 20:55,4048.19,4049.87,4048.19,4049.58
2026.07.23 22:00,4050.01,4050.12,4048.33,4048.82
2026.07.23 22:05,4048.83,4050.18,4048.50,4048.92
2026.07.23 22:10,4048.91,4049.38,4048.76,4048.84
2026.07.23 22:15,4049.16,4049.75,4049.11,4049.55
2026.07.23 22:20,4049.56,4050.06,4049.35,4049.93
2026.07.23 22:25,4049.92,4049.93,4049.22,4049.86
2026.07.23 22:30,4049.85,4050.28,4049.58,4050.12
2026.07.23 22:35,4050.12,4050.13,4049.58,4049.74
2026.07.23 22:40,4049.68,4050.12,4048.71,4049.28
2026.07.23 22:45,4049.30,4049.83,4048.43,4048.58
2026.07.23 22:50,4048.58,4050.26,4048.52,4049.74
2026.07.23 22:55,4049.75,4050.03,4048.46,4049.48
2026.07.23 23:00,4049.48,4049.72,4048.57,4048.70
2026.07.23 23:05,4048.70,4049.04,4047.48,4048.24
2026.07.23 23:10,4048.24,4048.58,4047.36,4048.37
2026.07.23 23:15,4048.34,4049.09,4047.13,4047.21
2026.07.23 23:20,4047.20,4049.12,4047.10,4049.11
2026.07.23 23:25,4049.11,4049.84,4048.74,4048.99
2026.07.23 23:30,4049.12,4050.53,4049.07,4050.39
2026.07.23 23:35,4050.39,4050.39,4048.27,4048.27
2026.07.23 23:40,4048.41,4048.45,4047.01,4048.12
2026.07.23 23:45,4048.12,4049.60,4046.98,4048.40
2026.07.23 23:50,4048.40,4049.46,4047.14,4047.52
2026.07.23 23:55,4047.52,4048.29,4046.56,4046.97
2026.07.24 00:00,4047.11,4049.84,4046.79,4047.07
2026.07.24 00:05,4047.06,4047.40,4044.82,4045.51
2026.07.24 00:10,4045.71,4046.42,4041.17,4041.51
2026.07.24 00:15,4041.50,4044.93,4041.12,4043.06
2026.07.24 00:20,4043.09,4047.94,4042.78,4046.01
2026.07.24 00:25,4046.11,4046.85,4043.95,4046.54
2026.07.24 00:30,4046.51,4047.15,4044.76,4046.06
2026.07.24 00:35,4046.05,4049.83,4045.27,4048.41
2026.07.24 00:40,4048.42,4050.03,4047.53,4049.14
2026.07.24 00:45,4049.14,4050.20,4048.74,4048.74
2026.07.24 00:50,4048.79,4049.94,4048.25,4048.80
2026.07.24 00:55,4048.85,4050.51,4048.63,4049.74
2026.07.24 01:00,4049.81,4050.00,4039.80,4043.83
2026.07.24 01:05,4043.87,4044.71,4041.75,4042.88
2026.07.24 01:10,4042.97,4044.56,4040.49,4042.31
2026.07.24 01:15,4042.33,4045.82,4041.40,4044.66
2026.07.24 01:20,4044.66,4045.28,4041.97,4044.92
2026.07.24 01:25,4044.92,4045.70,4042.68,4042.68
2026.07.24 01:30,4042.67,4045.05,4041.48,4043.73
2026.07.24 01:35,4043.71,4044.96,4041.99,4043.41
2026.07.24 01:40,4043.36,4050.23,4043.35,4049.82
2026.07.24 01:45,4049.85,4050.00,4047.76,4047.80
2026.07.24 01:50,4047.73,4047.75,4044.91,4045.91
2026.07.24 01:55,4045.89,4046.23,4041.29,4043.48
2026.07.24 02:00,4043.51,4045.11,4042.26,4042.43
2026.07.24 02:05,4042.43,4044.73,4040.92,4044.72
2026.07.24 02:10,4044.67,4045.85,4043.85,4045.59
2026.07.24 02:15,4045.64,4045.99,4044.63,4044.87
2026.07.24 02:20,4044.88,4046.19,4042.57,4046.19
2026.07.24 02:25,4046.20,4048.29,4045.65,4046.43
2026.07.24 02:30,4046.43,4048.00,4043.55,4044.03
2026.07.24 02:35,4044.03,4044.70,4041.24,4042.30
2026.07.24 02:40,4042.30,4043.74,4041.31,4041.52
2026.07.24 02:45,4041.51,4041.70,4026.35,4026.35
2026.07.24 02:50,4026.58,4030.29,4025.46,4025.78
2026.07.24 02:55,4025.50,4027.34,4023.07,4024.59
2026.07.24 03:00,4024.72,4027.30,4023.13,4026.64
2026.07.24 03:05,4026.63,4028.77,4026.43,4026.82
2026.07.24 03:10,4026.85,4032.20,4025.96,4031.75
2026.07.24 03:15,4031.75,4033.49,4029.01,4029.01
2026.07.24 03:20,4029.17,4031.68,4028.06,4030.20
2026.07.24 03:25,4030.20,4030.91,4028.41,4030.21
2026.07.24 03:30,4030.17,4033.09,4030.17,4031.91
2026.07.24 03:35,4031.97,4032.85,4030.86,4031.33
2026.07.24 03:40,4031.34,4032.68,4030.73,4031.51
2026.07.24 03:45,4031.50,4031.97,4029.78,4031.44
2026.07.24 03:50,4031.47,4032.04,4029.69,4029.71
2026.07.24 03:55,4029.59,4029.69,4028.28,4029.16
2026.07.24 04:00,4029.14,4029.60,4027.76,4029.31
2026.07.24 04:05,4029.24,4030.21,4028.10,4029.15
2026.07.24 04:10,4029.15,4029.16,4026.98,4028.07
2026.07.24 04:15,4028.07,4028.74,4027.55,4028.46
2026.07.24 04:20,4028.45,4029.98,4027.81,4029.24
2026.07.24 04:25,4029.36,4030.26,4029.28,4029.67
2026.07.24 04:30,4029.67,4030.19,4028.53,4028.85
2026.07.24 04:35,4028.85,4029.66,4026.98,4027.08
2026.07.24 04:40,4027.33,4027.52,4025.87,4026.81
2026.07.24 04:45,4026.80,4027.17,4025.49,4026.82
2026.07.24 04:50,4026.82,4027.16,4025.88,4026.85
2026.07.24 04:55,4026.65,4028.70,4026.49,4026.91
2026.07.24 05:00,4027.15,4028.64,4025.18,4028.62
2026.07.24 05:05,4028.62,4029.83,4027.62,4028.65
2026.07.24 05:10,4028.99,4032.05,4027.35,4027.52
2026.07.24 05:15,4027.31,4027.65,4022.28,4024.20
2026.07.24 05:20,4024.38,4029.73,4024.09,4027.33
2026.07.24 05:25,4027.33,4027.65,4025.37,4026.12
2026.07.24 05:30,4026.05,4031.43,4025.59,4031.22
2026.07.24 05:35,4031.31,4031.34,4024.89,4026.04
2026.07.24 05:40,4026.00,4028.32,4023.89,4024.74
2026.07.24 05:45,4024.67,4028.96,4024.46,4028.03
2026.07.24 05:50,4028.03,4029.15,4022.69,4023.50
2026.07.24 05:55,4023.53,4023.86,4021.91,4022.94
2026.07.24 06:00,4022.95,4025.66,4022.89,4025.13
2026.07.24 06:05,4025.06,4027.22,4024.46,4027.12
2026.07.24 06:10,4027.36,4031.23,4026.48,4030.87
2026.07.24 06:15,4030.87,4034.01,4029.29,4034.01
2026.07.24 06:20,4033.97,4036.85,4033.53,4036.06
2026.07.24 06:25,4036.03,4038.92,4035.10,4036.54
2026.07.24 06:30,4036.49,4036.49,4033.19,4034.55
2026.07.24 06:35,4034.55,4037.08,4034.40,4035.44
2026.07.24 06:40,4035.57,4036.73,4033.49,4033.81
2026.07.24 06:45,4033.81,4036.87,4033.65,4033.98
2026.07.24 06:50,4034.04,4035.56,4031.59,4035.21
2026.07.24 06:55,4035.08,4038.51,4034.96,4035.56
2026.07.24 07:00,4035.41,4040.04,4034.98,4038.32
2026.07.24 07:05,4038.32,4045.68,4038.14,4045.61
2026.07.24 07:10,4045.67,4047.32,4044.88,4045.35
2026.07.24 07:15,4045.89,4047.33,4043.99,4047.22
2026.07.24 07:20,4047.20,4048.84,4045.77,4048.00
2026.07.24 07:25,4048.02,4050.58,4047.53,4048.64
2026.07.24 07:30,4048.63,4053.53,4047.80,4053.53
2026.07.24 07:35,4053.51,4053.51,4046.51,4046.79
2026.07.24 07:40,4046.90,4048.38,4045.78,4048.32
2026.07.24 07:45,4048.32,4048.35,4046.00,4047.36
2026.07.24 07:50,4047.37,4048.64,4046.94,4047.71
2026.07.24 07:55,4047.85,4049.57,4047.57,4048.31
2026.07.24 08:00,4048.30,4048.99,4046.50,4047.30
2026.07.24 08:05,4047.30,4047.76,4045.10,4047.38
2026.07.24 08:10,4047.53,4047.66,4045.57,4046.73
2026.07.24 08:15,4046.58,4047.71,4045.04,4046.65
2026.07.24 08:20,4046.67,4048.01,4046.07,4046.74
2026.07.24 08:25,4046.66,4052.40,4045.97,4052.37
2026.07.24 08:30,4052.45,4052.45,4049.79,4049.79
2026.07.24 08:35,4049.91,4052.93,4048.72,4052.56
2026.07.24 08:40,4052.56,4055.44,4052.47,4054.63
2026.07.24 08:45,4054.66,4054.90,4052.23,4054.67
2026.07.24 08:50,4054.64,4057.00,4054.17,4056.21
2026.07.24 08:55,4056.23,4058.52,4055.99,4057.41
2026.07.24 09:00,4057.49,4060.55,4055.91,4056.61
2026.07.24 09:05,4056.62,4057.41,4055.12,4057.41
2026.07.24 09:10,4057.41,4057.77,4053.17,4054.03
2026.07.24 09:15,4054.03,4056.50,4053.18,4055.01
2026.07.24 09:20,4054.94,4055.12,4053.22,4054.54
2026.07.24 09:25,4054.56,4055.87,4052.37,4052.84
2026.07.24 09:30,4052.93,4054.42,4051.69,4053.73
2026.07.24 09:35,4053.74,4055.06,4053.44,4054.88
2026.07.24 09:40,4054.95,4056.07,4053.97,4055.56
2026.07.24 09:45,4055.62,4056.07,4055.00,4055.11
2026.07.24 09:50,4055.33,4058.23,4054.57,4058.09
2026.07.24 09:55,4058.10,4059.74,4058.07,4059.68
2026.07.24 10:00,4059.68,4061.36,4058.43,4059.77
2026.07.24 10:05,4059.77,4060.39,4058.74,4060.25
2026.07.24 10:10,4060.27,4060.45,4057.67,4058.07
2026.07.24 10:15,4058.04,4061.80,4057.45,4059.47
2026.07.24 10:20,4059.47,4061.12,4059.14,4060.22
2026.07.24 10:25,4060.23,4063.53,4059.74,4061.87
2026.07.24 10:30,4061.76,4063.73,4061.32,4061.48
2026.07.24 10:35,4061.46,4061.49,4059.91,4059.94
2026.07.24 10:40,4059.94,4059.98,4058.04,4058.23
2026.07.24 10:45,4058.35,4059.05,4057.60,4058.72
2026.07.24 10:50,4058.72,4059.33,4057.09,4057.67
2026.07.24 10:55,4057.69,4060.13,4057.26,4059.98
2026.07.24 11:00,4059.92,4062.64,4058.41,4062.14
2026.07.24 11:05,4062.14,4063.25,4060.45,4060.93
2026.07.24 11:10,4060.93,4061.19,4060.24,4061.14
2026.07.24 11:15,4061.06,4061.65,4059.98,4061.14
2026.07.24 11:20,4061.14,4061.88,4060.16,4061.41
2026.07.24 11:25,4061.41,4061.54,4058.96,4058.96
2026.07.24 11:30,4058.99,4060.26,4057.97,4059.73
2026.07.24 11:35,4059.72,4059.82,4056.74,4057.06
2026.07.24 11:40,4057.07,4057.79,4055.15,4055.16
2026.07.24 11:45,4055.27,4056.66,4053.74,4055.08
2026.07.24 11:50,4055.09,4055.14,4052.44,4052.57
2026.07.24 11:55,4052.57,4061.44,4051.33,4057.68
2026.07.24 12:00,4058.22,4058.44,4052.26,4054.01
2026.07.24 12:05,4054.01,4058.22,4052.59,4056.71
2026.07.24 12:10,4056.72,4057.25,4055.47,4056.46
2026.07.24 12:15,4056.45,4057.55,4055.64,4056.77
2026.07.24 12:20,4056.34,4058.29,4054.74,4058.27
2026.07.24 12:25,4058.27,4060.07,4055.99,4059.53
2026.07.24 12:30,4059.21,4059.52,4056.34,4057.08
2026.07.24 12:35,4057.08,4058.16,4055.02,4055.63
2026.07.24 12:40,4055.58,4056.61,4051.93,4055.03
2026.07.24 12:45,4055.03,4056.23,4051.67,4053.95
2026.07.24 12:50,4053.95,4055.67,4053.76,4055.08
2026.07.24 12:55,4055.16,4056.01,4051.61,4056.01
2026.07.24 13:00,4055.89,4058.20,4051.41,4052.09
2026.07.24 13:05,4052.08,4052.96,4045.79,4046.50
2026.07.24 13:10,4046.44,4049.52,4044.57,4048.04
2026.07.24 13:15,4047.96,4048.38,4044.75,4046.13
2026.07.24 13:20,4046.31,4049.22,4045.50,4046.81
2026.07.24 13:25,4047.42,4048.42,4045.75,4046.27
2026.07.24 13:30,4046.27,4050.25,4044.69,4049.20
2026.07.24 13:35,4049.33,4056.55,4049.29,4056.11
2026.07.24 13:40,4056.11,4056.55,4051.31,4052.22
2026.07.24 13:45,4052.17,4060.79,4048.61,4058.35
2026.07.24 13:50,4058.13,4060.92,4055.80,4059.66
2026.07.24 13:55,4059.68,4068.56,4056.85,4067.27
2026.07.24 14:00,4067.47,4069.90,4062.61,4062.61
2026.07.24 14:05,4062.76,4064.65,4057.19,4062.32
2026.07.24 14:10,4062.25,4063.56,4058.77,4058.78
2026.07.24 14:15,4058.79,4060.22,4055.81,4057.92
2026.07.24 14:20,4058.01,4064.69,4056.87,4064.60
2026.07.24 14:25,4064.63,4069.28,4064.45,4066.02
2026.07.24 14:30,4066.18,4067.96,4064.52,4064.52
2026.07.24 14:35,4064.94,4066.58,4059.97,4060.43
2026.07.24 14:40,4060.47,4062.26,4059.11,4060.20
2026.07.24 14:45,4060.19,4063.42,4058.45,4063.03
2026.07.24 14:50,4063.00,4064.64,4061.06,4061.59
2026.07.24 14:55,4061.60,4066.39,4061.24,4063.11
2026.07.24 15:00,4063.22,4066.93,4061.86,4063.85
2026.07.24 15:05,4063.85,4064.60,4061.74,4063.14
2026.07.24 15:10,4063.14,4076.49,4063.08,4074.66
2026.07.24 15:15,4074.61,4081.39,4071.85,4076.88
2026.07.24 15:20,4077.10,4081.94,4072.87,4073.91
2026.07.24 15:25,4073.95,4077.02,4072.44,4074.92
2026.07.24 15:30,4074.91,4076.73,4073.92,4073.98
2026.07.24 15:35,4073.99,4078.76,4073.43,4077.83
2026.07.24 15:40,4077.62,4079.52,4071.77,4071.82
2026.07.24 15:45,4072.01,4073.40,4070.91,4072.78
2026.07.24 15:50,4073.06,4076.07,4072.70,4075.16
2026.07.24 15:55,4075.16,4077.74,4074.92,4077.23
2026.07.24 16:00,4077.26,4077.27,4074.98,4076.48
2026.07.24 16:05,4076.49,4077.40,4075.05,4076.03
2026.07.24 16:10,4076.03,4076.90,4074.37,4074.80
2026.07.24 16:15,4074.84,4075.84,4073.87,4074.67
2026.07.24 16:20,4074.67,4077.59,4073.69,4077.29
2026.07.24 16:25,4077.27,4078.05,4073.51,4073.76
2026.07.24 16:30,4073.64,4073.95,4070.35,4072.31
2026.07.24 16:35,4072.09,4072.25,4067.50,4067.95
2026.07.24 16:40,4067.95,4068.63,4066.63,4067.61
2026.07.24 16:45,4067.59,4067.59,4064.24,4065.15
2026.07.24 16:50,4065.17,4065.85,4064.08,4065.65
2026.07.24 16:55,4065.64,4067.64,4065.36,4066.95
2026.07.24 17:00,4067.14,4068.28,4066.66,4067.85
2026.07.24 17:05,4067.84,4067.95,4063.99,4065.64
2026.07.24 17:10,4065.66,4066.05,4062.93,4064.09
2026.07.24 17:15,4064.08,4066.81,4063.58,4066.61
2026.07.24 17:20,4066.67,4068.67,4065.33,4068.67
2026.07.24 17:25,4068.60,4069.76,4067.13,4068.29
2026.07.24 17:30,4068.17,4069.72,4067.45,4068.33
2026.07.24 17:35,4068.40,4068.80,4067.47,4067.81
2026.07.24 17:40,4067.92,4068.79,4066.12,4066.47
2026.07.24 17:45,4066.47,4067.04,4064.69,4065.94
2026.07.24 17:50,4066.03,4066.85,4062.96,4063.36
2026.07.24 17:55,4063.33,4065.10,4063.23,4063.27
2026.07.24 18:00,4063.50,4064.02,4061.21,4062.85
2026.07.24 18:05,4062.77,4064.35,4062.72,4063.01
2026.07.24 18:10,4063.27,4063.41,4061.31,4061.56
2026.07.24 18:15,4061.55,4062.87,4060.05,4060.14
2026.07.24 18:20,4060.11,4060.56,4056.60,4057.44
2026.07.24 18:25,4057.42,4058.26,4054.93,4055.18
2026.07.24 18:30,4055.42,4056.08,4052.44,4054.18
2026.07.24 18:35,4054.19,4056.79,4053.27,4055.51
2026.07.24 18:40,4055.42,4055.48,4051.03,4052.02
2026.07.24 18:45,4052.03,4055.05,4051.71,4053.41
2026.07.24 18:50,4053.42,4055.76,4052.86,4054.22
2026.07.24 18:55,4054.31,4055.13,4053.88,4054.28
2026.07.24 19:00,4054.32,4056.23,4052.16,4054.64
2026.07.24 19:05,4054.56,4054.70,4052.40,4052.83
2026.07.24 19:10,4052.69,4054.66,4052.05,4052.19
2026.07.24 19:15,4052.18,4052.26,4049.53,4050.60
2026.07.24 19:20,4050.73,4051.11,4049.44,4049.56
2026.07.24 19:25,4049.53,4051.77,4049.12,4051.44
2026.07.24 19:30,4051.42,4054.39,4051.22,4053.97
2026.07.24 19:35,4053.88,4056.35,4053.59,4055.35
2026.07.24 19:40,4055.36,4057.82,4055.20,4056.77
2026.07.24 19:45,4056.84,4057.35,4054.83,4055.14
2026.07.24 19:50,4055.37,4055.54,4053.69,4055.27
2026.07.24 19:55,4055.26,4055.26,4052.71,4053.61
2026.07.24 20:00,4053.24,4055.15,4053.03,4054.05
2026.07.24 20:05,4054.00,4054.19,4052.78,4052.83
2026.07.24 20:10,4052.79,4053.34,4052.18,4052.43
2026.07.24 20:15,4052.47,4053.21,4052.03,4052.45
2026.07.24 20:20,4052.45,4053.35,4052.02,4053.34
2026.07.24 20:25,4053.34,4054.63,4052.99,4053.59
2026.07.24 20:30,4053.59,4053.93,4051.50,4052.14
2026.07.24 20:35,4052.15,4054.29,4052.15,4054.21
2026.07.24 20:40,4054.17,4055.95,4053.55,4055.36
2026.07.24 20:45,4055.37,4056.22,4054.03,4054.47
2026.07.24 20:50,4054.28,4054.62,4053.09,4053.33
2026.07.24 20:55,4053.21,4053.21,4052.05,4052.58
2026.07.26 22:00,4088.27,4096.89,4083.17,4089.58
2026.07.26 22:05,4089.54,4092.24,4087.49,4088.41
2026.07.26 22:10,4088.47,4089.13,4086.37,4087.92
2026.07.26 22:15,4087.92,4087.92,4083.85,4087.69
2026.07.26 22:20,4087.72,4089.95,4087.04,4087.49
2026.07.26 22:25,4087.47,4087.60,4085.29,4086.43
2026.07.26 22:30,4085.93,4091.88,4085.52,4091.56
2026.07.26 22:35,4092.21,4092.85,4089.64,4090.12
2026.07.26 22:40,4090.11,4092.56,4090.04,4091.05
2026.07.26 22:45,4091.05,4093.54,4089.60,4089.99
2026.07.26 22:50,4089.99,4091.99,4089.99,4091.55
2026.07.26 22:55,4091.56,4091.81,4088.87,4089.45
2026.07.26 23:00,4089.57,4091.18,4086.98,4087.20
2026.07.26 23:05,4087.25,4088.28,4086.92,4087.16
2026.07.26 23:10,4087.26,4087.48,4084.45,4084.73
2026.07.26 23:15,4084.72,4086.24,4084.30,4084.81
2026.07.26 23:20,4084.81,4086.04,4083.61,4084.02
2026.07.26 23:25,4083.99,4085.37,4083.74,4084.71
2026.07.26 23:30,4084.72,4086.53,4084.53,4086.32
2026.07.26 23:35,4086.32,4087.57,4086.03,4086.30
2026.07.26 23:40,4086.30,4089.16,4086.22,4088.91
2026.07.26 23:45,4088.92,4094.56,4088.30,4094.45
2026.07.26 23:50,4094.46,4096.20,4093.04,4093.20
2026.07.26 23:55,4093.20,4096.14,4092.56,4094.07
2026.07.27 00:00,4093.91,4104.79,4093.91,4101.79
2026.07.27 00:05,4101.83,4108.11,4099.57,4108.11
2026.07.27 00:10,4108.10,4115.97,4106.95,4115.59
2026.07.27 00:15,4115.59,4115.59,4106.60,4107.15
2026.07.27 00:20,4107.19,4107.30,4101.50,4102.56
2026.07.27 00:25,4102.64,4102.79,4090.69,4094.41
2026.07.27 00:30,4094.32,4099.68,4093.58,4099.61
2026.07.27 00:35,4099.61,4102.29,4099.20,4099.43
2026.07.27 00:40,4099.38,4101.97,4098.32,4099.78
2026.07.27 00:45,4099.71,4106.06,4099.70,4104.65
2026.07.27 00:50,4104.64,4109.14,4104.64,4105.91
2026.07.27 00:55,4105.90,4106.22,4099.04,4100.62
2026.07.27 01:00,4100.57,4111.85,4100.57,4107.33
2026.07.27 01:05,4107.36,4112.37,4105.53,4106.29
2026.07.27 01:10,4106.32,4109.86,4106.20,4107.03
2026.07.27 01:15,4107.12,4109.05,4102.18,4102.34
2026.07.27 01:20,4102.25,4103.03,4099.79,4101.53
2026.07.27 01:25,4101.54,4101.54,4096.87,4099.77
2026.07.27 01:30,4099.80,4103.63,4099.50,4100.17
2026.07.27 01:35,4100.16,4103.92,4097.85,4103.60
2026.07.27 01:40,4103.58,4104.19,4101.90,4102.60
2026.07.27 01:45,4102.85,4106.93,4102.68,4105.65
2026.07.27 01:50,4105.67,4108.26,4102.73,4107.94
2026.07.27 01:55,4107.98,4109.98,4106.00,4109.98
2026.07.27 02:00,4110.48,4110.80,4105.13,4105.37
2026.07.27 02:05,4105.30,4107.39,4103.79,4104.07
2026.07.27 02:10,4104.25,4105.89,4103.36,4105.43
2026.07.27 02:15,4105.43,4105.79,4103.51,4104.12
2026.07.27 02:20,4104.15,4104.57,4101.90,4103.96
2026.07.27 02:25,4103.93,4105.59,4102.85,4102.96
2026.07.27 02:30,4103.05,4103.05,4099.20,4099.92
2026.07.27 02:35,4099.88,4101.14,4097.54,4097.54
2026.07.27 02:40,4097.54,4098.36,4095.48,4096.44
2026.07.27 02:45,4096.33,4097.51,4095.03,4095.08
2026.07.27 02:50,4094.98,4096.71,4094.12,4096.42
2026.07.27 02:55,4096.42,4096.42,4093.57,4093.57
2026.07.27 03:00,4093.56,4095.71,4090.90,4092.34
2026.07.27 03:05,4092.32,4093.17,4090.96,4091.33
2026.07.27 03:10,4091.40,4092.14,4089.07,4091.82
2026.07.27 03:15,4091.89,4093.41,4091.08,4092.06
2026.07.27 03:20,4091.97,4092.11,4089.25,4089.88
2026.07.27 03:25,4089.94,4089.96,4085.24,4085.46
2026.07.27 03:30,4085.45,4090.16,4085.04,4090.12
2026.07.27 03:35,4090.11,4090.46,4087.90,4089.13
2026.07.27 03:40,4089.14,4090.67,4088.82,4089.67
2026.07.27 03:45,4089.59,4089.74,4088.42,4089.31
2026.07.27 03:50,4089.33,4090.54,4089.02,4089.24
2026.07.27 03:55,4089.28,4091.09,4089.27,4090.82
2026.07.27 04:00,4091.01,4092.77,4090.75,4091.11
2026.07.27 04:05,4091.12,4091.62,4089.69,4089.70
2026.07.27 04:10,4089.71,4090.34,4088.58,4090.03
2026.07.27 04:15,4090.02,4090.33,4086.96,4087.91
2026.07.27 04:20,4087.92,4089.59,4087.39,4088.00
2026.07.27 04:25,4088.06,4088.96,4087.25,4088.89
2026.07.27 04:30,4088.90,4090.93,4088.90,4090.48
2026.07.27 04:35,4090.50,4092.15,4090.18,4091.04
2026.07.27 04:40,4091.04,4092.22,4090.16,4090.30
2026.07.27 04:45,4090.30,4091.20,4089.71,4089.98
2026.07.27 04:50,4089.98,4090.32,4089.15,4090.27
2026.07.27 04:55,4090.28,4090.73,4089.45,4090.14
2026.07.27 05:00,4090.11,4092.34,4088.56,4090.40
2026.07.27 05:05,4090.40,4094.02,4089.54,4093.25
2026.07.27 05:10,4093.26,4094.60,4092.35,4094.60
2026.07.27 05:15,4094.60,4094.60,4091.66,4091.70
2026.07.27 05:20,4091.72,4091.76,4088.05,4088.05
2026.07.27 05:25,4088.09,4088.12,4086.04,4086.89
2026.07.27 05:30,4086.60,4090.10,4086.13,4087.38
2026.07.27 05:35,4087.41,4089.88,4085.67,4088.17
2026.07.27 05:40,4088.15,4089.42,4086.66,4087.94
2026.07.27 05:45,4087.93,4088.02,4084.32,4086.03
2026.07.27 05:50,4086.11,4089.14,4084.76,4088.91
2026.07.27 05:55,4088.79,4093.54,4087.44,4092.94
2026.07.27 06:00,4093.00,4094.49,4091.84,4093.48
2026.07.27 06:05,4093.48,4094.58,4091.53,4093.72
2026.07.27 06:10,4093.73,4096.28,4092.93,4094.28
2026.07.27 06:15,4094.28,4095.21,4091.92,4092.89
2026.07.27 06:20,4092.88,4094.11,4091.17,4093.96
2026.07.27 06:25,4093.95,4096.37,4093.95,4095.95
2026.07.27 06:30,4095.90,4096.48,4094.18,4095.59
2026.07.27 06:35,4095.56,4098.26,4095.01,4098.00
2026.07.27 06:40,4098.01,4099.15,4096.28,4098.51
2026.07.27 06:45,4098.54,4098.81,4097.21,4097.68
2026.07.27 06:50,4097.68,4097.68,4094.97,4096.49
2026.07.27 06:55,4096.50,4097.25,4095.49,4095.98
2026.07.27 07:00,4095.79,4100.69,4095.79,4098.73
2026.07.27 07:05,4098.95,4100.04,4096.21,4097.92
2026.07.27 07:10,4097.92,4101.81,4096.91,4101.81
2026.07.27 07:15,4101.80,4103.82,4099.75,4103.78
2026.07.27 07:20,4103.81,4105.42,4102.91,4104.62
2026.07.27 07:25,4104.70,4105.83,4102.94,4103.13
2026.07.27 07:30,4103.07,4103.23,4101.31,4102.63
2026.07.27 07:35,4102.65,4103.52,4098.64,4099.14
2026.07.27 07:40,4099.14,4099.18,4095.77,4097.18
2026.07.27 07:45,4097.17,4099.06,4096.56,4097.61
2026.07.27 07:50,4097.60,4097.75,4093.18,4094.02
2026.07.27 07:55,4094.01,4094.61,4088.44,4088.73
2026.07.27 08:00,4088.67,4092.99,4088.10,4088.35
2026.07.27 08:05,4088.10,4092.18,4087.06,4090.22
2026.07.27 08:10,4090.27,4091.93,4089.87,4091.19
2026.07.27 08:15,4091.11,4091.69,4089.51,4091.29
2026.07.27 08:20,4091.29,4091.34,4088.79,4090.77
2026.07.27 08:25,4090.82,4092.39,4090.71,4090.85
2026.07.27 08:30,4090.73,4091.03,4087.79,4087.95
2026.07.27 08:35,4087.50,4090.65,4087.32,4090.29
2026.07.27 08:40,4090.30,4092.77,4089.64,4091.25
2026.07.27 08:45,4091.33,4093.43,4090.79,4093.11
2026.07.27 08:50,4093.11,4094.85,4091.25,4094.74
2026.07.27 08:55,4094.52,4096.76,4093.95,4095.09
2026.07.27 09:00,4095.08,4096.11,4094.12,4096.01
2026.07.27 09:05,4096.01,4098.29,4094.53,4094.53
2026.07.27 09:10,4094.69,4095.52,4093.03,4093.85
2026.07.27 09:15,4093.84,4094.53,4092.73,4092.87
2026.07.27 09:20,4092.75,4094.84,4092.30,4093.58
2026.07.27 09:25,4093.64,4095.71,4091.05,4091.42
2026.07.27 09:30,4091.56,4093.58,4090.41,4091.67
2026.07.27 09:35,4091.70,4093.63,4091.09,4092.12
2026.07.27 09:40,4091.98,4094.60,4091.20,4094.11
2026.07.27 09:45,4094.11,4097.83,4093.73,4097.18
2026.07.27 09:50,4097.37,4099.12,4096.10,4097.78
2026.07.27 09:55,4097.82,4100.28,4096.10,4096.13
2026.07.27 10:00,4096.06,4096.46,4094.13,4095.06
2026.07.27 10:05,4095.03,4095.24,4093.17,4093.73
2026.07.27 10:10,4093.78,4093.79,4086.44,4090.76
2026.07.27 10:15,4090.76,4092.20,4089.09,4091.01
2026.07.27 10:20,4091.01,4093.84,4090.62,4092.39
2026.07.27 10:25,4092.49,4093.80,4092.33,4092.99
2026.07.27 10:30,4092.99,4096.07,4092.94,4095.98
2026.07.27 10:35,4095.84,4099.19,4095.03,4098.02
2026.07.27 10:40,4098.03,4101.89,4097.65,4100.25
2026.07.27 10:45,4100.30,4102.29,4099.69,4101.96
2026.07.27 10:50,4101.93,4101.99,4099.35,4101.19
2026.07.27 10:55,4101.27,4102.13,4098.70,4099.44
2026.07.27 11:00,4099.44,4100.94,4096.93,4097.48
2026.07.27 11:05,4097.48,4103.05,4096.95,4102.65
2026.07.27 11:10,4102.75,4104.03,4101.72,4101.90
2026.07.27 11:15,4102.04,4103.24,4100.45,4100.48
2026.07.27 11:20,4100.37,4101.47,4099.65,4099.73
2026.07.27 11:25,4099.76,4101.18,4096.84,4096.84
2026.07.27 11:30,4096.93,4099.89,4096.16,4097.58
2026.07.27 11:35,4097.58,4099.23,4096.45,4096.74
2026.07.27 11:40,4096.75,4098.33,4094.64,4095.56
2026.07.27 11:45,4095.44,4097.10,4093.85,4095.52
2026.07.27 11:50,4095.62,4097.08,4094.01,4094.24
2026.07.27 11:55,4094.24,4095.00,4093.66,4093.77
2026.07.27 12:00,4093.81,4097.52,4093.81,4096.15
2026.07.27 12:05,4096.29,4096.30,4093.80,4094.36
2026.07.27 12:10,4094.29,4094.36,4086.25,4087.46
2026.07.27 12:15,4087.51,4088.91,4082.32,4084.31
2026.07.27 12:20,4084.32,4085.04,4081.78,4083.01
2026.07.27 12:25,4083.25,4088.55,4083.19,4086.67
2026.07.27 12:30,4086.60,4088.58,4083.08,4087.42
2026.07.27 12:35,4087.43,4087.86,4084.92,4087.14
2026.07.27 12:40,4087.11,4087.36,4084.31,4086.61
2026.07.27 12:45,4086.58,4088.82,4082.43,4082.56
2026.07.27 12:50,4082.29,4085.79,4081.82,4082.94
2026.07.27 12:55,4082.61,4086.53,4081.63,4083.58
2026.07.27 13:00,4083.64,4088.68,4083.27,4083.95
2026.07.27 13:05,4083.56,4085.83,4082.10,4083.46
2026.07.27 13:10,4083.36,4087.69,4080.90,4084.77
2026.07.27 13:15,4084.90,4087.07,4081.60,4083.63
2026.07.27 13:20,4083.85,4085.30,4081.53,4083.85
2026.07.27 13:25,4083.79,4085.01,4075.94,4075.96
2026.07.27 13:30,4076.22,4081.92,4075.44,4079.66
2026.07.27 13:35,4079.96,4087.59,4079.61,4084.98
2026.07.27 13:40,4084.89,4088.99,4083.84,4086.57
2026.07.27 13:45,4086.71,4089.36,4084.74,4087.25
2026.07.27 13:50,4087.19,4088.83,4083.96,4084.08
2026.07.27 13:55,4083.55,4083.84,4070.44,4074.05
2026.07.27 14:00,4074.33,4078.99,4071.05,4075.28
2026.07.27 14:05,4075.40,4077.73,4073.20,4077.16
2026.07.27 14:10,4077.18,4077.40,4072.40,4076.81
2026.07.27 14:15,4077.33,4078.46,4074.99,4076.12
2026.07.27 14:20,4076.19,4076.63,4072.27,4073.79
2026.07.27 14:25,4073.69,4073.95,4067.08,4068.12
2026.07.27 14:30,4068.23,4069.73,4066.35,4067.90
2026.07.27 14:35,4067.84,4070.48,4066.15,4068.13
2026.07.27 14:40,4067.93,4069.33,4065.27,4068.68
2026.07.27 14:45,4068.99,4073.19,4068.99,4071.32
2026.07.27 14:50,4071.32,4074.43,4070.17,4073.07
2026.07.27 14:55,4073.09,4077.20,4071.48,4076.16
2026.07.27 15:00,4076.21,4076.21,4072.21,4075.29
2026.07.27 15:05,4074.92,4075.01,4072.31,4072.34
2026.07.27 15:10,4072.46,4076.37,4071.68,4075.87
2026.07.27 15:15,4075.74,4078.64,4075.45,4077.86
2026.07.27 15:20,4077.79,4079.13,4074.97,4075.25
2026.07.27 15:25,4075.34,4076.78,4074.48,4076.37
2026.07.27 15:30,4076.37,4077.84,4072.88,4073.00
2026.07.27 15:35,4073.03,4074.93,4072.58,4073.98
2026.07.27 15:40,4073.90,4076.53,4073.30,4075.97
2026.07.27 15:45,4076.01,4076.76,4074.51,4076.02
2026.07.27 15:50,4076.28,4079.57,4075.87,4077.61
2026.07.27 15:55,4077.58,4079.39,4077.45,4078.37
2026.07.27 16:00,4078.34,4079.64,4077.78,4079.30
2026.07.27 16:05,4079.33,4084.68,4078.08,4084.49
2026.07.27 16:10,4084.38,4084.38,4080.64,4081.31
2026.07.27 16:15,4081.33,4081.73,4079.60,4080.51
2026.07.27 16:20,4080.52,4082.74,4080.37,4080.85
2026.07.27 16:25,4080.88,4088.65,4080.74,4085.05
2026.07.27 16:30,4085.14,4092.98,4085.01,4091.60
2026.07.27 16:35,4091.58,4093.74,4089.95,4090.57
2026.07.27 16:40,4090.51,4090.78,4087.31,4088.15
2026.07.27 16:45,4088.26,4088.34,4083.80,4083.81
2026.07.27 16:50,4083.82,4084.06,4080.89,4081.81
2026.07.27 16:55,4081.75,4082.33,4080.67,4082.26
2026.07.27 17:00,4082.25,4082.25,4075.27,4076.11
2026.07.27 17:05,4076.14,4076.93,4073.46,4075.01
2026.07.27 17:10,4074.96,4075.98,4070.51,4073.47
2026.07.27 17:15,4073.47,4075.43,4072.28,4074.22
2026.07.27 17:20,4074.22,4076.02,4073.24,4073.71
2026.07.27 17:25,4073.83,4076.71,4073.35,4074.69
2026.07.27 17:30,4074.67,4075.94,4073.39,4073.70
2026.07.27 17:35,4073.70,4074.64,4072.11,4072.85
2026.07.27 17:40,4072.76,4074.72,4072.70,4074.39
2026.07.27 17:45,4074.39,4075.29,4073.23,4074.87
2026.07.27 17:50,4074.87,4077.07,4074.73,4075.92
2026.07.27 17:55,4075.93,4076.85,4075.71,4076.28
2026.07.27 18:00,4076.46,4079.14,4076.01,4077.25
2026.07.27 18:05,4077.24,4078.73,4077.06,4078.66
2026.07.27 18:10,4078.56,4078.60,4076.29,4076.61
2026.07.27 18:15,4076.58,4076.76,4074.09,4074.91
2026.07.27 18:20,4074.87,4076.67,4074.19,4076.39
2026.07.27 18:25,4076.39,4076.88,4075.79,4076.75
2026.07.27 18:30,4076.72,4077.12,4074.51,4074.81
2026.07.27 18:35,4074.74,4075.00,4073.16,4073.38
2026.07.27 18:40,4073.38,4078.77,4072.90,4076.14
2026.07.27 18:45,4076.14,4076.63,4075.04,4075.15
2026.07.27 18:50,4075.24,4078.55,4075.01,4077.60
2026.07.27 18:55,4077.60,4079.31,4077.24,4077.83
2026.07.27 19:00,4077.83,4078.66,4076.93,4077.06
2026.07.27 19:05,4077.12,4079.91,4076.09,4079.77
2026.07.27 19:10,4079.73,4081.69,4079.72,4080.17
2026.07.27 19:15,4080.25,4084.62,4079.39,4084.39
2026.07.27 19:20,4084.41,4088.55,4084.40,4085.08
2026.07.27 19:25,4085.18,4085.82,4083.36,4085.67
2026.07.27 19:30,4085.67,4086.43,4083.79,4085.12
2026.07.27 19:35,4085.13,4086.78,4085.00,4086.47
2026.07.27 19:40,4086.47,4087.13,4085.11,4086.83
2026.07.27 19:45,4086.85,4089.13,4086.12,4089.01
2026.07.27 19:50,4089.21,4089.21,4085.95,4087.42
2026.07.27 19:55,4087.37,4087.37,4082.33,4083.22
2026.07.27 20:00,4083.39,4083.96,4081.93,4082.11
2026.07.27 20:05,4082.22,4082.32,4081.42,4082.22
2026.07.27 20:10,4082.36,4082.50,4081.52,4082.10
2026.07.27 20:15,4082.09,4082.10,4080.42,4080.66
2026.07.27 20:20,4080.66,4080.69,4078.83,4080.11
2026.07.27 20:25,4080.13,4081.18,4078.20,4078.62
2026.07.27 20:30,4078.57,4079.04,4076.74,4076.81
2026.07.27 20:35,4076.82,4077.99,4075.77,4076.45
2026.07.27 20:40,4076.45,4077.39,4076.41,4077.06
2026.07.27 20:45,4077.10,4077.16,4076.01,4076.49
2026.07.27 20:50,4076.55,4076.93,4075.30,4076.60
2026.07.27 20:55,4076.60,4077.23,4075.99,4076.83
2026.07.27 22:00,4079.21,4082.01,4078.51,4080.77
2026.07.27 22:05,4080.53,4081.22,4078.61,4079.01
2026.07.27 22:10,4079.01,4079.01,4076.55,4076.79
2026.07.27 22:15,4076.96,4076.96,4075.91,4076.24
2026.07.27 22:20,4076.24,4076.51,4071.98,4072.39
2026.07.27 22:25,4072.38,4073.14,4070.88,4072.12
2026.07.27 22:30,4072.26,4074.28,4072.26,4074.28
2026.07.27 22:35,4074.29,4074.92,4073.76,4074.38
2026.07.27 22:40,4074.38,4074.92,4073.97,4074.77
2026.07.27 22:45,4074.81,4074.81,4073.48,4074.01
2026.07.27 22:50,4074.00,4074.60,4073.56,4073.74
2026.07.27 22:55,4073.74,4074.63,4073.73,4074.07
2026.07.27 23:00,4074.11,4074.12,4071.74,4072.62
2026.07.27 23:05,4072.62,4074.45,4072.62,4073.75
2026.07.27 23:10,4073.76,4074.92,4073.23,4073.98
2026.07.27 23:15,4073.98,4074.49,4072.95,4073.04
2026.07.27 23:20,4073.06,4073.73,4072.68,4073.17
2026.07.27 23:25,4073.17,4073.58,4071.91,4072.99
2026.07.27 23:30,4072.71,4073.54,4072.35,4073.54
2026.07.27 23:35,4073.48,4073.54,4072.32,4072.93
2026.07.27 23:40,4073.01,4073.08,4071.50,4071.95
2026.07.27 23:45,4071.95,4072.50,4069.88,4070.04
2026.07.27 23:50,4070.00,4072.75,4069.81,4071.85
2026.07.27 23:55,4071.84,4073.26,4071.38,4073.21
2026.07.28 00:00,4073.06,4074.01,4065.65,4065.65
2026.07.28 00:05,4065.53,4066.98,4061.96,4066.46
2026.07.28 00:10,4066.60,4067.52,4064.73,4067.02
2026.07.28 00:15,4066.78,4067.33,4062.31,4065.24
2026.07.28 00:20,4065.25,4066.27,4060.17,4060.76
2026.07.28 00:25,4060.76,4063.26,4059.28,4062.01
2026.07.28 00:30,4062.01,4064.74,4060.44,4064.25
2026.07.28 00:35,4064.20,4064.94,4063.33,4063.49
2026.07.28 00:40,4063.62,4066.11,4062.07,4065.40
2026.07.28 00:45,4065.40,4065.40,4058.86,4059.53
2026.07.28 00:50,4059.45,4060.00,4057.81,4059.46
2026.07.28 00:55,4059.37,4061.38,4057.72,4057.95
2026.07.28 01:00,4057.89,4060.19,4053.88,4058.99
2026.07.28 01:05,4058.99,4059.30,4054.32,4055.96
2026.07.28 01:10,4055.92,4058.20,4054.86,4057.98
2026.07.28 01:15,4057.93,4059.03,4053.28,4053.34
2026.07.28 01:20,4053.58,4054.52,4048.98,4050.06
2026.07.28 01:25,4049.94,4050.00,4046.38,4047.21
2026.07.28 01:30,4047.20,4050.02,4043.51,4045.87
2026.07.28 01:35,4045.96,4050.33,4045.96,4049.08
2026.07.28 01:40,4049.11,4049.50,4046.83,4048.81
2026.07.28 01:45,4048.80,4048.81,4045.17,4046.37
2026.07.28 01:50,4046.26,4047.07,4042.49,4044.79
2026.07.28 01:55,4044.85,4045.21,4043.57,4045.04
2026.07.28 02:00,4045.07,4045.84,4042.43,4043.72
2026.07.28 02:05,4043.73,4046.71,4042.36,4046.17
2026.07.28 02:10,4046.17,4047.46,4045.65,4046.34
2026.07.28 02:15,4046.34,4048.12,4045.24,4047.81
2026.07.28 02:20,4047.84,4048.82,4046.88,4047.36
2026.07.28 02:25,4047.36,4048.34,4045.43,4046.09
2026.07.28 02:30,4046.10,4047.83,4045.08,4046.46
2026.07.28 02:35,4046.46,4047.05,4044.80,4044.83
2026.07.28 02:40,4044.59,4045.51,4041.45,4044.17
2026.07.28 02:45,4044.17,4045.07,4042.61,4043.54
2026.07.28 02:50,4043.55,4045.39,4042.82,4043.63
2026.07.28 02:55,4043.59,4043.69,4040.66,4041.96
2026.07.28 03:00,4041.99,4043.86,4040.23,4043.62
2026.07.28 03:05,4043.62,4046.12,4042.85,4045.68
2026.07.28 03:10,4045.69,4047.18,4045.36,4045.78
2026.07.28 03:15,4045.78,4049.19,4045.24,4049.03
2026.07.28 03:20,4049.03,4049.25,4046.96,4048.48
2026.07.28 03:25,4048.47,4048.97,4046.46,4047.62
2026.07.28 03:30,4047.35,4051.07,4047.25,4049.70
2026.07.28 03:35,4049.70,4049.96,4048.11,4048.79
2026.07.28 03:40,4048.79,4049.17,4047.23,4048.23
2026.07.28 03:45,4048.24,4050.60,4047.98,4049.63
2026.07.28 03:50,4049.63,4050.63,4048.35,4049.59
2026.07.28 03:55,4049.57,4049.93,4048.07,4049.34
2026.07.28 04:00,4049.34,4049.50,4047.65,4047.71
2026.07.28 04:05,4047.70,4047.90,4045.48,4046.27
2026.07.28 04:10,4046.23,4046.79,4043.41,4043.88
2026.07.28 04:15,4043.92,4047.42,4043.49,4047.42
2026.07.28 04:20,4047.52,4047.84,4046.42,4046.57
2026.07.28 04:25,4046.57,4047.06,4045.49,4045.50
2026.07.28 04:30,4045.55,4045.81,4043.83,4045.57
2026.07.28 04:35,4046.56,4046.87,4045.57,4045.61
2026.07.28 04:40,4045.59,4047.73,4044.96,4047.58
2026.07.28 04:45,4047.58,4047.86,4042.66,4043.24
2026.07.28 04:50,4043.24,4044.40,4042.98,4043.60
2026.07.28 04:55,4043.44,4044.24,4041.55,4042.06
2026.07.28 05:00,4042.05,4042.33,4039.98,4041.07
2026.07.28 05:05,4041.07,4042.71,4040.24,4041.33
2026.07.28 05:10,4041.29,4043.89,4041.04,4042.22
2026.07.28 05:15,4042.22,4043.24,4041.98,4042.57
2026.07.28 05:20,4042.34,4043.68,4041.95,4042.38
2026.07.28 05:25,4042.37,4043.26,4040.79,4043.08
2026.07.28 05:30,4042.73,4045.52,4037.22,4037.49
2026.07.28 05:35,4037.41,4037.81,4034.84,4037.18
2026.07.28 05:40,4037.18,4041.67,4036.67,4041.48
2026.07.28 05:45,4041.53,4043.73,4039.72,4041.31
2026.07.28 05:50,4041.49,4044.00,4040.93,4043.94
2026.07.28 05:55,4044.12,4046.35,4043.69,4045.12
2026.07.28 06:00,4045.12,4047.69,4044.86,4046.05
2026.07.28 06:05,4046.11,4046.74,4043.93,4044.57
2026.07.28 06:10,4044.58,4045.94,4042.86,4044.10
2026.07.28 06:15,4044.10,4046.99,4043.86,4045.46
2026.07.28 06:20,4045.42,4047.35,4044.10,4045.14
2026.07.28 06:25,4045.17,4048.83,4044.85,4047.51
2026.07.28 06:30,4047.73,4049.57,4046.84,4049.29
2026.07.28 06:35,4049.29,4050.25,4048.15,4049.99
2026.07.28 06:40,4050.00,4052.27,4049.71,4049.71
2026.07.28 06:45,4049.64,4050.14,4047.84,4049.81
2026.07.28 06:50,4049.78,4051.12,4049.10,4051.12
2026.07.28 06:55,4051.11,4051.30,4048.03,4048.25
2026.07.28 07:00,4048.22,4050.20,4047.42,4048.26
2026.07.28 07:05,4048.37,4050.38,4047.39,4049.99
2026.07.28 07:10,4050.06,4051.08,4048.71,4048.77
2026.07.28 07:15,4048.73,4051.79,4048.54,4050.86
2026.07.28 07:20,4050.86,4052.24,4049.35,4050.48
2026.07.28 07:25,4050.74,4052.02,4049.18,4050.04
2026.07.28 07:30,4050.10,4050.86,4048.63,4048.75
2026.07.28 07:35,4048.75,4050.70,4048.32,4050.60
2026.07.28 07:40,4050.60,4050.90,4048.61,4049.30
2026.07.28 07:45,4049.25,4049.52,4046.92,4047.88
2026.07.28 07:50,4047.58,4049.71,4047.37,4048.83
2026.07.28 07:55,4048.92,4049.31,4046.08,4047.20
2026.07.28 08:00,4047.20,4052.67,4046.13,4051.09
2026.07.28 08:05,4051.10,4055.07,4047.99,4048.49
2026.07.28 08:10,4048.48,4048.51,4043.04,4044.31
2026.07.28 08:15,4044.28,4050.17,4044.20,4048.50
2026.07.28 08:20,4048.49,4051.06,4047.61,4050.90
2026.07.28 08:25,4050.90,4050.90,4048.53,4049.43
2026.07.28 08:30,4049.69,4049.69,4044.42,4045.66
2026.07.28 08:35,4045.62,4046.34,4042.35,4042.84
2026.07.28 08:40,4042.89,4044.80,4041.78,4043.07
2026.07.28 08:45,4043.07,4046.05,4043.04,4045.86
2026.07.28 08:50,4045.78,4045.78,4041.57,4042.15
2026.07.28 08:55,4042.15,4045.38,4041.81,4045.37
2026.07.28 09:00,4045.40,4045.80,4042.84,4042.84
2026.07.28 09:05,4042.85,4043.16,4041.22,4042.52
2026.07.28 09:10,4042.53,4043.00,4040.57,4040.80
2026.07.28 09:15,4040.86,4043.69,4040.86,4043.35
2026.07.28 09:20,4043.35,4044.01,4042.29,4042.79
2026.07.28 09:25,4042.75,4042.90,4038.95,4040.25
2026.07.28 09:30,4040.24,4040.27,4036.06,4037.75
2026.07.28 09:35,4038.00,4038.12,4029.53,4032.09
2026.07.28 09:40,4032.10,4034.05,4031.80,4033.25
2026.07.28 09:45,4033.22,4034.19,4029.77,4031.14
2026.07.28 09:50,4030.95,4031.92,4028.26,4030.10
2026.07.28 09:55,4029.91,4029.95,4019.51,4023.42
2026.07.28 10:00,4023.14,4025.12,4021.43,4024.44
2026.07.28 10:05,4024.42,4026.90,4021.86,4021.86
2026.07.28 10:10,4021.67,4024.20,4020.46,4024.12
2026.07.28 10:15,4023.93,4025.72,4021.52,4021.67
2026.07.28 10:20,4021.68,4022.65,4017.55,4019.21
2026.07.28 10:25,4019.22,4020.24,4016.96,4017.57
2026.07.28 10:30,4017.46,4023.50,4017.17,4022.72
2026.07.28 10:35,4022.73,4023.09,4019.85,4021.90
2026.07.28 10:40,4021.90,4022.63,4020.55,4022.42
2026.07.28 10:45,4022.37,4026.17,4022.19,4024.06
2026.07.28 10:50,4023.84,4028.31,4023.66,4028.28
2026.07.28 10:55,4028.30,4028.37,4025.88,4026.47
2026.07.28 11:00,4026.42,4028.71,4025.15,4026.44
2026.07.28 11:05,4026.45,4028.45,4024.97,4027.51
2026.07.28 11:10,4027.52,4027.75,4022.94,4023.79
2026.07.28 11:15,4023.79,4032.26,4023.79,4030.48
2026.07.28 11:20,4030.41,4030.64,4028.58,4028.58
2026.07.28 11:25,4028.42,4029.31,4026.48,4027.48
2026.07.28 11:30,4027.39,4028.71,4026.38,4027.13
2026.07.28 11:35,4027.11,4031.39,4027.01,4029.43
2026.07.28 11:40,4029.24,4029.60,4026.47,4027.10
2026.07.28 11:45,4027.04,4027.81,4025.63,4026.49
2026.07.28 11:50,4026.46,4026.77,4023.88,4024.06
2026.07.28 11:55,4024.02,4028.18,4024.02,4027.98
2026.07.28 12:00,4028.47,4028.54,4023.74,4026.20
2026.07.28 12:05,4026.16,4028.61,4025.37,4026.16
2026.07.28 12:10,4026.09,4027.93,4022.74,4027.64
2026.07.28 12:15,4027.71,4030.54,4025.99,4030.54
2026.07.28 12:20,4030.41,4034.15,4029.75,4033.83
2026.07.28 12:25,4033.86,4034.84,4031.18,4034.41
2026.07.28 12:30,4034.48,4034.87,4026.22,4028.57
2026.07.28 12:35,4028.58,4030.20,4026.44,4028.36
2026.07.28 12:40,4028.35,4034.77,4028.13,4033.49
2026.07.28 12:45,4033.69,4038.04,4033.55,4034.43
2026.07.28 12:50,4034.43,4034.68,4031.40,4032.00
2026.07.28 12:55,4032.00,4032.75,4028.32,4029.36
2026.07.28 13:00,4029.39,4034.29,4029.36,4032.92
2026.07.28 13:05,4032.92,4035.39,4030.90,4032.82
2026.07.28 13:10,4032.87,4033.79,4031.97,4032.80
2026.07.28 13:15,4032.83,4032.99,4029.59,4030.65
2026.07.28 13:20,4030.64,4035.78,4030.49,4034.44
2026.07.28 13:25,4034.43,4035.98,4028.42,4028.93
2026.07.28 13:30,4028.90,4032.78,4027.52,4031.07
2026.07.28 13:35,4031.07,4032.63,4021.66,4021.83
2026.07.28 13:40,4021.84,4025.32,4020.22,4025.14
2026.07.28 13:45,4025.31,4026.66,4022.02,4025.06
2026.07.28 13:50,4025.05,4028.91,4024.41,4027.09
2026.07.28 13:55,4026.94,4027.14,4021.50,4021.96
2026.07.28 14:00,4021.99,4027.09,4021.80,4026.14
2026.07.28 14:05,4026.14,4031.11,4025.86,4029.92
2026.07.28 14:10,4029.69,4033.42,4025.04,4025.68
2026.07.28 14:15,4025.81,4026.65,4020.16,4020.16
2026.07.28 14:20,4020.14,4020.73,4011.42,4017.09
2026.07.28 14:25,4017.32,4022.44,4016.53,4022.17
2026.07.28 14:30,4022.12,4025.13,4020.07,4020.14
2026.07.28 14:35,4020.17,4023.47,4019.46,4020.21
2026.07.28 14:40,4020.18,4023.90,4018.75,4022.52
2026.07.28 14:45,4022.52,4028.42,4021.15,4028.06
2026.07.28 14:50,4028.07,4029.42,4025.85,4027.40
2026.07.28 14:55,4027.34,4028.09,4024.31,4024.31
2026.07.28 15:00,4024.81,4029.76,4024.06,4024.72
2026.07.28 15:05,4024.73,4027.52,4022.01,4027.52
2026.07.28 15:10,4027.73,4036.16,4027.64,4033.57
2026.07.28 15:15,4033.56,4035.98,4031.81,4035.43
2026.07.28 15:20,4035.36,4040.76,4035.19,4035.67
2026.07.28 15:25,4035.68,4040.09,4035.00,4035.45
2026.07.28 15:30,4035.65,4036.36,4032.28,4033.33
2026.07.28 15:35,4033.77,4038.30,4032.76,4036.90
2026.07.28 15:40,4037.03,4041.98,4036.75,4041.36
2026.07.28 15:45,4041.37,4044.76,4041.14,4043.55
2026.07.28 15:50,4043.16,4046.90,4041.79,4046.03
2026.07.28 15:55,4046.09,4046.93,4044.73,4046.04
2026.07.28 16:00,4046.03,4046.33,4042.33,4042.56
2026.07.28 16:05,4042.39,4044.58,4042.38,4043.23
2026.07.28 16:10,4043.20,4045.73,4042.05,4044.69
2026.07.28 16:15,4044.66,4045.38,4043.31,4045.18
2026.07.28 16:20,4045.18,4045.68,4043.09,4043.64
2026.07.28 16:25,4043.69,4044.81,4041.96,4042.01
2026.07.28 16:30,4042.03,4043.69,4040.98,4042.74
2026.07.28 16:35,4042.73,4043.61,4041.29,4041.82
2026.07.28 16:40,4041.82,4043.14,4040.29,4040.47
2026.07.28 16:45,4040.43,4040.98,4037.45,4037.72
2026.07.28 16:50,4037.61,4038.27,4037.02,4038.26
2026.07.28 16:55,4038.25,4038.25,4036.56,4037.42
2026.07.28 17:00,4037.41,4039.77,4037.30,4039.77
2026.07.28 17:05,4039.76,4040.94,4038.17,4038.36
2026.07.28 17:10,4038.24,4038.70,4035.44,4036.89
2026.07.28 17:15,4036.89,4036.91,4035.33,4035.33
2026.07.28 17:20,4035.38,4041.41,4035.12,4036.39
2026.07.28 17:25,4036.39,4039.59,4035.79,4037.47
2026.07.28 17:30,4037.67,4037.67,4034.37,4034.85
2026.07.28 17:35,4034.83,4034.97,4031.10,4031.38
2026.07.28 17:40,4031.37,4031.38,4027.58,4028.18
2026.07.28 17:45,4028.18,4029.41,4025.75,4029.41
2026.07.28 17:50,4029.28,4029.32,4025.87,4026.44
2026.07.28 17:55,4026.41,4028.13,4025.88,4027.74
2026.07.28 18:00,4027.98,4029.42,4027.02,4029.41
2026.07.28 18:05,4029.39,4030.27,4028.86,4029.67
2026.07.28 18:10,4029.70,4029.87,4027.69,4028.12
2026.07.28 18:15,4028.12,4029.87,4027.89,4028.41
2026.07.28 18:20,4028.40,4028.77,4026.48,4026.72
2026.07.28 18:25,4026.66,4027.49,4025.82,4026.98
2026.07.28 18:30,4027.04,4027.39,4023.99,4024.24
2026.07.28 18:35,4024.27,4024.59,4022.96,4023.68
2026.07.28 18:40,4023.68,4024.87,4023.12,4023.99
2026.07.28 18:45,4024.04,4025.90,4023.30,4023.89
2026.07.28 18:50,4023.90,4024.42,4022.34,4022.76
2026.07.28 18:55,4022.76,4023.08,4021.62,4022.87
2026.07.28 19:00,4022.86,4024.54,4022.30,4024.27
2026.07.28 19:05,4024.26,4025.59,4023.55,4024.62
2026.07.28 19:10,4024.63,4024.68,4023.54,4023.93
2026.07.28 19:15,4023.92,4024.98,4023.72,4023.81
2026.07.28 19:20,4023.80,4024.07,4022.72,4022.85
2026.07.28 19:25,4022.98,4023.48,4021.81,4023.06
2026.07.28 19:30,4023.09,4027.58,4022.94,4027.34
2026.07.28 19:35,4027.36,4027.43,4024.22,4024.68
2026.07.28 19:40,4024.68,4026.04,4024.65,4026.02
2026.07.28 19:45,4026.36,4027.30,4026.05,4026.76
2026.07.28 19:50,4026.76,4027.83,4025.27,4027.20
2026.07.28 19:55,4027.20,4027.86,4025.94,4026.40
2026.07.28 20:00,4025.73,4025.73,4022.99,4023.15
2026.07.28 20:05,4023.15,4024.14,4022.52,4023.03
2026.07.28 20:10,4023.03,4024.60,4022.85,4023.62
2026.07.28 20:15,4023.54,4026.61,4023.53,4026.40
2026.07.28 20:20,4026.42,4026.56,4025.42,4025.89
2026.07.28 20:25,4025.87,4027.64,4025.82,4027.16
2026.07.28 20:30,4027.34,4028.48,4027.34,4028.12
2026.07.28 20:35,4028.19,4029.83,4027.41,4027.71
2026.07.28 20:40,4027.71,4030.09,4027.71,4029.93
2026.07.28 20:45,4029.94,4030.38,4027.43,4027.44
2026.07.28 20:50,4027.32,4028.44,4026.43,4028.33
2026.07.28 20:55,4028.10,4029.10,4028.03,4028.70
2026.07.28 22:00,4025.00,4030.38,4024.78,4026.40
2026.07.28 22:05,4026.73,4027.26,4026.00,4027.00
2026.07.28 22:10,4027.00,4027.98,4024.37,4024.41
2026.07.28 22:15,4024.62,4025.12,4022.25,4022.25
2026.07.28 22:20,4022.25,4023.38,4017.23,4017.85
2026.07.28 22:25,4017.76,4021.00,4017.46,4020.85
2026.07.28 22:30,4020.84,4021.06,4013.81,4017.45
2026.07.28 22:35,4017.23,4017.23,4014.13,4014.95
2026.07.28 22:40,4014.97,4018.70,4014.96,4018.24
2026.07.28 22:45,4018.20,4018.25,4015.28,4016.74
2026.07.28 22:50,4016.91,4018.92,4016.12,4017.68
2026.07.28 22:55,4017.74,4019.58,4017.62,4018.22
2026.07.28 23:00,4018.22,4018.71,4016.35,4017.16
2026.07.28 23:05,4017.17,4019.39,4016.33,4018.09
2026.07.28 23:10,4018.09,4023.05,4018.00,4021.98
2026.07.28 23:15,4022.01,4022.08,4015.61,4016.41
2026.07.28 23:20,4016.33,4019.53,4016.33,4019.16
2026.07.28 23:25,4019.23,4019.30,4015.05,4018.55
2026.07.28 23:30,4018.55,4019.84,4017.33,4018.25
2026.07.28 23:35,4018.25,4020.34,4018.14,4018.84
2026.07.28 23:40,4018.84,4023.36,4018.13,4022.94
2026.07.28 23:45,4022.86,4023.01,4019.00,4022.36
2026.07.28 23:50,4022.50,4024.31,4020.85,4023.58
2026.07.28 23:55,4023.59,4026.17,4022.84,4024.92
2026.07.29 00:00,4024.93,4026.06,4017.64,4021.53
2026.07.29 00:05,4021.88,4024.23,4017.60,4017.60
2026.07.29 00:10,4017.89,4021.97,4017.89,4020.54
2026.07.29 00:15,4020.51,4026.24,4020.51,4025.20
2026.07.29 00:20,4025.21,4029.78,4023.71,4024.79
2026.07.29 00:25,4024.79,4026.56,4022.23,4022.55
2026.07.29 00:30,4022.46,4025.03,4021.36,4024.25
2026.07.29 00:35,4024.37,4027.68,4023.38,4024.58
2026.07.29 00:40,4024.48,4026.09,4024.12,4025.91
2026.07.29 00:45,4025.90,4025.94,4020.90,4020.90
2026.07.29 00:50,4020.92,4023.90,4020.84,4023.66
2026.07.29 00:55,4023.67,4023.80,4020.27,4021.79
2026.07.29 01:00,4021.74,4021.74,4010.27,4011.88
2026.07.29 01:05,4011.85,4015.49,4010.54,4014.98
2026.07.29 01:10,4015.01,4017.45,4011.64,4013.02
2026.07.29 01:15,4012.87,4016.52,4011.59,4016.30
2026.07.29 01:20,4016.37,4017.57,4013.72,4015.04
2026.07.29 01:25,4015.14,4020.08,4014.26,4018.26
2026.07.29 01:30,4018.18,4024.28,4015.03,4023.95
2026.07.29 01:35,4024.27,4030.35,4022.59,4029.15
2026.07.29 01:40,4029.27,4030.34,4025.95,4027.61
2026.07.29 01:45,4027.64,4028.26,4024.29,4024.72
2026.07.29 01:50,4024.62,4025.77,4021.85,4023.12
2026.07.29 01:55,4023.14,4026.04,4022.90,4025.82
2026.07.29 02:00,4026.10,4029.08,4025.44,4027.38
2026.07.29 02:05,4027.32,4028.04,4023.01,4025.16
2026.07.29 02:10,4025.16,4028.15,4025.00,4028.15
2026.07.29 02:15,4028.13,4030.08,4026.21,4027.25
2026.07.29 02:20,4027.29,4035.24,4026.67,4033.15
2026.07.29 02:25,4033.19,4035.19,4030.74,4032.89
2026.07.29 02:30,4032.93,4036.54,4030.58,4031.42
2026.07.29 02:35,4031.35,4035.13,4031.05,4035.13
2026.07.29 02:40,4035.05,4037.70,4034.30,4034.90
2026.07.29 02:45,4034.90,4035.11,4032.25,4032.51
2026.07.29 02:50,4032.41,4033.20,4029.01,4029.86
2026.07.29 02:55,4029.86,4032.01,4029.34,4029.38
2026.07.29 03:00,4029.16,4031.13,4028.03,4028.60
2026.07.29 03:05,4028.60,4032.59,4028.30,4029.35
2026.07.29 03:10,4029.35,4030.72,4027.21,4027.71
2026.07.29 03:15,4027.70,4028.76,4026.24,4028.09
2026.07.29 03:20,4028.09,4028.35,4025.98,4026.34
2026.07.29 03:25,4026.24,4028.08,4025.43,4026.92
2026.07.29 03:30,4026.90,4026.91,4024.44,4026.64
2026.07.29 03:35,4026.64,4029.43,4026.15,4027.09
2026.07.29 03:40,4027.09,4027.14,4025.11,4026.00
2026.07.29 03:45,4026.03,4026.91,4025.59,4026.04
2026.07.29 03:50,4026.04,4026.32,4024.02,4024.29
2026.07.29 03:55,4024.29,4024.40,4023.12,4023.50
2026.07.29 04:00,4023.53,4024.81,4021.55,4022.43
2026.07.29 04:05,4022.43,4023.09,4021.33,4022.92
2026.07.29 04:10,4022.89,4023.02,4021.27,4021.71
2026.07.29 04:15,4021.71,4022.14,4020.55,4021.73
2026.07.29 04:20,4021.82,4024.08,4021.49,4023.89
2026.07.29 04:25,4023.86,4025.52,4022.84,4023.41
2026.07.29 04:30,4023.26,4027.01,4023.26,4026.56
2026.07.29 04:35,4026.58,4026.58,4024.70,4024.97
2026.07.29 04:40,4024.99,4027.31,4024.82,4027.11
2026.07.29 04:45,4027.32,4027.32,4023.53,4023.92
2026.07.29 04:50,4023.82,4026.82,4023.82,4026.57
2026.07.29 04:55,4026.56,4027.65,4025.91,4027.17
2026.07.29 05:00,4027.44,4029.39,4026.57,4028.94
2026.07.29 05:05,4028.93,4029.08,4026.96,4027.31
2026.07.29 05:10,4027.29,4031.56,4026.75,4030.33
2026.07.29 05:15,4030.36,4030.36,4027.44,4027.67
2026.07.29 05:20,4027.63,4030.87,4027.00,4030.69
2026.07.29 05:25,4030.72,4031.13,4029.78,4030.37
2026.07.29 05:30,4030.37,4034.35,4029.91,4031.87
2026.07.29 05:35,4031.84,4032.88,4029.67,4031.56
2026.07.29 05:40,4031.58,4039.45,4031.15,4039.05
2026.07.29 05:45,4039.14,4039.96,4033.66,4033.70
2026.07.29 05:50,4033.70,4035.93,4033.22,4033.73
2026.07.29 05:55,4033.73,4034.71,4031.45,4032.92
2026.07.29 06:00,4032.90,4037.37,4032.90,4037.37
2026.07.29 06:05,4037.35,4037.35,4034.55,4034.83
2026.07.29 06:10,4034.85,4038.15,4034.21,4037.26
2026.07.29 06:15,4037.26,4039.95,4037.17,4037.99
2026.07.29 06:20,4037.98,4042.89,4035.72,4040.93
2026.07.29 06:25,4040.99,4041.73,4040.35,4040.82
2026.07.29 06:30,4040.97,4043.62,4040.78,4043.59
2026.07.29 06:35,4043.67,4044.65,4041.99,4043.15
2026.07.29 06:40,4043.16,4043.82,4041.39,4042.66
2026.07.29 06:45,4042.66,4042.80,4039.65,4040.02
2026.07.29 06:50,4040.01,4042.50,4039.85,4041.06
2026.07.29 06:55,4040.92,4042.16,4040.47,4041.02
2026.07.29 07:00,4041.00,4044.17,4041.00,4041.95
2026.07.29 07:05,4041.95,4044.71,4041.74,4044.57
2026.07.29 07:10,4044.57,4046.41,4044.50,4045.26
2026.07.29 07:15,4045.23,4045.93,4044.08,4045.41
2026.07.29 07:20,4045.41,4047.59,4045.26,4046.74
2026.07.29 07:25,4046.71,4047.01,4044.54,4045.84
2026.07.29 07:30,4046.06,4046.66,4044.69,4045.54
2026.07.29 07:35,4045.54,4047.35,4045.54,4045.76
2026.07.29 07:40,4045.76,4047.38,4045.61,4045.87
2026.07.29 07:45,4045.87,4046.81,4044.17,4044.45
2026.07.29 07:50,4044.26,4044.64,4042.68,4043.32
2026.07.29 07:55,4043.32,4044.00,4042.52,4043.67
2026.07.29 08:00,4043.61,4044.26,4042.60,4043.76
2026.07.29 08:05,4043.66,4043.74,4040.61,4041.02
2026.07.29 08:10,4041.04,4042.25,4039.02,4039.05
2026.07.29 08:15,4039.04,4042.05,4039.04,4040.69
2026.07.29 08:20,4040.69,4040.69,4037.21,4037.52
2026.07.29 08:25,4037.39,4037.87,4035.59,4037.12
2026.07.29 08:30,4037.15,4037.77,4035.61,4035.87
2026.07.29 08:35,4035.90,4038.77,4035.82,4037.85
2026.07.29 08:40,4037.78,4039.02,4037.51,4038.03
2026.07.29 08:45,4038.07,4039.86,4037.40,4037.54
2026.07.29 08:50,4037.50,4040.01,4036.99,4039.08
2026.07.29 08:55,4039.07,4039.38,4036.92,4037.44
2026.07.29 09:00,4038.19,4038.19,4036.23,4037.14
2026.07.29 09:05,4037.11,4037.79,4035.76,4037.65
2026.07.29 09:10,4037.66,4037.76,4035.37,4036.22
2026.07.29 09:15,4036.21,4037.43,4035.87,4036.88
2026.07.29 09:20,4036.89,4036.89,4033.60,4034.57
2026.07.29 09:25,4034.59,4034.68,4033.39,4033.66
2026.07.29 09:30,4033.66,4034.49,4031.19,4033.82
2026.07.29 09:35,4033.77,4034.71,4032.45,4032.73
2026.07.29 09:40,4032.76,4034.83,4032.27,4034.22
2026.07.29 09:45,4034.23,4035.63,4034.02,4035.61
2026.07.29 09:50,4035.61,4036.22,4034.78,4035.22
2026.07.29 09:55,4035.14,4035.14,4031.84,4032.50
2026.07.29 10:00,4032.52,4033.78,4031.89,4033.11
2026.07.29 10:05,4033.11,4034.00,4031.05,4032.61
2026.07.29 10:10,4032.61,4033.43,4030.78,4031.82
2026.07.29 10:15,4031.79,4032.17,4030.25,4032.11
2026.07.29 10:20,4032.26,4032.71,4031.06,4031.37
2026.07.29 10:25,4031.34,4033.21,4030.11,4032.99
2026.07.29 10:30,4032.83,4034.31,4032.08,4032.08
2026.07.29 10:35,4032.07,4032.50,4028.76,4029.01
2026.07.29 10:40,4029.02,4029.41,4026.24,4027.35
2026.07.29 10:45,4027.28,4027.85,4026.43,4027.62
2026.07.29 10:50,4027.62,4028.61,4025.92,4026.79
2026.07.29 10:55,4026.79,4027.57,4025.93,4027.48
2026.07.29 11:00,4027.40,4029.30,4026.95,4027.88
2026.07.29 11:05,4027.88,4028.22,4024.87,4025.90
2026.07.29 11:10,4025.90,4029.59,4025.89,4029.57
2026.07.29 11:15,4029.57,4032.72,4028.34,4032.38
2026.07.29 11:20,4032.48,4033.06,4031.81,4032.33
2026.07.29 11:25,4032.33,4033.34,4031.62,4032.63
2026.07.29 11:30,4032.67,4032.79,4031.23,4031.68
2026.07.29 11:35,4031.58,4031.97,4030.05,4031.73
2026.07.29 11:40,4031.73,4032.15,4030.50,4030.84
2026.07.29 11:45,4030.84,4036.03,4030.46,4034.48
2026.07.29 11:50,4034.39,4034.64,4031.83,4032.07
2026.07.29 11:55,4032.04,4032.65,4031.04,4032.64
2026.07.29 12:00,4032.73,4033.24,4030.32,4030.44
2026.07.29 12:05,4030.39,4031.18,4028.63,4029.95
2026.07.29 12:10,4029.90,4030.91,4026.17,4026.99
2026.07.29 12:15,4026.97,4027.47,4018.86,4018.86
2026.07.29 12:20,4018.73,4020.10,4014.20,4015.72
2026.07.29 12:25,4015.98,4017.29,4012.78,4013.05
2026.07.29 12:30,4012.94,4018.58,4009.18,4018.28
2026.07.29 12:35,4018.28,4022.43,4016.92,4021.37
2026.07.29 12:40,4021.42,4021.92,4017.28,4020.92
2026.07.29 12:45,4020.92,4023.07,4019.53,4020.18
2026.07.29 12:50,4020.17,4022.19,4018.85,4021.71
2026.07.29 12:55,4021.61,4023.53,4020.95,4022.52
2026.07.29 13:00,4022.62,4026.31,4018.67,4018.73
2026.07.29 13:05,4018.80,4019.12,4015.36,4016.06
2026.07.29 13:10,4016.06,4018.74,4014.96,4015.61
2026.07.29 13:15,4015.61,4018.36,4013.95,4017.03
2026.07.29 13:20,4017.04,4022.96,4015.67,4020.30
2026.07.29 13:25,4020.38,4022.84,4013.67,4014.43
2026.07.29 13:30,4014.36,4017.47,4010.06,4017.03
2026.07.29 13:35,4016.97,4017.79,4014.07,4016.17
2026.07.29 13:40,4016.16,4016.16,4012.94,4013.59
2026.07.29 13:45,4013.30,4015.95,4011.01,4015.03
2026.07.29 13:50,4014.83,4015.02,4006.58,4009.09
2026.07.29 13:55,4008.89,4008.99,4002.42,4007.07
2026.07.29 14:00,4007.10,4008.49,4001.04,4005.81
2026.07.29 14:05,4006.08,4006.56,3998.79,3999.49
2026.07.29 14:10,3999.33,4001.11,3995.87,3999.01
2026.07.29 14:15,3999.40,4009.07,3998.86,4007.70
2026.07.29 14:20,4007.62,4009.99,4006.50,4009.59
2026.07.29 14:25,4009.55,4009.63,4003.40,4005.30
2026.07.29 14:30,4005.38,4009.10,4004.05,4007.83
2026.07.29 14:35,4007.81,4008.26,4003.18,4004.39
2026.07.29 14:40,4004.38,4006.47,3998.92,4001.06
2026.07.29 14:45,4001.00,4002.45,3998.24,4001.48
2026.07.29 14:50,4001.45,4005.59,4000.36,4005.27
2026.07.29 14:55,4005.22,4005.64,4002.31,4004.77
2026.07.29 15:00,4004.68,4008.74,4003.37,4008.28
2026.07.29 15:05,4008.21,4009.71,4006.49,4009.69
2026.07.29 15:10,4009.59,4009.65,4005.67,4006.76
2026.07.29 15:15,4006.88,4008.48,4004.97,4005.05
2026.07.29 15:20,4004.98,4010.14,4003.63,4009.83
2026.07.29 15:25,4009.91,4011.14,4007.91,4010.49
2026.07.29 15:30,4010.60,4013.42,4009.65,4010.23
2026.07.29 15:35,4010.29,4012.29,4008.00,4008.67
2026.07.29 15:40,4008.67,4010.49,4007.04,4010.49
2026.07.29 15:45,4010.17,4012.66,4009.35,4012.53
2026.07.29 15:50,4012.53,4013.65,4010.73,4011.44
2026.07.29 15:55,4011.45,4011.76,4008.18,4009.76
2026.07.29 16:00,4009.70,4011.53,4007.54,4009.28
2026.07.29 16:05,4009.52,4015.45,4008.63,4014.69
2026.07.29 16:10,4014.68,4015.51,4009.46,4009.46
2026.07.29 16:15,4009.46,4011.41,4007.78,4011.20
2026.07.29 16:20,4011.28,4017.46,4010.88,4015.03
2026.07.29 16:25,4014.98,4016.96,4014.96,4016.51
2026.07.29 16:30,4016.25,4018.89,4014.83,4017.02
2026.07.29 16:35,4017.00,4018.08,4015.00,4016.70
2026.07.29 16:40,4016.72,4017.56,4015.71,4016.90
2026.07.29 16:45,4016.87,4017.87,4015.11,4017.65
2026.07.29 16:50,4017.71,4025.60,4017.56,4025.60
2026.07.29 16:55,4025.48,4032.73,4025.02,4027.14
2026.07.29 17:00,4027.22,4037.34,4027.22,4036.65
2026.07.29 17:05,4036.83,4040.98,4035.00,4038.52
2026.07.29 17:10,4038.66,4050.37,4037.42,4041.96
2026.07.29 17:15,4041.94,4047.75,4040.75,4045.13
2026.07.29 17:20,4045.11,4050.41,4044.62,4047.24
2026.07.29 17:25,4047.24,4048.08,4037.18,4039.04
2026.07.29 17:30,4038.80,4041.77,4037.55,4038.65
2026.07.29 17:35,4038.61,4041.50,4036.28,4041.31
2026.07.29 17:40,4041.32,4047.18,4040.66,4045.64
2026.07.29 17:45,4045.65,4047.95,4044.85,4047.37
2026.07.29 17:50,4047.37,4047.38,4044.52,4044.71
2026.07.29 17:55,4044.72,4044.82,4041.33,4044.01
2026.07.29 18:00,4043.98,4085.89,4042.84,4066.54
2026.07.29 18:05,4066.72,4082.99,4066.40,4076.46
2026.07.29 18:10,4076.25,4085.97,4071.94,4080.94
2026.07.29 18:15,4081.01,4083.62,4071.21,4071.74
2026.07.29 18:20,4071.71,4073.08,4066.36,4066.96
2026.07.29 18:25,4066.41,4068.16,4063.75,4067.56
2026.07.29 18:30,4067.65,4072.58,4052.24,4059.81
2026.07.29 18:35,4060.07,4072.41,4053.80,4071.22
2026.07.29 18:40,4071.14,4086.71,4069.91,4083.25
2026.07.29 18:45,4083.32,4100.62,4082.14,4099.54
2026.07.29 18:50,4099.54,4109.64,4093.05,4104.89
2026.07.29 18:55,4105.10,4109.19,4101.32,4106.98
2026.07.29 19:00,4106.67,4116.43,4102.02,4103.17
2026.07.29 19:05,4104.15,4105.53,4093.82,4096.69
2026.07.29 19:10,4096.65,4102.17,4090.06,4099.63
2026.07.29 19:15,4099.58,4104.43,4097.52,4098.41
2026.07.29 19:20,4098.47,4099.17,4085.22,4087.12
2026.07.29 19:25,4086.85,4087.61,4080.95,4083.76
2026.07.29 19:30,4084.29,4088.23,4066.90,4073.25
2026.07.29 19:35,4072.69,4075.63,4066.17,4068.78
2026.07.29 19:40,4068.89,4073.20,4065.48,4069.21
2026.07.29 19:45,4069.21,4071.84,4065.89,4071.45
2026.07.29 19:50,4070.71,4070.71,4061.14,4061.65
2026.07.29 19:55,4061.17,4061.52,4044.31,4044.73
2026.07.29 20:00,4045.75,4052.68,4042.76,4052.61
2026.07.29 20:05,4052.61,4053.49,4049.14,4052.59
2026.07.29 20:10,4052.60,4055.84,4049.05,4051.96
2026.07.29 20:15,4051.96,4051.96,4047.63,4049.02
2026.07.29 20:20,4049.01,4050.50,4043.79,4048.86
2026.07.29 20:25,4048.86,4057.26,4048.22,4055.56
2026.07.29 20:30,4055.49,4058.11,4053.94,4056.94
2026.07.29 20:35,4059.24,4063.47,4058.29,4063.46
2026.07.29 20:40,4063.39,4069.19,4063.12,4067.11
2026.07.29 20:45,4066.97,4070.01,4065.48,4066.02
2026.07.29 20:50,4066.05,4066.48,4063.44,4065.50
2026.07.29 20:55,4065.50,4068.18,4064.96,4067.43
2026.07.29 22:00,4064.39,4075.98,4064.29,4074.02
2026.07.29 22:05,4074.02,4074.45,4064.81,4069.58
2026.07.29 22:10,4069.55,4077.64,4069.55,4076.33
2026.07.29 22:15,4076.34,4077.56,4073.79,4074.74
2026.07.29 22:20,4074.56,4075.23,4072.99,4074.84
2026.07.29 22:25,4074.82,4075.18,4072.52,4074.89
2026.07.29 22:30,4074.89,4076.03,4072.88,4075.47
2026.07.29 22:35,4075.52,4078.81,4075.41,4075.87
2026.07.29 22:40,4075.83,4081.33,4075.57,4081.33
2026.07.29 22:45,4081.55,4085.42,4079.70,4084.80
2026.07.29 22:50,4084.78,4085.67,4083.60,4085.03
2026.07.29 22:55,4085.00,4090.44,4084.85,4088.44
2026.07.29 23:00,4088.43,4095.38,4088.28,4095.16
2026.07.29 23:05,4095.20,4100.25,4094.23,4096.15
2026.07.29 23:10,4096.29,4096.87,4090.49,4091.41
2026.07.29 23:15,4091.52,4094.27,4090.30,4093.50
2026.07.29 23:20,4093.50,4094.84,4091.93,4092.25
2026.07.29 23:25,4092.14,4094.45,4090.76,4093.41
2026.07.29 23:30,4093.41,4093.98,4090.73,4092.86
2026.07.29 23:35,4092.91,4094.44,4092.01,4092.14
2026.07.29 23:40,4092.17,4092.28,4089.31,4090.04
2026.07.29 23:45,4090.09,4093.02,4088.69,4090.79
2026.07.29 23:50,4091.15,4092.64,4086.33,4087.13
2026.07.29 23:55,4087.36,4088.26,4084.30,4084.42
2026.07.30 00:00,4084.54,4086.44,4079.76,4080.64
2026.07.30 00:05,4081.21,4085.21,4080.35,4082.50
2026.07.30 00:10,4082.43,4082.93,4078.98,4081.28
2026.07.30 00:15,4081.21,4083.50,4077.32,4077.32
2026.07.30 00:20,4077.61,4080.60,4075.54,4080.42
2026.07.30 00:25,4080.45,4080.67,4072.66,4075.18
2026.07.30 00:30,4075.18,4076.80,4071.67,4072.10
2026.07.30 00:35,4071.99,4073.15,4068.15,4069.33
2026.07.30 00:40,4069.34,4070.99,4064.93,4066.01
2026.07.30 00:45,4066.01,4068.09,4064.82,4066.74
2026.07.30 00:50,4066.74,4067.78,4065.07,4067.62
2026.07.30 00:55,4067.67,4072.77,4066.72,4072.10
2026.07.30 01:00,4072.08,4089.70,4070.63,4089.08
2026.07.30 01:05,4089.24,4092.80,4086.27,4086.37
2026.07.30 01:10,4086.26,4087.83,4074.86,4075.46
2026.07.30 01:15,4075.38,4078.45,4073.14,4075.03
2026.07.30 01:20,4075.05,4081.19,4073.76,4080.54
2026.07.30 01:25,4080.28,4084.54,4080.17,4081.09
2026.07.30 01:30,4081.19,4086.27,4080.58,4085.71
2026.07.30 01:35,4085.71,4087.80,4084.32,4086.84
2026.07.30 01:40,4086.86,4089.50,4086.32,4086.62
2026.07.30 01:45,4086.58,4089.66,4083.72,4088.55
2026.07.30 01:50,4088.51,4090.05,4086.75,4088.25
2026.07.30 01:55,4088.32,4090.81,4084.02,4084.50
2026.07.30 02:00,4084.54,4090.27,4084.38,4089.41
2026.07.30 02:05,4089.46,4089.87,4087.31,4088.07
2026.07.30 02:10,4088.05,4088.31,4082.26,4082.42
2026.07.30 02:15,4082.44,4082.70,4079.82,4082.08
2026.07.30 02:20,4082.08,4083.54,4080.58,4082.77
2026.07.30 02:25,4082.83,4083.50,4080.13,4082.57
2026.07.30 02:30,4082.63,4082.63,4075.35,4076.25
2026.07.30 02:35,4075.98,4078.20,4074.60,4076.41
2026.07.30 02:40,4076.40,4078.75,4073.52,4076.72
2026.07.30 02:45,4076.73,4076.92,4073.35,4074.45
2026.07.30 02:50,4074.26,4074.66,4069.96,4070.83
2026.07.30 02:55,4070.81,4071.36,4063.42,4063.58
2026.07.30 03:00,4063.61,4069.62,4062.48,4069.37
2026.07.30 03:05,4069.37,4069.96,4063.98,4064.34
2026.07.30 03:10,4064.85,4065.26,4060.46,4062.83
2026.07.30 03:15,4062.87,4063.74,4056.37,4057.68
2026.07.30 03:20,4057.68,4058.40,4055.25,4056.57
2026.07.30 03:25,4056.33,4057.41,4052.43,4053.73
2026.07.30 03:30,4053.77,4055.14,4051.52,4053.25
2026.07.30 03:35,4053.67,4055.79,4050.69,4051.29
2026.07.30 03:40,4051.30,4053.75,4051.26,4052.34
2026.07.30 03:45,4052.34,4058.39,4052.15,4057.99
2026.07.30 03:50,4057.83,4059.58,4057.33,4058.32
2026.07.30 03:55,4058.32,4059.73,4056.69,4058.72
2026.07.30 04:00,4058.73,4060.03,4055.77,4056.56
2026.07.30 04:05,4056.61,4056.92,4054.63,4056.05
2026.07.30 04:10,4056.05,4056.59,4052.89,4053.27
2026.07.30 04:15,4053.25,4054.71,4051.99,4052.12
2026.07.30 04:20,4052.12,4053.66,4050.98,4052.41
2026.07.30 04:25,4052.44,4055.21,4052.35,4054.04
2026.07.30 04:30,4054.04,4054.04,4051.49,4051.61
2026.07.30 04:35,4051.73,4052.20,4049.17,4049.83
2026.07.30 04:40,4049.85,4050.28,4047.64,4048.67
2026.07.30 04:45,4048.64,4051.86,4046.12,4046.75
2026.07.30 04:50,4046.75,4048.26,4045.92,4047.58
2026.07.30 04:55,4047.52,4047.87,4044.41,4045.94
2026.07.30 05:00,4046.00,4046.00,4041.62,4044.61
2026.07.30 05:05,4044.71,4045.45,4041.77,4045.05
2026.07.30 05:10,4045.04,4045.85,4043.84,4045.72
2026.07.30 05:15,4045.80,4046.21,4037.59,4041.89
2026.07.30 05:20,4041.89,4044.41,4041.21,4043.94
2026.07.30 05:25,4043.92,4047.17,4042.83,4046.80
2026.07.30 05:30,4046.50,4051.13,4045.18,4047.94
2026.07.30 05:35,4047.67,4047.67,4028.38,4031.48
2026.07.30 05:40,4031.48,4036.85,4029.71,4033.25
2026.07.30 05:45,4033.27,4038.30,4030.57,4032.04
2026.07.30 05:50,4032.08,4035.01,4030.35,4033.11
2026.07.30 05:55,4032.97,4035.85,4030.00,4033.53
2026.07.30 06:00,4033.57,4038.24,4033.56,4038.05
2026.07.30 06:05,4038.14,4039.32,4035.22,4035.67
2026.07.30 06:10,4035.73,4036.91,4031.13,4032.21
2026.07.30 06:15,4032.23,4034.08,4030.72,4033.55
2026.07.30 06:20,4033.53,4039.21,4033.09,4037.30
2026.07.30 06:25,4037.32,4037.42,4029.30,4032.98
2026.07.30 06:30,4032.98,4036.57,4031.10,4035.32
2026.07.30 06:35,4035.37,4037.11,4034.04,4036.94
2026.07.30 06:40,4037.03,4038.17,4034.23,4035.57
2026.07.30 06:45,4035.67,4037.70,4034.19,4036.26
2026.07.30 06:50,4036.31,4040.35,4035.85,4038.54
2026.07.30 06:55,4038.55,4038.74,4035.11,4036.66
2026.07.30 07:00,4036.65,4047.79,4035.51,4044.68
2026.07.30 07:05,4044.67,4045.41,4042.45,4045.41
2026.07.30 07:10,4045.61,4047.54,4043.86,4046.61
2026.07.30 07:15,4046.61,4051.27,4046.45,4049.59
2026.07.30 07:20,4049.36,4050.22,4044.43,4047.91
2026.07.30 07:25,4047.98,4047.98,4042.97,4045.85
2026.07.30 07:30,4045.82,4046.03,4040.06,4041.07
2026.07.30 07:35,4041.07,4042.07,4036.03,4040.50
2026.07.30 07:40,4040.45,4047.12,4040.42,4045.79
2026.07.30 07:45,4045.80,4046.48,4041.57,4041.79
2026.07.30 07:50,4041.73,4045.36,4040.24,4040.63
2026.07.30 07:55,4040.43,4040.95,4038.03,4038.79
2026.07.30 08:00,4039.24,4045.70,4036.59,4045.39
2026.07.30 08:05,4045.78,4053.48,4044.93,4050.23
2026.07.30 08:10,4050.37,4055.98,4049.38,4053.12
2026.07.30 08:15,4053.11,4056.83,4052.12,4056.67
2026.07.30 08:20,4056.72,4063.89,4055.71,4060.12
2026.07.30 08:25,4060.18,4068.32,4059.90,4064.53
2026.07.30 08:30,4064.27,4072.84,4063.39,4068.08
2026.07.30 08:35,4068.07,4071.50,4064.49,4064.94
2026.07.30 08:40,4064.49,4066.58,4062.89,4065.65
2026.07.30 08:45,4065.65,4070.85,4063.45,4063.74
2026.07.30 08:50,4063.74,4064.24,4059.65,4060.13
2026.07.30 08:55,4060.12,4061.87,4059.37,4061.31
2026.07.30 09:00,4061.42,4067.28,4060.24,4066.35
2026.07.30 09:05,4066.25,4068.77,4065.62,4067.43
2026.07.30 09:10,4067.18,4068.58,4064.83,4065.83
2026.07.30 09:15,4065.98,4067.23,4064.46,4066.71
2026.07.30 09:20,4066.68,4072.03,4066.50,4070.09
2026.07.30 09:25,4070.03,4072.26,4067.08,4067.45
2026.07.30 09:30,4067.38,4068.04,4060.50,4066.15
2026.07.30 09:35,4066.17,4069.10,4065.05,4065.16
2026.07.30 09:40,4065.17,4065.85,4064.37,4065.43
2026.07.30 09:45,4065.44,4069.25,4063.74,4069.11
2026.07.30 09:50,4069.11,4072.92,4066.78,4066.91
2026.07.30 09:55,4066.90,4067.10,4062.25,4063.27
2026.07.30 10:00,4063.32,4067.90,4062.97,4064.89
2026.07.30 10:05,4064.85,4072.12,4064.44,4071.28
2026.07.30 10:10,4071.19,4074.59,4064.10,4068.22
2026.07.30 10:15,4068.31,4077.29,4067.50,4075.45
2026.07.30 10:20,4075.53,4077.39,4074.12,4076.15
2026.07.30 10:25,4076.17,4077.54,4075.19,4076.17
2026.07.30 10:30,4076.34,4078.97,4075.19,4077.38
2026.07.30 10:35,4077.38,4081.07,4076.70,4077.11
2026.07.30 10:40,4077.11,4082.59,4076.83,4081.09
2026.07.30 10:45,4081.10,4082.84,4079.62,4079.76
2026.07.30 10:50,4079.91,4081.72,4077.96,4079.09
2026.07.30 10:55,4079.10,4080.05,4077.97,4078.01
2026.07.30 11:00,4077.80,4080.90,4077.50,4078.84
2026.07.30 11:05,4078.79,4082.54,4078.79,4081.79
2026.07.30 11:10,4081.95,4082.63,4078.66,4079.64
2026.07.30 11:15,4079.62,4081.81,4077.88,4077.88
2026.07.30 11:20,4077.94,4081.39,4076.62,4081.31
2026.07.30 11:25,4081.31,4081.47,4076.50,4077.40
2026.07.30 11:30,4078.55,4078.65,4076.14,4077.20
2026.07.30 11:35,4077.34,4079.29,4076.84,4077.60
2026.07.30 11:40,4077.50,4079.32,4076.86,4077.36
2026.07.30 11:45,4077.35,4077.61,4075.64,4076.43
2026.07.30 11:50,4076.68,4080.53,4076.24,4080.20
2026.07.30 11:55,4080.06,4080.28,4076.60,4077.62
2026.07.30 12:00,4077.57,4079.44,4074.57,4078.27
2026.07.30 12:05,4078.23,4082.40,4078.23,4081.60
2026.07.30 12:10,4081.58,4081.73,4074.77,4078.72
2026.07.30 12:15,4078.67,4078.67,4072.88,4074.95
2026.07.30 12:20,4074.88,4076.32,4071.60,4076.27
2026.07.30 12:25,4076.69,4081.10,4076.62,4076.82
2026.07.30 12:30,4077.28,4086.62,4071.72,4073.47
2026.07.30 12:35,4073.44,4078.06,4071.94,4077.83
2026.07.30 12:40,4077.88,4081.71,4073.93,4077.10
2026.07.30 12:45,4077.16,4079.23,4073.12,4075.20
2026.07.30 12:50,4075.15,4076.80,4067.16,4069.88
2026.07.30 12:55,4069.73,4073.59,4068.32,4068.83
2026.07.30 13:00,4068.84,4073.85,4065.08,4068.00
2026.07.30 13:05,4068.04,4076.42,4066.52,4073.41
2026.07.30 13:10,4073.36,4076.61,4069.75,4076.61
2026.07.30 13:15,4076.62,4077.29,4072.89,4073.09
2026.07.30 13:20,4073.09,4083.94,4072.03,4082.11
2026.07.30 13:25,4082.44,4082.72,4074.10,4080.13
2026.07.30 13:30,4080.13,4081.72,4075.33,4075.83
2026.07.30 13:35,4075.62,4098.58,4074.83,4091.29
2026.07.30 13:40,4091.25,4096.30,4085.12,4088.75
2026.07.30 13:45,4088.88,4101.32,4085.54,4094.82
2026.07.30 13:50,4094.85,4102.94,4093.41,4102.57
2026.07.30 13:55,4102.34,4112.70,4101.04,4112.25
2026.07.30 14:00,4112.02,4120.12,4106.36,4107.10
2026.07.30 14:05,4107.57,4109.47,4093.90,4099.12
2026.07.30 14:10,4098.85,4102.33,4096.24,4098.19
2026.07.30 14:15,4098.07,4100.03,4090.26,4090.74
2026.07.30 14:20,4090.72,4098.43,4087.15,4089.47
2026.07.30 14:25,4089.51,4096.09,4086.93,4096.09
2026.07.30 14:30,4096.04,4102.66,4094.68,4100.42
2026.07.30 14:35,4100.15,4105.99,4099.99,4105.93
2026.07.30 14:40,4105.92,4111.15,4104.02,4110.68
2026.07.30 14:45,4110.69,4113.05,4101.81,4104.50
2026.07.30 14:50,4104.29,4104.65,4098.58,4099.55
2026.07.30 14:55,4099.32,4100.83,4096.49,4099.94
2026.07.30 15:00,4100.12,4100.12,4096.25,4097.27
2026.07.30 15:05,4097.26,4098.30,4089.94,4090.66
2026.07.30 15:10,4090.64,4090.64,4083.05,4085.47
2026.07.30 15:15,4085.42,4096.71,4084.78,4095.73
2026.07.30 15:20,4095.79,4097.08,4092.11,4094.02
2026.07.30 15:25,4093.97,4096.69,4091.93,4095.96
2026.07.30 15:30,4095.93,4099.98,4092.53,4099.43
2026.07.30 15:35,4099.56,4100.67,4097.83,4098.97
2026.07.30 15:40,4098.97,4106.73,4098.77,4105.25
2026.07.30 15:45,4105.25,4106.74,4103.51,4106.59
2026.07.30 15:50,4106.02,4107.91,4104.56,4107.07
2026.07.30 15:55,4107.13,4110.01,4106.87,4108.02
2026.07.30 16:00,4107.97,4115.70,4107.59,4114.68
2026.07.30 16:05,4114.68,4115.00,4111.11,4111.23
2026.07.30 16:10,4111.07,4115.76,4109.06,4114.05
2026.07.30 16:15,4113.99,4115.89,4113.76,4113.85
2026.07.30 16:20,4113.82,4119.04,4113.51,4118.76
2026.07.30 16:25,4118.72,4118.82,4115.49,4115.81
2026.07.30 16:30,4115.94,4116.22,4112.75,4113.10
2026.07.30 16:35,4113.11,4114.81,4110.14,4110.59
2026.07.30 16:40,4110.85,4111.91,4108.16,4108.39
2026.07.30 16:45,4108.45,4109.57,4107.09,4109.38
2026.07.30 16:50,4109.40,4109.84,4106.50,4107.81
2026.07.30 16:55,4107.82,4110.57,4107.45,4110.57
2026.07.30 17:00,4110.57,4111.08,4106.69,4107.53
2026.07.30 17:05,4107.59,4108.58,4106.48,4107.39
2026.07.30 17:10,4107.42,4108.50,4104.72,4104.74
2026.07.30 17:15,4104.78,4106.75,4103.84,4106.26
2026.07.30 17:20,4106.28,4108.03,4104.52,4107.82
2026.07.30 17:25,4107.84,4107.85,4098.35,4101.53
2026.07.30 17:30,4100.81,4102.22,4100.12,4100.66
2026.07.30 17:35,4100.67,4107.73,4099.84,4102.71
2026.07.30 17:40,4102.69,4106.54,4102.52,4105.83
2026.07.30 17:45,4105.90,4108.27,4103.97,4103.97
2026.07.30 17:50,4103.97,4104.40,4102.62,4103.07
2026.07.30 17:55,4103.06,4103.52,4101.05,4102.53
2026.07.30 18:00,4102.61,4105.66,4102.58,4105.39
2026.07.30 18:05,4105.39,4106.61,4104.39,4106.14
2026.07.30 18:10,4106.15,4106.63,4104.89,4106.32
2026.07.30 18:15,4106.27,4106.62,4103.70,4103.96
2026.07.30 18:20,4103.96,4105.31,4101.81,4102.03
2026.07.30 18:25,4102.10,4103.52,4100.65,4103.33
2026.07.30 18:30,4103.37,4107.66,4102.85,4106.45
2026.07.30 18:35,4106.40,4106.42,4104.41,4104.54
2026.07.30 18:40,4104.48,4105.73,4103.85,4104.74
2026.07.30 18:45,4104.74,4105.11,4100.35,4100.74
2026.07.30 18:50,4100.77,4101.23,4098.71,4098.86
2026.07.30 18:55,4098.86,4100.04,4098.73,4099.70
2026.07.30 19:00,4099.63,4103.42,4098.70,4103.41
2026.07.30 19:05,4103.46,4105.26,4102.65,4105.26
2026.07.30 19:10,4105.23,4105.57,4102.92,4104.56
2026.07.30 19:15,4104.61,4112.90,4102.88,4110.47
2026.07.30 19:20,4110.57,4111.50,4109.40,4111.16
2026.07.30 19:25,4111.16,4114.79,4110.62,4112.67
2026.07.30 19:30,4112.72,4114.34,4112.24,4114.34
2026.07.30 19:35,4114.35,4115.16,4112.04,4112.65
2026.07.30 19:40,4112.75,4114.00,4111.34,4112.13
2026.07.30 19:45,4111.95,4112.72,4111.06,4112.25
2026.07.30 19:50,4112.11,4112.74,4109.40,4109.45
2026.07.30 19:55,4109.23,4112.58,4109.08,4111.64
2026.07.30 20:00,4112.03,4117.29,4109.96,4117.29
2026.07.30 20:05,4117.02,4117.07,4113.70,4114.33
2026.07.30 20:10,4114.30,4115.39,4113.08,4113.90
2026.07.30 20:15,4113.98,4114.81,4112.39,4113.47
2026.07.30 20:20,4113.66,4114.04,4112.54,4113.29
2026.07.30 20:25,4113.30,4114.05,4111.67,4111.88
2026.07.30 20:30,4112.24,4112.24,4107.65,4109.07
2026.07.30 20:35,4109.07,4109.07,4106.22,4106.75
2026.07.30 20:40,4106.75,4107.27,4102.30,4102.69
2026.07.30 20:45,4102.69,4103.46,4099.82,4099.91
2026.07.30 20:50,4099.89,4102.47,4099.06,4101.41
2026.07.30 20:55,4101.67,4103.77,4100.84,4102.95
2026.07.30 22:00,4104.03,4106.59,4102.90,4102.92
2026.07.30 22:05,4102.93,4105.47,4102.44,4105.36
2026.07.30 22:10,4105.37,4107.45,4105.10,4106.53
2026.07.30 22:15,4106.51,4108.15,4106.33,4108.03
2026.07.30 22:20,4108.03,4108.03,4107.11,4107.51
2026.07.30 22:25,4107.48,4108.24,4106.71,4107.54
2026.07.30 22:30,4107.55,4108.12,4106.86,4107.84
2026.07.30 22:35,4107.84,4110.35,4107.71,4109.98
2026.07.30 22:40,4109.93,4110.25,4109.45,4110.25
2026.07.30 22:45,4110.25,4110.82,4108.93,4110.60
2026.07.30 22:50,4110.51,4111.19,4110.02,4110.94
2026.07.30 22:55,4110.94,4111.03,4108.95,4109.08
2026.07.30 23:00,4109.06,4111.16,4109.06,4110.59
2026.07.30 23:05,4110.53,4111.58,4108.87,4109.45
2026.07.30 23:10,4109.45,4109.48,4106.41,4107.21
2026.07.30 23:15,4107.21,4107.34,4106.11,4106.37
2026.07.30 23:20,4106.51,4106.92,4104.53,4105.97
2026.07.30 23:25,4105.97,4106.56,4104.02,4104.16
2026.07.30 23:30,4104.16,4105.06,4103.35,4103.82
2026.07.30 23:35,4103.79,4105.79,4102.17,4105.69
2026.07.30 23:40,4105.60,4107.17,4104.81,4105.98
2026.07.30 23:45,4106.07,4109.93,4106.07,4108.28
2026.07.30 23:50,4108.24,4109.04,4106.41,4107.00
2026.07.30 23:55,4107.07,4107.22,4105.32,4105.75
2026.07.31 00:00,4105.93,4106.94,4101.41,4104.70
2026.07.31 00:05,4104.59,4104.91,4101.46,4103.10
2026.07.31 00:10,4103.00,4103.82,4100.47,4101.16
2026.07.31 00:15,4101.16,4102.48,4100.05,4101.25
2026.07.31 00:20,4101.26,4103.63,4098.78,4102.65
2026.07.31 00:25,4102.63,4102.66,4096.02,4096.33
2026.07.31 00:30,4096.25,4097.39,4093.26,4093.75
2026.07.31 00:35,4093.69,4093.70,4091.47,4092.40
2026.07.31 00:40,4092.40,4093.29,4090.41,4092.92
2026.07.31 00:45,4092.97,4094.06,4090.52,4093.29
2026.07.31 00:50,4093.29,4095.18,4092.67,4093.31
2026.07.31 00:55,4093.30,4095.84,4092.42,4094.61
2026.07.31 01:00,4094.58,4101.27,4094.58,4097.86
2026.07.31 01:05,4097.86,4101.52,4095.43,4097.99
2026.07.31 01:10,4097.88,4097.88,4088.67,4088.88
2026.07.31 01:15,4088.89,4094.08,4086.49,4093.78
2026.07.31 01:20,4093.78,4094.87,4091.04,4092.34
2026.07.31 01:25,4092.30,4094.61,4090.43,4091.89
2026.07.31 01:30,4091.90,4091.90,4086.86,4087.85
2026.07.31 01:35,4087.93,4088.21,4083.76,4084.82
2026.07.31 01:40,4084.66,4087.31,4084.31,4085.52
2026.07.31 01:45,4085.51,4089.32,4083.16,4083.88
2026.07.31 01:50,4083.94,4085.61,4081.88,4084.86
2026.07.31 01:55,4084.90,4087.29,4084.16,4084.16
2026.07.31 02:00,4084.40,4086.31,4081.54,4085.22
2026.07.31 02:05,4085.24,4089.04,4085.24,4088.77
2026.07.31 02:10,4088.60,4090.27,4085.44,4085.44
2026.07.31 02:15,4085.43,4085.43,4081.48,4082.39
2026.07.31 02:20,4082.52,4084.08,4082.21,4082.43
2026.07.31 02:25,4082.43,4082.92,4081.43,4082.09
2026.07.31 02:30,4081.99,4084.22,4080.97,4081.68
2026.07.31 02:35,4081.94,4082.39,4081.02,4082.18
2026.07.31 02:40,4082.18,4082.57,4075.34,4075.34
2026.07.31 02:45,4075.38,4077.91,4074.61,4077.24
2026.07.31 02:50,4077.29,4077.48,4074.13,4076.51
2026.07.31 02:55,4076.41,4078.22,4076.03,4076.07
2026.07.31 03:00,4075.87,4076.07,4073.32,4073.40
2026.07.31 03:05,4073.50,4076.20,4073.36,4074.40
2026.07.31 03:10,4074.36,4075.38,4071.97,4073.38
2026.07.31 03:15,4073.36,4073.82,4072.20,4073.71
2026.07.31 03:20,4073.70,4074.07,4072.47,4073.53
2026.07.31 03:25,4073.52,4075.99,4072.76,4075.16
2026.07.31 03:30,4075.20,4076.92,4074.94,4076.91
2026.07.31 03:35,4076.88,4079.31,4075.00,4078.69
2026.07.31 03:40,4078.68,4078.70,4075.41,4076.42
2026.07.31 03:45,4076.51,4077.47,4075.50,4075.77
2026.07.31 03:50,4075.73,4076.67,4074.72,4074.91
2026.07.31 03:55,4074.92,4075.43,4074.21,4074.97
2026.07.31 04:00,4074.95,4075.83,4073.93,4074.55
2026.07.31 04:05,4074.56,4075.18,4073.53,4075.09
2026.07.31 04:10,4075.11,4076.89,4073.36,4076.73
2026.07.31 04:15,4076.69,4077.74,4075.77,4076.03
2026.07.31 04:20,4076.00,4078.59,4074.46,4078.43
2026.07.31 04:25,4078.44,4079.93,4077.51,4079.88
2026.07.31 04:30,4079.92,4081.08,4079.16,4079.77
2026.07.31 04:35,4079.77,4081.23,4079.68,4081.17
2026.07.31 04:40,4081.17,4081.24,4079.17,4079.19
2026.07.31 04:45,4079.14,4079.42,4075.43,4075.48
2026.07.31 04:50,4075.46,4078.03,4074.66,4077.99
2026.07.31 04:55,4078.00,4079.99,4077.61,4079.92
2026.07.31 05:00,4079.92,4082.50,4079.79,4082.50
2026.07.31 05:05,4082.41,4083.04,4080.94,4081.53
2026.07.31 05:10,4081.53,4082.20,4079.71,4079.78
2026.07.31 05:15,4079.75,4082.22,4079.44,4081.68
2026.07.31 05:20,4081.67,4082.92,4080.46,4082.36
2026.07.31 05:25,4082.26,4082.26,4080.03,4080.83
2026.07.31 05:30,4081.00,4081.43,4078.75,4079.03
2026.07.31 05:35,4079.06,4081.13,4077.27,4079.37
2026.07.31 05:40,4079.75,4080.04,4075.85,4076.33
2026.07.31 05:45,4076.33,4076.37,4073.64,4075.54
2026.07.31 05:50,4075.54,4075.79,4073.27,4075.46
2026.07.31 05:55,4075.45,4076.00,4073.37,4074.26
2026.07.31 06:00,4074.29,4077.92,4072.73,4077.92
2026.07.31 06:05,4077.92,4082.31,4077.66,4081.94
2026.07.31 06:10,4081.84,4082.71,4080.25,4082.29
2026.07.31 06:15,4082.29,4087.41,4081.04,4086.48
2026.07.31 06:20,4086.51,4087.36,4082.45,4083.57
2026.07.31 06:25,4083.60,4086.17,4082.02,4084.80
2026.07.31 06:30,4084.83,4084.93,4077.50,4078.18
2026.07.31 06:35,4078.55,4079.91,4077.09,4078.80
2026.07.31 06:40,4078.77,4079.14,4077.58,4077.99
2026.07.31 06:45,4077.86,4081.28,4076.88,4077.84
2026.07.31 06:50,4077.79,4078.67,4076.39,4078.47
2026.07.31 06:55,4078.44,4079.04,4077.43,4077.50
2026.07.31 07:00,4077.46,4077.92,4075.38,4077.78
2026.07.31 07:05,4077.74,4078.97,4077.08,4078.24
2026.07.31 07:10,4078.30,4078.39,4075.34,4077.45
2026.07.31 07:15,4077.45,4079.10,4076.26,4078.67
2026.07.31 07:20,4078.71,4078.71,4074.50,4074.94
2026.07.31 07:25,4074.88,4075.88,4072.02,4072.55
2026.07.31 07:30,4072.60,4072.82,4069.08,4069.59
2026.07.31 07:35,4069.55,4072.41,4068.07,4071.87
2026.07.31 07:40,4071.91,4073.64,4071.58,4072.08
2026.07.31 07:45,4072.19,4074.26,4071.27,4071.85
2026.07.31 07:50,4071.82,4072.39,4069.61,4071.07
2026.07.31 07:55,4071.03,4071.60,4067.45,4067.61
2026.07.31 08:00,4067.59,4067.61,4062.66,4063.29
2026.07.31 08:05,4063.15,4065.15,4062.72,4064.63
2026.07.31 08:10,4064.63,4065.19,4061.08,4062.08
2026.07.31 08:15,4062.06,4066.25,4060.93,4066.07
2026.07.31 08:20,4066.07,4067.07,4059.44,4060.24
2026.07.31 08:25,4060.24,4061.49,4057.97,4058.48
2026.07.31 08:30,4058.50,4059.39,4054.29,4057.21
2026.07.31 08:35,4057.21,4060.12,4057.21,4059.79
2026.07.31 08:40,4059.74,4061.49,4058.24,4059.22
2026.07.31 08:45,4059.13,4062.83,4057.78,4061.07
2026.07.31 08:50,4061.07,4062.16,4058.10,4058.22
2026.07.31 08:55,4058.24,4064.18,4058.20,4060.87
2026.07.31 09:00,4060.67,4063.83,4060.42,4060.48
2026.07.31 09:05,4060.49,4061.89,4058.01,4058.03
2026.07.31 09:10,4057.75,4057.93,4055.20,4056.60
2026.07.31 09:15,4056.64,4057.09,4054.45,4055.53
2026.07.31 09:20,4055.55,4057.26,4051.75,4052.61
2026.07.31 09:25,4052.60,4053.19,4051.24,4052.14
2026.07.31 09:30,4052.09,4054.46,4051.04,4051.05
2026.07.31 09:35,4051.05,4052.10,4050.20,4051.37
2026.07.31 09:40,4051.37,4052.98,4050.99,4052.98
2026.07.31 09:45,4053.03,4056.89,4052.24,4056.58
2026.07.31 09:50,4056.52,4057.03,4055.67,4055.67
2026.07.31 09:55,4055.70,4055.98,4053.83,4054.99
2026.07.31 10:00,4054.93,4056.40,4053.14,4056.13
2026.07.31 10:05,4056.18,4058.24,4055.78,4057.87
2026.07.31 10:10,4057.87,4057.87,4055.66,4055.82
2026.07.31 10:15,4055.89,4055.96,4052.56,4053.24
2026.07.31 10:20,4053.30,4054.89,4051.91,4052.00
2026.07.31 10:25,4052.07,4054.52,4052.07,4053.08
2026.07.31 10:30,4052.84,4056.37,4052.84,4055.00
2026.07.31 10:35,4055.03,4056.25,4052.83,4053.63
2026.07.31 10:40,4053.61,4055.30,4053.08,4054.67
2026.07.31 10:45,4054.67,4056.98,4054.48,4055.96
2026.07.31 10:50,4055.96,4056.05,4054.20,4054.50
2026.07.31 10:55,4054.55,4055.22,4053.57,4054.35
2026.07.31 11:00,4054.37,4055.55,4052.00,4055.47
2026.07.31 11:05,4055.47,4057.48,4053.73,4057.13
2026.07.31 11:10,4057.13,4059.30,4056.67,4056.91
2026.07.31 11:15,4056.97,4058.58,4054.07,4056.74
2026.07.31 11:20,4056.72,4060.31,4055.94,4060.31
2026.07.31 11:25,4060.31,4060.92,4057.62,4058.67
2026.07.31 11:30,4058.67,4058.70,4053.37,4054.02
2026.07.31 11:35,4054.08,4055.52,4052.70,4052.99
2026.07.31 11:40,4052.99,4053.22,4050.65,4051.96
2026.07.31 11:45,4051.93,4053.29,4051.16,4052.53
2026.07.31 11:50,4052.53,4054.83,4052.12,4054.74
2026.07.31 11:55,4054.69,4055.34,4053.29,4053.98
2026.07.31 12:00,4053.94,4057.48,4052.41,4057.48
2026.07.31 12:05,4057.87,4059.06,4056.45,4056.54
2026.07.31 12:10,4056.54,4059.24,4055.45,4059.09
2026.07.31 12:15,4059.08,4059.19,4055.57,4056.51
2026.07.31 12:20,4056.54,4058.09,4049.93,4050.80
2026.07.31 12:25,4050.80,4052.09,4049.92,4050.30
2026.07.31 12:30,4050.32,4051.30,4045.80,4048.12
2026.07.31 12:35,4048.13,4051.43,4044.02,4044.48
2026.07.31 12:40,4044.51,4045.33,4042.47,4044.50
2026.07.31 12:45,4044.66,4045.47,4041.72,4042.08
2026.07.31 12:50,4042.10,4046.30,4040.91,4045.40
2026.07.31 12:55,4045.32,4045.32,4040.90,4040.92
2026.07.31 13:00,4041.02,4042.60,4036.24,4041.06
2026.07.31 13:05,4041.08,4041.52,4035.51,4036.55
2026.07.31 13:10,4036.45,4037.91,4034.81,4036.12
2026.07.31 13:15,4036.18,4038.40,4035.53,4037.17
2026.07.31 13:20,4037.30,4046.65,4035.75,4045.29
2026.07.31 13:25,4045.31,4045.55,4040.36,4042.50
2026.07.31 13:30,4042.23,4043.75,4035.26,4035.57
2026.07.31 13:35,4035.47,4036.98,4026.93,4027.51
2026.07.31 13:40,4027.45,4030.17,4022.36,4024.93
2026.07.31 13:45,4024.89,4028.32,4021.94,4023.34
2026.07.31 13:50,4023.35,4028.99,4022.21,4028.81
2026.07.31 13:55,4028.84,4032.08,4025.32,4025.35
2026.07.31 14:00,4024.87,4032.27,4024.87,4029.40
2026.07.31 14:05,4029.59,4029.88,4021.02,4026.94
2026.07.31 14:10,4026.91,4031.53,4025.77,4031.09
2026.07.31 14:15,4031.38,4034.95,4029.85,4033.15
2026.07.31 14:20,4033.22,4038.39,4032.28,4034.89
2026.07.31 14:25,4034.89,4040.01,4034.77,4038.72
2026.07.31 14:30,4038.75,4040.65,4036.59,4040.34
2026.07.31 14:35,4040.33,4042.47,4039.29,4040.81
2026.07.31 14:40,4040.80,4042.94,4040.03,4041.33
2026.07.31 14:45,4041.34,4045.44,4040.91,4043.92
2026.07.31 14:50,4043.91,4048.81,4042.76,4046.28
2026.07.31 14:55,4046.20,4050.12,4044.84,4048.75
2026.07.31 15:00,4048.77,4050.53,4044.45,4044.97
2026.07.31 15:05,4044.99,4049.16,4044.36,4046.44
2026.07.31 15:10,4046.44,4047.36,4042.63,4046.87
2026.07.31 15:15,4046.78,4052.46,4042.16,4045.16
2026.07.31 15:20,4045.16,4045.88,4042.03,4042.73
2026.07.31 15:25,4042.88,4044.58,4040.05,4041.09
2026.07.31 15:30,4041.06,4042.04,4036.59,4038.56
2026.07.31 15:35,4038.51,4043.06,4037.27,4042.16
2026.07.31 15:40,4042.27,4043.47,4040.53,4042.07
2026.07.31 15:45,4042.06,4042.78,4039.91,4040.25
2026.07.31 15:50,4040.18,4046.08,4039.83,4045.27
2026.07.31 15:55,4045.29,4046.66,4044.78,4045.45
2026.07.31 16:00,4045.44,4046.10,4043.43,4044.01
2026.07.31 16:05,4044.01,4044.47,4041.22,4043.96
2026.07.31 16:10,4043.93,4046.79,4043.74,4046.19
2026.07.31 16:15,4046.23,4046.56,4043.14,4045.04
2026.07.31 16:20,4045.00,4047.52,4044.98,4046.05
2026.07.31 16:25,4045.98,4048.31,4044.33,4047.19
2026.07.31 16:30,4047.19,4049.36,4046.94,4048.98
2026.07.31 16:35,4048.90,4049.79,4046.93,4047.10
2026.07.31 16:40,4047.10,4047.29,4041.16,4042.40
2026.07.31 16:45,4042.34,4044.45,4042.06,4043.87
2026.07.31 16:50,4043.95,4044.96,4043.01,4043.40
2026.07.31 16:55,4043.39,4043.78,4042.07,4043.25
2026.07.31 17:00,4043.18,4045.48,4042.35,4042.84
2026.07.31 17:05,4042.74,4044.28,4041.84,4041.91
2026.07.31 17:10,4041.85,4046.29,4041.46,4045.47
2026.07.31 17:15,4045.57,4047.15,4044.74,4046.75
2026.07.31 17:20,4046.69,4048.49,4044.96,4047.64
2026.07.31 17:25,4047.54,4053.19,4044.93,4050.57
2026.07.31 17:30,4050.42,4053.08,4047.83,4047.83
2026.07.31 17:35,4047.90,4051.38,4047.57,4050.04
2026.07.31 17:40,4050.04,4052.14,4049.76,4051.82
2026.07.31 17:45,4051.78,4054.61,4050.20,4052.39
2026.07.31 17:50,4052.28,4054.62,4052.03,4052.73
2026.07.31 17:55,4052.65,4054.22,4052.42,4053.66
2026.07.31 18:00,4053.71,4055.08,4052.00,4052.34
2026.07.31 18:05,4052.28,4052.39,4049.72,4051.36
2026.07.31 18:10,4051.22,4051.34,4047.07,4048.05
2026.07.31 18:15,4048.06,4050.52,4047.60,4049.74
2026.07.31 18:20,4049.80,4051.33,4049.24,4051.33
2026.07.31 18:25,4051.26,4051.56,4049.98,4050.97
2026.07.31 18:30,4050.79,4051.28,4049.08,4049.09
2026.07.31 18:35,4049.06,4051.59,4047.85,4050.68
2026.07.31 18:40,4050.78,4051.31,4049.34,4049.39
2026.07.31 18:45,4049.37,4049.94,4048.07,4049.81
2026.07.31 18:50,4049.77,4051.50,4049.77,4050.05
2026.07.31 18:55,4050.05,4050.94,4049.28,4050.66
2026.07.31 19:00,4050.70,4052.80,4048.62,4049.03
2026.07.31 19:05,4049.04,4049.56,4048.15,4049.44
2026.07.31 19:10,4049.43,4049.91,4046.88,4047.92
2026.07.31 19:15,4047.92,4048.90,4047.03,4048.83
2026.07.31 19:20,4048.83,4049.67,4047.81,4049.01
2026.07.31 19:25,4049.00,4050.44,4048.81,4050.42
2026.07.31 19:30,4050.32,4051.21,4048.87,4050.20
2026.07.31 19:35,4050.20,4051.35,4049.57,4049.81
2026.07.31 19:40,4049.62,4054.49,4049.60,4054.03
2026.07.31 19:45,4054.03,4055.41,4053.24,4054.77
2026.07.31 19:50,4054.65,4054.65,4050.79,4050.94
2026.07.31 19:55,4051.04,4052.43,4050.03,4050.91
2026.07.31 20:00,4050.86,4051.62,4048.56,4048.57
2026.07.31 20:05,4048.56,4048.56,4045.11,4046.95
2026.07.31 20:10,4046.65,4047.91,4046.43,4047.54
2026.07.31 20:15,4047.75,4048.38,4046.32,4047.90
2026.07.31 20:20,4047.92,4048.79,4047.51,4047.89
2026.07.31 20:25,4047.87,4048.03,4046.62,4048.00
2026.07.31 20:30,4047.83,4050.97,4047.15,4050.48
2026.07.31 20:35,4050.48,4052.93,4050.48,4051.00
2026.07.31 20:40,4051.15,4052.13,4050.51,4051.06
2026.07.31 20:45,4051.12,4052.16,4050.67,4051.31
2026.07.31 20:50,4051.31,4051.97,4044.68,4046.63
2026.07.31 20:55,4046.54,4046.93,4040.97,4041.78
2026.08.02 22:00,4075.04,4082.65,4068.41,4075.32
2026.08.02 22:05,4075.25,4077.71,4071.44,4075.47
2026.08.02 22:10,4075.08,4078.51,4073.94,4076.37
2026.08.02 22:15,4076.20,4077.13,4067.26,4068.82
2026.08.02 22:20,4068.72,4070.13,4064.01,4065.03
2026.08.02 22:25,4065.04,4067.20,4063.88,4065.86
2026.08.02 22:30,4065.87,4068.18,4064.30,4064.30
2026.08.02 22:35,4064.29,4067.57,4063.96,4065.76
2026.08.02 22:40,4065.66,4067.96,4065.11,4066.73
2026.08.02 22:45,4066.70,4067.08,4064.46,4064.56
2026.08.02 22:50,4064.72,4065.98,4063.62,4064.75
2026.08.02 22:55,4064.82,4065.60,4063.28,4063.50
2026.08.02 23:00,4063.50,4065.97,4063.14,4065.56
2026.08.02 23:05,4065.60,4065.70,4063.71,4064.43
2026.08.02 23:10,4064.44,4066.87,4063.06,4066.37
2026.08.02 23:15,4066.37,4071.68,4066.19,4071.55
2026.08.02 23:20,4071.64,4072.25,4067.81,4071.35
2026.08.02 23:25,4071.33,4072.49,4070.64,4071.99
2026.08.02 23:30,4072.04,4072.33,4069.66,4070.10
2026.08.02 23:35,4070.10,4070.88,4069.53,4069.61
2026.08.02 23:40,4069.54,4069.88,4067.87,4069.50
2026.08.02 23:45,4069.73,4072.20,4068.15,4068.99
2026.08.02 23:50,4068.96,4073.75,4068.35,4072.48
2026.08.02 23:55,4072.47,4074.85,4071.66,4074.85
2026.08.03 00:00,4074.74,4078.87,4074.74,4077.52
2026.08.03 00:05,4077.94,4078.35,4072.92,4073.11
2026.08.03 00:10,4073.05,4073.62,4069.93,4071.98
2026.08.03 00:15,4071.97,4072.81,4069.81,4070.12
2026.08.03 00:20,4070.14,4070.21,4066.39,4066.61
2026.08.03 00:25,4066.60,4067.64,4061.38,4064.20
2026.08.03 00:30,4063.98,4069.84,4063.17,4064.49
2026.08.03 00:35,4064.44,4065.19,4059.38,4059.84
2026.08.03 00:40,4059.82,4060.99,4056.84,4058.09
2026.08.03 00:45,4058.12,4060.50,4056.13,4057.91
2026.08.03 00:50,4057.75,4060.62,4057.22,4058.59
2026.08.03 00:55,4058.62,4059.72,4055.68,4057.04
2026.08.03 01:00,4057.05,4063.07,4052.17,4058.10
2026.08.03 01:05,4058.09,4061.63,4056.65,4059.72
2026.08.03 01:10,4059.81,4060.52,4051.48,4052.24
2026.08.03 01:15,4052.27,4053.65,4047.33,4049.01
2026.08.03 01:20,4049.01,4053.85,4049.01,4053.75
2026.08.03 01:25,4053.74,4055.02,4052.11,4052.79
2026.08.03 01:30,4052.79,4053.87,4050.09,4053.69
2026.08.03 01:35,4053.71,4056.80,4052.36,4053.42
2026.08.03 01:40,4053.40,4054.08,4047.42,4051.05
2026.08.03 01:45,4051.38,4055.30,4050.07,4053.23
2026.08.03 01:50,4053.26,4055.48,4050.24,4051.30
2026.08.03 01:55,4051.35,4057.35,4049.93,4056.51
2026.08.03 02:00,4056.58,4060.87,4056.58,4059.31
2026.08.03 02:05,4059.31,4060.39,4055.70,4055.84
2026.08.03 02:10,4055.84,4056.60,4053.09,4055.66
2026.08.03 02:15,4055.66,4060.57,4052.00,4060.46
2026.08.03 02:20,4060.65,4060.65,4054.46,4055.06
2026.08.03 02:25,4055.19,4058.56,4054.13,4057.90
2026.08.03 02:30,4057.97,4059.32,4053.79,4055.72
2026.08.03 02:35,4055.70,4058.69,4052.37,4057.58
2026.08.03 02:40,4057.55,4060.54,4057.25,4059.51
2026.08.03 02:45,4059.27,4066.93,4058.36,4063.49
2026.08.03 02:50,4063.51,4065.20,4062.18,4062.56
2026.08.03 02:55,4062.58,4064.31,4060.74,4062.38
2026.08.03 03:00,4062.20,4063.78,4060.87,4062.42
2026.08.03 03:05,4062.44,4065.32,4062.20,4064.04
2026.08.03 03:10,4064.18,4064.83,4062.88,4064.23
2026.08.03 03:15,4064.23,4067.62,4063.02,4067.38
2026.08.03 03:20,4067.42,4067.78,4061.50,4062.79
2026.08.03 03:25,4062.79,4064.98,4061.62,4063.77
2026.08.03 03:30,4063.69,4064.74,4062.50,4063.14
2026.08.03 03:35,4063.05,4064.69,4061.23,4062.72
2026.08.03 03:40,4062.72,4063.55,4060.50,4060.52
2026.08.03 03:45,4060.52,4061.43,4059.16,4061.15
2026.08.03 03:50,4061.38,4066.27,4061.20,4066.02
2026.08.03 03:55,4066.02,4066.64,4064.09,4064.89
2026.08.03 04:00,4064.89,4066.54,4064.33,4066.36
2026.08.03 04:05,4066.24,4068.13,4065.10,4065.28
2026.08.03 04:10,4065.31,4066.51,4065.31,4066.51
2026.08.03 04:15,4066.50,4069.86,4066.04,4069.52
2026.08.03 04:20,4069.48,4070.90,4068.77,4068.77
2026.08.03 04:25,4068.80,4069.79,4067.90,4068.10
2026.08.03 04:30,4068.11,4070.95,4068.11,4070.49
2026.08.03 04:35,4070.49,4071.03,4068.46,4069.70
2026.08.03 04:40,4069.70,4070.36,4068.76,4070.36
2026.08.03 04:45,4070.36,4071.73,4068.82,4070.60
2026.08.03 04:50,4070.60,4071.66,4067.52,4067.67
2026.08.03 04:55,4067.72,4067.95,4063.76,4063.76
2026.08.03 05:00,4063.79,4065.21,4062.32,4062.35
2026.08.03 05:05,4062.43,4062.84,4060.55,4060.81
2026.08.03 05:10,4060.84,4060.84,4056.67,4057.36
2026.08.03 05:15,4057.34,4057.69,4054.04,4056.29
2026.08.03 05:20,4056.37,4058.94,4055.80,4058.92
2026.08.03 05:25,4058.95,4062.66,4058.37,4060.26
2026.08.03 05:30,4060.00,4060.55,4055.82,4056.49
2026.08.03 05:35,4056.46,4059.70,4055.14,4057.11
2026.08.03 05:40,4057.13,4064.55,4056.35,4063.34
2026.08.03 05:45,4063.34,4063.49,4058.77,4060.07
2026.08.03 05:50,4060.04,4065.29,4059.33,4065.00
2026.08.03 05:55,4065.22,4069.71,4064.45,4068.81
2026.08.03 06:00,4068.85,4071.07,4067.58,4067.87
2026.08.03 06:05,4067.87,4070.39,4066.99,4067.57
2026.08.03 06:10,4067.49,4067.95,4065.90,4065.90
2026.08.03 06:15,4065.89,4069.93,4065.39,4069.37
2026.08.03 06:20,4069.44,4071.76,4067.53,4070.68
2026.08.03 06:25,4070.65,4071.15,4066.04,4068.38
2026.08.03 06:30,4068.38,4068.78,4060.56,4060.61
2026.08.03 06:35,4060.71,4067.34,4060.71,4066.00
2026.08.03 06:40,4065.94,4066.29,4064.37,4065.39
2026.08.03 06:45,4065.39,4066.82,4062.94,4063.35
2026.08.03 06:50,4063.35,4064.89,4062.70,4063.92
2026.08.03 06:55,4063.67,4066.18,4063.49,4063.79
2026.08.03 07:00,4063.38,4065.10,4059.76,4060.97
2026.08.03 07:05,4060.98,4063.82,4059.53,4062.74
2026.08.03 07:10,4062.65,4064.31,4061.30,4061.39
2026.08.03 07:15,4061.39,4061.81,4053.24,4054.41
2026.08.03 07:20,4054.41,4056.14,4052.06,4056.05
2026.08.03 07:25,4056.00,4058.88,4055.44,4057.95
2026.08.03 07:30,4057.95,4060.06,4057.38,4059.59
2026.08.03 07:35,4059.57,4061.04,4056.51,4059.73
2026.08.03 07:40,4059.65,4059.69,4058.01,4059.50
2026.08.03 07:45,4059.49,4061.05,4058.24,4059.21
2026.08.03 07:50,4059.24,4063.20,4058.73,4062.58
2026.08.03 07:55,4062.61,4062.82,4060.73,4060.99
2026.08.03 08:00,4060.95,4061.38,4058.33,4060.56
2026.08.03 08:05,4060.56,4061.28,4059.31,4060.44
2026.08.03 08:10,4060.47,4062.04,4059.62,4061.60
2026.08.03 08:15,4061.60,4062.32,4056.89,4057.66
2026.08.03 08:20,4057.81,4059.12,4057.49,4058.64
2026.08.03 08:25,4058.64,4060.17,4054.18,4055.91
2026.08.03 08:30,4055.92,4058.14,4054.66,4056.06
2026.08.03 08:35,4056.05,4060.57,4055.15,4059.78
2026.08.03 08:40,4059.75,4060.09,4058.03,4058.33
2026.08.03 08:45,4058.34,4059.94,4057.53,4059.85
2026.08.03 08:50,4059.70,4060.00,4057.62,4059.28
2026.08.03 08:55,4059.36,4060.78,4058.55,4059.34
2026.08.03 09:00,4059.34,4060.32,4057.27,4057.42
2026.08.03 09:05,4057.39,4059.42,4057.16,4059.42
2026.08.03 09:10,4059.39,4062.05,4059.31,4061.37
2026.08.03 09:15,4061.33,4061.35,4058.12,4058.71
2026.08.03 09:20,4058.71,4058.87,4052.65,4055.16
2026.08.03 09:25,4055.08,4055.99,4052.00,4052.50
2026.08.03 09:30,4052.71,4053.31,4046.59,4046.94
2026.08.03 09:35,4046.97,4052.64,4046.68,4052.36
2026.08.03 09:40,4052.37,4054.69,4051.48,4053.46
2026.08.03 09:45,4053.44,4056.77,4053.35,4055.77
2026.08.03 09:50,4055.77,4057.99,4055.77,4056.84
2026.08.03 09:55,4056.87,4057.71,4054.46,4055.21
2026.08.03 10:00,4055.27,4056.61,4053.07,4054.64
2026.08.03 10:05,4054.72,4055.33,4053.45,4053.92
2026.08.03 10:10,4053.93,4057.01,4053.75,4056.20
2026.08.03 10:15,4056.19,4056.81,4053.93,4054.86
2026.08.03 10:20,4054.86,4055.37,4052.53,4053.34
2026.08.03 10:25,4053.25,4054.74,4051.87,4053.36
2026.08.03 10:30,4053.36,4053.57,4049.92,4051.73
2026.08.03 10:35,4051.77,4052.45,4050.82,4052.27
2026.08.03 10:40,4052.31,4052.31,4048.59,4049.11
2026.08.03 10:45,4049.08,4050.55,4048.39,4048.50
2026.08.03 10:50,4048.52,4048.82,4046.15,4048.29
2026.08.03 10:55,4048.24,4049.31,4046.75,4049.24
2026.08.03 11:00,4049.23,4051.98,4047.45,4051.90
2026.08.03 11:05,4051.97,4052.75,4049.32,4050.28
2026.08.03 11:10,4050.28,4050.76,4047.88,4049.68
2026.08.03 11:15,4049.60,4049.65,4046.80,4047.72
2026.08.03 11:20,4047.74,4048.14,4045.52,4047.37
2026.08.03 11:25,4047.37,4049.78,4046.75,4048.22
2026.08.03 11:30,4048.34,4051.23,4047.80,4050.69
2026.08.03 11:35,4050.73,4051.92,4049.62,4051.31
2026.08.03 11:40,4051.31,4054.81,4050.89,4053.49
2026.08.03 11:45,4053.49,4060.45,4052.56,4060.45
2026.08.03 11:50,4060.93,4062.97,4059.07,4061.08
2026.08.03 11:55,4061.09,4062.63,4059.81,4062.37
2026.08.03 12:00,4062.36,4064.38,4059.63,4060.86
2026.08.03 12:05,4060.76,4061.08,4058.19,4059.85
2026.08.03 12:10,4059.72,4060.14,4054.62,4055.76
2026.08.03 12:15,4055.76,4056.36,4051.04,4051.04
2026.08.03 12:20,4050.64,4053.67,4048.54,4052.21
2026.08.03 12:25,4052.25,4053.32,4050.18,4050.69
2026.08.03 12:30,4050.74,4052.80,4047.87,4051.88
2026.08.03 12:35,4051.59,4051.79,4045.69,4047.18
2026.08.03 12:40,4047.16,4047.34,4042.11,4044.87
2026.08.03 12:45,4044.82,4046.41,4043.44,4043.96
2026.08.03 12:50,4043.70,4046.41,4043.21,4045.59
2026.08.03 12:55,4045.62,4048.79,4045.33,4047.57
2026.08.03 13:00,4047.66,4053.36,4040.85,4041.92
2026.08.03 13:05,4041.74,4045.91,4041.19,4043.94
2026.08.03 13:10,4043.98,4044.34,4038.70,4038.70
2026.08.03 13:15,4038.70,4040.30,4035.29,4036.38
2026.08.03 13:20,4036.28,4037.02,4032.87,4034.29
2026.08.03 13:25,4033.87,4035.25,4031.47,4034.18
2026.08.03 13:30,4033.93,4035.44,4029.46,4030.94
2026.08.03 13:35,4030.97,4031.67,4019.01,4026.43
2026.08.03 13:40,4026.08,4033.67,4024.65,4031.88
2026.08.03 13:45,4032.03,4035.21,4028.50,4029.68
2026.08.03 13:50,4029.43,4032.73,4028.15,4030.06
2026.08.03 13:55,4030.06,4033.69,4028.37,4032.39
2026.08.03 14:00,4030.78,4036.07,4027.73,4029.26
2026.08.03 14:05,4029.19,4032.32,4027.12,4027.20
2026.08.03 14:10,4027.15,4034.38,4026.57,4033.14
2026.08.03 14:15,4033.26,4034.72,4031.09,4031.19
2026.08.03 14:20,4031.24,4035.79,4029.84,4033.53
2026.08.03 14:25,4033.53,4035.88,4032.33,4032.38
2026.08.03 14:30,4032.32,4035.47,4031.86,4035.17
2026.08.03 14:35,4035.13,4037.63,4032.84,4033.02
2026.08.03 14:40,4032.92,4038.03,4032.05,4036.31
2026.08.03 14:45,4036.56,4036.66,4033.80,4035.77
2026.08.03 14:50,4035.77,4036.94,4033.66,4035.60
2026.08.03 14:55,4035.74,4039.16,4035.72,4036.17
2026.08.03 15:00,4036.16,4036.54,4031.69,4032.13
2026.08.03 15:05,4031.96,4037.01,4030.34,4034.57
2026.08.03 15:10,4034.56,4035.57,4032.10,4033.23
2026.08.03 15:15,4033.18,4037.49,4033.18,4036.58
2026.08.03 15:20,4036.79,4038.29,4035.82,4037.24
2026.08.03 15:25,4037.15,4037.75,4030.64,4032.66
2026.08.03 15:30,4032.82,4034.52,4030.93,4033.04
2026.08.03 15:35,4033.11,4036.88,4033.10,4036.72
2026.08.03 15:40,4036.72,4038.60,4036.26,4036.66
2026.08.03 15:45,4036.77,4040.81,4036.67,4037.53
2026.08.03 15:50,4037.53,4039.83,4037.10,4038.10
2026.08.03 15:55,4037.90,4037.98,4035.32,4036.19
2026.08.03 16:00,4035.94,4037.47,4035.26,4036.50
2026.08.03 16:05,4036.50,4036.63,4034.57,4035.30
2026.08.03 16:10,4035.30,4036.61,4035.21,4036.45
2026.08.03 16:15,4036.30,4037.57,4035.18,4035.47
2026.08.03 16:20,4035.86,4037.83,4034.84,4037.79
2026.08.03 16:25,4037.79,4038.62,4036.23,4036.88
2026.08.03 16:30,4036.89,4037.78,4035.47,4037.75
2026.08.03 16:35,4037.65,4038.65,4036.09,4036.62
2026.08.03 16:40,4036.82,4039.13,4036.72,4038.56
2026.08.03 16:45,4038.59,4038.68,4037.18,4037.18
2026.08.03 16:50,4037.18,4037.88,4035.63,4036.02
2026.08.03 16:55,4035.97,4037.63,4035.83,4036.83
2026.08.03 17:00,4036.83,4037.47,4033.21,4034.04
2026.08.03 17:05,4034.06,4035.05,4033.72,4034.70
2026.08.03 17:10,4034.73,4034.85,4033.73,4034.20
2026.08.03 17:15,4034.19,4037.63,4034.17,4036.26
2026.08.03 17:20,4036.26,4036.29,4034.11,4035.11
2026.08.03 17:25,4035.08,4036.32,4033.84,4034.27
2026.08.03 17:30,4034.52,4035.14,4033.99,4034.83
2026.08.03 17:35,4034.85,4036.82,4034.43,4036.28
2026.08.03 17:40,4036.12,4036.42,4035.23,4035.91
2026.08.03 17:45,4035.92,4036.25,4033.93,4033.94
2026.08.03 17:50,4033.94,4034.25,4030.40,4030.53
2026.08.03 17:55,4030.53,4031.10,4030.17,4030.47
2026.08.03 18:00,4030.47,4032.15,4029.60,4031.75
2026.08.03 18:05,4031.75,4036.61,4031.75,4036.34
2026.08.03 18:10,4036.45,4038.40,4034.84,4034.94
2026.08.03 18:15,4034.94,4038.86,4034.88,4037.44
2026.08.03 18:20,4037.57,4038.47,4036.69,4037.05
2026.08.03 18:25,4036.99,4038.17,4036.18,4037.82
2026.08.03 18:30,4037.79,4038.36,4036.47,4036.83
2026.08.03 18:35,4036.84,4038.42,4036.74,4037.53
2026.08.03 18:40,4037.60,4041.37,4037.39,4041.37
2026.08.03 18:45,4041.36,4042.47,4040.40,4042.36
2026.08.03 18:50,4042.33,4043.92,4041.88,4043.72
2026.08.03 18:55,4043.75,4044.89,4042.92,4043.33
2026.08.03 19:00,4043.46,4048.41,4043.46,4047.97
2026.08.03 19:05,4048.00,4049.41,4045.87,4045.99
2026.08.03 19:10,4045.99,4048.18,4045.24,4046.15
2026.08.03 19:15,4046.15,4049.12,4046.13,4047.96
2026.08.03 19:20,4047.95,4053.16,4047.94,4052.91
2026.08.03 19:25,4052.91,4054.17,4052.01,4052.82
2026.08.03 19:30,4052.97,4055.65,4051.88,4052.91
2026.08.03 19:35,4052.91,4054.80,4052.89,4053.98
2026.08.03 19:40,4053.98,4054.59,4052.73,4053.93
2026.08.03 19:45,4053.79,4055.39,4052.51,4054.52
2026.08.03 19:50,4054.55,4055.35,4053.57,4054.19
2026.08.03 19:55,4054.19,4054.19,4051.55,4051.95
2026.08.03 20:00,4051.91,4051.98,4050.09,4051.31
2026.08.03 20:05,4051.45,4052.02,4050.62,4051.47
2026.08.03 20:10,4051.46,4052.77,4051.13,4052.41
2026.08.03 20:15,4052.42,4052.46,4051.37,4051.62
2026.08.03 20:20,4051.61,4054.37,4051.29,4054.15
2026.08.03 20:25,4054.21,4055.76,4053.42,4054.21
2026.08.03 20:30,4054.22,4058.07,4053.83,4057.43
2026.08.03 20:35,4057.44,4057.80,4056.53,4057.32
2026.08.03 20:40,4057.32,4057.42,4056.00,4056.10
2026.08.03 20:45,4056.33,4056.78,4055.87,4056.21
2026.08.03 20:50,4056.26,4057.04,4054.37,4054.74
2026.08.03 20:55,4055.01,4055.86,4054.50,4054.50
2026.08.03 22:00,4050.77,4054.70,4050.57,4051.33
2026.08.03 22:05,4051.35,4052.07,4049.03,4050.60
2026.08.03 22:10,4050.60,4051.79,4049.68,4051.23
2026.08.03 22:15,4051.22,4052.06,4050.68,4050.97
2026.08.03 22:20,4050.90,4052.40,4050.72,4051.98
2026.08.03 22:25,4051.98,4052.05,4050.78,4051.96
2026.08.03 22:30,4051.86,4053.36,4051.47,4053.04
2026.08.03 22:35,4053.04,4053.24,4052.36,4053.22
2026.08.03 22:40,4053.22,4053.29,4052.55,4052.76
2026.08.03 22:45,4052.77,4053.21,4051.92,4052.11
2026.08.03 22:50,4052.11,4052.46,4051.23,4051.52
2026.08.03 22:55,4051.57,4053.45,4051.38,4052.78
2026.08.03 23:00,4052.73,4053.65,4051.28,4052.83
2026.08.03 23:05,4052.86,4054.90,4051.94,4052.09
2026.08.03 23:10,4052.09,4052.09,4050.06,4051.31
2026.08.03 23:15,4051.30,4052.65,4050.50,4052.59
2026.08.03 23:20,4052.59,4054.51,4050.91,4052.19
2026.08.03 23:25,4052.21,4052.44,4050.96,4051.55
2026.08.03 23:30,4051.55,4051.82,4050.95,4051.58
2026.08.03 23:35,4051.58,4052.48,4051.02,4051.82
2026.08.03 23:40,4051.82,4052.40,4051.33,4052.19
2026.08.03 23:45,4052.30,4053.75,4051.17,4051.56
2026.08.03 23:50,4051.57,4052.64,4051.34,4052.25
2026.08.03 23:55,4052.18,4053.69,4052.06,4053.69
2026.08.04 00:00,4053.78,4063.39,4053.06,4059.81
2026.08.04 00:05,4059.55,4067.41,4059.25,4067.16
2026.08.04 00:10,4067.17,4069.20,4062.97,4063.58
2026.08.04 00:15,4063.58,4064.30,4061.99,4062.75
2026.08.04 00:20,4062.75,4063.49,4058.04,4059.09
2026.08.04 00:25,4059.11,4060.75,4058.28,4058.92
2026.08.04 00:30,4058.96,4060.61,4057.75,4059.88
2026.08.04 00:35,4059.88,4060.00,4056.69,4057.93
2026.08.04 00:40,4057.82,4058.06,4055.49,4056.25
2026.08.04 00:45,4056.30,4057.53,4055.16,4056.40
2026.08.04 00:50,4056.66,4057.93,4054.15,4055.10
2026.08.04 00:55,4055.01,4055.45,4048.63,4049.21
2026.08.04 01:00,4048.52,4050.45,4045.22,4046.55
2026.08.04 01:05,4046.59,4046.90,4042.51,4044.61
2026.08.04 01:10,4044.64,4048.30,4043.16,4046.77
2026.08.04 01:15,4046.78,4050.37,4046.78,4049.80
2026.08.04 01:20,4049.83,4050.56,4047.77,4048.68
2026.08.04 01:25,4048.71,4052.27,4048.03,4049.10
2026.08.04 01:30,4049.11,4051.43,4048.26,4048.74
2026.08.04 01:35,4048.77,4055.77,4048.73,4052.61
2026.08.04 01:40,4052.52,4060.09,4052.06,4059.09
2026.08.04 01:45,4059.10,4060.65,4057.26,4057.26
2026.08.04 01:50,4057.26,4061.63,4056.46,4059.72
2026.08.04 01:55,4059.72,4061.20,4058.07,4058.64
2026.08.04 02:00,4058.75,4061.04,4056.60,4056.93
2026.08.04 02:05,4056.93,4057.53,4055.66,4056.66
2026.08.04 02:10,4056.66,4059.03,4056.08,4058.17
2026.08.04 02:15,4058.17,4059.29,4057.53,4058.86
2026.08.04 02:20,4058.85,4059.74,4056.75,4056.98
2026.08.04 02:25,4057.00,4057.75,4055.71,4056.60
2026.08.04 02:30,4056.75,4059.83,4055.58,4057.69
2026.08.04 02:35,4057.69,4064.85,4057.69,4063.42
2026.08.04 02:40,4063.42,4063.77,4060.07,4061.66
2026.08.04 02:45,4061.66,4062.20,4060.16,4060.54
2026.08.04 02:50,4060.55,4061.58,4059.72,4059.91
2026.08.04 02:55,4059.92,4061.21,4057.99,4058.76
2026.08.04 03:00,4058.63,4060.47,4057.62,4057.65
2026.08.04 03:05,4057.65,4058.61,4056.33,4058.16
2026.08.04 03:10,4058.17,4060.29,4057.35,4058.04
2026.08.04 03:15,4057.90,4060.95,4057.81,4060.09
2026.08.04 03:20,4060.09,4061.54,4058.60,4059.89
2026.08.04 03:25,4059.96,4060.29,4057.60,4057.71
2026.08.04 03:30,4057.69,4058.68,4055.76,4058.32
2026.08.04 03:35,4058.26,4058.38,4056.01,4056.12
2026.08.04 03:40,4056.07,4056.26,4052.58,4052.77
2026.08.04 03:45,4052.77,4054.52,4052.29,4054.16
2026.08.04 03:50,4054.16,4055.37,4054.16,4055.13
2026.08.04 03:55,4055.01,4055.28,4052.04,4052.36
2026.08.04 04:00,4052.36,4053.11,4051.04,4052.34
2026.08.04 04:05,4052.37,4054.37,4051.62,4054.37
2026.08.04 04:10,4054.29,4056.76,4054.04,4056.74
2026.08.04 04:15,4056.94,4059.53,4056.54,4056.54
2026.08.04 04:20,4056.54,4057.88,4055.83,4057.65
2026.08.04 04:25,4057.65,4061.53,4057.58,4061.34
2026.08.04 04:30,4061.34,4064.03,4060.46,4062.81
2026.08.04 04:35,4062.81,4063.29,4061.85,4063.28
2026.08.04 04:40,4063.30,4063.92,4062.24,4062.62
2026.08.04 04:45,4062.63,4066.02,4062.41,4064.69
2026.08.04 04:50,4064.69,4065.38,4063.24,4064.30
2026.08.04 04:55,4064.25,4065.49,4062.81,4063.73
2026.08.04 05:00,4063.74,4064.41,4061.53,4061.85
2026.08.04 05:05,4061.84,4062.91,4060.41,4060.61
2026.08.04 05:10,4060.61,4060.61,4057.20,4057.88
2026.08.04 05:15,4057.86,4061.82,4057.32,4061.82
2026.08.04 05:20,4061.83,4063.23,4061.02,4063.18
2026.08.04 05:25,4063.22,4063.83,4062.27,4063.14
2026.08.04 05:30,4063.18,4067.61,4061.56,4061.90
2026.08.04 05:35,4061.90,4062.32,4059.71,4060.52
2026.08.04 05:40,4060.56,4063.08,4059.13,4062.57
2026.08.04 05:45,4062.76,4064.23,4060.32,4060.69
2026.08.04 05:50,4060.73,4061.61,4058.59,4059.03
2026.08.04 05:55,4059.04,4063.01,4058.67,4061.76
2026.08.04 06:00,4061.78,4065.67,4061.67,4064.18
2026.08.04 06:05,4064.24,4066.13,4063.28,4063.74
2026.08.04 06:10,4063.82,4065.21,4062.67,4064.14
2026.08.04 06:15,4064.14,4064.31,4061.44,4062.06
2026.08.04 06:20,4062.16,4064.78,4061.75,4062.82
2026.08.04 06:25,4062.82,4063.62,4059.42,4059.71
2026.08.04 06:30,4059.71,4059.83,4056.60,4056.75
2026.08.04 06:35,4056.75,4057.55,4055.62,4056.78
2026.08.04 06:40,4056.79,4060.02,4056.68,4060.02
2026.08.04 06:45,4059.99,4062.48,4059.93,4062.06
2026.08.04 06:50,4062.06,4062.90,4059.65,4060.40
2026.08.04 06:55,4060.38,4063.60,4058.68,4063.40
2026.08.04 07:00,4063.59,4065.11,4062.32,4064.52
2026.08.04 07:05,4064.56,4065.72,4063.98,4064.38
2026.08.04 07:10,4064.21,4065.45,4060.74,4060.93
2026.08.04 07:15,4060.96,4065.25,4060.78,4063.09
2026.08.04 07:20,4063.09,4065.46,4062.51,4065.46
2026.08.04 07:25,4065.42,4065.47,4062.60,4062.88
2026.08.04 07:30,4062.89,4066.60,4062.74,4064.73
2026.08.04 07:35,4064.72,4066.55,4061.35,4062.90
2026.08.04 07:40,4062.90,4064.67,4062.27,4062.77
2026.08.04 07:45,4062.83,4064.78,4062.13,4063.72
2026.08.04 07:50,4063.48,4066.01,4063.48,4064.72
2026.08.04 07:55,4064.62,4065.57,4063.80,4065.38
2026.08.04 08:00,4065.38,4072.70,4064.51,4069.88
2026.08.04 08:05,4070.09,4071.01,4068.74,4069.12
2026.08.04 08:10,4069.07,4071.09,4067.93,4068.02
2026.08.04 08:15,4067.96,4068.56,4066.35,4066.85
2026.08.04 08:20,4066.85,4066.98,4061.46,4062.70
2026.08.04 08:25,4062.62,4063.38,4060.22,4063.30
2026.08.04 08:30,4063.25,4064.22,4060.86,4062.51
2026.08.04 08:35,4062.51,4064.33,4058.49,4058.84
2026.08.04 08:40,4058.84,4059.89,4058.36,4059.30
2026.08.04 08:45,4059.53,4059.53,4055.65,4056.24
2026.08.04 08:50,4056.18,4057.31,4055.07,4056.33
2026.08.04 08:55,4056.30,4056.30,4054.47,4054.96
2026.08.04 09:00,4054.78,4055.29,4052.82,4053.20
2026.08.04 09:05,4053.21,4053.44,4050.36,4051.05
2026.08.04 09:10,4051.01,4051.16,4048.44,4050.58
2026.08.04 09:15,4050.40,4051.98,4049.71,4050.78
2026.08.04 09:20,4050.78,4051.73,4048.65,4050.51
2026.08.04 09:25,4050.45,4051.69,4049.56,4050.22
2026.08.04 09:30,4050.23,4051.23,4048.87,4049.54
2026.08.04 09:35,4049.51,4049.63,4046.18,4047.49
2026.08.04 09:40,4047.52,4050.32,4047.52,4050.24
2026.08.04 09:45,4050.27,4050.81,4047.99,4050.05
2026.08.04 09:50,4050.00,4050.29,4047.68,4048.16
2026.08.04 09:55,4048.14,4049.74,4047.38,4049.74
2026.08.04 10:00,4049.76,4049.78,4048.30,4049.67
2026.08.04 10:05,4049.67,4049.73,4047.04,4047.05
2026.08.04 10:10,4047.08,4049.16,4046.88,4048.89
2026.08.04 10:15,4048.87,4049.46,4045.46,4048.15
2026.08.04 10:20,4048.11,4049.16,4047.47,4048.36
2026.08.04 10:25,4048.22,4049.86,4047.74,4048.93
2026.08.04 10:30,4049.06,4051.48,4049.06,4050.19
2026.08.04 10:35,4050.19,4050.50,4048.69,4048.94
2026.08.04 10:40,4048.89,4053.95,4046.43,4052.58
2026.08.04 10:45,4052.57,4060.44,4052.42,4058.12
2026.08.04 10:50,4058.12,4058.14,4053.21,4054.80
2026.08.04 10:55,4054.82,4055.84,4053.21,4053.70
2026.08.04 11:00,4053.70,4055.58,4052.42,4054.98
2026.08.04 11:05,4054.97,4055.55,4052.28,4055.03
2026.08.04 11:10,4055.04,4058.67,4053.90,4056.61
2026.08.04 11:15,4056.62,4057.73,4055.77,4055.77
2026.08.04 11:20,4055.66,4059.13,4055.45,4058.45
2026.08.04 11:25,4058.46,4060.89,4058.06,4060.72
2026.08.04 11:30,4060.79,4064.91,4059.92,4062.28
2026.08.04 11:35,4062.29,4064.26,4061.11,4063.73
2026.08.04 11:40,4063.54,4070.28,4059.82,4069.55
2026.08.04 11:45,4069.63,4079.71,4067.02,4076.26
2026.08.04 11:50,4076.26,4084.06,4074.37,4075.91
2026.08.04 11:55,4075.83,4076.12,4069.02,4074.96
2026.08.04 12:00,4074.90,4075.66,4065.84,4068.26
2026.08.04 12:05,4068.26,4070.14,4062.76,4063.26
2026.08.04 12:10,4063.34,4064.35,4060.86,4062.03
2026.08.04 12:15,4062.03,4065.72,4061.10,4065.68
2026.08.04 12:20,4065.58,4068.88,4065.23,4066.86
2026.08.04 12:25,4067.13,4070.28,4066.20,4068.05
2026.08.04 12:30,4068.21,4076.33,4068.21,4076.20
2026.08.04 12:35,4076.13,4083.49,4075.58,4082.39
2026.08.04 12:40,4082.49,4084.24,4077.96,4077.96
2026.08.04 12:45,4078.05,4079.24,4075.47,4075.89
2026.08.04 12:50,4076.07,4077.44,4073.21,4073.93
2026.08.04 12:55,4073.86,4075.61,4069.45,4070.79
2026.08.04 13:00,4071.08,4071.53,4062.70,4063.90
2026.08.04 13:05,4063.92,4065.82,4061.25,4064.41
2026.08.04 13:10,4064.42,4066.28,4061.96,4063.90
2026.08.04 13:15,4063.74,4065.30,4062.26,4063.60
2026.08.04 13:20,4063.52,4090.79,4063.52,4081.46
2026.08.04 13:25,4081.47,4082.04,4077.55,4078.43
2026.08.04 13:30,4078.86,4084.64,4075.91,4083.30
2026.08.04 13:35,4083.23,4088.86,4082.94,4088.14
2026.08.04 13:40,4088.28,4091.62,4083.35,4083.35
2026.08.04 13:45,4083.34,4093.68,4081.68,4092.57
2026.08.04 13:50,4092.61,4093.67,4086.51,4086.77
2026.08.04 13:55,4086.85,4087.17,4083.22,4084.08
2026.08.04 14:00,4083.99,4090.48,4083.18,4088.04
2026.08.04 14:05,4087.86,4090.64,4085.46,4089.78
2026.08.04 14:10,4089.86,4091.35,4088.41,4089.97
2026.08.04 14:15,4089.99,4091.65,4082.50,4083.27
2026.08.04 14:20,4083.34,4084.80,4080.60,4081.83
2026.08.04 14:25,4081.71,4086.70,4081.25,4083.79
2026.08.04 14:30,4083.76,4086.61,4077.10,4077.50
2026.08.04 14:35,4077.54,4083.81,4074.26,4078.97
2026.08.04 14:40,4078.68,4080.67,4076.69,4079.66
2026.08.04 14:45,4079.67,4081.08,4077.70,4080.39
2026.08.04 14:50,4080.38,4084.38,4080.12,4083.71
2026.08.04 14:55,4083.82,4084.72,4081.79,4083.47
2026.08.04 15:00,4083.34,4083.96,4080.97,4081.58
2026.08.04 15:05,4081.58,4084.86,4079.63,4084.86
2026.08.04 15:10,4084.93,4085.52,4083.09,4084.01
2026.08.04 15:15,4084.00,4084.33,4075.91,4076.52
2026.08.04 15:20,4076.72,4077.72,4074.71,4076.03
2026.08.04 15:25,4076.02,4078.35,4075.20,4078.35
2026.08.04 15:30,4078.31,4080.04,4076.73,4077.46
2026.08.04 15:35,4077.47,4086.85,4076.45,4083.30
2026.08.04 15:40,4083.49,4087.23,4083.28,4083.83
2026.08.04 15:45,4083.91,4085.60,4082.72,4083.19
2026.08.04 15:50,4083.38,4087.81,4083.28,4087.37
2026.08.04 15:55,4087.37,4088.67,4085.89,4087.16
2026.08.04 16:00,4087.21,4088.35,4085.68,4086.12
2026.08.04 16:05,4086.40,4086.89,4084.33,4086.65
2026.08.04 16:10,4086.60,4087.27,4084.38,4084.96
2026.08.04 16:15,4085.02,4085.60,4083.00,4083.45
2026.08.04 16:20,4083.48,4088.21,4083.48,4087.17
2026.08.04 16:25,4087.18,4089.69,4086.02,4087.55
2026.08.04 16:30,4087.55,4088.37,4086.77,4087.77
2026.08.04 16:35,4087.75,4087.76,4084.83,4085.72
2026.08.04 16:40,4085.72,4089.35,4085.40,4089.01
2026.08.04 16:45,4089.06,4093.36,4088.65,4092.76
2026.08.04 16:50,4092.55,4093.51,4090.86,4090.86
2026.08.04 16:55,4090.73,4093.39,4090.10,4093.24
2026.08.04 17:00,4093.04,4102.38,4092.35,4101.93
2026.08.04 17:05,4102.22,4106.22,4099.48,4099.73
2026.08.04 17:10,4099.73,4101.46,4097.94,4099.87
2026.08.04 17:15,4099.96,4101.07,4097.06,4097.38
2026.08.04 17:20,4097.42,4100.64,4097.32,4099.92
2026.08.04 17:25,4099.84,4100.59,4094.29,4094.68
2026.08.04 17:30,4094.64,4094.64,4091.64,4093.64
2026.08.04 17:35,4093.69,4095.64,4093.69,4094.77
2026.08.04 17:40,4094.72,4096.06,4093.78,4095.32
2026.08.04 17:45,4095.30,4096.38,4093.53,4093.56
2026.08.04 17:50,4093.58,4094.23,4089.50,4089.50
2026.08.04 17:55,4089.69,4090.99,4086.01,4086.01
2026.08.04 18:00,4085.89,4088.38,4084.84,4086.74
2026.08.04 18:05,4086.71,4088.83,4086.69,4087.90
2026.08.04 18:10,4087.98,4088.61,4086.31,4088.61
2026.08.04 18:15,4088.46,4088.60,4086.21,4086.60
2026.08.04 18:20,4086.60,4088.70,4086.31,4086.87
2026.08.04 18:25,4086.86,4088.03,4084.26,4084.55
2026.08.04 18:30,4084.45,4085.65,4082.68,4082.68
2026.08.04 18:35,4082.68,4083.20,4078.25,4078.75
2026.08.04 18:40,4078.71,4079.92,4076.17,4076.47
2026.08.04 18:45,4076.46,4080.22,4075.12,4079.86
2026.08.04 18:50,4079.86,4080.63,4078.59,4079.55
2026.08.04 18:55,4079.47,4081.12,4079.29,4079.75
2026.08.04 19:00,4079.80,4081.97,4078.67,4080.43
2026.08.04 19:05,4080.42,4084.06,4080.03,4084.05
2026.08.04 19:10,4084.06,4084.13,4081.61,4081.64
2026.08.04 19:15,4081.65,4084.65,4081.32,4084.19
2026.08.04 19:20,4084.00,4084.38,4080.14,4080.14
2026.08.04 19:25,4080.19,4080.95,4079.29,4080.11
2026.08.04 19:30,4080.11,4080.57,4078.80,4080.54
2026.08.04 19:35,4080.58,4081.23,4079.64,4080.88
2026.08.04 19:40,4080.81,4082.41,4080.58,4081.29
2026.08.04 19:45,4081.22,4082.13,4079.43,4080.25
2026.08.04 19:50,4079.62,4079.93,4076.95,4077.17
2026.08.04 19:55,4077.23,4079.33,4076.29,4078.31
2026.08.04 20:00,4078.56,4079.43,4078.31,4078.44
2026.08.04 20:05,4078.45,4079.77,4078.29,4079.61
2026.08.04 20:10,4079.69,4080.20,4078.26,4078.93
2026.08.04 20:15,4078.94,4078.94,4074.87,4075.38
2026.08.04 20:20,4075.41,4075.96,4074.58,4075.17
2026.08.04 20:25,4075.17,4076.36,4074.78,4075.31
2026.08.04 20:30,4075.24,4076.92,4075.22,4076.89
2026.08.04 20:35,4076.91,4077.70,4076.70,4077.22
2026.08.04 20:40,4077.21,4078.46,4077.09,4077.48
2026.08.04 20:45,4077.30,4077.30,4075.96,4076.81
2026.08.04 20:50,4076.67,4078.09,4076.52,4076.78
2026.08.04 20:55,4076.74,4077.95,4076.64,4077.53
2026.08.04 22:00,4078.48,4080.48,4076.68,4078.43
2026.08.04 22:05,4078.08,4078.48,4076.70,4076.79
2026.08.04 22:10,4076.81,4077.70,4076.38,4076.89
2026.08.04 22:15,4076.78,4077.45,4075.70,4077.28
2026.08.04 22:20,4077.33,4077.80,4075.78,4077.64
2026.08.04 22:25,4077.64,4079.85,4077.51,4079.69
2026.08.04 22:30,4079.78,4080.84,4079.22,4080.78
2026.08.04 22:35,4080.81,4084.45,4080.65,4084.36
2026.08.04 22:40,4084.36,4085.70,4082.64,4083.91
2026.08.04 22:45,4083.88,4084.46,4081.18,4082.80
2026.08.04 22:50,4082.78,4083.85,4080.43,4080.98
2026.08.04 22:55,4080.97,4081.13,4075.56,4075.56
2026.08.04 23:00,4075.85,4076.96,4068.50,4069.86
2026.08.04 23:05,4069.90,4071.78,4069.26,4071.61
2026.08.04 23:10,4071.62,4073.79,4069.30,4073.34
2026.08.04 23:15,4073.39,4074.61,4071.83,4071.83
2026.08.04 23:20,4071.88,4072.24,4067.80,4068.44
2026.08.04 23:25,4068.44,4068.89,4065.40,4067.09
2026.08.04 23:30,4067.11,4069.95,4065.90,4068.26
2026.08.04 23:35,4068.26,4069.50,4067.83,4069.32
2026.08.04 23:40,4069.32,4069.77,4068.51,4069.13
2026.08.04 23:45,4069.13,4071.70,4069.12,4071.61
2026.08.04 23:50,4071.67,4072.16,4071.13,4071.45
2026.08.04 23:55,4071.47,4073.46,4071.46,4072.42
2026.08.05 00:00,4072.41,4074.05,4070.38,4073.22
2026.08.05 00:05,4073.32,4074.06,4072.38,4072.44
2026.08.05 00:10,4072.40,4073.13,4071.42,4071.67
2026.08.05 00:15,4071.71,4075.56,4071.30,4074.87
2026.08.05 00:20,4074.84,4077.53,4073.84,4076.84
2026.08.05 00:25,4076.79,4078.82,4075.99,4078.52
2026.08.05 00:30,4078.52,4080.92,4078.49,4080.48
2026.08.05 00:35,4080.48,4082.94,4080.29,4080.64
2026.08.05 00:40,4080.63,4081.50,4077.99,4078.12
2026.08.05 00:45,4078.12,4079.55,4077.78,4078.77
2026.08.05 00:50,4079.27,4083.39,4078.75,4083.24
2026.08.05 00:55,4083.25,4083.27,4081.46,4082.35
2026.08.05 01:00,4081.99,4085.40,4077.67,4080.19
2026.08.05 01:05,4080.19,4083.21,4079.67,4082.03
2026.08.05 01:10,4081.75,4086.82,4081.74,4085.73
2026.08.05 01:15,4085.76,4088.51,4084.92,4087.75
2026.08.05 01:20,4087.68,4088.07,4084.84,4084.95
2026.08.05 01:25,4084.71,4085.15,4082.60,4084.57
2026.08.05 01:30,4084.54,4086.39,4080.12,4084.81
2026.08.05 01:35,4084.80,4090.06,4084.32,4089.80
2026.08.05 01:40,4089.80,4092.99,4089.50,4092.99
2026.08.05 01:45,4092.95,4094.66,4092.69,4094.15
2026.08.05 01:50,4094.15,4095.83,4092.92,4095.83
2026.08.05 01:55,4095.80,4102.47,4095.80,4101.29
2026.08.05 02:00,4101.32,4102.77,4097.84,4098.14
2026.08.05 02:05,4098.31,4098.61,4096.35,4097.26
2026.08.05 02:10,4097.32,4100.37,4096.92,4099.68
2026.08.05 02:15,4099.83,4100.61,4095.43,4098.56
2026.08.05 02:20,4098.31,4103.52,4098.31,4102.23
2026.08.05 02:25,4102.24,4108.20,4102.24,4103.41
2026.08.05 02:30,4103.82,4108.18,4101.40,4107.69
2026.08.05 02:35,4107.69,4121.65,4107.62,4120.24
2026.08.05 02:40,4120.28,4128.56,4119.97,4128.23
2026.08.05 02:45,4128.11,4131.07,4126.19,4130.13
2026.08.05 02:50,4130.13,4132.35,4124.70,4131.02
2026.08.05 02:55,4131.05,4135.12,4128.98,4129.06
2026.08.05 03:00,4129.02,4130.57,4126.89,4128.77
2026.08.05 03:05,4128.77,4135.08,4127.91,4132.37
2026.08.05 03:10,4132.46,4135.98,4132.27,4135.71
2026.08.05 03:15,4135.82,4136.37,4130.42,4131.14
2026.08.05 03:20,4131.03,4132.75,4130.22,4131.37
2026.08.05 03:25,4131.38,4132.21,4129.80,4130.19
2026.08.05 03:30,4130.34,4130.70,4127.56,4128.19
2026.08.05 03:35,4128.11,4129.08,4127.53,4127.60
2026.08.05 03:40,4127.58,4128.80,4127.46,4128.46
2026.08.05 03:45,4128.45,4130.16,4127.45,4127.47
2026.08.05 03:50,4127.55,4128.73,4127.43,4128.23
2026.08.05 03:55,4128.20,4129.42,4127.52,4128.23
2026.08.05 04:00,4128.16,4136.14,4128.16,4134.83
2026.08.05 04:05,4135.01,4139.96,4133.96,4139.30
2026.08.05 04:10,4139.34,4141.27,4137.87,4138.46
2026.08.05 04:15,4138.46,4140.90,4137.71,4140.61
2026.08.05 04:20,4140.61,4140.99,4138.53,4138.91
2026.08.05 04:25,4138.91,4139.93,4137.88,4138.47
2026.08.05 04:30,4138.47,4138.71,4136.76,4137.35
2026.08.05 04:35,4137.35,4137.53,4133.27,4134.24
2026.08.05 04:40,4134.54,4136.23,4134.26,4134.47
2026.08.05 04:45,4134.31,4135.28,4132.57,4132.59
2026.08.05 04:50,4132.72,4135.22,4132.43,4134.59
2026.08.05 04:55,4134.60,4135.96,4134.00,4135.41
2026.08.05 05:00,4135.41,4137.15,4134.65,4136.57
2026.08.05 05:05,4136.16,4138.05,4135.47,4135.79
2026.08.05 05:10,4135.98,4137.98,4135.69,4137.16
2026.08.05 05:15,4137.16,4137.97,4135.55,4137.47
2026.08.05 05:20,4137.10,4142.00,4137.09,4141.38
2026.08.05 05:25,4141.32,4141.36,4138.16,4139.47
2026.08.05 05:30,4139.73,4146.35,4139.62,4143.42
2026.08.05 05:35,4143.42,4154.02,4142.66,4152.10
2026.08.05 05:40,4151.88,4159.28,4149.47,4157.20
2026.08.05 05:45,4157.23,4171.28,4156.98,4164.79
2026.08.05 05:50,4164.99,4172.75,4164.74,4166.92
2026.08.05 05:55,4167.24,4171.37,4161.41,4161.41
2026.08.05 06:00,4161.42,4166.25,4160.11,4162.14
2026.08.05 06:05,4162.01,4169.83,4160.56,4169.83
2026.08.05 06:10,4169.91,4174.09,4168.89,4173.09
2026.08.05 06:15,4173.11,4173.25,4166.08,4166.13
2026.08.05 06:20,4166.31,4167.71,4161.08,4165.80
2026.08.05 06:25,4165.82,4168.77,4163.61,4168.74
2026.08.05 06:30,4168.61,4173.73,4166.95,4172.95
2026.08.05 06:35,4173.16,4178.15,4173.16,4175.40
2026.08.05 06:40,4175.36,4176.99,4172.79,4175.56
2026.08.05 06:45,4175.63,4176.33,4172.45,4175.77
2026.08.05 06:50,4175.77,4176.50,4173.02,4175.52
2026.08.05 06:55,4175.50,4178.37,4175.26,4177.55
2026.08.05 07:00,4177.91,4179.42,4170.63,4170.77
2026.08.05 07:05,4170.63,4172.49,4168.82,4170.18
2026.08.05 07:10,4170.28,4171.77,4166.17,4166.22
2026.08.05 07:15,4166.21,4169.11,4165.90,4168.85
2026.08.05 07:20,4168.81,4169.23,4166.60,4168.15
2026.08.05 07:25,4168.20,4168.83,4163.13,4164.20
2026.08.05 07:30,4164.25,4165.33,4162.93,4163.38
2026.08.05 07:35,4163.21,4166.43,4162.23,4164.96
2026.08.05 07:40,4164.97,4166.53,4164.34,4166.53
2026.08.05 07:45,4166.55,4168.68,4164.15,4165.97
2026.08.05 07:50,4166.01,4167.70,4164.69,4165.23
2026.08.05 07:55,4165.23,4171.93,4165.15,4170.76
2026.08.05 08:00,4170.76,4172.51,4169.08,4170.51
2026.08.05 08:05,4170.51,4170.51,4168.06,4169.56
2026.08.05 08:10,4169.56,4169.56,4164.87,4165.43
2026.08.05 08:15,4165.35,4168.04,4165.32,4166.61
2026.08.05 08:20,4166.45,4166.69,4162.06,4162.67
2026.08.05 08:25,4162.68,4164.99,4162.37,4164.45
2026.08.05 08:30,4164.45,4165.83,4162.79,4165.11
2026.08.05 08:35,4165.13,4165.58,4163.45,4164.32
2026.08.05 08:40,4164.35,4167.05,4161.52,4166.12
2026.08.05 08:45,4165.89,4166.21,4160.03,4161.99
2026.08.05 08:50,4162.08,4162.48,4160.11,4161.47
2026.08.05 08:55,4161.47,4161.73,4158.92,4160.33
2026.08.05 09:00,4160.41,4164.80,4160.35,4164.30
2026.08.05 09:05,4164.23,4167.14,4164.16,4164.51
2026.08.05 09:10,4164.54,4165.46,4162.10,4162.87
2026.08.05 09:15,4162.88,4162.88,4159.37,4160.06
2026.08.05 09:20,4160.09,4161.15,4155.16,4157.20
2026.08.05 09:25,4157.20,4158.31,4156.00,4157.56
2026.08.05 09:30,4157.54,4158.47,4154.63,4156.78
2026.08.05 09:35,4156.72,4159.07,4154.40,4157.63
2026.08.05 09:40,4157.63,4158.08,4155.05,4158.00
2026.08.05 09:45,4157.99,4158.61,4156.31,4157.55
2026.08.05 09:50,4157.49,4158.02,4156.20,4157.55
2026.08.05 09:55,4157.55,4159.08,4153.00,4157.88
2026.08.05 10:00,4157.84,4157.84,4151.92,4152.25
2026.08.05 10:05,4152.28,4153.66,4152.16,4153.24
2026.08.05 10:10,4153.24,4153.24,4150.21,4151.00
2026.08.05 10:15,4150.99,4155.80,4150.08,4155.76
2026.08.05 10:20,4155.63,4157.85,4155.38,4156.04
2026.08.05 10:25,4156.05,4158.34,4155.05,4156.59
2026.08.05 10:30,4156.62,4157.72,4154.96,4155.04
2026.08.05 10:35,4155.04,4156.07,4153.72,4155.19
2026.08.05 10:40,4155.18,4156.58,4153.91,4154.95
2026.08.05 10:45,4155.34,4156.25,4154.13,4155.36
2026.08.05 10:50,4155.06,4156.22,4153.94,4156.10
2026.08.05 10:55,4156.04,4161.32,4155.79,4161.28
2026.08.05 11:00,4161.28,4164.01,4160.77,4163.91
2026.08.05 11:05,4163.76,4166.44,4163.03,4166.44
2026.08.05 11:10,4166.43,4170.90,4166.24,4170.77
2026.08.05 11:15,4170.78,4173.61,4169.94,4171.33
2026.08.05 11:20,4171.34,4173.04,4169.67,4170.41
2026.08.05 11:25,4170.35,4180.45,4169.28,4175.85
2026.08.05 11:30,4176.09,4181.35,4174.01,4180.49
2026.08.05 11:35,4180.67,4187.59,4180.67,4185.10
2026.08.05 11:40,4184.93,4188.45,4182.53,4184.71
2026.08.05 11:45,4184.75,4187.19,4182.85,4185.67
2026.08.05 11:50,4185.66,4189.08,4185.45,4188.90
2026.08.05 11:55,4189.00,4192.43,4188.08,4188.79
2026.08.05 12:00,4188.99,4195.06,4188.77,4194.69
2026.08.05 12:05,4194.64,4199.04,4194.01,4197.72
2026.08.05 12:10,4197.80,4199.78,4196.92,4197.15
2026.08.05 12:15,4197.12,4208.58,4197.12,4205.13
2026.08.05 12:20,4205.25,4213.37,4205.12,4211.02
2026.08.05 12:25,4211.17,4211.58,4204.82,4205.14
2026.08.05 12:30,4205.14,4208.84,4197.60,4199.59
2026.08.05 12:35,4199.67,4204.10,4198.38,4200.23
2026.08.05 12:40,4200.27,4200.61,4192.70,4194.59
2026.08.05 12:45,4194.72,4195.59,4190.99,4193.73
2026.08.05 12:50,4193.85,4193.88,4186.49,4187.23
2026.08.05 12:55,4187.24,4188.48,4183.16,4183.79
2026.08.05 13:00,4183.61,4195.07,4183.61,4193.96
2026.08.05 13:05,4193.97,4196.95,4191.27,4193.98
2026.08.05 13:10,4194.07,4195.31,4186.77,4187.83
2026.08.05 13:15,4187.84,4190.60,4185.63,4190.53
2026.08.05 13:20,4190.40,4197.48,4190.02,4194.52
2026.08.05 13:25,4194.82,4197.93,4193.44,4196.94
2026.08.05 13:30,4197.13,4203.77,4194.73,4202.35
2026.08.05 13:35,4202.13,4204.65,4192.57,4200.70
2026.08.05 13:40,4200.64,4203.85,4197.40,4197.60
2026.08.05 13:45,4197.90,4199.35,4190.73,4193.25
2026.08.05 13:50,4193.42,4201.04,4189.49,4200.84
2026.08.05 13:55,4200.84,4206.61,4200.05,4205.75
2026.08.05 14:00,4205.88,4210.69,4203.46,4210.35
2026.08.05 14:05,4210.59,4228.23,4210.48,4227.49
2026.08.05 14:10,4227.72,4234.74,4225.82,4229.42
2026.08.05 14:15,4229.22,4238.63,4226.70,4236.34
2026.08.05 14:20,4236.38,4238.20,4230.58,4232.04
2026.08.05 14:25,4231.82,4240.18,4231.56,4236.88
2026.08.05 14:30,4237.00,4242.28,4229.49,4230.55
2026.08.05 14:35,4230.64,4233.96,4228.70,4231.53
2026.08.05 14:40,4231.59,4243.27,4229.74,4243.08
2026.08.05 14:45,4243.03,4247.45,4241.14,4247.45
2026.08.05 14:50,4247.19,4247.35,4233.25,4237.73
2026.08.05 14:55,4237.96,4245.62,4235.89,4244.08
2026.08.05 15:00,4244.05,4259.34,4242.89,4255.44
2026.08.05 15:05,4255.52,4259.23,4251.66,4256.33
2026.08.05 15:10,4256.27,4260.66,4255.43,4257.91
2026.08.05 15:15,4257.68,4258.37,4250.14,4257.27
2026.08.05 15:20,4257.18,4261.83,4256.20,4259.96
2026.08.05 15:25,4259.90,4265.01,4257.10,4257.25
2026.08.05 15:30,4257.24,4258.98,4254.47,4255.05
2026.08.05 15:35,4254.86,4259.59,4254.16,4257.51
2026.08.05 15:40,4257.51,4257.53,4252.30,4255.71
2026.08.05 15:45,4255.72,4255.72,4249.26,4249.75
2026.08.05 15:50,4249.81,4250.11,4241.31,4243.14
2026.08.05 15:55,4243.23,4243.39,4232.33,4232.63
2026.08.05 16:00,4232.67,4234.25,4225.48,4225.71
2026.08.05 16:05,4225.73,4235.44,4224.65,4235.23
2026.08.05 16:10,4235.18,4236.06,4231.77,4234.13
2026.08.05 16:15,4234.13,4236.85,4232.61,4233.63
2026.08.05 16:20,4233.75,4240.28,4233.55,4238.72
2026.08.05 16:25,4238.75,4241.62,4238.59,4241.26
2026.08.05 16:30,4241.26,4243.38,4238.98,4240.97
2026.08.05 16:35,4240.87,4245.59,4240.28,4243.66
2026.08.05 16:40,4243.84,4246.81,4243.48,4244.46
2026.08.05 16:45,4244.75,4245.40,4240.92,4242.40
2026.08.05 16:50,4242.39,4247.27,4242.33,4244.48
2026.08.05 16:55,4244.48,4244.48,4238.27,4242.17
2026.08.05 17:00,4242.24,4243.12,4239.12,4243.12
2026.08.05 17:05,4243.10,4244.21,4240.92,4241.56
2026.08.05 17:10,4241.55,4243.95,4241.06,4241.95
2026.08.05 17:15,4241.88,4241.88,4237.85,4238.50
2026.08.05 17:20,4238.44,4240.21,4236.76,4239.95
2026.08.05 17:25,4239.98,4246.31,4237.22,4244.67
2026.08.05 17:30,4244.40,4248.12,4240.79,4248.01
2026.08.05 17:35,4248.00,4250.39,4245.86,4250.04
2026.08.05 17:40,4250.04,4250.58,4247.63,4248.18
2026.08.05 17:45,4248.17,4250.65,4247.37,4248.88
2026.08.05 17:50,4248.96,4250.22,4248.46,4249.48
2026.08.05 17:55,4249.30,4252.26,4249.27,4250.16
2026.08.05 18:00,4249.73,4254.04,4249.09,4252.94
2026.08.05 18:05,4252.79,4257.29,4252.78,4255.55
2026.08.05 18:10,4255.47,4257.42,4252.97,4253.08
2026.08.05 18:15,4253.08,4257.28,4252.98,4256.85
2026.08.05 18:20,4256.84,4267.52,4256.79,4263.31
2026.08.05 18:25,4263.28,4265.31,4262.06,4262.90
2026.08.05 18:30,4262.91,4263.53,4254.53,4255.17
2026.08.05 18:35,4255.14,4258.15,4255.09,4257.40
2026.08.05 18:40,4257.41,4260.24,4257.02,4259.23
2026.08.05 18:45,4259.24,4261.38,4257.93,4258.80
2026.08.05 18:50,4258.87,4262.49,4258.50,4262.03
2026.08.05 18:55,4262.02,4263.42,4260.49,4260.76
2026.08.05 19:00,4260.67,4262.01,4259.21,4261.89
2026.08.05 19:05,4261.95,4262.00,4257.53,4257.77
2026.08.05 19:10,4257.72,4258.92,4256.05,4258.04
2026.08.05 19:15,4258.14,4258.14,4250.60,4251.62
2026.08.05 19:20,4251.94,4255.41,4250.44,4255.38
2026.08.05 19:25,4255.31,4256.01,4252.76,4252.80
2026.08.05 19:30,4252.97,4253.90,4249.53,4249.60
2026.08.05 19:35,4249.71,4250.83,4248.32,4250.16
2026.08.05 19:40,4250.18,4253.43,4250.18,4253.12
2026.08.05 19:45,4253.03,4253.35,4247.97,4248.44
2026.08.05 19:50,4248.73,4249.62,4247.12,4248.73
2026.08.05 19:55,4248.84,4249.22,4246.29,4247.46
2026.08.05 20:00,4246.93,4249.40,4246.61,4248.51
2026.08.05 20:05,4248.51,4248.86,4246.89,4247.63
2026.08.05 20:10,4247.68,4249.47,4247.45,4249.05
2026.08.05 20:15,4249.18,4249.55,4245.45,4246.08
2026.08.05 20:20,4245.82,4247.13,4245.45,4246.94
2026.08.05 20:25,4246.94,4246.97,4245.55,4246.13
2026.08.05 20:30,4246.08,4249.35,4245.77,4249.09
2026.08.05 20:35,4249.15,4249.20,4246.55,4246.65
2026.08.05 20:40,4246.65,4247.32,4245.04,4245.31
2026.08.05 20:45,4245.31,4245.40,4243.73,4244.08
2026.08.05 20:50,4244.00,4245.22,4243.73,4244.15
2026.08.05 20:55,4244.19,4247.53,4242.94,4247.23
2026.08.05 22:00,4247.38,4253.95,4246.80,4249.11
2026.08.05 22:05,4249.19,4249.25,4245.58,4246.56
2026.08.05 22:10,4246.87,4248.15,4246.48,4247.54
2026.08.05 22:15,4247.44,4248.21,4247.17,4247.53
2026.08.05 22:20,4247.53,4248.85,4246.93,4248.19
2026.08.05 22:25,4248.18,4248.60,4247.23,4248.00
2026.08.05 22:30,4248.00,4249.77,4247.59,4249.29
2026.08.05 22:35,4249.31,4250.14,4248.94,4249.33
2026.08.05 22:40,4249.33,4249.73,4247.89,4248.16
2026.08.05 22:45,4248.07,4248.98,4247.68,4248.58
2026.08.05 22:50,4248.52,4249.21,4248.03,4248.18
2026.08.05 22:55,4248.37,4250.22,4247.88,4249.90
2026.08.05 23:00,4250.07,4252.65,4249.04,4252.60
2026.08.05 23:05,4252.70,4254.28,4251.48,4251.98
2026.08.05 23:10,4251.96,4258.15,4251.85,4256.09
2026.08.05 23:15,4256.03,4260.61,4255.93,4259.40
2026.08.05 23:20,4259.40,4262.75,4257.61,4262.12
2026.08.05 23:25,4262.12,4263.92,4260.36,4263.36
2026.08.05 23:30,4263.39,4265.20,4260.99,4264.97
2026.08.05 23:35,4265.03,4279.64,4265.01,4277.87
2026.08.05 23:40,4277.94,4281.79,4276.34,4280.60
2026.08.05 23:45,4280.60,4280.60,4272.00,4274.62
2026.08.05 23:50,4274.57,4276.99,4272.44,4275.52
2026.08.05 23:55,4275.53,4279.56,4274.21,4278.02
2026.08.06 00:00,4277.64,4277.64,4264.75,4268.19
2026.08.06 00:05,4268.22,4276.85,4266.10,4271.42
2026.08.06 00:10,4271.43,4273.16,4264.43,4270.57
2026.08.06 00:15,4270.72,4276.75,4270.72,4274.41
2026.08.06 00:20,4274.39,4283.76,4273.44,4282.20
2026.08.06 00:25,4282.33,4284.34,4272.57,4274.01
2026.08.06 00:30,4273.90,4286.77,4273.90,4286.02
2026.08.06 00:35,4285.98,4290.98,4282.88,4285.43
2026.08.06 00:40,4285.40,4288.96,4284.29,4286.36
2026.08.06 00:45,4286.62,4295.24,4286.62,4288.19
2026.08.06 00:50,4287.54,4296.73,4286.04,4296.32
2026.08.06 00:55,4296.50,4300.15,4293.78,4294.62
2026.08.06 01:00,4294.97,4302.40,4291.22,4293.00
2026.08.06 01:05,4292.96,4298.33,4286.72,4296.80
2026.08.06 01:10,4296.84,4298.48,4280.15,4284.65
2026.08.06 01:15,4284.64,4287.88,4283.24,4283.74
2026.08.06 01:20,4283.89,4284.82,4272.90,4282.98
2026.08.06 01:25,4283.16,4285.50,4273.66,4275.99
2026.08.06 01:30,4276.00,4286.31,4275.76,4283.97
2026.08.06 01:35,4284.36,4297.10,4281.33,4292.32
2026.08.06 01:40,4292.59,4292.59,4287.61,4287.61
2026.08.06 01:45,4287.63,4295.21,4283.45,4293.32
2026.08.06 01:50,4293.15,4297.24,4287.36,4287.36
2026.08.06 01:55,4287.34,4288.72,4284.81,4286.44
2026.08.06 02:00,4285.81,4296.98,4283.49,4296.68
2026.08.06 02:05,4296.88,4303.97,4296.88,4301.04
2026.08.06 02:10,4301.06,4302.32,4292.46,4295.05
2026.08.06 02:15,4295.02,4299.87,4292.37,4293.77
2026.08.06 02:20,4293.77,4294.73,4292.27,4293.42
2026.08.06 02:25,4293.46,4294.82,4291.74,4292.03
2026.08.06 02:30,4291.82,4292.16,4282.20,4285.85
2026.08.06 02:35,4285.81,4288.18,4284.18,4285.16
2026.08.06 02:40,4285.24,4285.68,4280.98,4285.66
2026.08.06 02:45,4285.64,4287.03,4274.93,4276.51
2026.08.06 02:50,4276.63,4280.47,4275.97,4277.96
2026.08.06 02:55,4277.81,4279.87,4276.54,4278.49
2026.08.06 03:00,4278.49,4278.49,4275.18,4276.19
2026.08.06 03:05,4276.19,4280.83,4276.03,4279.07
2026.08.06 03:10,4278.99,4279.92,4273.75,4274.07
2026.08.06 03:15,4273.86,4273.88,4264.34,4267.04
2026.08.06 03:20,4267.08,4267.36,4263.71,4263.90
2026.08.06 03:25,4263.95,4266.07,4260.80,4266.05
2026.08.06 03:30,4266.07,4266.51,4263.15,4266.45
2026.08.06 03:35,4266.47,4266.65,4263.21,4263.57
2026.08.06 03:40,4263.58,4264.34,4261.44,4262.70
2026.08.06 03:45,4262.73,4263.47,4260.52,4262.93
2026.08.06 03:50,4262.92,4264.09,4261.20,4263.51
2026.08.06 03:55,4263.51,4265.67,4262.61,4265.52
2026.08.06 04:00,4265.59,4266.64,4262.08,4265.19
2026.08.06 04:05,4265.21,4267.12,4263.03,4265.81
2026.08.06 04:10,4265.73,4266.61,4262.42,4263.20
2026.08.06 04:15,4263.20,4263.74,4261.53,4261.57
2026.08.06 04:20,4261.57,4263.24,4260.43,4260.57
2026.08.06 04:25,4260.66,4261.97,4252.90,4255.13
2026.08.06 04:30,4255.28,4259.14,4255.28,4258.39
2026.08.06 04:35,4258.42,4260.85,4256.99,4259.56
2026.08.06 04:40,4259.56,4261.04,4257.82,4258.94
2026.08.06 04:45,4258.99,4260.46,4258.59,4260.23
2026.08.06 04:50,4260.22,4262.79,4258.24,4261.88
2026.08.06 04:55,4261.87,4262.60,4260.72,4262.09
2026.08.06 05:00,4261.98,4265.17,4259.48,4260.55
2026.08.06 05:05,4260.55,4260.74,4258.74,4259.71
2026.08.06 05:10,4259.71,4260.40,4256.46,4259.39
2026.08.06 05:15,4259.33,4259.41,4256.01,4256.60
2026.08.06 05:20,4256.61,4257.22,4253.64,4255.14
2026.08.06 05:25,4255.16,4255.38,4253.02,4253.79
2026.08.06 05:30,4253.86,4257.74,4247.08,4257.46
2026.08.06 05:35,4257.45,4261.88,4256.80,4261.83
2026.08.06 05:40,4261.97,4265.99,4261.19,4263.61
2026.08.06 05:45,4263.65,4266.51,4262.21,4262.38
2026.08.06 05:50,4262.45,4268.45,4262.02,4266.61
2026.08.06 05:55,4266.69,4267.77,4264.07,4267.16
2026.08.06 06:00,4267.16,4268.46,4265.31,4267.28
2026.08.06 06:05,4267.28,4267.94,4261.75,4262.58
2026.08.06 06:10,4262.61,4262.75,4256.59,4260.49
2026.08.06 06:15,4260.29,4261.11,4254.46,4259.79
2026.08.06 06:20,4259.80,4259.96,4255.25,4257.50
2026.08.06 06:25,4257.41,4257.82,4255.54,4257.45
2026.08.06 06:30,4257.44,4257.86,4254.19,4254.74
2026.08.06 06:35,4254.78,4255.60,4252.83,4253.36
2026.08.06 06:40,4253.35,4256.62,4249.28,4256.62
2026.08.06 06:45,4256.56,4258.02,4253.97,4254.74
2026.08.06 06:50,4254.68,4255.82,4250.90,4252.24
2026.08.06 06:55,4252.23,4256.32,4251.94,4256.03
2026.08.06 07:00,4255.81,4256.48,4253.20,4256.19
2026.08.06 07:05,4256.27,4260.04,4255.69,4259.39
2026.08.06 07:10,4259.35,4263.62,4259.35,4263.14
2026.08.06 07:15,4263.03,4265.23,4261.23,4264.33
2026.08.06 07:20,4264.21,4264.58,4258.18,4261.71
2026.08.06 07:25,4261.71,4263.68,4261.26,4261.77
2026.08.06 07:30,4261.78,4261.88,4259.82,4259.82
2026.08.06 07:35,4259.82,4259.94,4256.47,4256.68
2026.08.06 07:40,4256.69,4258.16,4254.70,4254.82
2026.08.06 07:45,4255.00,4257.13,4252.97,4254.09
2026.08.06 07:50,4254.10,4259.56,4252.47,4259.56
2026.08.06 07:55,4259.47,4262.81,4258.31,4262.64
2026.08.06 08:00,4262.79,4265.64,4260.19,4261.04
2026.08.06 08:05,4261.23,4264.71,4260.35,4264.50
2026.08.06 08:10,4264.58,4269.32,4264.54,4268.82
2026.08.06 08:15,4268.66,4270.45,4267.69,4269.18
2026.08.06 08:20,4269.15,4269.18,4263.78,4265.51
2026.08.06 08:25,4265.37,4269.19,4263.48,4267.76
2026.08.06 08:30,4267.66,4274.17,4266.36,4273.50
2026.08.06 08:35,4273.49,4274.81,4270.76,4271.31
2026.08.06 08:40,4271.28,4274.06,4270.55,4273.00
2026.08.06 08:45,4273.03,4274.96,4270.30,4273.28
2026.08.06 08:50,4273.60,4277.10,4272.63,4274.96
2026.08.06 08:55,4275.01,4278.70,4274.26,4278.09
2026.08.06 09:00,4278.10,4283.49,4277.26,4279.98
2026.08.06 09:05,4280.18,4280.60,4275.96,4276.45
2026.08.06 09:10,4276.59,4279.74,4276.41,4279.74
2026.08.06 09:15,4279.99,4282.99,4279.67,4282.37
2026.08.06 09:20,4282.53,4284.62,4280.52,4283.39
2026.08.06 09:25,4283.49,4283.49,4278.52,4283.22
2026.08.06 09:30,4283.21,4284.11,4277.74,4278.87
2026.08.06 09:35,4278.83,4279.34,4276.14,4278.73
2026.08.06 09:40,4278.87,4279.03,4271.76,4271.79
2026.08.06 09:45,4271.95,4276.10,4271.76,4275.93
2026.08.06 09:50,4275.93,4275.93,4271.33,4271.43
2026.08.06 09:55,4271.48,4272.99,4271.29,4272.97
2026.08.06 10:00,4272.95,4273.52,4270.69,4271.48
2026.08.06 10:05,4271.48,4271.98,4269.28,4270.57
2026.08.06 10:10,4270.58,4270.85,4268.53,4269.48
2026.08.06 10:15,4269.48,4269.48,4267.11,4268.91
2026.08.06 10:20,4268.91,4270.76,4267.68,4270.76
2026.08.06 10:25,4270.77,4270.85,4267.75,4269.13
2026.08.06 10:30,4269.13,4269.62,4266.51,4267.94
2026.08.06 10:35,4267.87,4268.99,4267.20,4268.57
2026.08.06 10:40,4268.54,4269.46,4264.60,4265.42
2026.08.06 10:45,4265.27,4270.13,4264.79,4270.10
2026.08.06 10:50,4270.09,4271.39,4268.74,4270.40
2026.08.06 10:55,4270.32,4271.32,4269.12,4270.68
2026.08.06 11:00,4270.69,4273.21,4267.90,4268.52
2026.08.06 11:05,4268.45,4269.94,4266.47,4267.13
2026.08.06 11:10,4267.07,4269.00,4266.82,4268.92
2026.08.06 11:15,4269.05,4271.31,4263.94,4265.68
2026.08.06 11:20,4265.74,4266.23,4260.52,4261.36
2026.08.06 11:25,4261.36,4264.11,4260.60,4264.05
2026.08.06 11:30,4264.17,4266.81,4263.23,4264.65
2026.08.06 11:35,4264.58,4266.85,4261.06,4261.87
2026.08.06 11:40,4261.87,4262.29,4259.68,4260.54
2026.08.06 11:45,4260.70,4260.71,4255.28,4256.33
2026.08.06 11:50,4256.40,4258.44,4254.10,4256.49
2026.08.06 11:55,4256.66,4263.32,4255.30,4263.22
2026.08.06 12:00,4263.50,4265.62,4260.62,4263.95
2026.08.06 12:05,4263.99,4264.00,4257.14,4257.59
2026.08.06 12:10,4257.74,4259.27,4255.54,4256.09
2026.08.06 12:15,4256.10,4257.25,4253.20,4256.93
2026.08.06 12:20,4256.94,4262.75,4256.00,4260.74
2026.08.06 12:25,4260.77,4261.43,4256.76,4261.43
2026.08.06 12:30,4261.58,4269.90,4258.13,4267.68
2026.08.06 12:35,4267.77,4270.64,4267.07,4270.20
2026.08.06 12:40,4269.99,4270.58,4266.29,4266.96
2026.08.06 12:45,4266.93,4267.48,4254.30,4255.48
2026.08.06 12:50,4255.51,4256.31,4250.96,4250.96
2026.08.06 12:55,4251.08,4254.54,4248.96,4250.11
2026.08.06 13:00,4250.02,4255.63,4249.69,4252.27
2026.08.06 13:05,4252.26,4252.52,4230.72,4231.63
2026.08.06 13:10,4231.60,4239.30,4230.77,4238.31
2026.08.06 13:15,4238.23,4244.24,4235.90,4243.99
2026.08.06 13:20,4244.18,4248.09,4240.96,4242.83
2026.08.06 13:25,4242.74,4247.98,4240.66,4247.52
2026.08.06 13:30,4247.55,4252.00,4245.87,4250.61
2026.08.06 13:35,4250.43,4264.98,4250.23,4258.82
2026.08.06 13:40,4258.73,4274.04,4258.54,4270.16
2026.08.06 13:45,4270.10,4270.16,4262.70,4263.67
2026.08.06 13:50,4263.83,4267.77,4262.20,4266.24
2026.08.06 13:55,4266.36,4269.50,4265.51,4267.03
2026.08.06 14:00,4267.02,4271.39,4265.20,4267.13
2026.08.06 14:05,4266.73,4271.24,4264.02,4264.79
2026.08.06 14:10,4265.12,4275.12,4264.95,4268.05
2026.08.06 14:15,4268.07,4268.34,4260.40,4265.53
2026.08.06 14:20,4265.54,4267.19,4261.14,4262.08
2026.08.06 14:25,4262.08,4268.90,4260.03,4265.32
2026.08.06 14:30,4265.96,4274.56,4265.81,4272.10
2026.08.06 14:35,4272.00,4274.61,4269.89,4270.12
2026.08.06 14:40,4270.14,4274.68,4269.85,4273.45
2026.08.06 14:45,4273.47,4274.67,4265.05,4265.17
2026.08.06 14:50,4265.24,4271.03,4262.80,4270.92
2026.08.06 14:55,4270.76,4273.04,4267.30,4272.89
2026.08.06 15:00,4272.94,4274.15,4268.54,4270.27
2026.08.06 15:05,4270.28,4271.51,4265.37,4266.19
2026.08.06 15:10,4266.21,4268.00,4261.82,4263.66
2026.08.06 15:15,4263.58,4263.72,4256.33,4256.67
2026.08.06 15:20,4256.61,4257.93,4250.50,4254.55
2026.08.06 15:25,4255.03,4259.08,4253.41,4254.75
2026.08.06 15:30,4254.74,4255.40,4249.07,4249.08
2026.08.06 15:35,4249.06,4252.68,4245.63,4251.93
2026.08.06 15:40,4251.86,4252.98,4248.06,4251.40
2026.08.06 15:45,4251.38,4251.41,4247.67,4247.92
2026.08.06 15:50,4247.37,4249.95,4234.31,4234.72
2026.08.06 15:55,4234.79,4237.49,4229.53,4233.49
2026.08.06 16:00,4233.50,4238.25,4232.25,4237.81
2026.08.06 16:05,4237.93,4242.88,4236.73,4241.73
2026.08.06 16:10,4241.59,4242.33,4230.90,4232.70
2026.08.06 16:15,4232.57,4232.88,4224.63,4226.91
2026.08.06 16:20,4227.22,4227.97,4223.48,4224.44
2026.08.06 16:25,4224.35,4230.33,4223.34,4230.05
2026.08.06 16:30,4230.00,4233.65,4230.00,4232.14
2026.08.06 16:35,4232.15,4235.96,4231.87,4235.10
2026.08.06 16:40,4235.15,4235.33,4232.03,4233.38
2026.08.06 16:45,4233.48,4236.52,4231.67,4236.51
2026.08.06 16:50,4236.54,4237.70,4235.20,4237.14
2026.08.06 16:55,4237.08,4242.44,4237.05,4241.33
2026.08.06 17:00,4241.34,4243.03,4239.32,4241.62
2026.08.06 17:05,4241.62,4243.32,4240.43,4242.88
2026.08.06 17:10,4242.83,4244.45,4240.76,4240.83
2026.08.06 17:15,4240.91,4241.60,4239.11,4241.29
2026.08.06 17:20,4241.29,4242.28,4238.38,4239.76
2026.08.06 17:25,4239.96,4242.60,4239.23,4241.64
2026.08.06 17:30,4241.57,4241.86,4238.91,4240.60
2026.08.06 17:35,4240.73,4243.46,4238.42,4241.98
2026.08.06 17:40,4242.04,4243.03,4241.33,4241.92
2026.08.06 17:45,4241.86,4242.64,4240.32,4241.73
2026.08.06 17:50,4241.73,4247.98,4241.73,4246.96
2026.08.06 17:55,4246.81,4248.02,4245.58,4247.10
2026.08.06 18:00,4247.11,4247.35,4244.08,4245.68
2026.08.06 18:05,4245.64,4248.97,4245.64,4248.22
2026.08.06 18:10,4248.22,4248.68,4246.39,4246.74
2026.08.06 18:15,4246.79,4249.02,4246.13,4247.74
2026.08.06 18:20,4247.71,4249.53,4246.82,4247.90
2026.08.06 18:25,4247.89,4248.16,4246.33,4246.60
2026.08.06 18:30,4246.60,4247.67,4243.42,4243.93
2026.08.06 18:35,4243.86,4244.68,4242.49,4243.23
2026.08.06 18:40,4243.23,4243.66,4240.60,4241.71
2026.08.06 18:45,4241.72,4244.90,4241.51,4244.68
2026.08.06 18:50,4244.68,4245.50,4241.55,4241.60
2026.08.06 18:55,4241.60,4243.39,4240.64,4243.31
2026.08.06 19:00,4243.37,4248.80,4242.96,4248.33
2026.08.06 19:05,4248.32,4248.97,4246.87,4248.97
2026.08.06 19:10,4249.02,4251.15,4247.08,4247.19
2026.08.06 19:15,4247.33,4248.45,4245.15,4245.37
2026.08.06 19:20,4245.42,4247.09,4239.94,4240.11
2026.08.06 19:25,4240.27,4241.76,4235.15,4237.28
2026.08.06 19:30,4237.30,4238.49,4235.74,4238.41
2026.08.06 19:35,4238.08,4239.48,4236.05,4236.38
2026.08.06 19:40,4236.49,4236.85,4232.96,4234.44
2026.08.06 19:45,4234.53,4239.00,4234.51,4237.64
2026.08.06 19:50,4237.60,4250.56,4237.60,4247.01
2026.08.06 19:55,4246.77,4249.07,4243.78,4248.83
2026.08.06 20:00,4248.79,4250.05,4245.99,4246.96
2026.08.06 20:05,4246.98,4247.42,4245.29,4245.65
2026.08.06 20:10,4245.79,4246.64,4242.75,4244.47
2026.08.06 20:15,4244.66,4245.50,4243.63,4244.11
2026.08.06 20:20,4244.11,4244.74,4242.01,4242.32
2026.08.06 20:25,4242.35,4243.02,4239.86,4241.84
2026.08.06 20:30,4241.84,4241.84,4240.83,4241.18
2026.08.06 20:35,4241.23,4242.40,4239.65,4240.15
2026.08.06 20:40,4240.15,4240.15,4235.06,4235.30
2026.08.06 20:45,4235.18,4238.78,4234.67,4236.50
2026.08.06 20:50,4236.39,4241.78,4235.81,4241.43
2026.08.06 20:55,4241.37,4241.37,4239.61,4239.73
2026.08.06 22:00,4241.11,4241.49,4235.70,4236.44
2026.08.06 22:05,4236.51,4238.40,4236.35,4237.91
2026.08.06 22:10,4237.88,4238.84,4236.62,4238.81
2026.08.06 22:15,4238.86,4241.33,4238.85,4240.81
2026.08.06 22:20,4240.89,4242.53,4239.57,4242.03
2026.08.06 22:25,4242.00,4243.35,4241.10,4242.27
2026.08.06 22:30,4242.27,4243.30,4241.32,4241.42
2026.08.06 22:35,4241.42,4241.74,4240.04,4240.15
2026.08.06 22:40,4240.26,4241.07,4238.91,4239.27
2026.08.06 22:45,4239.27,4241.96,4238.78,4241.61
2026.08.06 22:50,4241.61,4242.73,4240.90,4241.94
2026.08.06 22:55,4241.94,4241.94,4240.68,4240.68
2026.08.06 23:00,4240.35,4243.00,4240.16,4242.03
2026.08.06 23:05,4242.26,4245.56,4242.26,4243.82
2026.08.06 23:10,4243.82,4245.11,4243.57,4245.11
2026.08.06 23:15,4245.11,4245.94,4244.57,4245.47
2026.08.06 23:20,4245.43,4245.85,4245.36,4245.81
2026.08.06 23:25,4245.81,4245.97,4243.00,4245.13
2026.08.06 23:30,4245.13,4248.61,4245.07,4247.04
2026.08.06 23:35,4247.04,4247.64,4245.96,4245.97
2026.08.06 23:40,4245.97,4247.77,4244.81,4246.55
2026.08.06 23:45,4246.60,4248.94,4245.71,4248.45
2026.08.06 23:50,4248.45,4252.09,4248.45,4251.71
2026.08.06 23:55,4251.63,4253.14,4250.39,4252.23
2026.08.07 00:00,4251.70,4252.60,4247.48,4249.53
2026.08.07 00:05,4249.57,4250.92,4248.84,4249.24
2026.08.07 00:10,4249.25,4249.25,4243.30,4244.57
2026.08.07 00:15,4244.72,4246.07,4241.19,4242.21
2026.08.07 00:20,4242.22,4245.35,4239.51,4239.76
2026.08.07 00:25,4239.73,4244.03,4239.09,4243.72
2026.08.07 00:30,4243.89,4243.89,4240.37,4241.43
2026.08.07 00:35,4241.46,4242.39,4235.24,4235.48
2026.08.07 00:40,4235.47,4235.75,4230.16,4234.66
2026.08.07 00:45,4234.65,4236.74,4231.23,4231.23
2026.08.07 00:50,4231.22,4234.73,4231.18,4233.68
2026.08.07 00:55,4233.76,4234.00,4229.56,4232.65
2026.08.07 01:00,4232.60,4243.02,4231.73,4241.68
2026.08.07 01:05,4241.29,4246.63,4239.98,4242.37
2026.08.07 01:10,4242.42,4244.90,4240.49,4244.09
2026.08.07 01:15,4244.25,4246.24,4243.25,4244.38
2026.08.07 01:20,4244.37,4250.12,4240.95,4241.57
2026.08.07 01:25,4241.58,4245.89,4240.10,4243.28
2026.08.07 01:30,4243.30,4245.13,4239.13,4242.81
2026.08.07 01:35,4242.90,4246.23,4241.58,4246.20
2026.08.07 01:40,4246.34,4258.56,4245.87,4256.65
2026.08.07 01:45,4256.39,4258.58,4252.34,4253.89
2026.08.07 01:50,4253.84,4255.16,4251.92,4254.32
2026.08.07 01:55,4254.27,4259.19,4253.82,4256.69
2026.08.07 02:00,4256.61,4261.53,4255.96,4261.08
2026.08.07 02:05,4261.03,4261.21,4257.98,4258.81
2026.08.07 02:10,4258.95,4259.63,4257.36,4258.62
2026.08.07 02:15,4258.63,4261.01,4257.78,4258.14
2026.08.07 02:20,4258.13,4260.79,4257.45,4260.43
2026.08.07 02:25,4260.40,4261.09,4259.40,4260.49
2026.08.07 02:30,4260.79,4261.40,4256.48,4256.79
2026.08.07 02:35,4256.83,4257.08,4252.11,4252.85
2026.08.07 02:40,4252.88,4254.84,4249.71,4249.74
2026.08.07 02:45,4249.63,4252.04,4247.09,4250.90
2026.08.07 02:50,4250.86,4255.55,4250.86,4254.44
2026.08.07 02:55,4254.44,4255.89,4249.79,4250.17
2026.08.07 03:00,4250.13,4259.14,4249.56,4258.35
2026.08.07 03:05,4258.08,4258.31,4256.04,4256.62
2026.08.07 03:10,4256.63,4257.23,4252.74,4254.64
2026.08.07 03:15,4254.65,4255.70,4252.80,4253.91
2026.08.07 03:20,4253.91,4256.15,4251.76,4254.73
2026.08.07 03:25,4254.74,4258.62,4254.34,4258.60
2026.08.07 03:30,4258.53,4261.10,4258.53,4259.20
2026.08.07 03:35,4258.96,4260.87,4257.55,4260.39
2026.08.07 03:40,4260.39,4260.97,4259.68,4260.61
2026.08.07 03:45,4260.61,4261.42,4259.22,4260.67
2026.08.07 03:50,4260.67,4260.90,4259.10,4260.33
2026.08.07 03:55,4260.34,4266.15,4260.07,4265.98
2026.08.07 04:00,4266.01,4268.99,4262.10,4264.96
2026.08.07 04:05,4264.71,4267.57,4264.45,4266.42
2026.08.07 04:10,4266.57,4267.55,4263.80,4265.88
2026.08.07 04:15,4265.88,4267.20,4262.15,4262.25
2026.08.07 04:20,4262.26,4268.20,4261.82,4265.62
2026.08.07 04:25,4265.38,4266.98,4263.90,4264.89
2026.08.07 04:30,4264.99,4268.30,4263.86,4267.80
2026.08.07 04:35,4267.82,4268.13,4264.08,4264.55
2026.08.07 04:40,4264.56,4265.82,4260.63,4263.85
2026.08.07 04:45,4263.92,4264.39,4262.20,4264.12
2026.08.07 04:50,4264.09,4266.91,4264.09,4266.91
2026.08.07 04:55,4266.83,4267.13,4264.77,4264.89
2026.08.07 05:00,4264.85,4266.38,4263.29,4265.76
2026.08.07 05:05,4265.79,4266.93,4261.85,4266.93
2026.08.07 05:10,4266.94,4271.08,4266.00,4269.29
2026.08.07 05:15,4269.24,4270.54,4268.10,4268.40
2026.08.07 05:20,4268.41,4270.34,4265.55,4266.49
2026.08.07 05:25,4266.49,4267.64,4264.60,4266.43
2026.08.07 05:30,4266.45,4276.34,4265.99,4275.00
2026.08.07 05:35,4275.01,4277.21,4272.84,4273.32
2026.08.07 05:40,4273.37,4273.69,4270.50,4271.35
2026.08.07 05:45,4271.35,4276.77,4271.35,4276.28
2026.08.07 05:50,4276.20,4279.52,4273.52,4274.57
2026.08.07 05:55,4274.64,4280.41,4274.64,4278.55
2026.08.07 06:00,4278.54,4282.73,4278.36,4281.94
2026.08.07 06:05,4282.35,4284.07,4281.21,4282.15
2026.08.07 06:10,4282.15,4291.05,4281.60,4286.59
2026.08.07 06:15,4286.48,4290.17,4283.94,4288.06
2026.08.07 06:20,4288.02,4291.11,4286.83,4287.40
2026.08.07 06:25,4287.40,4287.40,4283.05,4283.24
2026.08.07 06:30,4283.23,4287.35,4280.03,4285.97
2026.08.07 06:35,4285.98,4293.38,4285.96,4291.67
2026.08.07 06:40,4291.85,4295.02,4291.57,4292.04
2026.08.07 06:45,4291.93,4294.44,4289.34,4289.35
2026.08.07 06:50,4289.38,4294.97,4288.58,4293.38
2026.08.07 06:55,4293.38,4298.58,4293.14,4297.13
2026.08.07 07:00,4296.98,4297.69,4292.72,4294.64
2026.08.07 07:05,4294.64,4294.67,4290.37,4291.26
2026.08.07 07:10,4291.26,4293.04,4290.16,4291.12
2026.08.07 07:15,4291.13,4292.25,4288.99,4291.32
2026.08.07 07:20,4291.31,4292.52,4287.74,4287.85
2026.08.07 07:25,4287.88,4288.17,4284.63,4285.36
2026.08.07 07:30,4285.17,4287.67,4283.80,4287.30
2026.08.07 07:35,4287.18,4288.59,4285.35,4285.45
2026.08.07 07:40,4285.45,4287.93,4284.25,4284.97
2026.08.07 07:45,4284.95,4286.70,4282.80,4285.10
2026.08.07 07:50,4285.04,4286.80,4284.15,4286.75
2026.08.07 07:55,4286.77,4291.00,4286.42,4289.96
2026.08.07 08:00,4289.64,4293.54,4288.99,4292.08
2026.08.07 08:05,4292.30,4296.34,4292.30,4294.60
2026.08.07 08:10,4294.60,4300.45,4294.51,4299.67
2026.08.07 08:15,4299.73,4300.57,4296.83,4297.81
2026.08.07 08:20,4297.89,4298.12,4293.69,4294.43
2026.08.07 08:25,4294.28,4295.51,4293.20,4294.69
2026.08.07 08:30,4294.69,4314.56,4294.04,4313.94
2026.08.07 08:35,4313.88,4316.28,4301.14,4304.27
2026.08.07 08:40,4304.45,4309.88,4304.39,4308.93
2026.08.07 08:45,4308.96,4311.27,4306.72,4307.02
2026.08.07 08:50,4307.02,4307.49,4303.35,4304.32
2026.08.07 08:55,4304.35,4307.90,4303.19,4305.96
2026.08.07 09:00,4305.96,4307.19,4304.43,4305.30
2026.08.07 09:05,4305.29,4307.06,4304.53,4305.81
2026.08.07 09:10,4305.83,4307.02,4304.70,4305.89
2026.08.07 09:15,4305.88,4307.92,4304.69,4306.55
2026.08.07 09:20,4306.55,4310.67,4306.14,4310.45
2026.08.07 09:25,4310.40,4310.50,4305.38,4306.62
2026.08.07 09:30,4306.67,4307.83,4302.12,4304.20
2026.08.07 09:35,4304.34,4308.78,4302.65,4308.64
2026.08.07 09:40,4308.58,4318.26,4308.57,4317.26
2026.08.07 09:45,4317.32,4319.93,4315.14,4316.60
2026.08.07 09:50,4316.57,4319.85,4316.20,4317.70
2026.08.07 09:55,4317.76,4319.29,4314.30,4316.00
2026.08.07 10:00,4315.97,4319.22,4314.76,4317.43
2026.08.07 10:05,4317.43,4317.77,4311.98,4311.98
2026.08.07 10:10,4312.52,4313.71,4307.96,4308.16
2026.08.07 10:15,4308.16,4313.89,4308.09,4313.28
2026.08.07 10:20,4313.28,4313.28,4310.74,4312.48
2026.08.07 10:25,4312.44,4314.31,4312.13,4313.59
2026.08.07 10:30,4313.68,4316.59,4313.09,4315.64
2026.08.07 10:35,4315.65,4318.01,4314.20,4317.23
2026.08.07 10:40,4316.91,4318.13,4315.37,4316.76
2026.08.07 10:45,4316.87,4319.85,4316.46,4318.45
2026.08.07 10:50,4318.49,4320.58,4317.09,4317.21
2026.08.07 10:55,4317.00,4317.69,4316.23,4316.77
2026.08.07 11:00,4316.89,4324.13,4316.73,4323.46
2026.08.07 11:05,4323.46,4326.05,4321.72,4324.78
2026.08.07 11:10,4324.69,4325.39,4319.48,4320.14
2026.08.07 11:15,4320.15,4320.71,4317.02,4320.31
2026.08.07 11:20,4320.35,4325.19,4320.18,4324.03
2026.08.07 11:25,4324.03,4327.17,4324.01,4325.03
2026.08.07 11:30,4325.04,4327.44,4324.69,4324.69
2026.08.07 11:35,4324.39,4324.76,4320.79,4323.32
2026.08.07 11:40,4323.33,4325.52,4321.98,4322.71
2026.08.07 11:45,4322.69,4325.54,4322.25,4323.76
2026.08.07 11:50,4323.81,4326.75,4320.93,4325.71
2026.08.07 11:55,4325.70,4326.80,4320.76,4321.12
2026.08.07 12:00,4321.13,4325.19,4319.00,4319.52
2026.08.07 12:05,4319.65,4320.21,4315.31,4318.98
2026.08.07 12:10,4318.91,4322.59,4314.77,4315.09
2026.08.07 12:15,4314.96,4316.69,4311.89,4314.24
2026.08.07 12:20,4314.95,4317.02,4310.38,4310.77
2026.08.07 12:25,4310.87,4315.28,4300.10,4307.41
2026.08.07 12:30,4307.88,4364.10,4307.88,4360.41
2026.08.07 12:35,4359.13,4363.56,4352.63,4353.10
2026.08.07 12:40,4362.74,4370.46,4361.11,4367.02
2026.08.07 12:45,4366.96,4371.67,4366.75,4368.61
2026.08.07 12:50,4368.67,4371.55,4363.44,4365.34
2026.08.07 12:55,4364.51,4365.40,4355.70,4360.91
2026.08.07 13:00,4360.98,4363.54,4347.30,4347.30
2026.08.07 13:05,4347.30,4351.91,4345.99,4350.29
2026.08.07 13:10,4350.25,4350.87,4346.13,4347.64
2026.08.07 13:15,4347.72,4348.97,4339.11,4347.35
2026.08.07 13:20,4347.11,4353.26,4347.11,4350.59
2026.08.07 13:25,4350.50,4357.83,4348.40,4356.44
2026.08.07 13:30,4356.21,4359.12,4350.65,4352.86
2026.08.07 13:35,4353.21,4366.08,4351.05,4364.74
2026.08.07 13:40,4364.77,4367.74,4358.38,4358.46
2026.08.07 13:45,4358.45,4359.73,4351.95,4353.47
2026.08.07 13:50,4353.51,4358.09,4352.25,4354.93
2026.08.07 13:55,4354.72,4357.00,4342.38,4348.01
2026.08.07 14:00,4348.01,4348.88,4333.54,4333.54
2026.08.07 14:05,4333.87,4338.15,4330.59,4337.55
2026.08.07 14:10,4337.60,4341.64,4327.46,4334.30
2026.08.07 14:15,4334.25,4346.60,4330.47,4345.95
2026.08.07 14:20,4345.92,4351.91,4343.62,4351.26
2026.08.07 14:25,4351.26,4352.68,4348.02,4348.74
2026.08.07 14:30,4348.75,4350.50,4343.89,4347.55
2026.08.07 14:35,4347.55,4349.28,4343.08,4343.42
2026.08.07 14:40,4343.44,4350.10,4342.35,4343.75
2026.08.07 14:45,4343.81,4346.97,4340.28,4343.02
2026.08.07 14:50,4342.99,4348.79,4342.99,4345.14
2026.08.07 14:55,4345.18,4346.26,4340.33,4341.35
2026.08.07 15:00,4341.35,4348.69,4340.20,4345.00
2026.08.07 15:05,4344.98,4353.28,4344.48,4348.36
2026.08.07 15:10,4348.41,4355.89,4346.79,4355.29
2026.08.07 15:15,4355.19,4356.76,4352.18,4354.39
2026.08.07 15:20,4354.40,4358.22,4354.33,4356.73
2026.08.07 15:25,4356.75,4357.94,4351.10,4351.12
2026.08.07 15:30,4351.27,4353.08,4347.00,4349.32
2026.08.07 15:35,4349.33,4353.81,4348.88,4352.07
2026.08.07 15:40,4352.07,4352.94,4348.68,4349.43
2026.08.07 15:45,4349.46,4351.73,4348.59,4349.11
2026.08.07 15:50,4349.10,4350.27,4339.69,4342.51
2026.08.07 15:55,4342.73,4344.90,4340.46,4340.83
2026.08.07 16:00,4340.79,4343.33,4338.45,4342.93
2026.08.07 16:05,4342.93,4349.39,4342.93,4346.75
2026.08.07 16:10,4346.79,4348.03,4343.62,4346.95
2026.08.07 16:15,4347.34,4347.91,4342.24,4342.24
2026.08.07 16:20,4342.19,4349.24,4337.60,4337.81
2026.08.07 16:25,4337.95,4337.99,4334.27,4337.38
2026.08.07 16:30,4337.40,4338.97,4332.62,4338.96
2026.08.07 16:35,4339.04,4341.95,4336.46,4339.82
2026.08.07 16:40,4339.76,4340.99,4336.82,4338.54
2026.08.07 16:45,4338.53,4342.10,4335.66,4338.51
2026.08.07 16:50,4338.25,4338.58,4332.40,4333.58
2026.08.07 16:55,4333.60,4334.26,4329.02,4329.03
2026.08.07 17:00,4329.01,4335.30,4327.65,4334.90
2026.08.07 17:05,4334.91,4338.23,4334.72,4335.42
2026.08.07 17:10,4335.43,4337.46,4334.87,4335.35
2026.08.07 17:15,4335.47,4336.26,4333.63,4335.18
2026.08.07 17:20,4335.23,4339.21,4334.07,4338.36
2026.08.07 17:25,4338.49,4342.05,4336.90,4339.51
2026.08.07 17:30,4339.47,4339.92,4333.94,4336.48
2026.08.07 17:35,4336.51,4336.58,4329.69,4334.81
2026.08.07 17:40,4334.69,4338.12,4334.67,4336.08
2026.08.07 17:45,4336.05,4337.31,4334.81,4336.52
2026.08.07 17:50,4336.57,4341.36,4336.57,4340.96
2026.08.07 17:55,4340.97,4342.91,4339.77,4340.10
2026.08.07 18:00,4340.10,4341.00,4339.06,4340.02
2026.08.07 18:05,4339.99,4342.84,4339.78,4341.83
2026.08.07 18:10,4341.84,4342.48,4334.74,4334.87
2026.08.07 18:15,4335.16,4337.84,4334.89,4335.44
2026.08.07 18:20,4335.47,4335.72,4332.08,4333.48
2026.08.07 18:25,4333.46,4335.48,4332.18,4334.43
2026.08.07 18:30,4334.32,4337.74,4333.66,4336.94
2026.08.07 18:35,4336.94,4338.87,4336.71,4336.99
2026.08.07 18:40,4337.00,4337.38,4333.31,4334.15
2026.08.07 18:45,4334.19,4337.32,4333.94,4336.60
2026.08.07 18:50,4336.67,4337.39,4333.95,4335.16
2026.08.07 18:55,4335.20,4335.44,4333.07,4335.40
2026.08.07 19:00,4335.23,4344.66,4335.23,4340.18
2026.08.07 19:05,4340.26,4345.01,4339.95,4344.69
2026.08.07 19:10,4344.55,4345.53,4343.28,4343.48
2026.08.07 19:15,4343.46,4349.96,4342.96,4347.07
2026.08.07 19:20,4347.01,4350.29,4346.97,4348.88
2026.08.07 19:25,4348.79,4348.91,4346.99,4348.34
2026.08.07 19:30,4348.50,4348.79,4345.05,4345.66
2026.08.07 19:35,4345.57,4346.99,4344.31,4346.07
2026.08.07 19:40,4346.27,4348.24,4344.57,4347.77
2026.08.07 19:45,4347.80,4349.33,4347.06,4347.38
2026.08.07 19:50,4347.25,4349.23,4342.21,4342.96
2026.08.07 19:55,4343.00,4345.39,4340.04,4343.84
2026.08.07 20:00,4343.86,4345.10,4342.55,4343.45
2026.08.07 20:05,4343.46,4344.34,4341.45,4341.45
2026.08.07 20:10,4341.45,4342.47,4337.89,4342.29
2026.08.07 20:15,4342.32,4342.80,4339.32,4339.60
2026.08.07 20:20,4339.51,4339.76,4338.72,4339.22
2026.08.07 20:25,4339.22,4339.91,4337.05,4337.65
2026.08.07 20:30,4337.65,4337.66,4335.84,4337.47
2026.08.07 20:35,4337.41,4341.00,4337.41,4340.76
2026.08.07 20:40,4340.80,4342.06,4340.18,4341.31
2026.08.07 20:45,4340.88,4341.44,4338.87,4339.70
2026.08.07 20:50,4339.80,4341.22,4339.60,4341.22
2026.08.07 20:55,4341.09,4342.78,4339.66,4342.06
2026.08.09 22:00,4339.15,4352.31,4333.63,4340.18
2026.08.09 22:05,4339.10,4339.57,4334.45,4339.06
2026.08.09 22:10,4339.06,4346.10,4338.53,4343.56
2026.08.09 22:15,4343.61,4344.74,4339.73,4339.86
2026.08.09 22:20,4339.87,4340.46,4338.38,4339.17
2026.08.09 22:25,4339.18,4343.88,4339.12,4343.64
2026.08.09 22:30,4343.63,4345.11,4340.79,4342.44
2026.08.09 22:35,4342.47,4342.93,4340.08,4341.29
2026.08.09 22:40,4341.32,4342.42,4340.21,4340.41
2026.08.09 22:45,4340.32,4344.05,4340.05,4343.52
2026.08.09 22:50,4343.52,4343.79,4341.98,4342.54
2026.08.09 22:55,4342.56,4342.56,4341.32,4341.50
2026.08.09 23:00,4341.52,4347.51,4341.20,4346.97
2026.08.09 23:05,4346.88,4347.45,4345.03,4346.14
2026.08.09 23:10,4346.14,4347.40,4345.51,4346.43
2026.08.09 23:15,4346.45,4347.06,4343.96,4345.90
2026.08.09 23:20,4345.40,4348.92,4345.31,4348.02
2026.08.09 23:25,4348.00,4348.90,4346.18,4346.18
2026.08.09 23:30,4346.15,4347.32,4340.18,4341.41
2026.08.09 23:35,4341.62,4342.86,4340.01,4342.72
2026.08.09 23:40,4342.69,4342.89,4341.18,4342.26
2026.08.09 23:45,4342.15,4343.19,4341.24,4341.94
2026.08.09 23:50,4341.98,4342.67,4340.27,4340.27
2026.08.09 23:55,4340.30,4340.52,4332.05,4333.18
2026.08.10 00:00,4333.09,4340.66,4332.59,4340.26
2026.08.10 00:05,4340.48,4343.32,4339.72,4342.04
2026.08.10 00:10,4341.65,4346.96,4339.82,4344.25
2026.08.10 00:15,4344.30,4345.54,4339.17,4343.94
2026.08.10 00:20,4343.59,4343.79,4339.24,4339.92
2026.08.10 00:25,4339.93,4340.43,4337.24,4337.49
2026.08.10 00:30,4337.51,4339.20,4335.47,4336.14
2026.08.10 00:35,4336.41,4337.13,4333.61,4336.78
2026.08.10 00:40,4336.79,4338.14,4333.61,4334.27
2026.08.10 00:45,4334.34,4336.26,4333.38,4335.64
2026.08.10 00:50,4335.75,4337.35,4333.55,4333.83
2026.08.10 00:55,4333.74,4334.64,4330.67,4332.23
2026.08.10 01:00,4332.08,4340.47,4327.04,4327.16
2026.08.10 01:05,4327.35,4328.27,4322.41,4323.91
2026.08.10 01:10,4323.74,4325.15,4322.01,4323.06
2026.08.10 01:15,4323.07,4326.12,4321.66,4324.28
2026.08.10 01:20,4324.21,4328.17,4321.47,4327.88
2026.08.10 01:25,4327.91,4328.12,4316.42,4316.45
2026.08.10 01:30,4316.16,4320.77,4313.95,4320.13
2026.08.10 01:35,4320.13,4320.18,4316.00,4317.05
2026.08.10 01:40,4316.82,4317.87,4313.37,4317.36
2026.08.10 01:45,4317.36,4321.37,4316.07,4320.25
2026.08.10 01:50,4320.08,4323.19,4318.89,4319.93
2026.08.10 01:55,4319.92,4323.98,4317.66,4322.47
2026.08.10 02:00,4322.41,4323.29,4319.90,4321.59
2026.08.10 02:05,4321.59,4324.11,4318.84,4323.30
2026.08.10 02:10,4323.32,4325.65,4321.40,4324.46
2026.08.10 02:15,4324.48,4325.93,4323.40,4324.87
2026.08.10 02:20,4324.85,4327.89,4324.18,4327.08
2026.08.10 02:25,4326.91,4332.11,4326.38,4330.77
2026.08.10 02:30,4330.77,4332.35,4324.62,4327.77
2026.08.10 02:35,4327.73,4329.57,4324.73,4325.38
2026.08.10 02:40,4325.45,4329.83,4323.04,4326.46
2026.08.10 02:45,4326.42,4327.16,4321.24,4323.08
2026.08.10 02:50,4323.34,4324.48,4319.31,4319.71
2026.08.10 02:55,4319.80,4322.14,4318.69,4319.57
2026.08.10 03:00,4319.53,4321.00,4318.05,4318.98
2026.08.10 03:05,4318.95,4319.60,4317.62,4317.85
2026.08.10 03:10,4317.68,4320.11,4317.68,4319.87
2026.08.10 03:15,4320.05,4324.26,4319.52,4324.05
2026.08.10 03:20,4323.94,4326.56,4323.34,4323.41
2026.08.10 03:25,4323.46,4328.10,4323.46,4327.12
2026.08.10 03:30,4327.09,4328.26,4325.42,4327.90
2026.08.10 03:35,4327.93,4329.77,4325.83,4326.10
2026.08.10 03:40,4326.16,4326.56,4324.73,4325.11
2026.08.10 03:45,4325.05,4327.38,4324.44,4326.68
2026.08.10 03:50,4326.68,4327.85,4326.27,4327.12
2026.08.10 03:55,4327.12,4327.58,4326.05,4326.54
2026.08.10 04:00,4326.54,4328.16,4323.09,4325.10
2026.08.10 04:05,4325.61,4327.55,4323.37,4327.52
2026.08.10 04:10,4327.51,4332.64,4327.51,4332.63
2026.08.10 04:15,4332.27,4333.82,4330.42,4333.64
2026.08.10 04:20,4333.65,4337.29,4333.26,4336.84
2026.08.10 04:25,4336.73,4337.42,4333.89,4334.60
2026.08.10 04:30,4334.59,4336.10,4333.02,4334.46
2026.08.10 04:35,4334.38,4336.14,4333.55,4333.74
2026.08.10 04:40,4333.74,4333.74,4329.78,4332.10
2026.08.10 04:45,4332.14,4335.47,4331.90,4333.74
2026.08.10 04:50,4333.75,4337.19,4333.29,4335.98
2026.08.10 04:55,4335.85,4339.49,4335.63,4339.45
2026.08.10 05:00,4339.33,4339.57,4335.01,4337.06
2026.08.10 05:05,4337.06,4338.94,4336.11,4336.11
2026.08.10 05:10,4336.11,4336.30,4333.47,4334.88
2026.08.10 05:15,4334.92,4335.98,4332.83,4333.05
2026.08.10 05:20,4333.06,4336.36,4332.99,4334.89
2026.08.10 05:25,4334.89,4334.98,4333.45,4333.77
2026.08.10 05:30,4333.72,4340.97,4331.62,4340.24
2026.08.10 05:35,4340.53,4341.76,4338.54,4341.19
2026.08.10 05:40,4341.19,4344.24,4338.51,4343.51
2026.08.10 05:45,4343.39,4347.02,4340.55,4345.61
2026.08.10 05:50,4345.61,4352.08,4345.19,4348.37
2026.08.10 05:55,4348.60,4349.39,4345.04,4347.56
2026.08.10 06:00,4347.23,4347.29,4341.78,4342.32
2026.08.10 06:05,4342.55,4346.44,4342.05,4346.14
2026.08.10 06:10,4346.13,4349.94,4346.04,4347.12
2026.08.10 06:15,4347.13,4349.52,4342.60,4342.76
2026.08.10 06:20,4342.98,4345.19,4342.56,4345.19
2026.08.10 06:25,4345.38,4348.16,4343.81,4348.16
2026.08.10 06:30,4348.09,4349.30,4346.56,4347.79
2026.08.10 06:35,4347.79,4349.47,4345.85,4348.50
2026.08.10 06:40,4348.50,4355.71,4346.96,4355.08
2026.08.10 06:45,4355.10,4358.23,4354.93,4356.68
2026.08.10 06:50,4356.68,4357.41,4355.53,4357.41
2026.08.10 06:55,4357.32,4359.61,4356.53,4358.05
2026.08.10 07:00,4358.00,4358.69,4353.59,4354.49
2026.08.10 07:05,4354.50,4356.92,4353.77,4353.80
2026.08.10 07:10,4353.81,4354.44,4350.02,4351.00
2026.08.10 07:15,4351.06,4356.73,4350.38,4354.44
2026.08.10 07:20,4354.45,4358.80,4352.11,4358.04
2026.08.10 07:25,4358.13,4358.69,4352.06,4355.00
2026.08.10 07:30,4354.97,4355.04,4352.47,4353.19
2026.08.10 07:35,4353.22,4359.70,4353.06,4358.66
2026.08.10 07:40,4358.63,4359.76,4356.23,4359.28
2026.08.10 07:45,4359.23,4361.89,4356.96,4357.12
2026.08.10 07:50,4357.11,4358.30,4355.03,4355.44
2026.08.10 07:55,4355.44,4356.09,4354.78,4355.27
2026.08.10 08:00,4355.36,4356.15,4354.00,4355.39
2026.08.10 08:05,4355.41,4355.88,4351.53,4352.38
2026.08.10 08:10,4352.38,4354.34,4351.98,4354.19
2026.08.10 08:15,4354.51,4355.54,4353.30,4354.83
2026.08.10 08:20,4354.83,4355.02,4352.59,4352.86
2026.08.10 08:25,4352.75,4356.24,4352.27,4355.57
2026.08.10 08:30,4355.51,4356.56,4348.96,4350.32
2026.08.10 08:35,4350.32,4351.28,4348.09,4348.17
2026.08.10 08:40,4348.21,4349.47,4345.67,4346.21
2026.08.10 08:45,4346.26,4348.92,4345.54,4346.18
2026.08.10 08:50,4346.20,4348.13,4344.87,4346.06
2026.08.10 08:55,4346.06,4348.23,4343.83,4346.76
2026.08.10 09:00,4346.55,4348.69,4345.57,4348.20
2026.08.10 09:05,4348.16,4348.87,4345.83,4347.73
2026.08.10 09:10,4347.73,4349.90,4347.04,4349.50
2026.08.10 09:15,4349.56,4349.62,4345.98,4347.29
2026.08.10 09:20,4347.29,4348.26,4346.85,4348.02
2026.08.10 09:25,4347.87,4348.65,4344.89,4346.90
2026.08.10 09:30,4346.91,4346.91,4341.77,4343.80
2026.08.10 09:35,4343.80,4344.04,4340.86,4341.90
2026.08.10 09:40,4342.09,4344.26,4341.89,4344.10
2026.08.10 09:45,4344.10,4345.18,4341.69,4342.37
2026.08.10 09:50,4342.37,4342.71,4340.79,4342.09
2026.08.10 09:55,4342.15,4343.17,4341.09,4341.09
2026.08.10 10:00,4341.02,4341.22,4339.10,4340.36
2026.08.10 10:05,4340.36,4341.45,4339.80,4340.18
2026.08.10 10:10,4340.23,4340.79,4339.46,4340.61
2026.08.10 10:15,4340.73,4341.45,4339.22,4341.28
2026.08.10 10:20,4341.27,4343.97,4340.86,4343.03
2026.08.10 10:25,4343.05,4343.64,4341.75,4343.49
2026.08.10 10:30,4343.45,4343.99,4340.31,4341.93
2026.08.10 10:35,4341.97,4342.12,4338.27,4339.51
2026.08.10 10:40,4339.53,4339.97,4337.70,4337.74
2026.08.10 10:45,4338.01,4339.29,4337.44,4338.03
2026.08.10 10:50,4338.03,4340.46,4337.60,4338.20
2026.08.10 10:55,4338.18,4339.30,4335.37,4335.66
2026.08.10 11:00,4335.86,4336.52,4334.43,4334.53
2026.08.10 11:05,4334.53,4335.56,4333.23,4333.88
2026.08.10 11:10,4333.89,4333.94,4329.81,4331.45
2026.08.10 11:15,4331.42,4331.42,4328.82,4329.71
2026.08.10 11:20,4329.68,4333.62,4328.86,4333.09
2026.08.10 11:25,4333.02,4336.23,4332.96,4335.24
2026.08.10 11:30,4334.52,4339.05,4334.40,4337.56
2026.08.10 11:35,4337.57,4339.23,4335.40,4339.16
2026.08.10 11:40,4339.03,4339.18,4336.25,4337.20
2026.08.10 11:45,4337.17,4337.71,4332.00,4332.62
2026.08.10 11:50,4332.69,4335.91,4332.14,4334.97
2026.08.10 11:55,4335.03,4336.03,4333.37,4334.91
2026.08.10 12:00,4334.75,4334.80,4332.30,4333.56
2026.08.10 12:05,4333.61,4337.34,4331.92,4335.00
2026.08.10 12:10,4335.09,4335.30,4331.02,4331.62
2026.08.10 12:15,4331.80,4332.37,4328.31,4328.57
2026.08.10 12:20,4329.05,4331.01,4326.19,4327.24
2026.08.10 12:25,4327.22,4327.83,4324.11,4327.56
2026.08.10 12:30,4327.51,4331.17,4326.15,4327.59
2026.08.10 12:35,4327.49,4332.17,4326.44,4331.01
2026.08.10 12:40,4330.98,4332.31,4328.92,4328.95
2026.08.10 12:45,4328.99,4333.03,4328.69,4331.82
2026.08.10 12:50,4331.71,4332.93,4329.62,4331.64
2026.08.10 12:55,4331.64,4335.48,4330.42,4332.40
2026.08.10 13:00,4332.18,4334.31,4325.92,4329.18
2026.08.10 13:05,4329.19,4334.43,4328.29,4334.34
2026.08.10 13:10,4334.35,4337.70,4333.72,4337.15
2026.08.10 13:15,4337.20,4337.57,4334.22,4335.06
2026.08.10 13:20,4335.06,4336.44,4329.15,4330.65
2026.08.10 13:25,4330.60,4335.08,4330.21,4335.03
2026.08.10 13:30,4334.93,4338.44,4331.93,4336.96
2026.08.10 13:35,4336.88,4339.76,4336.18,4338.00
2026.08.10 13:40,4338.05,4338.38,4329.94,4330.74
2026.08.10 13:45,4330.72,4331.80,4325.04,4327.43
2026.08.10 13:50,4327.50,4328.21,4321.07,4323.10
2026.08.10 13:55,4323.15,4324.81,4316.61,4317.73
2026.08.10 14:00,4317.76,4325.43,4317.76,4323.24
2026.08.10 14:05,4323.49,4326.30,4321.75,4324.36
2026.08.10 14:10,4324.37,4331.00,4324.36,4330.26
2026.08.10 14:15,4329.99,4336.30,4328.46,4334.09
2026.08.10 14:20,4334.07,4340.06,4332.40,4338.60
2026.08.10 14:25,4338.41,4347.91,4338.33,4345.39
2026.08.10 14:30,4345.38,4351.79,4345.38,4347.23
2026.08.10 14:35,4347.47,4348.93,4344.75,4346.60
2026.08.10 14:40,4346.44,4349.94,4346.01,4349.42
2026.08.10 14:45,4349.42,4350.64,4346.05,4347.29
2026.08.10 14:50,4347.26,4347.26,4342.63,4342.81
2026.08.10 14:55,4342.98,4345.51,4342.45,4345.35
2026.08.10 15:00,4345.37,4349.26,4343.51,4347.44
2026.08.10 15:05,4347.42,4351.92,4343.44,4344.99
2026.08.10 15:10,4344.91,4347.49,4343.60,4347.03
2026.08.10 15:15,4346.90,4351.92,4346.16,4349.48
2026.08.10 15:20,4349.45,4352.10,4349.01,4349.32
2026.08.10 15:25,4349.29,4351.19,4347.21,4349.10
2026.08.10 15:30,4349.09,4351.33,4347.82,4348.16
2026.08.10 15:35,4347.99,4351.83,4347.96,4350.17
2026.08.10 15:40,4350.16,4351.40,4349.35,4350.05
2026.08.10 15:45,4350.14,4353.07,4348.49,4352.09
2026.08.10 15:50,4352.09,4357.28,4352.03,4356.96
2026.08.10 15:55,4356.96,4359.35,4356.27,4358.26
2026.08.10 16:00,4358.34,4363.83,4357.98,4357.99
2026.08.10 16:05,4357.95,4363.31,4356.71,4363.18
2026.08.10 16:10,4362.81,4364.52,4361.11,4361.25
2026.08.10 16:15,4361.28,4363.06,4360.82,4361.32
2026.08.10 16:20,4361.32,4363.95,4361.32,4363.09
2026.08.10 16:25,4363.23,4364.42,4361.55,4362.51
2026.08.10 16:30,4362.52,4362.88,4350.29,4355.91
2026.08.10 16:35,4355.91,4358.94,4354.65,4355.21
2026.08.10 16:40,4355.16,4356.44,4350.92,4351.66
2026.08.10 16:45,4351.59,4354.98,4351.52,4353.23
2026.08.10 16:50,4353.16,4353.95,4351.97,4353.57
2026.08.10 16:55,4353.56,4356.80,4352.11,4356.68
2026.08.10 17:00,4356.67,4357.52,4354.17,4354.33
2026.08.10 17:05,4354.28,4356.98,4351.68,4355.70
2026.08.10 17:10,4355.70,4358.05,4355.16,4357.06
2026.08.10 17:15,4357.04,4357.99,4356.28,4357.13
2026.08.10 17:20,4357.15,4360.21,4357.06,4359.93
2026.08.10 17:25,4359.92,4361.03,4358.53,4361.01
2026.08.10 17:30,4361.08,4362.67,4359.55,4362.14
2026.08.10 17:35,4362.14,4365.27,4362.08,4363.67
2026.08.10 17:40,4363.85,4363.88,4359.46,4360.16
2026.08.10 17:45,4360.17,4360.80,4357.64,4360.37
2026.08.10 17:50,4360.48,4361.17,4358.71,4358.73
2026.08.10 17:55,4358.78,4360.13,4357.58,4360.12
2026.08.10 18:00,4360.10,4363.82,4359.84,4363.63
2026.08.10 18:05,4363.59,4365.19,4363.19,4363.53
2026.08.10 18:10,4363.52,4364.41,4362.81,4362.93
2026.08.10 18:15,4362.91,4364.03,4361.44,4363.01
2026.08.10 18:20,4362.99,4364.80,4362.24,4364.34
2026.08.10 18:25,4364.39,4367.06,4364.39,4365.75
2026.08.10 18:30,4365.70,4380.69,4365.06,4379.53
2026.08.10 18:35,4379.54,4381.60,4377.41,4381.27
2026.08.10 18:40,4381.27,4382.83,4379.50,4379.57
2026.08.10 18:45,4379.57,4379.72,4373.31,4376.69
2026.08.10 18:50,4376.70,4378.98,4374.92,4376.76
2026.08.10 18:55,4376.78,4378.91,4376.19,4378.40
2026.08.10 19:00,4378.38,4381.08,4378.38,4379.94
2026.08.10 19:05,4379.93,4382.71,4379.85,4381.81
2026.08.10 19:10,4381.90,4382.62,4380.59,4381.90
2026.08.10 19:15,4381.87,4382.95,4381.28,4382.67
2026.08.10 19:20,4382.69,4387.85,4382.44,4386.58
2026.08.10 19:25,4386.57,4391.44,4386.09,4390.53
2026.08.10 19:30,4390.83,4393.74,4386.00,4387.08
2026.08.10 19:35,4387.08,4388.69,4384.22,4387.69
2026.08.10 19:40,4387.87,4390.60,4387.06,4388.10
2026.08.10 19:45,4388.13,4394.79,4387.22,4393.85
2026.08.10 19:50,4393.92,4395.04,4391.25,4392.46
2026.08.10 19:55,4392.39,4392.51,4387.38,4388.35
2026.08.10 20:00,4388.56,4390.16,4387.82,4388.35
2026.08.10 20:05,4388.35,4388.36,4385.78,4385.86
2026.08.10 20:10,4385.83,4390.47,4385.83,4389.19
2026.08.10 20:15,4389.19,4391.22,4389.19,4389.86
2026.08.10 20:20,4389.51,4389.90,4386.46,4388.40
2026.08.10 20:25,4388.43,4391.85,4388.30,4390.87
2026.08.10 20:30,4390.88,4391.91,4390.39,4390.92
2026.08.10 20:35,4390.91,4391.26,4389.92,4390.17
2026.08.10 20:40,4390.17,4391.30,4389.82,4389.82
2026.08.10 20:45,4389.69,4390.55,4388.78,4388.86
2026.08.10 20:50,4388.74,4390.57,4388.72,4389.22
2026.08.10 20:55,4389.29,4390.28,4388.54,4389.18
2026.08.10 22:00,4389.45,4391.76,4387.39,4389.62
2026.08.10 22:05,4389.57,4391.55,4389.44,4391.14
2026.08.10 22:10,4391.16,4392.89,4390.50,4391.31
2026.08.10 22:15,4391.22,4392.43,4390.90,4392.12
2026.08.10 22:20,4392.12,4393.07,4391.69,4392.65
2026.08.10 22:25,4392.72,4393.29,4391.88,4391.89
2026.08.10 22:30,4391.89,4393.37,4391.87,4393.31
2026.08.10 22:35,4393.31,4393.92,4392.77,4393.65
2026.08.10 22:40,4393.58,4395.95,4393.31,4395.10
2026.08.10 22:45,4395.10,4398.20,4395.10,4397.45
2026.08.10 22:50,4397.45,4399.45,4397.17,4399.44
2026.08.10 22:55,4399.43,4400.63,4398.63,4398.75
2026.08.10 23:00,4399.64,4401.42,4397.80,4398.65
2026.08.10 23:05,4398.67,4401.67,4395.85,4396.41
2026.08.10 23:10,4396.62,4397.30,4395.66,4397.27
2026.08.10 23:15,4397.26,4397.35,4394.60,4395.00
2026.08.10 23:20,4395.03,4395.93,4394.63,4394.74
2026.08.10 23:25,4394.74,4395.73,4394.58,4395.25
2026.08.10 23:30,4395.27,4396.13,4395.18,4395.50
2026.08.10 23:35,4395.50,4398.72,4395.33,4398.63
2026.08.10 23:40,4398.63,4398.82,4397.57,4398.63
2026.08.10 23:45,4398.63,4398.95,4396.82,4397.80
2026.08.10 23:50,4397.80,4398.92,4396.34,4398.76
2026.08.10 23:55,4398.77,4402.50,4398.46,4402.36
2026.08.11 00:00,4402.31,4404.57,4396.10,4404.31
2026.08.11 00:05,4404.34,4406.10,4402.75,4405.94
2026.08.11 00:10,4405.90,4408.75,4403.87,4404.79
2026.08.11 00:15,4405.26,4407.58,4404.36,4405.96
2026.08.11 00:20,4405.96,4412.17,4405.45,4412.11
2026.08.11 00:25,4412.11,4416.02,4411.70,4413.94
2026.08.11 00:30,4414.01,4414.01,4411.23,4412.59
2026.08.11 00:35,4412.57,4413.28,4408.65,4411.47
2026.08.11 00:40,4411.33,4413.86,4407.38,4413.86
2026.08.11 00:45,4414.05,4419.18,4409.87,4412.78
2026.08.11 00:50,4412.92,4413.05,4409.54,4409.59
2026.08.11 00:55,4409.59,4411.72,4408.29,4409.27
2026.08.11 01:00,4409.61,4409.61,4393.66,4400.65
2026.08.11 01:05,4400.54,4409.18,4398.75,4408.48
2026.08.11 01:10,4408.44,4415.14,4408.42,4414.27
2026.08.11 01:15,4414.43,4419.20,4412.51,4414.84
2026.08.11 01:20,4414.71,4419.90,4413.82,4414.47
2026.08.11 01:25,4414.59,4419.28,4413.54,4419.18
2026.08.11 01:30,4419.22,4421.41,4418.19,4419.34
2026.08.11 01:35,4419.34,4420.38,4416.44,4419.41
2026.08.11 01:40,4419.42,4422.05,4415.02,4415.02
2026.08.11 01:45,4415.06,4427.14,4414.56,4426.59
2026.08.11 01:50,4426.38,4431.54,4425.13,4431.48
2026.08.11 01:55,4431.44,4433.77,4429.01,4429.55
2026.08.11 02:00,4429.49,4429.71,4423.48,4426.79
2026.08.11 02:05,4426.78,4429.44,4421.88,4423.36
2026.08.11 02:10,4423.42,4434.41,4422.96,4433.59
2026.08.11 02:15,4433.74,4434.95,4431.70,4431.70
2026.08.11 02:20,4431.70,4431.89,4426.03,4426.12
2026.08.11 02:25,4425.97,4430.12,4425.89,4428.38
2026.08.11 02:30,4428.39,4429.01,4424.03,4426.58
2026.08.11 02:35,4426.66,4426.69,4413.73,4415.97
2026.08.11 02:40,4415.88,4421.14,4415.80,4418.28
2026.08.11 02:45,4418.35,4418.92,4414.93,4415.17
2026.08.11 02:50,4415.02,4415.06,4409.17,4411.38
2026.08.11 02:55,4411.55,4412.83,4407.95,4410.83
2026.08.11 03:00,4410.81,4414.20,4410.20,4413.41
2026.08.11 03:05,4413.41,4414.78,4409.77,4413.65
2026.08.11 03:10,4413.65,4415.16,4412.19,4413.40
2026.08.11 03:15,4413.38,4417.23,4412.84,4416.79
2026.08.11 03:20,4416.77,4418.13,4414.34,4415.36
2026.08.11 03:25,4415.43,4420.69,4415.27,4420.12
2026.08.11 03:30,4420.26,4421.44,4418.54,4419.63
2026.08.11 03:35,4419.73,4420.12,4418.26,4418.58
2026.08.11 03:40,4418.53,4419.70,4415.75,4415.92
2026.08.11 03:45,4416.32,4418.30,4414.09,4414.83
2026.08.11 03:50,4414.81,4418.69,4414.16,4416.68
2026.08.11 03:55,4416.84,4417.78,4416.16,4416.70
2026.08.11 04:00,4416.71,4419.37,4416.41,4417.43
2026.08.11 04:05,4417.52,4418.24,4413.69,4413.69
2026.08.11 04:10,4413.66,4414.13,4412.24,4413.87
2026.08.11 04:15,4413.87,4415.65,4412.53,4413.09
2026.08.11 04:20,4413.18,4413.84,4409.81,4412.97
2026.08.11 04:25,4413.01,4415.36,4410.79,4415.29
2026.08.11 04:30,4415.13,4420.13,4410.93,4415.85
2026.08.11 04:35,4415.83,4415.97,4410.50,4413.79
2026.08.11 04:40,4413.80,4414.65,4408.32,4409.94
2026.08.11 04:45,4409.94,4411.14,4407.18,4407.30
2026.08.11 04:50,4407.31,4408.02,4405.61,4406.72
2026.08.11 04:55,4406.83,4409.21,4403.43,4408.78
2026.08.11 05:00,4408.78,4408.88,4404.68,4405.37
2026.08.11 05:05,4405.37,4406.24,4402.52,4405.88
2026.08.11 05:10,4405.87,4406.02,4399.45,4402.07
2026.08.11 05:15,4402.07,4402.08,4397.88,4398.87
2026.08.11 05:20,4398.85,4399.65,4396.37,4397.80
2026.08.11 05:25,4397.80,4398.05,4390.89,4392.37
2026.08.11 05:30,4392.31,4392.31,4372.58,4384.24
2026.08.11 05:35,4384.31,4385.70,4377.22,4379.59
2026.08.11 05:40,4379.65,4380.01,4373.59,4377.01
2026.08.11 05:45,4376.95,4378.09,4372.13,4372.13
2026.08.11 05:50,4372.13,4373.27,4368.14,4369.92
2026.08.11 05:55,4370.14,4375.27,4367.43,4375.19
2026.08.11 06:00,4375.22,4380.74,4371.56,4379.36
2026.08.11 06:05,4379.36,4382.54,4378.08,4382.42
2026.08.11 06:10,4382.28,4382.39,4372.67,4372.69
2026.08.11 06:15,4372.77,4375.99,4369.46,4369.76
2026.08.11 06:20,4369.75,4374.34,4367.51,4373.47
2026.08.11 06:25,4373.54,4373.72,4362.11,4363.32
2026.08.11 06:30,4363.40,4367.73,4359.90,4362.61
2026.08.11 06:35,4362.48,4368.19,4360.86,4368.04
2026.08.11 06:40,4367.99,4369.17,4363.15,4363.62
2026.08.11 06:45,4363.93,4367.19,4362.69,4366.64
2026.08.11 06:50,4366.65,4367.30,4360.67,4361.43
2026.08.11 06:55,4361.64,4366.14,4359.89,4366.14
2026.08.11 07:00,4366.19,4367.59,4361.74,4362.79
2026.08.11 07:05,4362.77,4364.91,4361.24,4361.70
2026.08.11 07:10,4361.68,4364.86,4361.26,4363.26
2026.08.11 07:15,4363.26,4363.49,4358.09,4359.84
2026.08.11 07:20,4359.85,4361.78,4357.65,4359.87
2026.08.11 07:25,4359.93,4365.83,4359.50,4362.92
2026.08.11 07:30,4363.07,4364.72,4358.58,4361.07
2026.08.11 07:35,4361.07,4363.46,4359.28,4359.31
2026.08.11 07:40,4359.10,4359.10,4356.78,4358.26
2026.08.11 07:45,4358.54,4359.73,4357.43,4359.19
2026.08.11 07:50,4359.18,4361.43,4357.82,4359.83
2026.08.11 07:55,4359.66,4359.83,4356.65,4357.42
2026.08.11 08:00,4357.63,4364.05,4356.98,4363.10
2026.08.11 08:05,4363.09,4366.50,4362.45,4365.25
2026.08.11 08:10,4365.28,4366.56,4363.85,4364.88
2026.08.11 08:15,4364.96,4365.45,4360.06,4362.16
2026.08.11 08:20,4362.15,4364.53,4359.11,4364.49
2026.08.11 08:25,4364.39,4369.57,4363.75,4368.98
2026.08.11 08:30,4369.05,4372.32,4368.66,4371.07
2026.08.11 08:35,4371.07,4374.94,4370.72,4374.93
2026.08.11 08:40,4374.61,4375.86,4374.02,4374.64
2026.08.11 08:45,4374.69,4375.31,4372.37,4374.14
2026.08.11 08:50,4374.18,4376.49,4371.06,4371.14
2026.08.11 08:55,4371.10,4372.41,4368.98,4368.98
2026.08.11 09:00,4369.04,4371.62,4367.45,4371.11
2026.08.11 09:05,4371.11,4372.26,4370.30,4370.31
2026.08.11 09:10,4370.25,4372.80,4370.18,4372.35
2026.08.11 09:15,4372.37,4373.91,4371.05,4373.91
2026.08.11 09:20,4373.78,4375.41,4370.77,4372.72
2026.08.11 09:25,4372.71,4375.36,4370.63,4371.81
2026.08.11 09:30,4371.65,4374.83,4370.13,4373.57
2026.08.11 09:35,4373.53,4374.58,4371.80,4373.27
2026.08.11 09:40,4373.32,4374.16,4370.45,4370.45
2026.08.11 09:45,4370.38,4374.52,4370.24,4373.73
2026.08.11 09:50,4373.75,4373.75,4371.13,4371.68
2026.08.11 09:55,4371.69,4372.89,4371.14,4372.30
2026.08.11 10:00,4372.43,4374.00,4371.10,4372.14
2026.08.11 10:05,4372.20,4374.54,4371.42,4373.44
2026.08.11 10:10,4373.43,4375.90,4372.98,4373.08
2026.08.11 10:15,4373.04,4374.83,4372.36,4372.36
2026.08.11 10:20,4372.37,4377.69,4372.31,4377.66
2026.08.11 10:25,4377.59,4381.73,4376.53,4378.21
2026.08.11 10:30,4378.21,4380.85,4377.98,4379.04
2026.08.11 10:35,4379.03,4379.77,4377.60,4377.87
2026.08.11 10:40,4377.86,4378.44,4376.84,4377.55
2026.08.11 10:45,4377.55,4380.90,4377.45,4380.90
2026.08.11 10:50,4380.94,4381.70,4380.13,4380.43
2026.08.11 10:55,4380.40,4382.39,4378.81,4382.25
2026.08.11 11:00,4382.24,4392.83,4380.33,4391.10
2026.08.11 11:05,4391.12,4392.17,4388.75,4390.43
2026.08.11 11:10,4390.42,4392.32,4387.81,4391.33
2026.08.11 11:15,4391.52,4392.22,4388.16,4389.93
2026.08.11 11:20,4390.01,4391.08,4385.55,4385.88
2026.08.11 11:25,4385.97,4388.37,4385.11,4387.20
2026.08.11 11:30,4387.52,4387.90,4385.18,4386.14
2026.08.11 11:35,4386.12,4386.96,4383.43,4384.48
2026.08.11 11:40,4384.49,4385.96,4382.93,4385.71
2026.08.11 11:45,4386.23,4388.81,4385.47,4387.42
2026.08.11 11:50,4387.43,4389.73,4384.85,4387.55
2026.08.11 11:55,4387.16,4388.55,4385.63,4387.64
2026.08.11 12:00,4387.63,4387.75,4383.84,4385.15
2026.08.11 12:05,4385.15,4395.23,4384.95,4393.51
2026.08.11 12:10,4393.50,4397.42,4391.58,4396.76
2026.08.11 12:15,4396.94,4397.68,4392.81,4395.85
2026.08.11 12:20,4395.83,4399.58,4387.79,4389.00
2026.08.11 12:25,4389.10,4393.03,4387.50,4391.12
2026.08.11 12:30,4391.23,4395.10,4388.68,4389.99
2026.08.11 12:35,4389.99,4392.02,4388.78,4389.76
2026.08.11 12:40,4389.76,4398.44,4389.68,4398.44
2026.08.11 12:45,4398.47,4399.94,4395.26,4397.25
2026.08.11 12:50,4397.15,4397.88,4392.84,4393.48
2026.08.11 12:55,4393.48,4394.61,4392.09,4392.34
2026.08.11 13:00,4392.36,4399.18,4391.84,4392.61
2026.08.11 13:05,4392.69,4398.97,4392.59,4398.97
2026.08.11 13:10,4399.47,4400.86,4393.73,4393.76
2026.08.11 13:15,4393.47,4395.39,4389.53,4394.28
2026.08.11 13:20,4394.24,4400.76,4394.20,4397.79
2026.08.11 13:25,4397.54,4399.86,4395.75,4397.90
2026.08.11 13:30,4397.98,4399.40,4389.94,4392.22
2026.08.11 13:35,4392.24,4399.66,4388.92,4399.59
2026.08.11 13:40,4399.58,4401.66,4398.18,4399.72
2026.08.11 13:45,4399.88,4404.08,4392.71,4394.73
2026.08.11 13:50,4395.12,4396.42,4384.44,4386.97
2026.08.11 13:55,4387.02,4394.31,4386.72,4389.23
2026.08.11 14:00,4389.25,4389.85,4381.29,4385.14
2026.08.11 14:05,4384.87,4386.76,4382.64,4384.48
2026.08.11 14:10,4384.48,4387.07,4382.11,4386.85
2026.08.11 14:15,4386.91,4390.12,4382.81,4385.63
2026.08.11 14:20,4385.54,4389.32,4381.61,4384.45
2026.08.11 14:25,4384.32,4387.61,4381.90,4383.88
2026.08.11 14:30,4383.92,4390.73,4383.92,4390.50
2026.08.11 14:35,4390.51,4392.94,4389.32,4391.58
2026.08.11 14:40,4391.65,4395.16,4390.68,4393.34
2026.08.11 14:45,4393.33,4395.88,4392.56,4393.50
2026.08.11 14:50,4393.51,4395.38,4391.72,4395.11
2026.08.11 14:55,4395.18,4397.85,4392.95,4394.01
2026.08.11 15:00,4394.00,4398.70,4392.97,4396.84
2026.08.11 15:05,4396.86,4397.17,4389.87,4391.15
2026.08.11 15:10,4390.90,4395.84,4389.21,4392.12
2026.08.11 15:15,4392.03,4392.03,4382.04,4386.19
2026.08.11 15:20,4386.17,4389.38,4383.31,4383.71
2026.08.11 15:25,4383.82,4387.53,4381.92,4386.61
2026.08.11 15:30,4386.60,4386.78,4376.52,4377.87
2026.08.11 15:35,4377.77,4379.18,4371.56,4371.56
2026.08.11 15:40,4371.49,4376.09,4369.14,4375.83
2026.08.11 15:45,4375.83,4377.95,4374.99,4376.09
2026.08.11 15:50,4376.10,4380.31,4375.36,4380.31
2026.08.11 15:55,4380.36,4383.67,4379.66,4383.64
2026.08.11 16:00,4383.67,4384.65,4380.42,4380.72
2026.08.11 16:05,4380.64,4381.36,4378.64,4380.07
2026.08.11 16:10,4380.07,4381.52,4378.60,4379.37
2026.08.11 16:15,4379.48,4381.25,4378.38,4378.70
2026.08.11 16:20,4378.68,4382.87,4378.34,4381.45
2026.08.11 16:25,4381.44,4383.30,4380.48,4382.89
2026.08.11 16:30,4382.78,4382.95,4379.18,4382.35
2026.08.11 16:35,4382.31,4384.79,4382.19,4383.67
2026.08.11 16:40,4383.79,4385.67,4382.89,4384.65
2026.08.11 16:45,4384.64,4385.34,4382.13,4382.71
2026.08.11 16:50,4382.72,4383.02,4380.93,4381.86
2026.08.11 16:55,4381.92,4385.03,4381.69,4383.38
2026.08.11 17:00,4383.28,4385.32,4382.36,4383.56
2026.08.11 17:05,4383.47,4385.59,4381.59,4384.47
2026.08.11 17:10,4384.47,4384.47,4380.99,4380.99
2026.08.11 17:15,4380.98,4383.64,4380.10,4383.22
2026.08.11 17:20,4383.16,4384.25,4379.69,4380.91
2026.08.11 17:25,4380.92,4383.09,4378.86,4381.40
2026.08.11 17:30,4381.30,4381.86,4376.06,4376.65
2026.08.11 17:35,4376.64,4377.18,4374.24,4376.81
2026.08.11 17:40,4376.82,4378.11,4376.07,4376.15
2026.08.11 17:45,4376.17,4377.41,4374.86,4376.40
2026.08.11 17:50,4376.41,4376.74,4372.75,4372.75
2026.08.11 17:55,4372.79,4373.30,4368.88,4369.07
2026.08.11 18:00,4369.02,4369.02,4363.80,4365.07
2026.08.11 18:05,4365.07,4366.79,4361.05,4361.14
2026.08.11 18:10,4361.38,4364.01,4360.15,4363.62
2026.08.11 18:15,4363.69,4367.15,4363.49,4366.58
2026.08.11 18:20,4366.62,4366.62,4361.98,4364.22
2026.08.11 18:25,4364.24,4365.32,4360.63,4361.35
2026.08.11 18:30,4361.21,4367.85,4361.10,4367.53
2026.08.11 18:35,4367.50,4371.08,4367.35,4370.55
2026.08.11 18:40,4370.33,4371.68,4368.76,4371.01
2026.08.11 18:45,4370.99,4372.61,4370.77,4371.38
2026.08.11 18:50,4371.39,4372.31,4371.36,4371.65
2026.08.11 18:55,4371.72,4371.86,4369.98,4371.44
2026.08.11 19:00,4371.44,4372.09,4366.88,4366.88
2026.08.11 19:05,4366.86,4366.92,4363.37,4364.56
2026.08.11 19:10,4364.63,4367.29,4363.34,4363.61
2026.08.11 19:15,4363.68,4364.53,4361.18,4362.72
2026.08.11 19:20,4362.72,4369.01,4361.99,4368.66
2026.08.11 19:25,4368.66,4370.75,4366.91,4370.32
2026.08.11 19:30,4370.49,4374.11,4370.37,4371.27
2026.08.11 19:35,4371.27,4371.57,4368.32,4370.47
2026.08.11 19:40,4370.46,4370.46,4367.22,4367.58
2026.08.11 19:45,4367.54,4370.36,4366.52,4369.95
2026.08.11 19:50,4369.76,4370.47,4366.23,4369.34
2026.08.11 19:55,4369.32,4373.17,4369.21,4370.61
2026.08.11 20:00,4370.19,4370.83,4368.38,4369.58
2026.08.11 20:05,4369.58,4370.78,4368.90,4370.42
2026.08.11 20:10,4370.30,4370.93,4370.11,4370.20
2026.08.11 20:15,4370.22,4370.23,4367.74,4368.13
2026.08.11 20:20,4368.13,4369.79,4367.56,4369.79
2026.08.11 20:25,4369.79,4370.87,4369.16,4370.14
2026.08.11 20:30,4370.24,4370.39,4369.38,4369.72
2026.08.11 20:35,4369.70,4369.85,4368.80,4369.38
2026.08.11 20:40,4369.37,4369.37,4367.39,4367.57
2026.08.11 20:45,4367.54,4367.79,4367.12,4367.33
2026.08.11 20:50,4367.54,4367.82,4367.02,4367.70
2026.08.11 20:55,4367.88,4369.19,4367.64,4368.50
2026.08.11 22:00,4370.98,4373.29,4370.68,4373.21
2026.08.11 22:05,4372.69,4374.52,4372.19,4374.34
2026.08.11 22:10,4374.34,4375.40,4373.71,4373.94
2026.08.11 22:15,4373.93,4375.26,4373.27,4374.73
2026.08.11 22:20,4374.72,4376.32,4374.57,4375.96
2026.08.11 22:25,4375.95,4376.97,4375.65,4376.52
2026.08.11 22:30,4376.52,4377.94,4376.25,4376.88
2026.08.11 22:35,4376.85,4377.59,4376.07,4376.36
2026.08.11 22:40,4376.36,4376.64,4375.16,4376.26
2026.08.11 22:45,4376.27,4378.32,4374.08,4374.92
2026.08.11 22:50,4374.98,4375.44,4371.03,4373.86
2026.08.11 22:55,4373.92,4374.69,4367.14,4368.85
2026.08.11 23:00,4369.56,4369.56,4363.30,4364.54
2026.08.11 23:05,4364.60,4369.73,4362.46,4364.62
2026.08.11 23:10,4364.62,4369.64,4364.53,4366.48
2026.08.11 23:15,4366.48,4372.06,4365.14,4370.94
2026.08.11 23:20,4370.90,4374.44,4370.90,4372.66
2026.08.11 23:25,4372.62,4373.82,4368.28,4372.66
2026.08.11 23:30,4372.68,4372.72,4366.58,4368.44
2026.08.11 23:35,4368.44,4368.59,4367.26,4367.64
2026.08.11 23:40,4367.69,4368.24,4367.42,4367.81
2026.08.11 23:45,4367.81,4370.34,4367.81,4368.75
2026.08.11 23:50,4368.75,4369.77,4368.27,4369.72
2026.08.11 23:55,4369.72,4371.70,4369.64,4371.41
2026.08.12 00:00,4371.40,4371.41,4366.37,4368.79
2026.08.12 00:05,4368.78,4371.00,4367.80,4370.81
2026.08.12 00:10,4370.79,4379.28,4370.24,4378.09
2026.08.12 00:15,4377.86,4379.81,4374.03,4379.75
2026.08.12 00:20,4379.57,4380.35,4377.59,4378.57
2026.08.12 00:25,4378.58,4381.04,4377.74,4380.68
2026.08.12 00:30,4380.60,4383.14,4379.32,4381.25
2026.08.12 00:35,4381.25,4383.55,4380.92,4381.36
2026.08.12 00:40,4381.38,4383.12,4381.02,4382.73
2026.08.12 00:45,4382.81,4383.05,4380.83,4380.93
2026.08.12 00:50,4381.06,4381.87,4377.95,4378.16
2026.08.12 00:55,4378.04,4381.51,4377.53,4380.45
2026.08.12 01:00,4380.41,4385.34,4378.27,4384.00
2026.08.12 01:05,4384.44,4387.42,4382.26,4387.14
2026.08.12 01:10,4387.12,4390.63,4386.92,4390.30
2026.08.12 01:15,4390.30,4391.80,4386.61,4391.34
2026.08.12 01:20,4391.34,4393.90,4389.23,4390.75
2026.08.12 01:25,4390.75,4391.79,4389.81,4390.39
2026.08.12 01:30,4390.43,4391.31,4386.04,4386.94
2026.08.12 01:35,4386.91,4391.13,4385.17,4387.56
2026.08.12 01:40,4387.31,4393.08,4387.07,4393.00
2026.08.12 01:45,4392.97,4396.06,4391.03,4395.08
2026.08.12 01:50,4395.08,4397.28,4394.87,4395.01
2026.08.12 01:55,4395.26,4397.18,4393.40,4396.31
2026.08.12 02:00,4396.38,4396.82,4394.15,4396.42
2026.08.12 02:05,4396.42,4397.64,4395.20,4397.21
2026.08.12 02:10,4397.20,4404.64,4397.10,4401.85
2026.08.12 02:15,4401.65,4402.83,4399.33,4401.60
2026.08.12 02:20,4401.59,4403.60,4400.79,4402.35
2026.08.12 02:25,4402.24,4403.06,4401.02,4402.08
2026.08.12 02:30,4402.09,4402.94,4398.18,4398.59
2026.08.12 02:35,4398.59,4399.95,4397.73,4399.43
2026.08.12 02:40,4399.60,4408.13,4399.22,4405.52
2026.08.12 02:45,4405.43,4410.99,4405.26,4409.66
2026.08.12 02:50,4409.63,4414.27,4409.44,4413.61
2026.08.12 02:55,4413.58,4413.58,4411.02,4411.28
2026.08.12 03:00,4411.25,4414.15,4408.72,4409.21
2026.08.12 03:05,4409.58,4415.77,4408.55,4413.39
2026.08.12 03:10,4413.38,4414.45,4410.46,4410.61
2026.08.12 03:15,4410.62,4410.66,4406.40,4407.32
2026.08.12 03:20,4407.33,4407.47,4404.45,4406.49
2026.08.12 03:25,4406.30,4407.97,4405.96,4407.19
2026.08.12 03:30,4407.19,4408.56,4404.80,4405.29
2026.08.12 03:35,4405.27,4406.32,4403.64,4403.74
2026.08.12 03:40,4403.78,4404.26,4401.28,4401.29
2026.08.12 03:45,4401.29,4402.99,4401.19,4402.57
2026.08.12 03:50,4402.56,4403.67,4400.68,4402.00
2026.08.12 03:55,4402.00,4402.68,4401.07,4402.12
2026.08.12 04:00,4402.10,4403.08,4401.43,4403.01
2026.08.12 04:05,4402.88,4403.07,4399.65,4399.80
2026.08.12 04:10,4399.92,4400.12,4396.53,4397.30
2026.08.12 04:15,4397.30,4397.31,4395.31,4396.15
2026.08.12 04:20,4396.15,4398.31,4396.10,4397.53
2026.08.12 04:25,4397.52,4399.15,4397.32,4398.91
2026.08.12 04:30,4398.91,4399.31,4397.12,4398.96
2026.08.12 04:35,4398.96,4399.72,4397.89,4398.86
2026.08.12 04:40,4398.86,4399.91,4395.31,4399.86
2026.08.12 04:45,4399.84,4402.16,4399.45,4401.32
2026.08.12 04:50,4401.29,4401.67,4399.59,4399.67
2026.08.12 04:55,4399.67,4401.02,4399.14,4400.90
2026.08.12 05:00,4400.87,4402.15,4400.07,4401.38
2026.08.12 05:05,4401.38,4404.54,4400.78,4404.54
2026.08.12 05:10,4404.52,4404.67,4400.74,4401.04
2026.08.12 05:15,4400.71,4400.71,4396.98,4398.49
2026.08.12 05:20,4398.52,4398.97,4392.48,4393.98
2026.08.12 05:25,4393.97,4395.72,4392.57,4392.57
2026.08.12 05:30,4392.52,4396.83,4389.27,4392.34
2026.08.12 05:35,4392.19,4394.95,4390.68,4393.55
2026.08.12 05:40,4393.61,4394.12,4387.90,4388.03
2026.08.12 05:45,4387.88,4389.07,4385.05,4385.11
2026.08.12 05:50,4385.01,4389.02,4383.89,4388.62
2026.08.12 05:55,4388.65,4393.92,4388.30,4391.46
2026.08.12 06:00,4391.09,4392.98,4387.42,4387.97
2026.08.12 06:05,4387.93,4388.57,4385.19,4386.44
2026.08.12 06:10,4386.43,4388.23,4385.10,4386.89
2026.08.12 06:15,4386.96,4390.27,4385.60,4389.07
2026.08.12 06:20,4389.07,4390.41,4387.76,4389.02
2026.08.12 06:25,4388.98,4390.01,4387.00,4389.76
2026.08.12 06:30,4389.63,4390.21,4388.31,4389.34
2026.08.12 06:35,4389.62,4394.87,4388.64,4393.87
2026.08.12 06:40,4393.88,4397.30,4393.53,4394.33
2026.08.12 06:45,4394.43,4400.65,4394.42,4399.77
2026.08.12 06:50,4399.83,4403.06,4399.49,4401.10
2026.08.12 06:55,4401.16,4406.23,4401.09,4403.33
2026.08.12 07:00,4403.39,4405.93,4401.10,4401.10
2026.08.12 07:05,4401.07,4403.15,4400.87,4402.12
2026.08.12 07:10,4402.13,4405.91,4401.30,4401.44
2026.08.12 07:15,4401.43,4401.43,4398.53,4399.16
2026.08.12 07:20,4399.16,4400.36,4398.10,4399.92
2026.08.12 07:25,4399.92,4402.63,4399.67,4402.30
2026.08.12 07:30,4402.30,4405.49,4401.31,4403.92
2026.08.12 07:35,4403.85,4407.36,4403.30,4407.32
2026.08.12 07:40,4407.32,4408.41,4405.74,4407.76
2026.08.12 07:45,4407.79,4409.67,4405.91,4408.56
2026.08.12 07:50,4408.48,4409.90,4407.55,4408.65
2026.08.12 07:55,4408.62,4408.82,4404.68,4406.24
2026.08.12 08:00,4406.09,4410.13,4405.74,4408.66
2026.08.12 08:05,4408.59,4410.38,4407.28,4407.28
2026.08.12 08:10,4407.31,4409.31,4407.25,4408.50
2026.08.12 08:15,4408.35,4408.52,4406.38,4407.29
2026.08.12 08:20,4407.28,4409.31,4407.25,4408.14
2026.08.12 08:25,4408.08,4408.38,4405.49,4406.80
2026.08.12 08:30,4406.87,4407.35,4404.83,4405.50
2026.08.12 08:35,4405.63,4406.39,4404.62,4405.82
2026.08.12 08:40,4405.83,4406.15,4404.33,4405.91
2026.08.12 08:45,4405.96,4405.96,4402.72,4404.14
2026.08.12 08:50,4404.14,4404.87,4403.12,4403.13
2026.08.12 08:55,4403.13,4403.35,4401.61,4401.68
2026.08.12 09:00,4401.79,4407.82,4401.75,4407.21
2026.08.12 09:05,4407.21,4408.76,4406.61,4408.67
2026.08.12 09:10,4408.66,4413.03,4407.77,4412.89
2026.08.12 09:15,4412.75,4417.65,4412.29,4415.38
2026.08.12 09:20,4415.38,4423.88,4413.27,4423.44
2026.08.12 09:25,4423.57,4423.57,4413.01,4413.14
2026.08.12 09:30,4413.10,4415.63,4411.88,4414.22
2026.08.12 09:35,4414.15,4416.21,4412.51,4415.80
2026.08.12 09:40,4415.87,4416.95,4413.14,4413.59
2026.08.12 09:45,4413.77,4414.13,4412.31,4412.73
2026.08.12 09:50,4412.75,4416.32,4410.72,4411.66
2026.08.12 09:55,4411.64,4416.23,4411.35,4415.71
2026.08.12 10:00,4415.71,4416.21,4414.52,4414.85
2026.08.12 10:05,4414.83,4418.88,4414.83,4418.11
2026.08.12 10:10,4417.93,4419.14,4417.18,4417.78
2026.08.12 10:15,4417.78,4419.58,4417.34,4419.36
2026.08.12 10:20,4419.26,4420.14,4418.56,4418.98
2026.08.12 10:25,4419.01,4420.80,4417.93,4419.48
2026.08.12 10:30,4419.49,4419.61,4416.84,4416.99
2026.08.12 10:35,4416.99,4416.99,4412.74,4413.78
2026.08.12 10:40,4413.79,4414.96,4413.20,4414.63
2026.08.12 10:45,4414.60,4415.59,4407.38,4409.31
2026.08.12 10:50,4409.29,4410.88,4408.16,4410.46
2026.08.12 10:55,4410.49,4412.62,4409.75,4412.59
2026.08.12 11:00,4412.59,4415.07,4410.81,4410.93
2026.08.12 11:05,4410.93,4411.46,4409.27,4410.49
2026.08.12 11:10,4410.49,4411.16,4407.90,4408.08
2026.08.12 11:15,4407.76,4410.15,4407.76,4410.04
2026.08.12 11:20,4410.07,4411.28,4409.75,4410.77
2026.08.12 11:25,4410.78,4416.62,4410.11,4414.94
2026.08.12 11:30,4414.93,4415.77,4412.84,4413.25
2026.08.12 11:35,4413.10,4413.66,4410.12,4411.48
2026.08.12 11:40,4411.48,4413.71,4411.47,4413.20
2026.08.12 11:45,4413.16,4414.08,4412.50,4413.29
2026.08.12 11:50,4413.29,4414.24,4412.61,4414.11
2026.08.12 11:55,4414.11,4415.29,4412.44,4412.59
2026.08.12 12:00,4412.65,4412.95,4407.86,4408.50
2026.08.12 12:05,4408.54,4409.16,4406.78,4407.21
2026.08.12 12:10,4407.15,4409.26,4406.23,4408.59
2026.08.12 12:15,4408.50,4408.96,4406.64,4408.57
2026.08.12 12:20,4408.19,4409.64,4404.98,4406.70
2026.08.12 12:25,4406.66,4423.94,4404.62,4423.94
2026.08.12 12:30,4425.96,4431.39,4381.20,4425.32
2026.08.12 12:35,4425.13,4429.75,4415.60,4429.31
2026.08.12 12:40,4429.12,4437.94,4424.18,4428.61
2026.08.12 12:45,4428.47,4428.47,4417.07,4421.66
2026.08.12 12:50,4421.47,4428.68,4421.08,4427.67
2026.08.12 12:55,4427.71,4437.69,4426.49,4437.29
2026.08.12 13:00,4437.37,4441.28,4426.71,4432.32
2026.08.12 13:05,4432.17,4434.27,4427.63,4429.43
2026.08.12 13:10,4430.21,4430.57,4421.07,4421.89
2026.08.12 13:15,4421.82,4428.85,4421.00,4423.96
2026.08.12 13:20,4424.22,4427.49,4417.07,4417.22
2026.08.12 13:25,4417.06,4419.31,4414.61,4418.31
2026.08.12 13:30,4418.21,4420.59,4412.45,4413.77
2026.08.12 13:35,4413.76,4419.66,4410.30,4411.66
2026.08.12 13:40,4411.66,4419.96,4408.33,4416.51
2026.08.12 13:45,4416.56,4427.95,4415.43,4427.59
2026.08.12 13:50,4427.97,4433.89,4426.30,4432.25
2026.08.12 13:55,4432.33,4432.86,4427.05,4427.51
2026.08.12 14:00,4427.66,4428.91,4421.12,4426.72
2026.08.12 14:05,4426.65,4429.88,4426.22,4429.46
2026.08.12 14:10,4429.43,4434.73,4429.20,4431.72
2026.08.12 14:15,4431.75,4437.40,4429.93,4436.09
2026.08.12 14:20,4436.09,4439.62,4433.90,4436.40
2026.08.12 14:25,4436.35,4437.12,4430.37,4431.41
2026.08.12 14:30,4431.43,4435.80,4419.82,4420.40
2026.08.12 14:35,4420.47,4423.03,4416.29,4418.18
2026.08.12 14:40,4418.19,4425.05,4417.12,4424.89
2026.08.12 14:45,4424.92,4432.34,4420.23,4422.36
2026.08.12 14:50,4422.17,4424.19,4416.49,4422.35
2026.08.12 14:55,4422.46,4423.94,4418.85,4421.86
2026.08.12 15:00,4421.88,4423.44,4415.31,4416.05
2026.08.12 15:05,4415.98,4423.19,4414.76,4421.50
2026.08.12 15:10,4421.51,4429.91,4421.34,4426.68
2026.08.12 15:15,4426.57,4426.94,4422.21,4424.33
2026.08.12 15:20,4424.39,4427.96,4424.06,4426.19
2026.08.12 15:25,4426.19,4426.36,4419.60,4421.34
2026.08.12 15:30,4421.36,4425.25,4418.39,4418.86
2026.08.12 15:35,4418.86,4420.99,4416.68,4420.71
2026.08.12 15:40,4420.71,4421.78,4417.11,4418.02
2026.08.12 15:45,4418.02,4418.35,4414.19,4415.44
2026.08.12 15:50,4415.71,4416.67,4410.96,4416.48
2026.08.12 15:55,4416.49,4422.14,4416.39,4420.87
2026.08.12 16:00,4420.87,4425.53,4418.24,4420.35
2026.08.12 16:05,4420.20,4421.97,4417.98,4419.39
2026.08.12 16:10,4419.39,4424.06,4416.70,4423.27
2026.08.12 16:15,4423.45,4425.98,4422.62,4425.17
2026.08.12 16:20,4425.35,4426.36,4423.73,4426.10
2026.08.12 16:25,4426.11,4426.23,4422.29,4423.21
2026.08.12 16:30,4423.09,4423.80,4413.44,4413.46
2026.08.12 16:35,4412.91,4415.89,4411.37,4413.88
2026.08.12 16:40,4413.83,4415.58,4409.30,4410.77
2026.08.12 16:45,4410.77,4411.13,4402.11,4402.48
2026.08.12 16:50,4402.52,4406.04,4401.99,4405.36
2026.08.12 16:55,4405.23,4405.23,4396.61,4401.56
2026.08.12 17:00,4401.50,4405.34,4399.92,4402.94
2026.08.12 17:05,4402.98,4407.46,4402.25,4406.65
2026.08.12 17:10,4406.51,4406.57,4403.18,4403.42
2026.08.12 17:15,4403.71,4404.17,4401.94,4403.17
2026.08.12 17:20,4403.41,4409.63,4402.71,4407.59
2026.08.12 17:25,4407.67,4408.69,4405.33,4406.34
2026.08.12 17:30,4406.52,4410.57,4405.96,4410.57
2026.08.12 17:35,4410.36,4411.38,4404.83,4405.63
2026.08.12 17:40,4405.64,4405.64,4401.24,4401.89
2026.08.12 17:45,4401.91,4403.84,4401.53,4403.11
2026.08.12 17:50,4403.11,4405.45,4399.73,4400.10
2026.08.12 17:55,4400.14,4401.56,4398.94,4399.22
2026.08.12 18:00,4399.30,4399.30,4396.32,4398.85
2026.08.12 18:05,4398.81,4403.97,4398.40,4403.97
2026.08.12 18:10,4403.98,4406.47,4403.96,4405.66
2026.08.12 18:15,4405.79,4408.12,4404.50,4407.95
2026.08.12 18:20,4407.92,4410.59,4407.25,4410.54
2026.08.12 18:25,4410.55,4410.99,4407.26,4408.35
2026.08.12 18:30,4408.38,4412.85,4407.94,4412.23
2026.08.12 18:35,4412.23,4412.81,4410.40,4410.89
2026.08.12 18:40,4410.80,4413.50,4410.33,4413.36
2026.08.12 18:45,4413.43,4417.76,4413.27,4417.18
2026.08.12 18:50,4417.08,4417.09,4413.49,4413.72
2026.08.12 18:55,4413.74,4414.04,4412.68,4412.89
2026.08.12 19:00,4412.94,4416.88,4412.79,4416.49
2026.08.12 19:05,4416.42,4418.21,4414.95,4415.85
2026.08.12 19:10,4415.85,4416.69,4415.47,4416.26
2026.08.12 19:15,4416.26,4417.82,4415.87,4417.35
2026.08.12 19:20,4417.29,4417.45,4416.01,4416.29
2026.08.12 19:25,4416.28,4417.21,4415.59,4416.52
2026.08.12 19:30,4416.52,4416.59,4413.22,4413.63
2026.08.12 19:35,4413.63,4414.16,4411.26,4411.65
2026.08.12 19:40,4411.68,4413.23,4411.22,4413.10
2026.08.12 19:45,4413.00,4413.40,4408.18,4409.60
2026.08.12 19:50,4409.61,4413.02,4409.61,4411.24
2026.08.12 19:55,4411.30,4413.85,4410.90,4413.84
2026.08.12 20:00,4413.07,4413.68,4411.00,4411.07
2026.08.12 20:05,4411.07,4412.01,4410.17,4410.56
2026.08.12 20:10,4410.56,4410.85,4408.64,4408.90
2026.08.12 20:15,4408.88,4409.79,4406.99,4407.01
2026.08.12 20:20,4407.01,4408.04,4406.53,4407.90
2026.08.12 20:25,4407.95,4408.67,4407.06,4407.82
2026.08.12 20:30,4407.69,4407.81,4406.73,4407.04
2026.08.12 20:35,4407.04,4408.65,4406.69,4408.01
2026.08.12 20:40,4408.00,4408.59,4407.29,4407.88
2026.08.12 20:45,4407.93,4408.59,4406.83,4408.19
2026.08.12 20:50,4408.19,4408.73,4406.56,4407.41
2026.08.12 20:55,4407.31,4408.81,4407.31,4408.49
2026.08.12 22:00,4410.48,4411.27,4405.39,4405.39
2026.08.12 22:05,4405.35,4405.59,4402.96,4403.91
2026.08.12 22:10,4403.91,4404.00,4402.40,4403.04
2026.08.12 22:15,4403.03,4403.10,4401.59,4402.17
2026.08.12 22:20,4402.16,4402.78,4401.68,4402.20
2026.08.12 22:25,4402.20,4402.69,4398.25,4399.29
2026.08.12 22:30,4399.27,4401.66,4398.92,4400.21
2026.08.12 22:35,4400.30,4400.97,4398.68,4399.46
2026.08.12 22:40,4399.46,4400.42,4399.28,4399.97
2026.08.12 22:45,4399.97,4401.16,4399.77,4400.41
2026.08.12 22:50,4400.43,4401.97,4400.43,4401.90
2026.08.12 22:55,4401.94,4402.86,4401.60,4402.32
2026.08.12 23:00,4402.13,4404.33,4401.68,4403.65
2026.08.12 23:05,4403.66,4405.25,4403.11,4405.25
2026.08.12 23:10,4405.26,4405.79,4404.89,4405.48
2026.08.12 23:15,4405.52,4407.88,4405.52,4407.23
2026.08.12 23:20,4407.34,4408.30,4407.26,4408.30
2026.08.12 23:25,4408.15,4409.67,4407.50,4408.23
2026.08.12 23:30,4408.23,4410.31,4408.14,4408.75
2026.08.12 23:35,4408.70,4409.41,4407.83,4408.12
2026.08.12 23:40,4408.24,4408.93,4407.25,4408.41
2026.08.12 23:45,4408.54,4409.90,4408.18,4408.49
2026.08.12 23:50,4408.49,4411.02,4407.85,4411.00
2026.08.12 23:55,4411.00,4414.27,4410.72,4414.27
2026.08.13 00:00,4414.47,4419.26,4412.95,4416.26
2026.08.13 00:05,4416.23,4421.99,4415.37,4420.95
2026.08.13 00:10,4420.89,4421.11,4418.54,4419.08
2026.08.13 00:15,4419.08,4429.26,4419.08,4428.40
2026.08.13 00:20,4428.44,4437.36,4428.21,4434.12
2026.08.13 00:25,4434.24,4434.38,4426.83,4428.27
2026.08.13 00:30,4428.21,4449.63,4424.54,4444.46
2026.08.13 00:35,4444.30,4445.26,4437.03,4437.50
2026.08.13 00:40,4437.52,4440.45,4437.24,4440.02
2026.08.13 00:45,4440.03,4440.05,4429.27,4429.36
2026.08.13 00:50,4429.45,4432.53,4429.45,4431.42
2026.08.13 00:55,4431.42,4431.48,4423.98,4427.82
2026.08.13 01:00,4427.20,4433.83,4422.74,4433.40
2026.08.13 01:05,4433.34,4435.19,4430.83,4434.81
2026.08.13 01:10,4433.89,4434.76,4428.70,4430.01
2026.08.13 01:15,4429.94,4435.15,4426.68,4427.08
2026.08.13 01:20,4427.04,4427.37,4419.07,4421.05
2026.08.13 01:25,4421.15,4423.45,4419.07,4419.31
2026.08.13 01:30,4419.23,4428.94,4418.92,4428.25
2026.08.13 01:35,4428.25,4430.06,4424.15,4424.18
2026.08.13 01:40,4423.83,4423.83,4417.71,4419.15
2026.08.13 01:45,4419.14,4419.14,4410.38,4412.70
2026.08.13 01:50,4412.58,4415.42,4409.33,4415.39
2026.08.13 01:55,4415.39,4415.94,4406.13,4408.36
2026.08.13 02:00,4408.16,4410.10,4405.92,4408.10
2026.08.13 02:05,4408.17,4413.28,4405.47,4413.00
2026.08.13 02:10,4412.89,4413.94,4410.09,4410.58
2026.08.13 02:15,4410.58,4411.78,4409.94,4411.61
2026.08.13 02:20,4411.61,4412.33,4405.93,4406.50
2026.08.13 02:25,4406.48,4408.70,4406.38,4406.42
2026.08.13 02:30,4406.40,4406.40,4400.31,4402.45
2026.08.13 02:35,4402.49,4408.99,4398.93,4408.74
2026.08.13 02:40,4408.69,4410.08,4406.12,4410.08
2026.08.13 02:45,4410.22,4410.29,4407.29,4410.05
2026.08.13 02:50,4410.05,4410.45,4405.47,4405.51
2026.08.13 02:55,4405.58,4408.03,4405.50,4406.98
2026.08.13 03:00,4407.06,4411.47,4406.81,4410.80
2026.08.13 03:05,4410.79,4412.10,4407.78,4407.95
2026.08.13 03:10,4407.97,4409.37,4404.07,4406.93
2026.08.13 03:15,4406.93,4410.02,4405.54,4408.82
2026.08.13 03:20,4408.77,4409.35,4407.00,4409.16
2026.08.13 03:25,4409.16,4409.97,4407.58,4409.07
2026.08.13 03:30,4409.10,4410.31,4408.92,4409.76
2026.08.13 03:35,4409.76,4410.35,4408.81,4409.13
2026.08.13 03:40,4409.09,4409.13,4405.37,4405.79
2026.08.13 03:45,4405.82,4407.51,4404.96,4405.40
2026.08.13 03:50,4405.39,4405.87,4402.35,4403.34
2026.08.13 03:55,4403.27,4403.27,4398.60,4400.15
2026.08.13 04:00,4400.09,4400.32,4394.91,4395.99
2026.08.13 04:05,4395.99,4397.19,4395.10,4395.99
2026.08.13 04:10,4395.84,4395.93,4391.63,4394.37
2026.08.13 04:15,4394.38,4395.74,4393.30,4394.59
2026.08.13 04:20,4394.60,4397.71,4392.44,4397.54
2026.08.13 04:25,4397.52,4399.04,4396.80,4398.08
2026.08.13 04:30,4398.08,4399.42,4397.45,4398.65
2026.08.13 04:35,4398.65,4399.25,4397.22,4397.47
2026.08.13 04:40,4397.46,4399.14,4395.12,4395.71
2026.08.13 04:45,4395.76,4398.75,4395.60,4395.63
2026.08.13 04:50,4395.62,4397.44,4395.22,4396.47
2026.08.13 04:55,4396.60,4398.38,4396.10,4397.66
2026.08.13 05:00,4397.69,4397.73,4393.06,4394.68
2026.08.13 05:05,4394.68,4397.64,4394.34,4396.74
2026.08.13 05:10,4396.74,4404.60,4395.18,4404.32
2026.08.13 05:15,4404.36,4405.49,4400.80,4401.51
2026.08.13 05:20,4401.51,4403.51,4401.08,4402.85
2026.08.13 05:25,4402.85,4407.12,4402.68,4406.28
2026.08.13 05:30,4406.50,4406.93,4393.47,4397.49
2026.08.13 05:35,4397.41,4399.70,4396.93,4399.70
2026.08.13 05:40,4399.55,4400.75,4386.68,4387.70
2026.08.13 05:45,4387.58,4389.14,4383.28,4387.07
2026.08.13 05:50,4387.33,4389.16,4384.20,4384.97
2026.08.13 05:55,4384.47,4386.02,4380.45,4383.01
2026.08.13 06:00,4382.90,4385.44,4376.38,4378.04
2026.08.13 06:05,4378.04,4379.70,4375.44,4379.14
2026.08.13 06:10,4379.13,4380.50,4375.18,4375.91
2026.08.13 06:15,4375.81,4378.44,4375.12,4375.44
2026.08.13 06:20,4375.33,4378.49,4374.16,4378.49
2026.08.13 06:25,4378.49,4378.69,4374.41,4375.86
2026.08.13 06:30,4375.90,4378.45,4369.95,4371.93
2026.08.13 06:35,4371.95,4372.54,4368.95,4371.14
2026.08.13 06:40,4371.56,4374.50,4371.36,4374.02
2026.08.13 06:45,4374.03,4378.98,4373.96,4378.49
2026.08.13 06:50,4378.49,4380.19,4378.23,4379.96
2026.08.13 06:55,4380.08,4381.40,4379.44,4380.51
2026.08.13 07:00,4380.78,4381.56,4378.25,4379.45
2026.08.13 07:05,4379.51,4380.49,4377.33,4378.13
2026.08.13 07:10,4378.11,4378.74,4374.98,4376.75
2026.08.13 07:15,4376.94,4377.53,4373.79,4373.79
2026.08.13 07:20,4373.89,4376.73,4373.61,4376.32
2026.08.13 07:25,4376.34,4377.02,4374.53,4376.33
2026.08.13 07:30,4376.33,4377.19,4372.03,4373.64
2026.08.13 07:35,4373.61,4376.53,4372.43,4374.36
2026.08.13 07:40,4374.36,4378.56,4373.79,4378.37
2026.08.13 07:45,4378.44,4378.62,4371.14,4371.64
2026.08.13 07:50,4371.62,4373.52,4369.88,4372.69
2026.08.13 07:55,4372.89,4372.95,4369.19,4369.83
2026.08.13 08:00,4369.47,4370.42,4365.76,4367.14
2026.08.13 08:05,4366.97,4369.56,4365.72,4365.72
2026.08.13 08:10,4365.62,4367.74,4363.95,4365.88
2026.08.13 08:15,4365.83,4367.79,4365.21,4365.24
2026.08.13 08:20,4365.33,4370.57,4364.86,4369.82
2026.08.13 08:25,4369.80,4373.38,4369.51,4372.44
2026.08.13 08:30,4372.58,4375.65,4371.80,4374.31
2026.08.13 08:35,4374.39,4375.60,4373.43,4373.49
2026.08.13 08:40,4373.49,4375.25,4373.31,4373.47
2026.08.13 08:45,4373.43,4379.00,4373.31,4378.46
2026.08.13 08:50,4378.49,4379.21,4374.97,4375.75
2026.08.13 08:55,4376.12,4377.01,4374.94,4375.76
2026.08.13 09:00,4375.74,4376.75,4373.38,4373.92
2026.08.13 09:05,4374.11,4377.92,4372.41,4376.79
2026.08.13 09:10,4376.89,4378.22,4376.46,4376.91
2026.08.13 09:15,4376.78,4380.80,4376.14,4380.28
2026.08.13 09:20,4380.41,4381.94,4378.00,4378.46
2026.08.13 09:25,4378.49,4382.19,4378.49,4379.82
2026.08.13 09:30,4379.84,4381.25,4379.61,4380.77
2026.08.13 09:35,4380.78,4381.63,4380.11,4380.90
2026.08.13 09:40,4380.88,4381.51,4378.72,4379.94
2026.08.13 09:45,4379.94,4380.56,4378.42,4379.47
2026.08.13 09:50,4379.41,4380.85,4378.91,4380.28
2026.08.13 09:55,4380.50,4384.75,4379.94,4384.45
2026.08.13 10:00,4384.45,4385.17,4383.40,4384.52
2026.08.13 10:05,4384.36,4385.20,4383.71,4384.01
2026.08.13 10:10,4383.97,4384.60,4381.33,4381.43
2026.08.13 10:15,4381.44,4385.77,4381.44,4385.03
2026.08.13 10:20,4385.03,4386.37,4383.75,4384.35
2026.08.13 10:25,4384.63,4387.48,4384.52,4387.02
2026.08.13 10:30,4387.00,4387.68,4384.52,4385.20
2026.08.13 10:35,4385.20,4388.99,4385.20,4388.56
2026.08.13 10:40,4388.57,4390.45,4387.87,4390.31
2026.08.13 10:45,4390.39,4390.42,4388.12,4390.27
2026.08.13 10:50,4390.16,4393.67,4390.08,4392.33
2026.08.13 10:55,4392.47,4392.73,4391.04,4392.00
2026.08.13 11:00,4392.05,4392.90,4388.42,4389.19
2026.08.13 11:05,4388.99,4391.59,4388.98,4390.62
2026.08.13 11:10,4390.43,4394.23,4390.19,4394.17
2026.08.13 11:15,4394.14,4396.50,4392.62,4393.29
2026.08.13 11:20,4393.26,4394.09,4391.16,4392.45
2026.08.13 11:25,4392.45,4392.99,4387.95,4388.06
2026.08.13 11:30,4387.96,4389.18,4386.71,4388.39
2026.08.13 11:35,4388.38,4389.72,4387.77,4388.89
2026.08.13 11:40,4388.89,4388.89,4383.68,4383.96
2026.08.13 11:45,4383.74,4385.71,4383.08,4384.48
2026.08.13 11:50,4384.55,4384.97,4382.80,4384.35
2026.08.13 11:55,4385.06,4387.97,4383.07,4387.56
2026.08.13 12:00,4387.68,4387.91,4385.63,4386.96
2026.08.13 12:05,4386.95,4391.54,4385.94,4390.74
2026.08.13 12:10,4390.73,4390.73,4387.96,4389.03
2026.08.13 12:15,4389.02,4389.43,4384.65,4386.08
2026.08.13 12:20,4386.33,4389.69,4384.35,4385.48
2026.08.13 12:25,4385.53,4392.14,4383.98,4390.80
2026.08.13 12:30,4390.75,4400.72,4380.85,4391.91
2026.08.13 12:35,4391.60,4392.39,4386.34,4390.09
2026.08.13 12:40,4390.03,4394.02,4385.78,4392.00
2026.08.13 12:45,4392.00,4397.15,4391.59,4394.69
2026.08.13 12:50,4394.83,4396.72,4392.75,4394.66
2026.08.13 12:55,4394.67,4401.79,4392.80,4401.72
2026.08.13 13:00,4401.97,4401.97,4391.53,4393.93
2026.08.13 13:05,4393.93,4397.92,4392.04,4393.37
2026.08.13 13:10,4393.30,4394.47,4391.04,4393.64
2026.08.13 13:15,4393.74,4395.25,4390.56,4392.12
2026.08.13 13:20,4392.19,4395.15,4388.67,4388.67
2026.08.13 13:25,4388.64,4389.97,4383.98,4384.97
2026.08.13 13:30,4385.06,4389.71,4377.11,4378.80
2026.08.13 13:35,4378.67,4382.54,4375.13,4382.49
2026.08.13 13:40,4382.37,4383.95,4376.56,4379.68
2026.08.13 13:45,4379.38,4382.74,4375.75,4377.53
2026.08.13 13:50,4377.74,4378.33,4370.70,4375.88
2026.08.13 13:55,4376.10,4378.19,4371.96,4372.58
2026.08.13 14:00,4372.94,4378.85,4370.04,4372.96
2026.08.13 14:05,4373.21,4378.75,4368.51,4369.28
2026.08.13 14:10,4369.29,4371.76,4366.62,4370.63
2026.08.13 14:15,4370.66,4378.09,4368.99,4375.40
2026.08.13 14:20,4375.58,4377.86,4370.71,4374.58
2026.08.13 14:25,4374.42,4376.14,4367.52,4367.56
2026.08.13 14:30,4367.69,4376.36,4357.36,4374.86
2026.08.13 14:35,4374.84,4377.95,4372.09,4377.83
2026.08.13 14:40,4377.56,4381.63,4376.59,4381.05
2026.08.13 14:45,4381.11,4386.28,4381.11,4384.77
2026.08.13 14:50,4384.74,4386.81,4382.54,4383.94
2026.08.13 14:55,4383.97,4386.76,4383.20,4383.52
2026.08.13 15:00,4383.58,4385.51,4377.93,4377.99
2026.08.13 15:05,4378.09,4378.09,4369.32,4371.19
2026.08.13 15:10,4370.99,4371.78,4368.23,4369.52
2026.08.13 15:15,4369.53,4370.36,4363.40,4367.83
2026.08.13 15:20,4367.80,4372.04,4366.36,4371.29
2026.08.13 15:25,4371.08,4373.81,4363.65,4364.93
2026.08.13 15:30,4365.08,4365.18,4357.54,4360.41
2026.08.13 15:35,4360.42,4371.31,4360.29,4368.94
2026.08.13 15:40,4368.95,4371.44,4367.91,4368.18
2026.08.13 15:45,4368.22,4370.69,4368.10,4368.99
2026.08.13 15:50,4369.04,4369.96,4365.45,4365.78
2026.08.13 15:55,4365.79,4368.01,4363.33,4364.99
2026.08.13 16:00,4365.03,4367.27,4362.64,4363.32
2026.08.13 16:05,4363.30,4363.44,4358.60,4358.64
2026.08.13 16:10,4358.59,4360.05,4353.93,4355.23
2026.08.13 16:15,4355.35,4355.53,4351.25,4351.40
2026.08.13 16:20,4351.57,4358.10,4351.20,4358.04
2026.08.13 16:25,4358.05,4362.74,4356.68,4362.71
2026.08.13 16:30,4362.47,4366.43,4362.47,4366.43
2026.08.13 16:35,4366.51,4366.54,4362.91,4363.78
2026.08.13 16:40,4363.76,4366.92,4363.21,4365.59
2026.08.13 16:45,4365.53,4367.39,4365.53,4365.91
2026.08.13 16:50,4366.07,4366.53,4364.01,4365.25
2026.08.13 16:55,4365.22,4368.26,4365.19,4366.95
2026.08.13 17:00,4367.08,4369.19,4365.07,4366.18
2026.08.13 17:05,4366.18,4372.44,4366.18,4371.78
2026.08.13 17:10,4371.84,4373.21,4370.92,4371.31
2026.08.13 17:15,4371.31,4371.72,4366.07,4367.46
2026.08.13 17:20,4367.46,4369.17,4367.02,4367.91
2026.08.13 17:25,4367.87,4368.99,4362.32,4362.95
2026.08.13 17:30,4362.99,4364.27,4359.91,4361.04
2026.08.13 17:35,4361.05,4362.21,4359.80,4361.37
2026.08.13 17:40,4361.38,4362.01,4355.53,4357.09
2026.08.13 17:45,4357.09,4359.75,4357.09,4359.17
2026.08.13 17:50,4359.20,4359.89,4357.24,4357.75
2026.08.13 17:55,4357.60,4358.12,4355.64,4355.85
2026.08.13 18:00,4355.93,4359.84,4355.83,4358.29
2026.08.13 18:05,4358.41,4359.90,4357.21,4359.49
2026.08.13 18:10,4359.39,4362.60,4358.05,4361.87
2026.08.13 18:15,4361.88,4363.47,4360.73,4363.03
2026.08.13 18:20,4363.00,4363.00,4356.01,4357.12
2026.08.13 18:25,4357.15,4358.05,4354.62,4357.41
2026.08.13 18:30,4357.45,4359.13,4356.29,4358.28
2026.08.13 18:35,4358.34,4359.87,4357.50,4359.39
2026.08.13 18:40,4359.40,4360.21,4357.27,4357.80
2026.08.13 18:45,4357.82,4358.10,4356.45,4357.05
2026.08.13 18:50,4357.19,4357.49,4354.60,4356.70
2026.08.13 18:55,4356.68,4357.70,4356.50,4356.89
2026.08.13 19:00,4357.07,4358.81,4356.05,4358.09
2026.08.13 19:05,4358.08,4358.18,4353.02,4353.54
2026.08.13 19:10,4353.39,4353.62,4346.13,4346.74
2026.08.13 19:15,4346.63,4348.42,4343.50,4347.54
2026.08.13 19:20,4347.72,4349.16,4346.40,4348.71
2026.08.13 19:25,4348.67,4351.70,4348.62,4351.60
2026.08.13 19:30,4351.59,4351.91,4349.68,4350.83
2026.08.13 19:35,4350.79,4354.07,4350.47,4353.07
2026.08.13 19:40,4353.04,4353.17,4350.62,4351.26
2026.08.13 19:45,4351.26,4351.33,4347.59,4349.14
2026.08.13 19:50,4349.13,4350.67,4348.60,4350.17
2026.08.13 19:55,4350.18,4350.41,4347.94,4350.31
2026.08.13 20:00,4349.81,4350.42,4346.85,4347.91
2026.08.13 20:05,4347.91,4350.01,4347.80,4349.82
2026.08.13 20:10,4349.68,4350.38,4349.21,4350.20
2026.08.13 20:15,4350.22,4351.26,4349.88,4350.23
2026.08.13 20:20,4350.22,4350.30,4349.29,4349.45
2026.08.13 20:25,4349.48,4352.09,4349.28,4351.54
2026.08.13 20:30,4351.52,4351.62,4347.93,4348.95
2026.08.13 20:35,4349.02,4349.83,4348.43,4349.31
2026.08.13 20:40,4349.31,4350.46,4348.26,4349.44
2026.08.13 20:45,4349.44,4350.16,4349.22,4349.82
2026.08.13 20:50,4349.91,4350.68,4348.59,4348.77
2026.08.13 20:55,4348.93,4351.45,4348.60,4350.53
2026.08.13 22:00,4353.71,4354.31,4351.85,4353.04
2026.08.13 22:05,4353.01,4356.83,4352.87,4356.78
2026.08.13 22:10,4356.78,4356.85,4353.80,4354.05
2026.08.13 22:15,4354.05,4354.43,4352.79,4353.20
2026.08.13 22:20,4353.20,4356.42,4353.16,4356.39
2026.08.13 22:25,4356.35,4357.73,4355.97,4357.05
2026.08.13 22:30,4357.01,4357.78,4355.64,4357.20
2026.08.13 22:35,4357.21,4362.27,4357.21,4361.42
2026.08.13 22:40,4361.66,4362.63,4359.65,4360.38
2026.08.13 22:45,4360.42,4361.07,4355.18,4355.62
2026.08.13 22:50,4355.57,4357.55,4354.51,4356.52
2026.08.13 22:55,4356.38,4356.47,4353.29,4354.72
2026.08.13 23:00,4354.76,4355.30,4349.18,4349.21
2026.08.13 23:05,4349.41,4359.55,4349.41,4359.26
2026.08.13 23:10,4359.25,4360.38,4354.76,4360.38
2026.08.13 23:15,4360.44,4361.13,4356.99,4358.41
2026.08.13 23:20,4358.37,4360.61,4356.99,4360.27
2026.08.13 23:25,4360.28,4362.94,4359.84,4362.94
2026.08.13 23:30,4363.25,4363.41,4360.88,4361.51
2026.08.13 23:35,4361.51,4361.61,4360.11,4361.61
2026.08.13 23:40,4361.65,4362.20,4358.56,4360.14
2026.08.13 23:45,4360.24,4363.94,4359.36,4361.47
2026.08.13 23:50,4361.47,4361.51,4357.15,4357.73
2026.08.13 23:55,4357.74,4359.41,4356.50,4356.65
2026.08.14 00:00,4356.52,4361.93,4355.54,4359.93
2026.08.14 00:05,4359.94,4360.14,4353.96,4357.84
2026.08.14 00:10,4357.89,4358.06,4350.42,4352.12
2026.08.14 00:15,4352.05,4352.07,4347.91,4349.43
2026.08.14 00:20,4349.42,4349.72,4345.55,4347.20
2026.08.14 00:25,4347.20,4347.20,4339.41,4339.41
2026.08.14 00:30,4339.34,4346.86,4337.16,4345.82
2026.08.14 00:35,4345.87,4346.48,4334.45,4335.50
2026.08.14 00:40,4335.56,4340.25,4334.40,4339.68
2026.08.14 00:45,4339.63,4342.65,4329.53,4333.50
2026.08.14 00:50,4334.30,4339.93,4333.53,4339.60
2026.08.14 00:55,4339.60,4342.03,4337.92,4340.90
2026.08.14 01:00,4340.88,4341.35,4329.50,4329.51
2026.08.14 01:05,4329.53,4333.50,4328.18,4328.80
2026.08.14 01:10,4328.80,4328.80,4322.17,4323.91
2026.08.14 01:15,4324.09,4325.90,4317.81,4322.71
2026.08.14 01:20,4322.41,4325.71,4315.82,4316.68
2026.08.14 01:25,4316.63,4321.80,4315.00,4319.45
2026.08.14 01:30,4319.46,4319.52,4313.27,4313.60
2026.08.14 01:35,4313.46,4319.97,4313.36,4319.17
2026.08.14 01:40,4319.25,4321.39,4318.65,4319.37
2026.08.14 01:45,4319.47,4323.16,4314.01,4315.53
2026.08.14 01:50,4315.53,4319.22,4312.26,4317.54
2026.08.14 01:55,4317.52,4321.38,4316.28,4318.03
2026.08.14 02:00,4318.36,4322.67,4315.78,4316.84
2026.08.14 02:05,4316.76,4319.44,4315.96,4317.27
2026.08.14 02:10,4317.01,4317.45,4310.87,4312.30
2026.08.14 02:15,4312.34,4317.23,4312.34,4315.63
2026.08.14 02:20,4315.63,4317.27,4314.87,4316.37
2026.08.14 02:25,4316.32,4318.19,4312.73,4312.84
2026.08.14 02:30,4312.94,4321.21,4311.53,4320.86
2026.08.14 02:35,4320.65,4322.52,4318.11,4320.77
2026.08.14 02:40,4320.76,4321.92,4318.00,4321.04
2026.08.14 02:45,4321.09,4321.83,4313.94,4316.62
2026.08.14 02:50,4316.68,4318.28,4315.11,4316.17
2026.08.14 02:55,4316.16,4316.20,4312.66,4315.57
2026.08.14 03:00,4315.65,4318.95,4313.64,4318.58
2026.08.14 03:05,4318.60,4323.19,4318.60,4319.64
2026.08.14 03:10,4319.57,4323.68,4318.59,4319.98
2026.08.14 03:15,4320.17,4322.85,4319.86,4322.60
2026.08.14 03:20,4322.59,4325.88,4322.31,4325.08
2026.08.14 03:25,4325.08,4326.11,4324.37,4325.74
2026.08.14 03:30,4325.69,4327.83,4325.13,4327.15
2026.08.14 03:35,4327.23,4327.97,4325.36,4326.52
2026.08.14 03:40,4326.52,4326.56,4325.27,4325.60
2026.08.14 03:45,4325.70,4326.64,4325.51,4326.34
2026.08.14 03:50,4326.37,4326.67,4324.12,4324.18
2026.08.14 03:55,4324.18,4324.70,4323.46,4323.47
2026.08.14 04:00,4323.54,4324.71,4322.65,4322.88
2026.08.14 04:05,4322.88,4324.83,4322.74,4323.66
2026.08.14 04:10,4323.81,4327.21,4323.40,4326.06
2026.08.14 04:15,4325.91,4327.51,4325.54,4326.58
2026.08.14 04:20,4326.58,4327.67,4326.05,4326.87
2026.08.14 04:25,4326.86,4327.24,4324.98,4325.03
2026.08.14 04:30,4325.02,4325.57,4323.38,4324.60
2026.08.14 04:35,4324.60,4325.56,4324.14,4325.06
2026.08.14 04:40,4324.99,4326.33,4324.77,4325.18
2026.08.14 04:45,4325.02,4325.10,4324.05,4324.40
2026.08.14 04:50,4324.40,4325.24,4323.80,4324.78
2026.08.14 04:55,4324.77,4326.79,4324.45,4326.79
2026.08.14 05:00,4326.88,4326.88,4323.66,4325.03
2026.08.14 05:05,4325.02,4325.51,4320.08,4320.08
2026.08.14 05:10,4319.95,4322.13,4319.52,4320.13
2026.08.14 05:15,4320.13,4320.24,4317.91,4318.92
2026.08.14 05:20,4318.87,4319.32,4317.05,4318.33
2026.08.14 05:25,4318.35,4319.36,4317.46,4318.30
2026.08.14 05:30,4317.71,4318.18,4310.96,4316.82
2026.08.14 05:35,4316.79,4324.79,4316.71,4322.35
2026.08.14 05:40,4322.35,4324.38,4317.45,4317.66
2026.08.14 05:45,4317.65,4324.23,4317.44,4324.04
2026.08.14 05:50,4324.00,4329.66,4323.85,4329.34
2026.08.14 05:55,4329.57,4333.47,4328.95,4333.47
2026.08.14 06:00,4333.44,4335.89,4331.75,4335.68
2026.08.14 06:05,4335.63,4336.51,4329.79,4330.40
2026.08.14 06:10,4330.47,4334.01,4329.67,4332.52
2026.08.14 06:15,4332.51,4333.59,4331.30,4331.64
2026.08.14 06:20,4331.65,4332.27,4328.34,4331.60
2026.08.14 06:25,4331.57,4332.20,4329.06,4329.27
2026.08.14 06:30,4329.11,4330.38,4328.36,4329.05
2026.08.14 06:35,4329.07,4330.33,4328.07,4329.68
2026.08.14 06:40,4329.73,4332.93,4327.86,4332.93
2026.08.14 06:45,4332.93,4335.38,4332.62,4334.89
2026.08.14 06:50,4334.92,4335.23,4333.44,4334.02
2026.08.14 06:55,4334.06,4335.77,4333.63,4335.69
2026.08.14 07:00,4335.59,4337.10,4332.87,4335.16
2026.08.14 07:05,4335.16,4335.29,4333.35,4334.49
2026.08.14 07:10,4334.60,4334.73,4331.10,4331.11
2026.08.14 07:15,4331.10,4333.35,4331.10,4332.34
2026.08.14 07:20,4332.36,4336.32,4329.60,4336.18
2026.08.14 07:25,4336.23,4336.31,4331.84,4331.85
2026.08.14 07:30,4331.86,4334.08,4331.58,4333.60
2026.08.14 07:35,4333.61,4336.59,4333.48,4336.42
2026.08.14 07:40,4336.37,4340.08,4336.24,4339.63
2026.08.14 07:45,4339.66,4343.31,4339.42,4342.44
2026.08.14 07:50,4342.45,4343.41,4341.45,4343.08
2026.08.14 07:55,4343.16,4345.13,4341.70,4343.59
2026.08.14 08:00,4343.67,4347.79,4342.20,4342.77
2026.08.14 08:05,4342.70,4345.99,4341.86,4345.15
2026.08.14 08:10,4345.15,4347.86,4344.11,4347.66
2026.08.14 08:15,4347.65,4349.06,4345.91,4346.46
2026.08.14 08:20,4346.32,4346.91,4343.48,4344.07
2026.08.14 08:25,4344.07,4345.65,4343.70,4345.65
2026.08.14 08:30,4345.61,4346.49,4344.17,4344.25
2026.08.14 08:35,4344.24,4349.04,4344.24,4348.09
2026.08.14 08:40,4348.09,4349.22,4343.46,4343.61
2026.08.14 08:45,4343.59,4344.64,4342.73,4344.33
2026.08.14 08:50,4344.17,4347.56,4343.87,4346.71
2026.08.14 08:55,4346.74,4349.65,4346.74,4348.56
2026.08.14 09:00,4348.26,4348.67,4347.26,4347.42
2026.08.14 09:05,4347.42,4349.19,4346.05,4348.74
2026.08.14 09:10,4348.82,4350.85,4347.92,4350.69
2026.08.14 09:15,4350.74,4351.81,4349.19,4349.42
2026.08.14 09:20,4349.42,4352.22,4348.69,4352.22
2026.08.14 09:25,4352.22,4354.10,4349.99,4351.69
2026.08.14 09:30,4351.69,4354.02,4350.05,4352.66
2026.08.14 09:35,4352.66,4354.42,4352.15,4352.55
2026.08.14 09:40,4352.61,4353.40,4351.73,4353.39
2026.08.14 09:45,4353.44,4354.49,4352.53,4353.59
2026.08.14 09:50,4353.58,4355.15,4352.93,4354.65
2026.08.14 09:55,4354.74,4357.36,4353.74,4357.02
2026.08.14 10:00,4357.05,4357.28,4355.80,4356.80
2026.08.14 10:05,4356.67,4358.58,4355.71,4355.99
2026.08.14 10:10,4356.00,4356.82,4353.77,4354.33
2026.08.14 10:15,4354.40,4355.13,4352.17,4353.27
2026.08.14 10:20,4353.35,4354.22,4352.33,4353.90
2026.08.14 10:25,4353.86,4354.02,4350.26,4351.25
2026.08.14 10:30,4351.25,4351.41,4348.20,4349.49
2026.08.14 10:35,4349.45,4350.16,4348.67,4348.88
2026.08.14 10:40,4348.91,4351.86,4348.69,4351.84
2026.08.14 10:45,4351.84,4352.54,4351.24,4351.34
2026.08.14 10:50,4351.34,4353.43,4350.86,4350.99
2026.08.14 10:55,4350.97,4351.00,4348.42,4349.28
2026.08.14 11:00,4349.28,4350.89,4348.46,4349.11
2026.08.14 11:05,4349.16,4351.41,4348.96,4350.86
2026.08.14 11:10,4350.93,4351.55,4349.97,4350.57
2026.08.14 11:15,4350.55,4355.41,4350.55,4355.41
2026.08.14 11:20,4355.41,4356.67,4353.42,4353.97
2026.08.14 11:25,4353.94,4356.94,4353.08,4356.67
2026.08.14 11:30,4356.69,4361.57,4356.41,4361.41
2026.08.14 11:35,4361.41,4363.31,4360.17,4361.58
2026.08.14 11:40,4361.57,4363.39,4361.37,4362.32
2026.08.14 11:45,4362.32,4362.99,4360.92,4361.68
2026.08.14 11:50,4361.69,4368.07,4361.69,4366.99
2026.08.14 11:55,4367.01,4369.27,4365.55,4369.14
2026.08.14 12:00,4369.13,4375.14,4369.06,4373.75
2026.08.14 12:05,4373.75,4376.58,4371.71,4372.01
2026.08.14 12:10,4371.94,4372.03,4365.83,4371.64
2026.08.14 12:15,4371.66,4372.38,4369.55,4372.15
2026.08.14 12:20,4372.19,4380.17,4372.19,4379.38
2026.08.14 12:25,4378.98,4380.57,4377.35,4380.08
2026.08.14 12:30,4380.06,4386.75,4377.85,4381.34
2026.08.14 12:35,4381.39,4381.57,4376.05,4377.74
2026.08.14 12:40,4377.73,4377.73,4372.12,4372.53
2026.08.14 12:45,4372.69,4376.70,4370.86,4374.70
2026.08.14 12:50,4374.67,4377.74,4372.79,4375.54
2026.08.14 12:55,4375.19,4375.70,4372.60,4373.59
2026.08.14 13:00,4373.57,4378.91,4370.20,4377.96
2026.08.14 13:05,4378.06,4380.13,4376.13,4379.75
2026.08.14 13:10,4379.61,4380.92,4374.79,4375.03
2026.08.14 13:15,4375.13,4380.92,4375.13,4380.92
2026.08.14 13:20,4380.92,4385.26,4379.78,4385.26
2026.08.14 13:25,4385.53,4386.38,4383.89,4384.34
2026.08.14 13:30,4384.64,4391.54,4383.56,4391.02
2026.08.14 13:35,4391.32,4396.90,4391.02,4395.26
2026.08.14 13:40,4395.34,4396.04,4390.51,4393.59
2026.08.14 13:45,4393.80,4394.61,4386.47,4386.48
2026.08.14 13:50,4387.06,4388.36,4382.95,4384.32
2026.08.14 13:55,4384.44,4385.59,4382.82,4384.07
2026.08.14 14:00,4384.41,4392.81,4384.27,4391.40
2026.08.14 14:05,4391.13,4391.80,4388.76,4388.78
2026.08.14 14:10,4388.79,4392.95,4386.98,4390.45
2026.08.14 14:15,4390.45,4392.13,4385.42,4386.32
2026.08.14 14:20,4386.21,4392.26,4385.16,4392.14
2026.08.14 14:25,4391.87,4394.51,4390.38,4390.64
2026.08.14 14:30,4390.77,4391.44,4384.24,4384.52
2026.08.14 14:35,4384.63,4387.03,4384.03,4385.99
2026.08.14 14:40,4386.14,4386.43,4381.44,4384.24
2026.08.14 14:45,4384.26,4384.36,4378.71,4380.41
2026.08.14 14:50,4380.41,4383.04,4379.51,4381.40
2026.08.14 14:55,4381.52,4382.79,4379.74,4381.29
2026.08.14 15:00,4381.34,4390.55,4381.05,4386.74
2026.08.14 15:05,4386.74,4389.10,4385.47,4386.38
2026.08.14 15:10,4386.52,4393.98,4385.91,4392.07
2026.08.14 15:15,4392.07,4393.61,4385.93,4386.09
2026.08.14 15:20,4386.10,4387.02,4382.84,4383.01
2026.08.14 15:25,4383.10,4384.92,4379.02,4384.64
2026.08.14 15:30,4384.80,4388.98,4383.86,4387.48
2026.08.14 15:35,4387.49,4389.93,4386.61,4387.59
2026.08.14 15:40,4387.55,4389.76,4386.62,4389.46
2026.08.14 15:45,4389.46,4394.61,4389.30,4392.09
2026.08.14 15:50,4392.12,4392.92,4389.97,4390.27
2026.08.14 15:55,4390.33,4392.88,4390.33,4391.52
2026.08.14 16:00,4391.47,4396.55,4390.88,4390.90
2026.08.14 16:05,4390.85,4392.98,4389.11,4389.86
2026.08.14 16:10,4389.83,4390.31,4388.73,4389.65
2026.08.14 16:15,4389.59,4391.83,4389.30,4391.56
2026.08.14 16:20,4391.72,4392.90,4389.43,4389.72
2026.08.14 16:25,4389.72,4389.72,4386.88,4387.45
2026.08.14 16:30,4387.46,4387.54,4380.20,4383.77
2026.08.14 16:35,4383.74,4388.91,4383.30,4388.25
2026.08.14 16:40,4388.04,4388.61,4385.59,4385.68
2026.08.14 16:45,4385.68,4386.98,4385.27,4386.91
2026.08.14 16:50,4386.84,4387.30,4385.34,4386.38
2026.08.14 16:55,4386.38,4386.42,4384.78,4385.82
2026.08.14 17:00,4385.91,4386.31,4382.96,4383.23
2026.08.14 17:05,4383.34,4383.98,4381.37,4382.09
2026.08.14 17:10,4382.13,4382.41,4380.27,4382.20
2026.08.14 17:15,4382.22,4384.60,4381.42,4381.52
2026.08.14 17:20,4381.28,4382.37,4379.85,4381.45
2026.08.14 17:25,4381.40,4382.26,4379.20,4379.37
2026.08.14 17:30,4379.44,4382.63,4379.44,4382.52
2026.08.14 17:35,4382.51,4382.51,4379.32,4379.37
2026.08.14 17:40,4379.23,4380.54,4376.92,4377.64
2026.08.14 17:45,4377.60,4377.76,4376.18,4376.76
2026.08.14 17:50,4376.76,4378.97,4376.30,4378.09
2026.08.14 17:55,4378.08,4378.35,4377.06,4378.32
2026.08.14 18:00,4378.34,4381.39,4376.38,4381.18
2026.08.14 18:05,4381.18,4381.60,4379.17,4379.78
2026.08.14 18:10,4379.77,4380.69,4376.81,4377.09
2026.08.14 18:15,4377.22,4378.87,4376.96,4378.44
2026.08.14 18:20,4378.44,4380.13,4378.12,4379.37
2026.08.14 18:25,4379.34,4380.29,4377.86,4379.26
2026.08.14 18:30,4379.26,4379.63,4377.24,4378.00
2026.08.14 18:35,4378.16,4382.62,4378.08,4382.62
2026.08.14 18:40,4382.48,4382.58,4376.28,4376.33
2026.08.14 18:45,4376.34,4376.77,4370.74,4374.02
2026.08.14 18:50,4374.01,4375.53,4372.83,4373.22
2026.08.14 18:55,4373.10,4374.18,4372.91,4373.38
2026.08.14 19:00,4373.11,4373.65,4372.40,4372.61
2026.08.14 19:05,4372.61,4376.65,4372.20,4376.22
2026.08.14 19:10,4376.21,4377.06,4375.69,4375.86
2026.08.14 19:15,4375.59,4376.39,4374.57,4375.00
2026.08.14 19:20,4375.06,4376.82,4375.05,4376.24
2026.08.14 19:25,4376.21,4377.82,4376.16,4377.21
2026.08.14 19:30,4377.25,4377.87,4376.59,4377.18
2026.08.14 19:35,4377.17,4378.07,4376.00,4376.45
2026.08.14 19:40,4376.42,4377.34,4375.50,4375.50
2026.08.14 19:45,4375.50,4375.92,4375.12,4375.61
2026.08.14 19:50,4375.68,4379.79,4375.68,4378.12
2026.08.14 19:55,4377.86,4377.97,4373.41,4376.04
2026.08.14 20:00,4374.52,4375.17,4373.58,4374.07
2026.08.14 20:05,4374.04,4374.32,4371.88,4371.97
2026.08.14 20:10,4372.09,4372.80,4371.43,4372.62
2026.08.14 20:15,4372.62,4373.61,4372.62,4373.15
2026.08.14 20:20,4373.15,4373.97,4372.41,4373.89
2026.08.14 20:25,4373.70,4374.77,4373.52,4374.57
2026.08.14 20:30,4374.51,4374.62,4373.62,4373.79
2026.08.14 20:35,4373.83,4376.20,4373.54,4375.55
2026.08.14 20:40,4375.67,4376.76,4374.69,4375.53
2026.08.14 20:45,4375.48,4375.90,4375.12,4375.26
2026.08.14 20:50,4375.32,4375.98,4374.84,4375.90
2026.08.14 20:55,4375.90,4376.66,4375.20,4376.55
