time,open,high,low,close
2023.02.23 15:00,1828.13,1828.38,1820.22,1823.55
2023.02.23 16:00,1823.44,1823.46,1818.45,1819.96
2023.02.23 17:00,1819.94,1822.34,1818.95,1821.23
2023.02.23 18:00,1821.23,1823.73,1819.14,1822.70
2023.02.23 19:00,1822.70,1824.13,1822.56,1822.95
2023.02.23 20:00,1822.95,1824.09,1822.65,1823.54
2023.02.23 21:00,1823.20,1823.39,1822.07,1822.08
2023.02.23 23:00,1821.40,1823.49,1821.40,1823.19
2023.02.24 00:00,1823.19,1826.59,1822.96,1826.31
2023.02.24 01:00,1826.39,1827.08,1824.11,1826.04
2023.02.24 02:00,1826.02,1827.79,1824.36,1824.89
2023.02.24 03:00,1824.86,1827.58,1824.83,1825.70
2023.02.24 04:00,1825.73,1826.42,1824.87,1825.53
2023.02.24 05:00,1825.55,1825.71,1824.06,1824.60
2023.02.24 06:00,1824.61,1825.82,1823.30,1824.04
2023.02.24 07:00,1824.06,1826.28,1821.72,1822.04
2023.02.24 08:00,1822.06,1825.58,1819.75,1822.87
2023.02.24 09:00,1822.89,1825.44,1821.55,1821.59
2023.02.24 10:00,1821.59,1824.15,1821.03,1822.27
2023.02.24 11:00,1822.26,1823.06,1817.37,1819.15
2023.02.24 12:00,1819.15,1819.17,1815.26,1817.11
2023.02.24 13:00,1817.06,1818.36,1811.59,1815.57
2023.02.24 14:00,1815.59,1815.89,1808.93,1812.71
2023.02.24 15:00,1812.72,1815.26,1809.61,1810.66
2023.02.24 16:00,1810.69,1814.23,1809.53,1812.27
2023.02.24 17:00,1812.31,1812.67,1809.36,1809.89
2023.02.24 18:00,1809.91,1811.22,1808.93,1809.89
2023.02.24 19:00,1810.01,1811.42,1809.68,1810.97
2023.02.24 20:00,1810.96,1813.43,1810.53,1810.89
2023.02.24 21:00,1811.16,1811.78,1810.58,1810.85
2023.02.26 23:00,1810.20,1813.03,1810.18,1811.73
2023.02.27 00:00,1811.73,1813.86,1810.30,1813.54
2023.02.27 01:00,1813.44,1814.13,1812.15,1813.89
2023.02.27 02:00,1813.89,1813.96,1811.49,1811.76
2023.02.27 03:00,1811.76,1812.13,1806.64,1807.93
2023.02.27 04:00,1807.90,1809.95,1807.05,1809.28
2023.02.27 05:00,1809.23,1809.67,1807.40,1808.74
2023.02.27 06:00,1808.64,1811.69,1807.72,1807.99
2023.02.27 07:00,1807.99,1812.34,1807.13,1810.69
2023.02.27 08:00,1810.70,1813.74,1810.09,1810.09
2023.02.27 09:00,1810.08,1811.07,1808.37,1808.44
2023.02.27 10:00,1808.40,1811.41,1808.28,1810.58
2023.02.27 11:00,1810.58,1812.53,1810.23,1811.46
2023.02.27 12:00,1811.48,1813.36,1810.12,1811.41
2023.02.27 13:00,1811.41,1816.32,1810.12,1815.20
2023.02.27 14:00,1815.19,1818.81,1814.40,1817.93
2023.02.27 15:00,1817.93,1820.11,1813.84,1815.43
2023.02.27 16:00,1815.43,1817.19,1812.60,1816.96
2023.02.27 17:00,1817.06,1818.99,1816.42,1818.68
2023.02.27 18:00,1818.68,1820.15,1816.66,1818.83
2023.02.27 19:00,1818.92,1820.09,1817.01,1817.39
2023.02.27 20:00,1817.39,1818.04,1815.99,1817.16
2023.02.27 21:00,1817.46,1817.47,1816.40,1817.12
2023.02.27 23:00,1816.54,1817.73,1816.54,1817.17
2023.02.28 00:00,1817.17,1818.15,1816.05,1816.51
2023.02.28 01:00,1816.59,1818.11,1815.31,1817.25
2023.02.28 02:00,1817.26,1819.40,1816.50,1817.80
2023.02.28 03:00,1817.80,1817.89,1814.70,1814.90
2023.02.28 04:00,1814.89,1815.52,1813.79,1814.46
2023.02.28 05:00,1814.40,1814.59,1812.18,1813.39
2023.02.28 06:00,1813.38,1816.95,1812.66,1815.72
2023.02.28 07:00,1815.70,1815.77,1810.14,1810.42
2023.02.28 08:00,1810.50,1812.66,1804.63,1810.65
2023.02.28 09:00,1810.65,1813.05,1809.51,1810.32
2023.02.28 10:00,1810.33,1811.76,1808.04,1808.97
2023.02.28 11:00,1809.00,1810.83,1807.81,1809.06
2023.02.28 12:00,1809.04,1809.82,1807.84,1809.25
2023.02.28 13:00,1809.27,1814.22,1807.26,1813.99
2023.02.28 14:00,1813.99,1819.01,1813.05,1818.77
2023.02.28 15:00,1818.79,1826.77,1818.79,1824.18
2023.02.28 16:00,1824.06,1828.33,1824.04,1826.64
2023.02.28 17:00,1826.66,1831.13,1826.38,1829.32
2023.02.28 18:00,1829.32,1830.83,1828.04,1828.17
2023.02.28 19:00,1828.11,1830.36,1827.99,1828.97
2023.02.28 20:00,1828.99,1829.32,1826.25,1826.46
2023.02.28 21:00,1826.88,1827.56,1826.34,1826.67
2023.02.28 23:00,1826.68,1827.27,1825.39,1825.52
2023.03.01 00:00,1825.53,1825.63,1823.02,1823.40
2023.03.01 01:00,1823.41,1829.49,1823.21,1829.08
2023.03.01 02:00,1829.09,1829.30,1827.46,1827.72
2023.03.01 03:00,1827.66,1831.20,1827.49,1831.06
2023.03.01 04:00,1830.96,1831.65,1829.91,1830.07
2023.03.01 05:00,1830.07,1832.66,1829.97,1831.12
2023.03.01 06:00,1831.14,1836.79,1831.03,1834.72
2023.03.01 07:00,1834.72,1835.99,1831.30,1835.51
2023.03.01 08:00,1835.48,1835.91,1832.46,1835.81
2023.03.01 09:00,1835.85,1838.02,1830.43,1831.71
2023.03.01 10:00,1831.69,1834.97,1830.79,1834.83
2023.03.01 11:00,1834.84,1838.51,1834.42,1835.27
2023.03.01 12:00,1835.26,1840.62,1834.50,1840.62
2023.03.01 13:00,1840.61,1841.65,1833.86,1837.23
2023.03.01 14:00,1837.21,1844.47,1836.82,1842.28
2023.03.01 15:00,1842.21,1844.51,1833.45,1842.04
2023.03.01 16:00,1842.06,1842.20,1837.01,1841.44
2023.03.01 17:00,1841.46,1841.67,1836.62,1837.19
2023.03.01 18:00,1837.24,1839.12,1836.49,1838.48
2023.03.01 19:00,1838.48,1838.94,1837.40,1838.35
2023.03.01 20:00,1838.36,1838.99,1837.10,1837.19
2023.03.01 21:00,1837.46,1837.68,1836.27,1836.28
2023.03.01 23:00,1836.53,1838.41,1836.50,1836.55
2023.03.02 00:00,1836.55,1838.26,1835.50,1835.66
2023.03.02 01:00,1835.67,1835.98,1831.01,1833.10
2023.03.02 02:00,1833.13,1835.99,1832.67,1834.48
2023.03.02 03:00,1834.48,1834.90,1832.69,1833.44
2023.03.02 04:00,1833.44,1834.81,1833.27,1834.39
2023.03.02 05:00,1834.37,1834.79,1832.16,1833.50
2023.03.02 06:00,1833.60,1833.72,1831.88,1832.17
2023.03.02 07:00,1832.18,1833.78,1830.26,1831.62
2023.03.02 08:00,1831.66,1834.69,1829.96,1833.89
2023.03.02 09:00,1833.87,1835.25,1831.00,1831.94
2023.03.02 10:00,1831.93,1832.63,1830.43,1831.57
2023.03.02 11:00,1831.58,1837.28,1831.39,1836.68
2023.03.02 12:00,1836.69,1837.59,1831.00,1832.47
2023.03.02 13:00,1832.50,1834.83,1830.06,1832.27
2023.03.02 14:00,1832.20,1838.23,1831.99,1836.64
2023.03.02 15:00,1836.66,1839.01,1834.06,1836.65
2023.03.02 16:00,1836.65,1838.72,1835.96,1836.09
2023.03.02 17:00,1836.09,1836.28,1832.26,1833.75
2023.03.02 18:00,1833.75,1837.21,1832.84,1835.84
2023.03.02 19:00,1835.85,1836.85,1835.07,1835.61
2023.03.02 20:00,1835.61,1838.06,1834.92,1836.07
2023.03.02 21:00,1836.02,1836.54,1835.36,1835.63
2023.03.02 23:00,1835.62,1838.15,1835.51,1837.84
2023.03.03 00:00,1837.76,1840.54,1837.76,1839.37
2023.03.03 01:00,1839.36,1841.50,1838.10,1838.75
2023.03.03 02:00,1838.75,1841.09,1838.33,1838.60
2023.03.03 03:00,1838.60,1840.05,1838.10,1838.80
2023.03.03 04:00,1838.79,1839.41,1838.05,1838.42
2023.03.03 05:00,1838.40,1839.95,1837.82,1838.97
2023.03.03 06:00,1839.01,1844.40,1838.87,1843.23
2023.03.03 07:00,1843.23,1844.79,1842.01,1842.73
2023.03.03 08:00,1842.73,1845.71,1842.73,1844.30
2023.03.03 09:00,1844.24,1847.41,1844.14,1845.80
2023.03.03 10:00,1845.81,1847.83,1845.17,1846.89
2023.03.03 11:00,1846.79,1849.22,1846.30,1848.43
2023.03.03 12:00,1848.42,1848.66,1844.51,1845.75
2023.03.03 13:00,1845.78,1847.95,1844.78,1846.93
2023.03.03 14:00,1846.93,1848.17,1841.91,1843.63
2023.03.03 15:00,1843.64,1845.35,1839.03,1844.53
2023.03.03 16:00,1844.55,1848.28,1843.85,1847.79
2023.03.03 17:00,1847.76,1848.18,1845.75,1847.35
2023.03.03 18:00,1847.34,1850.16,1846.59,1850.10
2023.03.03 19:00,1850.10,1853.70,1848.98,1853.30
2023.03.03 20:00,1853.30,1856.31,1852.64,1855.16
2023.03.03 21:00,1855.03,1856.58,1853.76,1856.08
2023.03.05 23:00,1855.10,1855.31,1852.18,1852.31
2023.03.06 00:00,1852.32,1854.18,1851.35,1852.19
2023.03.06 01:00,1852.17,1853.65,1850.71,1852.60
2023.03.06 02:00,1852.58,1854.66,1850.97,1853.69
2023.03.06 03:00,1853.72,1855.84,1853.35,1854.96
2023.03.06 04:00,1854.86,1856.41,1853.83,1853.95
2023.03.06 05:00,1853.95,1855.40,1853.43,1854.29
2023.03.06 06:00,1854.29,1855.41,1852.95,1853.46
2023.03.06 07:00,1853.46,1858.24,1852.74,1856.19
2023.03.06 08:00,1856.19,1857.13,1852.42,1853.36
2023.03.06 09:00,1853.36,1854.94,1850.56,1851.40
2023.03.06 10:00,1851.40,1853.01,1849.86,1850.10
2023.03.06 11:00,1850.13,1850.86,1847.22,1848.44
2023.03.06 12:00,1848.44,1852.45,1848.02,1852.22
2023.03.06 13:00,1852.22,1853.26,1850.18,1851.51
2023.03.06 14:00,1851.52,1853.81,1850.51,1851.75
2023.03.06 15:00,1851.65,1853.97,1849.28,1851.02
2023.03.06 16:00,1851.02,1852.42,1849.34,1851.62
2023.03.06 17:00,1851.60,1852.75,1848.38,1850.36
2023.03.06 18:00,1850.34,1850.40,1846.41,1847.06
2023.03.06 19:00,1847.04,1847.13,1845.10,1846.12
2023.03.06 20:00,1846.10,1847.29,1845.64,1846.58
2023.03.06 21:00,1846.63,1847.13,1846.08,1846.64
2023.03.06 23:00,1846.55,1847.04,1845.82,1846.31
2023.03.07 00:00,1846.29,1846.29,1844.10,1845.87
2023.03.07 01:00,1845.88,1848.50,1844.86,1847.81
2023.03.07 02:00,1847.81,1850.46,1847.21,1849.10
2023.03.07 03:00,1849.10,1849.15,1846.55,1847.56
2023.03.07 04:00,1847.54,1848.77,1847.03,1847.30
2023.03.07 05:00,1847.29,1849.49,1846.95,1847.45
2023.03.07 06:00,1847.45,1848.45,1846.82,1846.82
2023.03.07 07:00,1846.82,1851.61,1845.32,1848.45
2023.03.07 08:00,1848.45,1849.62,1845.83,1846.35
2023.03.07 09:00,1846.35,1846.96,1843.37,1843.77
2023.03.07 10:00,1843.80,1844.27,1842.68,1842.94
2023.03.07 11:00,1842.96,1843.94,1840.91,1841.95
2023.03.07 12:00,1841.90,1841.91,1838.89,1839.62
2023.03.07 13:00,1839.62,1840.18,1833.36,1835.43
2023.03.07 14:00,1835.44,1835.53,1829.92,1831.76
2023.03.07 15:00,1831.71,1831.80,1815.62,1817.98
2023.03.07 16:00,1817.80,1821.06,1816.81,1819.98
2023.03.07 17:00,1820.00,1823.14,1816.87,1817.05
2023.03.07 18:00,1817.03,1818.11,1812.93,1814.48
2023.03.07 19:00,1814.48,1815.69,1812.71,1813.89
2023.03.07 20:00,1813.89,1815.97,1813.84,1813.87
2023.03.07 21:00,1814.37,1814.90,1812.91,1813.25
2023.03.07 23:00,1813.26,1814.37,1813.25,1813.92
2023.03.08 00:00,1813.92,1814.12,1812.29,1813.31
2023.03.08 01:00,1813.31,1814.09,1811.31,1812.28
2023.03.08 02:00,1812.29,1812.94,1810.59,1810.99
2023.03.08 03:00,1810.99,1811.52,1809.37,1809.82
2023.03.08 04:00,1809.83,1811.69,1809.83,1811.50
2023.03.08 05:00,1811.50,1812.99,1810.43,1812.07
2023.03.08 06:00,1812.07,1813.95,1811.46,1813.90
2023.03.08 07:00,1813.90,1815.03,1812.86,1814.21
2023.03.08 08:00,1814.16,1815.22,1813.21,1813.30
2023.03.08 09:00,1813.25,1815.16,1812.90,1813.72
2023.03.08 10:00,1813.71,1814.84,1812.32,1814.11
2023.03.08 11:00,1814.16,1816.62,1813.97,1815.01
2023.03.08 12:00,1815.05,1815.88,1813.35,1815.16
2023.03.08 13:00,1815.16,1815.20,1812.20,1813.62
2023.03.08 14:00,1813.64,1821.57,1812.96,1820.39
2023.03.08 15:00,1820.62,1824.25,1816.01,1820.62
2023.03.08 16:00,1820.72,1821.85,1817.36,1817.71
2023.03.08 17:00,1817.75,1818.28,1815.21,1815.61
2023.03.08 18:00,1815.61,1816.12,1813.30,1814.55
2023.03.08 19:00,1814.53,1816.36,1814.41,1816.22
2023.03.08 20:00,1816.24,1816.38,1812.85,1813.05
2023.03.08 21:00,1813.87,1814.56,1813.34,1813.56
2023.03.08 23:00,1813.38,1815.32,1813.35,1815.24
2023.03.09 00:00,1815.23,1816.41,1814.75,1815.75
2023.03.09 01:00,1815.76,1816.44,1812.15,1812.24
2023.03.09 02:00,1812.26,1814.02,1811.91,1813.10
2023.03.09 03:00,1813.08,1813.93,1812.63,1813.69
2023.03.09 04:00,1813.69,1814.55,1812.66,1814.26
2023.03.09 05:00,1814.29,1816.06,1813.79,1815.02
2023.03.09 06:00,1815.04,1815.60,1813.07,1813.43
2023.03.09 07:00,1813.35,1815.58,1812.71,1814.78
2023.03.09 08:00,1814.74,1819.11,1813.64,1817.12
2023.03.09 09:00,1817.11,1819.10,1816.22,1817.01
2023.03.09 10:00,1817.08,1818.33,1816.64,1818.04
2023.03.09 11:00,1818.04,1820.34,1817.86,1818.70
2023.03.09 12:00,1818.69,1819.45,1817.19,1817.89
2023.03.09 13:00,1817.90,1825.26,1815.44,1825.13
2023.03.09 14:00,1825.12,1831.86,1823.91,1831.38
2023.03.09 15:00,1831.37,1835.59,1828.17,1828.66
2023.03.09 16:00,1828.65,1830.36,1825.81,1825.98
2023.03.09 17:00,1825.96,1829.53,1825.52,1829.29
2023.03.09 18:00,1829.29,1835.03,1828.19,1835.00
2023.03.09 19:00,1834.92,1835.00,1830.39,1830.55
2023.03.09 20:00,1830.55,1831.68,1829.00,1830.56
2023.03.09 21:00,1830.54,1832.19,1830.44,1830.67
2023.03.09 23:00,1831.08,1832.29,1830.61,1831.54
2023.03.10 00:00,1831.55,1834.85,1831.32,1834.04
2023.03.10 01:00,1834.05,1834.15,1830.08,1831.01
2023.03.10 02:00,1831.00,1833.22,1828.07,1829.45
2023.03.10 03:00,1829.45,1830.08,1828.30,1829.21
2023.03.10 04:00,1829.21,1830.21,1827.73,1829.75
2023.03.10 05:00,1829.75,1831.29,1828.51,1831.04
2023.03.10 06:00,1831.00,1832.80,1830.20,1830.66
2023.03.10 07:00,1830.66,1834.64,1830.64,1833.53
2023.03.10 08:00,1833.51,1837.29,1832.30,1835.11
2023.03.10 09:00,1835.11,1836.90,1831.63,1831.64
2023.03.10 10:00,1831.64,1835.05,1830.76,1832.77
2023.03.10 11:00,1832.76,1836.92,1832.18,1834.95
2023.03.10 12:00,1834.95,1837.31,1833.77,1836.65
2023.03.10 13:00,1836.59,1845.00,1831.73,1842.48
2023.03.10 14:00,1842.44,1860.26,1839.99,1858.38
2023.03.10 15:00,1858.37,1867.33,1857.69,1863.03
2023.03.10 16:00,1863.05,1864.01,1854.15,1855.28
2023.03.10 17:00,1855.29,1865.08,1854.92,1864.18
2023.03.10 18:00,1864.19,1865.38,1860.87,1862.84
2023.03.10 19:00,1862.85,1864.94,1860.96,1863.87
2023.03.10 20:00,1863.87,1870.03,1863.57,1869.65
2023.03.10 21:00,1869.98,1870.12,1866.30,1866.73
2023.03.12 23:00,1883.81,1889.28,1875.79,1877.79
2023.03.13 00:00,1877.76,1882.15,1875.17,1876.95
2023.03.13 01:00,1876.93,1879.57,1872.14,1873.02
2023.03.13 02:00,1872.99,1888.81,1872.46,1886.83
2023.03.13 03:00,1886.90,1887.05,1882.32,1882.57
2023.03.13 04:00,1882.62,1883.70,1881.41,1881.48
2023.03.13 05:00,1881.47,1881.92,1877.05,1877.86
2023.03.13 06:00,1877.87,1882.27,1873.34,1873.47
2023.03.13 07:00,1873.47,1878.08,1871.50,1876.24
2023.03.13 08:00,1876.29,1886.11,1875.48,1885.48
2023.03.13 09:00,1885.51,1893.77,1884.23,1885.94
2023.03.13 10:00,1885.93,1888.42,1881.36,1884.21
2023.03.13 11:00,1884.21,1891.79,1880.89,1889.63
2023.03.13 12:00,1889.63,1902.89,1887.26,1899.38
2023.03.13 13:00,1899.38,1909.79,1893.53,1896.71
2023.03.13 14:00,1896.71,1912.92,1896.37,1910.66
2023.03.13 15:00,1910.65,1913.06,1902.95,1904.85
2023.03.13 16:00,1904.87,1909.75,1903.38,1909.11
2023.03.13 17:00,1909.18,1912.47,1908.55,1909.71
2023.03.13 18:00,1909.79,1913.12,1908.07,1911.68
2023.03.13 19:00,1911.51,1914.56,1907.94,1913.28
2023.03.13 20:00,1913.27,1914.09,1911.68,1913.66
2023.03.13 23:00,1910.11,1912.43,1909.95,1912.08
2023.03.14 00:00,1912.06,1914.11,1910.15,1912.40
2023.03.14 01:00,1912.39,1912.78,1905.28,1906.09
2023.03.14 02:00,1906.07,1907.91,1904.02,1904.38
2023.03.14 03:00,1904.43,1906.98,1902.59,1902.92
2023.03.14 04:00,1902.91,1904.29,1901.59,1904.21
2023.03.14 05:00,1904.14,1904.42,1901.47,1904.07
2023.03.14 06:00,1903.99,1913.50,1903.73,1909.61
2023.03.14 07:00,1909.58,1913.07,1908.77,1912.62
2023.03.14 08:00,1912.62,1913.31,1900.74,1904.30
2023.03.14 09:00,1904.36,1904.91,1900.83,1901.18
2023.03.14 10:00,1901.20,1904.57,1900.86,1903.72
2023.03.14 11:00,1903.70,1904.77,1902.71,1904.17
2023.03.14 12:00,1904.17,1911.96,1899.51,1909.86
2023.03.14 13:00,1909.85,1910.81,1895.39,1902.35
2023.03.14 14:00,1902.35,1907.85,1900.19,1907.58
2023.03.14 15:00,1907.65,1908.80,1903.97,1904.15
2023.03.14 16:00,1904.14,1909.14,1902.23,1908.67
2023.03.14 17:00,1908.68,1910.20,1905.42,1906.70
2023.03.14 18:00,1908.14,1909.75,1906.19,1906.56
2023.03.14 19:00,1906.57,1907.85,1902.24,1902.48
2023.03.14 20:00,1902.46,1904.28,1902.45,1903.76
2023.03.14 23:00,1904.18,1904.68,1902.93,1903.07
2023.03.15 00:00,1903.07,1903.33,1899.91,1901.73
2023.03.15 01:00,1901.73,1905.16,1901.53,1903.67
2023.03.15 02:00,1903.66,1905.60,1903.41,1904.52
2023.03.15 03:00,1904.55,1905.03,1902.35,1902.84
2023.03.15 04:00,1902.83,1903.46,1900.92,1901.78
2023.03.15 05:00,1901.78,1902.03,1899.12,1900.14
2023.03.15 06:00,1900.14,1902.37,1898.62,1900.38
2023.03.15 07:00,1901.17,1902.30,1896.27,1896.50
2023.03.15 08:00,1896.50,1896.77,1885.67,1887.50
2023.03.15 09:00,1887.50,1898.63,1886.64,1896.29
2023.03.15 10:00,1896.29,1909.80,1896.17,1908.59
2023.03.15 11:00,1908.57,1918.91,1905.21,1918.06
2023.03.15 12:00,1918.00,1930.21,1916.96,1927.97
2023.03.15 13:00,1928.01,1930.32,1917.34,1926.10
2023.03.15 14:00,1926.12,1926.97,1917.48,1924.37
2023.03.15 15:00,1924.62,1927.26,1921.57,1927.14
2023.03.15 16:00,1927.10,1937.35,1925.02,1933.58
2023.03.15 17:00,1933.56,1937.09,1921.78,1924.37
2023.03.15 18:00,1924.37,1926.29,1909.21,1915.57
2023.03.15 19:00,1915.57,1921.51,1914.89,1916.70
2023.03.15 20:00,1916.69,1918.66,1916.06,1918.27
2023.03.15 23:00,1920.37,1922.83,1919.58,1921.17
2023.03.16 00:00,1921.25,1924.35,1913.17,1913.52
2023.03.16 01:00,1913.40,1915.31,1907.49,1910.84
2023.03.16 02:00,1911.39,1911.76,1909.80,1911.43
2023.03.16 03:00,1911.40,1914.93,1910.65,1913.22
2023.03.16 04:00,1913.22,1914.85,1912.72,1913.27
2023.03.16 05:00,1913.27,1920.20,1911.59,1919.89
2023.03.16 06:00,1919.87,1920.35,1914.48,1916.60
2023.03.16 07:00,1916.56,1920.63,1912.40,1916.65
2023.03.16 08:00,1916.72,1922.49,1915.78,1919.03
2023.03.16 09:00,1919.05,1922.11,1917.64,1921.79
2023.03.16 10:00,1921.78,1923.02,1918.62,1922.64
2023.03.16 11:00,1922.59,1927.09,1922.11,1926.95
2023.03.16 12:00,1926.93,1931.78,1924.38,1930.36
2023.03.16 13:00,1930.36,1933.48,1923.24,1923.77
2023.03.16 14:00,1923.82,1932.40,1919.69,1922.58
2023.03.16 15:00,1922.53,1924.29,1913.37,1918.72
2023.03.16 16:00,1918.74,1920.44,1914.40,1914.98
2023.03.16 17:00,1914.89,1919.84,1914.64,1916.31
2023.03.16 18:00,1916.39,1921.02,1916.28,1918.41
2023.03.16 19:00,1918.32,1921.13,1918.26,1919.90
2023.03.16 20:00,1919.19,1919.91,1918.46,1919.21
2023.03.16 23:00,1920.07,1922.04,1919.52,1921.34
2023.03.17 00:00,1921.37,1921.46,1918.38,1919.19
2023.03.17 01:00,1920.83,1921.54,1920.60,1921.54
2023.03.17 02:00,1922.67,1927.79,1922.02,1927.38
2023.03.17 03:00,1927.38,1928.70,1927.20,1927.69
2023.03.17 04:00,1927.69,1931.02,1927.22,1930.94
2023.03.17 05:00,1930.98,1932.85,1929.02,1929.44
2023.03.17 06:00,1929.44,1934.33,1928.02,1932.40
2023.03.17 07:00,1932.38,1933.72,1928.93,1930.33
2023.03.17 08:00,1930.42,1931.52,1927.30,1928.68
2023.03.17 09:00,1928.73,1932.92,1928.12,1932.30
2023.03.17 10:00,1932.34,1933.48,1929.66,1930.66
2023.03.17 11:00,1930.62,1937.17,1929.26,1935.03
2023.03.17 12:00,1935.13,1946.03,1934.94,1944.98
2023.03.17 13:00,1944.98,1952.19,1944.36,1950.64
2023.03.17 14:00,1953.16,1964.91,1949.79,1962.18
2023.03.17 15:00,1962.17,1964.60,1955.69,1959.31
2023.03.17 16:00,1959.31,1962.47,1955.30,1961.82
2023.03.17 17:00,1961.82,1975.20,1961.51,1972.87
2023.03.17 18:00,1972.85,1987.76,1970.36,1983.56
2023.03.17 19:00,1983.63,1984.75,1973.68,1976.24
2023.03.17 20:00,1976.46,1988.91,1975.24,1988.83
2023.03.19 23:00,1977.25,1979.49,1975.81,1976.83
2023.03.20 00:00,1977.09,1978.32,1971.79,1972.02
2023.03.20 01:00,1971.99,1972.54,1968.03,1969.39
2023.03.20 02:00,1969.53,1975.44,1969.12,1974.73
2023.03.20 03:00,1974.72,1975.37,1972.44,1973.22
2023.03.20 04:00,1973.25,1975.47,1972.94,1974.77
2023.03.20 05:00,1974.64,1988.54,1974.38,1987.97
2023.03.20 06:00,1988.07,1992.96,1981.95,1988.57
2023.03.20 07:00,1988.97,2009.58,1988.77,2003.29
2023.03.20 08:00,2003.47,2006.07,1995.52,1996.22
2023.03.20 09:00,1996.22,1999.31,1983.90,1985.04
2023.03.20 10:00,1984.42,1988.47,1973.87,1980.64
2023.03.20 11:00,1980.46,1985.79,1979.03,1983.75
2023.03.20 12:00,1983.91,1986.38,1972.36,1974.42
2023.03.20 13:00,1974.40,1984.77,1974.40,1977.92
2023.03.20 14:00,1978.05,1978.05,1965.82,1970.62
2023.03.20 15:00,1970.63,1973.74,1967.14,1973.67
2023.03.20 16:00,1973.64,1980.95,1972.95,1974.78
2023.03.20 17:00,1974.80,1979.11,1974.17,1977.57
2023.03.20 18:00,1977.58,1984.00,1976.04,1983.69
2023.03.20 19:00,1983.90,1984.30,1977.01,1977.09
2023.03.20 20:00,1977.59,1979.46,1977.59,1978.50
2023.03.20 23:00,1978.32,1978.97,1976.13,1976.52
2023.03.21 00:00,1976.53,1982.42,1975.33,1980.27
2023.03.21 01:00,1980.27,1982.82,1979.17,1980.02
2023.03.21 02:00,1980.02,1984.42,1979.04,1983.22
2023.03.21 03:00,1983.22,1985.04,1981.92,1983.81
2023.03.21 04:00,1983.81,1983.81,1980.97,1981.34
2023.03.21 05:00,1981.35,1982.72,1979.96,1982.32
2023.03.21 06:00,1982.32,1983.16,1971.79,1973.17
2023.03.21 07:00,1973.07,1978.64,1970.30,1970.30
2023.03.21 08:00,1970.29,1970.75,1962.93,1966.19
2023.03.21 09:00,1966.15,1969.74,1965.36,1968.85
2023.03.21 10:00,1968.83,1969.28,1964.24,1968.66
2023.03.21 11:00,1968.45,1969.20,1965.72,1966.22
2023.03.21 12:00,1966.17,1966.93,1960.47,1963.55
2023.03.21 13:00,1963.64,1965.80,1951.99,1952.57
2023.03.21 14:00,1952.76,1954.83,1945.32,1952.98
2023.03.21 15:00,1952.67,1953.08,1943.08,1948.16
2023.03.21 16:00,1948.06,1948.89,1940.12,1944.27
2023.03.21 17:00,1944.29,1944.81,1936.57,1941.52
2023.03.21 18:00,1941.56,1942.14,1935.37,1936.54
2023.03.21 19:00,1936.67,1940.64,1936.00,1940.11
2023.03.21 20:00,1940.24,1940.73,1939.32,1940.24
2023.03.21 23:00,1941.11,1943.91,1941.06,1943.09
2023.03.22 00:00,1943.11,1944.69,1942.32,1943.47
2023.03.22 01:00,1943.47,1946.24,1942.84,1943.88
2023.03.22 02:00,1943.85,1943.85,1938.92,1939.41
2023.03.22 03:00,1939.44,1941.87,1938.13,1939.56
2023.03.22 04:00,1939.56,1940.01,1937.88,1939.27
2023.03.22 05:00,1939.32,1941.20,1938.01,1939.75
2023.03.22 06:00,1939.75,1943.54,1939.04,1942.39
2023.03.22 07:00,1942.33,1942.79,1934.23,1939.81
2023.03.22 08:00,1939.68,1945.28,1939.60,1941.89
2023.03.22 09:00,1941.89,1945.67,1941.87,1944.11
2023.03.22 10:00,1944.10,1945.35,1940.21,1942.58
2023.03.22 11:00,1942.64,1943.47,1939.74,1942.42
2023.03.22 12:00,1942.32,1943.47,1937.06,1937.48
2023.03.22 13:00,1937.50,1944.40,1937.33,1942.82
2023.03.22 14:00,1942.89,1951.57,1942.59,1950.65
2023.03.22 15:00,1950.65,1951.91,1946.59,1947.27
2023.03.22 16:00,1947.26,1949.82,1945.65,1949.07
2023.03.22 17:00,1949.02,1950.77,1944.87,1946.37
2023.03.22 18:00,1946.35,1978.28,1945.99,1970.77
2023.03.22 19:00,1969.35,1975.28,1954.20,1972.67
2023.03.22 20:00,1972.61,1975.05,1966.79,1969.94
2023.03.22 23:00,1965.45,1970.22,1965.45,1969.59
2023.03.23 00:00,1969.60,1973.74,1969.57,1972.83
2023.03.23 01:00,1972.74,1973.12,1966.31,1969.08
2023.03.23 02:00,1969.00,1976.09,1968.86,1975.27
2023.03.23 03:00,1975.26,1977.61,1973.25,1976.81
2023.03.23 04:00,1976.79,1978.16,1974.88,1977.72
2023.03.23 05:00,1977.73,1980.92,1976.09,1977.06
2023.03.23 06:00,1977.05,1983.51,1976.58,1978.15
2023.03.23 07:00,1978.15,1983.55,1974.88,1976.84
2023.03.23 08:00,1976.86,1978.80,1974.22,1976.48
2023.03.23 09:00,1976.45,1978.79,1974.91,1978.07
2023.03.23 10:00,1978.14,1980.71,1976.26,1977.71
2023.03.23 11:00,1977.71,1978.65,1975.54,1978.40
2023.03.23 12:00,1978.40,1980.34,1966.55,1971.92
2023.03.23 13:00,1971.93,1984.99,1971.35,1984.02
2023.03.23 14:00,1984.22,1984.43,1978.94,1979.04
2023.03.23 15:00,1979.04,1987.04,1977.71,1984.04
2023.03.23 16:00,1984.04,1995.20,1982.71,1994.22
2023.03.23 17:00,1994.21,1999.71,1990.77,1999.63
2023.03.23 18:00,1999.64,2003.31,1992.61,1993.42
2023.03.23 19:00,1993.43,1999.17,1987.99,1997.70
2023.03.23 20:00,1997.70,1998.86,1992.53,1993.52
2023.03.23 23:00,1991.91,1993.13,1990.53,1991.27
2023.03.24 00:00,1991.27,1994.49,1989.74,1993.71
2023.03.24 01:00,1993.49,1994.88,1990.22,1990.70
2023.03.24 02:00,1990.74,1993.33,1990.43,1991.61
2023.03.24 03:00,1991.63,1993.47,1989.71,1992.75
2023.03.24 04:00,1992.75,1993.20,1991.12,1993.19
2023.03.24 05:00,1993.20,1993.27,1989.36,1990.49
2023.03.24 06:00,1990.45,1990.93,1985.21,1986.01
2023.03.24 07:00,1985.95,1990.09,1985.93,1989.44
2023.03.24 08:00,1989.49,1992.83,1981.27,1985.44
2023.03.24 09:00,1985.44,1994.84,1985.43,1994.35
2023.03.24 10:00,1994.41,2000.28,1992.54,1993.73
2023.03.24 11:00,1993.74,1996.04,1990.68,1995.81
2023.03.24 12:00,1995.81,2002.89,1993.16,1998.88
2023.03.24 13:00,1998.93,2001.84,1988.64,1989.50
2023.03.24 14:00,1989.51,1998.38,1985.93,1994.42
2023.03.24 15:00,1994.46,1995.72,1987.00,1987.25
2023.03.24 16:00,1987.05,1990.58,1983.80,1986.81
2023.03.24 17:00,1986.80,1987.19,1975.59,1979.75
2023.03.24 18:00,1979.77,1979.88,1975.23,1978.33
2023.03.24 19:00,1978.33,1979.58,1975.80,1975.99
2023.03.24 20:00,1976.07,1979.32,1975.15,1978.12
2023.03.26 23:00,1973.86,1976.76,1973.03,1975.76
2023.03.27 00:00,1975.73,1976.14,1972.54,1973.67
2023.03.27 01:00,1973.73,1978.69,1972.08,1974.40
2023.03.27 02:00,1974.40,1977.09,1973.46,1976.87
2023.03.27 03:00,1976.80,1976.99,1974.48,1974.62
2023.03.27 04:00,1974.60,1975.51,1973.29,1973.69
2023.03.27 05:00,1973.70,1973.93,1969.30,1970.09
2023.03.27 06:00,1969.94,1971.83,1966.58,1969.69
2023.03.27 07:00,1969.68,1972.61,1965.91,1970.88
2023.03.27 08:00,1970.84,1972.19,1967.28,1968.32
2023.03.27 09:00,1968.30,1968.66,1955.91,1955.99
2023.03.27 10:00,1955.94,1957.28,1948.18,1949.74
2023.03.27 11:00,1949.77,1955.06,1949.18,1954.16
2023.03.27 12:00,1954.12,1958.19,1944.38,1945.67
2023.03.27 13:00,1945.84,1950.85,1943.99,1949.13
2023.03.27 14:00,1949.15,1956.70,1945.78,1954.22
2023.03.27 15:00,1954.23,1958.72,1953.22,1956.86
2023.03.27 16:00,1956.85,1959.40,1954.63,1955.84
2023.03.27 17:00,1955.85,1956.21,1950.72,1952.68
2023.03.27 18:00,1952.68,1956.73,1952.64,1956.01
2023.03.27 19:00,1956.00,1958.21,1955.51,1956.91
2023.03.27 20:00,1956.94,1957.61,1955.64,1956.27
2023.03.27 23:00,1957.19,1958.26,1957.11,1958.10
2023.03.28 00:00,1958.12,1960.78,1957.70,1959.33
2023.03.28 01:00,1959.40,1964.00,1958.98,1962.60
2023.03.28 02:00,1962.60,1962.68,1959.26,1960.21
2023.03.28 03:00,1960.23,1961.10,1958.89,1959.66
2023.03.28 04:00,1959.63,1960.09,1957.39,1957.76
2023.03.28 05:00,1957.76,1960.85,1956.69,1959.46
2023.03.28 06:00,1959.46,1959.53,1953.12,1954.96
2023.03.28 07:00,1954.95,1956.88,1951.85,1953.96
2023.03.28 08:00,1953.95,1955.92,1949.79,1950.26
2023.03.28 09:00,1950.28,1953.81,1949.14,1953.77
2023.03.28 10:00,1953.76,1957.29,1953.46,1956.67
2023.03.28 11:00,1956.67,1958.56,1955.69,1956.96
2023.03.28 12:00,1956.99,1967.33,1956.93,1965.25
2023.03.28 13:00,1965.22,1965.93,1960.73,1963.30
2023.03.28 14:00,1963.28,1970.00,1958.93,1969.12
2023.03.28 15:00,1969.13,1969.87,1966.08,1966.63
2023.03.28 16:00,1966.66,1969.31,1965.69,1969.02
2023.03.28 17:00,1969.04,1975.10,1968.83,1974.52
2023.03.28 18:00,1974.59,1975.12,1971.12,1973.23
2023.03.28 19:00,1973.22,1975.27,1972.53,1973.33
2023.03.28 20:00,1973.33,1974.12,1971.59,1973.42
2023.03.28 23:00,1973.08,1973.70,1971.38,1971.94
2023.03.29 00:00,1971.96,1972.83,1969.70,1970.41
2023.03.29 01:00,1970.41,1971.84,1966.83,1969.11
2023.03.29 02:00,1968.98,1970.25,1967.42,1968.44
2023.03.29 03:00,1968.40,1969.13,1965.82,1966.42
2023.03.29 04:00,1966.42,1968.89,1965.85,1966.21
2023.03.29 05:00,1966.23,1967.65,1963.00,1963.00
2023.03.29 06:00,1963.00,1963.56,1960.14,1962.08
2023.03.29 07:00,1962.08,1964.74,1958.65,1961.69
2023.03.29 08:00,1961.69,1964.52,1960.77,1964.30
2023.03.29 09:00,1964.30,1968.02,1964.30,1967.30
2023.03.29 10:00,1967.39,1969.14,1965.78,1967.78
2023.03.29 11:00,1967.79,1968.48,1963.22,1966.72
2023.03.29 12:00,1966.70,1968.68,1962.43,1964.87
2023.03.29 13:00,1964.96,1968.16,1961.06,1965.65
2023.03.29 14:00,1965.68,1971.72,1963.28,1969.13
2023.03.29 15:00,1969.12,1969.42,1960.63,1961.84
2023.03.29 16:00,1961.84,1965.64,1961.61,1965.05
2023.03.29 17:00,1965.06,1969.20,1963.48,1969.03
2023.03.29 18:00,1969.01,1969.11,1966.63,1966.90
2023.03.29 19:00,1966.79,1966.80,1961.09,1963.11
2023.03.29 20:00,1963.35,1964.61,1962.69,1964.32
2023.03.29 23:00,1964.37,1964.39,1962.87,1963.21
2023.03.30 00:00,1963.26,1963.54,1960.80,1961.45
2023.03.30 01:00,1961.43,1961.97,1955.36,1959.11
2023.03.30 02:00,1959.11,1960.25,1957.98,1958.40
2023.03.30 03:00,1958.36,1960.95,1957.62,1959.61
2023.03.30 04:00,1959.60,1961.41,1958.95,1960.84
2023.03.30 05:00,1960.86,1965.44,1960.27,1964.60
2023.03.30 06:00,1964.54,1969.44,1963.73,1968.74
2023.03.30 07:00,1968.69,1971.52,1965.98,1966.68
2023.03.30 08:00,1966.63,1968.60,1964.89,1967.91
2023.03.30 09:00,1967.87,1968.59,1966.91,1967.41
2023.03.30 10:00,1967.39,1971.00,1966.94,1968.88
2023.03.30 11:00,1968.86,1971.17,1968.25,1968.63
2023.03.30 12:00,1968.65,1975.35,1967.69,1970.28
2023.03.30 13:00,1970.26,1971.07,1965.20,1966.67
2023.03.30 14:00,1966.64,1972.35,1963.96,1972.11
2023.03.30 15:00,1972.18,1975.20,1971.10,1974.73
2023.03.30 16:00,1974.73,1984.28,1974.73,1983.13
2023.03.30 17:00,1983.37,1983.48,1978.15,1979.88
2023.03.30 18:00,1979.80,1981.87,1979.50,1981.41
2023.03.30 19:00,1981.41,1983.12,1980.45,1981.34
2023.03.30 20:00,1981.26,1981.92,1979.80,1980.36
2023.03.30 23:00,1979.06,1980.11,1977.93,1978.45
2023.03.31 00:00,1978.45,1979.73,1977.65,1979.60
2023.03.31 01:00,1979.59,1983.62,1979.07,1982.38
2023.03.31 02:00,1982.28,1983.29,1980.73,1981.66
2023.03.31 03:00,1981.62,1981.90,1980.74,1981.12
2023.03.31 04:00,1981.15,1982.06,1980.18,1980.74
2023.03.31 05:00,1980.74,1980.84,1978.06,1979.03
2023.03.31 06:00,1979.03,1985.01,1979.03,1984.17
2023.03.31 07:00,1984.16,1984.24,1974.84,1975.31
2023.03.31 08:00,1975.32,1978.72,1973.21,1975.11
2023.03.31 09:00,1975.40,1980.39,1975.40,1978.42
2023.03.31 10:00,1978.42,1981.00,1977.02,1979.44
2023.03.31 11:00,1979.46,1981.92,1979.36,1980.20
2023.03.31 12:00,1980.22,1987.52,1976.21,1979.61
2023.03.31 13:00,1979.61,1984.14,1974.94,1979.69
2023.03.31 14:00,1979.71,1981.04,1975.25,1977.93
2023.03.31 15:00,1977.94,1981.11,1974.91,1979.69
2023.03.31 16:00,1979.69,1979.79,1975.28,1977.13
2023.03.31 17:00,1977.13,1977.24,1966.87,1967.39
2023.03.31 18:00,1967.41,1972.10,1967.24,1971.21
2023.03.31 19:00,1971.36,1971.45,1968.27,1970.88
2023.03.31 20:00,1970.87,1970.91,1968.40,1968.85
2023.04.02 23:00,1962.49,1962.58,1957.04,1957.07
2023.04.03 00:00,1957.07,1964.07,1956.81,1962.33
2023.04.03 01:00,1962.23,1964.57,1958.43,1960.30
2023.04.03 02:00,1960.26,1960.33,1952.44,1952.49
2023.04.03 03:00,1952.51,1953.77,1949.73,1951.80
2023.04.03 04:00,1951.74,1952.68,1950.48,1952.55
2023.04.03 05:00,1952.54,1954.06,1951.42,1953.79
2023.04.03 06:00,1953.78,1957.16,1950.74,1954.72
2023.04.03 07:00,1954.72,1961.99,1953.24,1961.80
2023.04.03 08:00,1961.78,1966.42,1961.18,1965.73
2023.04.03 09:00,1965.72,1967.00,1963.01,1966.12
2023.04.03 10:00,1966.11,1972.47,1965.93,1972.45
2023.04.03 11:00,1972.43,1978.75,1971.14,1978.64
2023.04.03 12:00,1978.56,1979.92,1975.71,1979.01
2023.04.03 13:00,1979.08,1980.75,1972.33,1975.99
2023.04.03 14:00,1978.58,1989.83,1978.57,1986.07
2023.04.03 15:00,1986.08,1990.51,1983.87,1987.95
2023.04.03 16:00,1987.95,1990.51,1986.81,1986.97
2023.04.03 17:00,1987.02,1987.02,1981.83,1985.00
2023.04.03 18:00,1984.99,1985.27,1982.16,1982.36
2023.04.03 19:00,1982.51,1986.06,1982.24,1985.10
2023.04.03 20:00,1984.98,1985.86,1983.57,1984.45
2023.04.03 23:00,1983.89,1985.48,1983.48,1984.87
2023.04.04 00:00,1984.87,1985.27,1982.17,1982.86
2023.04.04 01:00,1982.86,1983.62,1977.76,1978.28
2023.04.04 02:00,1978.19,1981.42,1978.07,1980.80
2023.04.04 03:00,1980.80,1980.81,1977.84,1978.12
2023.04.04 04:00,1978.12,1980.76,1977.86,1979.74
2023.04.04 05:00,1979.74,1980.95,1978.15,1978.84
2023.04.04 06:00,1978.84,1982.38,1976.93,1981.63
2023.04.04 07:00,1981.63,1983.78,1978.74,1982.18
2023.04.04 08:00,1982.16,1984.24,1980.27,1980.66
2023.04.04 09:00,1980.66,1983.82,1980.19,1982.98
2023.04.04 10:00,1982.98,1984.31,1981.33,1982.14
2023.04.04 11:00,1982.14,1982.53,1978.48,1981.99
2023.04.04 12:00,1981.98,1985.62,1981.49,1983.65
2023.04.04 13:00,1983.63,1993.27,1983.41,1992.59
2023.04.04 14:00,1992.44,2024.96,1992.44,2016.12
2023.04.04 15:00,2016.10,2023.22,2015.60,2020.25
2023.04.04 16:00,2020.25,2025.00,2019.60,2020.75
2023.04.04 17:00,2020.77,2020.93,2017.82,2018.33
2023.04.04 18:00,2018.11,2021.49,2017.82,2021.22
2023.04.04 19:00,2021.27,2022.45,2020.33,2021.77
2023.04.04 20:00,2021.78,2021.99,2020.07,2020.44
2023.04.04 23:00,2020.66,2023.65,2020.58,2021.82
2023.04.05 00:00,2021.80,2022.49,2019.42,2019.52
2023.04.05 01:00,2019.61,2021.87,2019.61,2020.52
2023.04.05 02:00,2020.34,2025.29,2020.16,2023.99
2023.04.05 03:00,2024.01,2024.10,2021.85,2023.04
2023.04.05 04:00,2023.04,2023.71,2022.11,2023.36
2023.04.05 05:00,2023.37,2024.80,2022.73,2024.27
2023.04.05 06:00,2024.27,2026.35,2022.94,2024.41
2023.04.05 07:00,2024.42,2028.37,2022.90,2025.39
2023.04.05 08:00,2025.43,2028.11,2023.23,2024.02
2023.04.05 09:00,2024.03,2025.18,2021.84,2024.52
2023.04.05 10:00,2024.54,2025.13,2021.76,2022.28
2023.04.05 11:00,2022.34,2024.56,2021.52,2022.96
2023.04.05 12:00,2022.96,2031.33,2022.23,2030.83
2023.04.05 13:00,2030.82,2031.42,2020.28,2022.03
2023.04.05 14:00,2021.66,2030.77,2009.27,2018.06
2023.04.05 15:00,2018.06,2022.33,2015.19,2021.01
2023.04.05 16:00,2021.08,2023.23,2018.92,2020.68
2023.04.05 17:00,2020.65,2021.36,2018.40,2020.30
2023.04.05 18:00,2020.42,2023.22,2019.96,2022.36
2023.04.05 19:00,2022.39,2023.16,2019.96,2020.31
2023.04.05 20:00,2020.43,2021.24,2019.36,2019.79
2023.04.05 23:00,2020.42,2021.05,2019.38,2019.58
2023.04.06 00:00,2019.58,2020.47,2016.23,2016.27
2023.04.06 01:00,2016.39,2016.40,2011.72,2011.91
2023.04.06 02:00,2011.94,2012.52,2007.24,2010.27
2023.04.06 03:00,2010.27,2011.54,2009.39,2010.64
2023.04.06 04:00,2010.63,2013.76,2009.79,2012.67
2023.04.06 05:00,2012.67,2015.31,2011.30,2014.88
2023.04.06 06:00,2014.92,2016.15,2011.07,2013.01
2023.04.06 07:00,2012.99,2017.43,2011.97,2015.63
2023.04.06 08:00,2015.63,2018.94,2014.09,2016.69
2023.04.06 09:00,2016.71,2019.85,2016.42,2018.87
2023.04.06 10:00,2018.87,2020.12,2016.86,2019.62
2023.04.06 11:00,2019.63,2020.25,2016.40,2017.85
2023.04.06 12:00,2017.74,2020.05,2010.52,2012.23
2023.04.06 13:00,2012.18,2013.46,2000.13,2002.89
2023.04.06 14:00,2002.93,2011.74,2000.69,2011.42
2023.04.06 15:00,2011.39,2012.67,2008.72,2010.82
2023.04.06 16:00,2010.80,2014.56,2010.36,2011.28
2023.04.06 17:00,2011.21,2012.13,2008.32,2009.59
2023.04.06 18:00,2009.59,2011.17,2007.83,2008.82
2023.04.06 19:00,2008.83,2009.06,2005.80,2006.03
2023.04.06 20:00,2006.02,2008.13,2005.56,2007.39
2023.04.09 23:00,2005.50,2005.94,2004.71,2005.41
2023.04.10 00:00,2005.54,2005.87,1997.60,1998.23
2023.04.10 01:00,1998.28,2000.67,1995.49,1997.06
2023.04.10 02:00,1997.08,1997.29,1988.81,1991.12
2023.04.10 03:00,1991.12,1992.85,1990.31,1990.90
2023.04.10 04:00,1990.99,1993.73,1989.60,1992.19
2023.04.10 05:00,1992.11,1995.16,1991.32,1994.47
2023.04.10 06:00,1994.47,1996.33,1991.67,1995.82
2023.04.10 07:00,1995.83,1997.59,1995.02,1997.43
2023.04.10 08:00,1997.37,1999.36,1995.91,1997.33
2023.04.10 09:00,1997.33,2001.89,1996.95,2000.60
2023.04.10 10:00,2000.55,2002.77,1999.82,2001.86
2023.04.10 11:00,2001.86,2002.95,1999.98,2001.53
2023.04.10 12:00,2001.54,2002.00,1989.06,1989.47
2023.04.10 13:00,1989.47,1994.40,1986.19,1988.10
2023.04.10 14:00,1988.36,1992.00,1981.61,1987.51
2023.04.10 15:00,1987.62,1990.06,1987.19,1988.62
2023.04.10 16:00,1988.61,1990.90,1987.12,1989.75
2023.04.10 17:00,1989.70,1991.15,1988.00,1988.97
2023.04.10 18:00,1988.99,1990.85,1987.59,1990.42
2023.04.10 19:00,1990.42,1992.81,1990.22,1991.45
2023.04.10 20:00,1991.47,1991.67,1990.79,1991.32
2023.04.10 23:00,1991.36,1992.51,1991.05,1992.37
2023.04.11 00:00,1992.27,1995.35,1992.27,1993.19
2023.04.11 01:00,1993.19,1993.47,1988.77,1991.17
2023.04.11 02:00,1991.17,1997.97,1991.06,1997.79
2023.04.11 03:00,1997.70,1998.18,1996.43,1997.47
2023.04.11 04:00,1997.46,2000.02,1997.32,1999.81
2023.04.11 05:00,1999.82,2001.53,1998.62,1999.01
2023.04.11 06:00,1999.01,2001.88,1998.35,1999.22
2023.04.11 07:00,1999.23,2003.72,1997.77,2002.07
2023.04.11 08:00,2002.06,2007.45,2001.23,2004.58
2023.04.11 09:00,2004.57,2005.38,2002.49,2004.53
2023.04.11 10:00,2004.57,2004.98,2001.48,2004.41
2023.04.11 11:00,2004.35,2004.36,1999.38,2000.46
2023.04.11 12:00,2000.45,2002.54,1998.26,1998.56
2023.04.11 13:00,1998.57,2002.42,1995.56,2001.38
2023.04.11 14:00,2001.48,2004.66,1999.64,2002.43
2023.04.11 15:00,2002.49,2006.24,2001.58,2004.13
2023.04.11 16:00,2004.12,2006.53,2003.92,2006.21
2023.04.11 17:00,2006.21,2006.43,2000.99,2005.59
2023.04.11 18:00,2005.59,2005.89,2003.96,2004.49
2023.04.11 19:00,2004.50,2006.76,2003.51,2004.04
2023.04.11 20:00,2004.14,2004.68,2002.90,2003.40
2023.04.11 23:00,2003.86,2005.07,2003.38,2004.72
2023.04.12 00:00,2004.68,2005.53,2003.96,2005.48
2023.04.12 01:00,2005.40,2015.13,2003.92,2014.67
2023.04.12 02:00,2014.70,2019.37,2013.79,2014.94
2023.04.12 03:00,2014.88,2018.26,2014.14,2017.27
2023.04.12 04:00,2017.20,2021.07,2017.01,2020.34
2023.04.12 05:00,2020.38,2020.82,2017.62,2018.22
2023.04.12 06:00,2018.14,2018.80,2013.48,2015.61
2023.04.12 07:00,2015.65,2016.58,2011.61,2012.98
2023.04.12 08:00,2012.98,2013.60,2008.91,2009.04
2023.04.12 09:00,2008.97,2011.59,2008.54,2010.83
2023.04.12 10:00,2010.76,2011.51,2007.23,2008.81
2023.04.12 11:00,2008.83,2010.27,2007.30,2007.71
2023.04.12 12:00,2007.71,2028.34,2006.23,2022.23
2023.04.12 13:00,2022.26,2023.83,2001.24,2007.85
2023.04.12 14:00,2007.76,2013.09,2003.08,2006.95
2023.04.12 15:00,2006.96,2009.45,2005.61,2005.80
2023.04.12 16:00,2005.71,2009.29,2005.21,2007.84
2023.04.12 17:00,2007.82,2012.58,2006.57,2011.47
2023.04.12 18:00,2011.51,2016.92,2011.28,2015.74
2023.04.12 19:00,2015.76,2018.08,2013.09,2013.60
2023.04.12 20:00,2013.93,2014.98,2013.22,2014.83
2023.04.12 23:00,2015.15,2018.50,2015.10,2018.15
2023.04.13 00:00,2018.19,2019.82,2016.54,2017.85
2023.04.13 01:00,2017.93,2019.23,2015.83,2017.88
2023.04.13 02:00,2017.73,2019.33,2016.32,2017.84
2023.04.13 03:00,2017.80,2017.91,2015.69,2017.45
2023.04.13 04:00,2017.49,2019.46,2017.38,2018.42
2023.04.13 05:00,2018.44,2019.14,2015.26,2015.28
2023.04.13 06:00,2015.27,2023.29,2015.20,2020.48
2023.04.13 07:00,2020.49,2025.66,2020.49,2024.50
2023.04.13 08:00,2024.58,2029.19,2024.41,2026.57
2023.04.13 09:00,2026.55,2028.62,2025.64,2026.57
2023.04.13 10:00,2026.60,2027.98,2025.03,2026.69
2023.04.13 11:00,2026.65,2028.63,2025.44,2028.56
2023.04.13 12:00,2028.57,2045.83,2026.54,2044.99
2023.04.13 13:00,2044.97,2047.05,2039.68,2046.48
2023.04.13 14:00,2046.53,2048.68,2033.99,2034.58
2023.04.13 15:00,2034.55,2042.79,2034.38,2039.35
2023.04.13 16:00,2039.40,2040.95,2037.70,2040.52
2023.04.13 17:00,2040.58,2044.45,2039.55,2044.09
2023.04.13 18:00,2044.09,2044.37,2037.91,2038.77
2023.04.13 19:00,2038.77,2041.20,2037.02,2041.01
2023.04.13 20:00,2040.81,2041.44,2040.18,2040.49
2023.04.13 23:00,2040.51,2040.59,2039.08,2040.12
2023.04.14 00:00,2040.03,2043.95,2039.00,2042.28
2023.04.14 01:00,2042.26,2046.40,2041.46,2046.35
2023.04.14 02:00,2046.29,2047.78,2045.26,2046.41
2023.04.14 03:00,2046.40,2046.40,2043.41,2045.44
2023.04.14 04:00,2045.44,2046.81,2042.86,2043.57
2023.04.14 05:00,2043.61,2043.92,2039.99,2043.10
2023.04.14 06:00,2043.14,2044.66,2041.09,2041.76
2023.04.14 07:00,2041.76,2041.83,2036.98,2039.63
2023.04.14 08:00,2039.61,2039.74,2032.18,2036.07
2023.04.14 09:00,2036.06,2039.16,2034.87,2039.08
2023.04.14 10:00,2039.06,2042.59,2038.05,2038.66
2023.04.14 11:00,2038.66,2038.66,2032.66,2033.68
2023.04.14 12:00,2033.67,2040.67,2017.61,2025.04
2023.04.14 13:00,2025.03,2028.44,2020.29,2023.71
2023.04.14 14:00,2023.72,2023.72,1998.31,1998.86
2023.04.14 15:00,1998.89,2001.19,1994.19,1996.03
2023.04.14 16:00,1996.09,2000.04,1992.73,1999.93
2023.04.14 17:00,1999.94,2004.53,1998.97,2004.27
2023.04.14 18:00,2004.24,2007.20,2003.68,2006.72
2023.04.14 19:00,2006.72,2008.36,2005.38,2005.66
2023.04.14 20:00,2005.67,2006.02,2004.18,2004.49
2023.04.16 23:00,2001.61,2005.34,2001.48,2003.32
2023.04.17 00:00,2003.41,2005.10,2001.92,2002.58
2023.04.17 01:00,2002.59,2005.36,1995.84,2003.57
2023.04.17 02:00,2003.56,2006.65,2003.56,2004.41
2023.04.17 03:00,2004.39,2005.55,2004.38,2004.94
2023.04.17 04:00,2004.94,2006.45,2004.18,2004.80
2023.04.17 05:00,2004.80,2013.12,2004.19,2011.63
2023.04.17 06:00,2011.54,2013.96,2010.84,2011.77
2023.04.17 07:00,2011.77,2015.38,2010.56,2011.21
2023.04.17 08:00,2011.21,2013.14,2008.70,2010.28
2023.04.17 09:00,2010.18,2012.51,2010.08,2010.80
2023.04.17 10:00,2010.79,2011.52,2007.34,2008.02
2023.04.17 11:00,2008.02,2010.54,2005.27,2009.48
2023.04.17 12:00,2009.51,2011.04,1999.10,2000.58
2023.04.17 13:00,2000.53,2002.21,1992.08,1995.98
2023.04.17 14:00,1995.93,1997.02,1981.14,1985.25
2023.04.17 15:00,1985.26,1992.09,1985.15,1989.97
2023.04.17 16:00,1989.98,1992.11,1987.29,1991.54
2023.04.17 17:00,1991.51,1995.97,1991.30,1995.23
2023.04.17 18:00,1995.22,1997.10,1994.05,1995.49
2023.04.17 19:00,1995.50,1996.61,1994.57,1996.23
2023.04.17 20:00,1996.28,1996.42,1994.49,1995.00
2023.04.17 23:00,1994.55,1995.32,1993.78,1993.98
2023.04.18 00:00,1993.98,1996.14,1993.30,1995.12
2023.04.18 01:00,1995.10,1999.35,1994.42,1997.67
2023.04.18 02:00,1997.73,2000.87,1996.15,2000.39
2023.04.18 03:00,2000.37,2001.76,1999.35,2000.19
2023.04.18 04:00,2000.29,2000.43,1998.12,1998.30
2023.04.18 05:00,1998.28,2001.77,1996.46,2000.54
2023.04.18 06:00,2000.51,2001.15,1998.11,1999.77
2023.04.18 07:00,1999.79,2004.15,1998.52,2002.25
2023.04.18 08:00,2002.26,2005.13,2001.89,2003.21
2023.04.18 09:00,2003.24,2004.11,1999.07,2001.16
2023.04.18 10:00,2001.13,2004.77,1999.67,2003.50
2023.04.18 11:00,2003.48,2004.92,2002.92,2003.89
2023.04.18 12:00,2003.86,2005.77,2000.72,2001.26
2023.04.18 13:00,2001.24,2001.65,1991.26,1999.13
2023.04.18 14:00,1999.14,2010.62,1999.01,2009.12
2023.04.18 15:00,2009.11,2011.80,2007.10,2008.46
2023.04.18 16:00,2008.51,2008.54,2005.15,2007.13
2023.04.18 17:00,2007.18,2008.26,2003.90,2004.09
2023.04.18 18:00,2004.12,2005.67,2003.38,2005.26
2023.04.18 19:00,2005.30,2006.16,2003.83,2004.12
2023.04.18 20:00,2004.11,2005.47,2004.11,2005.17
2023.04.18 23:00,2005.53,2006.31,2004.74,2005.75
2023.04.19 00:00,2005.77,2007.54,2004.81,2007.34
2023.04.19 01:00,2007.33,2008.12,2002.81,2003.43
2023.04.19 02:00,2003.44,2006.89,2001.91,2004.17
2023.04.19 03:00,2004.17,2004.74,2002.14,2003.42
2023.04.19 04:00,2003.51,2004.42,2002.55,2003.84
2023.04.19 05:00,2003.85,2004.30,1999.39,2000.35
2023.04.19 06:00,2000.42,2001.20,1986.96,1991.03
2023.04.19 07:00,1991.16,1995.46,1990.30,1991.32
2023.04.19 08:00,1991.37,1991.44,1976.56,1979.99
2023.04.19 09:00,1979.81,1980.51,1972.67,1974.05
2023.04.19 10:00,1974.04,1976.34,1971.29,1972.95
2023.04.19 11:00,1972.99,1973.19,1969.22,1970.61
2023.04.19 12:00,1970.56,1980.51,1969.66,1980.28
2023.04.19 13:00,1980.30,1992.86,1979.33,1990.63
2023.04.19 14:00,1990.76,1995.89,1990.38,1992.83
2023.04.19 15:00,1992.85,1995.82,1988.82,1990.82
2023.04.19 16:00,1990.80,1996.44,1990.35,1996.00
2023.04.19 17:00,1996.00,1996.53,1993.60,1993.98
2023.04.19 18:00,1994.00,1996.70,1993.62,1996.36
2023.04.19 19:00,1996.31,1996.83,1993.81,1994.43
2023.04.19 20:00,1994.44,1995.32,1993.84,1994.75
2023.04.19 23:00,1994.42,1994.77,1993.07,1993.68
2023.04.20 00:00,1993.78,1996.71,1993.50,1995.56
2023.04.20 01:00,1995.55,1998.65,1992.16,1995.72
2023.04.20 02:00,1995.72,1996.93,1991.50,1991.78
2023.04.20 03:00,1991.77,1993.17,1990.40,1992.72
2023.04.20 04:00,1992.71,1994.35,1991.97,1992.71
2023.04.20 05:00,1992.68,1995.27,1991.33,1994.30
2023.04.20 06:00,1994.40,2001.15,1994.40,1999.15
2023.04.20 07:00,1999.14,1999.99,1995.51,1997.19
2023.04.20 08:00,1997.19,1999.06,1994.50,1996.66
2023.04.20 09:00,1996.63,2000.18,1992.35,1999.55
2023.04.20 10:00,1999.56,2004.89,1999.56,2003.59
2023.04.20 11:00,2003.57,2004.61,2000.93,2001.08
2023.04.20 12:00,2001.09,2011.24,1997.41,2006.80
2023.04.20 13:00,2006.78,2007.28,2002.96,2003.56
2023.04.20 14:00,2003.61,2012.28,2000.99,2003.60
2023.04.20 15:00,2003.60,2004.17,1999.02,2002.52
2023.04.20 16:00,2002.57,2007.01,2002.27,2005.79
2023.04.20 17:00,2005.77,2008.30,2005.41,2006.63
2023.04.20 18:00,2006.68,2006.81,2004.23,2005.80
2023.04.20 19:00,2005.79,2005.92,2002.20,2003.14
2023.04.20 20:00,2003.15,2005.75,2003.10,2004.60
2023.04.20 23:00,2004.68,2005.56,2001.84,2005.23
2023.04.21 00:00,2005.22,2005.51,2001.81,2004.49
2023.04.21 01:00,2004.51,2005.14,2000.48,2002.03
2023.04.21 02:00,2002.03,2003.93,2001.51,2002.99
2023.04.21 03:00,2002.99,2003.29,2001.16,2002.13
2023.04.21 04:00,2002.12,2002.33,2000.29,2000.56
2023.04.21 05:00,2000.62,2001.01,1993.94,1994.89
2023.04.21 06:00,1994.88,1998.00,1981.85,1986.28
2023.04.21 07:00,1986.30,1987.59,1982.90,1986.75
2023.04.21 08:00,1986.78,1989.57,1984.04,1988.33
2023.04.21 09:00,1988.33,1990.19,1984.77,1986.15
2023.04.21 10:00,1986.15,1992.40,1986.05,1988.08
2023.04.21 11:00,1988.11,1988.51,1984.73,1987.95
2023.04.21 12:00,1987.87,1991.05,1982.17,1988.92
2023.04.21 13:00,1988.98,1997.88,1972.38,1973.81
2023.04.21 14:00,1973.72,1987.42,1971.59,1978.84
2023.04.21 15:00,1978.91,1979.70,1974.44,1975.84
2023.04.21 16:00,1975.84,1978.54,1974.00,1977.42
2023.04.21 17:00,1977.43,1980.69,1977.37,1980.60
2023.04.21 18:00,1980.64,1982.66,1978.89,1979.15
2023.04.21 19:00,1979.12,1983.01,1978.64,1982.69
2023.04.21 20:00,1982.65,1983.55,1981.61,1982.86
2023.04.23 23:00,1984.01,1985.31,1983.89,1984.66
2023.04.24 00:00,1984.57,1984.57,1981.30,1983.78
2023.04.24 01:00,1983.77,1984.56,1979.04,1979.44
2023.04.24 02:00,1979.37,1983.21,1978.44,1980.23
2023.04.24 03:00,1980.18,1981.43,1979.98,1980.81
2023.04.24 04:00,1980.81,1981.25,1978.18,1979.53
2023.04.24 05:00,1979.57,1979.75,1976.42,1978.56
2023.04.24 06:00,1978.55,1981.65,1977.69,1978.95
2023.04.24 07:00,1978.95,1983.16,1978.10,1982.69
2023.04.24 08:00,1982.70,1985.12,1980.79,1984.99
2023.04.24 09:00,1985.01,1986.95,1982.86,1983.08
2023.04.24 10:00,1983.02,1985.36,1982.98,1983.62
2023.04.24 11:00,1983.67,1985.25,1982.60,1983.08
2023.04.24 12:00,1983.11,1984.56,1980.94,1983.88
2023.04.24 13:00,1983.98,1985.03,1973.98,1977.84
2023.04.24 14:00,1977.75,1987.17,1976.44,1982.47
2023.04.24 15:00,1982.47,1985.36,1981.42,1984.74
2023.04.24 16:00,1984.80,1987.67,1984.58,1986.57
2023.04.24 17:00,1986.57,1990.82,1986.51,1989.42
2023.04.24 18:00,1989.44,1990.36,1987.85,1989.64
2023.04.24 19:00,1989.55,1989.75,1987.41,1988.63
2023.04.24 20:00,1988.61,1989.37,1988.21,1989.03
2023.04.24 23:00,1992.74,1996.58,1991.61,1994.95
2023.04.25 00:00,1995.04,2000.86,1993.24,1996.87
2023.04.25 01:00,1997.08,2000.58,1995.27,1997.16
2023.04.25 02:00,1996.99,1998.29,1994.11,1994.74
2023.04.25 03:00,1994.70,1996.40,1992.77,1992.79
2023.04.25 04:00,1992.80,1993.84,1990.97,1991.08
2023.04.25 05:00,1991.09,1995.61,1990.81,1995.47
2023.04.25 06:00,1995.47,1996.89,1992.89,1994.25
2023.04.25 07:00,1994.28,1997.22,1987.50,1990.19
2023.04.25 08:00,1990.23,1991.05,1986.82,1988.44
2023.04.25 09:00,1988.48,1990.91,1986.94,1988.06
2023.04.25 10:00,1988.06,1988.45,1981.74,1982.06
2023.04.25 11:00,1982.10,1982.78,1976.60,1977.56
2023.04.25 12:00,1977.58,1994.48,1976.04,1993.02
2023.04.25 13:00,1993.00,1993.66,1984.04,1985.20
2023.04.25 14:00,1985.21,1989.16,1983.38,1985.84
2023.04.25 15:00,1985.84,1990.74,1985.53,1989.95
2023.04.25 16:00,1990.10,1991.70,1988.20,1990.53
2023.04.25 17:00,1990.55,1999.53,1989.93,1998.95
2023.04.25 18:00,1999.01,2003.82,1994.19,1995.63
2023.04.25 19:00,1995.68,1999.42,1994.62,1999.07
2023.04.25 20:00,1999.08,1999.08,1995.72,1997.00
2023.04.25 23:00,1997.66,2001.61,1997.61,2000.14
2023.04.26 00:00,2000.18,2002.43,1997.15,1997.74
2023.04.26 01:00,1997.74,1999.53,1995.59,1998.94
2023.04.26 02:00,1998.86,2000.66,1996.61,1998.50
2023.04.26 03:00,1998.49,1998.51,1993.06,1994.00
2023.04.26 04:00,1994.06,1996.13,1994.06,1995.54
2023.04.26 05:00,1995.54,1998.03,1995.17,1996.18
2023.04.26 06:00,1996.13,1999.01,1994.37,1998.29
2023.04.26 07:00,1998.24,1999.29,1995.16,1997.84
2023.04.26 08:00,1997.91,1998.27,1995.32,1997.60
2023.04.26 09:00,1997.61,2000.17,1997.03,1998.80
2023.04.26 10:00,1998.82,2000.42,1998.58,1999.25
2023.04.26 11:00,1999.25,2001.68,1991.36,1995.73
2023.04.26 12:00,1995.73,2000.13,1993.79,1997.95
2023.04.26 13:00,1998.00,2009.26,1997.52,2003.00
2023.04.26 14:00,2003.09,2004.08,1997.43,1998.54
2023.04.26 15:00,1998.57,1999.53,1991.38,1991.38
2023.04.26 16:00,1991.39,1992.41,1985.38,1986.55
2023.04.26 17:00,1986.52,1988.65,1983.30,1988.29
2023.04.26 18:00,1988.28,1990.90,1984.44,1990.32
2023.04.26 19:00,1990.33,1991.62,1987.00,1988.00
2023.04.26 20:00,1987.97,1989.62,1987.16,1989.23
2023.04.26 23:00,1990.09,1991.92,1989.88,1991.65
2023.04.27 00:00,1991.56,1992.17,1989.72,1991.41
2023.04.27 01:00,1991.55,1995.04,1989.44,1992.63
2023.04.27 02:00,1992.53,1998.99,1992.04,1998.71
2023.04.27 03:00,1998.65,2000.77,1998.33,1999.72
2023.04.27 04:00,1999.72,2000.59,1997.70,1999.62
2023.04.27 05:00,1999.56,2002.65,1997.67,1999.00
2023.04.27 06:00,1999.06,2003.14,1997.22,2002.03
2023.04.27 07:00,2002.01,2003.20,1998.30,1999.38
2023.04.27 08:00,1999.41,1999.93,1997.48,1998.18
2023.04.27 09:00,1998.22,1999.89,1996.82,1996.90
2023.04.27 10:00,1996.90,2001.08,1995.86,2000.54
2023.04.27 11:00,2000.50,2001.13,1996.06,1996.84
2023.04.27 12:00,1996.88,2003.19,1981.75,1985.73
2023.04.27 13:00,1985.81,1988.75,1974.14,1981.76
2023.04.27 14:00,1982.02,1986.38,1978.71,1983.37
2023.04.27 15:00,1983.37,1985.84,1981.89,1982.21
2023.04.27 16:00,1982.31,1984.51,1981.07,1984.19
2023.04.27 17:00,1984.20,1991.02,1983.76,1989.10
2023.04.27 18:00,1989.20,1989.74,1986.96,1988.95
2023.04.27 19:00,1988.90,1989.87,1986.87,1988.07
2023.04.27 20:00,1988.08,1988.59,1987.35,1987.62
2023.04.27 23:00,1986.82,1987.65,1986.22,1986.85
2023.04.28 00:00,1986.90,1987.43,1985.55,1985.80
2023.04.28 01:00,1985.84,1991.40,1984.96,1990.40
2023.04.28 02:00,1990.47,1990.77,1988.42,1990.49
2023.04.28 03:00,1990.49,1991.00,1987.25,1988.83
2023.04.28 04:00,1988.84,1990.20,1986.16,1987.34
2023.04.28 05:00,1987.31,1989.52,1983.34,1984.73
2023.04.28 06:00,1984.65,1987.04,1983.19,1985.83
2023.04.28 07:00,1985.89,1986.24,1981.54,1982.29
2023.04.28 08:00,1982.37,1983.64,1979.75,1983.42
2023.04.28 09:00,1983.41,1983.75,1981.86,1982.93
2023.04.28 10:00,1982.93,1984.43,1982.39,1983.30
2023.04.28 11:00,1983.33,1984.78,1981.97,1983.22
2023.04.28 12:00,1983.19,1987.46,1976.26,1984.20
2023.04.28 13:00,1984.23,1989.99,1982.34,1986.52
2023.04.28 14:00,1986.48,1993.61,1982.08,1992.27
2023.04.28 15:00,1992.26,1994.90,1987.64,1991.74
2023.04.28 16:00,1991.72,1994.06,1989.09,1991.48
2023.04.28 17:00,1991.53,1992.78,1988.85,1990.63
2023.04.28 18:00,1990.64,1991.17,1988.62,1988.85
2023.04.28 19:00,1988.95,1989.62,1987.45,1989.10
2023.04.28 20:00,1989.08,1989.79,1987.88,1989.55
2023.04.30 23:00,1989.22,1989.31,1986.55,1986.84
2023.05.01 00:00,1987.08,1987.35,1983.60,1983.89
2023.05.01 01:00,1983.88,1985.00,1980.95,1981.92
2023.05.01 02:00,1981.93,1983.81,1981.53,1982.64
2023.05.01 03:00,1982.62,1983.42,1980.53,1983.25
2023.05.01 04:00,1983.28,1986.31,1982.44,1984.13
2023.05.01 05:00,1984.12,1984.19,1979.81,1982.08
2023.05.01 06:00,1981.96,1981.96,1979.49,1979.88
2023.05.01 07:00,1980.11,1981.34,1978.87,1980.98
2023.05.01 08:00,1980.88,1981.25,1977.05,1977.27
2023.05.01 09:00,1977.24,1985.24,1977.07,1984.61
2023.05.01 10:00,1984.64,1988.78,1984.52,1988.50
2023.05.01 11:00,1988.61,1989.88,1986.89,1988.94
2023.05.01 12:00,1988.99,2005.27,1988.22,2003.90
2023.05.01 13:00,2004.27,2005.96,1997.02,1997.14
2023.05.01 14:00,1997.16,1997.16,1982.94,1984.24
2023.05.01 15:00,1984.21,1985.16,1980.50,1982.92
2023.05.01 16:00,1982.92,1984.04,1979.88,1981.57
2023.05.01 17:00,1981.60,1983.97,1979.92,1982.11
2023.05.01 18:00,1982.15,1983.28,1980.58,1980.66
2023.05.01 19:00,1980.76,1981.63,1979.39,1979.76
2023.05.01 20:00,1979.68,1982.66,1979.68,1982.31
2023.05.01 23:00,1982.66,1982.89,1980.67,1981.40
2023.05.02 00:00,1981.36,1983.64,1981.25,1982.10
2023.05.02 01:00,1982.10,1985.26,1981.91,1983.19
2023.05.02 02:00,1983.24,1983.31,1981.19,1982.73
2023.05.02 03:00,1982.65,1982.88,1981.42,1982.11
2023.05.02 04:00,1982.02,1982.86,1981.36,1982.15
2023.05.02 05:00,1982.20,1984.25,1981.22,1982.73
2023.05.02 06:00,1982.76,1985.60,1982.17,1984.72
2023.05.02 07:00,1984.66,1985.71,1980.30,1981.37
2023.05.02 08:00,1981.41,1982.23,1978.33,1981.33
2023.05.02 09:00,1981.32,1986.28,1980.48,1984.08
2023.05.02 10:00,1984.10,1988.38,1983.24,1988.21
2023.05.02 11:00,1988.21,1990.10,1985.75,1986.37
2023.05.02 12:00,1986.36,1987.85,1985.22,1985.61
2023.05.02 13:00,1985.66,1989.46,1984.49,1986.96
2023.05.02 14:00,1986.97,2012.91,1986.96,2008.34
2023.05.02 15:00,2008.36,2015.46,2006.74,2014.39
2023.05.02 16:00,2014.40,2019.31,2013.53,2015.09
2023.05.02 17:00,2015.09,2016.94,2011.16,2012.24
2023.05.02 18:00,2012.25,2015.63,2011.24,2014.23
2023.05.02 19:00,2014.23,2018.28,2014.23,2018.17
2023.05.02 20:00,2018.17,2018.21,2015.81,2016.47
2023.05.02 23:00,2015.70,2016.45,2015.57,2015.95
2023.05.03 00:00,2015.95,2016.92,2014.19,2016.31
2023.05.03 01:00,2016.26,2017.86,2015.77,2016.90
2023.05.03 02:00,2016.85,2018.72,2016.61,2017.15
2023.05.03 03:00,2017.06,2018.70,2016.96,2018.54
2023.05.03 04:00,2018.51,2019.48,2015.85,2015.91
2023.05.03 05:00,2015.91,2016.57,2014.48,2014.91
2023.05.03 06:00,2014.92,2018.68,2014.39,2018.02
2023.05.03 07:00,2017.98,2018.78,2012.56,2014.81
2023.05.03 08:00,2014.87,2016.74,2014.32,2015.63
2023.05.03 09:00,2015.62,2017.47,2015.26,2017.01
2023.05.03 10:00,2017.01,2017.40,2015.13,2016.56
2023.05.03 11:00,2016.57,2017.02,2014.30,2015.92
2023.05.03 12:00,2015.95,2016.30,2008.01,2013.74
2023.05.03 13:00,2013.76,2020.06,2012.36,2013.55
2023.05.03 14:00,2013.67,2021.95,2011.82,2021.24
2023.05.03 15:00,2021.25,2026.82,2020.25,2023.46
2023.05.03 16:00,2023.46,2025.27,2022.88,2024.07
2023.05.03 17:00,2024.14,2028.50,2022.33,2023.56
2023.05.03 18:00,2023.54,2036.04,2017.01,2022.89
2023.05.03 19:00,2022.86,2035.88,2019.08,2035.00
2023.05.03 20:00,2035.04,2040.34,2028.94,2038.75
2023.05.03 23:00,2056.52,2056.64,2050.45,2051.88
2023.05.04 00:00,2051.88,2057.06,2051.74,2054.33
2023.05.04 01:00,2054.37,2054.82,2043.56,2044.41
2023.05.04 02:00,2044.22,2046.32,2038.38,2043.50
2023.05.04 03:00,2043.48,2043.56,2039.67,2040.98
2023.05.04 04:00,2040.96,2045.42,2040.70,2044.25
2023.05.04 05:00,2044.27,2045.31,2041.17,2042.69
2023.05.04 06:00,2042.79,2043.41,2036.57,2039.15
2023.05.04 07:00,2039.15,2039.43,2030.23,2034.49
2023.05.04 08:00,2034.47,2035.56,2031.11,2034.40
2023.05.04 09:00,2034.42,2038.46,2033.65,2037.77
2023.05.04 10:00,2037.82,2040.61,2036.55,2039.86
2023.05.04 11:00,2039.88,2044.84,2039.54,2041.98
2023.05.04 12:00,2041.97,2042.91,2033.66,2036.92
2023.05.04 13:00,2036.92,2045.41,2032.00,2044.28
2023.05.04 14:00,2044.26,2059.54,2042.86,2055.22
2023.05.04 15:00,2055.22,2055.95,2043.37,2050.90
2023.05.04 16:00,2050.85,2054.06,2047.28,2050.70
2023.05.04 17:00,2050.72,2050.97,2044.42,2046.23
2023.05.04 18:00,2046.23,2050.69,2044.94,2049.41
2023.05.04 19:00,2049.44,2050.19,2047.07,2049.46
2023.05.04 20:00,2049.51,2050.84,2048.95,2050.07
2023.05.04 23:00,2049.09,2050.09,2048.58,2049.99
2023.05.05 00:00,2049.99,2049.99,2048.22,2048.91
2023.05.05 01:00,2048.86,2052.99,2048.23,2051.97
2023.05.05 02:00,2051.94,2052.09,2045.43,2046.87
2023.05.05 03:00,2046.81,2050.78,2046.60,2049.71
2023.05.05 04:00,2049.76,2051.06,2048.46,2048.53
2023.05.05 05:00,2048.50,2049.55,2045.56,2045.90
2023.05.05 06:00,2045.90,2048.26,2044.64,2047.07
2023.05.05 07:00,2047.28,2047.47,2039.30,2040.53
2023.05.05 08:00,2040.51,2041.68,2038.83,2039.88
2023.05.05 09:00,2039.97,2040.27,2037.29,2037.81
2023.05.05 10:00,2037.84,2039.32,2036.16,2039.21
2023.05.05 11:00,2039.21,2039.21,2034.71,2035.46
2023.05.05 12:00,2035.45,2038.30,2007.69,2010.30
2023.05.05 13:00,2010.46,2012.98,2001.02,2003.86
2023.05.05 14:00,2003.88,2010.79,1999.49,2010.70
2023.05.05 15:00,2010.68,2015.18,2007.77,2015.17
2023.05.05 16:00,2015.19,2018.66,2012.98,2017.08
2023.05.05 17:00,2017.10,2018.43,2014.73,2015.38
2023.05.05 18:00,2015.39,2016.68,2013.44,2016.66
2023.05.05 19:00,2016.64,2018.73,2015.18,2017.64
2023.05.05 20:00,2017.72,2018.86,2015.72,2016.74
2023.05.07 23:00,2014.53,2017.29,2014.53,2016.01
2023.05.08 00:00,2016.02,2018.60,2015.67,2018.00
2023.05.08 01:00,2017.80,2018.46,2015.04,2017.04
2023.05.08 02:00,2017.03,2021.24,2016.26,2020.10
2023.05.08 03:00,2020.09,2023.91,2019.36,2023.16
2023.05.08 04:00,2023.18,2024.54,2022.69,2023.63
2023.05.08 05:00,2023.71,2024.69,2020.03,2020.89
2023.05.08 06:00,2020.91,2022.86,2020.27,2021.97
2023.05.08 07:00,2021.85,2022.66,2020.86,2021.51
2023.05.08 08:00,2021.49,2023.05,2019.86,2022.51
2023.05.08 09:00,2022.50,2024.25,2022.04,2022.65
2023.05.08 10:00,2022.63,2025.03,2022.43,2024.10
2023.05.08 11:00,2024.08,2025.35,2021.45,2022.22
2023.05.08 12:00,2022.23,2026.92,2021.75,2026.03
2023.05.08 13:00,2026.05,2026.78,2017.82,2024.90
2023.05.08 14:00,2024.89,2026.54,2022.92,2024.95
2023.05.08 15:00,2024.95,2029.28,2022.82,2027.07
2023.05.08 16:00,2027.09,2029.34,2026.26,2027.06
2023.05.08 17:00,2027.03,2027.86,2022.84,2023.81
2023.05.08 18:00,2023.82,2023.82,2020.50,2021.51
2023.05.08 19:00,2021.54,2022.48,2020.21,2020.39
2023.05.08 20:00,2020.29,2021.47,2020.14,2020.80
2023.05.08 23:00,2022.18,2022.21,2020.18,2021.21
2023.05.09 00:00,2021.21,2021.41,2019.44,2020.11
2023.05.09 01:00,2020.09,2024.46,2019.75,2022.78
2023.05.09 02:00,2022.76,2024.21,2021.91,2023.77
2023.05.09 03:00,2023.85,2024.96,2021.96,2024.93
2023.05.09 04:00,2024.93,2026.80,2024.59,2025.66
2023.05.09 05:00,2025.65,2028.68,2025.33,2025.98
2023.05.09 06:00,2026.15,2027.77,2023.75,2024.11
2023.05.09 07:00,2024.14,2025.69,2021.60,2024.69
2023.05.09 08:00,2024.67,2026.17,2021.39,2025.23
2023.05.09 09:00,2025.38,2028.37,2024.81,2028.32
2023.05.09 10:00,2028.32,2031.10,2027.97,2030.80
2023.05.09 11:00,2030.79,2032.81,2030.52,2031.08
2023.05.09 12:00,2031.08,2032.11,2026.58,2026.85
2023.05.09 13:00,2026.86,2030.53,2022.91,2030.27
2023.05.09 14:00,2030.27,2030.39,2025.60,2026.05
2023.05.09 15:00,2025.99,2027.61,2024.36,2026.89
2023.05.09 16:00,2026.91,2032.63,2026.82,2030.92
2023.05.09 17:00,2030.94,2037.61,2030.68,2035.62
2023.05.09 18:00,2035.61,2037.10,2034.96,2035.25
2023.05.09 19:00,2035.27,2035.65,2034.11,2034.19
2023.05.09 20:00,2034.34,2035.10,2034.10,2034.36
2023.05.09 23:00,2035.96,2037.18,2035.90,2036.26
2023.05.10 00:00,2036.28,2038.17,2034.92,2036.49
2023.05.10 01:00,2036.57,2037.06,2032.67,2032.79
2023.05.10 02:00,2032.73,2033.52,2030.42,2031.28
2023.05.10 03:00,2031.28,2032.46,2030.77,2031.71
2023.05.10 04:00,2031.69,2031.69,2029.68,2030.67
2023.05.10 05:00,2030.64,2031.50,2027.63,2029.03
2023.05.10 06:00,2029.02,2032.92,2027.43,2032.08
2023.05.10 07:00,2031.97,2032.12,2028.14,2031.66
2023.05.10 08:00,2031.65,2031.79,2026.23,2028.46
2023.05.10 09:00,2028.44,2030.08,2028.08,2029.04
2023.05.10 10:00,2029.12,2032.07,2029.05,2031.25
2023.05.10 11:00,2031.25,2031.74,2028.23,2029.26
2023.05.10 12:00,2029.31,2048.14,2024.97,2045.45
2023.05.10 13:00,2045.57,2046.63,2032.42,2038.57
2023.05.10 14:00,2038.56,2038.56,2028.71,2029.56
2023.05.10 15:00,2029.55,2030.36,2021.91,2025.51
2023.05.10 16:00,2025.51,2029.34,2024.97,2028.23
2023.05.10 17:00,2028.37,2033.75,2027.80,2031.32
2023.05.10 18:00,2031.34,2034.67,2031.01,2032.63
2023.05.10 19:00,2032.58,2033.12,2029.61,2031.40
2023.05.10 20:00,2031.38,2032.04,2029.50,2030.56
2023.05.10 23:00,2031.39,2032.54,2031.15,2031.90
2023.05.11 00:00,2031.88,2035.87,2031.68,2035.74
2023.05.11 01:00,2035.80,2036.95,2033.33,2034.09
2023.05.11 02:00,2034.04,2034.61,2031.62,2032.66
2023.05.11 03:00,2032.62,2034.22,2032.26,2032.84
2023.05.11 04:00,2032.82,2032.97,2030.49,2031.52
2023.05.11 05:00,2031.53,2033.61,2030.46,2032.72
2023.05.11 06:00,2032.70,2033.26,2027.72,2027.85
2023.05.11 07:00,2027.90,2028.85,2022.20,2025.64
2023.05.11 08:00,2025.49,2025.56,2021.89,2022.51
2023.05.11 09:00,2022.54,2028.01,2021.66,2026.88
2023.05.11 10:00,2026.74,2029.44,2026.24,2029.12
2023.05.11 11:00,2029.18,2039.12,2028.66,2036.78
2023.05.11 12:00,2036.92,2041.18,2028.42,2037.52
2023.05.11 13:00,2037.52,2038.20,2011.07,2012.89
2023.05.11 14:00,2012.81,2022.12,2012.40,2021.27
2023.05.11 15:00,2021.24,2021.93,2013.12,2013.52
2023.05.11 16:00,2013.49,2018.30,2012.82,2015.68
2023.05.11 17:00,2015.66,2017.62,2013.51,2013.95
2023.05.11 18:00,2013.93,2015.19,2013.40,2014.43
2023.05.11 19:00,2014.44,2016.60,2013.47,2014.18
2023.05.11 20:00,2014.20,2015.07,2013.73,2014.76
2023.05.11 23:00,2015.87,2016.59,2015.25,2016.33
2023.05.12 00:00,2016.34,2017.51,2014.88,2015.82
2023.05.12 01:00,2015.82,2016.29,2010.68,2012.00
2023.05.12 02:00,2012.00,2012.72,2008.60,2010.72
2023.05.12 03:00,2010.72,2012.29,2009.91,2011.51
2023.05.12 04:00,2011.52,2012.32,2010.89,2011.82
2023.05.12 05:00,2011.82,2012.05,2008.11,2009.50
2023.05.12 06:00,2009.56,2011.61,2005.60,2009.65
2023.05.12 07:00,2009.90,2012.60,2007.99,2008.77
2023.05.12 08:00,2008.80,2009.73,2005.48,2006.63
2023.05.12 09:00,2006.58,2007.08,2000.83,2002.70
2023.05.12 10:00,2002.76,2007.68,2002.55,2006.06
2023.05.12 11:00,2006.15,2006.15,2002.59,2004.75
2023.05.12 12:00,2004.77,2015.78,2003.45,2014.12
2023.05.12 13:00,2014.12,2022.54,2012.79,2020.05
2023.05.12 14:00,2020.07,2021.35,2010.04,2011.24
2023.05.12 15:00,2011.24,2012.33,2008.92,2009.46
2023.05.12 16:00,2009.38,2013.61,2008.30,2013.60
2023.05.12 17:00,2013.56,2016.41,2013.27,2014.52
2023.05.12 18:00,2014.49,2015.59,2013.83,2014.33
2023.05.12 19:00,2014.33,2014.62,2010.68,2010.86
2023.05.12 20:00,2010.90,2011.44,2010.38,2010.70
2023.05.14 23:00,2010.91,2010.98,2009.30,2009.55
2023.05.15 00:00,2009.47,2012.06,2008.67,2012.00
2023.05.15 01:00,2012.06,2018.77,2012.06,2017.52
2023.05.15 02:00,2017.53,2017.72,2013.28,2013.53
2023.05.15 03:00,2013.48,2014.97,2013.17,2013.98
2023.05.15 04:00,2013.96,2014.69,2013.44,2014.16
2023.05.15 05:00,2014.16,2019.20,2013.17,2016.84
2023.05.15 06:00,2016.80,2017.04,2013.85,2016.49
2023.05.15 07:00,2016.41,2020.04,2016.40,2018.35
2023.05.15 08:00,2018.35,2020.86,2017.19,2017.36
2023.05.15 09:00,2017.36,2017.80,2015.01,2016.36
2023.05.15 10:00,2016.34,2016.85,2014.26,2014.65
2023.05.15 11:00,2014.66,2015.78,2011.88,2013.07
2023.05.15 12:00,2013.09,2019.23,2011.49,2017.09
2023.05.15 13:00,2017.08,2022.15,2014.40,2020.82
2023.05.15 14:00,2020.81,2021.20,2013.34,2015.27
2023.05.15 15:00,2015.25,2018.48,2014.20,2017.72
2023.05.15 16:00,2017.73,2020.34,2017.12,2020.20
2023.05.15 17:00,2020.22,2021.40,2016.81,2018.06
2023.05.15 18:00,2018.13,2018.27,2014.65,2014.79
2023.05.15 19:00,2014.79,2015.85,2014.38,2015.01
2023.05.15 20:00,2015.12,2016.33,2015.12,2016.20
2023.05.15 23:00,2015.94,2015.94,2013.70,2014.40
2023.05.16 00:00,2014.43,2015.72,2014.17,2015.64
2023.05.16 01:00,2015.63,2018.29,2015.30,2017.59
2023.05.16 02:00,2017.59,2017.59,2014.70,2016.96
2023.05.16 03:00,2016.97,2018.15,2016.42,2016.90
2023.05.16 04:00,2016.86,2016.86,2015.92,2016.20
2023.05.16 05:00,2016.13,2017.65,2012.38,2012.68
2023.05.16 06:00,2012.85,2013.05,2002.53,2007.11
2023.05.16 07:00,2007.13,2010.31,2005.93,2009.97
2023.05.16 08:00,2009.94,2010.30,2008.83,2010.13
2023.05.16 09:00,2010.14,2010.21,2008.81,2009.53
2023.05.16 10:00,2009.50,2010.16,2007.52,2008.21
2023.05.16 11:00,2008.22,2009.30,2005.13,2005.50
2023.05.16 12:00,2005.52,2014.84,2001.08,2012.03
2023.05.16 13:00,2011.94,2012.36,2007.03,2007.55
2023.05.16 14:00,2007.57,2008.46,2001.94,2003.28
2023.05.16 15:00,2003.22,2003.78,1994.58,1995.92
2023.05.16 16:00,1995.90,1997.04,1987.48,1987.58
2023.05.16 17:00,1987.57,1990.07,1985.45,1986.78
2023.05.16 18:00,1986.89,1991.18,1986.89,1990.70
2023.05.16 19:00,1990.77,1991.18,1989.43,1989.87
2023.05.16 20:00,1989.88,1991.13,1988.53,1989.00
2023.05.16 23:00,1989.97,1989.97,1988.85,1989.70
2023.05.17 00:00,1989.73,1992.98,1989.72,1992.05
2023.05.17 01:00,1992.04,1993.00,1989.77,1992.62
2023.05.17 02:00,1992.55,1993.05,1990.74,1992.70
2023.05.17 03:00,1992.68,1992.75,1991.14,1991.29
2023.05.17 04:00,1991.35,1992.11,1990.75,1991.41
2023.05.17 05:00,1991.43,1991.77,1987.68,1987.84
2023.05.17 06:00,1987.84,1989.54,1986.62,1988.73
2023.05.17 07:00,1988.74,1990.58,1987.54,1987.66
2023.05.17 08:00,1987.66,1989.13,1985.91,1986.16
2023.05.17 09:00,1986.13,1986.14,1983.81,1983.95
2023.05.17 10:00,1984.00,1988.86,1983.68,1988.11
2023.05.17 11:00,1988.13,1988.67,1986.48,1987.42
2023.05.17 12:00,1987.42,1987.91,1981.72,1985.19
2023.05.17 13:00,1985.16,1988.36,1976.92,1978.13
2023.05.17 14:00,1978.11,1984.89,1974.96,1981.98
2023.05.17 15:00,1982.01,1982.38,1978.59,1979.41
2023.05.17 16:00,1979.36,1983.39,1979.09,1982.87
2023.05.17 17:00,1982.86,1983.47,1979.41,1980.56
2023.05.17 18:00,1980.57,1983.51,1980.10,1982.94
2023.05.17 19:00,1982.94,1983.52,1981.14,1981.98
2023.05.17 20:00,1981.88,1982.14,1980.66,1981.60
2023.05.17 23:00,1983.01,1983.52,1982.43,1982.74
2023.05.18 00:00,1982.77,1983.66,1981.95,1983.47
2023.05.18 01:00,1983.40,1985.24,1982.40,1985.08
2023.05.18 02:00,1985.11,1985.92,1983.57,1984.21
2023.05.18 03:00,1984.18,1984.46,1981.35,1982.26
2023.05.18 04:00,1982.51,1982.76,1979.46,1979.86
2023.05.18 05:00,1979.88,1979.91,1977.50,1978.14
2023.05.18 06:00,1978.17,1981.50,1977.20,1977.31
2023.05.18 07:00,1977.31,1979.38,1973.52,1974.49
2023.05.18 08:00,1974.53,1976.17,1972.10,1975.36
2023.05.18 09:00,1975.34,1978.00,1975.17,1977.36
2023.05.18 10:00,1977.36,1978.89,1976.54,1976.97
2023.05.18 11:00,1977.00,1977.00,1973.92,1974.93
2023.05.18 12:00,1974.95,1976.15,1967.86,1968.79
2023.05.18 13:00,1968.79,1969.99,1956.56,1959.98
2023.05.18 14:00,1959.92,1962.05,1954.38,1955.32
2023.05.18 15:00,1955.35,1956.81,1951.92,1956.03
2023.05.18 16:00,1956.03,1957.86,1954.14,1955.63
2023.05.18 17:00,1955.66,1958.53,1953.95,1958.51
2023.05.18 18:00,1958.51,1958.95,1955.49,1956.28
2023.05.18 19:00,1956.31,1957.71,1955.17,1957.24
2023.05.18 20:00,1957.29,1957.64,1956.87,1957.24
2023.05.18 23:00,1958.57,1959.21,1957.96,1958.38
2023.05.19 00:00,1958.43,1959.74,1957.09,1957.67
2023.05.19 01:00,1957.70,1960.38,1953.97,1957.15
2023.05.19 02:00,1957.13,1963.25,1955.92,1962.80
2023.05.19 03:00,1962.80,1963.65,1961.99,1963.25
2023.05.19 04:00,1963.26,1964.03,1961.86,1962.54
2023.05.19 05:00,1962.41,1963.89,1960.60,1962.71
2023.05.19 06:00,1962.68,1968.66,1961.59,1964.44
2023.05.19 07:00,1964.37,1967.89,1964.29,1966.93
2023.05.19 08:00,1966.92,1967.37,1964.35,1964.62
2023.05.19 09:00,1964.66,1968.19,1964.33,1967.65
2023.05.19 10:00,1967.72,1967.92,1963.44,1965.63
2023.05.19 11:00,1965.60,1965.91,1962.43,1964.63
2023.05.19 12:00,1964.63,1965.68,1961.24,1961.77
2023.05.19 13:00,1961.75,1964.78,1959.13,1962.34
2023.05.19 14:00,1962.38,1963.25,1958.49,1959.88
2023.05.19 15:00,1959.85,1985.12,1959.38,1975.68
2023.05.19 16:00,1975.78,1980.23,1974.10,1979.37
2023.05.19 17:00,1979.38,1984.20,1978.24,1983.93
2023.05.19 18:00,1983.94,1984.15,1977.78,1977.93
2023.05.19 19:00,1977.88,1978.36,1975.16,1977.07
2023.05.19 20:00,1977.06,1978.69,1976.47,1978.50
2023.05.21 23:00,1981.13,1982.45,1980.21,1981.81
2023.05.22 00:00,1981.86,1982.29,1979.35,1981.96
2023.05.22 01:00,1982.09,1983.26,1979.34,1981.26
2023.05.22 02:00,1981.27,1981.28,1977.23,1979.15
2023.05.22 03:00,1979.13,1980.13,1977.63,1978.86
2023.05.22 04:00,1978.89,1979.73,1976.95,1977.27
2023.05.22 05:00,1977.27,1977.36,1973.28,1974.03
2023.05.22 06:00,1974.02,1977.80,1972.16,1977.23
2023.05.22 07:00,1977.23,1979.65,1975.32,1977.79
2023.05.22 08:00,1977.80,1981.74,1976.17,1981.65
2023.05.22 09:00,1981.66,1983.84,1980.53,1980.97
2023.05.22 10:00,1980.95,1982.70,1978.90,1979.38
2023.05.22 11:00,1979.42,1980.10,1970.83,1974.04
2023.05.22 12:00,1974.04,1979.66,1973.70,1976.61
2023.05.22 13:00,1976.63,1977.11,1972.39,1972.67
2023.05.22 14:00,1972.63,1979.73,1969.93,1974.48
2023.05.22 15:00,1974.44,1975.66,1971.93,1973.57
2023.05.22 16:00,1973.57,1976.59,1973.51,1975.61
2023.05.22 17:00,1975.62,1979.97,1975.12,1976.02
2023.05.22 18:00,1976.05,1976.90,1973.50,1974.11
2023.05.22 19:00,1974.15,1974.89,1972.78,1973.19
2023.05.22 20:00,1973.15,1973.67,1971.51,1971.68
2023.05.22 23:00,1971.20,1971.57,1969.56,1969.74
2023.05.23 00:00,1969.79,1971.69,1966.74,1967.30
2023.05.23 01:00,1967.31,1968.48,1960.30,1960.33
2023.05.23 02:00,1960.33,1964.26,1960.22,1963.71
2023.05.23 03:00,1963.73,1964.06,1960.34,1962.66
2023.05.23 04:00,1962.64,1964.40,1962.43,1963.26
2023.05.23 05:00,1963.28,1963.64,1959.53,1961.00
2023.05.23 06:00,1961.01,1964.53,1959.46,1962.36
2023.05.23 07:00,1962.34,1962.37,1955.38,1957.24
2023.05.23 08:00,1957.21,1960.61,1954.18,1959.87
2023.05.23 09:00,1959.86,1961.36,1956.83,1956.99
2023.05.23 10:00,1956.97,1958.88,1954.49,1958.26
2023.05.23 11:00,1958.32,1960.08,1957.25,1958.85
2023.05.23 12:00,1958.86,1962.62,1957.68,1958.80
2023.05.23 13:00,1958.82,1972.21,1958.82,1968.44
2023.05.23 14:00,1968.49,1972.23,1965.31,1967.56
2023.05.23 15:00,1967.56,1967.75,1963.11,1966.13
2023.05.23 16:00,1966.14,1973.41,1965.07,1971.88
2023.05.23 17:00,1972.03,1973.89,1970.26,1973.76
2023.05.23 18:00,1973.75,1976.47,1972.72,1974.98
2023.05.23 19:00,1975.00,1975.18,1973.20,1973.58
2023.05.23 20:00,1973.61,1974.03,1973.04,1973.69
2023.05.23 23:00,1975.59,1976.06,1973.44,1973.70
2023.05.24 00:00,1973.76,1975.78,1973.30,1973.83
2023.05.24 01:00,1973.83,1974.82,1971.74,1972.71
2023.05.24 02:00,1972.50,1973.71,1971.58,1972.03
2023.05.24 03:00,1971.99,1975.31,1971.52,1975.31
2023.05.24 04:00,1975.31,1977.42,1975.01,1976.39
2023.05.24 05:00,1976.45,1979.30,1975.70,1978.21
2023.05.24 06:00,1978.25,1978.56,1969.90,1970.61
2023.05.24 07:00,1970.64,1975.12,1969.41,1972.74
2023.05.24 08:00,1972.78,1976.45,1972.27,1974.98
2023.05.24 09:00,1975.00,1975.86,1972.62,1974.82
2023.05.24 10:00,1974.81,1976.06,1972.84,1975.38
2023.05.24 11:00,1975.42,1980.81,1974.93,1980.70
2023.05.24 12:00,1980.67,1984.01,1977.18,1978.67
2023.05.24 13:00,1978.70,1979.64,1970.29,1971.40
2023.05.24 14:00,1971.39,1971.67,1965.36,1968.28
2023.05.24 15:00,1968.24,1969.36,1959.20,1966.57
2023.05.24 16:00,1966.65,1976.30,1958.07,1959.06
2023.05.24 17:00,1959.09,1964.36,1958.32,1962.54
2023.05.24 18:00,1962.61,1965.18,1959.49,1959.77
2023.05.24 19:00,1959.85,1961.12,1958.00,1958.92
2023.05.24 20:00,1958.92,1960.03,1957.01,1957.11
2023.05.24 23:00,1961.04,1961.04,1957.99,1959.78
2023.05.25 00:00,1959.81,1960.09,1957.64,1959.32
2023.05.25 01:00,1959.32,1960.09,1954.94,1956.47
2023.05.25 02:00,1956.46,1958.77,1955.61,1957.57
2023.05.25 03:00,1957.57,1958.82,1956.87,1957.20
2023.05.25 04:00,1957.17,1958.09,1956.28,1957.84
2023.05.25 05:00,1957.79,1958.48,1954.75,1955.95
2023.05.25 06:00,1955.91,1960.47,1954.84,1958.97
2023.05.25 07:00,1959.02,1961.37,1957.47,1959.41
2023.05.25 08:00,1959.43,1964.71,1959.23,1962.02
2023.05.25 09:00,1962.01,1963.93,1960.45,1961.00
2023.05.25 10:00,1961.03,1962.83,1960.88,1961.86
2023.05.25 11:00,1961.90,1962.51,1959.97,1961.94
2023.05.25 12:00,1962.00,1963.04,1939.19,1943.61
2023.05.25 13:00,1943.60,1953.97,1943.37,1946.58
2023.05.25 14:00,1946.62,1951.66,1944.10,1945.30
2023.05.25 15:00,1945.27,1946.93,1943.27,1945.39
2023.05.25 16:00,1945.42,1946.91,1942.91,1943.59
2023.05.25 17:00,1943.60,1945.01,1942.65,1944.48
2023.05.25 18:00,1944.46,1944.46,1941.77,1942.14
2023.05.25 19:00,1942.13,1942.30,1938.79,1940.09
2023.05.25 20:00,1939.96,1940.91,1939.75,1940.79
2023.05.25 23:00,1942.15,1942.15,1939.33,1940.49
2023.05.26 00:00,1940.53,1941.62,1936.66,1940.84
2023.05.26 01:00,1940.94,1946.84,1940.26,1946.75
2023.05.26 02:00,1946.75,1948.81,1945.80,1945.90
2023.05.26 03:00,1945.85,1948.73,1944.93,1948.41
2023.05.26 04:00,1948.43,1948.95,1947.05,1947.91
2023.05.26 05:00,1947.94,1951.74,1947.43,1948.61
2023.05.26 06:00,1948.59,1952.43,1946.90,1951.67
2023.05.26 07:00,1951.59,1957.23,1950.30,1956.20
2023.05.26 08:00,1956.14,1956.71,1951.37,1952.50
2023.05.26 09:00,1952.51,1954.14,1951.73,1953.59
2023.05.26 10:00,1953.58,1953.92,1951.88,1953.40
2023.05.26 11:00,1953.43,1953.77,1950.98,1951.42
2023.05.26 12:00,1951.40,1953.86,1944.21,1947.30
2023.05.26 13:00,1947.29,1950.43,1946.12,1946.90
2023.05.26 14:00,1946.87,1951.81,1938.78,1942.08
2023.05.26 15:00,1942.09,1943.69,1938.76,1943.49
2023.05.26 16:00,1943.45,1946.57,1942.76,1944.07
2023.05.26 17:00,1944.07,1945.33,1943.00,1944.85
2023.05.26 18:00,1944.86,1946.97,1944.55,1946.13
2023.05.26 19:00,1946.18,1947.54,1944.76,1947.34
2023.05.26 20:00,1947.34,1947.49,1946.07,1946.29
2023.05.28 23:00,1944.03,1944.68,1943.24,1943.65
2023.05.29 00:00,1943.63,1943.99,1940.97,1941.58
2023.05.29 01:00,1941.58,1946.19,1940.22,1943.18
2023.05.29 02:00,1943.24,1945.16,1942.60,1945.06
2023.05.29 03:00,1945.04,1945.89,1944.56,1945.60
2023.05.29 04:00,1945.62,1946.10,1945.21,1945.74
2023.05.29 05:00,1945.80,1947.04,1945.04,1946.92
2023.05.29 06:00,1946.92,1948.93,1946.24,1946.62
2023.05.29 07:00,1946.64,1947.20,1943.81,1944.24
2023.05.29 08:00,1944.26,1945.46,1940.76,1945.30
2023.05.29 09:00,1945.26,1946.21,1944.31,1945.86
2023.05.29 10:00,1945.87,1945.95,1944.21,1945.52
2023.05.29 11:00,1945.57,1946.65,1945.01,1946.35
2023.05.29 12:00,1946.39,1949.71,1944.81,1948.84
2023.05.29 13:00,1948.86,1949.65,1945.07,1946.64
2023.05.29 14:00,1946.68,1948.27,1946.19,1947.04
2023.05.29 15:00,1946.98,1947.62,1945.82,1945.94
2023.05.29 16:00,1945.94,1945.94,1943.17,1943.54
2023.05.29 17:00,1943.52,1944.08,1942.76,1943.47
2023.05.29 18:00,1943.47,1943.66,1942.81,1943.19
2023.05.29 19:00,1943.19,1943.19,1943.19,1943.19
2023.05.29 23:00,1942.89,1943.00,1941.21,1941.49
2023.05.30 00:00,1941.52,1943.23,1940.98,1942.70
2023.05.30 01:00,1942.72,1945.07,1942.64,1944.98
2023.05.30 02:00,1944.99,1946.62,1944.69,1945.32
2023.05.30 03:00,1945.32,1945.63,1939.26,1939.39
2023.05.30 04:00,1939.36,1940.83,1937.87,1938.95
2023.05.30 05:00,1938.96,1939.09,1932.04,1933.35
2023.05.30 06:00,1933.34,1937.55,1932.08,1936.91
2023.05.30 07:00,1936.91,1942.33,1934.78,1942.33
2023.05.30 08:00,1942.30,1946.91,1941.55,1944.94
2023.05.30 09:00,1944.94,1952.95,1942.33,1952.84
2023.05.30 10:00,1952.86,1956.25,1952.25,1955.37
2023.05.30 11:00,1955.40,1960.74,1954.30,1960.16
2023.05.30 12:00,1960.20,1962.42,1956.37,1956.63
2023.05.30 13:00,1956.64,1958.44,1952.60,1952.93
2023.05.30 14:00,1952.93,1960.05,1951.12,1958.71
2023.05.30 15:00,1958.69,1962.29,1957.90,1962.29
2023.05.30 16:00,1962.25,1963.76,1959.97,1960.06
2023.05.30 17:00,1960.00,1960.16,1958.02,1958.85
2023.05.30 18:00,1958.80,1959.99,1957.96,1958.62
2023.05.30 19:00,1958.65,1961.02,1957.99,1960.36
2023.05.30 20:00,1960.22,1960.22,1959.05,1959.37
2023.05.30 23:00,1958.81,1959.67,1958.62,1958.78
2023.05.31 00:00,1958.80,1960.24,1957.60,1959.87
2023.05.31 01:00,1959.87,1960.73,1954.94,1955.02
2023.05.31 02:00,1955.05,1957.36,1953.85,1956.33
2023.05.31 03:00,1956.39,1959.02,1956.04,1958.28
2023.05.31 04:00,1958.26,1960.34,1957.97,1960.27
2023.05.31 05:00,1960.30,1965.51,1958.26,1964.53
2023.05.31 06:00,1964.56,1965.13,1960.24,1960.58
2023.05.31 07:00,1960.49,1960.49,1956.16,1956.61
2023.05.31 08:00,1956.63,1960.37,1955.25,1955.28
2023.05.31 09:00,1955.13,1960.06,1954.93,1958.67
2023.05.31 10:00,1958.67,1959.17,1954.83,1957.21
2023.05.31 11:00,1957.20,1961.02,1956.97,1960.60
2023.05.31 12:00,1960.60,1963.55,1960.22,1962.72
2023.05.31 13:00,1962.72,1973.61,1961.65,1969.68
2023.05.31 14:00,1969.71,1974.74,1960.49,1969.88
2023.05.31 15:00,1969.90,1973.44,1968.61,1968.61
2023.05.31 16:00,1968.63,1969.27,1963.75,1965.24
2023.05.31 17:00,1965.18,1968.67,1963.04,1966.22
2023.05.31 18:00,1966.23,1967.55,1964.26,1964.59
2023.05.31 19:00,1964.56,1964.98,1962.62,1963.07
2023.05.31 20:00,1963.05,1963.66,1962.35,1962.50
2023.05.31 23:00,1966.44,1966.95,1965.64,1966.29
2023.06.01 00:00,1966.30,1967.45,1964.94,1965.88
2023.06.01 01:00,1965.89,1967.49,1962.08,1965.55
2023.06.01 02:00,1965.60,1965.69,1963.15,1964.44
2023.06.01 03:00,1964.43,1966.14,1963.81,1964.25
2023.06.01 04:00,1964.25,1965.00,1963.34,1963.98
2023.06.01 05:00,1963.98,1965.84,1962.54,1962.75
2023.06.01 06:00,1962.89,1963.19,1960.49,1961.56
2023.06.01 07:00,1961.56,1961.71,1955.09,1955.52
2023.06.01 08:00,1955.52,1956.77,1953.35,1955.89
2023.06.01 09:00,1955.91,1960.68,1955.31,1960.09
2023.06.01 10:00,1960.10,1967.03,1959.94,1966.47
2023.06.01 11:00,1966.52,1968.42,1966.24,1967.85
2023.06.01 12:00,1967.87,1968.43,1958.62,1968.40
2023.06.01 13:00,1968.44,1974.49,1966.06,1973.21
2023.06.01 14:00,1973.48,1977.42,1969.81,1976.33
2023.06.01 15:00,1976.33,1983.12,1975.50,1982.10
2023.06.01 16:00,1982.12,1982.68,1978.45,1978.46
2023.06.01 17:00,1978.39,1978.42,1976.18,1978.09
2023.06.01 18:00,1978.11,1978.81,1975.65,1976.11
2023.06.01 19:00,1976.10,1978.31,1976.09,1978.07
2023.06.01 20:00,1978.03,1978.38,1977.32,1977.38
2023.06.01 23:00,1977.27,1977.45,1975.87,1977.04
2023.06.02 00:00,1977.06,1977.51,1975.52,1975.77
2023.06.02 01:00,1975.85,1978.63,1974.03,1977.31
2023.06.02 02:00,1977.32,1980.73,1977.00,1980.44
2023.06.02 03:00,1980.44,1983.39,1980.17,1982.47
2023.06.02 04:00,1982.47,1982.86,1979.34,1979.70
2023.06.02 05:00,1979.66,1981.89,1978.26,1980.51
2023.06.02 06:00,1980.69,1981.01,1976.97,1978.45
2023.06.02 07:00,1978.40,1978.85,1975.80,1976.04
2023.06.02 08:00,1976.00,1979.82,1975.03,1979.13
2023.06.02 09:00,1979.08,1981.14,1978.16,1980.50
2023.06.02 10:00,1980.45,1980.87,1978.19,1978.57
2023.06.02 11:00,1978.64,1980.80,1977.89,1978.83
2023.06.02 12:00,1978.86,1980.18,1968.61,1970.97
2023.06.02 13:00,1970.93,1976.63,1961.88,1963.52
2023.06.02 14:00,1963.45,1967.21,1961.02,1965.04
2023.06.02 15:00,1964.97,1965.48,1961.19,1962.07
2023.06.02 16:00,1962.06,1962.22,1952.19,1952.23
2023.06.02 17:00,1952.25,1953.82,1951.30,1951.92
2023.06.02 18:00,1951.97,1952.03,1950.09,1951.06
2023.06.02 19:00,1951.12,1951.17,1948.00,1948.64
2023.06.02 20:00,1948.67,1948.98,1947.45,1948.10
2023.06.04 23:00,1948.80,1949.93,1947.30,1949.39
2023.06.05 00:00,1949.43,1949.49,1945.59,1946.43
2023.06.05 01:00,1946.54,1948.31,1945.76,1947.47
2023.06.05 02:00,1947.45,1948.26,1943.94,1944.94
2023.06.05 03:00,1944.94,1947.47,1944.28,1947.08
2023.06.05 04:00,1947.05,1947.36,1944.85,1946.04
2023.06.05 05:00,1946.05,1946.61,1942.90,1944.90
2023.06.05 06:00,1944.83,1945.37,1941.89,1942.92
2023.06.05 07:00,1942.87,1943.95,1938.46,1939.88
2023.06.05 08:00,1939.86,1943.82,1938.58,1942.34
2023.06.05 09:00,1942.35,1945.89,1940.20,1944.73
2023.06.05 10:00,1944.83,1945.76,1942.12,1943.50
2023.06.05 11:00,1943.48,1944.18,1938.25,1942.31
2023.06.05 12:00,1942.30,1943.42,1938.11,1942.98
2023.06.05 13:00,1942.86,1948.69,1942.74,1946.51
2023.06.05 14:00,1946.81,1961.94,1946.81,1957.59
2023.06.05 15:00,1957.62,1959.60,1955.63,1958.17
2023.06.05 16:00,1958.18,1961.13,1957.14,1958.27
2023.06.05 17:00,1958.29,1960.96,1957.34,1960.32
2023.06.05 18:00,1960.33,1962.61,1960.08,1960.68
2023.06.05 19:00,1960.65,1964.02,1960.65,1961.03
2023.06.05 20:00,1961.11,1961.91,1960.95,1961.63
2023.06.05 23:00,1962.40,1963.12,1960.92,1961.22
2023.06.06 00:00,1961.22,1961.75,1960.53,1961.10
2023.06.06 01:00,1961.14,1961.39,1959.05,1960.49
2023.06.06 02:00,1960.49,1964.55,1959.55,1960.94
2023.06.06 03:00,1960.95,1961.06,1958.99,1959.26
2023.06.06 04:00,1959.25,1961.23,1958.98,1961.22
2023.06.06 05:00,1961.25,1962.74,1957.89,1957.92
2023.06.06 06:00,1957.88,1961.49,1957.72,1959.34
2023.06.06 07:00,1959.33,1960.89,1956.83,1957.53
2023.06.06 08:00,1957.53,1961.34,1957.26,1960.17
2023.06.06 09:00,1960.21,1963.43,1960.14,1962.24
2023.06.06 10:00,1962.34,1964.95,1961.97,1963.48
2023.06.06 11:00,1963.49,1964.92,1962.82,1962.85
2023.06.06 12:00,1962.82,1966.33,1959.89,1961.85
2023.06.06 13:00,1961.83,1964.70,1954.35,1957.22
2023.06.06 14:00,1957.26,1962.57,1956.64,1960.05
2023.06.06 15:00,1960.07,1964.40,1958.57,1963.47
2023.06.06 16:00,1963.48,1966.37,1961.01,1963.64
2023.06.06 17:00,1963.63,1966.14,1962.99,1964.49
2023.06.06 18:00,1964.48,1965.11,1963.01,1963.30
2023.06.06 19:00,1963.28,1963.47,1962.30,1962.89
2023.06.06 20:00,1962.93,1963.54,1962.47,1963.09
2023.06.06 23:00,1963.64,1964.24,1962.71,1963.35
2023.06.07 00:00,1963.33,1965.08,1963.21,1964.87
2023.06.07 01:00,1964.90,1966.60,1964.23,1964.88
2023.06.07 02:00,1964.90,1965.44,1963.08,1964.59
2023.06.07 03:00,1964.54,1964.61,1962.84,1963.40
2023.06.07 04:00,1963.42,1964.55,1963.27,1964.50
2023.06.07 05:00,1964.49,1964.93,1962.68,1963.12
2023.06.07 06:00,1963.18,1964.06,1957.02,1957.56
2023.06.07 07:00,1957.50,1957.93,1954.91,1956.18
2023.06.07 08:00,1956.16,1961.62,1955.78,1961.57
2023.06.07 09:00,1961.63,1964.54,1961.36,1964.39
2023.06.07 10:00,1964.55,1966.35,1962.36,1962.68
2023.06.07 11:00,1962.73,1965.17,1960.84,1961.30
2023.06.07 12:00,1961.29,1961.33,1957.16,1958.62
2023.06.07 13:00,1958.59,1970.19,1958.07,1969.60
2023.06.07 14:00,1969.62,1969.74,1956.47,1957.73
2023.06.07 15:00,1957.71,1958.73,1946.36,1947.12
2023.06.07 16:00,1947.10,1947.67,1940.91,1942.14
2023.06.07 17:00,1942.19,1946.55,1940.91,1944.50
2023.06.07 18:00,1944.51,1944.81,1941.99,1942.75
2023.06.07 19:00,1942.76,1943.14,1940.08,1940.12
2023.06.07 20:00,1940.09,1941.58,1939.65,1939.84
2023.06.07 23:00,1942.28,1945.31,1941.61,1944.48
2023.06.08 00:00,1944.49,1946.31,1944.27,1946.16
2023.06.08 01:00,1946.18,1946.67,1944.42,1945.89
2023.06.08 02:00,1945.90,1947.00,1944.42,1946.30
2023.06.08 03:00,1946.27,1947.09,1945.76,1946.34
2023.06.08 04:00,1946.35,1947.27,1945.62,1946.59
2023.06.08 05:00,1946.59,1947.85,1945.70,1945.95
2023.06.08 06:00,1945.94,1947.15,1942.76,1944.76
2023.06.08 07:00,1944.73,1948.13,1944.29,1947.27
2023.06.08 08:00,1947.29,1949.13,1946.63,1948.32
2023.06.08 09:00,1948.33,1948.66,1945.63,1946.43
2023.06.08 10:00,1946.47,1947.98,1945.85,1946.66
2023.06.08 11:00,1946.71,1947.85,1944.84,1946.66
2023.06.08 12:00,1946.72,1959.86,1946.18,1959.30
2023.06.08 13:00,1959.29,1968.33,1957.13,1966.44
2023.06.08 14:00,1966.53,1970.28,1964.96,1967.09
2023.06.08 15:00,1967.13,1968.49,1965.51,1966.68
2023.06.08 16:00,1966.71,1969.07,1965.31,1966.19
2023.06.08 17:00,1965.99,1966.51,1961.63,1963.72
2023.06.08 18:00,1963.72,1965.18,1962.72,1964.98
2023.06.08 19:00,1965.04,1965.31,1963.08,1964.82
2023.06.08 20:00,1964.80,1965.88,1964.66,1964.96
2023.06.08 23:00,1965.93,1966.07,1964.98,1965.20
2023.06.09 00:00,1965.20,1965.36,1963.22,1963.25
2023.06.09 01:00,1963.25,1965.54,1963.07,1964.36
2023.06.09 02:00,1964.23,1964.53,1963.29,1964.06
2023.06.09 03:00,1964.07,1964.77,1963.48,1963.63
2023.06.09 04:00,1963.68,1964.04,1962.23,1962.96
2023.06.09 05:00,1962.99,1965.24,1962.46,1964.61
2023.06.09 06:00,1964.58,1965.91,1963.89,1965.45
2023.06.09 07:00,1965.34,1965.48,1962.60,1963.02
2023.06.09 08:00,1963.04,1963.15,1960.50,1962.01
2023.06.09 09:00,1962.01,1963.61,1961.51,1961.72
2023.06.09 10:00,1961.71,1964.86,1961.43,1963.46
2023.06.09 11:00,1963.51,1966.81,1962.95,1966.38
2023.06.09 12:00,1966.35,1972.74,1961.90,1962.75
2023.06.09 13:00,1962.73,1964.95,1956.47,1961.49
2023.06.09 14:00,1961.39,1967.94,1960.11,1963.25
2023.06.09 15:00,1963.22,1965.32,1960.66,1962.06
2023.06.09 16:00,1962.03,1962.70,1960.72,1961.25
2023.06.09 17:00,1961.21,1962.85,1960.44,1961.59
2023.06.09 18:00,1961.62,1962.80,1960.88,1961.51
2023.06.09 19:00,1961.52,1961.95,1959.64,1960.09
2023.06.09 20:00,1960.10,1961.10,1960.00,1960.75
2023.06.11 23:00,1958.94,1960.52,1957.95,1959.97
2023.06.12 00:00,1959.92,1960.47,1958.04,1958.31
2023.06.12 01:00,1958.27,1959.56,1955.43,1955.97
2023.06.12 02:00,1955.93,1956.23,1954.23,1956.00
2023.06.12 03:00,1955.97,1958.70,1955.27,1958.45
2023.06.12 04:00,1958.45,1958.45,1956.70,1956.99
2023.06.12 05:00,1956.97,1961.44,1956.52,1959.15
2023.06.12 06:00,1959.16,1962.11,1957.98,1960.35
2023.06.12 07:00,1960.35,1961.45,1958.71,1960.59
2023.06.12 08:00,1960.50,1965.36,1960.20,1964.81
2023.06.12 09:00,1964.84,1965.57,1963.56,1965.16
2023.06.12 10:00,1965.23,1966.93,1963.99,1964.12
2023.06.12 11:00,1964.08,1965.09,1961.70,1963.97
2023.06.12 12:00,1964.00,1965.89,1961.04,1962.81
2023.06.12 13:00,1962.84,1964.01,1949.12,1952.07
2023.06.12 14:00,1952.12,1954.86,1949.39,1954.24
2023.06.12 15:00,1954.23,1958.67,1953.83,1955.41
2023.06.12 16:00,1955.34,1956.20,1953.07,1954.16
2023.06.12 17:00,1954.12,1956.75,1953.12,1955.91
2023.06.12 18:00,1955.87,1957.91,1955.83,1956.58
2023.06.12 19:00,1956.66,1958.74,1955.70,1957.85
2023.06.12 20:00,1958.07,1958.63,1956.68,1957.42
2023.06.12 23:00,1958.28,1960.57,1958.25,1959.94
2023.06.13 00:00,1959.89,1960.93,1957.74,1957.89
2023.06.13 01:00,1957.82,1959.71,1956.11,1956.94
2023.06.13 02:00,1957.01,1959.35,1955.90,1958.99
2023.06.13 03:00,1959.00,1962.10,1958.33,1962.00
2023.06.13 04:00,1962.02,1962.14,1960.45,1960.89
2023.06.13 05:00,1960.88,1961.45,1958.25,1958.41
2023.06.13 06:00,1958.46,1963.37,1958.25,1962.45
2023.06.13 07:00,1962.43,1965.30,1962.08,1962.25
2023.06.13 08:00,1962.38,1964.75,1961.46,1964.12
2023.06.13 09:00,1964.19,1964.59,1962.66,1963.11
2023.06.13 10:00,1963.11,1966.00,1961.97,1965.85
2023.06.13 11:00,1965.93,1966.21,1963.47,1963.81
2023.06.13 12:00,1963.79,1970.74,1953.37,1961.36
2023.06.13 13:00,1961.33,1965.91,1953.59,1954.15
2023.06.13 14:00,1954.09,1955.78,1950.88,1952.58
2023.06.13 15:00,1952.52,1953.11,1942.02,1943.15
2023.06.13 16:00,1943.14,1947.10,1942.48,1944.98
2023.06.13 17:00,1944.98,1946.62,1941.19,1942.55
2023.06.13 18:00,1942.53,1943.74,1940.31,1940.56
2023.06.13 19:00,1940.50,1943.83,1940.01,1943.49
2023.06.13 20:00,1943.38,1944.52,1942.10,1943.73
2023.06.13 23:00,1944.10,1944.10,1942.07,1943.88
2023.06.14 00:00,1944.00,1945.61,1942.71,1944.46
2023.06.14 01:00,1944.46,1947.69,1944.08,1946.86
2023.06.14 02:00,1946.86,1947.92,1946.20,1947.56
2023.06.14 03:00,1947.49,1949.34,1946.82,1949.22
2023.06.14 04:00,1949.22,1949.45,1947.84,1948.76
2023.06.14 05:00,1948.76,1949.19,1946.08,1946.28
2023.06.14 06:00,1946.24,1947.78,1945.42,1946.28
2023.06.14 07:00,1946.11,1951.55,1945.26,1949.63
2023.06.14 08:00,1949.60,1950.93,1948.40,1949.85
2023.06.14 09:00,1949.85,1952.90,1949.84,1951.32
2023.06.14 10:00,1951.34,1951.46,1947.79,1947.83
2023.06.14 11:00,1947.79,1948.12,1945.75,1947.00
2023.06.14 12:00,1946.98,1960.19,1946.39,1957.16
2023.06.14 13:00,1957.08,1958.86,1954.98,1956.06
2023.06.14 14:00,1956.05,1959.27,1955.03,1957.89
2023.06.14 15:00,1957.89,1959.21,1955.52,1955.98
2023.06.14 16:00,1955.99,1957.43,1954.90,1955.08
2023.06.14 17:00,1955.09,1955.81,1953.32,1953.44
2023.06.14 18:00,1953.44,1953.57,1939.95,1949.96
2023.06.14 19:00,1949.96,1951.45,1943.53,1944.85
2023.06.14 20:00,1944.86,1946.18,1939.58,1941.78
2023.06.14 23:00,1943.93,1945.32,1942.76,1945.30
2023.06.15 00:00,1945.29,1945.29,1935.99,1939.24
2023.06.15 01:00,1939.18,1939.28,1932.78,1933.28
2023.06.15 02:00,1933.23,1936.06,1932.34,1935.19
2023.06.15 03:00,1935.14,1936.46,1934.17,1934.85
2023.06.15 04:00,1934.88,1935.61,1933.21,1934.45
2023.06.15 05:00,1934.45,1939.72,1930.71,1937.70
2023.06.15 06:00,1937.56,1937.60,1931.92,1932.59
2023.06.15 07:00,1932.65,1934.38,1928.84,1933.47
2023.06.15 08:00,1933.46,1934.56,1930.63,1931.64
2023.06.15 09:00,1931.77,1936.04,1931.07,1935.74
2023.06.15 10:00,1935.74,1936.70,1933.25,1933.72
2023.06.15 11:00,1933.80,1933.90,1927.88,1928.49
2023.06.15 12:00,1928.48,1933.69,1924.68,1933.40
2023.06.15 13:00,1933.41,1953.51,1933.29,1952.80
2023.06.15 14:00,1952.86,1959.70,1951.27,1953.13
2023.06.15 15:00,1953.18,1957.82,1951.89,1956.53
2023.06.15 16:00,1956.54,1960.16,1956.54,1959.54
2023.06.15 17:00,1959.53,1960.26,1957.63,1958.69
2023.06.15 18:00,1958.70,1959.44,1956.86,1957.52
2023.06.15 19:00,1957.53,1959.65,1957.44,1958.66
2023.06.15 20:00,1958.71,1958.90,1957.54,1957.85
2023.06.15 23:00,1958.54,1959.22,1958.13,1958.23
2023.06.16 00:00,1958.23,1959.43,1956.52,1956.80
2023.06.16 01:00,1956.87,1961.97,1956.46,1959.24
2023.06.16 02:00,1959.27,1959.36,1955.12,1955.43
2023.06.16 03:00,1955.39,1958.04,1955.29,1956.67
2023.06.16 04:00,1956.65,1956.65,1954.92,1955.37
2023.06.16 05:00,1955.41,1958.34,1954.64,1958.12
2023.06.16 06:00,1958.09,1963.30,1957.38,1960.89
2023.06.16 07:00,1960.89,1962.63,1959.16,1961.57
2023.06.16 08:00,1961.64,1963.98,1959.94,1963.14
2023.06.16 09:00,1963.14,1964.71,1963.14,1964.33
2023.06.16 10:00,1964.31,1965.53,1963.04,1964.85
2023.06.16 11:00,1964.93,1966.50,1963.87,1965.61
2023.06.16 12:00,1965.60,1967.86,1962.39,1962.59
2023.06.16 13:00,1962.58,1963.95,1956.43,1960.91
2023.06.16 14:00,1962.80,1966.03,1953.18,1960.27
2023.06.16 15:00,1960.25,1961.69,1955.20,1956.26
2023.06.16 16:00,1956.27,1956.89,1953.94,1955.26
2023.06.16 17:00,1955.25,1959.52,1955.18,1959.22
2023.06.16 18:00,1959.22,1959.78,1957.90,1958.64
2023.06.16 19:00,1958.65,1958.66,1955.39,1955.39
2023.06.16 20:00,1955.32,1958.04,1955.32,1957.55
2023.06.18 23:00,1958.03,1958.31,1956.20,1957.12
2023.06.19 00:00,1957.15,1958.59,1956.20,1956.67
2023.06.19 01:00,1956.73,1958.29,1955.61,1956.07
2023.06.19 02:00,1956.12,1956.53,1954.23,1955.46
2023.06.19 03:00,1955.46,1955.80,1953.89,1955.73
2023.06.19 04:00,1955.73,1957.14,1954.47,1956.93
2023.06.19 05:00,1956.99,1957.45,1954.05,1954.63
2023.06.19 06:00,1954.63,1955.80,1953.11,1954.26
2023.06.19 07:00,1954.30,1955.21,1952.67,1955.10
2023.06.19 08:00,1955.07,1958.77,1955.06,1956.47
2023.06.19 09:00,1956.47,1956.63,1950.11,1950.30
2023.06.19 10:00,1950.32,1950.98,1948.95,1949.72
2023.06.19 11:00,1949.78,1950.70,1948.27,1948.46
2023.06.19 12:00,1948.46,1952.25,1947.78,1952.19
2023.06.19 13:00,1952.24,1953.35,1951.20,1952.01
2023.06.19 14:00,1952.01,1953.17,1950.76,1952.64
2023.06.19 15:00,1952.67,1953.45,1950.50,1950.67
2023.06.19 16:00,1950.65,1951.87,1950.01,1950.20
2023.06.19 17:00,1950.19,1950.60,1949.49,1949.59
2023.06.19 18:00,1949.57,1950.56,1949.47,1950.36
2023.06.19 23:00,1952.17,1952.49,1950.94,1952.49
2023.06.20 00:00,1952.56,1952.97,1950.58,1951.06
2023.06.20 01:00,1951.06,1951.78,1945.05,1947.00
2023.06.20 02:00,1946.90,1950.85,1946.47,1950.01
2023.06.20 03:00,1949.99,1950.70,1949.22,1950.26
2023.06.20 04:00,1950.30,1951.30,1949.72,1949.89
2023.06.20 05:00,1949.87,1950.30,1946.82,1948.84
2023.06.20 06:00,1948.75,1953.81,1948.16,1951.23
2023.06.20 07:00,1951.24,1956.76,1951.24,1954.92
2023.06.20 08:00,1954.82,1955.59,1952.83,1953.30
2023.06.20 09:00,1953.38,1954.47,1952.12,1952.65
2023.06.20 10:00,1952.67,1953.02,1949.96,1951.50
2023.06.20 11:00,1951.49,1953.56,1950.45,1951.37
2023.06.20 12:00,1951.36,1954.56,1944.15,1944.75
2023.06.20 13:00,1944.75,1945.29,1930.88,1931.80
2023.06.20 14:00,1931.81,1936.13,1929.79,1934.98
2023.06.20 15:00,1934.95,1936.48,1933.28,1935.23
2023.06.20 16:00,1935.28,1938.01,1934.20,1937.55
2023.06.20 17:00,1937.56,1938.10,1936.10,1938.08
2023.06.20 18:00,1938.04,1938.31,1936.35,1938.19
2023.06.20 19:00,1938.19,1938.72,1935.89,1936.05
2023.06.20 20:00,1936.14,1936.82,1935.39,1936.19
2023.06.20 23:00,1936.63,1938.87,1936.28,1937.23
2023.06.21 00:00,1937.31,1938.22,1936.26,1936.79
2023.06.21 01:00,1936.77,1938.39,1935.97,1936.39
2023.06.21 02:00,1936.41,1939.47,1935.43,1937.19
2023.06.21 03:00,1937.20,1937.77,1936.46,1937.05
2023.06.21 04:00,1937.06,1937.36,1935.40,1935.83
2023.06.21 05:00,1935.84,1936.73,1934.17,1935.50
2023.06.21 06:00,1935.43,1935.52,1931.21,1934.97
2023.06.21 07:00,1934.95,1937.41,1933.83,1935.02
2023.06.21 08:00,1935.06,1935.91,1933.55,1934.52
2023.06.21 09:00,1934.57,1935.83,1932.06,1933.29
2023.06.21 10:00,1933.31,1935.62,1932.18,1934.33
2023.06.21 11:00,1934.37,1935.45,1933.32,1934.58
2023.06.21 12:00,1934.56,1935.29,1925.94,1929.83
2023.06.21 13:00,1929.84,1930.93,1919.17,1928.60
2023.06.21 14:00,1928.44,1934.58,1924.27,1931.93
2023.06.21 15:00,1931.95,1932.91,1929.20,1932.25
2023.06.21 16:00,1932.24,1934.12,1930.42,1933.27
2023.06.21 17:00,1933.20,1935.77,1932.97,1934.11
2023.06.21 18:00,1934.17,1937.61,1934.01,1935.88
2023.06.21 19:00,1935.82,1935.96,1933.18,1933.57
2023.06.21 20:00,1933.67,1934.49,1931.85,1932.59
2023.06.21 23:00,1933.42,1934.92,1932.91,1933.83
2023.06.22 00:00,1933.88,1933.99,1932.20,1932.20
2023.06.22 01:00,1932.10,1934.18,1931.42,1933.18
2023.06.22 02:00,1933.10,1933.68,1932.00,1933.39
2023.06.22 03:00,1933.41,1934.26,1932.21,1932.64
2023.06.22 04:00,1932.59,1933.12,1929.70,1929.70
2023.06.22 05:00,1929.78,1930.66,1927.96,1930.53
2023.06.22 06:00,1930.54,1931.51,1927.55,1927.98
2023.06.22 07:00,1928.02,1930.82,1927.01,1929.97
2023.06.22 08:00,1929.96,1931.43,1924.86,1927.40
2023.06.22 09:00,1927.39,1929.41,1926.21,1928.75
2023.06.22 10:00,1928.75,1929.34,1926.60,1928.69
2023.06.22 11:00,1928.67,1929.76,1925.24,1927.33
2023.06.22 12:00,1927.32,1930.93,1923.48,1923.48
2023.06.22 13:00,1923.48,1927.43,1918.92,1922.19
2023.06.22 14:00,1922.19,1922.69,1914.84,1915.28
2023.06.22 15:00,1915.25,1918.93,1912.77,1913.40
2023.06.22 16:00,1913.38,1917.77,1913.06,1915.57
2023.06.22 17:00,1915.56,1916.79,1913.20,1916.50
2023.06.22 18:00,1916.54,1916.62,1913.89,1915.29
2023.06.22 19:00,1915.27,1915.97,1913.59,1913.88
2023.06.22 20:00,1913.95,1914.54,1912.39,1913.84
2023.06.22 23:00,1913.69,1914.99,1913.35,1914.43
2023.06.23 00:00,1914.48,1916.08,1914.04,1915.61
2023.06.23 01:00,1915.59,1915.80,1910.85,1912.16
2023.06.23 02:00,1912.16,1912.92,1910.15,1910.48
2023.06.23 03:00,1910.47,1912.52,1910.29,1912.42
2023.06.23 04:00,1912.42,1917.19,1912.06,1916.44
2023.06.23 05:00,1916.48,1918.02,1915.14,1915.22
2023.06.23 06:00,1915.12,1916.88,1912.88,1913.56
2023.06.23 07:00,1913.54,1918.90,1912.95,1918.10
2023.06.23 08:00,1917.92,1920.03,1917.03,1917.63
2023.06.23 09:00,1917.65,1919.61,1916.97,1917.84
2023.06.23 10:00,1917.85,1918.22,1916.59,1917.63
2023.06.23 11:00,1917.59,1920.62,1917.59,1919.17
2023.06.23 12:00,1919.22,1929.71,1918.88,1928.88
2023.06.23 13:00,1928.88,1937.34,1928.60,1932.16
2023.06.23 14:00,1932.26,1933.05,1924.26,1926.97
2023.06.23 15:00,1927.00,1927.76,1920.93,1921.10
2023.06.23 16:00,1921.12,1922.38,1917.90,1918.70
2023.06.23 17:00,1918.70,1921.25,1918.44,1920.88
2023.06.23 18:00,1920.84,1920.92,1919.33,1920.57
2023.06.23 19:00,1920.52,1921.25,1919.00,1919.06
2023.06.23 20:00,1919.07,1921.61,1918.97,1920.66
2023.06.25 23:00,1924.75,1925.41,1923.87,1925.24
2023.06.26 00:00,1925.31,1927.00,1924.62,1926.42
2023.06.26 01:00,1926.36,1928.54,1925.02,1925.43
2023.06.26 02:00,1925.33,1926.73,1924.05,1924.55
2023.06.26 03:00,1924.51,1926.86,1924.33,1925.49
2023.06.26 04:00,1925.50,1925.90,1924.45,1925.05
2023.06.26 05:00,1925.05,1927.12,1923.99,1926.78
2023.06.26 06:00,1926.73,1927.66,1922.21,1922.74
2023.06.26 07:00,1922.72,1929.13,1922.34,1928.95
2023.06.26 08:00,1928.95,1933.32,1928.95,1931.71
2023.06.26 09:00,1931.66,1932.45,1929.24,1929.85
2023.06.26 10:00,1929.85,1933.32,1929.51,1931.93
2023.06.26 11:00,1931.92,1932.58,1931.09,1931.33
2023.06.26 12:00,1931.34,1933.08,1929.79,1931.47
2023.06.26 13:00,1931.47,1931.68,1921.47,1924.79
2023.06.26 14:00,1924.81,1925.58,1922.52,1923.27
2023.06.26 15:00,1923.27,1928.53,1923.27,1925.73
2023.06.26 16:00,1925.71,1926.53,1923.47,1923.78
2023.06.26 17:00,1923.77,1925.27,1923.22,1924.54
2023.06.26 18:00,1924.63,1924.88,1923.08,1923.47
2023.06.26 19:00,1923.42,1924.03,1922.35,1922.84
2023.06.26 20:00,1922.79,1923.50,1922.59,1922.96
2023.06.26 23:00,1924.56,1924.57,1921.02,1922.55
2023.06.27 00:00,1922.52,1924.72,1921.68,1922.73
2023.06.27 01:00,1922.76,1930.40,1922.65,1929.15
2023.06.27 02:00,1929.14,1929.60,1926.98,1928.80
2023.06.27 03:00,1928.71,1929.53,1927.84,1928.43
2023.06.27 04:00,1928.47,1929.62,1928.32,1928.46
2023.06.27 05:00,1928.47,1929.53,1925.00,1925.03
2023.06.27 06:00,1924.97,1927.64,1924.15,1927.45
2023.06.27 07:00,1927.46,1929.67,1927.09,1928.18
2023.06.27 08:00,1928.14,1928.67,1924.16,1925.58
2023.06.27 09:00,1925.56,1925.75,1923.68,1924.09
2023.06.27 10:00,1924.08,1924.50,1922.76,1923.51
2023.06.27 11:00,1923.48,1923.48,1919.62,1923.13
2023.06.27 12:00,1923.11,1930.41,1923.07,1926.23
2023.06.27 13:00,1926.29,1930.67,1922.79,1923.49
2023.06.27 14:00,1923.40,1923.95,1911.40,1917.16
2023.06.27 15:00,1917.24,1917.50,1913.35,1913.51
2023.06.27 16:00,1913.51,1916.61,1912.03,1914.61
2023.06.27 17:00,1914.57,1915.87,1911.63,1912.20
2023.06.27 18:00,1912.22,1914.87,1910.96,1914.79
2023.06.27 19:00,1914.76,1915.73,1913.33,1913.71
2023.06.27 20:00,1913.72,1913.83,1912.87,1913.47
2023.06.27 23:00,1915.00,1915.82,1914.72,1915.45
2023.06.28 00:00,1915.47,1917.18,1915.20,1916.19
2023.06.28 01:00,1916.20,1916.76,1913.49,1915.11
2023.06.28 02:00,1915.03,1916.03,1913.35,1915.16
2023.06.28 03:00,1915.16,1916.82,1914.79,1915.17
2023.06.28 04:00,1915.20,1916.26,1915.02,1915.20
2023.06.28 05:00,1915.18,1916.79,1915.01,1915.61
2023.06.28 06:00,1915.56,1916.27,1909.51,1910.83
2023.06.28 07:00,1910.91,1912.08,1909.14,1910.90
2023.06.28 08:00,1910.85,1911.64,1908.16,1909.96
2023.06.28 09:00,1909.99,1911.89,1907.12,1907.25
2023.06.28 10:00,1907.26,1909.00,1906.07,1906.90
2023.06.28 11:00,1906.90,1907.77,1905.71,1907.16
2023.06.28 12:00,1907.16,1908.50,1905.57,1906.94
2023.06.28 13:00,1906.95,1911.46,1902.82,1909.93
2023.06.28 14:00,1909.96,1911.10,1905.12,1907.05
2023.06.28 15:00,1907.04,1913.24,1906.15,1910.83
2023.06.28 16:00,1910.81,1912.85,1909.84,1912.27
2023.06.28 17:00,1912.28,1913.38,1911.44,1911.73
2023.06.28 18:00,1911.79,1913.13,1911.78,1912.16
2023.06.28 19:00,1912.18,1912.32,1909.22,1909.28
2023.06.28 20:00,1909.23,1910.11,1906.71,1907.25
2023.06.28 23:00,1909.91,1910.69,1909.52,1909.72
2023.06.29 00:00,1909.72,1910.12,1907.84,1909.89
2023.06.29 01:00,1909.95,1912.76,1909.39,1909.80
2023.06.29 02:00,1909.79,1909.79,1904.38,1904.53
2023.06.29 03:00,1904.50,1905.64,1902.71,1905.43
2023.06.29 04:00,1905.39,1905.94,1904.40,1905.34
2023.06.29 05:00,1905.35,1905.53,1903.12,1904.45
2023.06.29 06:00,1904.42,1905.28,1902.56,1904.69
2023.06.29 07:00,1904.37,1907.39,1902.47,1905.70
2023.06.29 08:00,1905.96,1908.06,1904.48,1906.17
2023.06.29 09:00,1906.21,1906.30,1903.85,1905.13
2023.06.29 10:00,1905.16,1909.92,1904.55,1909.92
2023.06.29 11:00,1909.93,1911.00,1909.16,1910.02
2023.06.29 12:00,1910.02,1912.15,1895.47,1896.11
2023.06.29 13:00,1896.14,1899.84,1892.94,1899.65
2023.06.29 14:00,1899.69,1913.06,1899.28,1910.94
2023.06.29 15:00,1910.99,1912.68,1908.41,1908.94
2023.06.29 16:00,1908.91,1910.37,1908.07,1910.23
2023.06.29 17:00,1910.15,1910.75,1907.65,1907.97
2023.06.29 18:00,1908.01,1908.61,1906.67,1907.03
2023.06.29 19:00,1907.03,1909.15,1906.20,1907.71
2023.06.29 20:00,1907.67,1908.43,1907.47,1907.97
2023.06.29 23:00,1908.24,1908.89,1907.03,1908.75
2023.06.30 00:00,1908.75,1909.26,1907.52,1908.67
2023.06.30 01:00,1908.71,1909.72,1907.13,1907.91
2023.06.30 02:00,1907.87,1909.67,1907.60,1907.83
2023.06.30 03:00,1907.83,1909.37,1907.32,1908.29
2023.06.30 04:00,1908.34,1908.56,1906.84,1908.23
2023.06.30 05:00,1908.24,1909.90,1907.13,1907.13
2023.06.30 06:00,1907.13,1907.43,1903.69,1906.82
2023.06.30 07:00,1906.79,1907.47,1904.41,1905.27
2023.06.30 08:00,1905.31,1905.55,1900.46,1901.86
2023.06.30 09:00,1902.15,1905.45,1901.46,1905.17
2023.06.30 10:00,1905.15,1906.47,1904.19,1906.30
2023.06.30 11:00,1906.31,1906.65,1904.33,1905.33
2023.06.30 12:00,1905.35,1913.74,1904.61,1911.02
2023.06.30 13:00,1910.96,1914.46,1909.71,1911.76
2023.06.30 14:00,1911.77,1919.03,1911.75,1915.41
2023.06.30 15:00,1915.42,1919.40,1914.53,1919.01
2023.06.30 16:00,1919.01,1920.55,1917.45,1920.02
2023.06.30 17:00,1920.05,1922.74,1917.80,1918.62
2023.06.30 18:00,1918.68,1920.01,1918.47,1918.94
2023.06.30 19:00,1919.02,1920.30,1917.85,1919.98
2023.06.30 20:00,1919.99,1920.02,1918.13,1919.56
2023.07.02 23:00,1919.28,1919.36,1917.27,1918.19
2023.07.03 00:00,1918.15,1918.86,1916.74,1917.11
2023.07.03 01:00,1917.10,1918.95,1915.98,1917.30
2023.07.03 02:00,1917.32,1917.77,1914.59,1914.87
2023.07.03 03:00,1914.84,1919.01,1914.70,1918.29
2023.07.03 04:00,1918.28,1920.19,1917.86,1920.09
2023.07.03 05:00,1920.09,1920.65,1916.67,1917.00
2023.07.03 06:00,1916.98,1917.68,1913.44,1915.16
2023.07.03 07:00,1915.12,1916.16,1912.01,1912.18
2023.07.03 08:00,1912.19,1913.41,1910.03,1911.99
2023.07.03 09:00,1911.98,1914.26,1911.69,1913.15
2023.07.03 10:00,1913.14,1914.33,1911.75,1913.89
2023.07.03 11:00,1913.87,1914.34,1911.93,1912.58
2023.07.03 12:00,1912.63,1922.05,1911.58,1921.92
2023.07.03 13:00,1921.92,1927.04,1919.45,1925.91
2023.07.03 14:00,1926.28,1931.06,1924.21,1930.18
2023.07.03 15:00,1930.20,1930.37,1925.97,1926.62
2023.07.03 16:00,1926.56,1926.69,1921.80,1921.86
2023.07.03 17:00,1922.01,1922.11,1920.64,1920.65
2023.07.03 18:00,1920.65,1921.80,1920.63,1921.28
2023.07.03 19:00,1921.31,1921.86,1921.05,1921.36
2023.07.03 20:00,1921.36,1921.65,1921.05,1921.28
2023.07.03 23:00,1921.23,1921.35,1919.79,1921.24
2023.07.04 00:00,1921.24,1922.09,1920.79,1921.17
2023.07.04 01:00,1921.21,1923.14,1920.04,1921.59
2023.07.04 02:00,1921.58,1921.90,1920.52,1921.49
2023.07.04 03:00,1921.55,1923.49,1921.37,1922.97
2023.07.04 04:00,1922.98,1924.48,1922.78,1924.25
2023.07.04 05:00,1924.25,1924.68,1923.29,1923.71
2023.07.04 06:00,1923.72,1927.56,1923.42,1927.53
2023.07.04 07:00,1927.55,1928.43,1925.98,1928.04
2023.07.04 08:00,1928.05,1928.82,1925.70,1928.57
2023.07.04 09:00,1928.58,1930.70,1928.55,1929.75
2023.07.04 10:00,1929.76,1930.73,1928.67,1928.80
2023.07.04 11:00,1928.81,1929.64,1927.61,1928.52
2023.07.04 12:00,1928.50,1930.29,1926.23,1926.78
2023.07.04 13:00,1926.70,1928.95,1926.18,1928.22
2023.07.04 14:00,1928.26,1929.55,1927.50,1928.13
2023.07.04 15:00,1928.10,1928.22,1926.87,1927.14
2023.07.04 16:00,1927.18,1927.29,1924.12,1924.19
2023.07.04 17:00,1924.20,1925.72,1924.00,1925.48
2023.07.04 18:00,1925.49,1925.92,1924.93,1925.61
2023.07.04 23:00,1926.10,1926.37,1924.85,1926.34
2023.07.05 00:00,1926.34,1927.12,1925.78,1926.71
2023.07.05 01:00,1926.75,1926.80,1923.97,1924.17
2023.07.05 02:00,1924.17,1924.75,1923.20,1924.70
2023.07.05 03:00,1924.71,1925.07,1924.04,1924.41
2023.07.05 04:00,1924.41,1926.01,1924.17,1925.56
2023.07.05 05:00,1925.56,1926.47,1924.94,1925.50
2023.07.05 06:00,1925.62,1925.77,1920.84,1922.17
2023.07.05 07:00,1922.22,1927.74,1921.68,1927.44
2023.07.05 08:00,1927.36,1928.08,1925.19,1926.98
2023.07.05 09:00,1926.96,1929.08,1926.77,1929.03
2023.07.05 10:00,1929.01,1929.58,1926.60,1927.28
2023.07.05 11:00,1927.28,1928.23,1926.22,1927.54
2023.07.05 12:00,1927.54,1930.09,1925.13,1929.30
2023.07.05 13:00,1929.32,1935.06,1922.64,1925.04
2023.07.05 14:00,1924.97,1925.77,1919.08,1922.70
2023.07.05 15:00,1922.65,1925.24,1922.25,1923.16
2023.07.05 16:00,1923.17,1924.78,1921.30,1921.55
2023.07.05 17:00,1921.58,1921.59,1919.02,1919.72
2023.07.05 18:00,1919.73,1921.30,1915.92,1916.03
2023.07.05 19:00,1916.09,1917.84,1915.19,1915.78
2023.07.05 20:00,1915.78,1916.74,1914.75,1915.11
2023.07.05 23:00,1916.26,1917.22,1915.53,1916.87
2023.07.06 00:00,1916.85,1917.62,1916.06,1917.33
2023.07.06 01:00,1917.33,1919.66,1916.42,1919.48
2023.07.06 02:00,1919.49,1919.74,1918.05,1918.74
2023.07.06 03:00,1918.73,1919.20,1918.03,1918.13
2023.07.06 04:00,1918.01,1918.13,1916.85,1917.92
2023.07.06 05:00,1917.93,1921.21,1917.81,1920.12
2023.07.06 06:00,1920.03,1921.49,1919.21,1920.46
2023.07.06 07:00,1920.45,1921.17,1918.86,1918.90
2023.07.06 08:00,1918.93,1919.67,1916.24,1918.08
2023.07.06 09:00,1918.05,1919.54,1916.67,1917.33
2023.07.06 10:00,1917.30,1924.93,1917.25,1924.80
2023.07.06 11:00,1924.76,1927.42,1924.33,1926.65
2023.07.06 12:00,1926.64,1927.66,1902.65,1906.24
2023.07.06 13:00,1906.30,1914.92,1904.68,1910.62
2023.07.06 14:00,1910.65,1910.76,1902.76,1907.85
2023.07.06 15:00,1907.87,1911.63,1907.15,1911.43
2023.07.06 16:00,1911.43,1912.39,1908.94,1909.86
2023.07.06 17:00,1909.86,1910.91,1908.94,1910.85
2023.07.06 18:00,1910.84,1911.17,1909.63,1910.87
2023.07.06 19:00,1910.88,1911.92,1909.79,1910.19
2023.07.06 20:00,1910.26,1911.00,1909.91,1910.78
2023.07.06 23:00,1910.96,1912.29,1910.96,1911.54
2023.07.07 00:00,1911.57,1912.40,1909.60,1910.53
2023.07.07 01:00,1910.48,1912.08,1910.31,1910.65
2023.07.07 02:00,1910.62,1911.59,1909.88,1910.91
2023.07.07 03:00,1910.89,1912.23,1910.33,1911.14
2023.07.07 04:00,1911.21,1912.33,1910.27,1912.13
2023.07.07 05:00,1912.13,1914.58,1911.92,1914.30
2023.07.07 06:00,1914.42,1915.43,1912.97,1913.31
2023.07.07 07:00,1913.34,1916.46,1912.07,1914.58
2023.07.07 08:00,1914.60,1915.83,1913.26,1915.64
2023.07.07 09:00,1915.66,1916.84,1914.47,1916.23
2023.07.07 10:00,1916.21,1917.80,1915.19,1916.40
2023.07.07 11:00,1916.47,1918.40,1916.00,1917.61
2023.07.07 12:00,1917.71,1928.20,1914.31,1918.77
2023.07.07 13:00,1918.75,1927.57,1915.43,1923.23
2023.07.07 14:00,1923.29,1934.13,1921.29,1933.73
2023.07.07 15:00,1933.55,1934.83,1926.44,1927.55
2023.07.07 16:00,1927.54,1929.34,1926.36,1926.93
2023.07.07 17:00,1926.91,1928.06,1926.08,1926.99
2023.07.07 18:00,1926.99,1927.29,1925.39,1926.37
2023.07.07 19:00,1926.28,1926.33,1924.69,1924.69
2023.07.07 20:00,1924.68,1925.55,1924.25,1925.44
2023.07.09 23:00,1926.07,1926.07,1923.83,1924.86
2023.07.10 00:00,1924.87,1925.26,1922.77,1924.23
2023.07.10 01:00,1924.21,1926.84,1924.17,1924.92
2023.07.10 02:00,1924.95,1925.45,1924.08,1925.02
2023.07.10 03:00,1925.00,1925.67,1922.43,1923.88
2023.07.10 04:00,1923.87,1923.90,1920.89,1921.27
2023.07.10 05:00,1921.27,1921.59,1919.63,1920.17
2023.07.10 06:00,1920.18,1924.47,1919.36,1923.44
2023.07.10 07:00,1923.42,1925.70,1922.60,1924.86
2023.07.10 08:00,1924.91,1925.64,1922.71,1925.18
2023.07.10 09:00,1925.18,1926.23,1922.71,1923.28
2023.07.10 10:00,1923.29,1924.43,1922.60,1923.58
2023.07.10 11:00,1923.58,1925.67,1922.97,1924.68
2023.07.10 12:00,1924.68,1924.95,1912.64,1913.96
2023.07.10 13:00,1913.95,1924.53,1913.95,1922.98
2023.07.10 14:00,1923.02,1924.98,1920.69,1922.04
2023.07.10 15:00,1922.04,1924.03,1921.44,1923.57
2023.07.10 16:00,1923.51,1925.99,1922.62,1925.55
2023.07.10 17:00,1925.67,1926.81,1925.01,1925.65
2023.07.10 18:00,1925.67,1926.08,1924.85,1925.76
2023.07.10 19:00,1925.79,1926.41,1924.90,1925.86
2023.07.10 20:00,1925.77,1925.95,1924.81,1925.22
2023.07.10 23:00,1925.07,1925.57,1924.26,1924.90
2023.07.11 00:00,1924.92,1927.15,1924.36,1926.37
2023.07.11 01:00,1926.38,1927.88,1925.08,1925.52
2023.07.11 02:00,1925.53,1927.85,1924.74,1927.78
2023.07.11 03:00,1927.75,1928.97,1925.72,1926.66
2023.07.11 04:00,1926.66,1929.39,1926.36,1929.32
2023.07.11 05:00,1929.30,1930.04,1928.05,1928.98
2023.07.11 06:00,1929.04,1938.26,1928.75,1936.19
2023.07.11 07:00,1936.18,1936.27,1929.84,1932.22
2023.07.11 08:00,1932.27,1937.32,1931.91,1936.65
2023.07.11 09:00,1936.67,1938.19,1934.81,1938.16
2023.07.11 10:00,1938.09,1938.41,1934.89,1935.22
2023.07.11 11:00,1935.19,1937.55,1934.67,1936.29
2023.07.11 12:00,1936.27,1936.51,1929.46,1931.96
2023.07.11 13:00,1931.98,1934.00,1929.41,1933.45
2023.07.11 14:00,1933.45,1935.39,1931.19,1931.82
2023.07.11 15:00,1931.81,1933.19,1930.20,1931.04
2023.07.11 16:00,1931.02,1932.83,1929.36,1932.37
2023.07.11 17:00,1932.39,1932.59,1930.67,1932.07
2023.07.11 18:00,1932.09,1932.36,1930.48,1931.83
2023.07.11 19:00,1931.84,1932.51,1931.57,1932.45
2023.07.11 20:00,1932.46,1932.47,1931.50,1931.96
2023.07.11 23:00,1933.42,1933.46,1932.82,1933.31
2023.07.12 00:00,1933.32,1936.23,1933.24,1935.70
2023.07.12 01:00,1935.78,1939.00,1935.63,1937.53
2023.07.12 02:00,1937.54,1940.97,1936.70,1940.08
2023.07.12 03:00,1940.08,1940.18,1937.73,1938.52
2023.07.12 04:00,1938.51,1939.12,1937.54,1938.92
2023.07.12 05:00,1938.93,1940.22,1937.87,1938.62
2023.07.12 06:00,1938.68,1940.15,1934.36,1934.78
2023.07.12 07:00,1934.71,1936.09,1933.87,1934.75
2023.07.12 08:00,1934.76,1936.49,1933.79,1934.78
2023.07.12 09:00,1934.79,1936.25,1934.40,1935.48
2023.07.12 10:00,1935.49,1935.49,1933.76,1934.27
2023.07.12 11:00,1934.29,1936.35,1933.46,1934.66
2023.07.12 12:00,1934.67,1950.01,1933.61,1943.18
2023.07.12 13:00,1943.16,1957.38,1940.93,1956.04
2023.07.12 14:00,1955.93,1957.88,1952.57,1957.64
2023.07.12 15:00,1957.66,1958.29,1953.32,1955.64
2023.07.12 16:00,1955.61,1959.44,1955.40,1959.15
2023.07.12 17:00,1959.17,1959.65,1955.70,1957.22
2023.07.12 18:00,1957.25,1957.84,1956.66,1957.71
2023.07.12 19:00,1957.70,1958.80,1956.92,1958.70
2023.07.12 20:00,1958.74,1958.74,1957.01,1957.11
2023.07.12 23:00,1957.72,1957.97,1957.45,1957.80
2023.07.13 00:00,1957.79,1958.91,1956.47,1957.00
2023.07.13 01:00,1957.00,1959.92,1956.34,1959.54
2023.07.13 02:00,1959.59,1961.64,1958.59,1960.07
2023.07.13 03:00,1960.06,1961.06,1958.77,1960.28
2023.07.13 04:00,1960.33,1962.23,1957.07,1957.18
2023.07.13 05:00,1957.20,1958.42,1955.22,1955.41
2023.07.13 06:00,1955.41,1963.01,1955.41,1962.77
2023.07.13 07:00,1962.83,1963.35,1959.33,1961.83
2023.07.13 08:00,1961.83,1962.79,1960.27,1960.89
2023.07.13 09:00,1960.90,1960.97,1959.44,1960.02
2023.07.13 10:00,1960.04,1960.60,1958.14,1960.48
2023.07.13 11:00,1960.51,1960.66,1957.95,1959.92
2023.07.13 12:00,1960.01,1963.55,1952.28,1957.53
2023.07.13 13:00,1957.52,1961.41,1956.70,1958.52
2023.07.13 14:00,1958.50,1961.91,1957.55,1960.83
2023.07.13 15:00,1960.83,1961.61,1954.66,1954.98
2023.07.13 16:00,1955.02,1959.73,1954.69,1958.75
2023.07.13 17:00,1958.75,1960.44,1957.56,1960.04
2023.07.13 18:00,1960.03,1960.78,1958.80,1959.91
2023.07.13 19:00,1959.95,1960.54,1959.59,1959.92
2023.07.13 20:00,1959.92,1960.69,1959.83,1960.29
2023.07.13 23:00,1959.92,1961.79,1959.87,1960.08
2023.07.14 00:00,1960.15,1960.59,1958.30,1959.38
2023.07.14 01:00,1959.38,1963.23,1958.42,1962.85
2023.07.14 02:00,1962.82,1963.74,1961.52,1961.60
2023.07.14 03:00,1961.62,1963.06,1961.07,1962.54
2023.07.14 04:00,1962.51,1962.52,1960.22,1960.31
2023.07.14 05:00,1960.36,1961.28,1957.83,1958.77
2023.07.14 06:00,1958.78,1960.39,1955.65,1956.53
2023.07.14 07:00,1956.58,1957.39,1954.34,1956.83
2023.07.14 08:00,1956.83,1958.22,1955.60,1956.18
2023.07.14 09:00,1956.19,1957.32,1955.22,1955.90
2023.07.14 10:00,1955.87,1957.05,1955.10,1956.11
2023.07.14 11:00,1956.16,1960.07,1956.16,1959.24
2023.07.14 12:00,1959.26,1962.70,1956.90,1957.50
2023.07.14 13:00,1957.47,1960.93,1954.43,1960.04
2023.07.14 14:00,1959.49,1960.62,1950.87,1960.20
2023.07.14 15:00,1960.40,1961.98,1957.39,1958.10
2023.07.14 16:00,1958.10,1959.31,1957.11,1958.97
2023.07.14 17:00,1958.99,1960.36,1958.26,1960.33
2023.07.14 18:00,1960.35,1961.02,1959.05,1959.24
2023.07.14 19:00,1959.23,1959.25,1954.35,1954.36
2023.07.14 20:00,1954.36,1955.77,1954.22,1955.50
2023.07.16 23:00,1953.06,1953.41,1951.43,1953.31
2023.07.17 00:00,1953.33,1954.72,1952.39,1954.64
2023.07.17 01:00,1954.66,1955.92,1951.89,1952.58
2023.07.17 02:00,1952.39,1953.88,1951.27,1953.54
2023.07.17 03:00,1953.56,1953.70,1950.77,1952.10
2023.07.17 04:00,1952.09,1953.64,1951.43,1953.63
2023.07.17 05:00,1953.63,1956.80,1953.41,1953.97
2023.07.17 06:00,1953.98,1955.04,1951.95,1953.17
2023.07.17 07:00,1953.29,1955.06,1950.55,1952.34
2023.07.17 08:00,1952.30,1957.42,1951.97,1955.83
2023.07.17 09:00,1955.89,1959.18,1954.30,1958.61
2023.07.17 10:00,1958.61,1959.85,1956.92,1957.22
2023.07.17 11:00,1957.20,1958.08,1956.62,1957.60
2023.07.17 12:00,1957.57,1959.43,1948.10,1948.61
2023.07.17 13:00,1948.67,1951.63,1945.70,1950.52
2023.07.17 14:00,1950.56,1954.21,1949.36,1954.03
2023.07.17 15:00,1954.11,1955.17,1951.28,1954.62
2023.07.17 16:00,1954.62,1955.66,1953.91,1954.58
2023.07.17 17:00,1954.63,1955.24,1952.40,1955.23
2023.07.17 18:00,1955.22,1955.99,1954.77,1955.55
2023.07.17 19:00,1955.57,1956.41,1954.56,1955.37
2023.07.17 20:00,1955.35,1955.52,1954.43,1954.88
2023.07.17 23:00,1955.05,1956.24,1955.05,1955.41
2023.07.18 00:00,1955.45,1956.77,1954.68,1955.40
2023.07.18 01:00,1955.42,1959.56,1955.07,1957.15
2023.07.18 02:00,1957.11,1959.01,1955.76,1958.99
2023.07.18 03:00,1958.97,1960.70,1958.56,1959.78
2023.07.18 04:00,1959.95,1961.10,1959.64,1960.00
2023.07.18 05:00,1960.01,1961.72,1958.95,1959.28
2023.07.18 06:00,1959.26,1961.93,1957.74,1961.68
2023.07.18 07:00,1961.70,1964.08,1960.81,1961.45
2023.07.18 08:00,1961.46,1962.99,1960.48,1961.62
2023.07.18 09:00,1961.64,1963.32,1961.15,1963.01
2023.07.18 10:00,1963.01,1964.33,1961.76,1963.04
2023.07.18 11:00,1963.04,1972.12,1960.99,1963.02
2023.07.18 12:00,1963.10,1971.05,1960.67,1968.72
2023.07.18 13:00,1968.72,1972.02,1963.69,1971.33
2023.07.18 14:00,1971.29,1983.61,1971.11,1982.83
2023.07.18 15:00,1982.85,1984.36,1977.47,1978.12
2023.07.18 16:00,1978.13,1981.51,1976.93,1977.93
2023.07.18 17:00,1977.94,1977.94,1975.00,1976.31
2023.07.18 18:00,1976.25,1977.63,1975.31,1976.79
2023.07.18 19:00,1976.73,1978.20,1976.25,1977.72
2023.07.18 20:00,1977.73,1978.91,1977.37,1978.55
2023.07.18 23:00,1978.79,1979.13,1976.72,1977.54
2023.07.19 00:00,1977.45,1978.47,1976.60,1978.46
2023.07.19 01:00,1978.38,1978.54,1976.33,1976.61
2023.07.19 02:00,1976.58,1977.25,1974.40,1976.39
2023.07.19 03:00,1976.36,1977.13,1975.50,1975.51
2023.07.19 04:00,1975.51,1976.09,1973.90,1974.77
2023.07.19 05:00,1974.81,1978.37,1974.54,1978.12
2023.07.19 06:00,1978.27,1979.94,1972.91,1976.53
2023.07.19 07:00,1976.54,1980.90,1976.46,1977.90
2023.07.19 08:00,1977.89,1979.07,1977.17,1977.50
2023.07.19 09:00,1977.50,1979.13,1976.86,1977.26
2023.07.19 10:00,1977.27,1978.17,1974.12,1974.89
2023.07.19 11:00,1974.90,1975.87,1971.56,1973.75
2023.07.19 12:00,1973.77,1979.55,1973.52,1977.56
2023.07.19 13:00,1977.55,1979.83,1975.60,1977.04
2023.07.19 14:00,1977.04,1977.85,1969.78,1974.56
2023.07.19 15:00,1974.57,1976.48,1972.46,1973.86
2023.07.19 16:00,1973.87,1977.89,1972.10,1977.53
2023.07.19 17:00,1977.52,1978.92,1976.22,1977.32
2023.07.19 18:00,1977.32,1978.12,1976.50,1977.83
2023.07.19 19:00,1977.84,1978.52,1977.55,1978.46
2023.07.19 20:00,1978.42,1978.54,1976.56,1976.64
2023.07.19 23:00,1977.44,1977.89,1976.86,1977.75
2023.07.20 00:00,1977.72,1979.30,1977.26,1979.07
2023.07.20 01:00,1978.98,1985.22,1978.98,1984.89
2023.07.20 02:00,1984.89,1986.58,1983.61,1986.48
2023.07.20 03:00,1986.39,1987.45,1985.13,1985.19
2023.07.20 04:00,1985.18,1985.49,1984.09,1984.61
2023.07.20 05:00,1984.61,1984.76,1980.13,1980.70
2023.07.20 06:00,1980.69,1982.41,1978.97,1980.57
2023.07.20 07:00,1980.67,1982.64,1977.87,1979.24
2023.07.20 08:00,1979.22,1983.88,1978.18,1981.52
2023.07.20 09:00,1981.52,1982.34,1980.54,1980.93
2023.07.20 10:00,1980.92,1983.21,1980.13,1980.59
2023.07.20 11:00,1980.53,1982.39,1979.33,1981.44
2023.07.20 12:00,1981.43,1981.65,1972.37,1973.98
2023.07.20 13:00,1973.98,1980.15,1972.77,1975.92
2023.07.20 14:00,1975.91,1977.40,1965.71,1970.47
2023.07.20 15:00,1970.48,1971.01,1967.18,1968.66
2023.07.20 16:00,1968.66,1968.96,1965.29,1968.00
2023.07.20 17:00,1968.01,1970.99,1967.99,1970.57
2023.07.20 18:00,1970.63,1971.52,1969.19,1969.67
2023.07.20 19:00,1969.72,1971.47,1968.56,1968.78
2023.07.20 20:00,1968.74,1969.80,1968.49,1969.41
2023.07.20 23:00,1970.65,1972.83,1970.63,1972.22
2023.07.21 00:00,1972.25,1973.33,1971.57,1972.95
2023.07.21 01:00,1972.96,1973.78,1971.45,1972.30
2023.07.21 02:00,1972.30,1972.69,1970.46,1970.90
2023.07.21 03:00,1970.92,1971.08,1969.93,1970.22
2023.07.21 04:00,1970.22,1970.99,1968.97,1969.96
2023.07.21 05:00,1969.96,1970.45,1968.07,1969.34
2023.07.21 06:00,1969.34,1972.25,1968.97,1970.72
2023.07.21 07:00,1970.68,1971.09,1964.06,1964.27
2023.07.21 08:00,1964.23,1965.30,1961.13,1961.43
2023.07.21 09:00,1961.47,1964.50,1961.05,1963.88
2023.07.21 10:00,1963.88,1964.37,1962.16,1963.76
2023.07.21 11:00,1963.84,1966.81,1962.19,1965.70
2023.07.21 12:00,1965.71,1968.10,1962.46,1963.11
2023.07.21 13:00,1963.14,1964.37,1958.47,1961.55
2023.07.21 14:00,1961.55,1965.20,1958.03,1959.79
2023.07.21 15:00,1959.77,1962.81,1956.75,1960.26
2023.07.21 16:00,1960.23,1963.85,1960.10,1963.52
2023.07.21 17:00,1963.56,1964.84,1962.71,1962.75
2023.07.21 18:00,1962.80,1964.20,1962.69,1963.16
2023.07.21 19:00,1963.15,1963.16,1961.65,1962.37
2023.07.21 20:00,1962.43,1962.59,1961.49,1961.74
2023.07.23 23:00,1962.02,1962.27,1960.33,1961.18
2023.07.24 00:00,1961.20,1962.00,1959.85,1961.81
2023.07.24 01:00,1961.79,1962.56,1959.10,1961.40
2023.07.24 02:00,1961.39,1961.96,1960.19,1960.68
2023.07.24 03:00,1960.68,1961.99,1959.81,1960.17
2023.07.24 04:00,1960.17,1960.69,1959.01,1960.49
2023.07.24 05:00,1960.48,1962.08,1959.77,1960.01
2023.07.24 06:00,1960.00,1962.09,1957.79,1961.75
2023.07.24 07:00,1961.76,1965.55,1961.52,1963.25
2023.07.24 08:00,1963.27,1963.87,1959.41,1959.58
2023.07.24 09:00,1959.64,1966.03,1959.39,1965.41
2023.07.24 10:00,1965.35,1966.45,1963.83,1965.46
2023.07.24 11:00,1965.52,1967.83,1964.73,1964.91
2023.07.24 12:00,1965.00,1967.65,1963.92,1967.38
2023.07.24 13:00,1967.44,1967.54,1959.14,1959.48
2023.07.24 14:00,1959.51,1962.39,1957.03,1961.38
2023.07.24 15:00,1961.45,1962.13,1957.81,1959.59
2023.07.24 16:00,1959.59,1961.33,1958.31,1959.88
2023.07.24 17:00,1959.84,1960.70,1958.88,1959.03
2023.07.24 18:00,1959.05,1959.16,1953.99,1954.93
2023.07.24 19:00,1954.92,1955.05,1953.43,1954.36
2023.07.24 20:00,1954.36,1955.45,1954.08,1954.53
2023.07.24 23:00,1954.96,1954.96,1953.18,1954.42
2023.07.25 00:00,1954.44,1955.67,1953.88,1955.25
2023.07.25 01:00,1955.34,1962.74,1955.34,1962.62
2023.07.25 02:00,1962.65,1963.48,1961.48,1962.20
2023.07.25 03:00,1962.33,1963.54,1961.00,1961.60
2023.07.25 04:00,1961.61,1962.10,1960.52,1960.58
2023.07.25 05:00,1960.59,1963.16,1960.43,1962.56
2023.07.25 06:00,1962.57,1964.13,1960.45,1962.38
2023.07.25 07:00,1962.36,1962.81,1959.64,1961.21
2023.07.25 08:00,1961.16,1963.35,1959.33,1962.90
2023.07.25 09:00,1962.90,1963.64,1961.21,1962.09
2023.07.25 10:00,1962.09,1962.62,1959.07,1959.11
2023.07.25 11:00,1959.14,1960.68,1953.10,1960.65
2023.07.25 12:00,1960.65,1963.42,1956.11,1959.33
2023.07.25 13:00,1959.24,1961.10,1955.84,1956.67
2023.07.25 14:00,1956.58,1961.97,1951.57,1961.77
2023.07.25 15:00,1961.78,1965.23,1961.60,1964.26
2023.07.25 16:00,1964.25,1965.64,1962.11,1962.37
2023.07.25 17:00,1962.38,1963.85,1961.26,1962.24
2023.07.25 18:00,1962.26,1964.09,1962.07,1963.55
2023.07.25 19:00,1963.54,1965.21,1963.44,1964.48
2023.07.25 20:00,1964.48,1965.17,1964.21,1964.72
2023.07.25 23:00,1964.53,1965.87,1964.52,1965.32
2023.07.26 00:00,1965.33,1966.07,1964.71,1964.90
2023.07.26 01:00,1964.90,1965.58,1961.98,1963.81
2023.07.26 02:00,1963.85,1964.77,1962.31,1964.09
2023.07.26 03:00,1964.14,1964.63,1963.12,1963.92
2023.07.26 04:00,1963.94,1964.41,1962.96,1963.12
2023.07.26 05:00,1963.14,1965.12,1962.39,1965.02
2023.07.26 06:00,1965.03,1970.96,1964.38,1969.52
2023.07.26 07:00,1969.48,1971.15,1968.03,1970.66
2023.07.26 08:00,1970.67,1972.50,1970.10,1972.07
2023.07.26 09:00,1972.20,1972.44,1970.93,1971.44
2023.07.26 10:00,1971.43,1972.04,1969.55,1971.70
2023.07.26 11:00,1971.70,1974.15,1971.33,1972.19
2023.07.26 12:00,1972.23,1974.14,1971.19,1972.28
2023.07.26 13:00,1972.25,1972.28,1963.89,1966.59
2023.07.26 14:00,1966.61,1969.25,1964.25,1968.98
2023.07.26 15:00,1969.04,1974.96,1968.52,1972.36
2023.07.26 16:00,1972.36,1973.36,1969.87,1970.29
2023.07.26 17:00,1970.30,1970.45,1967.66,1969.26
2023.07.26 18:00,1969.20,1978.29,1965.44,1977.20
2023.07.26 19:00,1977.22,1977.41,1971.68,1974.80
2023.07.26 20:00,1974.70,1974.70,1971.56,1971.58
2023.07.26 23:00,1973.41,1973.85,1971.68,1972.01
2023.07.27 00:00,1972.06,1973.00,1971.14,1972.45
2023.07.27 01:00,1972.26,1977.96,1972.25,1977.69
2023.07.27 02:00,1977.68,1982.20,1977.68,1979.17
2023.07.27 03:00,1979.19,1979.51,1976.70,1977.96
2023.07.27 04:00,1977.98,1978.78,1976.46,1976.68
2023.07.27 05:00,1976.43,1976.84,1974.99,1975.65
2023.07.27 06:00,1975.68,1977.35,1973.95,1974.75
2023.07.27 07:00,1974.77,1982.19,1974.25,1979.97
2023.07.27 08:00,1979.92,1981.10,1975.73,1975.82
2023.07.27 09:00,1975.82,1978.10,1973.54,1975.27
2023.07.27 10:00,1975.32,1976.90,1974.93,1976.24
2023.07.27 11:00,1976.24,1979.07,1975.48,1978.98
2023.07.27 12:00,1979.01,1979.15,1957.90,1960.16
2023.07.27 13:00,1960.16,1960.30,1943.40,1945.40
2023.07.27 14:00,1945.45,1947.94,1942.88,1944.71
2023.07.27 15:00,1944.73,1947.43,1943.71,1946.88
2023.07.27 16:00,1946.83,1947.67,1942.55,1944.26
2023.07.27 17:00,1944.28,1949.62,1943.28,1948.74
2023.07.27 18:00,1948.76,1948.77,1943.94,1945.33
2023.07.27 19:00,1945.34,1947.41,1943.65,1944.15
2023.07.27 20:00,1944.10,1945.50,1943.34,1945.50
2023.07.27 23:00,1946.86,1948.02,1945.36,1947.38
2023.07.28 00:00,1947.43,1947.77,1946.00,1946.96
2023.07.28 01:00,1946.94,1951.21,1946.60,1950.98
2023.07.28 02:00,1950.98,1952.35,1948.44,1952.15
2023.07.28 03:00,1952.14,1954.80,1950.15,1954.13
2023.07.28 04:00,1954.18,1956.70,1950.56,1951.82
2023.07.28 05:00,1951.83,1953.43,1950.64,1952.68
2023.07.28 06:00,1952.62,1953.53,1949.93,1951.45
2023.07.28 07:00,1951.25,1953.32,1948.15,1949.58
2023.07.28 08:00,1949.60,1950.45,1947.79,1949.52
2023.07.28 09:00,1949.54,1953.63,1948.30,1951.92
2023.07.28 10:00,1951.93,1954.54,1950.98,1953.12
2023.07.28 11:00,1953.09,1957.98,1953.00,1956.54
2023.07.28 12:00,1956.47,1961.13,1954.16,1955.60
2023.07.28 13:00,1955.58,1957.99,1952.23,1955.80
2023.07.28 14:00,1955.84,1960.56,1955.04,1960.22
2023.07.28 15:00,1960.21,1963.41,1959.70,1960.92
2023.07.28 16:00,1960.94,1963.55,1960.31,1961.12
2023.07.28 17:00,1961.12,1962.38,1958.83,1959.66
2023.07.28 18:00,1959.69,1960.94,1958.87,1958.98
2023.07.28 19:00,1958.99,1959.50,1957.46,1959.01
2023.07.28 20:00,1959.03,1959.53,1958.58,1959.14
2023.07.30 23:00,1960.08,1960.18,1957.37,1958.02
2023.07.31 00:00,1958.03,1958.87,1956.35,1958.21
2023.07.31 01:00,1958.31,1958.59,1955.47,1956.69
2023.07.31 02:00,1956.66,1958.44,1956.09,1956.66
2023.07.31 03:00,1956.69,1957.59,1953.66,1954.60
2023.07.31 04:00,1954.62,1955.81,1953.47,1954.45
2023.07.31 05:00,1954.45,1955.33,1953.06,1955.10
2023.07.31 06:00,1955.10,1957.14,1953.53,1954.89
2023.07.31 07:00,1954.91,1956.24,1953.16,1954.89
2023.07.31 08:00,1954.92,1955.91,1951.12,1953.52
2023.07.31 09:00,1953.46,1957.13,1953.25,1956.84
2023.07.31 10:00,1956.88,1958.39,1956.39,1958.38
2023.07.31 11:00,1958.41,1961.07,1957.88,1959.08
2023.07.31 12:00,1959.10,1967.06,1957.47,1965.51
2023.07.31 13:00,1965.51,1972.40,1962.80,1971.40
2023.07.31 14:00,1971.63,1971.94,1965.60,1967.36
2023.07.31 15:00,1967.37,1971.68,1966.78,1970.74
2023.07.31 16:00,1970.73,1972.29,1970.21,1970.90
2023.07.31 17:00,1970.92,1972.07,1970.51,1970.97
2023.07.31 18:00,1970.96,1971.05,1966.36,1966.45
2023.07.31 19:00,1966.44,1967.08,1964.19,1964.47
2023.07.31 20:00,1964.49,1965.95,1964.49,1965.07
2023.07.31 23:00,1965.68,1965.68,1963.86,1963.93
2023.08.01 00:00,1963.89,1964.68,1962.96,1963.44
2023.08.01 01:00,1963.43,1963.95,1960.70,1960.94
2023.08.01 02:00,1960.82,1961.12,1958.98,1960.55
2023.08.01 03:00,1960.55,1962.74,1959.71,1962.15
2023.08.01 04:00,1962.12,1962.25,1958.84,1959.60
2023.08.01 05:00,1959.62,1960.19,1958.16,1958.93
2023.08.01 06:00,1958.88,1959.07,1955.83,1957.66
2023.08.01 07:00,1957.65,1957.68,1954.42,1955.53
2023.08.01 08:00,1955.49,1957.14,1954.64,1955.82
2023.08.01 09:00,1955.80,1957.64,1955.69,1956.88
2023.08.01 10:00,1956.88,1957.43,1954.57,1956.24
2023.08.01 11:00,1956.38,1956.60,1953.08,1953.58
2023.08.01 12:00,1953.61,1955.95,1945.98,1946.81
2023.08.01 13:00,1946.81,1948.71,1944.43,1947.81
2023.08.01 14:00,1948.52,1953.74,1943.53,1946.65
2023.08.01 15:00,1946.65,1946.79,1941.38,1944.31
2023.08.01 16:00,1944.17,1944.29,1941.96,1943.12
2023.08.01 17:00,1943.09,1943.64,1941.26,1942.78
2023.08.01 18:00,1942.78,1945.48,1942.78,1944.27
2023.08.01 19:00,1944.28,1945.56,1943.98,1944.42
2023.08.01 20:00,1944.43,1944.85,1943.96,1944.28
2023.08.01 23:00,1951.22,1952.86,1950.49,1952.10
2023.08.02 00:00,1952.11,1952.32,1948.28,1949.24
2023.08.02 01:00,1949.22,1949.91,1947.66,1947.75
2023.08.02 02:00,1947.75,1949.78,1947.19,1948.14
2023.08.02 03:00,1948.14,1949.50,1946.68,1949.25
2023.08.02 04:00,1949.27,1949.37,1945.19,1946.38
2023.08.02 05:00,1946.39,1949.97,1946.27,1948.97
2023.08.02 06:00,1948.98,1950.43,1947.91,1949.15
2023.08.02 07:00,1949.17,1950.24,1947.72,1948.32
2023.08.02 08:00,1948.42,1951.85,1948.35,1949.79
2023.08.02 09:00,1949.78,1951.29,1948.35,1949.64
2023.08.02 10:00,1949.64,1953.01,1948.26,1952.67
2023.08.02 11:00,1952.65,1954.71,1950.36,1950.72
2023.08.02 12:00,1950.77,1951.90,1943.72,1945.65
2023.08.02 13:00,1945.64,1947.69,1943.58,1945.10
2023.08.02 14:00,1945.11,1945.27,1933.93,1935.87
2023.08.02 15:00,1935.44,1936.94,1933.09,1935.59
2023.08.02 16:00,1935.60,1938.39,1935.09,1935.69
2023.08.02 17:00,1935.70,1939.11,1935.46,1936.60
2023.08.02 18:00,1936.62,1936.79,1935.66,1936.49
2023.08.02 19:00,1936.49,1936.80,1935.04,1935.20
2023.08.02 20:00,1935.17,1935.54,1934.40,1934.57
2023.08.02 23:00,1936.36,1936.67,1935.54,1936.04
2023.08.03 00:00,1936.08,1937.04,1935.29,1935.48
2023.08.03 01:00,1935.51,1938.96,1935.13,1936.86
2023.08.03 02:00,1936.81,1938.18,1935.90,1936.26
2023.08.03 03:00,1936.24,1937.38,1933.95,1937.29
2023.08.03 04:00,1937.29,1937.94,1933.90,1934.11
2023.08.03 05:00,1934.12,1935.58,1932.85,1935.14
2023.08.03 06:00,1935.12,1936.06,1932.71,1933.45
2023.08.03 07:00,1933.49,1938.18,1930.87,1936.84
2023.08.03 08:00,1936.87,1938.35,1934.71,1937.74
2023.08.03 09:00,1937.75,1937.80,1935.42,1936.11
2023.08.03 10:00,1936.13,1937.35,1932.81,1934.28
2023.08.03 11:00,1934.25,1937.11,1933.15,1935.07
2023.08.03 12:00,1935.05,1938.38,1929.43,1932.83
2023.08.03 13:00,1932.88,1937.80,1930.37,1932.22
2023.08.03 14:00,1932.23,1938.60,1932.21,1935.00
2023.08.03 15:00,1935.01,1938.69,1932.72,1933.10
2023.08.03 16:00,1933.08,1935.95,1932.83,1935.68
2023.08.03 17:00,1935.68,1935.90,1933.25,1934.73
2023.08.03 18:00,1934.73,1935.35,1932.66,1933.13
2023.08.03 19:00,1933.10,1934.43,1932.49,1934.19
2023.08.03 20:00,1934.19,1934.72,1933.84,1933.84
2023.08.03 23:00,1935.47,1935.86,1934.71,1935.82
2023.08.04 00:00,1935.82,1936.73,1934.79,1936.70
2023.08.04 01:00,1936.78,1937.96,1935.56,1936.56
2023.08.04 02:00,1936.54,1937.54,1934.69,1935.18
2023.08.04 03:00,1935.16,1936.61,1934.23,1935.23
2023.08.04 04:00,1935.26,1935.50,1933.14,1934.55
2023.08.04 05:00,1934.57,1937.47,1934.23,1936.34
2023.08.04 06:00,1936.31,1936.46,1932.05,1933.08
2023.08.04 07:00,1932.94,1934.05,1932.07,1932.90
2023.08.04 08:00,1932.90,1933.70,1932.08,1932.48
2023.08.04 09:00,1932.52,1934.15,1932.14,1933.48
2023.08.04 10:00,1933.52,1933.79,1931.19,1932.72
2023.08.04 11:00,1932.75,1933.40,1931.30,1932.29
2023.08.04 12:00,1932.31,1942.72,1926.36,1938.99
2023.08.04 13:00,1938.97,1946.83,1938.65,1943.46
2023.08.04 14:00,1943.29,1944.04,1938.87,1939.05
2023.08.04 15:00,1939.04,1944.01,1937.57,1942.71
2023.08.04 16:00,1942.71,1943.49,1940.83,1941.78
2023.08.04 17:00,1941.76,1942.20,1940.55,1941.97
2023.08.04 18:00,1942.00,1942.08,1939.81,1941.26
2023.08.04 19:00,1941.38,1942.62,1940.70,1941.25
2023.08.04 20:00,1941.26,1943.24,1941.12,1942.72
2023.08.06 23:00,1943.77,1943.88,1942.63,1943.81
2023.08.07 00:00,1943.89,1945.32,1942.90,1944.33
2023.08.07 01:00,1944.17,1944.24,1941.13,1942.37
2023.08.07 02:00,1942.38,1942.88,1940.10,1940.79
2023.08.07 03:00,1940.81,1941.75,1938.17,1939.23
2023.08.07 04:00,1939.24,1939.40,1937.48,1938.79
2023.08.07 05:00,1938.79,1938.96,1936.19,1936.66
2023.08.07 06:00,1936.75,1938.19,1935.47,1937.17
2023.08.07 07:00,1937.17,1938.17,1935.46,1936.81
2023.08.07 08:00,1936.79,1936.79,1934.43,1936.21
2023.08.07 09:00,1936.23,1937.59,1934.23,1934.30
2023.08.07 10:00,1934.30,1935.66,1933.32,1935.19
2023.08.07 11:00,1935.27,1936.37,1933.73,1936.19
2023.08.07 12:00,1936.25,1938.26,1933.57,1938.04
2023.08.07 13:00,1938.05,1941.69,1933.61,1933.71
2023.08.07 14:00,1933.74,1936.89,1931.45,1934.14
2023.08.07 15:00,1933.86,1935.38,1931.92,1932.55
2023.08.07 16:00,1932.55,1935.01,1932.15,1934.44
2023.08.07 17:00,1934.42,1937.00,1934.12,1936.00
2023.08.07 18:00,1936.01,1937.12,1935.64,1937.01
2023.08.07 19:00,1937.02,1937.66,1936.14,1936.69
2023.08.07 20:00,1936.67,1936.68,1935.68,1936.37
2023.08.07 23:00,1936.09,1938.01,1936.09,1936.76
2023.08.08 00:00,1936.80,1937.27,1935.11,1935.70
2023.08.08 01:00,1935.66,1935.71,1931.54,1931.60
2023.08.08 02:00,1931.58,1935.21,1931.15,1934.98
2023.08.08 03:00,1934.99,1935.33,1932.85,1933.10
2023.08.08 04:00,1933.09,1934.70,1932.47,1934.47
2023.08.08 05:00,1934.47,1934.87,1932.60,1933.93
2023.08.08 06:00,1933.95,1934.73,1932.42,1933.16
2023.08.08 07:00,1933.16,1934.31,1930.19,1930.45
2023.08.08 08:00,1930.79,1935.12,1930.51,1935.11
2023.08.08 09:00,1935.10,1935.56,1932.70,1934.94
2023.08.08 10:00,1935.01,1935.37,1930.33,1930.72
2023.08.08 11:00,1930.70,1933.19,1928.08,1928.76
2023.08.08 12:00,1928.87,1929.94,1923.74,1925.36
2023.08.08 13:00,1925.36,1928.98,1922.73,1926.45
2023.08.08 14:00,1926.40,1932.04,1924.83,1927.13
2023.08.08 15:00,1927.27,1928.09,1925.24,1925.85
2023.08.08 16:00,1925.85,1928.47,1924.69,1925.37
2023.08.08 17:00,1925.41,1926.45,1923.54,1925.56
2023.08.08 18:00,1925.58,1926.25,1924.33,1925.30
2023.08.08 19:00,1925.26,1926.64,1924.63,1924.82
2023.08.08 20:00,1924.80,1925.29,1924.56,1924.92
2023.08.08 23:00,1925.03,1925.70,1924.86,1925.56
2023.08.09 00:00,1925.60,1926.55,1924.74,1925.03
2023.08.09 01:00,1925.02,1929.13,1924.23,1927.71
2023.08.09 02:00,1927.72,1930.67,1927.48,1929.63
2023.08.09 03:00,1929.63,1930.80,1928.47,1930.04
2023.08.09 04:00,1930.09,1931.01,1929.44,1930.29
2023.08.09 05:00,1930.30,1932.14,1930.12,1931.18
2023.08.09 06:00,1931.18,1932.33,1928.52,1930.27
2023.08.09 07:00,1930.18,1931.22,1929.44,1930.58
2023.08.09 08:00,1930.61,1930.78,1927.38,1928.05
2023.08.09 09:00,1928.02,1928.32,1925.86,1926.17
2023.08.09 10:00,1926.17,1926.58,1924.60,1925.20
2023.08.09 11:00,1925.20,1926.23,1923.21,1924.57
2023.08.09 12:00,1924.53,1926.39,1922.08,1924.89
2023.08.09 13:00,1924.89,1926.06,1921.54,1922.81
2023.08.09 14:00,1922.83,1927.57,1915.95,1917.32
2023.08.09 15:00,1917.32,1918.65,1915.56,1916.69
2023.08.09 16:00,1916.74,1918.14,1915.62,1916.30
2023.08.09 17:00,1916.31,1917.96,1915.97,1916.39
2023.08.09 18:00,1916.42,1916.48,1915.39,1916.18
2023.08.09 19:00,1916.15,1916.88,1915.51,1915.56
2023.08.09 20:00,1915.50,1915.69,1914.00,1914.15
2023.08.09 23:00,1916.34,1916.96,1916.29,1916.70
2023.08.10 00:00,1916.75,1917.42,1915.63,1916.98
2023.08.10 01:00,1917.00,1918.98,1915.30,1918.00
2023.08.10 02:00,1917.99,1919.14,1916.93,1917.03
2023.08.10 03:00,1916.98,1919.04,1916.92,1918.67
2023.08.10 04:00,1918.67,1918.82,1916.21,1916.72
2023.08.10 05:00,1916.72,1919.13,1915.77,1918.49
2023.08.10 06:00,1918.49,1919.03,1915.46,1918.01
2023.08.10 07:00,1917.97,1920.59,1917.31,1919.34
2023.08.10 08:00,1919.32,1921.25,1918.59,1919.36
2023.08.10 09:00,1919.35,1921.58,1919.19,1920.88
2023.08.10 10:00,1920.89,1922.36,1919.87,1921.75
2023.08.10 11:00,1921.73,1922.67,1920.77,1921.87
2023.08.10 12:00,1921.86,1930.04,1921.12,1926.22
2023.08.10 13:00,1926.16,1927.18,1918.82,1922.73
2023.08.10 14:00,1922.77,1922.86,1913.50,1915.00
2023.08.10 15:00,1914.99,1920.33,1912.89,1919.99
2023.08.10 16:00,1920.00,1921.73,1919.49,1920.56
2023.08.10 17:00,1920.51,1920.97,1913.38,1913.58
2023.08.10 18:00,1913.57,1915.11,1912.83,1914.93
2023.08.10 19:00,1914.96,1915.12,1913.06,1913.34
2023.08.10 20:00,1913.29,1913.64,1912.09,1912.51
2023.08.10 23:00,1912.57,1912.80,1910.75,1912.40
2023.08.11 00:00,1912.40,1915.12,1911.90,1914.68
2023.08.11 01:00,1914.61,1915.69,1914.25,1915.49
2023.08.11 02:00,1915.50,1916.00,1914.16,1914.79
2023.08.11 03:00,1914.77,1915.62,1913.09,1914.64
2023.08.11 04:00,1914.64,1914.80,1912.62,1913.46
2023.08.11 05:00,1913.43,1915.89,1912.75,1915.69
2023.08.11 06:00,1915.67,1917.59,1915.30,1916.29
2023.08.11 07:00,1916.32,1918.03,1915.80,1917.89
2023.08.11 08:00,1917.87,1919.38,1916.11,1918.99
2023.08.11 09:00,1918.99,1919.83,1917.01,1917.96
2023.08.11 10:00,1917.97,1918.38,1917.08,1917.88
2023.08.11 11:00,1917.94,1919.10,1917.40,1919.03
2023.08.11 12:00,1919.02,1920.94,1913.08,1916.05
2023.08.11 13:00,1916.03,1917.77,1912.83,1916.09
2023.08.11 14:00,1918.75,1920.65,1915.37,1918.63
2023.08.11 15:00,1918.61,1919.59,1912.96,1914.03
2023.08.11 16:00,1914.00,1915.30,1913.58,1914.37
2023.08.11 17:00,1914.35,1915.54,1913.08,1913.28
2023.08.11 18:00,1913.34,1913.85,1912.47,1913.37
2023.08.11 19:00,1913.37,1913.75,1912.20,1913.55
2023.08.11 20:00,1913.56,1914.00,1912.84,1913.49
2023.08.13 23:00,1913.68,1914.30,1912.27,1913.62
2023.08.14 00:00,1913.62,1913.72,1910.63,1910.99
2023.08.14 01:00,1911.01,1912.96,1910.05,1911.55
2023.08.14 02:00,1911.51,1912.77,1910.55,1912.01
2023.08.14 03:00,1912.02,1913.54,1911.56,1912.73
2023.08.14 04:00,1912.72,1913.11,1911.77,1912.36
2023.08.14 05:00,1912.38,1914.53,1911.89,1912.91
2023.08.14 06:00,1912.89,1914.02,1911.44,1912.09
2023.08.14 07:00,1912.02,1915.85,1910.55,1914.45
2023.08.14 08:00,1914.46,1916.18,1913.86,1914.22
2023.08.14 09:00,1914.26,1914.39,1912.16,1913.96
2023.08.14 10:00,1913.96,1914.94,1913.09,1914.39
2023.08.14 11:00,1914.39,1914.90,1913.35,1913.93
2023.08.14 12:00,1913.85,1913.99,1905.96,1910.33
2023.08.14 13:00,1910.32,1910.92,1902.68,1904.19
2023.08.14 14:00,1904.13,1911.56,1903.24,1908.48
2023.08.14 15:00,1908.49,1911.28,1908.20,1910.65
2023.08.14 16:00,1910.64,1913.15,1910.64,1911.90
2023.08.14 17:00,1911.87,1913.11,1910.18,1910.29
2023.08.14 18:00,1910.28,1910.57,1907.73,1908.04
2023.08.14 19:00,1908.03,1908.22,1907.24,1907.54
2023.08.14 20:00,1907.46,1907.86,1906.89,1907.12
2023.08.14 23:00,1907.49,1908.07,1904.93,1907.59
2023.08.15 00:00,1907.59,1907.72,1904.86,1907.08
2023.08.15 01:00,1907.06,1908.13,1903.66,1906.08
2023.08.15 02:00,1906.06,1906.88,1904.60,1906.09
2023.08.15 03:00,1906.09,1907.63,1905.52,1907.16
2023.08.15 04:00,1907.14,1907.27,1906.45,1906.56
2023.08.15 05:00,1906.57,1907.48,1904.14,1905.16
2023.08.15 06:00,1905.16,1907.09,1903.82,1905.10
2023.08.15 07:00,1905.11,1905.52,1903.44,1904.87
2023.08.15 08:00,1904.85,1905.18,1903.04,1904.25
2023.08.15 09:00,1904.26,1904.96,1902.84,1904.43
2023.08.15 10:00,1904.45,1904.85,1902.58,1903.95
2023.08.15 11:00,1903.95,1904.27,1901.90,1904.21
2023.08.15 12:00,1904.26,1905.70,1896.29,1903.29
2023.08.15 13:00,1903.30,1907.37,1899.95,1903.63
2023.08.15 14:00,1903.63,1911.42,1902.53,1909.76
2023.08.15 15:00,1909.77,1911.00,1906.49,1906.73
2023.08.15 16:00,1906.71,1907.33,1903.35,1903.52
2023.08.15 17:00,1903.53,1905.39,1903.11,1904.30
2023.08.15 18:00,1904.30,1905.12,1902.39,1902.50
2023.08.15 19:00,1902.45,1903.65,1902.24,1902.50
2023.08.15 20:00,1902.50,1903.42,1901.17,1901.61
2023.08.15 23:00,1901.34,1902.15,1900.17,1901.30
2023.08.16 00:00,1901.30,1902.29,1900.85,1902.09
2023.08.16 01:00,1902.07,1904.01,1900.29,1902.64
2023.08.16 02:00,1902.56,1904.59,1902.30,1903.67
2023.08.16 03:00,1903.67,1905.16,1903.54,1903.94
2023.08.16 04:00,1903.93,1904.47,1902.59,1903.81
2023.08.16 05:00,1903.83,1905.29,1903.32,1904.95
2023.08.16 06:00,1904.95,1906.40,1904.45,1905.37
2023.08.16 07:00,1905.38,1905.51,1902.68,1904.45
2023.08.16 08:00,1904.46,1905.56,1903.31,1905.27
2023.08.16 09:00,1905.27,1907.04,1905.09,1905.93
2023.08.16 10:00,1905.92,1906.64,1905.49,1905.95
2023.08.16 11:00,1905.95,1906.54,1902.99,1902.99
2023.08.16 12:00,1902.99,1904.08,1899.87,1900.62
2023.08.16 13:00,1900.62,1906.33,1899.51,1904.08
2023.08.16 14:00,1904.09,1905.83,1903.07,1904.51
2023.08.16 15:00,1904.51,1904.68,1901.23,1901.84
2023.08.16 16:00,1901.85,1902.50,1898.69,1899.34
2023.08.16 17:00,1899.34,1899.43,1896.74,1898.20
2023.08.16 18:00,1898.19,1899.49,1894.54,1894.96
2023.08.16 19:00,1894.96,1895.51,1891.77,1892.17
2023.08.16 20:00,1892.21,1893.72,1891.34,1891.50
2023.08.16 23:00,1894.40,1894.41,1892.12,1893.33
2023.08.17 00:00,1893.34,1893.35,1890.98,1892.74
2023.08.17 01:00,1892.86,1892.99,1889.51,1892.69
2023.08.17 02:00,1892.59,1893.80,1892.14,1893.69
2023.08.17 03:00,1893.68,1893.90,1892.38,1892.72
2023.08.17 04:00,1892.72,1893.92,1892.28,1893.78
2023.08.17 05:00,1893.78,1893.95,1892.12,1893.43
2023.08.17 06:00,1893.42,1897.31,1892.69,1897.31
2023.08.17 07:00,1897.31,1897.56,1895.29,1896.43
2023.08.17 08:00,1896.42,1896.48,1893.77,1893.93
2023.08.17 09:00,1893.91,1895.30,1893.60,1895.16
2023.08.17 10:00,1895.16,1899.19,1895.15,1897.88
2023.08.17 11:00,1897.92,1899.52,1896.89,1898.79
2023.08.17 12:00,1898.76,1902.45,1896.37,1899.53
2023.08.17 13:00,1899.45,1903.38,1895.67,1895.95
2023.08.17 14:00,1895.84,1897.68,1893.77,1895.36
2023.08.17 15:00,1895.36,1896.38,1889.14,1889.44
2023.08.17 16:00,1889.42,1891.21,1887.78,1888.33
2023.08.17 17:00,1888.33,1888.47,1884.93,1886.15
2023.08.17 18:00,1886.15,1886.98,1885.04,1886.55
2023.08.17 19:00,1886.51,1890.08,1886.51,1889.01
2023.08.17 20:00,1889.02,1889.51,1888.36,1889.40
2023.08.17 23:00,1889.92,1891.61,1889.15,1891.26
2023.08.18 00:00,1891.32,1893.81,1890.70,1893.30
2023.08.18 01:00,1893.35,1895.13,1892.44,1893.59
2023.08.18 02:00,1893.50,1894.87,1892.75,1893.18
2023.08.18 03:00,1893.15,1893.64,1891.62,1892.68
2023.08.18 04:00,1892.73,1893.34,1891.09,1892.16
2023.08.18 05:00,1892.17,1894.11,1891.58,1893.61
2023.08.18 06:00,1893.68,1893.92,1891.77,1892.11
2023.08.18 07:00,1892.10,1893.98,1891.89,1892.58
2023.08.18 08:00,1892.54,1893.52,1891.36,1892.02
2023.08.18 09:00,1892.00,1892.85,1891.39,1892.75
2023.08.18 10:00,1892.75,1895.53,1892.73,1894.20
2023.08.18 11:00,1894.21,1895.00,1893.22,1893.76
2023.08.18 12:00,1893.85,1894.83,1888.69,1890.21
2023.08.18 13:00,1890.22,1896.76,1889.31,1893.82
2023.08.18 14:00,1893.80,1894.81,1891.58,1893.66
2023.08.18 15:00,1893.63,1893.67,1890.42,1891.28
2023.08.18 16:00,1891.25,1891.94,1888.63,1889.56
2023.08.18 17:00,1889.56,1890.38,1886.73,1888.94
2023.08.18 18:00,1888.96,1889.33,1887.60,1888.45
2023.08.18 19:00,1888.44,1889.83,1887.54,1889.21
2023.08.18 20:00,1889.18,1889.90,1888.23,1889.25
2023.08.20 23:00,1890.28,1890.28,1888.70,1890.02
2023.08.21 00:00,1890.01,1891.15,1889.85,1889.96
2023.08.21 01:00,1889.94,1890.01,1884.96,1885.45
2023.08.21 02:00,1885.44,1893.02,1884.83,1892.84
2023.08.21 03:00,1892.93,1893.65,1890.57,1891.63
2023.08.21 04:00,1891.66,1893.70,1891.42,1892.51
2023.08.21 05:00,1892.49,1894.06,1887.82,1888.02
2023.08.21 06:00,1888.01,1889.55,1887.32,1888.92
2023.08.21 07:00,1888.92,1890.42,1887.97,1888.15
2023.08.21 08:00,1888.14,1889.42,1887.51,1888.67
2023.08.21 09:00,1888.65,1890.83,1888.27,1889.49
2023.08.21 10:00,1889.51,1889.64,1886.76,1888.68
2023.08.21 11:00,1888.68,1893.04,1887.83,1892.95
2023.08.21 12:00,1892.94,1897.62,1892.77,1897.17
2023.08.21 13:00,1897.19,1898.73,1888.58,1890.01
2023.08.21 14:00,1890.01,1891.26,1885.23,1886.88
2023.08.21 15:00,1886.87,1889.84,1885.94,1889.16
2023.08.21 16:00,1889.16,1893.11,1889.06,1892.57
2023.08.21 17:00,1892.67,1895.37,1892.45,1894.35
2023.08.21 18:00,1894.36,1895.05,1893.76,1894.56
2023.08.21 19:00,1894.60,1895.24,1894.18,1894.33
2023.08.21 20:00,1894.28,1894.89,1894.26,1894.89
2023.08.21 23:00,1895.05,1896.04,1894.58,1894.73
2023.08.22 00:00,1894.73,1895.84,1893.63,1895.50
2023.08.22 01:00,1895.48,1897.28,1894.28,1895.09
2023.08.22 02:00,1895.09,1897.25,1894.42,1894.44
2023.08.22 03:00,1894.43,1897.17,1894.16,1896.11
2023.08.22 04:00,1896.09,1896.38,1893.80,1893.90
2023.08.22 05:00,1893.91,1896.40,1893.88,1895.41
2023.08.22 06:00,1895.39,1900.25,1895.16,1898.93
2023.08.22 07:00,1898.87,1901.93,1898.04,1901.47
2023.08.22 08:00,1901.54,1902.35,1898.41,1899.95
2023.08.22 09:00,1899.99,1903.70,1899.37,1902.81
2023.08.22 10:00,1902.80,1904.47,1901.85,1901.94
2023.08.22 11:00,1901.96,1903.40,1901.47,1902.18
2023.08.22 12:00,1902.18,1903.42,1896.27,1897.44
2023.08.22 13:00,1897.42,1897.59,1889.09,1890.29
2023.08.22 14:00,1890.27,1895.86,1890.01,1895.14
2023.08.22 15:00,1895.10,1899.10,1895.04,1897.83
2023.08.22 16:00,1897.82,1898.94,1896.75,1897.35
2023.08.22 17:00,1897.34,1898.41,1896.91,1897.71
2023.08.22 18:00,1897.74,1897.81,1896.40,1897.18
2023.08.22 19:00,1897.15,1897.69,1896.86,1897.58
2023.08.22 20:00,1897.53,1897.84,1897.07,1897.37
2023.08.22 23:00,1897.93,1898.65,1897.74,1898.58
2023.08.23 00:00,1898.56,1900.32,1898.47,1899.00
2023.08.23 01:00,1899.02,1901.86,1898.78,1901.63
2023.08.23 02:00,1901.65,1902.97,1900.75,1900.99
2023.08.23 03:00,1900.94,1902.03,1900.12,1901.60
2023.08.23 04:00,1901.60,1903.36,1900.72,1903.30
2023.08.23 05:00,1903.36,1903.97,1902.33,1902.65
2023.08.23 06:00,1902.62,1904.71,1902.19,1902.90
2023.08.23 07:00,1902.88,1904.35,1901.70,1903.61
2023.08.23 08:00,1903.57,1905.39,1903.40,1903.75
2023.08.23 09:00,1903.88,1905.12,1901.78,1902.68
2023.08.23 10:00,1902.65,1904.06,1901.23,1903.22
2023.08.23 11:00,1903.15,1904.59,1902.77,1903.29
2023.08.23 12:00,1903.28,1908.63,1902.64,1903.69
2023.08.23 13:00,1903.70,1918.89,1902.96,1917.91
2023.08.23 14:00,1917.91,1918.26,1914.45,1915.65
2023.08.23 15:00,1915.66,1918.28,1915.50,1918.24
2023.08.23 16:00,1918.24,1920.30,1918.18,1919.76
2023.08.23 17:00,1919.78,1919.86,1917.43,1917.95
2023.08.23 18:00,1917.88,1918.13,1916.22,1916.62
2023.08.23 19:00,1916.63,1917.56,1916.41,1916.76
2023.08.23 20:00,1916.76,1916.90,1914.43,1915.23
2023.08.23 23:00,1917.06,1918.07,1916.15,1917.89
2023.08.24 00:00,1917.92,1919.28,1917.30,1918.64
2023.08.24 01:00,1918.64,1919.07,1917.52,1918.76
2023.08.24 02:00,1918.75,1920.82,1918.74,1919.85
2023.08.24 03:00,1919.85,1921.62,1919.41,1920.96
2023.08.24 04:00,1920.95,1922.22,1919.96,1921.00
2023.08.24 05:00,1921.04,1922.36,1920.24,1921.47
2023.08.24 06:00,1921.46,1922.83,1920.69,1921.59
2023.08.24 07:00,1921.66,1922.21,1919.46,1919.55
2023.08.24 08:00,1919.63,1921.97,1919.52,1920.29
2023.08.24 09:00,1920.29,1921.02,1919.24,1919.62
2023.08.24 10:00,1919.62,1920.73,1918.68,1919.29
2023.08.24 11:00,1919.31,1919.67,1916.43,1916.66
2023.08.24 12:00,1916.72,1916.77,1911.77,1915.15
2023.08.24 13:00,1915.16,1916.76,1911.87,1916.10
2023.08.24 14:00,1916.15,1923.31,1916.08,1921.38
2023.08.24 15:00,1921.38,1922.18,1919.98,1921.06
2023.08.24 16:00,1921.05,1921.47,1917.31,1918.37
2023.08.24 17:00,1918.36,1919.64,1916.68,1917.15
2023.08.24 18:00,1917.20,1918.05,1916.69,1916.89
2023.08.24 19:00,1916.92,1918.04,1916.74,1916.74
2023.08.24 20:00,1916.72,1917.46,1916.29,1916.71
2023.08.24 23:00,1916.90,1916.91,1915.64,1915.85
2023.08.25 00:00,1915.86,1916.57,1915.08,1915.52
2023.08.25 01:00,1915.55,1917.51,1914.72,1917.04
2023.08.25 02:00,1917.00,1917.13,1914.31,1914.82
2023.08.25 03:00,1914.83,1915.00,1913.13,1913.43
2023.08.25 04:00,1913.44,1914.87,1913.22,1913.69
2023.08.25 05:00,1913.74,1914.68,1913.09,1914.44
2023.08.25 06:00,1914.43,1915.06,1912.79,1913.06
2023.08.25 07:00,1913.11,1916.12,1913.08,1914.20
2023.08.25 08:00,1914.18,1915.46,1913.23,1915.40
2023.08.25 09:00,1915.38,1917.99,1915.20,1916.11
2023.08.25 10:00,1916.13,1917.79,1915.73,1917.72
2023.08.25 11:00,1917.70,1918.46,1916.15,1918.37
2023.08.25 12:00,1918.35,1920.23,1916.43,1917.27
2023.08.25 13:00,1917.34,1917.66,1913.32,1915.25
2023.08.25 14:00,1915.23,1922.31,1903.72,1904.62
2023.08.25 15:00,1904.53,1910.59,1903.88,1907.72
2023.08.25 16:00,1907.72,1910.68,1907.54,1909.98
2023.08.25 17:00,1910.00,1912.69,1909.88,1912.29
2023.08.25 18:00,1912.33,1914.70,1911.87,1913.33
2023.08.25 19:00,1913.33,1914.37,1912.08,1914.30
2023.08.25 20:00,1914.30,1914.93,1913.24,1914.54
2023.08.27 23:00,1914.92,1916.10,1914.24,1915.05
2023.08.28 00:00,1915.05,1916.62,1914.57,1915.74
2023.08.28 01:00,1915.63,1917.45,1915.22,1915.48
2023.08.28 02:00,1915.50,1916.18,1915.07,1915.48
2023.08.28 03:00,1915.50,1916.97,1915.26,1916.30
2023.08.28 04:00,1916.28,1916.72,1914.67,1915.59
2023.08.28 05:00,1915.60,1917.53,1915.17,1915.67
2023.08.28 06:00,1915.66,1917.77,1915.65,1915.94
2023.08.28 07:00,1915.96,1916.35,1914.32,1914.59
2023.08.28 08:00,1914.59,1915.27,1913.48,1914.70
2023.08.28 09:00,1914.68,1915.71,1913.89,1914.06
2023.08.28 10:00,1914.08,1915.19,1913.74,1915.18
2023.08.28 11:00,1915.22,1915.40,1914.40,1914.71
2023.08.28 12:00,1914.73,1917.33,1913.37,1917.07
2023.08.28 13:00,1917.07,1918.81,1912.77,1918.13
2023.08.28 14:00,1918.12,1919.92,1917.28,1918.72
2023.08.28 15:00,1918.77,1926.01,1918.13,1924.73
2023.08.28 16:00,1924.73,1925.26,1920.17,1920.63
2023.08.28 17:00,1920.60,1920.83,1916.80,1920.28
2023.08.28 18:00,1920.29,1920.51,1919.39,1919.55
2023.08.28 19:00,1919.63,1920.60,1919.42,1919.64
2023.08.28 20:00,1919.67,1920.37,1919.56,1920.13
2023.08.28 23:00,1920.78,1921.63,1920.72,1921.22
2023.08.29 00:00,1921.23,1922.08,1921.03,1921.61
2023.08.29 01:00,1921.62,1923.03,1921.31,1922.07
2023.08.29 02:00,1922.07,1923.93,1921.46,1923.74
2023.08.29 03:00,1923.82,1925.82,1923.51,1925.37
2023.08.29 04:00,1925.39,1925.58,1923.81,1923.85
2023.08.29 05:00,1923.87,1925.59,1923.22,1924.41
2023.08.29 06:00,1924.43,1925.28,1922.84,1922.90
2023.08.29 07:00,1922.83,1924.92,1921.54,1923.23
2023.08.29 08:00,1923.23,1924.25,1922.21,1922.87
2023.08.29 09:00,1922.87,1924.40,1922.49,1924.34
2023.08.29 10:00,1924.33,1924.36,1920.18,1920.29
2023.08.29 11:00,1920.29,1920.39,1916.72,1917.14
2023.08.29 12:00,1917.21,1917.27,1914.39,1916.96
2023.08.29 13:00,1916.96,1921.89,1916.73,1921.00
2023.08.29 14:00,1920.87,1934.85,1920.79,1934.18
2023.08.29 15:00,1934.16,1937.63,1932.63,1936.67
2023.08.29 16:00,1936.70,1937.67,1934.03,1936.28
2023.08.29 17:00,1936.28,1938.12,1935.84,1937.15
2023.08.29 18:00,1937.13,1937.20,1935.11,1937.00
2023.08.29 19:00,1936.99,1938.12,1936.35,1937.99
2023.08.29 20:00,1937.97,1937.97,1937.21,1937.39
2023.08.29 23:00,1937.20,1937.56,1935.91,1936.19
2023.08.30 00:00,1936.16,1937.22,1935.88,1936.75
2023.08.30 01:00,1936.81,1937.04,1935.36,1936.15
2023.08.30 02:00,1936.17,1937.46,1936.09,1936.76
2023.08.30 03:00,1936.75,1936.98,1935.95,1936.78
2023.08.30 04:00,1936.78,1937.13,1935.92,1936.11
2023.08.30 05:00,1936.13,1936.85,1935.20,1935.37
2023.08.30 06:00,1935.37,1936.89,1935.12,1936.07
2023.08.30 07:00,1936.13,1936.81,1934.95,1936.44
2023.08.30 08:00,1936.42,1936.95,1935.43,1936.57
2023.08.30 09:00,1936.58,1938.76,1935.93,1938.12
2023.08.30 10:00,1938.09,1938.28,1936.61,1937.91
2023.08.30 11:00,1937.91,1939.57,1937.21,1939.08
2023.08.30 12:00,1939.09,1945.75,1938.75,1945.20
2023.08.30 13:00,1945.14,1948.65,1942.88,1947.40
2023.08.30 14:00,1947.36,1949.08,1945.05,1946.61
2023.08.30 15:00,1946.60,1946.95,1944.08,1944.91
2023.08.30 16:00,1944.85,1945.03,1943.12,1944.87
2023.08.30 17:00,1944.90,1945.69,1943.48,1943.66
2023.08.30 18:00,1943.67,1944.49,1942.90,1943.83
2023.08.30 19:00,1943.84,1943.95,1943.09,1943.39
2023.08.30 20:00,1943.47,1943.65,1942.02,1942.33
2023.08.30 23:00,1944.59,1944.71,1943.74,1944.22
2023.08.31 00:00,1944.22,1945.53,1944.11,1945.38
2023.08.31 01:00,1945.35,1947.73,1945.32,1947.18
2023.08.31 02:00,1947.19,1947.75,1945.44,1946.13
2023.08.31 03:00,1945.93,1946.08,1944.68,1945.15
2023.08.31 04:00,1945.13,1946.04,1944.88,1945.76
2023.08.31 05:00,1945.78,1945.96,1944.47,1945.38
2023.08.31 06:00,1945.38,1945.73,1943.20,1943.78
2023.08.31 07:00,1943.79,1946.28,1943.79,1945.02
2023.08.31 08:00,1945.01,1945.54,1944.34,1944.39
2023.08.31 09:00,1944.40,1945.16,1943.63,1944.76
2023.08.31 10:00,1944.77,1945.32,1943.90,1944.29
2023.08.31 11:00,1944.40,1945.90,1943.80,1945.68
2023.08.31 12:00,1945.69,1947.84,1943.10,1945.80
2023.08.31 13:00,1945.80,1946.38,1940.35,1943.70
2023.08.31 14:00,1943.70,1945.10,1941.04,1942.94
2023.08.31 15:00,1942.97,1943.75,1938.94,1940.66
2023.08.31 16:00,1940.66,1942.53,1940.51,1941.71
2023.08.31 17:00,1941.73,1941.80,1939.01,1940.47
2023.08.31 18:00,1940.46,1942.07,1940.25,1941.36
2023.08.31 19:00,1941.33,1941.69,1939.91,1940.02
2023.08.31 20:00,1940.02,1940.59,1939.32,1940.07
2023.08.31 23:00,1940.09,1940.14,1938.97,1939.89
2023.09.01 00:00,1939.90,1940.28,1938.66,1939.30
2023.09.01 01:00,1939.29,1944.01,1939.25,1942.59
2023.09.01 02:00,1942.54,1942.65,1939.89,1940.43
2023.09.01 03:00,1940.35,1940.35,1938.72,1938.94
2023.09.01 04:00,1938.96,1940.19,1938.15,1940.00
2023.09.01 05:00,1940.01,1940.67,1939.19,1939.74
2023.09.01 06:00,1939.72,1940.47,1938.41,1940.40
2023.09.01 07:00,1940.43,1943.51,1940.30,1943.10
2023.09.01 08:00,1943.14,1943.74,1941.88,1943.00
2023.09.01 09:00,1942.99,1944.46,1942.93,1944.24
2023.09.01 10:00,1944.23,1944.38,1943.43,1944.27
2023.09.01 11:00,1944.26,1945.83,1943.99,1944.47
2023.09.01 12:00,1944.46,1952.90,1944.17,1949.96
2023.09.01 13:00,1950.01,1951.40,1940.03,1943.70
2023.09.01 14:00,1943.63,1943.63,1934.42,1940.03
2023.09.01 15:00,1940.02,1940.50,1936.67,1938.81
2023.09.01 16:00,1938.83,1939.82,1937.52,1938.11
2023.09.01 17:00,1938.13,1941.55,1937.28,1941.16
2023.09.01 18:00,1941.17,1941.22,1940.28,1941.09
2023.09.01 19:00,1941.06,1941.32,1940.44,1940.53
2023.09.01 20:00,1940.60,1940.70,1939.49,1940.09
2023.09.03 23:00,1939.54,1941.01,1939.47,1940.59
2023.09.04 00:00,1940.59,1941.69,1940.10,1940.92
2023.09.04 01:00,1940.90,1943.98,1940.34,1943.00
2023.09.04 02:00,1943.02,1946.10,1942.98,1945.66
2023.09.04 03:00,1945.67,1945.99,1944.80,1944.95
2023.09.04 04:00,1944.96,1945.17,1944.26,1945.07
2023.09.04 05:00,1945.08,1945.79,1944.04,1944.54
2023.09.04 06:00,1944.54,1946.36,1944.33,1945.10
2023.09.04 07:00,1945.11,1945.24,1943.10,1943.78
2023.09.04 08:00,1943.79,1944.48,1942.64,1943.89
2023.09.04 09:00,1943.89,1944.24,1940.76,1940.99
2023.09.04 10:00,1940.99,1942.85,1940.44,1940.64
2023.09.04 11:00,1940.64,1942.09,1939.98,1941.79
2023.09.04 12:00,1941.79,1941.85,1940.00,1940.06
2023.09.04 13:00,1940.07,1940.35,1938.02,1938.37
2023.09.04 14:00,1938.31,1938.90,1936.90,1938.44
2023.09.04 15:00,1938.46,1939.19,1938.20,1938.79
2023.09.04 16:00,1938.76,1939.01,1938.10,1938.44
2023.09.04 17:00,1938.43,1938.99,1938.08,1938.61
2023.09.04 18:00,1938.68,1938.91,1938.28,1938.29
2023.09.04 23:00,1938.24,1938.68,1937.59,1937.68
2023.09.05 00:00,1937.69,1938.08,1937.11,1937.95
2023.09.05 01:00,1937.98,1938.81,1934.98,1935.99
2023.09.05 02:00,1935.99,1937.57,1935.26,1937.11
2023.09.05 03:00,1937.13,1937.48,1936.20,1937.10
2023.09.05 04:00,1937.11,1938.99,1937.01,1938.66
2023.09.05 05:00,1938.70,1939.09,1936.64,1937.14
2023.09.05 06:00,1937.15,1937.39,1935.22,1936.84
2023.09.05 07:00,1936.86,1938.26,1935.54,1935.66
2023.09.05 08:00,1935.63,1935.81,1932.24,1933.49
2023.09.05 09:00,1933.44,1933.51,1930.56,1930.73
2023.09.05 10:00,1930.72,1932.41,1930.15,1931.05
2023.09.05 11:00,1931.08,1931.89,1929.84,1930.47
2023.09.05 12:00,1930.42,1934.65,1927.95,1933.71
2023.09.05 13:00,1933.77,1934.18,1926.72,1927.66
2023.09.05 14:00,1927.80,1928.23,1925.29,1927.40
2023.09.05 15:00,1927.35,1928.99,1926.05,1926.05
2023.09.05 16:00,1926.02,1927.95,1926.01,1927.28
2023.09.05 17:00,1927.26,1927.50,1926.24,1926.51
2023.09.05 18:00,1926.51,1927.49,1925.96,1926.02
2023.09.05 19:00,1926.02,1927.30,1925.46,1925.81
2023.09.05 20:00,1925.82,1926.42,1925.29,1925.79
2023.09.05 23:00,1926.34,1926.91,1925.73,1926.62
2023.09.06 00:00,1926.61,1926.74,1924.43,1924.73
2023.09.06 01:00,1924.74,1925.67,1924.15,1924.85
2023.09.06 02:00,1924.92,1926.79,1924.31,1926.34
2023.09.06 03:00,1926.31,1926.63,1925.70,1926.55
2023.09.06 04:00,1926.54,1927.35,1926.37,1927.18
2023.09.06 05:00,1927.20,1928.49,1927.09,1928.18
2023.09.06 06:00,1928.20,1928.36,1925.61,1926.11
2023.09.06 07:00,1926.09,1926.57,1922.84,1922.88
2023.09.06 08:00,1922.85,1924.93,1922.48,1924.72
2023.09.06 09:00,1924.72,1925.53,1922.78,1925.22
2023.09.06 10:00,1925.26,1927.65,1925.25,1926.45
2023.09.06 11:00,1926.50,1926.96,1925.30,1925.47
2023.09.06 12:00,1925.45,1927.33,1923.15,1923.25
2023.09.06 13:00,1923.18,1929.19,1921.10,1927.95
2023.09.06 14:00,1927.84,1927.84,1915.25,1918.11
2023.09.06 15:00,1918.18,1918.28,1915.49,1916.77
2023.09.06 16:00,1916.81,1920.20,1916.22,1919.95
2023.09.06 17:00,1920.01,1920.64,1917.50,1917.65
2023.09.06 18:00,1917.65,1918.15,1915.98,1917.63
2023.09.06 19:00,1917.63,1917.68,1916.36,1916.62
2023.09.06 20:00,1916.64,1917.04,1915.93,1916.39
2023.09.06 23:00,1917.61,1917.91,1916.87,1917.12
2023.09.07 00:00,1917.10,1917.14,1916.26,1916.85
2023.09.07 01:00,1916.83,1919.62,1916.62,1919.53
2023.09.07 02:00,1919.53,1919.80,1917.66,1919.77
2023.09.07 03:00,1919.77,1920.68,1919.34,1920.11
2023.09.07 04:00,1920.09,1920.18,1917.95,1918.93
2023.09.07 05:00,1918.91,1919.38,1917.34,1917.49
2023.09.07 06:00,1917.44,1919.78,1917.38,1918.44
2023.09.07 07:00,1918.51,1918.68,1917.01,1918.29
2023.09.07 08:00,1918.30,1919.29,1917.36,1918.86
2023.09.07 09:00,1918.88,1920.48,1918.53,1920.25
2023.09.07 10:00,1920.29,1921.12,1919.41,1920.02
2023.09.07 11:00,1920.04,1922.27,1920.01,1921.85
2023.09.07 12:00,1921.84,1923.59,1916.18,1923.18
2023.09.07 13:00,1923.19,1923.47,1918.21,1920.03
2023.09.07 14:00,1920.01,1921.49,1917.24,1918.08
2023.09.07 15:00,1918.08,1921.38,1917.23,1920.94
2023.09.07 16:00,1920.95,1921.41,1918.01,1918.03
2023.09.07 17:00,1917.98,1919.32,1917.41,1918.45
2023.09.07 18:00,1918.46,1920.73,1918.05,1920.31
2023.09.07 19:00,1920.30,1920.55,1918.62,1918.76
2023.09.07 20:00,1918.79,1919.78,1918.79,1919.56
2023.09.07 23:00,1919.78,1920.27,1919.73,1920.25
2023.09.08 00:00,1920.25,1924.57,1920.06,1923.65
2023.09.08 01:00,1923.60,1926.01,1922.82,1925.81
2023.09.08 02:00,1925.81,1927.28,1925.01,1925.95
2023.09.08 03:00,1925.94,1926.22,1924.33,1924.92
2023.09.08 04:00,1924.96,1925.06,1924.27,1924.51
2023.09.08 05:00,1924.53,1925.91,1924.28,1925.69
2023.09.08 06:00,1925.67,1927.26,1924.85,1925.32
2023.09.08 07:00,1925.37,1925.96,1923.80,1924.13
2023.09.08 08:00,1924.14,1924.74,1923.33,1924.67
2023.09.08 09:00,1924.67,1925.85,1923.84,1925.19
2023.09.08 10:00,1925.20,1925.58,1923.30,1923.45
2023.09.08 11:00,1923.52,1923.95,1922.58,1922.97
2023.09.08 12:00,1922.99,1926.04,1920.36,1920.44
2023.09.08 13:00,1920.46,1928.84,1920.22,1928.57
2023.09.08 14:00,1928.57,1929.70,1923.82,1923.88
2023.09.08 15:00,1923.89,1924.25,1919.18,1919.60
2023.09.08 16:00,1919.59,1919.81,1917.31,1919.67
2023.09.08 17:00,1919.70,1920.49,1918.80,1920.43
2023.09.08 18:00,1920.47,1920.71,1918.41,1918.57
2023.09.08 19:00,1918.57,1919.38,1918.05,1919.19
2023.09.08 20:00,1919.18,1919.38,1918.71,1919.02
2023.09.10 23:00,1918.26,1919.63,1916.81,1918.83
2023.09.11 00:00,1918.87,1920.19,1918.30,1920.01
2023.09.11 01:00,1919.98,1923.23,1919.04,1922.33
2023.09.11 02:00,1922.36,1924.13,1922.25,1922.69
2023.09.11 03:00,1922.66,1923.64,1922.30,1923.29
2023.09.11 04:00,1923.27,1926.71,1922.92,1926.47
2023.09.11 05:00,1926.40,1927.97,1925.91,1927.60
2023.09.11 06:00,1927.65,1928.61,1926.32,1927.81
2023.09.11 07:00,1927.87,1930.67,1926.23,1926.46
2023.09.11 08:00,1926.38,1927.76,1925.39,1927.74
2023.09.11 09:00,1927.66,1928.04,1925.28,1925.32
2023.09.11 10:00,1925.32,1926.35,1924.75,1925.80
2023.09.11 11:00,1925.70,1926.52,1924.62,1925.14
2023.09.11 12:00,1925.27,1927.32,1924.21,1927.27
2023.09.11 13:00,1927.20,1930.12,1924.34,1925.87
2023.09.11 14:00,1925.88,1926.68,1921.49,1922.52
2023.09.11 15:00,1922.43,1924.34,1921.39,1923.02
2023.09.11 16:00,1923.03,1925.11,1922.74,1923.42
2023.09.11 17:00,1923.43,1924.37,1922.41,1922.66
2023.09.11 18:00,1922.66,1922.95,1921.42,1921.77
2023.09.11 19:00,1921.79,1923.17,1921.55,1922.72
2023.09.11 20:00,1922.60,1922.67,1922.19,1922.22
2023.09.11 23:00,1922.50,1922.54,1921.15,1921.65
2023.09.12 00:00,1921.65,1922.57,1921.16,1921.53
2023.09.12 01:00,1921.53,1923.50,1920.33,1921.84
2023.09.12 02:00,1921.77,1923.39,1921.20,1922.96
2023.09.12 03:00,1922.97,1924.27,1922.22,1923.73
2023.09.12 04:00,1923.72,1924.44,1922.23,1922.23
2023.09.12 05:00,1922.35,1922.36,1919.85,1920.22
2023.09.12 06:00,1920.28,1920.65,1918.88,1920.00
2023.09.12 07:00,1919.99,1920.08,1918.79,1918.99
2023.09.12 08:00,1919.02,1921.31,1918.56,1919.69
2023.09.12 09:00,1919.71,1920.08,1918.54,1918.99
2023.09.12 10:00,1918.99,1919.62,1914.99,1915.57
2023.09.12 11:00,1915.56,1915.60,1910.83,1912.90
2023.09.12 12:00,1912.98,1912.99,1908.50,1909.77
2023.09.12 13:00,1909.72,1911.93,1907.54,1909.22
2023.09.12 14:00,1909.22,1914.63,1908.36,1911.92
2023.09.12 15:00,1911.95,1913.75,1911.67,1912.48
2023.09.12 16:00,1912.47,1915.05,1911.65,1912.38
2023.09.12 17:00,1912.39,1913.31,1911.75,1912.05
2023.09.12 18:00,1912.06,1913.51,1911.81,1913.39
2023.09.12 19:00,1913.37,1913.61,1912.68,1912.97
2023.09.12 20:00,1912.96,1913.55,1912.59,1913.42
2023.09.12 23:00,1913.50,1913.81,1912.39,1912.90
2023.09.13 00:00,1912.86,1913.69,1912.41,1912.55
2023.09.13 01:00,1912.53,1913.81,1910.67,1911.42
2023.09.13 02:00,1911.46,1911.86,1908.79,1909.03
2023.09.13 03:00,1909.00,1909.65,1908.17,1909.62
2023.09.13 04:00,1909.63,1911.95,1909.40,1911.64
2023.09.13 05:00,1911.65,1912.58,1909.23,1910.21
2023.09.13 06:00,1910.22,1910.49,1908.16,1909.86
2023.09.13 07:00,1909.92,1912.16,1909.28,1912.07
2023.09.13 08:00,1912.04,1912.59,1911.16,1912.13
2023.09.13 09:00,1912.13,1912.47,1910.72,1911.21
2023.09.13 10:00,1911.17,1912.52,1910.78,1912.51
2023.09.13 11:00,1912.59,1913.03,1911.36,1912.30
2023.09.13 12:00,1912.31,1914.44,1905.57,1912.26
2023.09.13 13:00,1912.30,1915.75,1909.36,1913.34
2023.09.13 14:00,1913.33,1914.70,1909.79,1912.66
2023.09.13 15:00,1912.68,1913.53,1909.23,1910.43
2023.09.13 16:00,1910.44,1911.68,1908.84,1909.41
2023.09.13 17:00,1909.40,1911.18,1908.10,1910.02
2023.09.13 18:00,1910.01,1910.36,1908.80,1909.34
2023.09.13 19:00,1909.33,1909.33,1908.42,1908.78
2023.09.13 20:00,1908.79,1908.92,1907.94,1907.98
2023.09.13 23:00,1908.87,1909.54,1907.47,1909.22
2023.09.14 00:00,1909.23,1912.81,1908.93,1912.59
2023.09.14 01:00,1912.56,1912.85,1910.57,1911.14
2023.09.14 02:00,1911.10,1911.32,1908.76,1909.92
2023.09.14 03:00,1909.93,1910.61,1908.82,1909.71
2023.09.14 04:00,1909.70,1910.64,1909.14,1909.45
2023.09.14 05:00,1909.45,1910.98,1907.66,1907.97
2023.09.14 06:00,1908.01,1908.61,1906.92,1907.24
2023.09.14 07:00,1907.32,1907.50,1905.19,1905.88
2023.09.14 08:00,1905.87,1907.35,1905.47,1907.30
2023.09.14 09:00,1907.31,1907.55,1906.03,1906.29
2023.09.14 10:00,1906.31,1909.10,1906.23,1908.98
2023.09.14 11:00,1908.95,1909.08,1907.10,1907.49
2023.09.14 12:00,1907.52,1910.29,1901.11,1904.44
2023.09.14 13:00,1904.37,1907.55,1901.96,1903.16
2023.09.14 14:00,1903.10,1909.32,1900.47,1907.43
2023.09.14 15:00,1907.43,1911.30,1905.66,1908.00
2023.09.14 16:00,1907.99,1912.10,1907.97,1910.19
2023.09.14 17:00,1910.19,1911.40,1908.31,1908.70
2023.09.14 18:00,1908.71,1909.51,1908.05,1908.24
2023.09.14 19:00,1908.27,1909.46,1908.23,1909.43
2023.09.14 20:00,1909.38,1910.64,1909.17,1910.55
2023.09.14 23:00,1910.34,1911.05,1909.75,1909.76
2023.09.15 00:00,1909.81,1911.55,1909.76,1911.23
2023.09.15 01:00,1911.24,1915.40,1910.36,1915.27
2023.09.15 02:00,1915.27,1915.96,1914.54,1915.53
2023.09.15 03:00,1915.52,1915.90,1914.62,1915.65
2023.09.15 04:00,1915.65,1916.83,1915.21,1916.14
2023.09.15 05:00,1916.17,1916.30,1914.93,1916.26
2023.09.15 06:00,1916.27,1919.49,1916.04,1918.55
2023.09.15 07:00,1918.61,1918.84,1915.41,1918.01
2023.09.15 08:00,1918.05,1918.46,1916.74,1918.02
2023.09.15 09:00,1918.01,1919.18,1917.72,1917.97
2023.09.15 10:00,1918.01,1918.25,1917.05,1917.07
2023.09.15 11:00,1917.12,1919.93,1916.71,1919.20
2023.09.15 12:00,1919.19,1920.58,1916.06,1917.15
2023.09.15 13:00,1917.19,1926.76,1916.92,1924.58
2023.09.15 14:00,1924.32,1930.36,1924.32,1928.47
2023.09.15 15:00,1928.48,1929.68,1924.71,1926.46
2023.09.15 16:00,1926.45,1927.83,1924.96,1925.36
2023.09.15 17:00,1925.43,1926.07,1924.00,1924.85
2023.09.15 18:00,1924.86,1925.11,1923.97,1924.14
2023.09.15 19:00,1924.12,1924.58,1922.40,1922.53
2023.09.15 20:00,1922.54,1924.02,1922.47,1923.77
2023.09.17 23:00,1923.69,1923.69,1922.45,1923.22
2023.09.18 00:00,1923.30,1924.69,1923.18,1924.57
2023.09.18 01:00,1924.63,1926.57,1923.28,1925.20
2023.09.18 02:00,1925.20,1928.69,1925.15,1928.06
2023.09.18 03:00,1928.07,1929.45,1927.96,1928.76
2023.09.18 04:00,1928.64,1929.32,1927.64,1928.13
2023.09.18 05:00,1928.17,1930.60,1927.74,1929.84
2023.09.18 06:00,1929.83,1930.30,1928.05,1928.49
2023.09.18 07:00,1928.49,1929.17,1926.43,1926.49
2023.09.18 08:00,1926.39,1926.64,1925.04,1926.10
2023.09.18 09:00,1926.10,1927.00,1925.57,1926.85
2023.09.18 10:00,1926.86,1927.49,1926.31,1926.80
2023.09.18 11:00,1926.80,1928.19,1926.43,1926.81
2023.09.18 12:00,1926.83,1928.08,1923.53,1924.04
2023.09.18 13:00,1924.11,1928.48,1923.43,1924.01
2023.09.18 14:00,1924.06,1927.72,1922.84,1926.86
2023.09.18 15:00,1926.82,1929.33,1926.26,1928.89
2023.09.18 16:00,1928.93,1931.11,1927.67,1931.03
2023.09.18 17:00,1931.04,1933.48,1930.95,1932.14
2023.09.18 18:00,1932.12,1932.25,1931.05,1931.48
2023.09.18 19:00,1931.54,1933.59,1931.43,1933.25
2023.09.18 20:00,1933.24,1934.20,1932.98,1933.69
2023.09.18 23:00,1933.66,1934.53,1933.28,1934.11
2023.09.19 00:00,1934.12,1934.57,1932.62,1932.77
2023.09.19 01:00,1932.84,1933.27,1931.67,1932.97
2023.09.19 02:00,1933.02,1933.42,1932.39,1932.87
2023.09.19 03:00,1932.87,1933.05,1932.09,1932.24
2023.09.19 04:00,1932.23,1932.51,1931.25,1931.25
2023.09.19 05:00,1931.31,1931.82,1930.28,1930.85
2023.09.19 06:00,1930.86,1931.35,1929.74,1930.44
2023.09.19 07:00,1930.60,1934.73,1930.58,1934.43
2023.09.19 08:00,1934.45,1934.92,1933.45,1933.78
2023.09.19 09:00,1933.77,1935.33,1933.59,1935.17
2023.09.19 10:00,1935.16,1936.74,1934.55,1935.31
2023.09.19 11:00,1935.29,1936.05,1934.37,1935.31
2023.09.19 12:00,1935.25,1937.38,1934.13,1935.83
2023.09.19 13:00,1935.85,1936.32,1932.76,1934.75
2023.09.19 14:00,1934.64,1935.19,1931.07,1934.85
2023.09.19 15:00,1934.84,1935.05,1932.03,1933.11
2023.09.19 16:00,1933.12,1933.75,1930.81,1930.93
2023.09.19 17:00,1930.93,1933.02,1930.56,1930.83
2023.09.19 18:00,1930.83,1931.23,1929.70,1930.72
2023.09.19 19:00,1930.72,1932.35,1930.63,1931.94
2023.09.19 20:00,1931.86,1931.86,1931.02,1931.11
2023.09.19 23:00,1931.83,1931.84,1930.82,1931.39
2023.09.20 00:00,1931.38,1931.54,1930.26,1930.67
2023.09.20 01:00,1930.70,1930.74,1928.40,1930.00
2023.09.20 02:00,1929.98,1931.17,1929.96,1930.75
2023.09.20 03:00,1930.74,1931.43,1930.34,1930.58
2023.09.20 04:00,1930.57,1930.88,1929.60,1929.78
2023.09.20 05:00,1929.78,1931.69,1929.62,1931.06
2023.09.20 06:00,1931.06,1932.29,1929.79,1930.36
2023.09.20 07:00,1930.36,1930.47,1927.86,1928.72
2023.09.20 08:00,1928.71,1930.26,1928.65,1929.06
2023.09.20 09:00,1929.06,1931.81,1929.06,1931.73
2023.09.20 10:00,1931.67,1932.68,1931.55,1932.55
2023.09.20 11:00,1932.59,1932.64,1930.96,1932.06
2023.09.20 12:00,1932.03,1934.07,1930.92,1932.18
2023.09.20 13:00,1932.17,1943.39,1931.91,1940.55
2023.09.20 14:00,1940.53,1944.53,1940.35,1943.94
2023.09.20 15:00,1943.98,1945.82,1941.61,1941.84
2023.09.20 16:00,1941.84,1946.75,1941.60,1946.75
2023.09.20 17:00,1946.81,1947.48,1945.30,1946.08
2023.09.20 18:00,1941.32,1946.79,1939.33,1940.43
2023.09.20 19:00,1940.42,1941.23,1932.89,1933.05
2023.09.20 20:00,1933.09,1933.70,1929.16,1930.16
2023.09.20 23:00,1931.21,1931.21,1929.21,1929.46
2023.09.21 00:00,1929.50,1929.73,1924.58,1924.99
2023.09.21 01:00,1925.07,1927.27,1924.15,1926.89
2023.09.21 02:00,1926.88,1927.59,1925.71,1926.77
2023.09.21 03:00,1926.77,1928.71,1926.77,1928.29
2023.09.21 04:00,1928.30,1928.65,1927.82,1928.08
2023.09.21 05:00,1928.00,1929.02,1926.99,1928.83
2023.09.21 06:00,1928.83,1930.50,1927.75,1928.22
2023.09.21 07:00,1928.23,1928.78,1926.38,1927.20
2023.09.21 08:00,1927.23,1927.46,1922.88,1923.08
2023.09.21 09:00,1922.98,1924.83,1922.54,1924.70
2023.09.21 10:00,1924.72,1926.13,1923.78,1925.21
2023.09.21 11:00,1925.22,1925.29,1920.30,1920.77
2023.09.21 12:00,1920.84,1920.84,1914.13,1916.53
2023.09.21 13:00,1916.52,1918.93,1913.96,1916.52
2023.09.21 14:00,1916.49,1923.84,1915.20,1920.25
2023.09.21 15:00,1920.25,1921.29,1917.19,1917.55
2023.09.21 16:00,1917.61,1920.03,1916.36,1919.57
2023.09.21 17:00,1919.57,1921.32,1918.73,1920.55
2023.09.21 18:00,1920.54,1921.31,1919.63,1919.93
2023.09.21 19:00,1919.94,1921.17,1919.41,1919.77
2023.09.21 20:00,1919.76,1920.24,1919.57,1919.88
2023.09.21 23:00,1920.23,1921.64,1920.19,1921.42
2023.09.22 00:00,1921.45,1923.68,1921.28,1923.47
2023.09.22 01:00,1923.45,1924.26,1922.10,1924.05
2023.09.22 02:00,1924.04,1925.54,1923.46,1923.97
2023.09.22 03:00,1923.96,1924.65,1922.54,1923.88
2023.09.22 04:00,1923.90,1924.91,1923.42,1924.44
2023.09.22 05:00,1924.42,1925.17,1923.74,1924.77
2023.09.22 06:00,1924.75,1926.01,1924.33,1925.51
2023.09.22 07:00,1925.52,1928.72,1924.74,1928.09
2023.09.22 08:00,1928.04,1928.07,1926.37,1926.78
2023.09.22 09:00,1926.78,1927.69,1925.09,1925.45
2023.09.22 10:00,1925.45,1926.42,1924.36,1924.60
2023.09.22 11:00,1924.64,1926.85,1924.51,1925.61
2023.09.22 12:00,1925.63,1926.57,1924.23,1926.20
2023.09.22 13:00,1926.19,1928.44,1924.96,1926.13
2023.09.22 14:00,1926.13,1929.09,1925.67,1928.25
2023.09.22 15:00,1928.32,1928.84,1926.69,1927.79
2023.09.22 16:00,1927.80,1928.56,1924.90,1925.38
2023.09.22 17:00,1925.39,1926.44,1924.65,1925.61
2023.09.22 18:00,1925.63,1926.01,1924.40,1925.06
2023.09.22 19:00,1925.06,1925.70,1924.49,1925.45
2023.09.22 20:00,1925.45,1925.59,1924.69,1925.35
2023.09.24 23:00,1925.80,1925.85,1924.48,1924.81
2023.09.25 00:00,1924.80,1925.19,1923.23,1924.94
2023.09.25 01:00,1924.94,1925.37,1922.95,1923.72
2023.09.25 02:00,1923.72,1924.04,1922.71,1923.80
2023.09.25 03:00,1923.83,1924.33,1922.80,1923.75
2023.09.25 04:00,1923.74,1923.74,1922.85,1923.20
2023.09.25 05:00,1923.10,1923.58,1921.77,1921.77
2023.09.25 06:00,1921.78,1924.86,1920.82,1924.16
2023.09.25 07:00,1924.15,1927.22,1922.46,1923.54
2023.09.25 08:00,1923.54,1923.87,1921.03,1921.72
2023.09.25 09:00,1921.65,1923.14,1921.62,1922.91
2023.09.25 10:00,1922.90,1925.01,1922.20,1924.95
2023.09.25 11:00,1924.98,1925.10,1923.77,1924.14
2023.09.25 12:00,1924.11,1926.84,1923.73,1925.95
2023.09.25 13:00,1925.91,1926.46,1922.32,1925.43
2023.09.25 14:00,1925.43,1925.59,1915.16,1916.94
2023.09.25 15:00,1916.90,1919.22,1915.90,1917.53
2023.09.25 16:00,1917.54,1918.32,1915.81,1916.76
2023.09.25 17:00,1916.77,1917.70,1915.52,1916.05
2023.09.25 18:00,1916.07,1917.23,1915.24,1915.68
2023.09.25 19:00,1915.68,1916.25,1915.49,1915.53
2023.09.25 20:00,1915.57,1916.15,1915.51,1915.82
2023.09.25 23:00,1916.61,1916.75,1916.15,1916.32
2023.09.26 00:00,1916.32,1916.55,1914.71,1914.84
2023.09.26 01:00,1914.89,1915.91,1914.62,1914.93
2023.09.26 02:00,1914.95,1915.23,1913.25,1913.70
2023.09.26 03:00,1913.70,1914.15,1913.05,1913.73
2023.09.26 04:00,1913.67,1914.68,1913.26,1914.67
2023.09.26 05:00,1914.69,1915.22,1913.59,1913.62
2023.09.26 06:00,1913.64,1913.70,1910.49,1910.53
2023.09.26 07:00,1910.55,1913.79,1909.73,1913.73
2023.09.26 08:00,1913.79,1915.73,1913.15,1913.88
2023.09.26 09:00,1913.88,1913.97,1912.11,1913.07
2023.09.26 10:00,1913.07,1913.47,1911.30,1911.84
2023.09.26 11:00,1911.83,1913.69,1910.58,1911.64
2023.09.26 12:00,1911.67,1912.86,1905.30,1910.27
2023.09.26 13:00,1910.39,1910.39,1904.71,1906.79
2023.09.26 14:00,1906.82,1909.48,1905.67,1906.50
2023.09.26 15:00,1906.51,1906.54,1900.86,1902.47
2023.09.26 16:00,1902.47,1903.64,1900.81,1901.28
2023.09.26 17:00,1901.29,1902.30,1900.64,1901.04
2023.09.26 18:00,1901.05,1901.60,1899.14,1899.97
2023.09.26 19:00,1899.97,1901.15,1899.51,1900.60
2023.09.26 20:00,1900.60,1900.90,1900.29,1900.45
2023.09.26 23:00,1900.97,1902.13,1900.97,1901.56
2023.09.27 00:00,1901.66,1902.52,1899.79,1900.69
2023.09.27 01:00,1900.71,1903.92,1899.90,1902.64
2023.09.27 02:00,1902.64,1902.64,1899.98,1900.92
2023.09.27 03:00,1900.90,1900.98,1899.56,1899.96
2023.09.27 04:00,1899.95,1899.95,1896.58,1897.75
2023.09.27 05:00,1897.72,1898.46,1895.64,1896.35
2023.09.27 06:00,1896.33,1898.78,1895.95,1898.00
2023.09.27 07:00,1898.00,1899.02,1896.38,1896.69
2023.09.27 08:00,1896.68,1897.83,1895.10,1896.62
2023.09.27 09:00,1896.66,1896.66,1894.57,1895.56
2023.09.27 10:00,1895.57,1896.31,1893.61,1893.81
2023.09.27 11:00,1893.77,1894.15,1892.42,1892.82
2023.09.27 12:00,1892.82,1893.09,1889.63,1891.71
2023.09.27 13:00,1891.69,1892.14,1884.48,1887.80
2023.09.27 14:00,1887.83,1888.96,1883.53,1883.63
2023.09.27 15:00,1883.61,1884.99,1879.70,1881.46
2023.09.27 16:00,1881.44,1881.55,1875.43,1875.85
2023.09.27 17:00,1875.85,1877.29,1872.53,1874.62
2023.09.27 18:00,1874.67,1877.45,1872.47,1875.95
2023.09.27 19:00,1875.95,1878.22,1875.20,1876.63
2023.09.27 20:00,1876.65,1876.85,1874.61,1874.89
2023.09.27 23:00,1876.96,1877.61,1876.22,1877.54
2023.09.28 00:00,1877.58,1877.86,1876.01,1877.02
2023.09.28 01:00,1877.07,1877.47,1873.50,1874.06
2023.09.28 02:00,1874.06,1875.22,1873.81,1874.79
2023.09.28 03:00,1874.73,1875.17,1873.69,1874.62
2023.09.28 04:00,1874.63,1875.24,1873.61,1874.83
2023.09.28 05:00,1874.84,1877.24,1874.51,1876.97
2023.09.28 06:00,1877.01,1877.60,1873.80,1874.90
2023.09.28 07:00,1875.03,1878.21,1874.61,1875.70
2023.09.28 08:00,1875.79,1876.22,1873.60,1874.09
2023.09.28 09:00,1874.09,1877.16,1873.70,1875.79
2023.09.28 10:00,1875.78,1876.35,1874.42,1874.95
2023.09.28 11:00,1874.91,1876.82,1874.54,1876.05
2023.09.28 12:00,1876.05,1879.55,1871.71,1872.34
2023.09.28 13:00,1872.36,1877.10,1871.20,1873.10
2023.09.28 14:00,1872.94,1876.46,1865.20,1865.27
2023.09.28 15:00,1865.29,1865.94,1857.57,1864.68
2023.09.28 16:00,1864.68,1865.83,1862.29,1863.49
2023.09.28 17:00,1863.51,1864.19,1860.93,1861.92
2023.09.28 18:00,1861.93,1865.93,1861.56,1865.55
2023.09.28 19:00,1865.54,1867.28,1864.59,1867.11
2023.09.28 20:00,1867.11,1867.29,1864.42,1864.46
2023.09.28 23:00,1864.33,1866.70,1863.75,1866.66
2023.09.29 00:00,1866.67,1867.23,1864.79,1865.32
2023.09.29 01:00,1865.32,1866.36,1864.48,1865.81
2023.09.29 02:00,1865.80,1867.00,1864.66,1864.81
2023.09.29 03:00,1864.83,1864.86,1862.94,1863.30
2023.09.29 04:00,1863.29,1865.66,1863.03,1865.03
2023.09.29 05:00,1865.02,1868.23,1864.37,1867.33
2023.09.29 06:00,1867.35,1870.40,1866.25,1870.03
2023.09.29 07:00,1869.99,1873.92,1869.44,1873.49
2023.09.29 08:00,1873.46,1873.71,1871.30,1871.55
2023.09.29 09:00,1871.55,1873.59,1870.91,1873.57
2023.09.29 10:00,1873.57,1873.57,1872.26,1872.27
2023.09.29 11:00,1872.31,1872.31,1867.48,1869.48
2023.09.29 12:00,1869.52,1874.00,1867.98,1873.82
2023.09.29 13:00,1873.88,1879.77,1870.19,1870.41
2023.09.29 14:00,1870.47,1871.69,1858.88,1860.77
2023.09.29 15:00,1860.80,1860.98,1852.17,1854.71
2023.09.29 16:00,1854.71,1856.41,1852.90,1853.68
2023.09.29 17:00,1853.68,1853.71,1849.62,1850.00
2023.09.29 18:00,1850.00,1850.93,1846.29,1848.88
2023.09.29 19:00,1848.81,1850.24,1847.95,1848.19
2023.09.29 20:00,1848.13,1849.80,1847.68,1848.43
2023.10.01 23:00,1846.43,1848.40,1846.10,1848.34
2023.10.02 00:00,1848.36,1848.91,1845.08,1845.42
2023.10.02 01:00,1845.42,1847.36,1843.93,1843.97
2023.10.02 02:00,1843.94,1845.05,1842.78,1844.02
2023.10.02 03:00,1844.02,1844.88,1843.32,1843.45
2023.10.02 04:00,1843.44,1844.31,1842.37,1842.48
2023.10.02 05:00,1842.48,1843.10,1839.11,1839.61
2023.10.02 06:00,1839.54,1846.17,1839.36,1844.54
2023.10.02 07:00,1844.55,1845.99,1839.40,1839.71
2023.10.02 08:00,1839.67,1843.19,1839.41,1839.48
2023.10.02 09:00,1839.47,1839.62,1831.07,1834.20
2023.10.02 10:00,1834.21,1836.22,1832.73,1833.39
2023.10.02 11:00,1833.43,1838.11,1833.43,1837.26
2023.10.02 12:00,1837.27,1840.53,1833.95,1836.22
2023.10.02 13:00,1836.25,1838.38,1832.24,1833.75
2023.10.02 14:00,1833.26,1836.84,1827.05,1828.82
2023.10.02 15:00,1828.88,1834.57,1827.40,1832.61
2023.10.02 16:00,1832.58,1833.20,1830.41,1831.55
2023.10.02 17:00,1831.56,1833.53,1830.94,1831.80
2023.10.02 18:00,1831.83,1833.39,1830.22,1830.54
2023.10.02 19:00,1830.54,1830.61,1829.18,1829.31
2023.10.02 20:00,1829.21,1829.62,1827.44,1827.70
2023.10.02 23:00,1828.12,1828.12,1820.40,1824.96
2023.10.03 00:00,1824.85,1825.21,1821.98,1824.64
2023.10.03 01:00,1824.68,1825.01,1822.59,1822.87
2023.10.03 02:00,1822.90,1823.14,1815.16,1817.36
2023.10.03 03:00,1817.35,1820.67,1816.88,1820.47
2023.10.03 04:00,1820.60,1821.70,1819.67,1820.60
2023.10.03 05:00,1820.56,1820.87,1818.11,1819.36
2023.10.03 06:00,1819.35,1824.53,1819.11,1823.78
2023.10.03 07:00,1823.80,1824.37,1820.63,1823.99
2023.10.03 08:00,1823.97,1829.06,1823.90,1826.17
2023.10.03 09:00,1826.17,1827.90,1823.70,1826.37
2023.10.03 10:00,1826.32,1827.28,1824.93,1825.76
2023.10.03 11:00,1825.76,1827.22,1823.60,1825.87
2023.10.03 12:00,1825.96,1829.59,1824.36,1824.79
2023.10.03 13:00,1824.80,1831.27,1823.26,1829.00
2023.10.03 14:00,1828.96,1833.30,1819.20,1826.41
2023.10.03 15:00,1826.42,1828.53,1821.96,1824.83
2023.10.03 16:00,1824.84,1828.06,1822.84,1823.90
2023.10.03 17:00,1823.91,1825.93,1822.86,1823.58
2023.10.03 18:00,1823.59,1825.45,1821.86,1823.78
2023.10.03 19:00,1823.73,1825.20,1823.31,1823.88
2023.10.03 20:00,1823.88,1825.00,1822.64,1822.64
2023.10.03 23:00,1822.60,1824.89,1822.19,1823.28
2023.10.04 00:00,1823.34,1824.92,1821.82,1823.20
2023.10.04 01:00,1823.17,1824.30,1820.74,1822.72
2023.10.04 02:00,1822.63,1822.94,1819.97,1820.74
2023.10.04 03:00,1820.73,1822.09,1819.61,1820.66
2023.10.04 04:00,1820.71,1823.72,1820.71,1823.51
2023.10.04 05:00,1823.60,1823.65,1820.88,1821.24
2023.10.04 06:00,1821.34,1821.41,1816.62,1819.01
2023.10.04 07:00,1819.04,1823.09,1817.29,1823.06
2023.10.04 08:00,1823.01,1823.53,1820.20,1822.93
2023.10.04 09:00,1822.95,1824.46,1821.35,1822.11
2023.10.04 10:00,1822.05,1823.17,1821.00,1823.06
2023.10.04 11:00,1822.96,1827.11,1822.79,1824.88
2023.10.04 12:00,1825.01,1830.50,1823.60,1827.28
2023.10.04 13:00,1827.37,1827.41,1817.64,1820.25
2023.10.04 14:00,1820.03,1821.78,1816.99,1818.41
2023.10.04 15:00,1818.41,1826.26,1817.11,1823.71
2023.10.04 16:00,1823.80,1824.00,1820.91,1820.94
2023.10.04 17:00,1820.95,1821.26,1818.25,1818.34
2023.10.04 18:00,1818.32,1818.77,1816.52,1817.59
2023.10.04 19:00,1817.59,1823.63,1817.37,1823.22
2023.10.04 20:00,1823.26,1823.30,1820.37,1820.83
2023.10.04 23:00,1822.32,1824.02,1822.27,1822.47
2023.10.05 00:00,1822.47,1825.63,1821.68,1825.63
2023.10.05 01:00,1825.62,1828.11,1825.56,1828.03
2023.10.05 02:00,1828.04,1828.33,1826.00,1826.16
2023.10.05 03:00,1826.14,1828.65,1825.76,1828.26
2023.10.05 04:00,1828.26,1829.10,1827.33,1827.64
2023.10.05 05:00,1827.59,1828.16,1826.19,1826.22
2023.10.05 06:00,1826.26,1826.49,1822.03,1822.23
2023.10.05 07:00,1822.17,1822.80,1819.80,1820.74
2023.10.05 08:00,1820.69,1822.43,1819.64,1819.80
2023.10.05 09:00,1819.80,1823.25,1819.59,1821.90
2023.10.05 10:00,1821.92,1823.92,1820.68,1823.15
2023.10.05 11:00,1823.07,1823.36,1820.17,1822.99
2023.10.05 12:00,1822.97,1823.87,1812.88,1815.62
2023.10.05 13:00,1815.63,1821.84,1814.11,1820.67
2023.10.05 14:00,1820.68,1821.04,1816.39,1819.80
2023.10.05 15:00,1819.82,1819.89,1814.33,1815.49
2023.10.05 16:00,1815.55,1818.35,1814.80,1818.11
2023.10.05 17:00,1818.11,1819.48,1815.80,1819.04
2023.10.05 18:00,1819.19,1820.57,1818.59,1820.21
2023.10.05 19:00,1820.16,1820.85,1819.67,1820.31
2023.10.05 20:00,1820.32,1820.60,1819.55,1820.03
2023.10.05 23:00,1821.16,1823.12,1821.13,1821.29
2023.10.06 00:00,1821.30,1822.07,1820.11,1820.65
2023.10.06 01:00,1820.60,1823.21,1819.66,1822.71
2023.10.06 02:00,1822.72,1824.04,1822.30,1823.79
2023.10.06 03:00,1823.81,1824.43,1823.22,1823.99
2023.10.06 04:00,1823.94,1824.58,1822.59,1822.73
2023.10.06 05:00,1822.70,1822.90,1820.68,1821.35
2023.10.06 06:00,1821.37,1821.64,1818.57,1819.39
2023.10.06 07:00,1819.38,1821.53,1818.54,1821.31
2023.10.06 08:00,1821.29,1822.02,1819.25,1821.87
2023.10.06 09:00,1821.89,1822.30,1820.00,1820.48
2023.10.06 10:00,1820.48,1825.03,1820.48,1822.54
2023.10.06 11:00,1822.62,1822.75,1820.60,1821.22
2023.10.06 12:00,1821.25,1821.65,1810.36,1815.00
2023.10.06 13:00,1815.02,1825.94,1813.81,1821.17
2023.10.06 14:00,1821.22,1831.47,1820.87,1823.48
2023.10.06 15:00,1823.49,1834.79,1823.48,1832.57
2023.10.06 16:00,1832.56,1833.37,1828.94,1829.16
2023.10.06 17:00,1829.17,1832.15,1828.72,1831.77
2023.10.06 18:00,1831.81,1833.91,1831.37,1831.90
2023.10.06 19:00,1831.94,1831.99,1828.99,1829.37
2023.10.06 20:00,1829.39,1832.59,1828.91,1832.47
2023.10.08 23:00,1849.82,1849.82,1846.50,1847.91
2023.10.09 00:00,1847.93,1852.43,1846.25,1852.32
2023.10.09 01:00,1852.29,1852.73,1847.26,1848.94
2023.10.09 02:00,1848.94,1852.72,1848.84,1850.46
2023.10.09 03:00,1850.47,1851.55,1848.70,1851.03
2023.10.09 04:00,1851.07,1853.20,1850.08,1850.42
2023.10.09 05:00,1850.45,1852.29,1847.97,1851.73
2023.10.09 06:00,1851.75,1854.32,1849.86,1849.95
2023.10.09 07:00,1849.95,1852.57,1848.04,1850.43
2023.10.09 08:00,1850.38,1850.93,1848.89,1850.48
2023.10.09 09:00,1850.49,1852.27,1849.96,1851.20
2023.10.09 10:00,1851.22,1851.96,1849.80,1850.08
2023.10.09 11:00,1850.16,1850.41,1849.01,1850.02
2023.10.09 12:00,1850.03,1850.03,1844.96,1847.97
2023.10.09 13:00,1847.97,1849.36,1844.18,1845.32
2023.10.09 14:00,1845.30,1852.45,1845.11,1852.13
2023.10.09 15:00,1852.14,1853.22,1850.52,1851.58
2023.10.09 16:00,1851.59,1851.82,1848.62,1850.03
2023.10.09 17:00,1850.03,1855.43,1849.93,1854.46
2023.10.09 18:00,1854.48,1857.68,1854.40,1857.06
2023.10.09 19:00,1857.05,1863.45,1856.95,1863.20
2023.10.09 20:00,1863.20,1863.20,1860.85,1861.30
2023.10.09 23:00,1861.46,1862.71,1860.28,1862.54
2023.10.10 00:00,1862.57,1865.40,1861.31,1864.03
2023.10.10 01:00,1864.04,1865.18,1863.03,1863.71
2023.10.10 02:00,1863.72,1864.64,1862.25,1862.90
2023.10.10 03:00,1862.90,1863.73,1862.34,1862.43
2023.10.10 04:00,1862.50,1862.50,1860.73,1860.84
2023.10.10 05:00,1860.85,1862.15,1859.77,1860.74
2023.10.10 06:00,1860.79,1862.02,1855.14,1856.46
2023.10.10 07:00,1856.50,1858.01,1855.18,1857.37
2023.10.10 08:00,1857.40,1859.75,1855.38,1858.48
2023.10.10 09:00,1858.43,1859.56,1857.52,1858.27
2023.10.10 10:00,1858.26,1858.39,1856.32,1856.67
2023.10.10 11:00,1856.77,1857.36,1854.82,1857.08
2023.10.10 12:00,1857.16,1857.66,1852.99,1854.51
2023.10.10 13:00,1854.49,1857.58,1853.07,1857.48
2023.10.10 14:00,1857.49,1858.79,1853.35,1856.44
2023.10.10 15:00,1856.45,1862.33,1855.96,1861.23
2023.10.10 16:00,1861.24,1862.42,1858.36,1861.87
2023.10.10 17:00,1861.94,1862.73,1858.21,1858.47
2023.10.10 18:00,1858.46,1860.21,1858.08,1859.34
2023.10.10 19:00,1859.38,1860.42,1858.37,1860.12
2023.10.10 20:00,1860.14,1860.79,1859.63,1860.39
2023.10.10 23:00,1859.79,1860.68,1859.58,1859.67
2023.10.11 00:00,1859.67,1862.05,1859.47,1860.96
2023.10.11 01:00,1860.93,1861.85,1860.28,1861.65
2023.10.11 02:00,1861.65,1862.03,1859.73,1861.44
2023.10.11 03:00,1861.43,1861.46,1859.72,1860.10
2023.10.11 04:00,1860.09,1860.65,1859.36,1859.71
2023.10.11 05:00,1859.72,1860.63,1858.59,1859.44
2023.10.11 06:00,1859.43,1863.70,1858.71,1862.56
2023.10.11 07:00,1862.56,1868.11,1862.44,1867.88
2023.10.11 08:00,1867.86,1869.80,1866.83,1869.57
2023.10.11 09:00,1869.57,1871.08,1869.01,1870.42
2023.10.11 10:00,1870.43,1874.72,1869.80,1873.85
2023.10.11 11:00,1873.83,1874.58,1870.83,1871.05
2023.10.11 12:00,1871.09,1873.01,1867.25,1872.82
2023.10.11 13:00,1872.86,1875.00,1868.18,1872.23
2023.10.11 14:00,1872.19,1872.43,1869.02,1871.18
2023.10.11 15:00,1871.19,1873.62,1869.50,1873.01
2023.10.11 16:00,1873.03,1877.12,1872.81,1874.35
2023.10.11 17:00,1874.36,1874.72,1870.77,1871.93
2023.10.11 18:00,1871.98,1873.27,1870.91,1872.42
2023.10.11 19:00,1872.44,1874.21,1872.37,1873.57
2023.10.11 20:00,1873.55,1874.55,1873.42,1874.14
2023.10.11 23:00,1874.66,1875.69,1874.66,1875.29
2023.10.12 00:00,1875.34,1876.58,1874.71,1875.43
2023.10.12 01:00,1875.44,1878.67,1874.46,1877.43
2023.10.12 02:00,1877.43,1877.98,1875.55,1876.79
2023.10.12 03:00,1876.80,1878.14,1876.68,1877.66
2023.10.12 04:00,1877.61,1879.07,1876.72,1878.86
2023.10.12 05:00,1878.85,1880.07,1878.31,1880.07
2023.10.12 06:00,1880.11,1882.57,1878.54,1882.13
2023.10.12 07:00,1882.14,1882.64,1878.69,1878.78
2023.10.12 08:00,1878.77,1881.44,1878.56,1880.32
2023.10.12 09:00,1880.39,1882.05,1879.52,1880.91
2023.10.12 10:00,1880.92,1882.74,1880.60,1881.32
2023.10.12 11:00,1881.31,1884.46,1881.11,1883.50
2023.10.12 12:00,1883.57,1884.95,1875.23,1879.10
2023.10.12 13:00,1879.06,1880.00,1872.88,1873.88
2023.10.12 14:00,1873.87,1876.64,1871.14,1872.15
2023.10.12 15:00,1872.14,1873.37,1870.57,1872.30
2023.10.12 16:00,1872.32,1873.65,1870.92,1871.39
2023.10.12 17:00,1871.41,1871.98,1867.95,1868.93
2023.10.12 18:00,1868.89,1870.63,1867.85,1868.36
2023.10.12 19:00,1868.40,1870.05,1868.13,1868.29
2023.10.12 20:00,1868.27,1869.04,1868.27,1868.48
2023.10.12 23:00,1869.68,1871.23,1869.68,1870.57
2023.10.13 00:00,1870.58,1872.56,1870.08,1872.50
2023.10.13 01:00,1872.49,1872.99,1871.32,1871.95
2023.10.13 02:00,1871.95,1873.60,1871.64,1873.37
2023.10.13 03:00,1873.39,1874.00,1872.56,1873.68
2023.10.13 04:00,1873.65,1876.75,1873.50,1876.32
2023.10.13 05:00,1876.33,1878.01,1876.02,1877.11
2023.10.13 06:00,1877.09,1877.94,1875.69,1876.93
2023.10.13 07:00,1876.97,1883.09,1876.76,1882.13
2023.10.13 08:00,1882.12,1884.88,1881.96,1883.77
2023.10.13 09:00,1883.75,1888.15,1882.43,1887.53
2023.10.13 10:00,1887.54,1889.91,1886.62,1887.57
2023.10.13 11:00,1887.55,1899.83,1887.35,1896.42
2023.10.13 12:00,1896.43,1919.07,1896.39,1913.27
2023.10.13 13:00,1913.32,1913.33,1905.50,1910.67
2023.10.13 14:00,1910.62,1920.95,1907.91,1920.74
2023.10.13 15:00,1920.79,1923.13,1917.12,1922.97
2023.10.13 16:00,1923.03,1927.41,1922.37,1927.09
2023.10.13 17:00,1927.11,1929.92,1926.79,1928.29
2023.10.13 18:00,1928.34,1930.74,1927.62,1928.66
2023.10.13 19:00,1928.63,1928.89,1927.76,1928.30
2023.10.13 20:00,1928.38,1932.87,1928.09,1932.63
2023.10.15 23:00,1924.35,1926.32,1921.49,1925.86
2023.10.16 00:00,1925.86,1925.92,1921.36,1921.60
2023.10.16 01:00,1921.60,1923.44,1920.33,1920.47
2023.10.16 02:00,1920.50,1921.48,1918.38,1920.38
2023.10.16 03:00,1920.40,1920.43,1918.01,1919.99
2023.10.16 04:00,1919.98,1920.44,1919.05,1920.14
2023.10.16 05:00,1920.17,1920.17,1914.21,1914.95
2023.10.16 06:00,1915.11,1915.78,1909.23,1909.90
2023.10.16 07:00,1909.82,1912.31,1908.13,1911.42
2023.10.16 08:00,1911.41,1913.45,1909.86,1911.55
2023.10.16 09:00,1911.50,1916.43,1911.14,1916.08
2023.10.16 10:00,1916.08,1918.26,1914.38,1917.91
2023.10.16 11:00,1918.00,1918.17,1914.70,1915.53
2023.10.16 12:00,1915.58,1924.53,1914.55,1918.68
2023.10.16 13:00,1918.68,1921.19,1914.37,1917.92
2023.10.16 14:00,1918.00,1920.33,1916.20,1918.12
2023.10.16 15:00,1918.19,1922.30,1917.88,1921.45
2023.10.16 16:00,1921.47,1922.04,1920.29,1921.88
2023.10.16 17:00,1921.90,1922.75,1918.53,1919.13
2023.10.16 18:00,1919.15,1919.67,1918.70,1919.05
2023.10.16 19:00,1919.11,1920.74,1917.81,1918.90
2023.10.16 20:00,1918.88,1920.03,1918.88,1919.76
2023.10.16 23:00,1918.81,1921.74,1918.77,1919.37
2023.10.17 00:00,1919.37,1920.01,1914.35,1916.56
2023.10.17 01:00,1916.59,1917.52,1913.24,1915.02
2023.10.17 02:00,1915.02,1915.11,1912.33,1914.73
2023.10.17 03:00,1914.73,1916.79,1914.25,1916.79
2023.10.17 04:00,1916.78,1916.96,1914.41,1914.62
2023.10.17 05:00,1914.70,1916.74,1914.14,1916.41
2023.10.17 06:00,1916.59,1918.02,1915.58,1917.36
2023.10.17 07:00,1917.38,1921.30,1917.06,1920.08
2023.10.17 08:00,1920.01,1920.50,1918.59,1919.21
2023.10.17 09:00,1919.23,1923.69,1918.84,1922.97
2023.10.17 10:00,1923.01,1926.46,1922.51,1923.46
2023.10.17 11:00,1923.47,1925.57,1922.12,1924.06
2023.10.17 12:00,1923.95,1928.98,1918.96,1925.96
2023.10.17 13:00,1925.98,1931.47,1920.77,1927.84
2023.10.17 14:00,1927.87,1930.93,1922.70,1924.01
2023.10.17 15:00,1924.02,1926.94,1923.08,1926.84
2023.10.17 16:00,1926.83,1926.83,1922.99,1924.04
2023.10.17 17:00,1924.10,1925.07,1919.65,1919.74
2023.10.17 18:00,1919.74,1922.10,1919.13,1922.02
2023.10.17 19:00,1922.03,1925.07,1921.80,1922.56
2023.10.17 20:00,1922.59,1923.24,1922.10,1922.76
2023.10.17 23:00,1924.87,1925.47,1924.07,1924.71
2023.10.18 00:00,1924.83,1928.19,1923.75,1927.35
2023.10.18 01:00,1927.39,1940.28,1926.84,1938.99
2023.10.18 02:00,1939.02,1942.68,1935.69,1937.15
2023.10.18 03:00,1937.15,1937.98,1935.16,1937.46
2023.10.18 04:00,1937.39,1938.48,1936.67,1938.09
2023.10.18 05:00,1938.08,1939.66,1936.42,1937.02
2023.10.18 06:00,1937.03,1938.76,1935.05,1936.06
2023.10.18 07:00,1936.04,1940.01,1935.55,1939.63
2023.10.18 08:00,1939.64,1939.74,1937.22,1938.41
2023.10.18 09:00,1938.41,1946.05,1938.28,1944.25
2023.10.18 10:00,1944.28,1945.33,1942.52,1945.25
2023.10.18 11:00,1945.26,1947.40,1944.18,1946.20
2023.10.18 12:00,1946.19,1950.04,1944.75,1948.83
2023.10.18 13:00,1948.81,1962.55,1947.15,1957.05
2023.10.18 14:00,1957.06,1958.76,1943.49,1946.97
2023.10.18 15:00,1946.98,1947.34,1938.17,1945.20
2023.10.18 16:00,1945.21,1950.40,1944.60,1949.83
2023.10.18 17:00,1949.82,1956.55,1949.50,1954.02
2023.10.18 18:00,1954.03,1954.12,1948.80,1950.49
2023.10.18 19:00,1950.47,1951.62,1948.56,1950.32
2023.10.18 20:00,1950.37,1950.60,1946.64,1947.37
2023.10.18 23:00,1949.80,1951.62,1949.70,1950.77
2023.10.19 00:00,1950.80,1953.26,1948.62,1950.19
2023.10.19 01:00,1950.17,1951.69,1946.24,1948.18
2023.10.19 02:00,1948.14,1949.99,1947.71,1949.60
2023.10.19 03:00,1949.50,1950.64,1945.16,1946.29
2023.10.19 04:00,1946.28,1948.85,1945.28,1948.17
2023.10.19 05:00,1948.14,1949.27,1945.82,1946.82
2023.10.19 06:00,1946.81,1948.56,1945.46,1948.00
2023.10.19 07:00,1948.12,1952.68,1947.65,1949.42
2023.10.19 08:00,1949.42,1954.38,1947.95,1949.64
2023.10.19 09:00,1949.60,1950.73,1947.78,1950.66
2023.10.19 10:00,1950.64,1951.43,1949.00,1950.98
2023.10.19 11:00,1950.99,1952.24,1949.57,1952.10
2023.10.19 12:00,1952.11,1957.13,1950.43,1954.83
2023.10.19 13:00,1954.82,1956.41,1949.98,1954.38
2023.10.19 14:00,1954.36,1955.10,1949.67,1950.30
2023.10.19 15:00,1950.30,1959.96,1950.00,1956.11
2023.10.19 16:00,1956.13,1962.02,1952.02,1961.94
2023.10.19 17:00,1962.01,1972.72,1960.81,1972.72
2023.10.19 18:00,1972.54,1975.06,1970.67,1973.07
2023.10.19 19:00,1973.07,1977.66,1973.06,1974.35
2023.10.19 20:00,1974.35,1975.29,1972.86,1974.12
2023.10.19 23:00,1972.44,1982.22,1972.44,1977.13
2023.10.20 00:00,1977.11,1977.60,1973.95,1974.95
2023.10.20 01:00,1974.95,1977.99,1971.93,1977.75
2023.10.20 02:00,1977.75,1981.86,1976.44,1979.47
2023.10.20 03:00,1979.46,1980.34,1977.06,1977.79
2023.10.20 04:00,1977.77,1978.18,1976.56,1977.15
2023.10.20 05:00,1977.21,1979.89,1975.77,1977.54
2023.10.20 06:00,1977.58,1980.08,1974.03,1979.27
2023.10.20 07:00,1979.26,1982.06,1978.10,1980.10
2023.10.20 08:00,1980.13,1985.11,1979.97,1983.68
2023.10.20 09:00,1983.73,1985.27,1980.20,1982.57
2023.10.20 10:00,1982.55,1984.33,1982.25,1983.18
2023.10.20 11:00,1983.24,1985.80,1976.37,1977.28
2023.10.20 12:00,1977.28,1980.12,1973.19,1978.39
2023.10.20 13:00,1978.30,1987.97,1976.42,1987.09
2023.10.20 14:00,1987.08,1991.36,1984.19,1990.99
2023.10.20 15:00,1990.92,1997.10,1989.73,1991.56
2023.10.20 16:00,1991.53,1992.41,1981.07,1982.59
2023.10.20 17:00,1982.53,1986.62,1974.28,1982.46
2023.10.20 18:00,1982.47,1982.70,1976.00,1980.22
2023.10.20 19:00,1980.22,1982.04,1978.88,1979.62
2023.10.20 20:00,1979.59,1981.42,1978.90,1981.42
2023.10.22 23:00,1976.51,1978.10,1970.04,1971.47
2023.10.23 00:00,1971.25,1973.22,1964.28,1966.20
2023.10.23 01:00,1966.22,1968.20,1964.29,1966.57
2023.10.23 02:00,1966.49,1974.22,1966.43,1972.59
2023.10.23 03:00,1972.58,1974.68,1971.65,1973.55
2023.10.23 04:00,1973.55,1974.71,1972.71,1973.70
2023.10.23 05:00,1973.60,1976.69,1972.76,1975.71
2023.10.23 06:00,1975.81,1977.51,1975.06,1975.75
2023.10.23 07:00,1975.66,1979.68,1974.45,1979.48
2023.10.23 08:00,1979.41,1981.91,1979.01,1981.39
2023.10.23 09:00,1981.40,1982.77,1976.86,1977.52
2023.10.23 10:00,1977.63,1978.46,1975.25,1977.44
2023.10.23 11:00,1977.43,1979.84,1975.95,1979.28
2023.10.23 12:00,1979.29,1981.94,1976.01,1977.55
2023.10.23 13:00,1977.55,1980.05,1970.03,1974.71
2023.10.23 14:00,1974.71,1978.59,1972.37,1976.17
2023.10.23 15:00,1976.18,1978.85,1973.56,1975.31
2023.10.23 16:00,1975.33,1979.32,1973.64,1974.45
2023.10.23 17:00,1974.45,1977.63,1972.28,1976.11
2023.10.23 18:00,1976.14,1978.08,1975.76,1977.50
2023.10.23 19:00,1977.51,1977.78,1971.09,1973.16
2023.10.23 20:00,1973.16,1973.44,1971.50,1972.71
2023.10.23 23:00,1973.00,1973.81,1971.37,1973.55
2023.10.24 00:00,1973.55,1975.90,1972.38,1973.76
2023.10.24 01:00,1973.78,1978.65,1973.78,1976.50
2023.10.24 02:00,1976.55,1980.78,1975.72,1977.64
2023.10.24 03:00,1977.62,1978.15,1975.33,1976.90
2023.10.24 04:00,1976.90,1977.35,1975.30,1976.16
2023.10.24 05:00,1976.21,1976.66,1974.45,1976.49
2023.10.24 06:00,1976.41,1978.04,1975.60,1977.48
2023.10.24 07:00,1977.57,1979.18,1974.85,1975.29
2023.10.24 08:00,1975.29,1975.95,1969.94,1972.19
2023.10.24 09:00,1972.21,1972.52,1964.83,1966.47
2023.10.24 10:00,1966.51,1967.37,1960.92,1961.77
2023.10.24 11:00,1961.81,1964.19,1953.54,1963.67
2023.10.24 12:00,1963.68,1966.76,1960.69,1964.89
2023.10.24 13:00,1964.90,1966.19,1958.89,1964.51
2023.10.24 14:00,1964.52,1965.79,1961.79,1963.81
2023.10.24 15:00,1963.82,1970.03,1961.19,1969.73
2023.10.24 16:00,1969.68,1975.98,1968.90,1974.35
2023.10.24 17:00,1974.25,1977.53,1973.62,1975.95
2023.10.24 18:00,1975.97,1976.25,1971.79,1973.75
2023.10.24 19:00,1973.66,1973.94,1971.09,1972.65
2023.10.24 20:00,1972.60,1973.08,1970.71,1970.71
2023.10.24 23:00,1970.50,1973.31,1970.40,1972.82
2023.10.25 00:00,1972.87,1975.19,1971.96,1974.44
2023.10.25 01:00,1974.44,1976.91,1972.74,1975.90
2023.10.25 02:00,1975.91,1976.78,1971.36,1972.60
2023.10.25 03:00,1972.62,1973.32,1970.84,1973.17
2023.10.25 04:00,1973.20,1974.49,1971.74,1972.38
2023.10.25 05:00,1972.38,1973.50,1970.62,1972.84
2023.10.25 06:00,1972.85,1975.85,1971.23,1971.31
2023.10.25 07:00,1971.25,1973.24,1968.20,1971.15
2023.10.25 08:00,1971.12,1974.80,1970.58,1971.35
2023.10.25 09:00,1971.30,1971.93,1969.41,1969.49
2023.10.25 10:00,1969.49,1973.95,1969.46,1973.03
2023.10.25 11:00,1973.00,1976.38,1972.42,1974.66
2023.10.25 12:00,1974.76,1976.85,1972.34,1975.12
2023.10.25 13:00,1975.13,1987.13,1974.87,1985.09
2023.10.25 14:00,1985.00,1985.85,1974.82,1977.11
2023.10.25 15:00,1977.03,1984.68,1962.88,1981.22
2023.10.25 16:00,1981.12,1983.67,1977.58,1978.21
2023.10.25 17:00,1978.23,1985.55,1976.49,1983.11
2023.10.25 18:00,1983.20,1984.30,1980.77,1981.48
2023.10.25 19:00,1981.48,1982.66,1980.35,1980.82
2023.10.25 20:00,1980.78,1980.84,1977.67,1979.28
2023.10.25 23:00,1982.07,1983.73,1981.44,1982.98
2023.10.26 00:00,1982.98,1984.71,1982.32,1983.43
2023.10.26 01:00,1983.50,1986.49,1983.20,1984.93
2023.10.26 02:00,1984.93,1986.86,1984.48,1984.79
2023.10.26 03:00,1984.76,1987.28,1983.37,1987.20
2023.10.26 04:00,1987.22,1989.30,1987.13,1988.41
2023.10.26 05:00,1988.42,1989.52,1984.73,1985.70
2023.10.26 06:00,1985.62,1988.27,1983.90,1984.90
2023.10.26 07:00,1984.98,1990.08,1984.36,1990.08
2023.10.26 08:00,1990.08,1993.41,1988.64,1992.11
2023.10.26 09:00,1992.11,1992.16,1989.27,1990.59
2023.10.26 10:00,1990.61,1991.15,1985.93,1986.61
2023.10.26 11:00,1986.58,1987.55,1982.44,1984.62
2023.10.26 12:00,1984.61,1986.60,1974.64,1979.49
2023.10.26 13:00,1979.60,1981.72,1974.57,1978.89
2023.10.26 14:00,1978.67,1980.47,1971.64,1979.59
2023.10.26 15:00,1979.65,1981.28,1976.38,1980.24
2023.10.26 16:00,1980.16,1985.77,1979.68,1984.14
2023.10.26 17:00,1984.19,1989.17,1984.07,1986.94
2023.10.26 18:00,1986.96,1987.13,1984.78,1985.92
2023.10.26 19:00,1985.93,1986.83,1982.28,1984.32
2023.10.26 20:00,1984.29,1985.49,1983.90,1984.24
2023.10.26 23:00,1985.34,1986.78,1983.42,1984.41
2023.10.27 00:00,1984.33,1984.85,1982.88,1983.50
2023.10.27 01:00,1983.40,1986.73,1983.20,1985.44
2023.10.27 02:00,1985.45,1988.80,1985.45,1986.61
2023.10.27 03:00,1986.60,1988.21,1986.39,1987.84
2023.10.27 04:00,1987.96,1989.92,1987.85,1989.42
2023.10.27 05:00,1989.50,1989.53,1986.33,1988.87
2023.10.27 06:00,1988.90,1989.68,1986.22,1987.42
2023.10.27 07:00,1987.49,1989.03,1985.74,1987.35
2023.10.27 08:00,1987.34,1987.48,1985.49,1986.94
2023.10.27 09:00,1986.94,1987.90,1985.14,1985.89
2023.10.27 10:00,1985.84,1986.20,1980.55,1980.59
2023.10.27 11:00,1980.55,1982.94,1979.98,1981.84
2023.10.27 12:00,1982.00,1986.16,1976.96,1980.34
2023.10.27 13:00,1980.34,1985.05,1976.77,1982.95
2023.10.27 14:00,1982.95,1985.68,1980.82,1982.10
2023.10.27 15:00,1982.11,1983.50,1978.57,1979.91
2023.10.27 16:00,1979.89,1983.76,1979.19,1983.65
2023.10.27 17:00,1983.65,1996.97,1983.02,1996.69
2023.10.27 18:00,1996.69,2008.53,1995.78,2005.25
2023.10.27 19:00,2005.25,2009.34,2004.70,2006.90
2023.10.27 20:00,2006.90,2007.12,2004.25,2006.17
2023.10.29 23:00,2001.27,2003.57,2000.49,2002.75
2023.10.30 00:00,2002.74,2006.72,2002.18,2004.63
2023.10.30 01:00,2004.65,2005.63,2002.48,2004.65
2023.10.30 02:00,2004.40,2004.70,2001.91,2002.86
2023.10.30 03:00,2002.83,2003.47,2001.39,2001.99
2023.10.30 04:00,2001.99,2002.73,2000.12,2001.50
2023.10.30 05:00,2001.42,2002.66,1999.48,1999.54
2023.10.30 06:00,1999.54,2000.73,1994.92,1995.52
2023.10.30 07:00,1995.49,1997.72,1993.28,1993.54
2023.10.30 08:00,1993.60,1994.72,1990.84,1993.70
2023.10.30 09:00,1993.75,1997.02,1991.53,1996.52
2023.10.30 10:00,1996.52,1997.31,1994.02,1994.32
2023.10.30 11:00,1994.33,1995.66,1992.54,1995.65
2023.10.30 12:00,1995.75,2000.02,1993.86,1997.96
2023.10.30 13:00,1997.98,2002.45,1995.94,1998.52
2023.10.30 14:00,1998.48,2002.42,1991.78,1997.02
2023.10.30 15:00,1997.02,2000.41,1996.19,1999.17
2023.10.30 16:00,1999.20,2000.60,1997.61,1998.93
2023.10.30 17:00,1998.97,1999.71,1994.62,1997.91
2023.10.30 18:00,1997.90,1999.87,1997.31,1997.83
2023.10.30 19:00,1997.83,1998.69,1994.66,1995.83
2023.10.30 20:00,1995.82,1996.59,1995.15,1995.78
2023.10.30 23:00,1995.05,1996.11,1993.86,1995.54
2023.10.31 00:00,1995.43,1996.22,1994.31,1995.59
2023.10.31 01:00,1995.56,1997.26,1994.64,1996.35
2023.10.31 02:00,1996.34,1997.06,1994.23,1994.46
2023.10.31 03:00,1994.45,1994.94,1991.58,1992.08
2023.10.31 04:00,1992.05,1993.07,1990.47,1992.68
2023.10.31 05:00,1992.73,1995.04,1992.60,1993.03
2023.10.31 06:00,1993.03,1995.16,1992.37,1994.90
2023.10.31 07:00,1994.91,1997.64,1994.63,1996.20
2023.10.31 08:00,1996.20,1999.10,1994.97,1996.94
2023.10.31 09:00,1996.84,1998.36,1996.08,1997.40
2023.10.31 10:00,1997.42,1999.94,1996.41,1999.94
2023.10.31 11:00,1999.94,2000.33,1997.57,1999.89
2023.10.31 12:00,1999.82,2001.48,1994.74,1995.64
2023.10.31 13:00,1995.54,2004.03,1994.47,2002.40
2023.10.31 14:00,2002.26,2007.77,1998.88,1999.14
2023.10.31 15:00,1999.13,1999.28,1992.24,1994.16
2023.10.31 16:00,1994.12,1994.73,1986.49,1990.66
2023.10.31 17:00,1990.73,1991.16,1983.24,1984.13
2023.10.31 18:00,1984.11,1984.97,1978.74,1984.43
2023.10.31 19:00,1984.53,1986.66,1984.06,1984.74
2023.10.31 20:00,1984.62,1985.08,1983.21,1983.65
2023.10.31 23:00,1984.79,1985.24,1983.09,1983.68
2023.11.01 00:00,1983.70,1983.95,1978.68,1979.90
2023.11.01 01:00,1979.90,1981.43,1977.92,1979.50
2023.11.01 02:00,1979.51,1980.91,1978.25,1978.27
2023.11.01 03:00,1978.25,1978.96,1976.86,1977.04
2023.11.01 04:00,1977.05,1978.29,1975.18,1977.56
2023.11.01 05:00,1977.54,1979.41,1976.25,1979.04
2023.11.01 06:00,1979.05,1980.99,1979.05,1980.23
2023.11.01 07:00,1980.13,1980.53,1976.42,1977.07
2023.11.01 08:00,1977.05,1982.87,1977.05,1982.38
2023.11.01 09:00,1982.40,1983.64,1980.44,1982.67
2023.11.01 10:00,1982.69,1984.04,1981.97,1983.24
2023.11.01 11:00,1983.24,1985.12,1982.34,1983.40
2023.11.01 12:00,1983.42,1988.40,1983.23,1986.60
2023.11.01 13:00,1986.61,1987.29,1980.97,1985.54
2023.11.01 14:00,1985.54,1992.04,1985.54,1986.57
2023.11.01 15:00,1986.47,1987.12,1978.26,1979.22
2023.11.01 16:00,1979.24,1980.39,1974.44,1977.77
2023.11.01 17:00,1977.81,1979.81,1977.40,1977.59
2023.11.01 18:00,1977.56,1982.22,1969.82,1974.83
2023.11.01 19:00,1974.78,1982.20,1974.68,1978.44
2023.11.01 20:00,1978.44,1982.78,1976.98,1981.99
2023.11.01 23:00,1983.70,1985.66,1983.36,1985.06
2023.11.02 00:00,1985.06,1986.15,1983.88,1984.62
2023.11.02 01:00,1984.63,1988.06,1984.19,1986.24
2023.11.02 02:00,1986.25,1986.48,1983.41,1983.69
2023.11.02 03:00,1983.65,1985.45,1983.29,1985.37
2023.11.02 04:00,1985.37,1986.48,1984.17,1986.00
2023.11.02 05:00,1986.01,1986.64,1984.14,1985.32
2023.11.02 06:00,1985.31,1986.06,1984.22,1985.71
2023.11.02 07:00,1985.71,1986.40,1983.61,1985.39
2023.11.02 08:00,1985.39,1988.36,1984.37,1986.77
2023.11.02 09:00,1986.78,1989.51,1986.55,1988.11
2023.11.02 10:00,1988.07,1989.40,1985.74,1988.80
2023.11.02 11:00,1988.83,1990.30,1987.43,1988.51
2023.11.02 12:00,1988.60,1990.95,1986.79,1990.30
2023.11.02 13:00,1990.31,1991.03,1981.93,1984.27
2023.11.02 14:00,1983.95,1985.23,1980.57,1984.29
2023.11.02 15:00,1984.30,1985.00,1978.80,1981.13
2023.11.02 16:00,1981.14,1983.32,1978.98,1981.79
2023.11.02 17:00,1981.78,1986.58,1981.45,1984.98
2023.11.02 18:00,1984.98,1986.17,1984.35,1985.92
2023.11.02 19:00,1985.88,1986.32,1983.62,1985.36
2023.11.02 20:00,1985.30,1985.75,1984.46,1985.45
2023.11.02 23:00,1984.89,1986.23,1984.35,1984.92
2023.11.03 00:00,1984.96,1986.17,1984.89,1985.59
2023.11.03 01:00,1985.61,1985.72,1983.20,1983.84
2023.11.03 02:00,1983.85,1987.82,1983.73,1987.31
2023.11.03 03:00,1987.29,1987.52,1985.39,1985.78
2023.11.03 04:00,1985.76,1986.75,1985.41,1985.78
2023.11.03 05:00,1985.80,1987.26,1985.77,1987.12
2023.11.03 06:00,1987.14,1988.29,1985.93,1987.59
2023.11.03 07:00,1987.63,1989.14,1984.49,1986.51
2023.11.03 08:00,1986.28,1989.12,1986.08,1988.55
2023.11.03 09:00,1988.48,1990.21,1988.29,1989.05
2023.11.03 10:00,1989.03,1989.74,1986.98,1988.25
2023.11.03 11:00,1988.26,1988.63,1986.90,1987.58
2023.11.03 12:00,1987.65,2004.02,1985.92,2000.14
2023.11.03 13:00,2000.12,2001.73,1986.45,1995.12
2023.11.03 14:00,1995.33,1999.02,1988.59,1994.43
2023.11.03 15:00,1994.44,1995.72,1990.84,1991.66
2023.11.03 16:00,1991.69,1993.20,1989.22,1990.29
2023.11.03 17:00,1990.38,1993.55,1989.81,1993.08
2023.11.03 18:00,1993.11,1995.04,1992.83,1995.02
2023.11.03 19:00,1995.04,1995.10,1991.49,1992.64
2023.11.03 20:00,1992.59,1992.88,1991.92,1992.42
2023.11.05 23:00,1992.15,1992.73,1987.10,1988.40
2023.11.06 00:00,1988.40,1991.72,1986.98,1991.05
2023.11.06 01:00,1991.02,1993.02,1989.61,1992.12
2023.11.06 02:00,1992.14,1992.96,1986.80,1987.02
2023.11.06 03:00,1986.99,1988.22,1981.93,1985.10
2023.11.06 04:00,1985.01,1985.03,1983.21,1983.70
2023.11.06 05:00,1983.68,1985.19,1982.25,1983.85
2023.11.06 06:00,1983.83,1985.29,1983.57,1984.22
2023.11.06 07:00,1984.28,1984.89,1982.29,1983.40
2023.11.06 08:00,1983.39,1987.89,1982.79,1985.91
2023.11.06 09:00,1985.92,1987.31,1985.44,1986.79
2023.11.06 10:00,1986.80,1988.30,1986.17,1987.28
2023.11.06 11:00,1987.29,1987.73,1986.39,1987.73
2023.11.06 12:00,1987.73,1988.10,1983.42,1984.42
2023.11.06 13:00,1984.41,1989.09,1983.43,1986.34
2023.11.06 14:00,1986.35,1988.20,1984.05,1984.80
2023.11.06 15:00,1984.80,1985.81,1981.08,1981.12
2023.11.06 16:00,1981.17,1984.13,1979.88,1983.51
2023.11.06 17:00,1983.49,1984.48,1982.97,1983.73
2023.11.06 18:00,1983.74,1983.74,1980.51,1981.30
2023.11.06 19:00,1981.30,1981.49,1979.20,1980.33
2023.11.06 20:00,1980.28,1980.28,1977.40,1977.43
2023.11.06 21:00,1978.23,1978.72,1977.29,1977.42
2023.11.06 23:00,1977.81,1978.30,1975.76,1976.72
2023.11.07 00:00,1976.77,1976.96,1975.44,1975.94
2023.11.07 01:00,1975.88,1976.66,1974.75,1975.67
2023.11.07 02:00,1975.65,1976.12,1972.82,1972.89
2023.11.07 03:00,1972.90,1973.59,1972.18,1972.53
2023.11.07 04:00,1972.55,1973.29,1970.90,1971.40
2023.11.07 05:00,1971.40,1974.16,1971.00,1973.61
2023.11.07 06:00,1973.62,1973.84,1971.01,1971.07
2023.11.07 07:00,1971.08,1971.17,1967.17,1969.34
2023.11.07 08:00,1969.33,1970.15,1965.98,1966.70
2023.11.07 09:00,1966.47,1968.83,1964.16,1966.33
2023.11.07 10:00,1966.32,1967.95,1965.46,1966.15
2023.11.07 11:00,1966.10,1966.23,1962.63,1963.83
2023.11.07 12:00,1963.84,1964.30,1957.15,1958.69
2023.11.07 13:00,1958.72,1966.80,1956.67,1966.55
2023.11.07 14:00,1966.55,1967.21,1960.16,1960.41
2023.11.07 15:00,1960.41,1965.54,1960.30,1963.36
2023.11.07 16:00,1963.36,1966.56,1963.19,1964.68
2023.11.07 17:00,1964.69,1964.87,1961.78,1963.94
2023.11.07 18:00,1963.97,1969.77,1963.61,1969.34
2023.11.07 19:00,1969.38,1969.83,1967.14,1967.44
2023.11.07 20:00,1967.44,1969.07,1966.90,1968.93
2023.11.07 21:00,1968.62,1969.23,1968.25,1968.82
2023.11.07 23:00,1968.58,1969.37,1968.17,1968.90
2023.11.08 00:00,1968.94,1969.96,1967.84,1968.10
2023.11.08 01:00,1968.08,1969.87,1967.44,1968.65
2023.11.08 02:00,1968.67,1971.03,1967.24,1968.62
2023.11.08 03:00,1968.61,1968.78,1967.57,1967.78
2023.11.08 04:00,1967.78,1967.91,1967.45,1967.60
2023.11.08 05:00,1967.60,1967.91,1964.95,1965.53
2023.11.08 06:00,1965.56,1969.06,1965.05,1967.20
2023.11.08 07:00,1967.21,1968.52,1965.50,1967.63
2023.11.08 08:00,1967.62,1968.93,1966.90,1968.24
2023.11.08 09:00,1968.23,1968.28,1965.42,1965.47
2023.11.08 10:00,1965.47,1965.48,1959.48,1962.00
2023.11.08 11:00,1961.96,1964.95,1961.75,1964.46
2023.11.08 12:00,1964.48,1964.59,1961.92,1962.76
2023.11.08 13:00,1962.82,1966.65,1962.76,1964.83
2023.11.08 14:00,1964.82,1966.35,1959.77,1960.23
2023.11.08 15:00,1960.20,1960.62,1950.92,1955.45
2023.11.08 16:00,1955.45,1957.90,1952.20,1954.83
2023.11.08 17:00,1954.89,1956.64,1951.94,1953.70
2023.11.08 18:00,1953.75,1954.65,1950.94,1951.97
2023.11.08 19:00,1951.97,1952.01,1947.50,1948.11
2023.11.08 20:00,1948.11,1950.16,1947.38,1949.59
2023.11.08 21:00,1949.39,1950.57,1949.39,1949.75
2023.11.08 23:00,1949.96,1951.93,1949.58,1950.82
2023.11.09 00:00,1950.62,1952.01,1948.87,1951.97
2023.11.09 01:00,1951.96,1954.54,1951.37,1953.32
2023.11.09 02:00,1953.36,1953.36,1948.88,1949.97
2023.11.09 03:00,1949.95,1950.40,1947.75,1949.27
2023.11.09 04:00,1949.26,1949.75,1948.36,1949.44
2023.11.09 05:00,1949.44,1950.13,1948.02,1950.09
2023.11.09 06:00,1950.10,1950.32,1948.93,1949.28
2023.11.09 07:00,1949.27,1950.46,1948.66,1949.32
2023.11.09 08:00,1949.28,1949.63,1944.69,1948.45
2023.11.09 09:00,1948.41,1949.64,1946.38,1946.85
2023.11.09 10:00,1946.85,1948.35,1945.24,1947.03
2023.11.09 11:00,1947.02,1949.22,1946.07,1948.74
2023.11.09 12:00,1948.75,1948.87,1945.04,1945.76
2023.11.09 13:00,1945.80,1951.35,1944.79,1950.53
2023.11.09 14:00,1950.59,1958.87,1948.60,1958.16
2023.11.09 15:00,1958.16,1964.88,1955.46,1962.94
2023.11.09 16:00,1962.85,1963.68,1959.77,1960.59
2023.11.09 17:00,1960.60,1964.09,1960.06,1961.87
2023.11.09 18:00,1961.84,1965.56,1958.30,1963.00
2023.11.09 19:00,1963.02,1963.02,1956.11,1958.36
2023.11.09 20:00,1958.42,1960.00,1956.97,1957.19
2023.11.09 21:00,1957.19,1958.58,1956.89,1958.23
2023.11.09 23:00,1958.10,1959.71,1957.87,1959.08
2023.11.10 00:00,1959.09,1960.58,1958.44,1960.47
2023.11.10 01:00,1960.42,1960.75,1958.68,1959.05
2023.11.10 02:00,1959.07,1959.96,1956.33,1958.28
2023.11.10 03:00,1958.19,1960.43,1957.66,1959.45
2023.11.10 04:00,1959.44,1959.53,1957.43,1957.74
2023.11.10 05:00,1957.76,1957.78,1956.32,1957.28
2023.11.10 06:00,1957.27,1958.17,1955.57,1956.95
2023.11.10 07:00,1956.91,1957.14,1953.67,1955.32
2023.11.10 08:00,1955.32,1957.13,1954.61,1954.87
2023.11.10 09:00,1954.85,1955.29,1953.53,1953.93
2023.11.10 10:00,1953.92,1954.31,1951.45,1953.99
2023.11.10 11:00,1953.98,1953.98,1947.11,1948.18
2023.11.10 12:00,1948.18,1949.11,1943.34,1947.35
2023.11.10 13:00,1947.22,1948.56,1943.02,1946.10
2023.11.10 14:00,1946.13,1947.55,1941.16,1942.46
2023.11.10 15:00,1942.41,1946.84,1939.69,1942.00
2023.11.10 16:00,1942.07,1943.41,1937.17,1939.48
2023.11.10 17:00,1939.47,1940.06,1936.54,1936.71
2023.11.10 18:00,1936.72,1937.65,1932.93,1935.91
2023.11.10 19:00,1935.95,1937.26,1934.98,1935.37
2023.11.10 20:00,1935.38,1936.58,1934.52,1935.99
2023.11.10 21:00,1935.79,1938.94,1935.76,1938.05
2023.11.12 23:00,1938.35,1940.88,1935.14,1940.27
2023.11.13 00:00,1940.20,1941.84,1939.27,1939.28
2023.11.13 01:00,1939.19,1940.76,1937.99,1940.28
2023.11.13 02:00,1940.32,1941.23,1937.56,1937.56
2023.11.13 03:00,1937.63,1937.97,1933.98,1935.32
2023.11.13 04:00,1935.30,1935.89,1934.19,1935.70
2023.11.13 05:00,1935.67,1939.73,1935.67,1939.07
2023.11.13 06:00,1939.08,1940.09,1938.51,1938.70
2023.11.13 07:00,1938.69,1941.21,1937.71,1938.75
2023.11.13 08:00,1938.77,1939.26,1935.95,1936.56
2023.11.13 09:00,1936.57,1940.42,1936.04,1938.15
2023.11.13 10:00,1938.14,1939.62,1937.11,1939.50
2023.11.13 11:00,1939.53,1939.70,1937.17,1937.95
2023.11.13 12:00,1937.95,1938.43,1935.36,1936.22
2023.11.13 13:00,1936.20,1938.04,1933.97,1936.01
2023.11.13 14:00,1936.01,1936.13,1932.43,1932.66
2023.11.13 15:00,1932.67,1938.88,1931.63,1938.42
2023.11.13 16:00,1938.43,1946.54,1938.16,1945.80
2023.11.13 17:00,1945.77,1949.16,1944.82,1945.75
2023.11.13 18:00,1945.74,1947.84,1944.83,1947.84
2023.11.13 19:00,1947.83,1948.03,1945.72,1946.21
2023.11.13 20:00,1946.19,1946.71,1945.17,1946.62
2023.11.13 21:00,1946.50,1946.54,1945.77,1945.80
2023.11.13 23:00,1946.11,1946.56,1945.60,1946.52
2023.11.14 00:00,1946.54,1947.25,1945.87,1946.83
2023.11.14 01:00,1946.87,1948.38,1945.40,1945.66
2023.11.14 02:00,1945.64,1946.64,1944.38,1945.81
2023.11.14 03:00,1945.66,1946.00,1944.66,1944.79
2023.11.14 04:00,1944.74,1945.45,1943.83,1944.73
2023.11.14 05:00,1944.71,1945.25,1943.72,1944.45
2023.11.14 06:00,1944.44,1945.94,1944.17,1944.63
2023.11.14 07:00,1944.65,1946.50,1944.29,1945.58
2023.11.14 08:00,1945.64,1946.01,1944.28,1945.36
2023.11.14 09:00,1945.38,1947.96,1945.27,1947.13
2023.11.14 10:00,1947.21,1948.14,1946.19,1946.83
2023.11.14 11:00,1946.82,1947.16,1945.20,1945.90
2023.11.14 12:00,1945.89,1946.61,1944.73,1945.13
2023.11.14 13:00,1945.15,1959.20,1944.31,1954.27
2023.11.14 14:00,1954.29,1970.88,1953.57,1967.77
2023.11.14 15:00,1967.64,1969.17,1962.28,1964.41
2023.11.14 16:00,1964.42,1966.50,1963.22,1964.16
2023.11.14 17:00,1964.15,1965.06,1961.84,1962.17
2023.11.14 18:00,1962.16,1964.35,1961.64,1962.72
2023.11.14 19:00,1962.74,1963.81,1962.27,1963.70
2023.11.14 20:00,1963.71,1964.46,1962.96,1963.82
2023.11.14 21:00,1963.82,1963.82,1962.55,1962.82
2023.11.14 23:00,1962.32,1963.17,1962.21,1962.44
2023.11.15 00:00,1962.49,1963.71,1961.56,1963.57
2023.11.15 01:00,1963.59,1963.94,1961.54,1962.65
2023.11.15 02:00,1962.67,1964.53,1962.52,1964.41
2023.11.15 03:00,1964.42,1967.03,1964.40,1966.86
2023.11.15 04:00,1966.85,1967.90,1966.47,1967.51
2023.11.15 05:00,1967.51,1967.61,1965.86,1966.87
2023.11.15 06:00,1966.92,1970.53,1966.77,1969.62
2023.11.15 07:00,1969.76,1970.98,1967.24,1970.30
2023.11.15 08:00,1970.31,1972.55,1969.74,1971.51
2023.11.15 09:00,1971.49,1972.16,1969.96,1971.47
2023.11.15 10:00,1971.44,1974.03,1971.27,1973.12
2023.11.15 11:00,1973.13,1973.53,1971.86,1972.97
2023.11.15 12:00,1972.98,1973.37,1970.24,1971.59
2023.11.15 13:00,1971.46,1975.15,1963.29,1965.57
2023.11.15 14:00,1965.61,1966.62,1955.41,1957.46
2023.11.15 15:00,1957.47,1964.43,1957.20,1963.09
2023.11.15 16:00,1963.13,1963.67,1959.15,1962.32
2023.11.15 17:00,1962.31,1963.16,1960.40,1961.41
2023.11.15 18:00,1961.42,1962.06,1959.17,1960.46
2023.11.15 19:00,1960.47,1962.14,1960.35,1961.77
2023.11.15 20:00,1961.78,1962.23,1959.00,1959.41
2023.11.15 21:00,1959.41,1960.44,1958.94,1959.17
2023.11.15 23:00,1959.91,1960.94,1959.62,1960.39
2023.11.16 00:00,1960.41,1961.32,1958.82,1959.62
2023.11.16 01:00,1959.61,1959.80,1957.61,1958.41
2023.11.16 02:00,1958.39,1961.01,1956.50,1960.76
2023.11.16 03:00,1960.77,1962.14,1960.41,1961.43
2023.11.16 04:00,1961.40,1962.57,1960.80,1962.57
2023.11.16 05:00,1962.51,1963.85,1962.10,1962.89
2023.11.16 06:00,1962.92,1967.35,1962.79,1966.94
2023.11.16 07:00,1966.92,1967.80,1965.70,1966.54
2023.11.16 08:00,1966.48,1967.51,1964.83,1967.48
2023.11.16 09:00,1967.44,1968.54,1965.85,1966.21
2023.11.16 10:00,1966.16,1966.71,1964.63,1965.06
2023.11.16 11:00,1964.99,1966.41,1964.75,1965.54
2023.11.16 12:00,1965.52,1965.64,1962.10,1964.32
2023.11.16 13:00,1964.34,1972.93,1964.19,1972.06
2023.11.16 14:00,1972.08,1982.71,1971.51,1979.70
2023.11.16 15:00,1979.71,1986.48,1979.14,1984.93
2023.11.16 16:00,1984.83,1987.90,1980.12,1982.01
2023.11.16 17:00,1982.03,1983.65,1980.80,1983.37
2023.11.16 18:00,1983.45,1985.20,1983.17,1984.20
2023.11.16 19:00,1984.17,1984.42,1982.97,1983.29
2023.11.16 20:00,1983.30,1984.10,1980.74,1980.83
2023.11.16 21:00,1981.02,1981.42,1980.63,1980.97
2023.11.16 23:00,1980.64,1982.84,1980.42,1982.59
2023.11.17 00:00,1982.51,1984.93,1981.74,1984.93
2023.11.17 01:00,1984.94,1986.88,1982.69,1983.48
2023.11.17 02:00,1983.47,1985.73,1983.23,1985.35
2023.11.17 03:00,1985.34,1986.84,1985.22,1986.65
2023.11.17 04:00,1986.64,1987.08,1985.19,1986.09
2023.11.17 05:00,1986.07,1986.08,1984.20,1984.40
2023.11.17 06:00,1984.41,1984.72,1982.62,1983.63
2023.11.17 07:00,1983.60,1987.61,1982.87,1987.60
2023.11.17 08:00,1987.60,1989.08,1984.61,1988.69
2023.11.17 09:00,1988.68,1992.36,1988.22,1991.26
2023.11.17 10:00,1991.29,1993.37,1990.56,1991.80
2023.11.17 11:00,1991.81,1991.83,1987.37,1988.80
2023.11.17 12:00,1988.81,1990.72,1987.64,1988.67
2023.11.17 13:00,1988.66,1991.60,1983.55,1984.79
2023.11.17 14:00,1984.79,1986.68,1979.42,1980.44
2023.11.17 15:00,1980.40,1984.30,1979.95,1983.49
2023.11.17 16:00,1983.59,1985.28,1979.46,1981.17
2023.11.17 17:00,1981.17,1981.19,1978.63,1981.10
2023.11.17 18:00,1981.10,1982.76,1980.57,1982.00
2023.11.17 19:00,1982.01,1982.02,1979.74,1980.39
2023.11.17 20:00,1980.41,1981.08,1979.04,1980.77
2023.11.17 21:00,1980.71,1980.80,1979.89,1980.68
2023.11.19 23:00,1978.14,1978.76,1974.15,1974.49
2023.11.20 00:00,1974.57,1977.63,1973.34,1977.47
2023.11.20 01:00,1977.48,1983.01,1977.34,1981.07
2023.11.20 02:00,1981.10,1985.18,1979.65,1982.84
2023.11.20 03:00,1982.76,1983.08,1980.15,1982.24
2023.11.20 04:00,1982.23,1983.42,1980.92,1981.39
2023.11.20 05:00,1981.38,1983.37,1979.59,1980.65
2023.11.20 06:00,1980.67,1981.84,1978.78,1980.21
2023.11.20 07:00,1980.22,1980.94,1978.12,1978.60
2023.11.20 08:00,1978.61,1979.97,1975.89,1976.94
2023.11.20 09:00,1976.89,1980.44,1976.20,1979.28
2023.11.20 10:00,1979.28,1979.49,1975.03,1975.88
2023.11.20 11:00,1975.84,1976.23,1972.28,1973.37
2023.11.20 12:00,1973.34,1973.39,1970.53,1972.45
2023.11.20 13:00,1972.44,1973.25,1965.63,1968.22
2023.11.20 14:00,1968.31,1972.95,1965.34,1970.11
2023.11.20 15:00,1970.20,1973.10,1968.83,1971.97
2023.11.20 16:00,1971.89,1975.09,1971.27,1974.63
2023.11.20 17:00,1974.65,1976.25,1972.54,1973.85
2023.11.20 18:00,1973.80,1978.95,1973.49,1977.38
2023.11.20 19:00,1977.37,1978.94,1975.70,1978.45
2023.11.20 20:00,1978.49,1978.88,1976.94,1977.81
2023.11.20 21:00,1977.68,1978.02,1977.05,1977.54
2023.11.20 23:00,1977.85,1981.55,1977.66,1981.22
2023.11.21 00:00,1981.23,1986.71,1980.73,1986.42
2023.11.21 01:00,1986.42,1990.34,1983.94,1990.01
2023.11.21 02:00,1989.97,1992.65,1988.80,1990.68
2023.11.21 03:00,1990.71,1994.24,1989.77,1993.14
2023.11.21 04:00,1993.13,1994.04,1991.13,1992.16
2023.11.21 05:00,1992.13,1993.32,1990.97,1991.71
2023.11.21 06:00,1991.74,1992.46,1989.61,1990.77
2023.11.21 07:00,1990.87,1993.55,1990.44,1992.34
2023.11.21 08:00,1992.36,1994.27,1986.61,1987.87
2023.11.21 09:00,1987.84,1988.63,1984.31,1985.37
2023.11.21 10:00,1985.39,1989.93,1985.34,1988.62
2023.11.21 11:00,1988.57,1988.98,1986.09,1987.25
2023.11.21 12:00,1987.28,1989.41,1986.60,1989.14
2023.11.21 13:00,1989.29,2000.22,1989.29,1997.55
2023.11.21 14:00,1997.63,2007.27,1997.29,2005.41
2023.11.21 15:00,2005.46,2007.55,2002.99,2004.26
2023.11.21 16:00,2004.29,2005.31,1998.65,2001.11
2023.11.21 17:00,2001.11,2001.62,1999.13,2001.51
2023.11.21 18:00,2001.50,2001.81,1997.77,1998.61
2023.11.21 19:00,1998.58,2000.68,1996.27,2000.11
2023.11.21 20:00,2000.14,2000.20,1998.40,1999.01
2023.11.21 21:00,1998.95,1999.07,1997.87,1998.18
2023.11.21 23:00,1998.75,1999.86,1998.30,1999.33
2023.11.22 00:00,1999.29,1999.30,1996.92,1997.43
2023.11.22 01:00,1997.47,1998.75,1995.81,1996.16
2023.11.22 02:00,1996.15,1997.63,1995.50,1996.69
2023.11.22 03:00,1996.67,1997.93,1995.88,1996.45
2023.11.22 04:00,1996.44,2000.30,1996.15,1999.26
2023.11.22 05:00,1999.23,1999.71,1996.66,1998.83
2023.11.22 06:00,1998.83,2001.26,1998.23,2000.82
2023.11.22 07:00,2000.81,2004.02,2000.14,2003.67
2023.11.22 08:00,2003.66,2006.41,1999.29,1999.65
2023.11.22 09:00,1999.60,2003.54,1999.07,2002.12
2023.11.22 10:00,2002.11,2002.81,1999.52,2001.11
2023.11.22 11:00,2001.09,2003.39,2000.43,2000.65
2023.11.22 12:00,2000.63,2003.09,2000.08,2001.85
2023.11.22 13:00,2001.85,2003.17,1996.76,1999.14
2023.11.22 14:00,1999.18,2002.45,1998.54,2001.75
2023.11.22 15:00,2001.61,2001.61,1989.96,1994.96
2023.11.22 16:00,1995.00,1995.56,1990.08,1991.09
2023.11.22 17:00,1991.09,1992.44,1988.64,1991.55
2023.11.22 18:00,1991.42,1992.61,1986.90,1988.39
2023.11.22 19:00,1988.41,1991.17,1988.41,1990.74
2023.11.22 20:00,1990.76,1991.51,1989.50,1989.83
2023.11.22 21:00,1989.77,1990.15,1989.44,1989.68
2023.11.22 23:00,1988.97,1991.84,1988.92,1990.48
2023.11.23 00:00,1990.40,1992.10,1990.12,1991.95
2023.11.23 01:00,1991.94,1993.98,1991.10,1993.48
2023.11.23 02:00,1993.47,1995.00,1993.22,1994.27
2023.11.23 03:00,1994.32,1998.17,1993.17,1997.78
2023.11.23 04:00,1997.83,1997.86,1993.38,1995.19
2023.11.23 05:00,1995.18,1996.42,1994.34,1996.27
2023.11.23 06:00,1996.32,1997.50,1995.23,1996.15
2023.11.23 07:00,1996.11,1998.47,1994.25,1996.37
2023.11.23 08:00,1996.36,1996.38,1993.77,1994.96
2023.11.23 09:00,1994.94,1995.44,1992.21,1994.34
2023.11.23 10:00,1994.34,1994.81,1992.18,1993.55
2023.11.23 11:00,1993.55,1994.39,1992.96,1993.87
2023.11.23 12:00,1993.86,1994.21,1991.99,1992.41
2023.11.23 13:00,1992.42,1993.26,1991.92,1992.74
2023.11.23 14:00,1992.75,1994.88,1992.03,1993.80
2023.11.23 15:00,1993.81,1993.89,1991.81,1992.15
2023.11.23 16:00,1992.12,1992.15,1989.83,1990.62
2023.11.23 17:00,1990.63,1992.96,1990.58,1992.79
2023.11.23 18:00,1992.82,1993.00,1991.89,1992.04
2023.11.23 19:00,1992.01,1992.80,1991.81,1992.33
2023.11.23 23:00,1992.73,1994.30,1992.51,1994.11
2023.11.24 00:00,1994.14,1994.80,1993.05,1993.82
2023.11.24 01:00,1993.97,1994.95,1991.42,1992.85
2023.11.24 02:00,1992.81,1994.14,1991.91,1992.34
2023.11.24 03:00,1992.30,1993.66,1991.67,1993.60
2023.11.24 04:00,1993.61,1994.69,1991.48,1993.74
2023.11.24 05:00,1993.74,1994.46,1992.94,1994.27
2023.11.24 06:00,1994.29,1994.29,1992.30,1993.58
2023.11.24 07:00,1993.64,1994.14,1992.04,1993.47
2023.11.24 08:00,1993.41,1994.29,1992.22,1993.37
2023.11.24 09:00,1993.37,1994.89,1993.21,1994.53
2023.11.24 10:00,1994.55,1996.28,1994.32,1995.76
2023.11.24 11:00,1995.79,1996.15,1994.58,1995.18
2023.11.24 12:00,1995.27,1997.11,1994.89,1995.46
2023.11.24 13:00,1995.48,2001.92,1994.38,1999.60
2023.11.24 14:00,1999.71,2003.04,1999.48,2001.17
2023.11.24 15:00,2001.15,2003.59,1997.28,1998.36
2023.11.24 16:00,1998.37,2000.28,1997.13,1999.93
2023.11.24 17:00,1999.92,2002.38,1999.54,2000.96
2023.11.24 18:00,2000.93,2002.90,1999.88,2002.17
2023.11.24 19:00,2002.17,2002.17,2002.17,2002.17
2023.11.26 23:00,2001.75,2003.12,2000.53,2002.44
2023.11.27 00:00,2002.37,2004.22,2001.41,2002.09
2023.11.27 01:00,2002.11,2018.13,2002.11,2012.02
2023.11.27 02:00,2012.01,2012.08,2007.39,2011.33
2023.11.27 03:00,2011.32,2011.91,2007.55,2009.52
2023.11.27 04:00,2009.46,2013.63,2008.41,2012.95
2023.11.27 05:00,2012.96,2013.70,2010.57,2010.65
2023.11.27 06:00,2010.67,2011.93,2008.72,2009.62
2023.11.27 07:00,2009.62,2011.27,2009.59,2010.95
2023.11.27 08:00,2010.89,2013.89,2010.50,2013.85
2023.11.27 09:00,2013.87,2015.50,2012.98,2013.37
2023.11.27 10:00,2013.38,2015.00,2011.74,2014.41
2023.11.27 11:00,2014.40,2014.96,2011.72,2012.56
2023.11.27 12:00,2012.57,2014.43,2011.54,2013.60
2023.11.27 13:00,2013.65,2016.30,2009.80,2011.29
2023.11.27 14:00,2011.29,2013.17,2010.68,2011.49
2023.11.27 15:00,2011.47,2014.90,2008.73,2010.34
2023.11.27 16:00,2010.36,2011.23,2005.71,2010.83
2023.11.27 17:00,2010.82,2011.14,2008.76,2009.96
2023.11.27 18:00,2009.97,2013.15,2009.50,2012.46
2023.11.27 19:00,2012.44,2013.58,2012.10,2012.86
2023.11.27 20:00,2012.83,2014.62,2012.02,2014.55
2023.11.27 21:00,2014.00,2014.53,2013.47,2013.65
2023.11.27 23:00,2013.80,2015.38,2013.16,2015.27
2023.11.28 00:00,2015.28,2018.05,2015.28,2017.15
2023.11.28 01:00,2017.13,2018.02,2013.87,2015.42
2023.11.28 02:00,2015.42,2017.66,2014.13,2015.22
2023.11.28 03:00,2015.26,2017.19,2014.86,2014.97
2023.11.28 04:00,2015.00,2016.85,2014.11,2015.22
2023.11.28 05:00,2015.24,2015.86,2014.27,2015.20
2023.11.28 06:00,2015.19,2016.80,2014.38,2015.89
2023.11.28 07:00,2015.94,2016.68,2012.01,2013.48
2023.11.28 08:00,2013.48,2015.74,2012.51,2015.41
2023.11.28 09:00,2015.42,2016.73,2014.40,2015.96
2023.11.28 10:00,2015.97,2016.14,2013.42,2014.57
2023.11.28 11:00,2014.59,2015.70,2014.41,2015.21
2023.11.28 12:00,2015.31,2015.98,2014.10,2014.36
2023.11.28 13:00,2014.37,2021.53,2011.70,2021.45
2023.11.28 14:00,2021.46,2028.45,2020.62,2026.11
2023.11.28 15:00,2026.09,2031.48,2023.76,2030.90
2023.11.28 16:00,2030.91,2040.75,2030.49,2039.75
2023.11.28 17:00,2039.74,2043.01,2038.73,2040.71
2023.11.28 18:00,2040.80,2041.39,2038.22,2039.46
2023.11.28 19:00,2039.44,2042.53,2039.40,2041.78
2023.11.28 20:00,2041.77,2041.82,2039.64,2041.35
2023.11.28 21:00,2041.04,2041.98,2040.01,2040.68
2023.11.28 23:00,2040.90,2044.55,2040.60,2044.42
2023.11.29 00:00,2044.48,2049.58,2042.71,2049.50
2023.11.29 01:00,2049.57,2051.98,2046.73,2048.79
2023.11.29 02:00,2048.67,2049.01,2045.93,2046.92
2023.11.29 03:00,2046.93,2047.50,2042.58,2044.09
2023.11.29 04:00,2044.02,2046.39,2043.24,2046.19
2023.11.29 05:00,2046.21,2049.03,2044.43,2046.02
2023.11.29 06:00,2046.01,2046.22,2043.12,2044.67
2023.11.29 07:00,2044.69,2044.86,2041.07,2042.36
2023.11.29 08:00,2042.38,2044.05,2041.33,2042.75
2023.11.29 09:00,2042.69,2043.41,2035.43,2038.39
2023.11.29 10:00,2038.38,2039.15,2036.71,2037.45
2023.11.29 11:00,2037.37,2040.11,2037.34,2040.05
2023.11.29 12:00,2040.06,2042.32,2039.08,2041.39
2023.11.29 13:00,2041.40,2042.99,2037.28,2039.13
2023.11.29 14:00,2039.15,2045.62,2037.11,2044.31
2023.11.29 15:00,2044.27,2046.92,2039.16,2043.08
2023.11.29 16:00,2043.02,2043.42,2039.56,2042.15
2023.11.29 17:00,2042.15,2045.76,2041.66,2045.07
2023.11.29 18:00,2045.06,2048.28,2044.31,2047.78
2023.11.29 19:00,2047.78,2049.55,2045.32,2046.29
2023.11.29 20:00,2046.30,2046.51,2042.02,2044.50
2023.11.29 21:00,2044.73,2044.84,2043.77,2043.90
2023.11.29 23:00,2044.63,2045.34,2044.04,2044.66
2023.11.30 00:00,2044.67,2046.83,2044.18,2046.66
2023.11.30 01:00,2046.67,2046.68,2043.13,2043.33
2023.11.30 02:00,2043.32,2046.39,2042.65,2046.01
2023.11.30 03:00,2046.04,2047.18,2044.23,2046.05
2023.11.30 04:00,2046.09,2046.64,2043.12,2044.57
2023.11.30 05:00,2044.71,2044.71,2041.40,2041.78
2023.11.30 06:00,2041.68,2045.82,2041.59,2045.82
2023.11.30 07:00,2045.81,2046.92,2042.36,2044.60
2023.11.30 08:00,2044.61,2045.70,2039.99,2040.55
2023.11.30 09:00,2040.56,2042.29,2038.79,2039.93
2023.11.30 10:00,2039.95,2040.57,2036.79,2038.38
2023.11.30 11:00,2038.38,2038.66,2035.98,2037.15
2023.11.30 12:00,2037.16,2039.06,2036.85,2038.29
2023.11.30 13:00,2038.37,2043.75,2034.00,2036.80
2023.11.30 14:00,2036.80,2039.82,2031.38,2036.49
2023.11.30 15:00,2036.49,2038.26,2032.47,2037.93
2023.11.30 16:00,2037.93,2040.38,2036.56,2039.66
2023.11.30 17:00,2039.67,2041.31,2036.83,2037.03
2023.11.30 18:00,2037.13,2038.66,2033.65,2034.92
2023.11.30 19:00,2034.92,2037.16,2034.63,2036.19
2023.11.30 20:00,2036.18,2036.48,2034.83,2036.17
2023.11.30 21:00,2035.49,2036.70,2034.84,2035.86
2023.11.30 23:00,2036.64,2040.61,2036.38,2040.09
2023.12.01 00:00,2040.13,2042.48,2039.85,2041.96
2023.12.01 01:00,2041.99,2043.42,2041.26,2041.75
2023.12.01 02:00,2041.75,2042.79,2039.97,2040.21
2023.12.01 03:00,2040.24,2042.69,2038.66,2039.54
2023.12.01 04:00,2039.52,2040.57,2038.81,2040.19
2023.12.01 05:00,2040.18,2041.56,2039.75,2041.01
2023.12.01 06:00,2040.99,2042.87,2039.71,2040.50
2023.12.01 07:00,2040.56,2041.98,2039.27,2039.51
2023.12.01 08:00,2039.52,2046.06,2039.30,2045.36
2023.12.01 09:00,2045.36,2049.82,2044.86,2046.38
2023.12.01 10:00,2046.40,2047.21,2043.22,2043.74
2023.12.01 11:00,2043.75,2044.18,2036.50,2037.03
2023.12.01 12:00,2037.06,2038.50,2033.87,2036.05
2023.12.01 13:00,2036.01,2039.30,2035.02,2037.70
2023.12.01 14:00,2037.66,2043.32,2035.21,2042.49
2023.12.01 15:00,2042.50,2051.52,2042.06,2049.34
2023.12.01 16:00,2049.37,2060.63,2044.76,2058.83
2023.12.01 17:00,2058.75,2067.65,2057.35,2067.29
2023.12.01 18:00,2067.30,2075.35,2065.78,2071.80
2023.12.01 19:00,2071.81,2072.22,2066.88,2068.32
2023.12.01 20:00,2068.30,2072.28,2067.79,2072.17
2023.12.01 21:00,2071.78,2073.51,2071.77,2073.28
2023.12.03 23:00,2074.26,2134.65,2072.96,2116.25
2023.12.04 00:00,2116.34,2119.50,2090.87,2096.82
2023.12.04 01:00,2096.88,2099.39,2082.98,2087.58
2023.12.04 02:00,2087.59,2088.53,2084.06,2087.96
2023.12.04 03:00,2087.98,2089.13,2084.33,2085.73
2023.12.04 04:00,2085.69,2085.86,2081.49,2085.26
2023.12.04 05:00,2085.30,2090.31,2083.70,2085.85
2023.12.04 06:00,2085.87,2087.67,2072.24,2076.23
2023.12.04 07:00,2076.25,2078.57,2059.85,2063.10
2023.12.04 08:00,2063.31,2069.86,2057.68,2069.58
2023.12.04 09:00,2069.57,2075.91,2068.15,2070.91
2023.12.04 10:00,2070.90,2071.00,2063.99,2068.20
2023.12.04 11:00,2068.16,2071.69,2065.88,2070.72
2023.12.04 12:00,2070.73,2071.14,2065.46,2069.66
2023.12.04 13:00,2069.74,2070.30,2055.78,2057.50
2023.12.04 14:00,2057.51,2057.83,2042.41,2050.06
2023.12.04 15:00,2050.15,2053.23,2020.06,2022.47
2023.12.04 16:00,2022.48,2028.03,2020.73,2025.86
2023.12.04 17:00,2025.86,2030.70,2023.58,2025.85
2023.12.04 18:00,2025.91,2025.94,2022.07,2024.31
2023.12.04 19:00,2024.37,2031.41,2023.78,2030.83
2023.12.04 20:00,2030.85,2032.22,2026.21,2026.32
2023.12.04 21:00,2027.61,2030.14,2027.23,2028.75
2023.12.04 23:00,2029.61,2034.02,2028.42,2033.91
2023.12.05 00:00,2033.86,2041.09,2032.60,2036.78
2023.12.05 01:00,2036.64,2038.34,2034.01,2035.50
2023.12.05 02:00,2035.50,2036.39,2033.44,2034.69
2023.12.05 03:00,2034.67,2037.67,2034.53,2037.26
2023.12.05 04:00,2037.27,2038.24,2030.32,2032.15
2023.12.05 05:00,2032.19,2033.77,2030.61,2032.04
2023.12.05 06:00,2032.07,2034.41,2031.62,2033.36
2023.12.05 07:00,2033.38,2034.89,2030.51,2032.59
2023.12.05 08:00,2032.61,2039.50,2032.57,2034.37
2023.12.05 09:00,2034.33,2034.39,2028.41,2028.86
2023.12.05 10:00,2028.82,2029.49,2022.92,2025.15
2023.12.05 11:00,2025.18,2027.43,2021.49,2024.70
2023.12.05 12:00,2024.68,2026.45,2022.23,2024.78
2023.12.05 13:00,2024.78,2030.72,2024.64,2029.39
2023.12.05 14:00,2029.40,2030.01,2015.37,2016.66
2023.12.05 15:00,2016.69,2026.74,2009.82,2016.12
2023.12.05 16:00,2016.19,2019.37,2012.13,2014.78
2023.12.05 17:00,2014.90,2020.45,2014.63,2017.13
2023.12.05 18:00,2017.10,2019.83,2016.64,2018.05
2023.12.05 19:00,2018.05,2020.21,2017.44,2019.72
2023.12.05 20:00,2019.55,2020.81,2018.33,2018.96
2023.12.05 21:00,2019.20,2019.77,2018.57,2018.84
2023.12.05 23:00,2018.55,2019.74,2017.13,2018.87
2023.12.06 00:00,2018.83,2022.27,2018.69,2021.74
2023.12.06 01:00,2021.68,2022.56,2018.94,2020.74
2023.12.06 02:00,2020.70,2022.08,2019.60,2021.13
2023.12.06 03:00,2021.15,2024.08,2020.78,2023.15
2023.12.06 04:00,2023.16,2023.81,2020.28,2021.95
2023.12.06 05:00,2021.96,2025.31,2021.10,2024.68
2023.12.06 06:00,2024.70,2026.96,2023.67,2026.14
2023.12.06 07:00,2026.13,2035.79,2026.03,2034.04
2023.12.06 08:00,2034.03,2034.78,2024.42,2025.23
2023.12.06 09:00,2025.28,2027.66,2020.15,2021.10
2023.12.06 10:00,2021.10,2023.67,2020.94,2022.80
2023.12.06 11:00,2022.79,2023.12,2020.16,2021.31
2023.12.06 12:00,2021.34,2027.40,2020.95,2026.15
2023.12.06 13:00,2026.16,2031.74,2024.83,2030.43
2023.12.06 14:00,2029.84,2030.46,2024.70,2025.01
2023.12.06 15:00,2025.03,2031.94,2022.61,2030.26
2023.12.06 16:00,2030.31,2031.27,2023.96,2029.99
2023.12.06 17:00,2029.95,2030.18,2026.58,2029.51
2023.12.06 18:00,2029.49,2031.20,2028.00,2030.59
2023.12.06 19:00,2030.59,2030.73,2028.71,2029.88
2023.12.06 20:00,2029.88,2029.88,2025.12,2026.57
2023.12.06 21:00,2026.56,2026.89,2024.44,2025.18
2023.12.06 23:00,2025.86,2027.79,2025.32,2027.09
2023.12.07 00:00,2027.07,2029.59,2026.64,2028.63
2023.12.07 01:00,2028.67,2029.53,2026.05,2026.14
2023.12.07 02:00,2026.14,2030.01,2026.14,2029.03
2023.12.07 03:00,2029.05,2029.88,2026.47,2026.89
2023.12.07 04:00,2026.88,2027.10,2025.35,2026.06
2023.12.07 05:00,2025.97,2027.34,2025.19,2026.81
2023.12.07 06:00,2026.84,2029.70,2026.25,2029.61
2023.12.07 07:00,2029.60,2030.75,2028.29,2029.59
2023.12.07 08:00,2029.70,2034.85,2028.80,2032.97
2023.12.07 09:00,2032.99,2034.69,2031.16,2034.15
2023.12.07 10:00,2034.16,2035.09,2032.51,2033.60
2023.12.07 11:00,2033.64,2034.40,2029.54,2032.62
2023.12.07 12:00,2032.58,2033.43,2030.41,2033.22
2023.12.07 13:00,2033.26,2039.91,2030.03,2037.12
2023.12.07 14:00,2037.14,2037.48,2025.20,2026.44
2023.12.07 15:00,2026.36,2031.29,2025.47,2029.33
2023.12.07 16:00,2029.28,2030.79,2025.57,2026.42
2023.12.07 17:00,2026.43,2031.30,2020.21,2028.82
2023.12.07 18:00,2028.84,2031.98,2027.66,2030.35
2023.12.07 19:00,2030.32,2030.99,2029.51,2029.92
2023.12.07 20:00,2029.94,2031.30,2028.67,2029.23
2023.12.07 21:00,2029.36,2029.45,2028.12,2028.18
2023.12.07 23:00,2028.66,2028.93,2026.87,2028.10
2023.12.08 00:00,2028.11,2033.06,2027.47,2031.02
2023.12.08 01:00,2031.11,2033.07,2028.79,2032.21
2023.12.08 02:00,2032.31,2033.57,2031.76,2032.51
2023.12.08 03:00,2032.51,2033.96,2030.92,2032.47
2023.12.08 04:00,2032.49,2032.49,2030.05,2031.51
2023.12.08 05:00,2031.55,2031.92,2029.30,2029.99
2023.12.08 06:00,2029.90,2031.11,2028.84,2030.37
2023.12.08 07:00,2030.38,2031.37,2029.13,2030.87
2023.12.08 08:00,2030.79,2030.97,2026.46,2028.20
2023.12.08 09:00,2028.18,2029.13,2026.67,2028.59
2023.12.08 10:00,2028.61,2032.34,2027.18,2029.76
2023.12.08 11:00,2029.68,2030.95,2028.84,2029.97
2023.12.08 12:00,2029.99,2030.09,2027.00,2027.54
2023.12.08 13:00,2027.60,2028.84,2014.45,2018.59
2023.12.08 14:00,2018.63,2019.30,2002.56,2008.70
2023.12.08 15:00,2010.63,2014.72,2006.19,2008.94
2023.12.08 16:00,2008.91,2009.64,2001.27,2002.28
2023.12.08 17:00,2002.14,2002.65,1994.66,1997.14
2023.12.08 18:00,1997.18,2000.78,1996.33,1999.35
2023.12.08 19:00,1999.39,2001.34,1999.26,2000.70
2023.12.08 20:00,2000.69,2003.51,2000.03,2002.74
2023.12.08 21:00,2002.77,2005.02,2002.66,2004.29
2023.12.10 23:00,2004.14,2007.64,2004.09,2007.06
2023.12.11 00:00,2007.09,2007.76,2004.58,2004.84
2023.12.11 01:00,2004.81,2004.99,2001.70,2002.14
2023.12.11 02:00,2002.12,2002.80,1996.59,1998.15
2023.12.11 03:00,1998.14,2000.29,1995.23,1996.92
2023.12.11 04:00,1996.92,1997.10,1994.79,1996.68
2023.12.11 05:00,1996.69,1999.93,1996.43,1998.82
2023.12.11 06:00,1998.83,1999.53,1997.64,1998.87
2023.12.11 07:00,1998.93,2000.59,1991.34,1992.81
2023.12.11 08:00,1992.80,1997.78,1991.87,1996.07
2023.12.11 09:00,1996.07,1997.02,1991.91,1993.38
2023.12.11 10:00,1993.43,1994.76,1991.25,1992.95
2023.12.11 11:00,1992.96,1996.34,1992.72,1996.21
2023.12.11 12:00,1996.20,1996.74,1993.85,1995.08
2023.12.11 13:00,1995.12,1995.74,1990.21,1993.67
2023.12.11 14:00,1993.95,1994.41,1986.56,1986.78
2023.12.11 15:00,1986.62,1988.16,1980.64,1982.37
2023.12.11 16:00,1982.36,1984.30,1980.12,1981.59
2023.12.11 17:00,1981.58,1982.73,1976.15,1976.75
2023.12.11 18:00,1976.78,1982.44,1975.86,1981.55
2023.12.11 19:00,1981.63,1983.08,1980.43,1981.55
2023.12.11 20:00,1981.61,1982.18,1980.36,1980.76
2023.12.11 21:00,1980.72,1981.90,1980.72,1981.68
2023.12.11 23:00,1982.05,1984.27,1981.82,1982.97
2023.12.12 00:00,1982.93,1989.54,1982.42,1985.67
2023.12.12 01:00,1985.65,1986.32,1982.66,1983.26
2023.12.12 02:00,1983.25,1983.61,1982.02,1982.30
2023.12.12 03:00,1982.30,1986.29,1982.13,1985.51
2023.12.12 04:00,1985.50,1986.41,1984.69,1985.64
2023.12.12 05:00,1985.67,1987.83,1984.77,1987.53
2023.12.12 06:00,1987.51,1988.79,1987.22,1987.72
2023.12.12 07:00,1987.72,1989.02,1985.52,1988.03
2023.12.12 08:00,1988.00,1988.22,1983.72,1983.79
2023.12.12 09:00,1983.75,1986.07,1982.70,1985.90
2023.12.12 10:00,1985.90,1988.19,1985.12,1986.20
2023.12.12 11:00,1986.19,1988.39,1985.93,1988.32
2023.12.12 12:00,1988.39,1989.08,1986.80,1988.31
2023.12.12 13:00,1988.32,1996.74,1982.73,1984.44
2023.12.12 14:00,1984.43,1989.75,1980.11,1981.78
2023.12.12 15:00,1981.80,1984.57,1980.46,1981.63
2023.12.12 16:00,1981.71,1983.68,1979.22,1980.96
2023.12.12 17:00,1980.95,1981.34,1977.19,1977.77
2023.12.12 18:00,1977.76,1980.70,1977.53,1979.03
2023.12.12 19:00,1979.08,1981.05,1979.00,1980.26
2023.12.12 20:00,1980.27,1980.51,1979.36,1979.54
2023.12.12 21:00,1979.39,1979.99,1979.02,1979.14
2023.12.12 23:00,1979.55,1982.81,1979.52,1982.51
2023.12.13 00:00,1982.54,1982.54,1980.39,1980.83
2023.12.13 01:00,1980.81,1981.69,1979.83,1980.14
2023.12.13 02:00,1980.12,1980.38,1977.95,1979.41
2023.12.13 03:00,1979.40,1980.17,1977.75,1977.93
2023.12.13 04:00,1977.92,1980.04,1977.62,1978.26
2023.12.13 05:00,1978.33,1979.68,1978.33,1978.77
2023.12.13 06:00,1978.76,1978.85,1973.02,1974.39
2023.12.13 07:00,1974.38,1980.51,1973.43,1979.24
2023.12.13 08:00,1979.33,1982.31,1978.60,1980.32
2023.12.13 09:00,1980.29,1982.65,1979.58,1982.54
2023.12.13 10:00,1982.47,1983.26,1981.12,1983.22
2023.12.13 11:00,1983.14,1983.54,1982.17,1982.81
2023.12.13 12:00,1982.82,1982.92,1980.80,1981.45
2023.12.13 13:00,1981.47,1986.72,1979.67,1984.47
2023.12.13 14:00,1984.46,1986.11,1981.22,1981.95
2023.12.13 15:00,1981.93,1982.96,1978.48,1981.88
2023.12.13 16:00,1981.89,1983.77,1980.43,1981.37
2023.12.13 17:00,1981.46,1983.54,1981.14,1982.15
2023.12.13 18:00,1982.17,1982.91,1979.69,1982.20
2023.12.13 19:00,1982.00,2017.48,1982.00,2013.66
2023.12.13 20:00,2013.66,2024.28,2012.65,2023.87
2023.12.13 21:00,2023.19,2027.63,2021.61,2027.18
2023.12.13 23:00,2026.32,2033.13,2024.13,2032.87
2023.12.14 00:00,2032.83,2039.26,2030.44,2037.99
2023.12.14 01:00,2038.21,2038.21,2029.96,2032.39
2023.12.14 02:00,2032.45,2034.66,2030.54,2032.76
2023.12.14 03:00,2032.76,2034.91,2030.32,2031.00
2023.12.14 04:00,2030.98,2032.12,2030.12,2031.26
2023.12.14 05:00,2031.22,2035.98,2030.41,2035.22
2023.12.14 06:00,2035.24,2037.36,2034.06,2035.37
2023.12.14 07:00,2035.39,2036.67,2029.31,2032.72
2023.12.14 08:00,2032.71,2040.32,2032.03,2036.47
2023.12.14 09:00,2036.48,2038.81,2034.78,2036.63
2023.12.14 10:00,2036.62,2036.72,2032.31,2033.99
2023.12.14 11:00,2034.01,2035.22,2033.08,2035.01
2023.12.14 12:00,2035.12,2039.22,2033.70,2038.86
2023.12.14 13:00,2038.90,2039.19,2027.53,2037.25
2023.12.14 14:00,2037.23,2047.89,2034.94,2043.19
2023.12.14 15:00,2043.21,2046.89,2036.48,2040.29
2023.12.14 16:00,2040.17,2041.49,2037.94,2039.42
2023.12.14 17:00,2039.41,2039.59,2034.68,2036.13
2023.12.14 18:00,2036.10,2036.12,2029.08,2031.16
2023.12.14 19:00,2031.17,2033.77,2029.79,2033.24
2023.12.14 20:00,2033.19,2036.71,2032.76,2036.40
2023.12.14 21:00,2036.44,2036.62,2035.42,2036.02
2023.12.14 23:00,2036.32,2038.68,2035.49,2035.51
2023.12.15 00:00,2035.61,2036.32,2031.31,2032.78
2023.12.15 01:00,2032.81,2033.72,2031.87,2032.25
2023.12.15 02:00,2032.22,2037.46,2031.88,2036.12
2023.12.15 03:00,2036.10,2036.62,2034.03,2035.82
2023.12.15 04:00,2035.83,2037.36,2035.26,2036.63
2023.12.15 05:00,2036.65,2037.23,2035.07,2035.27
2023.12.15 06:00,2035.19,2036.31,2034.28,2036.09
2023.12.15 07:00,2036.20,2039.08,2035.80,2037.86
2023.12.15 08:00,2037.85,2040.52,2036.99,2040.03
2023.12.15 09:00,2040.06,2044.17,2040.04,2042.64
2023.12.15 10:00,2042.64,2044.37,2041.12,2042.57
2023.12.15 11:00,2042.55,2043.44,2040.04,2041.68
2023.12.15 12:00,2041.68,2044.89,2040.94,2041.08
2023.12.15 13:00,2041.15,2044.11,2026.96,2031.42
2023.12.15 14:00,2031.46,2036.41,2031.33,2033.27
2023.12.15 15:00,2033.20,2038.56,2032.04,2035.14
2023.12.15 16:00,2035.13,2036.39,2033.03,2033.88
2023.12.15 17:00,2033.86,2034.47,2032.00,2032.77
2023.12.15 18:00,2032.76,2033.75,2019.58,2019.69
2023.12.15 19:00,2019.67,2020.00,2015.59,2019.13
2023.12.15 20:00,2019.08,2021.58,2017.39,2018.08
2023.12.15 21:00,2018.29,2019.78,2018.09,2019.56
2023.12.17 23:00,2019.40,2020.67,2016.00,2017.39
2023.12.18 00:00,2017.56,2020.47,2016.05,2020.02
2023.12.18 01:00,2020.03,2023.34,2018.71,2019.36
2023.12.18 02:00,2019.33,2023.25,2018.99,2021.90
2023.12.18 03:00,2021.90,2024.15,2021.37,2022.87
2023.12.18 04:00,2022.84,2023.30,2021.55,2023.16
2023.12.18 05:00,2023.17,2024.54,2022.40,2023.11
2023.12.18 06:00,2023.12,2024.75,2021.51,2023.22
2023.12.18 07:00,2023.26,2024.34,2022.57,2023.09
2023.12.18 08:00,2023.14,2026.18,2021.74,2024.39
2023.12.18 09:00,2024.39,2027.26,2021.97,2022.89
2023.12.18 10:00,2022.82,2024.85,2019.07,2019.27
2023.12.18 11:00,2019.33,2022.58,2018.76,2022.00
2023.12.18 12:00,2022.02,2024.12,2021.78,2023.57
2023.12.18 13:00,2023.52,2026.16,2022.73,2025.86
2023.12.18 14:00,2025.86,2026.84,2020.85,2024.23
2023.12.18 15:00,2024.22,2025.23,2020.30,2022.28
2023.12.18 16:00,2022.34,2024.61,2021.18,2022.24
2023.12.18 17:00,2022.27,2033.52,2021.27,2033.52
2023.12.18 18:00,2033.51,2033.65,2024.99,2026.51
2023.12.18 19:00,2026.50,2027.77,2025.73,2026.25
2023.12.18 20:00,2026.25,2026.90,2025.57,2026.70
2023.12.18 21:00,2026.44,2027.32,2026.29,2027.17
2023.12.18 23:00,2027.30,2027.91,2025.62,2027.60
2023.12.19 00:00,2027.69,2029.25,2026.41,2027.22
2023.12.19 01:00,2027.23,2028.07,2025.86,2026.09
2023.12.19 02:00,2026.09,2026.49,2023.13,2024.50
2023.12.19 03:00,2024.53,2025.57,2022.65,2023.29
2023.12.19 04:00,2023.19,2024.33,2021.65,2024.13
2023.12.19 05:00,2024.14,2025.24,2022.43,2024.09
2023.12.19 06:00,2024.10,2026.42,2023.41,2024.79
2023.12.19 07:00,2024.79,2026.34,2022.94,2024.80
2023.12.19 08:00,2024.78,2028.43,2023.87,2027.10
2023.12.19 09:00,2027.10,2027.41,2025.63,2026.27
2023.12.19 10:00,2026.22,2027.02,2024.23,2025.63
2023.12.19 11:00,2025.67,2027.18,2025.35,2026.48
2023.12.19 12:00,2026.50,2030.02,2026.20,2029.45
2023.12.19 13:00,2029.46,2032.62,2028.47,2029.98
2023.12.19 14:00,2029.99,2042.24,2028.94,2041.46
2023.12.19 15:00,2041.29,2045.44,2039.10,2041.84
2023.12.19 16:00,2041.87,2047.00,2041.27,2044.38
2023.12.19 17:00,2044.42,2045.50,2040.26,2040.41
2023.12.19 18:00,2040.43,2040.88,2036.68,2039.03
2023.12.19 19:00,2038.97,2039.68,2038.48,2039.52
2023.12.19 20:00,2039.54,2040.42,2038.75,2040.22
2023.12.19 21:00,2040.21,2040.61,2039.54,2040.01
2023.12.19 23:00,2040.06,2041.64,2038.85,2040.95
2023.12.20 00:00,2040.86,2041.04,2038.74,2039.19
2023.12.20 01:00,2039.25,2039.93,2037.64,2038.18
2023.12.20 02:00,2038.14,2040.31,2036.73,2040.08
2023.12.20 03:00,2040.06,2040.87,2039.00,2040.44
2023.12.20 04:00,2040.42,2041.06,2039.87,2040.50
2023.12.20 05:00,2040.52,2041.35,2039.32,2041.24
2023.12.20 06:00,2041.25,2042.35,2040.53,2040.99
2023.12.20 07:00,2040.99,2043.43,2040.66,2042.24
2023.12.20 08:00,2042.28,2042.28,2039.73,2041.03
2023.12.20 09:00,2041.03,2042.45,2039.63,2039.94
2023.12.20 10:00,2039.93,2040.38,2035.61,2035.95
2023.12.20 11:00,2035.91,2035.95,2031.80,2033.52
2023.12.20 12:00,2033.44,2036.38,2033.16,2033.97
2023.12.20 13:00,2034.02,2036.49,2029.59,2036.36
2023.12.20 14:00,2036.38,2039.81,2034.09,2038.04
2023.12.20 15:00,2037.92,2038.62,2030.50,2032.47
2023.12.20 16:00,2032.54,2035.31,2032.54,2034.76
2023.12.20 17:00,2034.80,2035.24,2032.00,2034.73
2023.12.20 18:00,2034.73,2036.67,2034.06,2036.30
2023.12.20 19:00,2036.29,2037.09,2030.13,2032.29
2023.12.20 20:00,2032.35,2033.79,2029.54,2029.60
2023.12.20 21:00,2029.70,2031.89,2027.45,2030.70
2023.12.20 23:00,2031.50,2033.29,2031.50,2032.18
2023.12.21 00:00,2032.15,2034.16,2031.98,2033.64
2023.12.21 01:00,2033.68,2035.93,2033.43,2035.45
2023.12.21 02:00,2035.44,2037.42,2034.91,2036.91
2023.12.21 03:00,2036.93,2037.66,2035.50,2037.44
2023.12.21 04:00,2037.52,2037.91,2036.20,2036.32
2023.12.21 05:00,2036.33,2038.14,2034.99,2036.17
2023.12.21 06:00,2036.25,2037.05,2034.32,2036.85
2023.12.21 07:00,2036.86,2037.33,2033.95,2034.97
2023.12.21 08:00,2034.93,2037.22,2034.87,2036.43
2023.12.21 09:00,2036.51,2037.07,2034.74,2035.40
2023.12.21 10:00,2035.35,2036.10,2033.06,2034.11
2023.12.21 11:00,2034.12,2035.37,2033.89,2034.05
2023.12.21 12:00,2034.12,2039.40,2033.25,2037.95
2023.12.21 13:00,2037.99,2045.94,2032.33,2041.31
2023.12.21 14:00,2041.40,2045.95,2036.96,2042.04
2023.12.21 15:00,2042.05,2042.91,2036.68,2041.54
2023.12.21 16:00,2041.51,2044.72,2041.06,2041.68
2023.12.21 17:00,2041.67,2043.83,2040.35,2041.04
2023.12.21 18:00,2041.02,2041.72,2037.46,2039.04
2023.12.21 19:00,2039.06,2045.06,2039.06,2043.91
2023.12.21 20:00,2043.90,2045.13,2043.12,2044.09
2023.12.21 21:00,2044.08,2045.94,2043.91,2045.58
2023.12.21 23:00,2048.12,2054.97,2046.82,2052.83
2023.12.22 00:00,2052.85,2053.87,2046.93,2048.13
2023.12.22 01:00,2048.18,2051.31,2046.82,2048.68
2023.12.22 02:00,2048.66,2050.83,2047.95,2050.19
2023.12.22 03:00,2050.17,2051.24,2047.12,2048.26
2023.12.22 04:00,2048.27,2050.76,2048.15,2049.58
2023.12.22 05:00,2049.65,2049.75,2047.61,2048.30
2023.12.22 06:00,2048.31,2049.04,2047.06,2047.69
2023.12.22 07:00,2047.66,2050.87,2047.50,2050.05
2023.12.22 08:00,2050.10,2052.09,2049.66,2051.49
2023.12.22 09:00,2051.49,2054.56,2051.49,2053.48
2023.12.22 10:00,2053.47,2057.18,2053.47,2055.76
2023.12.22 11:00,2055.74,2062.95,2055.24,2060.66
2023.12.22 12:00,2060.67,2066.05,2059.44,2060.20
2023.12.22 13:00,2060.15,2069.26,2057.71,2067.16
2023.12.22 14:00,2067.28,2070.08,2064.10,2068.53
2023.12.22 15:00,2068.50,2070.61,2059.45,2060.80
2023.12.22 16:00,2060.79,2062.16,2051.13,2053.36
2023.12.22 17:00,2053.35,2055.73,2052.24,2055.49
2023.12.22 18:00,2055.50,2058.00,2054.81,2057.19
2023.12.22 19:00,2057.17,2057.26,2051.77,2053.90
2023.12.22 20:00,2053.93,2053.98,2052.08,2053.21
2023.12.22 21:00,2053.36,2053.68,2052.44,2052.83
2023.12.25 23:00,2053.61,2057.69,2053.50,2054.93
2023.12.26 00:00,2054.94,2055.26,2053.52,2054.98
2023.12.26 01:00,2054.96,2063.88,2054.85,2063.36
2023.12.26 02:00,2063.33,2065.11,2062.00,2064.68
2023.12.26 03:00,2064.76,2064.90,2063.55,2063.92
2023.12.26 04:00,2063.90,2064.55,2063.54,2064.02
2023.12.26 05:00,2064.03,2064.44,2061.37,2062.80
2023.12.26 06:00,2062.81,2065.05,2062.17,2064.03
2023.12.26 07:00,2064.02,2064.71,2062.84,2064.29
2023.12.26 08:00,2064.30,2064.69,2061.29,2061.49
2023.12.26 09:00,2061.48,2062.98,2060.61,2061.90
2023.12.26 10:00,2061.89,2063.82,2061.89,2063.82
2023.12.26 11:00,2063.75,2064.11,2062.90,2063.57
2023.12.26 12:00,2063.60,2063.69,2061.31,2061.82
2023.12.26 13:00,2061.83,2063.88,2058.80,2058.80
2023.12.26 14:00,2058.85,2061.94,2054.51,2057.13
2023.12.26 15:00,2057.12,2059.91,2056.22,2056.86
2023.12.26 16:00,2056.87,2059.84,2056.61,2059.57
2023.12.26 17:00,2059.58,2059.67,2057.11,2057.78
2023.12.26 18:00,2057.79,2059.96,2057.40,2058.34
2023.12.26 19:00,2058.36,2062.03,2058.36,2061.67
2023.12.26 20:00,2061.69,2068.57,2061.57,2068.44
2023.12.26 21:00,2068.14,2069.02,2066.14,2067.48
2023.12.26 23:00,2068.01,2068.61,2066.05,2066.19
2023.12.27 00:00,2066.21,2066.48,2063.92,2065.56
2023.12.27 01:00,2065.55,2067.86,2064.93,2066.71
2023.12.27 02:00,2066.72,2067.24,2064.75,2065.41
2023.12.27 03:00,2065.40,2066.54,2064.42,2064.57
2023.12.27 04:00,2064.56,2065.96,2064.07,2065.82
2023.12.27 05:00,2065.76,2066.21,2064.39,2064.65
2023.12.27 06:00,2064.65,2067.38,2064.42,2065.04
2023.12.27 07:00,2065.03,2066.35,2064.77,2066.02
2023.12.27 08:00,2066.09,2068.30,2065.79,2067.37
2023.12.27 09:00,2067.38,2069.28,2067.30,2068.32
2023.12.27 10:00,2068.33,2068.68,2061.48,2064.71
2023.12.27 11:00,2064.69,2068.80,2064.58,2068.15
2023.12.27 12:00,2068.19,2070.26,2064.39,2067.66
2023.12.27 13:00,2067.66,2069.68,2066.12,2068.32
2023.12.27 14:00,2068.28,2071.54,2066.66,2070.26
2023.12.27 15:00,2070.25,2081.86,2068.98,2078.90
2023.12.27 16:00,2078.93,2082.40,2076.64,2081.68
2023.12.27 17:00,2081.69,2082.50,2079.54,2081.91
2023.12.27 18:00,2081.87,2084.43,2075.94,2078.44
2023.12.27 19:00,2078.46,2078.82,2076.10,2077.53
2023.12.27 20:00,2077.54,2078.22,2076.41,2078.11
2023.12.27 21:00,2078.12,2078.49,2076.63,2077.40
2023.12.27 23:00,2077.64,2079.88,2077.21,2079.55
2023.12.28 00:00,2079.63,2081.15,2079.24,2079.74
2023.12.28 01:00,2079.73,2087.72,2079.58,2087.01
2023.12.28 02:00,2087.03,2088.43,2085.49,2087.98
2023.12.28 03:00,2087.93,2088.39,2085.95,2087.23
2023.12.28 04:00,2087.22,2087.25,2085.83,2086.58
2023.12.28 05:00,2086.58,2087.49,2084.70,2085.79
2023.12.28 06:00,2085.80,2086.85,2084.24,2085.80
2023.12.28 07:00,2085.82,2087.60,2084.02,2086.14
2023.12.28 08:00,2086.23,2086.45,2076.60,2077.34
2023.12.28 09:00,2077.42,2078.02,2072.78,2076.98
2023.12.28 10:00,2077.02,2079.24,2074.79,2077.14
2023.12.28 11:00,2077.24,2078.52,2075.07,2075.46
2023.12.28 12:00,2075.46,2076.77,2071.37,2076.50
2023.12.28 13:00,2076.54,2079.02,2072.01,2072.98
2023.12.28 14:00,2072.97,2079.38,2072.14,2078.89
2023.12.28 15:00,2078.91,2081.11,2075.63,2077.27
2023.12.28 16:00,2077.24,2077.36,2073.18,2074.20
2023.12.28 17:00,2074.22,2076.13,2072.08,2074.82
2023.12.28 18:00,2074.88,2075.48,2071.48,2072.77
2023.12.28 19:00,2072.77,2073.15,2066.02,2068.07
2023.12.28 20:00,2068.09,2068.93,2065.98,2066.31
2023.12.28 21:00,2066.55,2067.01,2064.62,2065.05
2023.12.28 23:00,2065.91,2067.24,2065.81,2066.81
2023.12.29 00:00,2066.82,2067.86,2066.07,2066.89
2023.12.29 01:00,2066.91,2071.40,2066.70,2070.77
2023.12.29 02:00,2070.76,2071.31,2068.32,2068.67
2023.12.29 03:00,2068.63,2070.49,2067.74,2069.47
2023.12.29 04:00,2069.47,2070.68,2068.92,2070.00
2023.12.29 05:00,2069.98,2072.26,2069.75,2072.24
2023.12.29 06:00,2072.24,2073.10,2071.76,2072.75
2023.12.29 07:00,2072.77,2074.76,2071.84,2071.88
2023.12.29 08:00,2072.10,2073.42,2068.70,2068.73
2023.12.29 09:00,2068.68,2069.71,2065.43,2065.58
2023.12.29 10:00,2065.59,2065.80,2061.87,2064.77
2023.12.29 11:00,2064.77,2068.31,2064.77,2067.73
2023.12.29 12:00,2067.79,2068.86,2064.52,2065.44
2023.12.29 13:00,2065.45,2066.29,2058.25,2059.21
2023.12.29 14:00,2059.25,2065.26,2058.51,2062.99
2023.12.29 15:00,2062.94,2066.06,2061.75,2064.82
2023.12.29 16:00,2064.81,2067.94,2063.43,2066.12
2023.12.29 17:00,2066.14,2068.07,2064.49,2066.52
2023.12.29 18:00,2066.57,2066.57,2061.16,2064.85
2023.12.29 19:00,2064.85,2067.80,2064.11,2067.33
2023.12.29 20:00,2067.32,2067.42,2062.65,2063.19
2023.12.29 21:00,2063.22,2063.63,2062.40,2062.64
2024.01.01 23:00,2062.83,2066.48,2062.76,2063.72
2024.01.02 00:00,2063.75,2065.85,2062.31,2065.45
2024.01.02 01:00,2065.37,2069.87,2064.85,2066.61
2024.01.02 02:00,2066.61,2068.37,2064.00,2067.82
2024.01.02 03:00,2067.83,2070.35,2066.50,2069.63
2024.01.02 04:00,2069.64,2070.62,2068.93,2069.62
2024.01.02 05:00,2069.67,2074.82,2069.54,2074.43
2024.01.02 06:00,2074.52,2076.64,2072.91,2074.18
2024.01.02 07:00,2074.14,2076.38,2073.14,2073.14
2024.01.02 08:00,2073.35,2074.50,2071.82,2073.29
2024.01.02 09:00,2073.30,2078.85,2073.27,2077.06
2024.01.02 10:00,2077.06,2077.77,2073.51,2075.96
2024.01.02 11:00,2075.94,2076.14,2068.31,2069.20
2024.01.02 12:00,2069.19,2069.45,2065.07,2067.92
2024.01.02 13:00,2067.89,2070.98,2064.86,2066.24
2024.01.02 14:00,2066.25,2070.40,2062.18,2070.33
2024.01.02 15:00,2070.35,2070.66,2055.90,2059.34
2024.01.02 16:00,2059.42,2067.57,2059.17,2066.10
2024.01.02 17:00,2066.09,2066.92,2061.80,2062.67
2024.01.02 18:00,2062.68,2064.94,2060.58,2061.17
2024.01.02 19:00,2061.19,2062.14,2060.47,2060.89
2024.01.02 20:00,2060.93,2061.61,2057.99,2058.20
2024.01.02 21:00,2058.55,2059.22,2058.03,2058.82
2024.01.02 23:00,2059.21,2060.07,2058.70,2059.60
2024.01.03 00:00,2059.63,2062.10,2059.26,2060.17
2024.01.03 01:00,2060.18,2062.55,2059.56,2062.48
2024.01.03 02:00,2062.50,2065.15,2061.59,2064.67
2024.01.03 03:00,2064.64,2065.53,2063.33,2065.10
2024.01.03 04:00,2065.09,2065.57,2064.44,2064.81
2024.01.03 05:00,2064.80,2065.93,2063.48,2064.07
2024.01.03 06:00,2064.08,2065.37,2063.40,2064.27
2024.01.03 07:00,2064.29,2064.29,2060.86,2062.94
2024.01.03 08:00,2062.93,2064.29,2058.91,2060.03
2024.01.03 09:00,2060.08,2060.52,2054.26,2056.79
2024.01.03 10:00,2056.83,2057.11,2052.62,2054.88
2024.01.03 11:00,2054.88,2055.61,2046.75,2047.58
2024.01.03 12:00,2047.60,2048.32,2041.82,2045.67
2024.01.03 13:00,2045.68,2047.98,2038.70,2040.95
2024.01.03 14:00,2040.96,2042.29,2031.76,2037.88
2024.01.03 15:00,2036.64,2048.74,2031.87,2032.55
2024.01.03 16:00,2032.57,2035.98,2031.30,2032.39
2024.01.03 17:00,2032.47,2033.77,2030.62,2033.36
2024.01.03 18:00,2033.36,2036.28,2032.93,2035.80
2024.01.03 19:00,2035.49,2042.29,2030.60,2036.64
2024.01.03 20:00,2036.65,2042.29,2036.49,2040.77
2024.01.03 21:00,2041.21,2041.75,2040.35,2041.11
2024.01.03 23:00,2041.67,2043.88,2041.32,2042.97
2024.01.04 00:00,2042.94,2043.16,2041.60,2042.16
2024.01.04 01:00,2042.18,2043.25,2040.11,2042.22
2024.01.04 02:00,2042.21,2044.66,2042.21,2044.55
2024.01.04 03:00,2044.65,2046.84,2044.06,2044.61
2024.01.04 04:00,2044.54,2044.62,2042.40,2043.06
2024.01.04 05:00,2043.05,2044.29,2042.39,2043.76
2024.01.04 06:00,2043.78,2048.65,2043.64,2047.26
2024.01.04 07:00,2047.23,2049.53,2046.54,2047.62
2024.01.04 08:00,2047.67,2048.60,2045.42,2046.77
2024.01.04 09:00,2046.75,2050.91,2046.28,2047.99
2024.01.04 10:00,2047.97,2050.81,2046.64,2047.95
2024.01.04 11:00,2047.96,2048.41,2044.92,2045.14
2024.01.04 12:00,2045.15,2046.22,2043.35,2045.98
2024.01.04 13:00,2046.08,2047.23,2038.83,2040.21
2024.01.04 14:00,2040.28,2042.59,2036.19,2039.33
2024.01.04 15:00,2039.34,2047.74,2039.13,2045.11
2024.01.04 16:00,2045.10,2046.74,2044.12,2044.72
2024.01.04 17:00,2044.76,2045.03,2040.84,2043.26
2024.01.04 18:00,2043.28,2044.07,2041.56,2043.16
2024.01.04 19:00,2043.16,2044.88,2042.45,2044.34
2024.01.04 20:00,2044.34,2044.82,2043.09,2043.18
2024.01.04 21:00,2043.54,2044.36,2043.04,2043.04
2024.01.04 23:00,2043.82,2044.74,2042.79,2044.23
2024.01.05 00:00,2044.16,2044.68,2043.29,2044.33
2024.01.05 01:00,2044.35,2048.22,2044.06,2046.15
2024.01.05 02:00,2046.14,2047.83,2045.68,2046.18
2024.01.05 03:00,2046.17,2046.39,2044.76,2045.31
2024.01.05 04:00,2045.28,2046.35,2044.44,2044.52
2024.01.05 05:00,2044.59,2045.19,2043.09,2044.45
2024.01.05 06:00,2044.47,2045.06,2040.85,2042.46
2024.01.05 07:00,2042.41,2046.99,2042.06,2043.16
2024.01.05 08:00,2043.18,2044.41,2041.39,2042.43
2024.01.05 09:00,2042.42,2043.77,2038.43,2038.86
2024.01.05 10:00,2038.88,2040.27,2037.38,2040.02
2024.01.05 11:00,2040.02,2040.34,2037.10,2039.22
2024.01.05 12:00,2039.21,2040.99,2038.42,2040.20
2024.01.05 13:00,2040.21,2041.91,2024.46,2040.04
2024.01.05 14:00,2039.95,2049.21,2038.70,2046.70
2024.01.05 15:00,2052.95,2063.94,2052.42,2054.78
2024.01.05 16:00,2054.82,2056.26,2044.12,2045.06
2024.01.05 17:00,2045.05,2045.38,2040.44,2041.94
2024.01.05 18:00,2041.96,2048.48,2040.48,2048.18
2024.01.05 19:00,2048.17,2050.30,2044.95,2045.74
2024.01.05 20:00,2045.73,2045.77,2042.87,2043.69
2024.01.05 21:00,2044.09,2046.16,2043.94,2045.34
2024.01.07 23:00,2044.52,2045.62,2042.88,2044.26
2024.01.08 00:00,2044.30,2046.28,2043.75,2045.99
2024.01.08 01:00,2045.85,2046.58,2042.87,2043.77
2024.01.08 02:00,2043.74,2043.78,2041.21,2041.27
2024.01.08 03:00,2041.25,2041.41,2035.04,2036.05
2024.01.08 04:00,2036.08,2037.54,2035.60,2035.78
2024.01.08 05:00,2035.75,2036.07,2027.01,2030.70
2024.01.08 06:00,2030.67,2033.30,2030.33,2032.97
2024.01.08 07:00,2033.00,2033.20,2028.62,2031.38
2024.01.08 08:00,2031.31,2031.74,2027.32,2028.26
2024.01.08 09:00,2028.22,2031.70,2026.50,2029.08
2024.01.08 10:00,2029.07,2029.45,2026.96,2027.57
2024.01.08 11:00,2027.52,2027.87,2016.80,2020.08
2024.01.08 12:00,2020.07,2024.89,2018.93,2024.59
2024.01.08 13:00,2024.60,2025.45,2018.43,2018.95
2024.01.08 14:00,2018.90,2027.19,2018.55,2026.36
2024.01.08 15:00,2026.37,2034.78,2025.54,2034.24
2024.01.08 16:00,2034.22,2036.88,2031.39,2032.17
2024.01.08 17:00,2032.22,2033.07,2027.09,2027.67
2024.01.08 18:00,2027.67,2028.25,2026.37,2026.56
2024.01.08 19:00,2026.55,2029.60,2026.53,2029.39
2024.01.08 20:00,2029.38,2029.80,2026.12,2027.22
2024.01.08 21:00,2027.26,2028.74,2027.06,2027.97
2024.01.08 23:00,2028.09,2030.91,2027.93,2030.71
2024.01.09 00:00,2030.71,2034.88,2030.69,2034.33
2024.01.09 01:00,2034.34,2035.55,2031.15,2032.21
2024.01.09 02:00,2032.22,2035.79,2032.14,2034.00
2024.01.09 03:00,2034.14,2034.89,2032.98,2033.57
2024.01.09 04:00,2033.50,2034.91,2032.19,2032.83
2024.01.09 05:00,2032.94,2033.46,2030.33,2032.76
2024.01.09 06:00,2032.73,2035.12,2031.16,2033.13
2024.01.09 07:00,2033.14,2037.20,2032.15,2035.99
2024.01.09 08:00,2036.07,2038.17,2031.27,2034.27
2024.01.09 09:00,2034.20,2037.01,2033.14,2035.44
2024.01.09 10:00,2035.43,2038.50,2034.80,2035.39
2024.01.09 11:00,2035.42,2035.71,2033.68,2034.97
2024.01.09 12:00,2034.98,2036.35,2033.93,2036.30
2024.01.09 13:00,2036.30,2041.91,2031.63,2038.66
2024.01.09 14:00,2038.59,2040.09,2033.91,2034.71
2024.01.09 15:00,2034.74,2035.64,2028.69,2028.77
2024.01.09 16:00,2028.76,2031.59,2026.07,2031.24
2024.01.09 17:00,2031.21,2032.02,2027.11,2027.69
2024.01.09 18:00,2027.61,2029.68,2026.77,2029.19
2024.01.09 19:00,2029.19,2030.04,2027.76,2028.87
2024.01.09 20:00,2028.96,2031.07,2028.30,2028.43
2024.01.09 21:00,2028.67,2030.28,2028.55,2029.73
2024.01.09 23:00,2030.37,2031.18,2028.32,2030.73
2024.01.10 00:00,2030.76,2031.12,2029.63,2030.20
2024.01.10 01:00,2030.21,2032.42,2027.22,2031.76
2024.01.10 02:00,2031.77,2032.79,2030.29,2031.84
2024.01.10 03:00,2031.82,2031.96,2028.13,2028.88
2024.01.10 04:00,2028.84,2030.61,2028.43,2029.76
2024.01.10 05:00,2029.81,2030.16,2025.44,2026.63
2024.01.10 06:00,2026.63,2026.98,2023.84,2024.60
2024.01.10 07:00,2024.57,2031.61,2024.29,2030.95
2024.01.10 08:00,2030.95,2035.95,2030.25,2035.25
2024.01.10 09:00,2035.26,2036.14,2034.65,2035.70
2024.01.10 10:00,2035.72,2040.20,2034.56,2034.79
2024.01.10 11:00,2034.81,2035.29,2032.75,2034.01
2024.01.10 12:00,2034.07,2035.60,2031.35,2031.47
2024.01.10 13:00,2031.53,2034.01,2030.04,2030.25
2024.01.10 14:00,2030.27,2033.55,2026.51,2027.37
2024.01.10 15:00,2027.29,2029.74,2024.77,2027.87
2024.01.10 16:00,2027.99,2028.51,2024.71,2027.05
2024.01.10 17:00,2027.05,2027.75,2022.24,2024.07
2024.01.10 18:00,2024.06,2024.47,2021.34,2023.68
2024.01.10 19:00,2023.68,2024.44,2020.44,2023.98
2024.01.10 20:00,2024.00,2025.00,2021.86,2023.46
2024.01.10 21:00,2023.55,2024.44,2023.33,2024.03
2024.01.10 23:00,2024.34,2027.97,2023.69,2026.78
2024.01.11 00:00,2026.80,2028.38,2026.52,2027.84
2024.01.11 01:00,2027.85,2030.33,2027.02,2029.72
2024.01.11 02:00,2029.72,2031.90,2028.85,2029.62
2024.01.11 03:00,2029.63,2031.02,2028.77,2030.90
2024.01.11 04:00,2030.88,2032.27,2030.88,2032.09
2024.01.11 05:00,2032.13,2034.58,2031.06,2032.93
2024.01.11 06:00,2032.92,2035.10,2032.14,2034.00
2024.01.11 07:00,2034.01,2035.67,2033.64,2033.87
2024.01.11 08:00,2033.89,2034.01,2030.39,2030.81
2024.01.11 09:00,2030.82,2032.40,2030.17,2031.31
2024.01.11 10:00,2031.29,2032.70,2030.47,2032.06
2024.01.11 11:00,2032.02,2034.38,2031.35,2034.29
2024.01.11 12:00,2034.31,2035.07,2031.58,2032.40
2024.01.11 13:00,2032.47,2039.58,2025.06,2029.36
2024.01.11 14:00,2029.38,2034.85,2025.01,2029.70
2024.01.11 15:00,2029.70,2033.02,2025.19,2029.02
2024.01.11 16:00,2028.97,2029.62,2013.66,2016.67
2024.01.11 17:00,2016.66,2018.43,2013.29,2014.34
2024.01.11 18:00,2014.35,2017.02,2013.84,2017.01
2024.01.11 19:00,2017.03,2027.43,2017.02,2026.47
2024.01.11 20:00,2026.46,2028.50,2023.47,2027.62
2024.01.11 21:00,2027.47,2029.58,2027.38,2028.81
2024.01.11 23:00,2028.56,2035.52,2028.54,2035.24
2024.01.12 00:00,2035.14,2035.34,2030.28,2031.12
2024.01.12 01:00,2031.10,2034.74,2030.04,2033.86
2024.01.12 02:00,2033.91,2035.24,2033.24,2033.98
2024.01.12 03:00,2033.95,2035.64,2033.70,2033.93
2024.01.12 04:00,2033.91,2035.00,2032.82,2034.70
2024.01.12 05:00,2034.70,2037.12,2033.71,2036.02
2024.01.12 06:00,2036.02,2036.76,2034.91,2035.20
2024.01.12 07:00,2035.20,2039.34,2034.16,2037.54
2024.01.12 08:00,2037.52,2039.79,2037.04,2038.70
2024.01.12 09:00,2038.66,2040.08,2037.87,2038.12
2024.01.12 10:00,2038.15,2046.09,2038.07,2045.83
2024.01.12 11:00,2045.85,2047.34,2044.14,2045.40
2024.01.12 12:00,2045.50,2053.77,2045.49,2047.79
2024.01.12 13:00,2047.85,2056.61,2044.42,2056.11
2024.01.12 14:00,2056.11,2062.23,2053.33,2055.95
2024.01.12 15:00,2055.93,2060.07,2050.98,2053.70
2024.01.12 16:00,2053.71,2055.52,2048.22,2048.28
2024.01.12 17:00,2048.28,2048.57,2041.44,2043.88
2024.01.12 18:00,2043.90,2048.65,2043.00,2047.50
2024.01.12 19:00,2047.43,2049.15,2046.19,2047.31
2024.01.12 20:00,2047.36,2047.66,2046.05,2047.41
2024.01.12 21:00,2047.26,2049.16,2046.86,2048.84
2024.01.14 23:00,2047.97,2048.72,2046.32,2047.60
2024.01.15 00:00,2047.59,2048.47,2045.78,2047.87
2024.01.15 01:00,2047.86,2051.36,2047.46,2051.04
2024.01.15 02:00,2051.07,2056.36,2049.83,2056.32
2024.01.15 03:00,2056.31,2058.03,2055.48,2057.33
2024.01.15 04:00,2057.35,2057.53,2053.50,2054.30
2024.01.15 05:00,2054.31,2055.56,2052.97,2055.09
2024.01.15 06:00,2055.06,2056.99,2053.85,2055.40
2024.01.15 07:00,2055.42,2055.90,2052.90,2054.20
2024.01.15 08:00,2054.24,2058.62,2053.85,2056.64
2024.01.15 09:00,2056.64,2057.01,2052.92,2055.05
2024.01.15 10:00,2055.04,2055.15,2052.07,2053.00
2024.01.15 11:00,2052.99,2053.83,2051.54,2053.33
2024.01.15 12:00,2053.33,2053.70,2051.34,2052.70
2024.01.15 13:00,2052.70,2054.29,2052.13,2054.21
2024.01.15 14:00,2054.26,2054.40,2051.64,2052.16
2024.01.15 15:00,2052.14,2053.84,2049.26,2053.25
2024.01.15 16:00,2053.26,2054.99,2053.23,2054.06
2024.01.15 17:00,2054.06,2056.35,2053.61,2055.35
2024.01.15 18:00,2055.38,2055.46,2054.33,2054.43
2024.01.15 19:00,2054.42,2054.98,2053.65,2054.97
2024.01.15 23:00,2054.40,2055.59,2053.39,2053.98
2024.01.16 00:00,2054.08,2054.45,2050.70,2051.36
2024.01.16 01:00,2051.36,2053.32,2049.94,2050.85
2024.01.16 02:00,2050.85,2051.43,2049.71,2050.53
2024.01.16 03:00,2050.53,2051.62,2048.33,2049.49
2024.01.16 04:00,2049.47,2049.95,2048.96,2049.41
2024.01.16 05:00,2049.40,2049.47,2047.51,2048.59
2024.01.16 06:00,2048.59,2050.57,2047.38,2050.51
2024.01.16 07:00,2050.50,2050.90,2048.13,2049.40
2024.01.16 08:00,2049.41,2050.11,2042.12,2043.10
2024.01.16 09:00,2043.08,2043.92,2038.67,2041.23
2024.01.16 10:00,2041.22,2042.43,2039.26,2041.01
2024.01.16 11:00,2041.00,2041.12,2038.26,2039.88
2024.01.16 12:00,2039.87,2039.99,2035.62,2038.49
2024.01.16 13:00,2038.47,2045.00,2031.40,2037.59
2024.01.16 14:00,2037.62,2042.60,2036.96,2038.20
2024.01.16 15:00,2038.21,2042.03,2037.33,2041.17
2024.01.16 16:00,2041.15,2041.35,2032.47,2033.47
2024.01.16 17:00,2033.48,2033.79,2024.95,2025.31
2024.01.16 18:00,2025.32,2028.92,2024.27,2025.09
2024.01.16 19:00,2025.12,2030.16,2024.96,2029.35
2024.01.16 20:00,2029.27,2029.77,2027.85,2028.37
2024.01.16 21:00,2028.29,2028.48,2027.19,2028.17
2024.01.16 23:00,2028.14,2028.32,2025.91,2028.08
2024.01.17 00:00,2028.13,2028.83,2025.65,2028.44
2024.01.17 01:00,2028.46,2030.76,2026.68,2030.25
2024.01.17 02:00,2030.24,2032.89,2026.99,2028.90
2024.01.17 03:00,2028.93,2029.14,2023.43,2024.04
2024.01.17 04:00,2024.01,2025.82,2023.36,2025.41
2024.01.17 05:00,2025.40,2025.45,2019.34,2020.64
2024.01.17 06:00,2020.66,2020.77,2017.58,2019.25
2024.01.17 07:00,2019.27,2026.13,2017.86,2025.74
2024.01.17 08:00,2025.69,2026.58,2021.31,2021.45
2024.01.17 09:00,2021.45,2024.23,2019.05,2023.89
2024.01.17 10:00,2023.82,2028.35,2022.76,2026.11
2024.01.17 11:00,2026.18,2026.76,2023.73,2023.88
2024.01.17 12:00,2023.94,2029.03,2023.70,2028.37
2024.01.17 13:00,2028.47,2028.69,2018.99,2022.40
2024.01.17 14:00,2022.39,2023.09,2011.49,2012.20
2024.01.17 15:00,2012.19,2014.02,2006.18,2008.88
2024.01.17 16:00,2008.86,2011.95,2004.29,2005.46
2024.01.17 17:00,2005.54,2008.03,2003.42,2007.04
2024.01.17 18:00,2007.05,2007.24,2001.83,2004.79
2024.01.17 19:00,2004.78,2006.88,2004.39,2005.47
2024.01.17 20:00,2005.48,2006.91,2004.79,2005.97
2024.01.17 21:00,2006.05,2006.31,2005.33,2006.02
2024.01.17 23:00,2005.58,2009.88,2005.38,2009.56
2024.01.18 00:00,2009.63,2010.88,2008.26,2010.86
2024.01.18 01:00,2010.82,2012.08,2009.30,2011.73
2024.01.18 02:00,2011.64,2011.86,2007.47,2007.62
2024.01.18 03:00,2007.59,2009.11,2006.43,2007.99
2024.01.18 04:00,2007.97,2009.19,2007.89,2008.07
2024.01.18 05:00,2008.08,2009.41,2005.77,2009.23
2024.01.18 06:00,2009.25,2013.03,2008.85,2012.71
2024.01.18 07:00,2012.67,2014.11,2011.06,2012.30
2024.01.18 08:00,2012.31,2012.37,2009.63,2009.74
2024.01.18 09:00,2009.74,2012.96,2008.22,2010.13
2024.01.18 10:00,2010.15,2012.21,2009.19,2011.60
2024.01.18 11:00,2011.59,2013.49,2010.76,2012.61
2024.01.18 12:00,2012.60,2017.22,2012.60,2014.99
2024.01.18 13:00,2014.89,2014.92,2007.36,2009.06
2024.01.18 14:00,2009.08,2013.65,2009.07,2012.84
2024.01.18 15:00,2012.87,2015.68,2011.65,2013.65
2024.01.18 16:00,2013.64,2017.71,2013.11,2014.87
2024.01.18 17:00,2014.88,2016.40,2013.20,2016.39
2024.01.18 18:00,2016.38,2021.09,2015.53,2020.56
2024.01.18 19:00,2020.55,2020.62,2018.34,2019.81
2024.01.18 20:00,2019.82,2022.66,2019.82,2022.15
2024.01.18 21:00,2022.09,2023.27,2021.87,2022.79
2024.01.18 23:00,2023.22,2024.54,2021.19,2023.76
2024.01.19 00:00,2023.80,2024.24,2022.62,2023.13
2024.01.19 01:00,2023.12,2025.54,2022.06,2024.04
2024.01.19 02:00,2023.98,2025.07,2022.59,2024.04
2024.01.19 03:00,2024.05,2024.20,2021.96,2022.88
2024.01.19 04:00,2022.89,2022.90,2020.68,2021.03
2024.01.19 05:00,2021.03,2021.88,2020.42,2021.66
2024.01.19 06:00,2021.64,2024.23,2020.80,2023.84
2024.01.19 07:00,2023.86,2029.69,2023.65,2028.04
2024.01.19 08:00,2027.96,2030.09,2026.19,2029.71
2024.01.19 09:00,2029.72,2030.81,2027.61,2029.78
2024.01.19 10:00,2029.79,2030.94,2028.91,2030.39
2024.01.19 11:00,2030.41,2031.93,2028.75,2031.61
2024.01.19 12:00,2031.60,2035.12,2031.59,2032.86
2024.01.19 13:00,2032.86,2039.49,2032.65,2035.29
2024.01.19 14:00,2035.32,2035.71,2026.40,2029.61
2024.01.19 15:00,2029.39,2032.18,2023.19,2027.74
2024.01.19 16:00,2027.80,2029.53,2023.31,2024.87
2024.01.19 17:00,2024.88,2029.08,2024.37,2029.05
2024.01.19 18:00,2029.06,2029.41,2026.44,2027.91
2024.01.19 19:00,2027.90,2029.46,2027.56,2029.16
2024.01.19 20:00,2029.16,2029.53,2027.75,2028.47
2024.01.19 21:00,2028.34,2029.97,2028.23,2029.42
2024.01.21 23:00,2029.55,2029.60,2026.94,2027.54
2024.01.22 00:00,2027.61,2029.23,2025.44,2029.03
2024.01.22 01:00,2029.08,2032.12,2028.68,2029.08
2024.01.22 02:00,2029.11,2029.98,2028.36,2029.80
2024.01.22 03:00,2029.78,2029.81,2025.95,2026.97
2024.01.22 04:00,2026.97,2027.12,2024.62,2025.44
2024.01.22 05:00,2025.40,2025.51,2021.81,2023.19
2024.01.22 06:00,2023.14,2024.39,2020.05,2020.86
2024.01.22 07:00,2020.88,2024.29,2019.06,2021.80
2024.01.22 08:00,2021.79,2026.20,2020.37,2022.21
2024.01.22 09:00,2022.20,2023.96,2020.56,2021.70
2024.01.22 10:00,2021.69,2024.53,2021.05,2022.83
2024.01.22 11:00,2022.79,2026.56,2022.22,2026.12
2024.01.22 12:00,2026.09,2030.13,2025.20,2029.72
2024.01.22 13:00,2029.65,2029.72,2021.24,2023.18
2024.01.22 14:00,2023.17,2023.91,2016.09,2022.74
2024.01.22 15:00,2022.72,2026.54,2020.73,2024.12
2024.01.22 16:00,2024.13,2024.23,2021.47,2023.71
2024.01.22 17:00,2023.67,2024.56,2021.35,2021.52
2024.01.22 18:00,2021.52,2021.91,2019.78,2021.35
2024.01.22 19:00,2021.34,2021.61,2019.08,2021.02
2024.01.22 20:00,2021.02,2021.05,2019.17,2020.78
2024.01.22 21:00,2020.85,2021.64,2020.23,2021.45
2024.01.22 23:00,2021.76,2022.01,2020.46,2020.68
2024.01.23 00:00,2020.75,2023.10,2020.75,2022.76
2024.01.23 01:00,2022.75,2022.88,2019.61,2021.69
2024.01.23 02:00,2021.70,2024.17,2020.73,2022.63
2024.01.23 03:00,2022.65,2027.91,2021.70,2027.44
2024.01.23 04:00,2027.35,2027.89,2026.70,2027.61
2024.01.23 05:00,2027.63,2031.66,2027.20,2030.80
2024.01.23 06:00,2030.81,2035.87,2029.12,2035.09
2024.01.23 07:00,2035.64,2037.87,2027.77,2031.65
2024.01.23 08:00,2031.62,2031.72,2027.71,2028.91
2024.01.23 09:00,2028.82,2030.55,2027.07,2028.75
2024.01.23 10:00,2028.63,2028.63,2024.76,2025.09
2024.01.23 11:00,2025.10,2026.13,2022.40,2023.93
2024.01.23 12:00,2023.92,2026.92,2023.22,2025.70
2024.01.23 13:00,2025.94,2030.05,2023.31,2024.93
2024.01.23 14:00,2024.93,2026.14,2021.39,2023.14
2024.01.23 15:00,2023.25,2026.73,2022.91,2025.13
2024.01.23 16:00,2025.15,2027.75,2023.29,2025.75
2024.01.23 17:00,2025.76,2026.09,2022.62,2024.27
2024.01.23 18:00,2024.30,2025.77,2022.99,2025.27
2024.01.23 19:00,2025.29,2030.66,2024.78,2029.89
2024.01.23 20:00,2029.91,2030.27,2028.17,2028.61
2024.01.23 21:00,2028.60,2029.20,2027.88,2028.97
2024.01.23 23:00,2028.91,2029.65,2027.34,2029.34
2024.01.24 00:00,2029.32,2029.32,2026.97,2027.42
2024.01.24 01:00,2027.37,2028.96,2026.39,2027.25
2024.01.24 02:00,2027.24,2027.53,2023.96,2024.13
2024.01.24 03:00,2024.13,2025.66,2023.68,2024.79
2024.01.24 04:00,2024.75,2025.72,2024.01,2024.48
2024.01.24 05:00,2024.46,2025.60,2022.79,2024.46
2024.01.24 06:00,2024.45,2027.87,2023.62,2026.02
2024.01.24 07:00,2026.00,2031.55,2025.75,2029.55
2024.01.24 08:00,2029.56,2032.21,2028.16,2030.95
2024.01.24 09:00,2030.94,2034.08,2029.95,2030.88
2024.01.24 10:00,2030.87,2033.03,2029.32,2032.78
2024.01.24 11:00,2032.80,2034.25,2030.86,2033.42
2024.01.24 12:00,2033.44,2034.36,2031.65,2032.67
2024.01.24 13:00,2032.69,2036.66,2031.25,2033.99
2024.01.24 14:00,2033.95,2034.72,2023.23,2024.68
2024.01.24 15:00,2024.67,2025.37,2014.94,2015.31
2024.01.24 16:00,2015.30,2016.29,2011.92,2015.31
2024.01.24 17:00,2015.30,2019.77,2015.27,2019.27
2024.01.24 18:00,2019.27,2019.78,2013.40,2015.04
2024.01.24 19:00,2015.02,2015.32,2011.19,2012.15
2024.01.24 20:00,2012.16,2013.78,2011.77,2012.26
2024.01.24 21:00,2012.33,2014.64,2012.08,2013.59
2024.01.24 23:00,2013.85,2017.64,2013.82,2016.38
2024.01.25 00:00,2016.40,2016.73,2014.88,2015.43
2024.01.25 01:00,2015.44,2017.30,2014.52,2016.36
2024.01.25 02:00,2016.37,2016.98,2014.61,2015.19
2024.01.25 03:00,2015.18,2016.88,2015.08,2015.83
2024.01.25 04:00,2015.71,2016.40,2014.84,2015.74
2024.01.25 05:00,2015.75,2016.58,2014.75,2015.55
2024.01.25 06:00,2015.55,2016.59,2014.49,2015.83
2024.01.25 07:00,2015.83,2018.29,2013.58,2015.82
2024.01.25 08:00,2015.84,2015.97,2012.66,2013.83
2024.01.25 09:00,2013.84,2017.93,2012.76,2017.87
2024.01.25 10:00,2017.84,2019.47,2017.14,2019.15
2024.01.25 11:00,2019.17,2019.53,2016.52,2017.53
2024.01.25 12:00,2017.57,2017.66,2013.37,2013.72
2024.01.25 13:00,2013.64,2022.98,2009.56,2019.36
2024.01.25 14:00,2019.34,2025.26,2018.29,2023.60
2024.01.25 15:00,2023.59,2024.75,2016.80,2020.31
2024.01.25 16:00,2020.22,2021.60,2013.83,2014.58
2024.01.25 17:00,2014.60,2016.58,2012.50,2014.96
2024.01.25 18:00,2014.97,2018.59,2014.02,2014.22
2024.01.25 19:00,2014.21,2018.34,2013.42,2017.77
2024.01.25 20:00,2017.76,2020.27,2016.89,2019.98
2024.01.25 21:00,2019.91,2020.88,2018.89,2020.47
2024.01.25 23:00,2019.98,2021.86,2019.53,2020.63
2024.01.26 00:00,2020.71,2021.78,2019.34,2021.20
2024.01.26 01:00,2021.24,2024.21,2021.06,2021.90
2024.01.26 02:00,2021.88,2023.86,2021.77,2021.98
2024.01.26 03:00,2022.00,2022.98,2021.41,2021.89
2024.01.26 04:00,2021.87,2022.40,2021.11,2021.19
2024.01.26 05:00,2021.17,2023.50,2021.03,2023.08
2024.01.26 06:00,2023.10,2023.46,2021.60,2021.62
2024.01.26 07:00,2021.60,2022.81,2019.81,2021.37
2024.01.26 08:00,2021.29,2022.21,2020.20,2020.54
2024.01.26 09:00,2020.56,2022.37,2018.24,2020.78
2024.01.26 10:00,2020.82,2023.83,2020.80,2023.44
2024.01.26 11:00,2023.46,2024.64,2022.38,2023.41
2024.01.26 12:00,2023.37,2024.39,2020.16,2021.34
2024.01.26 13:00,2021.37,2026.82,2018.71,2024.69
2024.01.26 14:00,2024.62,2026.08,2019.04,2020.30
2024.01.26 15:00,2020.02,2020.02,2016.17,2017.03
2024.01.26 16:00,2016.94,2019.43,2015.90,2018.16
2024.01.26 17:00,2018.13,2018.82,2016.47,2016.64
2024.01.26 18:00,2016.60,2018.23,2016.07,2017.33
2024.01.26 19:00,2017.33,2017.93,2016.14,2017.03
2024.01.26 20:00,2017.04,2019.27,2016.46,2018.63
2024.01.26 21:00,2018.61,2019.21,2017.98,2018.29
2024.01.28 23:00,2025.74,2028.52,2021.29,2021.86
2024.01.29 00:00,2021.93,2022.10,2019.30,2021.60
2024.01.29 01:00,2021.58,2025.46,2021.11,2023.24
2024.01.29 02:00,2023.28,2025.52,2021.52,2025.43
2024.01.29 03:00,2025.46,2026.36,2024.20,2025.63
2024.01.29 04:00,2025.69,2027.57,2025.46,2026.27
2024.01.29 05:00,2026.30,2026.85,2024.70,2025.50
2024.01.29 06:00,2025.49,2028.99,2024.86,2028.81
2024.01.29 07:00,2028.83,2033.85,2028.71,2031.31
2024.01.29 08:00,2031.29,2033.60,2030.95,2031.58
2024.01.29 09:00,2031.60,2031.95,2027.87,2028.34
2024.01.29 10:00,2028.33,2028.60,2025.58,2027.47
2024.01.29 11:00,2027.49,2028.41,2025.51,2028.20
2024.01.29 12:00,2028.19,2030.28,2028.15,2028.44
2024.01.29 13:00,2028.50,2037.58,2027.74,2036.90
2024.01.29 14:00,2036.88,2037.28,2021.62,2024.79
2024.01.29 15:00,2024.76,2026.27,2020.55,2025.48
2024.01.29 16:00,2025.43,2027.90,2024.04,2027.09
2024.01.29 17:00,2027.09,2031.10,2026.57,2029.35
2024.01.29 18:00,2029.34,2029.69,2025.09,2025.82
2024.01.29 19:00,2025.83,2027.99,2025.16,2026.96
2024.01.29 20:00,2027.03,2035.23,2027.03,2032.55
2024.01.29 21:00,2032.55,2032.79,2030.97,2032.02
2024.01.29 23:00,2032.72,2033.34,2029.31,2031.09
2024.01.30 00:00,2031.05,2034.10,2030.91,2033.60
2024.01.30 01:00,2033.63,2033.99,2030.55,2031.12
2024.01.30 02:00,2030.96,2032.49,2029.82,2032.01
2024.01.30 03:00,2031.96,2032.56,2031.43,2032.12
2024.01.30 04:00,2032.14,2033.04,2031.22,2031.79
2024.01.30 05:00,2031.70,2033.37,2031.54,2032.20
2024.01.30 06:00,2032.21,2035.96,2032.11,2034.50
2024.01.30 07:00,2034.52,2040.36,2034.09,2037.89
2024.01.30 08:00,2037.92,2039.44,2036.99,2038.28
2024.01.30 09:00,2038.33,2038.66,2035.04,2035.75
2024.01.30 10:00,2035.80,2037.31,2035.03,2035.61
2024.01.30 11:00,2035.60,2036.14,2031.43,2034.38
2024.01.30 12:00,2034.33,2036.36,2033.67,2036.02
2024.01.30 13:00,2036.03,2037.94,2033.26,2037.82
2024.01.30 14:00,2037.79,2048.59,2037.37,2046.70
2024.01.30 15:00,2046.60,2046.86,2029.08,2032.65
2024.01.30 16:00,2032.64,2036.10,2031.74,2035.92
2024.01.30 17:00,2035.92,2036.15,2033.10,2034.03
2024.01.30 18:00,2034.02,2034.02,2031.50,2032.82
2024.01.30 19:00,2032.79,2037.03,2032.41,2036.06
2024.01.30 20:00,2036.06,2036.68,2035.28,2035.96
2024.01.30 21:00,2036.00,2036.86,2035.87,2036.64
2024.01.30 23:00,2036.78,2037.16,2035.75,2036.44
2024.01.31 00:00,2036.44,2038.65,2035.85,2036.14
2024.01.31 01:00,2036.12,2037.19,2034.52,2034.65
2024.01.31 02:00,2034.65,2034.88,2032.91,2033.73
2024.01.31 03:00,2033.57,2034.24,2033.05,2033.91
2024.01.31 04:00,2033.90,2034.79,2033.26,2034.58
2024.01.31 05:00,2034.59,2035.16,2033.32,2035.09
2024.01.31 06:00,2035.19,2035.81,2033.64,2034.34
2024.01.31 07:00,2034.32,2038.58,2033.90,2036.57
2024.01.31 08:00,2036.60,2040.43,2036.14,2039.11
2024.01.31 09:00,2039.08,2039.83,2037.94,2038.24
2024.01.31 10:00,2038.25,2038.55,2036.55,2036.90
2024.01.31 11:00,2036.91,2038.92,2036.84,2037.30
2024.01.31 12:00,2037.32,2039.59,2037.12,2038.47
2024.01.31 13:00,2038.50,2043.17,2036.03,2041.95
2024.01.31 14:00,2041.94,2055.26,2040.72,2051.58
2024.01.31 15:00,2051.51,2055.94,2050.45,2052.29
2024.01.31 16:00,2052.30,2053.67,2047.44,2049.99
2024.01.31 17:00,2049.99,2051.04,2049.26,2049.64
2024.01.31 18:00,2049.55,2049.80,2045.74,2046.55
2024.01.31 19:00,2045.82,2050.80,2039.40,2044.81
2024.01.31 20:00,2044.78,2045.89,2030.86,2034.57
2024.01.31 21:00,2033.79,2040.19,2033.36,2039.33
2024.01.31 23:00,2039.85,2041.38,2038.46,2039.95
2024.02.01 00:00,2039.99,2042.64,2039.24,2040.72
2024.02.01 01:00,2040.73,2041.94,2040.05,2041.40
2024.02.01 02:00,2041.39,2049.54,2041.26,2047.01
2024.02.01 03:00,2047.00,2048.49,2045.61,2046.31
2024.02.01 04:00,2046.34,2046.60,2045.01,2045.75
2024.02.01 05:00,2045.66,2046.28,2044.36,2044.53
2024.02.01 06:00,2044.52,2044.97,2042.41,2043.57
2024.02.01 07:00,2043.58,2044.17,2041.15,2042.91
2024.02.01 08:00,2042.83,2042.83,2038.98,2041.93
2024.02.01 09:00,2041.95,2042.79,2040.30,2041.07
2024.02.01 10:00,2041.08,2041.17,2030.93,2031.84
2024.02.01 11:00,2031.85,2034.41,2030.00,2033.43
2024.02.01 12:00,2033.35,2034.47,2030.17,2034.21
2024.02.01 13:00,2033.97,2042.16,2030.83,2040.06
2024.02.01 14:00,2040.08,2050.85,2040.02,2046.10
2024.02.01 15:00,2041.14,2052.98,2040.42,2051.90
2024.02.01 16:00,2051.89,2065.39,2051.78,2059.27
2024.02.01 17:00,2059.34,2062.43,2051.28,2054.46
2024.02.01 18:00,2054.40,2058.72,2052.13,2055.67
2024.02.01 19:00,2055.64,2058.10,2054.14,2054.72
2024.02.01 20:00,2054.79,2055.70,2053.47,2055.43
2024.02.01 21:00,2055.21,2055.32,2053.86,2054.87
2024.02.01 23:00,2054.40,2056.30,2054.38,2054.86
2024.02.02 00:00,2054.86,2056.90,2054.56,2054.99
2024.02.02 01:00,2055.00,2056.06,2052.92,2054.72
2024.02.02 02:00,2054.73,2055.37,2051.97,2053.85
2024.02.02 03:00,2053.82,2054.98,2053.63,2054.66
2024.02.02 04:00,2054.63,2055.91,2054.10,2055.12
2024.02.02 05:00,2055.02,2056.54,2054.44,2055.53
2024.02.02 06:00,2055.55,2056.89,2054.15,2055.43
2024.02.02 07:00,2055.40,2056.92,2054.78,2055.02
2024.02.02 08:00,2055.04,2056.81,2053.67,2054.06
2024.02.02 09:00,2054.00,2054.96,2052.68,2053.01
2024.02.02 10:00,2053.01,2055.63,2052.91,2054.67
2024.02.02 11:00,2054.66,2056.15,2053.70,2056.05
2024.02.02 12:00,2056.08,2056.31,2053.77,2055.23
2024.02.02 13:00,2055.30,2057.61,2029.69,2031.73
2024.02.02 14:00,2031.71,2036.11,2027.81,2035.42
2024.02.02 15:00,2035.29,2035.64,2028.57,2035.00
2024.02.02 16:00,2035.01,2037.50,2033.10,2036.29
2024.02.02 17:00,2036.33,2037.03,2033.93,2035.25
2024.02.02 18:00,2035.19,2038.74,2034.43,2037.39
2024.02.02 19:00,2037.43,2038.57,2036.42,2038.15
2024.02.02 20:00,2038.20,2038.42,2036.04,2036.10
2024.02.02 21:00,2036.31,2039.75,2036.31,2039.45
2024.02.04 23:00,2039.44,2042.24,2038.76,2039.25
2024.02.05 00:00,2039.26,2039.83,2033.65,2035.67
2024.02.05 01:00,2035.66,2038.24,2034.52,2038.01
2024.02.05 02:00,2037.95,2038.73,2032.98,2033.47
2024.02.05 03:00,2033.46,2034.46,2030.33,2032.25
2024.02.05 04:00,2032.31,2033.36,2031.59,2031.93
2024.02.05 05:00,2031.85,2032.04,2028.94,2029.75
2024.02.05 06:00,2029.70,2031.22,2026.86,2030.84
2024.02.05 07:00,2030.98,2031.42,2026.83,2027.55
2024.02.05 08:00,2027.59,2027.67,2021.45,2023.45
2024.02.05 09:00,2023.46,2024.21,2020.65,2022.67
2024.02.05 10:00,2022.67,2025.25,2022.30,2024.48
2024.02.05 11:00,2024.49,2028.33,2024.14,2027.62
2024.02.05 12:00,2027.74,2028.06,2022.68,2022.68
2024.02.05 13:00,2022.67,2022.69,2015.01,2015.90
2024.02.05 14:00,2015.98,2023.71,2014.88,2023.66
2024.02.05 15:00,2023.68,2023.68,2015.54,2017.81
2024.02.05 16:00,2017.83,2022.50,2017.79,2022.23
2024.02.05 17:00,2022.24,2026.44,2021.37,2025.67
2024.02.05 18:00,2025.69,2027.05,2025.38,2025.93
2024.02.05 19:00,2025.94,2027.51,2025.11,2025.99
2024.02.05 20:00,2025.95,2026.39,2024.02,2024.93
2024.02.05 21:00,2025.13,2025.13,2024.14,2024.79
2024.02.05 23:00,2025.04,2025.52,2023.73,2025.13
2024.02.06 00:00,2025.12,2027.65,2025.07,2026.88
2024.02.06 01:00,2026.91,2028.60,2026.48,2027.19
2024.02.06 02:00,2027.18,2027.37,2024.92,2026.03
2024.02.06 03:00,2026.04,2026.46,2023.50,2023.94
2024.02.06 04:00,2023.96,2026.38,2023.59,2026.29
2024.02.06 05:00,2026.37,2029.79,2025.80,2029.49
2024.02.06 06:00,2029.49,2029.64,2026.21,2026.67
2024.02.06 07:00,2026.72,2028.96,2026.23,2026.32
2024.02.06 08:00,2026.26,2026.71,2023.41,2023.83
2024.02.06 09:00,2023.82,2025.39,2022.89,2023.61
2024.02.06 10:00,2023.60,2026.27,2023.38,2023.95
2024.02.06 11:00,2024.00,2027.52,2022.91,2026.76
2024.02.06 12:00,2026.73,2027.94,2024.47,2027.78
2024.02.06 13:00,2027.78,2030.88,2026.23,2029.26
2024.02.06 14:00,2029.17,2032.98,2026.88,2030.61
2024.02.06 15:00,2030.61,2038.11,2029.63,2036.35
2024.02.06 16:00,2036.36,2038.89,2035.20,2036.59
2024.02.06 17:00,2036.46,2038.35,2032.05,2037.05
2024.02.06 18:00,2036.95,2038.18,2033.85,2036.61
2024.02.06 19:00,2036.59,2036.87,2035.00,2035.99
2024.02.06 20:00,2036.09,2037.01,2035.15,2035.75
2024.02.06 21:00,2035.76,2036.09,2035.00,2035.79
2024.02.06 23:00,2035.82,2036.34,2034.54,2035.28
2024.02.07 00:00,2035.26,2036.13,2034.44,2035.05
2024.02.07 01:00,2035.06,2035.80,2034.25,2035.04
2024.02.07 02:00,2035.05,2035.59,2034.07,2034.48
2024.02.07 03:00,2034.47,2035.46,2034.06,2034.44
2024.02.07 04:00,2034.41,2035.45,2034.12,2035.26
2024.02.07 05:00,2035.24,2035.49,2033.25,2033.37
2024.02.07 06:00,2033.34,2034.30,2032.43,2033.55
2024.02.07 07:00,2033.54,2036.16,2033.25,2035.20
2024.02.07 08:00,2035.21,2035.32,2031.22,2032.91
2024.02.07 09:00,2032.90,2034.98,2032.41,2034.39
2024.02.07 10:00,2034.40,2034.40,2032.66,2033.19
2024.02.07 11:00,2033.10,2035.78,2032.74,2034.10
2024.02.07 12:00,2034.11,2034.22,2030.61,2033.51
2024.02.07 13:00,2033.61,2036.64,2032.37,2036.14
2024.02.07 14:00,2036.16,2044.56,2032.69,2042.47
2024.02.07 15:00,2042.49,2043.25,2035.38,2038.33
2024.02.07 16:00,2038.28,2040.93,2037.57,2038.40
2024.02.07 17:00,2038.42,2038.47,2034.04,2035.61
2024.02.07 18:00,2035.62,2037.24,2033.99,2034.86
2024.02.07 19:00,2034.89,2035.82,2034.21,2035.61
2024.02.07 20:00,2035.57,2035.84,2034.39,2034.76
2024.02.07 21:00,2034.71,2035.03,2033.74,2034.82
2024.02.07 23:00,2035.32,2036.60,2034.36,2036.51
2024.02.08 00:00,2036.44,2037.75,2036.33,2037.29
2024.02.08 01:00,2037.32,2038.15,2036.68,2037.25
2024.02.08 02:00,2037.25,2038.71,2035.82,2036.13
2024.02.08 03:00,2036.19,2036.57,2031.77,2032.81
2024.02.08 04:00,2032.79,2034.06,2031.71,2032.24
2024.02.08 05:00,2032.12,2033.80,2031.16,2033.51
2024.02.08 06:00,2033.53,2034.22,2032.34,2033.32
2024.02.08 07:00,2033.29,2035.08,2031.62,2032.87
2024.02.08 08:00,2032.89,2033.37,2028.91,2030.84
2024.02.08 09:00,2030.85,2035.95,2029.83,2035.31
2024.02.08 10:00,2035.32,2038.43,2034.75,2036.09
2024.02.08 11:00,2036.11,2036.29,2027.86,2029.05
2024.02.08 12:00,2029.07,2029.08,2023.73,2024.96
2024.02.08 13:00,2025.05,2026.40,2020.93,2021.07
2024.02.08 14:00,2021.09,2033.99,2020.17,2028.31
2024.02.08 15:00,2028.47,2033.16,2027.62,2031.92
2024.02.08 16:00,2031.94,2032.22,2027.71,2031.91
2024.02.08 17:00,2031.94,2033.14,2030.31,2031.76
2024.02.08 18:00,2031.75,2035.36,2031.15,2032.05
2024.02.08 19:00,2032.11,2033.52,2031.41,2032.59
2024.02.08 20:00,2032.62,2033.79,2032.60,2032.98
2024.02.08 21:00,2033.15,2034.38,2033.13,2033.87
2024.02.08 23:00,2034.40,2035.07,2033.89,2034.26
2024.02.09 00:00,2034.27,2034.43,2031.95,2032.09
2024.02.09 01:00,2032.10,2035.05,2032.10,2034.25
2024.02.09 02:00,2034.27,2035.14,2034.04,2034.37
2024.02.09 03:00,2034.38,2034.80,2032.96,2033.57
2024.02.09 04:00,2033.63,2033.78,2032.31,2032.77
2024.02.09 05:00,2032.74,2034.02,2032.16,2032.87
2024.02.09 06:00,2032.91,2034.41,2032.31,2033.89
2024.02.09 07:00,2033.90,2034.96,2032.87,2033.60
2024.02.09 08:00,2033.65,2034.12,2030.50,2032.38
2024.02.09 09:00,2032.41,2033.57,2031.10,2031.56
2024.02.09 10:00,2031.51,2033.11,2030.97,2032.79
2024.02.09 11:00,2032.81,2033.55,2031.48,2031.53
2024.02.09 12:00,2031.52,2032.18,2028.53,2028.79
2024.02.09 13:00,2028.78,2037.18,2025.60,2027.02
2024.02.09 14:00,2027.03,2030.57,2023.08,2025.26
2024.02.09 15:00,2025.25,2027.24,2021.89,2022.50
2024.02.09 16:00,2022.52,2023.87,2020.31,2021.63
2024.02.09 17:00,2021.57,2024.73,2021.26,2024.63
2024.02.09 18:00,2024.66,2026.32,2022.82,2023.74
2024.02.09 19:00,2023.70,2026.16,2023.40,2024.78
2024.02.09 20:00,2024.77,2026.28,2023.86,2025.13
2024.02.09 21:00,2025.09,2025.57,2023.91,2024.51
2024.02.11 23:00,2023.51,2026.86,2023.50,2025.45
2024.02.12 00:00,2025.46,2025.98,2024.97,2025.16
2024.02.12 01:00,2025.20,2026.59,2023.53,2023.54
2024.02.12 02:00,2023.49,2023.88,2022.22,2022.44
2024.02.12 03:00,2022.38,2023.09,2021.88,2022.90
2024.02.12 04:00,2022.88,2024.15,2022.57,2023.16
2024.02.12 05:00,2023.19,2024.03,2022.94,2023.85
2024.02.12 06:00,2023.81,2024.70,2023.58,2024.24
2024.02.12 07:00,2024.19,2026.41,2023.05,2025.56
2024.02.12 08:00,2025.58,2027.23,2023.58,2023.70
2024.02.12 09:00,2023.68,2023.86,2020.39,2020.73
2024.02.12 10:00,2020.72,2021.21,2020.02,2020.95
2024.02.12 11:00,2020.97,2022.57,2020.27,2021.70
2024.02.12 12:00,2021.66,2022.36,2020.55,2021.37
2024.02.12 13:00,2021.45,2027.55,2018.56,2019.09
2024.02.12 14:00,2019.10,2020.35,2013.23,2015.00
2024.02.12 15:00,2014.97,2017.01,2012.07,2013.13
2024.02.12 16:00,2013.12,2016.40,2011.90,2015.93
2024.02.12 17:00,2015.98,2020.17,2015.62,2019.38
2024.02.12 18:00,2019.37,2021.59,2017.80,2021.50
2024.02.12 19:00,2021.49,2021.56,2018.61,2019.17
2024.02.12 20:00,2019.17,2020.55,2018.86,2020.11
2024.02.12 21:00,2020.12,2020.54,2019.64,2019.65
2024.02.12 23:00,2019.41,2019.94,2018.72,2018.93
2024.02.13 00:00,2018.90,2019.60,2018.30,2019.54
2024.02.13 01:00,2019.52,2021.24,2019.50,2020.30
2024.02.13 02:00,2020.33,2020.33,2018.93,2018.94
2024.02.13 03:00,2018.95,2019.14,2016.88,2018.57
2024.02.13 04:00,2018.58,2019.60,2018.39,2018.96
2024.02.13 05:00,2019.02,2021.63,2019.02,2020.79
2024.02.13 06:00,2020.81,2024.08,2020.69,2023.70
2024.02.13 07:00,2023.73,2025.78,2023.42,2025.24
2024.02.13 08:00,2025.28,2026.27,2024.50,2026.15
2024.02.13 09:00,2026.05,2026.92,2025.16,2026.68
2024.02.13 10:00,2026.68,2028.02,2026.03,2026.62
2024.02.13 11:00,2026.63,2029.29,2026.15,2027.70
2024.02.13 12:00,2027.70,2028.96,2027.44,2028.27
2024.02.13 13:00,2028.30,2029.85,2002.98,2004.35
2024.02.13 14:00,2004.37,2005.95,1992.52,1995.68
2024.02.13 15:00,1995.67,1995.87,1990.13,1992.27
2024.02.13 16:00,1992.24,1997.82,1991.90,1994.90
2024.02.13 17:00,1994.90,1996.02,1992.81,1993.68
2024.02.13 18:00,1993.67,1995.79,1993.17,1993.50
2024.02.13 19:00,1993.51,1993.80,1991.23,1991.76
2024.02.13 20:00,1991.77,1993.69,1991.25,1992.52
2024.02.13 21:00,1992.61,1993.57,1992.23,1992.88
2024.02.13 23:00,1992.89,1993.43,1990.75,1991.45
2024.02.14 00:00,1991.45,1993.22,1990.78,1992.64
2024.02.14 01:00,1992.68,1992.88,1988.86,1992.83
2024.02.14 02:00,1992.78,1993.62,1991.15,1992.21
2024.02.14 03:00,1992.22,1993.05,1991.21,1992.45
2024.02.14 04:00,1992.44,1992.87,1992.02,1992.35
2024.02.14 05:00,1992.36,1993.36,1992.15,1992.96
2024.02.14 06:00,1992.98,1992.98,1990.97,1992.32
2024.02.14 07:00,1992.24,1993.08,1989.39,1989.47
2024.02.14 08:00,1989.51,1990.63,1986.00,1988.49
2024.02.14 09:00,1988.48,1991.57,1988.42,1991.27
2024.02.14 10:00,1991.24,1993.38,1990.05,1992.82
2024.02.14 11:00,1992.85,1993.26,1990.67,1992.25
2024.02.14 12:00,1992.26,1993.21,1989.55,1990.27
2024.02.14 13:00,1990.28,1993.19,1988.72,1989.18
2024.02.14 14:00,1989.15,1992.29,1986.19,1987.42
2024.02.14 15:00,1987.40,1988.99,1984.16,1987.90
2024.02.14 16:00,1988.00,1993.63,1987.48,1993.14
2024.02.14 17:00,1993.13,1995.28,1990.72,1994.35
2024.02.14 18:00,1994.43,1996.09,1991.08,1991.70
2024.02.14 19:00,1991.71,1992.06,1989.76,1991.80
2024.02.14 20:00,1991.79,1991.86,1989.66,1991.09
2024.02.14 21:00,1990.96,1992.92,1990.37,1992.00
2024.02.14 23:00,1991.93,1993.84,1991.93,1993.75
2024.02.15 00:00,1993.78,1994.30,1992.59,1993.74
2024.02.15 01:00,1993.70,1994.38,1992.35,1992.57
2024.02.15 02:00,1992.50,1993.55,1992.07,1993.14
2024.02.15 03:00,1993.15,1993.27,1990.25,1990.80
2024.02.15 04:00,1990.78,1992.17,1990.45,1992.04
2024.02.15 05:00,1992.06,1992.93,1991.72,1991.91
2024.02.15 06:00,1991.98,1993.43,1991.58,1993.25
2024.02.15 07:00,1993.24,1994.63,1992.22,1993.86
2024.02.15 08:00,1993.83,1996.03,1993.51,1995.22
2024.02.15 09:00,1995.24,1996.80,1993.85,1996.38
2024.02.15 10:00,1996.35,1997.95,1995.73,1995.97
2024.02.15 11:00,1995.97,1998.11,1995.76,1997.52
2024.02.15 12:00,1997.53,1999.09,1996.40,1997.95
2024.02.15 13:00,1998.04,2004.33,1995.68,2003.79
2024.02.15 14:00,2003.82,2008.29,2001.49,2003.81
2024.02.15 15:00,2003.74,2008.10,1999.79,2000.75
2024.02.15 16:00,2000.76,2001.52,1998.47,2000.18
2024.02.15 17:00,2000.19,2004.61,2000.15,2003.69
2024.02.15 18:00,2003.68,2004.91,2002.76,2004.52
2024.02.15 19:00,2004.53,2006.44,2003.70,2005.13
2024.02.15 20:00,2005.14,2005.15,2003.58,2004.37
2024.02.15 21:00,2004.34,2004.71,2003.89,2003.97
2024.02.15 23:00,2003.85,2004.80,2003.45,2003.48
2024.02.16 00:00,2003.55,2003.66,2002.40,2002.62
2024.02.16 01:00,2002.63,2005.66,2002.46,2005.53
2024.02.16 02:00,2005.48,2005.62,2004.04,2004.53
2024.02.16 03:00,2004.54,2004.85,2003.39,2004.32
2024.02.16 04:00,2004.31,2004.34,2003.26,2003.68
2024.02.16 05:00,2003.66,2004.75,2003.41,2004.52
2024.02.16 06:00,2004.54,2004.77,2002.74,2003.75
2024.02.16 07:00,2003.69,2006.45,2003.41,2005.16
2024.02.16 08:00,2005.14,2005.67,2003.86,2004.94
2024.02.16 09:00,2004.98,2006.44,2004.27,2005.07
2024.02.16 10:00,2005.07,2007.52,2004.73,2007.18
2024.02.16 11:00,2007.19,2007.84,2006.23,2007.28
2024.02.16 12:00,2007.27,2008.11,2006.45,2006.89
2024.02.16 13:00,2006.77,2007.00,1995.11,2001.46
2024.02.16 14:00,2001.45,2003.33,1995.33,1998.16
2024.02.16 15:00,1997.59,2011.00,1997.32,2007.88
2024.02.16 16:00,2008.00,2010.98,2007.22,2009.19
2024.02.16 17:00,2009.21,2014.41,2008.72,2013.34
2024.02.16 18:00,2013.38,2015.06,2011.06,2013.88
2024.02.16 19:00,2013.89,2015.18,2011.76,2012.65
2024.02.16 20:00,2012.63,2013.13,2011.25,2011.95
2024.02.16 21:00,2012.12,2013.94,2011.98,2013.14
2024.02.18 23:00,2015.29,2016.31,2011.77,2013.97
2024.02.19 00:00,2013.94,2020.09,2013.93,2018.81
2024.02.19 01:00,2018.80,2020.76,2016.39,2019.80
2024.02.19 02:00,2019.78,2022.86,2018.54,2022.29
2024.02.19 03:00,2022.28,2022.38,2019.27,2019.89
2024.02.19 04:00,2019.89,2019.95,2018.26,2019.04
2024.02.19 05:00,2019.03,2021.43,2018.53,2020.76
2024.02.19 06:00,2020.78,2022.57,2020.45,2021.51
2024.02.19 07:00,2021.48,2022.99,2019.69,2020.96
2024.02.19 08:00,2020.95,2021.21,2019.00,2020.12
2024.02.19 09:00,2020.15,2020.67,2019.24,2020.17
2024.02.19 10:00,2020.18,2020.57,2018.18,2018.91
2024.02.19 11:00,2018.90,2019.59,2018.29,2018.33
2024.02.19 12:00,2018.31,2019.07,2016.00,2016.78
2024.02.19 13:00,2016.79,2019.31,2016.50,2016.82
2024.02.19 14:00,2016.88,2017.73,2015.96,2017.32
2024.02.19 15:00,2017.33,2017.61,2014.85,2014.93
2024.02.19 16:00,2014.94,2016.66,2013.24,2016.28
2024.02.19 17:00,2016.31,2018.54,2016.05,2017.33
2024.02.19 18:00,2017.28,2018.45,2016.89,2017.66
2024.02.19 19:00,2017.73,2018.43,2017.73,2017.98
2024.02.19 23:00,2017.39,2017.51,2015.81,2016.22
2024.02.20 00:00,2016.24,2016.71,2015.04,2016.25
2024.02.20 01:00,2016.25,2019.21,2015.23,2016.96
2024.02.20 02:00,2016.95,2018.33,2016.81,2017.62
2024.02.20 03:00,2017.60,2018.75,2017.01,2018.30
2024.02.20 04:00,2018.29,2019.73,2018.22,2019.51
2024.02.20 05:00,2019.50,2019.58,2017.75,2018.50
2024.02.20 06:00,2018.50,2020.86,2017.76,2019.45
2024.02.20 07:00,2019.52,2022.87,2018.94,2021.48
2024.02.20 08:00,2021.49,2022.96,2020.75,2022.83
2024.02.20 09:00,2022.82,2025.12,2022.54,2024.04
2024.02.20 10:00,2024.05,2027.55,2023.52,2026.10
2024.02.20 11:00,2026.12,2027.27,2025.27,2026.87
2024.02.20 12:00,2026.89,2028.05,2026.26,2026.69
2024.02.20 13:00,2026.71,2030.80,2026.14,2030.08
2024.02.20 14:00,2030.10,2030.88,2025.47,2028.14
2024.02.20 15:00,2028.16,2030.05,2025.80,2027.49
2024.02.20 16:00,2027.48,2028.28,2026.01,2026.95
2024.02.20 17:00,2026.95,2028.72,2025.64,2028.71
2024.02.20 18:00,2028.72,2028.92,2026.80,2027.23
2024.02.20 19:00,2027.15,2027.72,2024.79,2025.11
2024.02.20 20:00,2025.18,2025.18,2023.58,2024.33
2024.02.20 21:00,2024.61,2024.75,2023.65,2023.99
2024.02.20 23:00,2024.09,2024.99,2023.50,2024.26
2024.02.21 00:00,2024.33,2024.33,2022.96,2023.52
2024.02.21 01:00,2023.53,2026.08,2023.29,2025.37
2024.02.21 02:00,2025.39,2029.16,2025.38,2027.92
2024.02.21 03:00,2027.91,2030.88,2027.78,2030.53
2024.02.21 04:00,2030.52,2031.29,2030.12,2030.89
2024.02.21 05:00,2030.88,2032.26,2029.42,2030.95
2024.02.21 06:00,2030.96,2031.21,2029.23,2029.98
2024.02.21 07:00,2030.01,2030.63,2028.38,2028.88
2024.02.21 08:00,2028.91,2029.25,2026.23,2026.57
2024.02.21 09:00,2026.52,2028.60,2025.95,2028.08
2024.02.21 10:00,2028.08,2030.19,2027.90,2030.00
2024.02.21 11:00,2029.99,2030.07,2027.37,2028.24
2024.02.21 12:00,2028.26,2030.06,2027.99,2029.45
2024.02.21 13:00,2029.47,2031.51,2027.65,2028.76
2024.02.21 14:00,2028.75,2030.33,2027.05,2027.56
2024.02.21 15:00,2027.56,2030.26,2024.06,2024.14
2024.02.21 16:00,2024.13,2025.86,2023.26,2023.95
2024.02.21 17:00,2024.00,2024.57,2021.51,2024.23
2024.02.21 18:00,2024.31,2024.69,2021.49,2021.61
2024.02.21 19:00,2021.96,2026.50,2020.04,2026.01
2024.02.21 20:00,2025.97,2026.99,2024.12,2024.35
2024.02.21 21:00,2024.88,2026.11,2023.95,2025.50
2024.02.21 23:00,2025.34,2026.78,2025.13,2025.68
2024.02.22 00:00,2025.73,2026.77,2025.08,2026.47
2024.02.22 01:00,2026.48,2028.57,2026.20,2027.04
2024.02.22 02:00,2027.03,2028.37,2026.48,2027.76
2024.02.22 03:00,2027.73,2028.28,2026.11,2026.30
2024.02.22 04:00,2026.30,2028.91,2025.52,2028.82
2024.02.22 05:00,2028.90,2030.00,2028.22,2028.44
2024.02.22 06:00,2028.47,2030.59,2028.37,2029.28
2024.02.22 07:00,2029.36,2031.99,2028.86,2031.48
2024.02.22 08:00,2031.49,2034.86,2031.31,2033.26
2024.02.22 09:00,2033.26,2033.26,2028.50,2030.29
2024.02.22 10:00,2030.35,2031.19,2029.19,2029.42
2024.02.22 11:00,2029.46,2029.77,2027.29,2028.98
2024.02.22 12:00,2028.98,2029.89,2027.68,2028.28
2024.02.22 13:00,2028.29,2028.63,2022.82,2025.67
2024.02.22 14:00,2025.66,2026.74,2021.92,2024.98
2024.02.22 15:00,2024.99,2025.37,2020.38,2023.37
2024.02.22 16:00,2023.38,2024.28,2019.75,2020.97
2024.02.22 17:00,2020.98,2024.71,2020.28,2022.97
2024.02.22 18:00,2022.99,2023.27,2019.61,2022.66
2024.02.22 19:00,2022.67,2023.63,2022.17,2023.03
2024.02.22 20:00,2023.05,2024.63,2022.54,2024.63
2024.02.22 21:00,2024.49,2025.06,2023.93,2024.03
2024.02.22 23:00,2024.04,2026.04,2023.78,2024.75
2024.02.23 00:00,2024.79,2026.14,2022.79,2024.58
2024.02.23 01:00,2024.57,2027.21,2024.37,2026.88
2024.02.23 02:00,2026.90,2027.39,2024.27,2024.36
2024.02.23 03:00,2024.36,2026.31,2024.07,2025.74
2024.02.23 04:00,2025.78,2026.49,2025.75,2026.10
2024.02.23 05:00,2026.15,2026.20,2022.20,2022.45
2024.02.23 06:00,2022.44,2022.66,2018.16,2020.93
2024.02.23 07:00,2020.95,2022.46,2019.56,2021.88
2024.02.23 08:00,2021.98,2022.65,2018.34,2019.48
2024.02.23 09:00,2019.47,2019.83,2016.03,2016.76
2024.02.23 10:00,2016.76,2023.30,2016.58,2022.92
2024.02.23 11:00,2022.90,2023.94,2022.06,2023.87
2024.02.23 12:00,2023.85,2028.73,2023.09,2028.01
2024.02.23 13:00,2028.06,2029.21,2024.51,2025.35
2024.02.23 14:00,2025.29,2028.61,2024.15,2027.55
2024.02.23 15:00,2027.56,2031.12,2025.75,2030.18
2024.02.23 16:00,2030.19,2038.54,2030.19,2038.40
2024.02.23 17:00,2038.38,2039.82,2036.44,2037.89
2024.02.23 18:00,2037.92,2041.33,2037.45,2040.47
2024.02.23 19:00,2040.47,2040.47,2036.90,2037.32
2024.02.23 20:00,2037.35,2037.51,2035.74,2036.59
2024.02.23 21:00,2036.53,2036.53,2035.10,2035.45
2024.02.25 23:00,2034.63,2034.96,2032.95,2034.00
2024.02.26 00:00,2034.02,2034.03,2029.99,2030.34
2024.02.26 01:00,2030.37,2034.07,2029.93,2031.28
2024.02.26 02:00,2031.25,2031.88,2030.66,2030.92
2024.02.26 03:00,2031.00,2032.57,2030.74,2032.57
2024.02.26 04:00,2032.56,2032.95,2032.10,2032.28
2024.02.26 05:00,2032.25,2034.24,2032.16,2033.01
2024.02.26 06:00,2033.02,2033.89,2031.86,2032.67
2024.02.26 07:00,2032.69,2035.29,2032.35,2035.06
2024.02.26 08:00,2034.99,2037.00,2033.64,2034.02
2024.02.26 09:00,2033.98,2034.42,2032.20,2033.09
2024.02.26 10:00,2033.10,2035.45,2031.67,2032.12
2024.02.26 11:00,2032.10,2033.00,2030.84,2030.90
2024.02.26 12:00,2030.95,2034.05,2030.71,2032.86
2024.02.26 13:00,2032.84,2034.43,2031.66,2032.64
2024.02.26 14:00,2032.67,2032.90,2025.72,2027.60
2024.02.26 15:00,2027.68,2030.09,2025.08,2029.16
2024.02.26 16:00,2029.18,2029.40,2026.57,2027.79
2024.02.26 17:00,2027.79,2028.86,2026.54,2028.70
2024.02.26 18:00,2028.63,2030.11,2028.13,2029.32
2024.02.26 19:00,2029.34,2030.29,2028.55,2029.76
2024.02.26 20:00,2029.74,2033.65,2029.71,2032.31
2024.02.26 21:00,2032.12,2032.27,2030.86,2031.19
2024.02.26 23:00,2031.27,2031.64,2030.68,2031.31
2024.02.27 00:00,2031.28,2032.55,2031.06,2031.51
2024.02.27 01:00,2031.59,2033.81,2031.28,2033.60
2024.02.27 02:00,2033.65,2034.55,2032.57,2032.68
2024.02.27 03:00,2032.78,2033.48,2032.32,2033.46
2024.02.27 04:00,2033.45,2034.55,2033.41,2033.77
2024.02.27 05:00,2033.74,2034.01,2032.83,2033.66
2024.02.27 06:00,2033.67,2034.99,2033.28,2033.49
2024.02.27 07:00,2033.48,2036.24,2033.28,2035.45
2024.02.27 08:00,2035.46,2039.46,2034.66,2038.11
2024.02.27 09:00,2038.10,2038.15,2035.34,2036.61
2024.02.27 10:00,2036.67,2036.71,2034.64,2036.45
2024.02.27 11:00,2036.52,2038.72,2035.53,2038.24
2024.02.27 12:00,2038.25,2039.11,2037.14,2038.30
2024.02.27 13:00,2038.37,2038.64,2035.29,2035.44
2024.02.27 14:00,2035.43,2036.55,2033.60,2034.95
2024.02.27 15:00,2034.99,2036.94,2033.00,2033.76
2024.02.27 16:00,2033.78,2034.32,2031.79,2033.14
2024.02.27 17:00,2033.15,2033.15,2029.76,2032.29
2024.02.27 18:00,2032.30,2036.12,2031.96,2032.41
2024.02.27 19:00,2032.46,2032.46,2029.42,2030.22
2024.02.27 20:00,2030.22,2030.40,2028.78,2030.14
2024.02.27 21:00,2030.24,2030.61,2029.87,2030.31
2024.02.27 23:00,2030.54,2030.92,2029.80,2030.06
2024.02.28 00:00,2030.14,2031.28,2029.15,2030.82
2024.02.28 01:00,2030.81,2033.74,2029.74,2033.42
2024.02.28 02:00,2033.41,2033.63,2030.52,2031.01
2024.02.28 03:00,2031.00,2031.80,2029.81,2030.93
2024.02.28 04:00,2030.92,2031.12,2029.80,2030.26
2024.02.28 05:00,2030.24,2031.09,2029.98,2030.97
2024.02.28 06:00,2030.95,2032.09,2028.61,2029.37
2024.02.28 07:00,2029.37,2029.37,2027.87,2028.10
2024.02.28 08:00,2028.07,2029.28,2026.62,2026.80
2024.02.28 09:00,2026.77,2027.36,2024.88,2024.91
2024.02.28 10:00,2024.89,2027.60,2024.47,2027.37
2024.02.28 11:00,2027.29,2027.91,2026.81,2027.28
2024.02.28 12:00,2027.29,2030.44,2026.93,2029.60
2024.02.28 13:00,2029.58,2036.12,2029.09,2035.81
2024.02.28 14:00,2035.82,2037.85,2031.07,2031.81
2024.02.28 15:00,2031.80,2034.07,2030.44,2031.83
2024.02.28 16:00,2031.82,2034.12,2031.78,2033.58
2024.02.28 17:00,2033.59,2035.64,2032.31,2033.82
2024.02.28 18:00,2033.83,2034.87,2031.45,2031.57
2024.02.28 19:00,2031.55,2032.39,2030.85,2032.15
2024.02.28 20:00,2032.16,2034.21,2032.10,2033.75
2024.02.28 21:00,2033.77,2035.26,2033.07,2034.35
2024.02.28 23:00,2034.84,2035.62,2034.35,2034.66
2024.02.29 00:00,2034.75,2035.54,2033.94,2034.15
2024.02.29 01:00,2034.18,2036.54,2034.18,2036.48
2024.02.29 02:00,2036.49,2037.10,2035.48,2036.54
2024.02.29 03:00,2036.55,2036.77,2035.22,2036.60
2024.02.29 04:00,2036.54,2036.54,2035.08,2035.22
2024.02.29 05:00,2035.25,2035.96,2034.42,2035.64
2024.02.29 06:00,2035.65,2037.05,2035.53,2036.89
2024.02.29 07:00,2036.80,2037.81,2035.94,2037.30
2024.02.29 08:00,2037.22,2037.44,2035.51,2037.22
2024.02.29 09:00,2037.34,2037.42,2034.00,2034.57
2024.02.29 10:00,2034.56,2034.83,2030.47,2030.78
2024.02.29 11:00,2030.79,2031.76,2028.83,2030.28
2024.02.29 12:00,2030.28,2030.61,2028.09,2030.25
2024.02.29 13:00,2030.25,2048.67,2030.22,2047.66
2024.02.29 14:00,2047.66,2050.28,2045.92,2047.78
2024.02.29 15:00,2048.10,2050.76,2046.47,2048.16
2024.02.29 16:00,2048.23,2048.39,2043.70,2044.95
2024.02.29 17:00,2044.94,2046.00,2043.30,2045.69
2024.02.29 18:00,2045.64,2046.79,2045.01,2046.32
2024.02.29 19:00,2046.32,2046.88,2044.02,2044.50
2024.02.29 20:00,2044.46,2045.49,2043.75,2044.01
2024.02.29 21:00,2044.18,2044.18,2042.88,2044.09
2024.02.29 23:00,2043.46,2044.33,2043.10,2044.31
2024.03.01 00:00,2044.30,2044.33,2042.86,2043.74
2024.03.01 01:00,2043.78,2044.73,2043.03,2044.37
2024.03.01 02:00,2044.38,2045.89,2044.09,2045.45
2024.03.01 03:00,2045.45,2046.84,2045.33,2046.58
2024.03.01 04:00,2046.55,2046.59,2045.24,2045.53
2024.03.01 05:00,2045.54,2045.71,2043.42,2045.08
2024.03.01 06:00,2045.09,2048.11,2044.87,2046.79
2024.03.01 07:00,2046.77,2048.81,2045.24,2045.39
2024.03.01 08:00,2045.47,2045.66,2039.03,2039.80
2024.03.01 09:00,2039.78,2047.50,2039.41,2046.42
2024.03.01 10:00,2046.28,2055.08,2045.92,2054.85
2024.03.01 11:00,2054.86,2057.46,2053.88,2055.39
2024.03.01 12:00,2055.38,2057.04,2052.21,2052.40
2024.03.01 13:00,2052.45,2054.50,2050.08,2051.61
2024.03.01 14:00,2051.66,2056.66,2045.57,2046.43
2024.03.01 15:00,2052.19,2070.97,2049.71,2069.25
2024.03.01 16:00,2069.26,2081.97,2069.26,2081.13
2024.03.01 17:00,2081.14,2085.67,2079.96,2084.81
2024.03.01 18:00,2084.82,2088.29,2082.24,2085.67
2024.03.01 19:00,2085.69,2086.69,2084.76,2085.24
2024.03.01 20:00,2085.22,2085.34,2083.08,2083.41
2024.03.01 21:00,2083.47,2084.02,2082.71,2082.81
2024.03.03 23:00,2082.28,2086.24,2081.77,2083.55
2024.03.04 00:00,2083.60,2084.39,2082.26,2082.60
2024.03.04 01:00,2082.64,2082.90,2079.46,2080.20
2024.03.04 02:00,2080.19,2083.46,2079.85,2081.57
2024.03.04 03:00,2081.48,2081.94,2080.35,2081.46
2024.03.04 04:00,2081.46,2081.58,2080.29,2080.78
2024.03.04 05:00,2080.75,2082.30,2080.50,2081.55
2024.03.04 06:00,2081.55,2083.87,2081.08,2083.52
2024.03.04 07:00,2083.58,2088.24,2083.58,2087.42
2024.03.04 08:00,2087.41,2087.53,2083.46,2083.87
2024.03.04 09:00,2083.88,2086.13,2083.21,2085.14
2024.03.04 10:00,2085.13,2085.77,2082.65,2083.92
2024.03.04 11:00,2083.93,2084.56,2081.86,2082.12
2024.03.04 12:00,2082.10,2083.42,2081.84,2082.62
2024.03.04 13:00,2082.62,2093.18,2081.16,2091.59
2024.03.04 14:00,2091.66,2101.42,2090.51,2100.81
2024.03.04 15:00,2100.71,2109.33,2097.62,2109.00
2024.03.04 16:00,2109.02,2119.88,2107.68,2119.25
2024.03.04 17:00,2119.30,2119.74,2113.95,2116.47
2024.03.04 18:00,2116.46,2118.06,2113.54,2115.30
2024.03.04 19:00,2115.30,2117.29,2113.31,2116.31
2024.03.04 20:00,2116.32,2118.52,2115.42,2116.68
2024.03.04 21:00,2116.85,2117.29,2114.18,2114.32
2024.03.04 23:00,2114.55,2115.87,2113.30,2114.62
2024.03.05 00:00,2114.61,2115.89,2114.17,2115.49
2024.03.05 01:00,2115.50,2116.83,2110.46,2112.66
2024.03.05 02:00,2112.66,2113.29,2111.37,2112.32
2024.03.05 03:00,2112.27,2113.98,2111.21,2112.99
2024.03.05 04:00,2113.00,2115.93,2112.63,2115.90
2024.03.05 05:00,2115.86,2119.73,2115.36,2119.29
2024.03.05 06:00,2119.35,2119.56,2115.23,2117.33
2024.03.05 07:00,2117.29,2117.77,2113.94,2114.45
2024.03.05 08:00,2114.48,2123.40,2114.48,2120.66
2024.03.05 09:00,2120.71,2125.26,2119.02,2124.49
2024.03.05 10:00,2124.48,2127.35,2123.33,2123.70
2024.03.05 11:00,2123.70,2127.15,2122.62,2124.46
2024.03.05 12:00,2124.48,2125.28,2121.18,2124.42
2024.03.05 13:00,2124.54,2141.85,2122.36,2127.70
2024.03.05 14:00,2127.72,2133.21,2124.28,2128.13
2024.03.05 15:00,2128.43,2139.49,2123.81,2126.64
2024.03.05 16:00,2126.61,2128.75,2123.63,2128.33
2024.03.05 17:00,2128.34,2131.01,2127.60,2130.93
2024.03.05 18:00,2130.94,2133.58,2129.62,2130.73
2024.03.05 19:00,2130.78,2134.76,2129.56,2129.61
2024.03.05 20:00,2129.60,2130.93,2128.51,2129.60
2024.03.05 21:00,2129.74,2130.08,2127.10,2127.99
2024.03.05 23:00,2127.95,2128.51,2127.02,2128.08
2024.03.06 00:00,2128.08,2128.15,2126.14,2126.89
2024.03.06 01:00,2126.92,2127.97,2125.12,2125.51
2024.03.06 02:00,2125.49,2126.82,2123.89,2126.42
2024.03.06 03:00,2126.41,2126.61,2123.70,2124.80
2024.03.06 04:00,2124.84,2126.38,2124.80,2126.24
2024.03.06 05:00,2126.20,2127.97,2125.21,2125.30
2024.03.06 06:00,2125.34,2127.58,2124.98,2127.28
2024.03.06 07:00,2127.32,2131.51,2127.08,2128.48
2024.03.06 08:00,2128.47,2129.22,2124.30,2125.08
2024.03.06 09:00,2125.04,2129.77,2124.76,2128.66
2024.03.06 10:00,2128.65,2128.69,2124.67,2125.65
2024.03.06 11:00,2125.66,2132.61,2125.59,2132.53
2024.03.06 12:00,2132.53,2135.04,2131.08,2134.26
2024.03.06 13:00,2134.27,2139.65,2131.48,2139.42
2024.03.06 14:00,2139.45,2149.21,2135.67,2144.74
2024.03.06 15:00,2144.58,2145.54,2131.95,2140.99
2024.03.06 16:00,2140.97,2149.85,2140.46,2148.22
2024.03.06 17:00,2148.28,2150.00,2141.96,2144.80
2024.03.06 18:00,2144.79,2152.19,2144.04,2147.17
2024.03.06 19:00,2147.26,2147.50,2139.41,2144.41
2024.03.06 20:00,2144.39,2147.23,2143.19,2146.62
2024.03.06 21:00,2146.24,2149.25,2144.51,2148.07
2024.03.06 23:00,2148.63,2151.42,2146.18,2147.38
2024.03.07 00:00,2147.42,2149.68,2147.38,2148.91
2024.03.07 01:00,2148.97,2149.03,2144.16,2146.17
2024.03.07 02:00,2146.23,2152.13,2145.67,2150.77
2024.03.07 03:00,2150.74,2152.42,2149.68,2151.74
2024.03.07 04:00,2151.70,2161.49,2151.70,2158.29
2024.03.07 05:00,2158.28,2158.74,2154.43,2154.50
2024.03.07 06:00,2154.41,2156.52,2151.57,2155.39
2024.03.07 07:00,2155.55,2158.25,2152.26,2156.01
2024.03.07 08:00,2156.04,2159.80,2154.44,2155.27
2024.03.07 09:00,2155.28,2157.79,2154.33,2157.69
2024.03.07 10:00,2157.70,2158.89,2156.13,2157.60
2024.03.07 11:00,2157.69,2157.71,2153.26,2156.06
2024.03.07 12:00,2156.08,2158.80,2153.99,2158.41
2024.03.07 13:00,2158.39,2164.77,2157.35,2159.57
2024.03.07 14:00,2159.54,2159.78,2147.92,2154.04
2024.03.07 15:00,2154.02,2157.71,2151.74,2153.68
2024.03.07 16:00,2153.70,2158.54,2149.27,2156.18
2024.03.07 17:00,2156.20,2158.82,2155.29,2158.25
2024.03.07 18:00,2158.33,2159.27,2156.09,2157.09
2024.03.07 19:00,2157.11,2160.85,2156.13,2160.04
2024.03.07 20:00,2159.99,2160.45,2157.98,2158.69
2024.03.07 21:00,2158.62,2160.01,2158.32,2159.88
2024.03.07 23:00,2159.59,2162.56,2158.84,2161.96
2024.03.08 00:00,2161.99,2163.58,2159.74,2160.89
2024.03.08 01:00,2160.92,2161.78,2157.71,2157.85
2024.03.08 02:00,2157.82,2158.45,2154.99,2155.37
2024.03.08 03:00,2155.36,2158.77,2153.99,2157.67
2024.03.08 04:00,2157.62,2159.30,2156.36,2157.74
2024.03.08 05:00,2157.73,2158.41,2156.45,2157.77
2024.03.08 06:00,2157.86,2162.02,2156.49,2161.22
2024.03.08 07:00,2161.21,2161.91,2159.04,2161.37
2024.03.08 08:00,2161.34,2168.70,2161.13,2165.12
2024.03.08 09:00,2165.17,2171.02,2164.67,2169.05
2024.03.08 10:00,2169.08,2170.53,2166.61,2168.44
2024.03.08 11:00,2168.45,2169.66,2166.32,2168.28
2024.03.08 12:00,2168.35,2169.29,2165.98,2165.99
2024.03.08 13:00,2165.96,2185.37,2156.32,2171.15
2024.03.08 14:00,2170.97,2174.67,2163.80,2170.82
2024.03.08 15:00,2170.84,2177.36,2167.83,2177.20
2024.03.08 16:00,2177.21,2180.90,2172.29,2180.65
2024.03.08 17:00,2180.66,2195.17,2180.66,2184.99
2024.03.08 18:00,2184.86,2185.00,2173.86,2174.30
2024.03.08 19:00,2174.33,2177.82,2168.28,2176.37
2024.03.08 20:00,2176.42,2178.16,2175.70,2177.29
2024.03.08 21:00,2177.46,2179.05,2176.83,2179.05
2024.03.10 23:00,2177.28,2183.85,2177.28,2181.63
2024.03.11 00:00,2181.69,2188.98,2179.41,2186.65
2024.03.11 01:00,2186.66,2186.75,2178.94,2180.24
2024.03.11 02:00,2180.28,2180.39,2176.85,2177.42
2024.03.11 03:00,2177.41,2180.34,2176.99,2179.49
2024.03.11 04:00,2179.47,2181.48,2179.47,2180.70
2024.03.11 05:00,2180.71,2181.64,2176.84,2178.00
2024.03.11 06:00,2178.14,2179.99,2177.26,2179.48
2024.03.11 07:00,2179.49,2182.73,2177.96,2182.26
2024.03.11 08:00,2182.28,2183.05,2176.69,2177.39
2024.03.11 09:00,2177.39,2181.53,2175.89,2180.52
2024.03.11 10:00,2180.50,2180.74,2176.86,2177.67
2024.03.11 11:00,2177.67,2179.54,2176.43,2178.93
2024.03.11 12:00,2178.94,2180.69,2176.44,2177.18
2024.03.11 13:00,2177.18,2185.07,2174.85,2181.75
2024.03.11 14:00,2181.66,2183.26,2175.65,2181.97
2024.03.11 15:00,2181.95,2185.67,2180.05,2184.33
2024.03.11 16:00,2184.33,2184.67,2178.60,2180.79
2024.03.11 17:00,2180.87,2184.10,2178.26,2179.64
2024.03.11 18:00,2179.71,2180.88,2177.18,2180.85
2024.03.11 19:00,2180.78,2184.14,2180.65,2181.31
2024.03.11 20:00,2181.36,2182.94,2181.08,2182.44
2024.03.11 23:00,2181.24,2183.77,2181.19,2183.67
2024.03.12 00:00,2183.68,2184.51,2180.22,2180.47
2024.03.12 01:00,2180.53,2183.10,2179.99,2182.76
2024.03.12 02:00,2182.75,2182.84,2178.70,2179.12
2024.03.12 03:00,2179.11,2179.11,2176.80,2177.47
2024.03.12 04:00,2177.48,2179.25,2177.23,2178.23
2024.03.12 05:00,2178.28,2179.18,2174.18,2176.14
2024.03.12 06:00,2176.14,2177.14,2173.65,2175.36
2024.03.12 07:00,2175.40,2177.41,2174.76,2176.99
2024.03.12 08:00,2176.99,2178.51,2176.03,2177.76
2024.03.12 09:00,2177.78,2179.08,2176.33,2176.95
2024.03.12 10:00,2176.94,2177.60,2175.39,2176.49
2024.03.12 11:00,2176.48,2176.55,2170.56,2171.91
2024.03.12 12:00,2171.91,2182.00,2161.11,2169.80
2024.03.12 13:00,2169.76,2169.86,2156.15,2160.40
2024.03.12 14:00,2160.51,2166.42,2152.61,2162.04
2024.03.12 15:00,2162.04,2164.95,2157.56,2162.97
2024.03.12 16:00,2163.00,2166.47,2161.47,2165.75
2024.03.12 17:00,2165.75,2165.75,2154.76,2154.97
2024.03.12 18:00,2154.98,2156.54,2152.96,2153.51
2024.03.12 19:00,2153.52,2157.38,2150.28,2157.35
2024.03.12 20:00,2157.34,2158.97,2156.15,2158.21
2024.03.12 23:00,2158.77,2159.15,2155.77,2157.01
2024.03.13 00:00,2157.02,2160.55,2156.63,2159.30
2024.03.13 01:00,2159.31,2159.60,2157.35,2158.59
2024.03.13 02:00,2158.58,2161.57,2157.42,2160.36
2024.03.13 03:00,2160.37,2160.70,2157.46,2159.16
2024.03.13 04:00,2159.13,2159.69,2157.23,2159.33
2024.03.13 05:00,2159.24,2160.57,2158.69,2160.07
2024.03.13 06:00,2160.06,2161.45,2158.43,2159.44
2024.03.13 07:00,2159.42,2160.78,2158.53,2159.75
2024.03.13 08:00,2159.76,2161.09,2157.92,2158.23
2024.03.13 09:00,2158.19,2160.22,2157.52,2158.56
2024.03.13 10:00,2158.54,2163.63,2158.08,2163.39
2024.03.13 11:00,2163.40,2164.16,2161.57,2163.99
2024.03.13 12:00,2164.06,2166.33,2162.20,2163.58
2024.03.13 13:00,2163.60,2171.60,2161.42,2166.07
2024.03.13 14:00,2166.07,2169.82,2163.53,2168.97
2024.03.13 15:00,2168.97,2174.53,2168.25,2171.74
2024.03.13 16:00,2171.71,2174.69,2169.60,2173.64
2024.03.13 17:00,2173.65,2179.83,2173.25,2174.52
2024.03.13 18:00,2174.53,2176.57,2174.31,2174.85
2024.03.13 19:00,2174.84,2175.57,2171.74,2172.58
2024.03.13 20:00,2172.59,2175.20,2172.37,2174.05
2024.03.13 23:00,2174.67,2176.19,2174.67,2175.51
2024.03.14 00:00,2175.45,2176.56,2174.03,2176.27
2024.03.14 01:00,2176.34,2176.96,2173.21,2174.71
2024.03.14 02:00,2174.71,2175.42,2172.60,2172.76
2024.03.14 03:00,2172.73,2174.08,2171.13,2172.27
2024.03.14 04:00,2172.29,2172.51,2171.03,2171.75
2024.03.14 05:00,2171.71,2171.95,2168.68,2168.85
2024.03.14 06:00,2168.83,2170.22,2167.43,2168.70
2024.03.14 07:00,2168.70,2169.04,2167.51,2168.71
2024.03.14 08:00,2168.65,2170.04,2168.16,2169.59
2024.03.14 09:00,2169.58,2171.99,2167.88,2170.06
2024.03.14 10:00,2170.07,2170.90,2168.03,2170.61
2024.03.14 11:00,2170.58,2170.85,2167.18,2168.51
2024.03.14 12:00,2168.54,2170.34,2160.44,2162.78
2024.03.14 13:00,2162.77,2167.23,2158.56,2162.56
2024.03.14 14:00,2162.41,2163.81,2157.69,2162.00
2024.03.14 15:00,2162.00,2162.21,2152.77,2157.22
2024.03.14 16:00,2157.13,2160.26,2156.71,2158.66
2024.03.14 17:00,2158.53,2165.03,2158.06,2160.25
2024.03.14 18:00,2160.26,2162.36,2160.26,2161.38
2024.03.14 19:00,2161.42,2163.48,2160.65,2163.46
2024.03.14 20:00,2163.50,2163.81,2161.69,2161.94
2024.03.14 23:00,2161.55,2162.13,2160.90,2161.60
2024.03.15 00:00,2161.63,2163.10,2160.60,2162.70
2024.03.15 01:00,2162.67,2165.93,2162.36,2162.73
2024.03.15 02:00,2162.73,2163.00,2161.67,2162.37
2024.03.15 03:00,2162.38,2164.84,2161.76,2164.61
2024.03.15 04:00,2164.62,2165.46,2163.90,2164.47
2024.03.15 05:00,2164.53,2169.26,2163.56,2169.11
2024.03.15 06:00,2169.09,2170.04,2167.19,2168.91
2024.03.15 07:00,2168.92,2169.97,2166.69,2167.02
2024.03.15 08:00,2167.10,2169.37,2165.30,2169.08
2024.03.15 09:00,2169.10,2172.69,2167.50,2171.83
2024.03.15 10:00,2171.82,2172.64,2168.67,2169.31
2024.03.15 11:00,2169.30,2169.37,2166.16,2166.95
2024.03.15 12:00,2167.01,2167.33,2157.56,2161.82
2024.03.15 13:00,2161.80,2163.34,2156.49,2160.32
2024.03.15 14:00,2160.31,2166.66,2159.19,2164.31
2024.03.15 15:00,2164.27,2164.32,2158.12,2160.02
2024.03.15 16:00,2160.01,2163.47,2157.91,2158.78
2024.03.15 17:00,2159.09,2160.60,2155.16,2156.80
2024.03.15 18:00,2156.81,2160.30,2156.57,2159.30
2024.03.15 19:00,2159.28,2159.43,2156.34,2156.89
2024.03.15 20:00,2157.14,2158.31,2155.49,2155.59
2024.03.17 23:00,2154.84,2156.89,2153.90,2156.53
2024.03.18 00:00,2156.56,2157.48,2154.98,2156.63
2024.03.18 01:00,2156.65,2156.65,2150.19,2152.26
2024.03.18 02:00,2152.28,2153.51,2146.57,2147.92
2024.03.18 03:00,2147.88,2148.08,2146.09,2146.75
2024.03.18 04:00,2146.74,2148.29,2146.14,2147.38
2024.03.18 05:00,2147.29,2148.31,2146.09,2147.03
2024.03.18 06:00,2147.05,2149.11,2146.75,2148.11
2024.03.18 07:00,2148.12,2152.21,2147.31,2152.15
2024.03.18 08:00,2152.13,2154.41,2150.17,2153.52
2024.03.18 09:00,2153.50,2155.89,2153.37,2154.85
2024.03.18 10:00,2154.85,2158.47,2154.63,2158.20
2024.03.18 11:00,2158.20,2161.27,2158.18,2161.05
2024.03.18 12:00,2161.12,2163.58,2158.28,2159.11
2024.03.18 13:00,2159.12,2161.08,2155.51,2156.79
2024.03.18 14:00,2156.77,2160.81,2156.72,2158.52
2024.03.18 15:00,2158.46,2161.32,2157.00,2158.36
2024.03.18 16:00,2158.37,2160.77,2154.58,2159.92
2024.03.18 17:00,2159.94,2161.13,2158.10,2159.96
2024.03.18 18:00,2159.87,2160.67,2159.17,2159.36
2024.03.18 19:00,2159.45,2160.99,2159.35,2160.18
2024.03.18 20:00,2160.24,2160.36,2159.39,2160.04
2024.03.18 23:00,2161.22,2162.23,2160.46,2162.12
2024.03.19 00:00,2162.17,2162.86,2160.54,2160.66
2024.03.19 01:00,2160.64,2162.24,2158.53,2160.47
2024.03.19 02:00,2160.48,2162.76,2159.96,2160.87
2024.03.19 03:00,2160.84,2162.37,2159.83,2161.55
2024.03.19 04:00,2161.54,2162.14,2159.63,2160.27
2024.03.19 05:00,2160.28,2160.49,2157.05,2157.60
2024.03.19 06:00,2157.58,2157.76,2154.01,2156.73
2024.03.19 07:00,2156.76,2157.22,2154.18,2155.76
2024.03.19 08:00,2155.79,2155.91,2147.12,2153.05
2024.03.19 09:00,2153.06,2154.50,2151.61,2153.16
2024.03.19 10:00,2153.25,2156.34,2152.43,2154.12
2024.03.19 11:00,2154.04,2156.69,2153.74,2155.62
2024.03.19 12:00,2155.65,2158.67,2150.83,2156.93
2024.03.19 13:00,2156.92,2158.70,2150.42,2151.23
2024.03.19 14:00,2151.27,2155.35,2148.40,2154.92
2024.03.19 15:00,2154.92,2155.62,2150.72,2154.28
2024.03.19 16:00,2154.35,2156.02,2153.08,2154.54
2024.03.19 17:00,2154.56,2157.37,2154.35,2156.91
2024.03.19 18:00,2156.91,2157.71,2155.52,2156.80
2024.03.19 19:00,2156.83,2157.95,2156.25,2157.75
2024.03.19 20:00,2157.76,2158.49,2157.20,2157.26
2024.03.19 23:00,2158.70,2158.75,2156.99,2157.05
2024.03.20 00:00,2157.08,2157.47,2155.24,2157.18
2024.03.20 01:00,2157.22,2160.02,2156.63,2158.72
2024.03.20 02:00,2158.64,2159.74,2157.19,2158.99
2024.03.20 03:00,2158.89,2159.83,2158.41,2159.83
2024.03.20 04:00,2159.93,2160.18,2156.87,2156.90
2024.03.20 05:00,2156.91,2158.31,2156.59,2157.42
2024.03.20 06:00,2157.38,2158.20,2156.45,2157.02
2024.03.20 07:00,2157.08,2159.47,2156.86,2158.25
2024.03.20 08:00,2158.14,2158.35,2154.54,2156.12
2024.03.20 09:00,2156.09,2156.13,2153.13,2154.63
2024.03.20 10:00,2154.57,2154.85,2152.35,2154.34
2024.03.20 11:00,2154.35,2155.11,2152.23,2153.98
2024.03.20 12:00,2153.98,2155.25,2149.59,2153.17
2024.03.20 13:00,2153.21,2158.64,2150.51,2157.91
2024.03.20 14:00,2157.91,2164.88,2155.64,2157.09
2024.03.20 15:00,2156.82,2158.65,2154.66,2155.89
2024.03.20 16:00,2155.90,2158.67,2155.59,2157.70
2024.03.20 17:00,2157.72,2159.64,2156.65,2157.32
2024.03.20 18:00,2157.14,2183.71,2157.14,2181.93
2024.03.20 19:00,2182.26,2188.81,2178.48,2182.81
2024.03.20 20:00,2182.75,2187.22,2182.75,2186.17
2024.03.20 23:00,2200.85,2206.32,2196.49,2203.95
2024.03.21 00:00,2203.98,2203.99,2192.42,2198.99
2024.03.21 01:00,2198.89,2212.47,2197.96,2204.81
2024.03.21 02:00,2204.79,2206.37,2202.63,2203.44
2024.03.21 03:00,2203.44,2205.00,2201.73,2202.79
2024.03.21 04:00,2202.92,2204.06,2201.82,2203.28
2024.03.21 05:00,2203.29,2205.11,2201.85,2204.87
2024.03.21 06:00,2204.87,2209.51,2204.28,2207.15
2024.03.21 07:00,2207.00,2210.17,2206.38,2206.54
2024.03.21 08:00,2206.47,2206.63,2196.85,2201.51
2024.03.21 09:00,2201.54,2206.01,2199.93,2205.45
2024.03.21 10:00,2205.45,2211.72,2205.23,2207.63
2024.03.21 11:00,2207.68,2208.79,2205.35,2207.54
2024.03.21 12:00,2207.51,2208.84,2203.21,2207.69
2024.03.21 13:00,2207.69,2208.12,2191.71,2191.90
2024.03.21 14:00,2191.55,2191.95,2175.61,2176.61
2024.03.21 15:00,2176.62,2176.84,2166.41,2174.68
2024.03.21 16:00,2174.69,2180.33,2173.04,2179.94
2024.03.21 17:00,2179.95,2183.81,2178.55,2180.87
2024.03.21 18:00,2180.89,2183.98,2180.46,2182.82
2024.03.21 19:00,2182.84,2183.64,2180.34,2181.45
2024.03.21 20:00,2181.53,2182.44,2180.60,2181.24
2024.03.21 23:00,2181.30,2181.85,2180.89,2181.78
2024.03.22 00:00,2181.77,2186.07,2181.06,2185.00
2024.03.22 01:00,2185.00,2185.90,2172.68,2173.45
2024.03.22 02:00,2173.47,2177.13,2171.79,2172.57
2024.03.22 03:00,2172.55,2176.18,2172.23,2173.79
2024.03.22 04:00,2173.79,2175.44,2173.20,2173.63
2024.03.22 05:00,2173.61,2175.80,2173.08,2174.29
2024.03.22 06:00,2174.21,2176.21,2169.87,2170.09
2024.03.22 07:00,2170.10,2170.38,2162.56,2168.42
2024.03.22 08:00,2168.36,2169.20,2164.93,2167.93
2024.03.22 09:00,2168.13,2170.08,2165.65,2166.65
2024.03.22 10:00,2166.64,2168.60,2165.88,2167.22
2024.03.22 11:00,2167.22,2168.14,2165.19,2166.09
2024.03.22 12:00,2166.12,2176.19,2165.84,2174.57
2024.03.22 13:00,2174.55,2180.12,2172.58,2178.05
2024.03.22 14:00,2178.11,2179.82,2171.20,2173.93
2024.03.22 15:00,2173.79,2173.79,2165.45,2166.14
2024.03.22 16:00,2166.03,2167.50,2161.64,2162.62
2024.03.22 17:00,2162.68,2164.93,2157.14,2159.22
2024.03.22 18:00,2159.21,2164.77,2158.80,2163.12
2024.03.22 19:00,2163.16,2165.17,2161.84,2163.96
2024.03.22 20:00,2164.01,2167.23,2163.58,2165.06
2024.03.24 23:00,2166.33,2168.90,2165.94,2168.36
2024.03.25 00:00,2168.42,2169.43,2164.03,2165.54
2024.03.25 01:00,2165.60,2176.90,2163.96,2175.14
2024.03.25 02:00,2175.15,2178.32,2173.77,2175.17
2024.03.25 03:00,2175.15,2175.17,2170.05,2170.58
2024.03.25 04:00,2170.60,2171.69,2169.19,2169.43
2024.03.25 05:00,2169.45,2171.07,2167.81,2169.82
2024.03.25 06:00,2169.86,2170.59,2164.28,2165.44
2024.03.25 07:00,2165.43,2168.74,2163.55,2165.88
2024.03.25 08:00,2165.87,2168.96,2163.82,2165.70
2024.03.25 09:00,2165.69,2168.80,2164.31,2168.40
2024.03.25 10:00,2168.41,2171.11,2167.59,2168.42
2024.03.25 11:00,2168.43,2171.83,2167.93,2170.50
2024.03.25 12:00,2170.49,2177.02,2170.32,2174.55
2024.03.25 13:00,2174.53,2181.29,2173.02,2177.19
2024.03.25 14:00,2177.22,2180.46,2175.34,2177.80
2024.03.25 15:00,2177.83,2177.87,2174.94,2175.45
2024.03.25 16:00,2175.41,2177.89,2175.06,2175.81
2024.03.25 17:00,2175.82,2176.65,2174.23,2174.73
2024.03.25 18:00,2174.74,2174.74,2173.02,2173.25
2024.03.25 19:00,2173.25,2173.72,2170.72,2170.96
2024.03.25 20:00,2171.11,2172.27,2170.72,2171.70
2024.03.25 23:00,2172.04,2173.33,2171.23,2172.93
2024.03.26 00:00,2172.93,2174.46,2172.36,2173.91
2024.03.26 01:00,2173.92,2174.38,2167.61,2169.39
2024.03.26 02:00,2169.40,2171.57,2169.24,2170.80
2024.03.26 03:00,2170.75,2172.48,2169.61,2170.30
2024.03.26 04:00,2170.32,2172.72,2170.09,2172.31
2024.03.26 05:00,2172.27,2173.37,2171.42,2172.87
2024.03.26 06:00,2172.83,2174.06,2170.49,2171.46
2024.03.26 07:00,2171.46,2174.24,2169.62,2173.03
2024.03.26 08:00,2172.97,2179.25,2171.56,2178.28
2024.03.26 09:00,2178.35,2195.22,2178.34,2190.90
2024.03.26 10:00,2190.89,2200.05,2190.74,2197.72
2024.03.26 11:00,2197.73,2199.08,2194.99,2196.47
2024.03.26 12:00,2196.50,2197.32,2186.62,2187.87
2024.03.26 13:00,2187.95,2192.89,2178.43,2183.10
2024.03.26 14:00,2183.08,2186.28,2179.10,2179.40
2024.03.26 15:00,2179.29,2181.66,2171.67,2174.31
2024.03.26 16:00,2174.30,2178.45,2174.28,2176.79
2024.03.26 17:00,2176.80,2179.21,2175.98,2176.83
2024.03.26 18:00,2176.82,2178.60,2175.98,2177.62
2024.03.26 19:00,2177.63,2178.21,2176.53,2177.92
2024.03.26 20:00,2177.95,2178.89,2174.69,2178.81
2024.03.26 23:00,2178.44,2179.95,2178.21,2179.47
2024.03.27 00:00,2179.48,2180.22,2176.72,2177.48
2024.03.27 01:00,2177.49,2180.40,2173.42,2175.10
2024.03.27 02:00,2175.01,2177.70,2174.74,2176.00
2024.03.27 03:00,2175.95,2181.72,2175.71,2177.73
2024.03.27 04:00,2177.72,2180.08,2177.35,2178.39
2024.03.27 05:00,2178.40,2178.43,2175.70,2177.06
2024.03.27 06:00,2177.03,2180.04,2176.55,2177.64
2024.03.27 07:00,2177.60,2180.78,2176.97,2180.54
2024.03.27 08:00,2180.55,2182.67,2176.56,2177.41
2024.03.27 09:00,2177.35,2193.91,2176.52,2189.23
2024.03.27 10:00,2189.21,2194.51,2188.73,2193.79
2024.03.27 11:00,2193.78,2197.51,2187.24,2188.45
2024.03.27 12:00,2188.46,2189.34,2184.38,2186.10
2024.03.27 13:00,2186.12,2193.48,2183.50,2193.38
2024.03.27 14:00,2193.39,2195.29,2189.83,2193.49
2024.03.27 15:00,2193.46,2194.08,2188.37,2190.47
2024.03.27 16:00,2190.48,2192.79,2189.93,2192.46
2024.03.27 17:00,2192.45,2194.12,2189.07,2190.44
2024.03.27 18:00,2190.45,2192.47,2189.09,2192.44
2024.03.27 19:00,2192.49,2194.27,2190.85,2193.41
2024.03.27 20:00,2193.43,2195.21,2192.96,2194.74
2024.03.27 23:00,2192.41,2192.41,2190.67,2190.73
2024.03.28 00:00,2190.76,2190.91,2187.38,2189.09
2024.03.28 01:00,2189.11,2190.49,2187.55,2189.36
2024.03.28 02:00,2189.39,2196.11,2189.06,2194.82
2024.03.28 03:00,2194.81,2196.45,2194.07,2194.82
2024.03.28 04:00,2194.81,2196.92,2194.37,2195.61
2024.03.28 05:00,2195.61,2200.69,2194.48,2197.28
2024.03.28 06:00,2197.25,2198.93,2195.24,2198.71
2024.03.28 07:00,2198.76,2198.86,2192.68,2193.74
2024.03.28 08:00,2193.72,2197.40,2190.84,2194.81
2024.03.28 09:00,2194.73,2197.91,2192.46,2197.82
2024.03.28 10:00,2197.82,2213.75,2197.16,2212.19
2024.03.28 11:00,2212.36,2213.31,2207.21,2210.41
2024.03.28 12:00,2210.37,2216.91,2205.78,2215.67
2024.03.28 13:00,2215.67,2217.13,2202.22,2206.90
2024.03.28 14:00,2207.02,2214.99,2204.26,2214.35
2024.03.28 15:00,2214.31,2216.93,2212.20,2215.90
2024.03.28 16:00,2215.89,2225.55,2213.47,2220.34
2024.03.28 17:00,2220.39,2223.27,2216.69,2222.01
2024.03.28 18:00,2221.93,2222.42,2218.37,2220.55
2024.03.28 19:00,2220.52,2222.21,2217.94,2221.75
2024.03.28 20:00,2221.71,2236.27,2219.59,2233.68
2024.03.31 23:00,2236.99,2247.32,2235.64,2246.00
2024.04.01 00:00,2246.19,2256.40,2243.88,2250.04
2024.04.01 01:00,2250.07,2259.55,2250.07,2255.87
2024.04.01 02:00,2255.89,2258.19,2254.99,2257.34
2024.04.01 03:00,2257.33,2265.11,2256.56,2264.40
2024.04.01 04:00,2264.45,2265.68,2258.07,2260.34
2024.04.01 05:00,2260.31,2263.39,2257.90,2261.59
2024.04.01 06:00,2261.53,2262.81,2258.91,2260.22
2024.04.01 07:00,2260.22,2263.08,2256.86,2257.45
2024.04.01 08:00,2257.45,2260.16,2255.76,2257.31
2024.04.01 09:00,2257.27,2258.34,2249.36,2251.76
2024.04.01 10:00,2251.75,2253.39,2245.49,2247.81
2024.04.01 11:00,2247.86,2251.07,2246.48,2246.78
2024.04.01 12:00,2246.90,2252.65,2243.58,2252.55
2024.04.01 13:00,2252.59,2257.86,2239.29,2246.63
2024.04.01 14:00,2246.61,2246.70,2228.49,2235.92
2024.04.01 15:00,2235.93,2240.61,2233.73,2239.75
2024.04.01 16:00,2239.76,2243.40,2237.12,2238.08
2024.04.01 17:00,2238.10,2239.35,2234.73,2239.20
2024.04.01 18:00,2239.23,2241.28,2238.13,2239.35
2024.04.01 19:00,2239.41,2244.70,2239.11,2244.69
2024.04.01 20:00,2244.68,2251.57,2243.04,2251.40
2024.04.01 23:00,2253.64,2253.73,2248.55,2249.03
2024.04.02 00:00,2248.98,2253.58,2247.86,2250.36
2024.04.02 01:00,2250.36,2250.36,2246.70,2248.99
2024.04.02 02:00,2248.99,2255.05,2247.79,2254.25
2024.04.02 03:00,2254.28,2255.30,2251.28,2251.60
2024.04.02 04:00,2251.59,2259.83,2250.43,2256.64
2024.04.02 05:00,2256.59,2257.03,2252.21,2253.57
2024.04.02 06:00,2253.57,2256.08,2252.36,2255.68
2024.04.02 07:00,2255.63,2257.60,2253.20,2256.41
2024.04.02 08:00,2256.42,2262.80,2256.15,2261.11
2024.04.02 09:00,2261.09,2266.77,2259.62,2260.72
2024.04.02 10:00,2260.70,2264.70,2255.13,2262.14
2024.04.02 11:00,2262.11,2262.14,2255.98,2260.61
2024.04.02 12:00,2260.61,2261.50,2253.34,2257.59
2024.04.02 13:00,2257.56,2266.78,2254.52,2265.19
2024.04.02 14:00,2265.20,2276.99,2257.23,2260.73
2024.04.02 15:00,2260.80,2261.23,2250.75,2258.65
2024.04.02 16:00,2258.65,2261.44,2254.17,2260.32
2024.04.02 17:00,2260.32,2266.72,2259.51,2265.90
2024.04.02 18:00,2265.91,2272.81,2265.47,2271.46
2024.04.02 19:00,2271.47,2279.38,2271.05,2277.43
2024.04.02 20:00,2277.47,2281.08,2275.77,2280.82
2024.04.02 23:00,2281.85,2283.80,2277.82,2279.97
2024.04.03 00:00,2279.90,2285.85,2279.33,2283.27
2024.04.03 01:00,2283.34,2283.50,2276.73,2282.51
2024.04.03 02:00,2282.48,2284.60,2281.58,2283.42
2024.04.03 03:00,2283.60,2287.98,2283.22,2285.09
2024.04.03 04:00,2285.13,2287.05,2283.74,2283.77
2024.04.03 05:00,2283.77,2286.05,2280.89,2286.00
2024.04.03 06:00,2286.01,2286.04,2280.98,2281.98
2024.04.03 07:00,2281.93,2281.99,2270.41,2271.15
2024.04.03 08:00,2271.00,2276.13,2267.66,2273.23
2024.04.03 09:00,2273.25,2274.76,2269.68,2271.99
2024.04.03 10:00,2272.01,2273.37,2269.96,2272.75
2024.04.03 11:00,2272.73,2274.49,2268.84,2273.76
2024.04.03 12:00,2273.77,2275.20,2265.43,2274.89
2024.04.03 13:00,2274.90,2278.89,2271.70,2275.15
2024.04.03 14:00,2275.25,2285.31,2274.17,2282.80
2024.04.03 15:00,2282.81,2288.31,2280.59,2286.30
2024.04.03 16:00,2286.39,2295.24,2280.81,2293.88
2024.04.03 17:00,2293.87,2295.57,2288.89,2295.06
2024.04.03 18:00,2295.08,2297.88,2293.95,2296.44
2024.04.03 19:00,2296.41,2298.88,2294.59,2297.52
2024.04.03 20:00,2297.62,2301.07,2297.34,2300.23
2024.04.03 23:00,2301.73,2301.73,2296.35,2297.55
2024.04.04 00:00,2297.59,2302.59,2297.35,2302.24
2024.04.04 01:00,2302.34,2304.96,2297.48,2301.13
2024.04.04 02:00,2301.19,2302.12,2297.82,2299.62
2024.04.04 03:00,2299.58,2300.56,2297.68,2299.16
2024.04.04 04:00,2299.20,2300.22,2298.31,2298.86
2024.04.04 05:00,2298.83,2300.69,2295.01,2295.31
2024.04.04 06:00,2295.31,2297.38,2294.83,2295.81
2024.04.04 07:00,2295.80,2298.13,2291.82,2293.04
2024.04.04 08:00,2293.04,2294.52,2291.08,2291.62
2024.04.04 09:00,2291.63,2294.11,2290.81,2293.28
2024.04.04 10:00,2293.30,2295.08,2292.58,2294.56
2024.04.04 11:00,2294.55,2295.19,2288.82,2289.30
2024.04.04 12:00,2289.40,2289.99,2282.75,2288.17
2024.04.04 13:00,2288.18,2291.10,2284.71,2287.62
2024.04.04 14:00,2287.44,2299.40,2287.18,2295.17
2024.04.04 15:00,2295.17,2295.55,2290.29,2292.10
2024.04.04 16:00,2291.95,2293.19,2286.44,2286.80
2024.04.04 17:00,2286.82,2294.09,2286.38,2294.03
2024.04.04 18:00,2294.02,2305.57,2292.96,2304.11
2024.04.04 19:00,2304.11,2304.69,2279.73,2284.96
2024.04.04 20:00,2284.91,2291.67,2284.91,2290.77
2024.04.04 23:00,2289.72,2291.19,2288.73,2288.77
2024.04.05 00:00,2288.92,2290.34,2282.87,2283.13
2024.04.05 01:00,2283.13,2284.13,2267.78,2271.85
2024.04.05 02:00,2271.75,2274.77,2270.93,2273.85
2024.04.05 03:00,2273.83,2279.39,2273.58,2276.71
2024.04.05 04:00,2276.79,2279.85,2276.60,2278.08
2024.04.05 05:00,2278.03,2282.36,2277.43,2279.81
2024.04.05 06:00,2279.80,2283.17,2276.59,2279.14
2024.04.05 07:00,2279.16,2290.58,2279.10,2289.17
2024.04.05 08:00,2289.14,2291.77,2284.85,2288.10
2024.04.05 09:00,2288.12,2293.57,2286.71,2291.04
2024.04.05 10:00,2291.07,2296.12,2290.77,2293.96
2024.04.05 11:00,2293.93,2294.64,2289.81,2291.16
2024.04.05 12:00,2291.15,2296.13,2280.40,2290.86
2024.04.05 13:00,2290.88,2303.66,2287.02,2299.79
2024.04.05 14:00,2299.76,2324.78,2295.86,2317.57
2024.04.05 15:00,2317.57,2328.44,2315.30,2326.24
2024.04.05 16:00,2326.26,2329.47,2322.16,2327.19
2024.04.05 17:00,2327.22,2330.47,2324.55,2326.21
2024.04.05 18:00,2326.25,2328.39,2323.57,2325.29
2024.04.05 19:00,2325.30,2325.35,2320.63,2323.22
2024.04.05 20:00,2323.30,2329.97,2322.84,2329.36
2024.04.07 23:00,2307.64,2314.48,2306.11,2311.26
2024.04.08 00:00,2311.32,2312.02,2306.08,2306.19
2024.04.08 01:00,2306.17,2325.13,2302.91,2324.36
2024.04.08 02:00,2324.30,2354.12,2321.70,2348.17
2024.04.08 03:00,2348.15,2349.94,2340.99,2345.61
2024.04.08 04:00,2345.63,2345.70,2340.00,2342.15
2024.04.08 05:00,2342.16,2343.69,2331.92,2334.65
2024.04.08 06:00,2334.76,2341.40,2331.82,2336.22
2024.04.08 07:00,2336.23,2338.92,2333.77,2337.76
2024.04.08 08:00,2337.78,2341.46,2333.37,2336.28
2024.04.08 09:00,2336.31,2337.85,2334.15,2337.52
2024.04.08 10:00,2337.56,2343.54,2335.15,2340.06
2024.04.08 11:00,2340.12,2342.48,2336.53,2337.38
2024.04.08 12:00,2337.30,2338.03,2322.66,2329.03
2024.04.08 13:00,2329.05,2335.70,2325.57,2327.38
2024.04.08 14:00,2327.43,2329.32,2318.69,2328.88
2024.04.08 15:00,2328.88,2331.66,2325.66,2327.91
2024.04.08 16:00,2327.92,2330.25,2326.06,2328.53
2024.04.08 17:00,2328.60,2339.20,2327.60,2337.94
2024.04.08 18:00,2338.05,2342.06,2337.00,2338.94
2024.04.08 19:00,2338.94,2340.63,2337.13,2338.41
2024.04.08 20:00,2338.42,2339.42,2337.96,2338.76
2024.04.08 23:00,2338.78,2340.46,2337.71,2338.81
2024.04.09 00:00,2338.81,2341.73,2338.60,2340.93
2024.04.09 01:00,2340.91,2348.49,2337.83,2340.00
2024.04.09 02:00,2339.91,2345.80,2338.49,2345.22
2024.04.09 03:00,2345.22,2346.56,2343.17,2343.99
2024.04.09 04:00,2344.00,2346.19,2343.09,2344.23
2024.04.09 05:00,2344.26,2347.98,2344.00,2345.09
2024.04.09 06:00,2345.14,2346.84,2343.11,2344.48
2024.04.09 07:00,2344.40,2356.92,2344.37,2353.94
2024.04.09 08:00,2354.01,2359.24,2351.42,2357.61
2024.04.09 09:00,2357.68,2365.30,2357.23,2363.23
2024.04.09 10:00,2363.24,2364.21,2355.88,2356.48
2024.04.09 11:00,2356.43,2356.65,2349.62,2354.53
2024.04.09 12:00,2354.55,2357.34,2345.71,2349.43
2024.04.09 13:00,2349.40,2361.03,2348.14,2355.45
2024.04.09 14:00,2355.29,2364.26,2345.21,2352.81
2024.04.09 15:00,2352.82,2353.63,2338.29,2340.35
2024.04.09 16:00,2340.38,2347.13,2340.08,2345.01
2024.04.09 17:00,2345.01,2349.75,2341.95,2347.36
2024.04.09 18:00,2347.37,2350.03,2345.58,2349.66
2024.04.09 19:00,2349.64,2351.56,2345.32,2351.19
2024.04.09 20:00,2351.15,2354.58,2350.71,2352.77
2024.04.09 23:00,2352.36,2355.30,2351.62,2354.94
2024.04.10 00:00,2354.84,2355.60,2350.99,2351.67
2024.04.10 01:00,2351.74,2352.02,2344.78,2349.41
2024.04.10 02:00,2349.42,2354.31,2348.98,2352.21
2024.04.10 03:00,2352.21,2353.54,2350.67,2351.36
2024.04.10 04:00,2351.34,2356.85,2350.91,2356.26
2024.04.10 05:00,2356.29,2360.13,2355.79,2357.46
2024.04.10 06:00,2357.63,2359.96,2353.90,2356.17
2024.04.10 07:00,2356.14,2357.78,2352.54,2353.09
2024.04.10 08:00,2353.25,2355.93,2352.41,2354.55
2024.04.10 09:00,2354.56,2354.83,2344.93,2347.64
2024.04.10 10:00,2347.60,2350.20,2345.21,2347.47
2024.04.10 11:00,2347.44,2349.42,2344.74,2347.04
2024.04.10 12:00,2347.05,2350.80,2327.87,2338.46
2024.04.10 13:00,2338.47,2339.63,2319.37,2333.95
2024.04.10 14:00,2333.96,2352.37,2332.30,2346.29
2024.04.10 15:00,2346.29,2347.71,2330.03,2337.07
2024.04.10 16:00,2336.93,2340.81,2335.83,2337.23
2024.04.10 17:00,2337.24,2345.22,2325.83,2337.78
2024.04.10 18:00,2337.78,2340.99,2326.22,2327.51
2024.04.10 19:00,2327.51,2330.99,2327.22,2329.96
2024.04.10 20:00,2329.98,2334.19,2329.77,2333.88
2024.04.10 23:00,2336.02,2337.28,2334.19,2335.56
2024.04.11 00:00,2335.62,2335.99,2333.36,2335.26
2024.04.11 01:00,2335.21,2342.28,2334.08,2340.67
2024.04.11 02:00,2340.67,2345.86,2339.52,2343.91
2024.04.11 03:00,2343.91,2346.90,2343.00,2343.99
2024.04.11 04:00,2344.00,2346.09,2341.52,2342.95
2024.04.11 05:00,2342.98,2344.59,2338.90,2341.94
2024.04.11 06:00,2341.90,2342.18,2333.86,2336.00
2024.04.11 07:00,2336.02,2340.71,2335.23,2336.43
2024.04.11 08:00,2336.44,2337.93,2325.65,2327.99
2024.04.11 09:00,2327.99,2335.29,2327.97,2330.84
2024.04.11 10:00,2330.81,2339.24,2330.73,2338.55
2024.04.11 11:00,2338.58,2339.65,2335.60,2337.25
2024.04.11 12:00,2337.28,2344.36,2331.74,2341.37
2024.04.11 13:00,2341.34,2347.45,2336.94,2343.32
2024.04.11 14:00,2343.32,2346.87,2332.35,2339.00
2024.04.11 15:00,2338.99,2345.55,2337.64,2344.75
2024.04.11 16:00,2344.78,2350.81,2342.73,2349.85
2024.04.11 17:00,2349.87,2357.29,2348.03,2356.26
2024.04.11 18:00,2356.27,2365.06,2355.71,2361.51
2024.04.11 19:00,2361.50,2374.63,2361.49,2372.82
2024.04.11 20:00,2372.83,2377.67,2371.40,2372.74
2024.04.11 23:00,2374.03,2377.12,2373.96,2376.86
2024.04.12 00:00,2377.07,2379.18,2374.61,2378.75
2024.04.12 01:00,2378.76,2391.44,2378.76,2390.80
2024.04.12 02:00,2390.82,2395.42,2387.95,2390.51
2024.04.12 03:00,2390.53,2391.19,2383.01,2384.23
2024.04.12 04:00,2384.21,2387.08,2382.76,2384.20
2024.04.12 05:00,2384.20,2390.09,2383.41,2387.47
2024.04.12 06:00,2387.44,2395.23,2384.66,2395.10
2024.04.12 07:00,2395.11,2400.33,2392.79,2399.94
2024.04.12 08:00,2399.96,2400.63,2394.15,2396.73
2024.04.12 09:00,2396.75,2400.23,2393.35,2398.19
2024.04.12 10:00,2398.20,2400.41,2395.92,2398.12
2024.04.12 11:00,2398.14,2398.14,2390.40,2395.39
2024.04.12 12:00,2395.40,2397.61,2391.59,2395.84
2024.04.12 13:00,2395.85,2406.56,2393.42,2404.19
2024.04.12 14:00,2404.20,2429.10,2400.30,2426.61
2024.04.12 15:00,2426.60,2431.45,2382.16,2395.56
2024.04.12 16:00,2395.56,2395.56,2360.84,2369.24
2024.04.12 17:00,2369.25,2372.99,2346.37,2355.23
2024.04.12 18:00,2355.16,2356.65,2335.43,2338.77
2024.04.12 19:00,2338.76,2345.36,2333.81,2343.30
2024.04.12 20:00,2343.33,2345.13,2341.77,2343.76
2024.04.14 23:00,2356.86,2365.47,2355.16,2364.70
2024.04.15 00:00,2364.72,2365.93,2350.50,2353.32
2024.04.15 01:00,2353.41,2359.79,2348.44,2355.64
2024.04.15 02:00,2355.69,2364.71,2353.62,2359.63
2024.04.15 03:00,2359.63,2360.39,2354.74,2358.56
2024.04.15 04:00,2358.51,2358.69,2355.65,2356.64
2024.04.15 05:00,2356.63,2362.45,2352.05,2361.16
2024.04.15 06:00,2361.11,2361.49,2353.12,2354.87
2024.04.15 07:00,2354.86,2356.41,2350.02,2353.11
2024.04.15 08:00,2353.11,2356.06,2344.72,2351.62
2024.04.15 09:00,2351.61,2353.51,2346.35,2349.68
2024.04.15 10:00,2349.68,2356.98,2349.27,2356.78
2024.04.15 11:00,2356.71,2361.26,2355.55,2358.05
2024.04.15 12:00,2358.06,2359.29,2350.85,2357.35
2024.04.15 13:00,2357.35,2361.02,2343.18,2348.76
2024.04.15 14:00,2348.56,2352.40,2324.24,2349.43
2024.04.15 15:00,2349.42,2352.53,2342.56,2351.68
2024.04.15 16:00,2351.65,2360.03,2346.21,2357.18
2024.04.15 17:00,2357.17,2370.64,2354.12,2365.49
2024.04.15 18:00,2365.47,2378.13,2363.69,2376.00
2024.04.15 19:00,2375.98,2387.54,2374.04,2386.39
2024.04.15 20:00,2386.39,2386.75,2380.07,2383.09
2024.04.15 23:00,2384.39,2387.30,2381.07,2381.98
2024.04.16 00:00,2381.90,2387.58,2380.19,2383.48
2024.04.16 01:00,2383.47,2386.94,2379.28,2383.67
2024.04.16 02:00,2383.66,2387.94,2379.52,2386.14
2024.04.16 03:00,2386.15,2389.32,2384.42,2387.95
2024.04.16 04:00,2387.96,2388.32,2384.07,2386.11
2024.04.16 05:00,2386.16,2389.05,2384.94,2386.34
2024.04.16 06:00,2386.25,2388.12,2368.67,2372.96
2024.04.16 07:00,2372.88,2375.22,2362.99,2365.50
2024.04.16 08:00,2365.55,2371.91,2365.13,2369.46
2024.04.16 09:00,2369.48,2373.20,2367.55,2372.31
2024.04.16 10:00,2372.32,2375.31,2368.66,2370.13
2024.04.16 11:00,2370.19,2375.25,2369.68,2374.04
2024.04.16 12:00,2374.05,2378.23,2368.52,2376.22
2024.04.16 13:00,2376.31,2379.24,2365.29,2366.29
2024.04.16 14:00,2366.30,2383.34,2363.51,2383.02
2024.04.16 15:00,2382.94,2392.97,2377.94,2386.06
2024.04.16 16:00,2386.08,2398.27,2385.55,2397.52
2024.04.16 17:00,2397.53,2397.65,2379.79,2384.72
2024.04.16 18:00,2384.71,2396.42,2383.57,2392.34
2024.04.16 19:00,2392.33,2395.20,2389.08,2389.72
2024.04.16 20:00,2389.70,2390.33,2378.38,2382.81
2024.04.16 23:00,2384.93,2386.87,2382.46,2382.70
2024.04.17 00:00,2382.72,2384.69,2380.75,2384.42
2024.04.17 01:00,2384.44,2385.56,2381.35,2384.67
2024.04.17 02:00,2384.67,2386.25,2382.31,2382.36
2024.04.17 03:00,2382.31,2383.72,2380.74,2381.75
2024.04.17 04:00,2381.70,2383.05,2380.31,2381.97
2024.04.17 05:00,2381.97,2382.08,2374.20,2377.59
2024.04.17 06:00,2377.56,2381.54,2372.72,2381.06
2024.04.17 07:00,2381.04,2383.26,2377.92,2382.53
2024.04.17 08:00,2382.52,2393.62,2382.52,2392.96
2024.04.17 09:00,2392.94,2394.31,2389.83,2392.16
2024.04.17 10:00,2392.19,2393.83,2385.01,2386.67
2024.04.17 11:00,2386.65,2390.31,2385.83,2387.35
2024.04.17 12:00,2387.37,2388.06,2378.32,2383.30
2024.04.17 13:00,2383.28,2395.13,2382.99,2393.31
2024.04.17 14:00,2393.32,2395.57,2386.07,2390.46
2024.04.17 15:00,2390.51,2393.62,2381.95,2382.16
2024.04.17 16:00,2382.15,2384.41,2361.04,2372.39
2024.04.17 17:00,2372.39,2375.98,2368.12,2372.15
2024.04.17 18:00,2372.24,2379.14,2371.84,2374.37
2024.04.17 19:00,2374.36,2375.11,2367.83,2372.66
2024.04.17 20:00,2372.66,2373.29,2352.91,2360.86
2024.04.17 23:00,2365.26,2368.18,2363.72,2367.93
2024.04.18 00:00,2367.95,2370.10,2366.97,2369.79
2024.04.18 01:00,2369.81,2372.04,2364.08,2367.29
2024.04.18 02:00,2367.31,2374.91,2366.72,2373.10
2024.04.18 03:00,2373.11,2375.35,2372.40,2374.85
2024.04.18 04:00,2374.84,2376.51,2373.15,2375.07
2024.04.18 05:00,2375.10,2377.15,2373.79,2376.78
2024.04.18 06:00,2376.78,2380.94,2376.31,2380.63
2024.04.18 07:00,2380.62,2381.00,2374.99,2377.86
2024.04.18 08:00,2377.88,2380.76,2377.43,2379.97
2024.04.18 09:00,2380.00,2380.81,2377.79,2379.61
2024.04.18 10:00,2379.56,2384.09,2377.27,2383.07
2024.04.18 11:00,2383.06,2385.38,2379.09,2380.96
2024.04.18 12:00,2380.97,2387.46,2380.65,2385.46
2024.04.18 13:00,2385.46,2392.78,2375.49,2379.57
2024.04.18 14:00,2379.56,2384.93,2369.59,2379.94
2024.04.18 15:00,2379.95,2385.42,2378.55,2384.10
2024.04.18 16:00,2384.09,2388.78,2381.53,2387.98
2024.04.18 17:00,2387.99,2389.31,2382.22,2384.84
2024.04.18 18:00,2384.82,2384.82,2379.58,2381.55
2024.04.18 19:00,2381.60,2385.12,2378.14,2380.14
2024.04.18 20:00,2380.15,2380.50,2376.93,2379.29
2024.04.18 23:00,2379.23,2381.46,2379.11,2379.88
2024.04.19 00:00,2379.87,2379.87,2373.77,2379.48
2024.04.19 01:00,2379.47,2417.92,2378.79,2409.36
2024.04.19 02:00,2409.42,2414.82,2395.48,2400.44
2024.04.19 03:00,2400.45,2402.56,2382.90,2391.36
2024.04.19 04:00,2391.35,2391.41,2379.36,2383.56
2024.04.19 05:00,2383.61,2384.39,2380.27,2381.34
2024.04.19 06:00,2381.35,2391.88,2378.66,2390.03
2024.04.19 07:00,2390.06,2393.86,2384.65,2385.36
2024.04.19 08:00,2385.35,2386.34,2378.00,2384.22
2024.04.19 09:00,2384.21,2386.10,2379.92,2381.03
2024.04.19 10:00,2381.04,2383.15,2379.34,2381.08
2024.04.19 11:00,2381.08,2381.28,2372.88,2376.80
2024.04.19 12:00,2376.81,2384.45,2374.51,2381.50
2024.04.19 13:00,2381.50,2386.83,2373.06,2378.66
2024.04.19 14:00,2378.67,2391.96,2378.60,2391.16
2024.04.19 15:00,2391.16,2396.04,2389.23,2394.85
2024.04.19 16:00,2394.83,2399.67,2389.81,2399.65
2024.04.19 17:00,2399.65,2401.93,2392.37,2393.65
2024.04.19 18:00,2393.71,2398.15,2392.77,2398.15
2024.04.19 19:00,2398.14,2398.24,2386.65,2387.58
2024.04.19 20:00,2387.57,2392.03,2386.69,2392.03
2024.04.21 23:00,2383.88,2387.87,2383.02,2386.53
2024.04.22 00:00,2386.53,2386.54,2381.13,2382.20
2024.04.22 01:00,2382.13,2384.27,2376.06,2378.07
2024.04.22 02:00,2378.06,2378.10,2372.19,2372.69
2024.04.22 03:00,2372.68,2372.68,2362.08,2369.36
2024.04.22 04:00,2369.45,2372.90,2368.72,2369.68
2024.04.22 05:00,2370.02,2370.50,2360.90,2365.50
2024.04.22 06:00,2365.34,2367.01,2351.50,2355.82
2024.04.22 07:00,2355.73,2361.07,2355.02,2361.00
2024.04.22 08:00,2360.99,2363.03,2357.90,2359.55
2024.04.22 09:00,2359.51,2363.65,2359.10,2361.29
2024.04.22 10:00,2361.22,2361.47,2356.14,2357.65
2024.04.22 11:00,2357.58,2357.58,2339.46,2342.13
2024.04.22 12:00,2342.14,2350.33,2333.05,2336.87
2024.04.22 13:00,2336.89,2343.72,2331.17,2338.55
2024.04.22 14:00,2338.45,2343.79,2333.09,2341.27
2024.04.22 15:00,2341.28,2341.81,2332.73,2334.71
2024.04.22 16:00,2334.74,2336.43,2328.96,2329.84
2024.04.22 17:00,2329.85,2334.81,2329.59,2330.04
2024.04.22 18:00,2330.11,2331.00,2324.84,2327.63
2024.04.22 19:00,2327.65,2331.68,2327.39,2329.28
2024.04.22 20:00,2329.29,2330.22,2325.27,2326.85
2024.04.22 23:00,2330.52,2333.93,2328.16,2333.81
2024.04.23 00:00,2333.69,2333.83,2330.16,2332.66
2024.04.23 01:00,2332.61,2334.42,2295.58,2298.85
2024.04.23 02:00,2298.89,2314.29,2298.31,2301.86
2024.04.23 03:00,2301.84,2307.22,2300.96,2302.55
2024.04.23 04:00,2302.63,2308.08,2301.77,2305.57
2024.04.23 05:00,2305.39,2314.74,2304.37,2308.29
2024.04.23 06:00,2308.29,2310.01,2298.88,2301.97
2024.04.23 07:00,2301.91,2311.24,2301.24,2309.07
2024.04.23 08:00,2309.16,2309.70,2301.90,2303.29
2024.04.23 09:00,2303.30,2303.40,2291.36,2295.70
2024.04.23 10:00,2295.68,2306.04,2295.49,2303.29
2024.04.23 11:00,2303.06,2303.24,2299.79,2302.14
2024.04.23 12:00,2302.17,2313.61,2301.26,2311.83
2024.04.23 13:00,2311.86,2330.76,2309.59,2329.56
2024.04.23 14:00,2329.55,2332.10,2314.54,2320.34
2024.04.23 15:00,2320.39,2324.51,2315.23,2323.23
2024.04.23 16:00,2323.25,2331.17,2321.79,2330.33
2024.04.23 17:00,2330.30,2331.32,2325.12,2326.34
2024.04.23 18:00,2326.37,2329.75,2323.62,2324.27
2024.04.23 19:00,2324.28,2325.09,2321.31,2322.29
2024.04.23 20:00,2322.74,2323.28,2321.40,2321.60
2024.04.23 23:00,2321.97,2324.31,2321.91,2323.29
2024.04.24 00:00,2323.31,2323.53,2320.75,2320.92
2024.04.24 01:00,2320.92,2323.13,2316.21,2318.30
2024.04.24 02:00,2318.29,2322.20,2315.81,2321.66
2024.04.24 03:00,2321.67,2328.16,2320.93,2327.95
2024.04.24 04:00,2327.96,2330.12,2325.20,2326.67
2024.04.24 05:00,2326.64,2329.91,2324.55,2328.86
2024.04.24 06:00,2328.87,2331.23,2324.27,2326.84
2024.04.24 07:00,2326.83,2326.83,2320.71,2320.71
2024.04.24 08:00,2320.62,2321.92,2316.15,2319.18
2024.04.24 09:00,2319.19,2319.40,2311.80,2315.06
2024.04.24 10:00,2315.08,2318.49,2314.40,2316.79
2024.04.24 11:00,2316.77,2316.98,2313.23,2316.17
2024.04.24 12:00,2316.17,2323.47,2312.14,2323.30
2024.04.24 13:00,2323.26,2325.97,2316.38,2321.30
2024.04.24 14:00,2321.34,2330.41,2316.88,2329.66
2024.04.24 15:00,2329.72,2337.24,2322.64,2322.64
2024.04.24 16:00,2322.47,2326.37,2321.87,2325.04
2024.04.24 17:00,2325.11,2330.55,2321.91,2324.46
2024.04.24 18:00,2324.46,2324.68,2318.66,2320.47
2024.04.24 19:00,2320.48,2322.46,2317.80,2319.00
2024.04.24 20:00,2319.15,2319.62,2313.78,2315.80
2024.04.24 23:00,2317.98,2318.28,2315.46,2316.26
2024.04.25 00:00,2316.35,2319.40,2315.52,2319.21
2024.04.25 01:00,2319.14,2320.69,2316.01,2319.22
2024.04.25 02:00,2319.21,2322.04,2318.90,2319.85
2024.04.25 03:00,2319.85,2320.69,2305.15,2313.23
2024.04.25 04:00,2313.26,2315.82,2312.36,2315.32
2024.04.25 05:00,2315.46,2320.73,2314.46,2319.60
2024.04.25 06:00,2319.51,2323.45,2317.78,2322.76
2024.04.25 07:00,2322.71,2326.13,2320.28,2325.70
2024.04.25 08:00,2325.68,2328.87,2324.93,2326.88
2024.04.25 09:00,2326.86,2327.64,2324.16,2324.96
2024.04.25 10:00,2324.95,2328.67,2324.29,2328.16
2024.04.25 11:00,2328.07,2330.57,2326.73,2328.56
2024.04.25 12:00,2328.56,2334.65,2323.36,2330.69
2024.04.25 13:00,2330.85,2331.18,2312.80,2319.08
2024.04.25 14:00,2319.15,2344.81,2317.03,2334.02
2024.04.25 15:00,2333.92,2336.72,2327.22,2330.40
2024.04.25 16:00,2330.48,2332.40,2323.09,2328.72
2024.04.25 17:00,2328.73,2332.26,2326.30,2332.23
2024.04.25 18:00,2332.25,2334.98,2330.64,2333.09
2024.04.25 19:00,2332.93,2336.45,2331.58,2332.89
2024.04.25 20:00,2332.93,2333.73,2330.95,2332.33
2024.04.25 23:00,2332.59,2332.66,2330.13,2330.65
2024.04.26 00:00,2330.66,2331.40,2328.73,2329.92
2024.04.26 01:00,2329.92,2333.18,2326.34,2332.13
2024.04.26 02:00,2331.94,2336.24,2331.15,2333.89
2024.04.26 03:00,2333.92,2334.83,2332.18,2334.66
2024.04.26 04:00,2334.74,2338.05,2333.59,2335.96
2024.04.26 05:00,2335.98,2338.56,2333.99,2337.82
2024.04.26 06:00,2337.93,2343.14,2337.39,2340.97
2024.04.26 07:00,2340.78,2346.88,2338.15,2345.60
2024.04.26 08:00,2345.59,2350.15,2344.06,2347.03
2024.04.26 09:00,2347.12,2352.50,2346.83,2349.37
2024.04.26 10:00,2349.40,2350.39,2345.81,2348.05
2024.04.26 11:00,2347.99,2348.53,2343.45,2344.91
2024.04.26 12:00,2344.88,2351.61,2340.61,2344.79
2024.04.26 13:00,2344.81,2350.38,2336.90,2341.50
2024.04.26 14:00,2341.51,2345.26,2328.69,2333.55
2024.04.26 15:00,2333.55,2337.71,2331.26,2336.75
2024.04.26 16:00,2336.78,2339.00,2333.05,2333.64
2024.04.26 17:00,2333.60,2340.35,2332.69,2338.56
2024.04.26 18:00,2338.54,2341.36,2337.76,2340.89
2024.04.26 19:00,2340.89,2340.90,2336.13,2340.02
2024.04.26 20:00,2340.06,2340.06,2336.51,2337.95
2024.04.28 23:00,2334.79,2336.84,2334.36,2335.94
2024.04.29 00:00,2335.87,2336.26,2330.70,2332.12
2024.04.29 01:00,2332.09,2332.09,2319.87,2331.01
2024.04.29 02:00,2331.01,2331.52,2324.06,2324.24
2024.04.29 03:00,2324.19,2329.39,2323.58,2328.43
2024.04.29 04:00,2328.31,2333.26,2327.34,2332.66
2024.04.29 05:00,2332.59,2336.52,2329.40,2330.48
2024.04.29 06:00,2330.62,2333.61,2327.48,2329.22
2024.04.29 07:00,2329.25,2337.88,2329.13,2337.33
2024.04.29 08:00,2337.21,2341.25,2336.17,2338.09
2024.04.29 09:00,2338.13,2344.32,2336.70,2343.20
2024.04.29 10:00,2343.21,2344.12,2340.02,2341.23
2024.04.29 11:00,2341.13,2342.98,2335.36,2337.01
2024.04.29 12:00,2337.08,2337.54,2328.30,2331.99
2024.04.29 13:00,2331.97,2336.58,2325.60,2334.05
2024.04.29 14:00,2334.16,2339.52,2333.98,2337.81
2024.04.29 15:00,2337.82,2338.93,2332.76,2338.01
2024.04.29 16:00,2337.78,2346.70,2337.65,2342.74
2024.04.29 17:00,2342.93,2346.64,2339.79,2342.18
2024.04.29 18:00,2342.18,2343.79,2337.74,2341.33
2024.04.29 19:00,2341.26,2341.26,2333.00,2335.69
2024.04.29 20:00,2335.71,2337.19,2335.20,2335.56
2024.04.29 23:00,2334.99,2335.09,2332.89,2333.16
2024.04.30 00:00,2333.17,2334.74,2331.72,2334.04
2024.04.30 01:00,2334.06,2336.17,2332.48,2334.06
2024.04.30 02:00,2334.05,2334.47,2326.85,2331.31
2024.04.30 03:00,2331.30,2331.68,2328.58,2329.22
2024.04.30 04:00,2329.26,2329.50,2324.98,2326.42
2024.04.30 05:00,2326.45,2326.95,2321.76,2322.95
2024.04.30 06:00,2322.96,2323.51,2318.82,2322.45
2024.04.30 07:00,2322.45,2322.63,2315.33,2317.51
2024.04.30 08:00,2317.52,2318.44,2310.67,2312.88
2024.04.30 09:00,2312.89,2317.36,2312.29,2314.86
2024.04.30 10:00,2314.84,2318.01,2314.29,2315.51
2024.04.30 11:00,2315.50,2315.56,2309.53,2312.71
2024.04.30 12:00,2312.71,2313.45,2304.68,2306.08
2024.04.30 13:00,2306.06,2313.29,2302.85,2307.77
2024.04.30 14:00,2307.76,2310.78,2293.24,2293.24
2024.04.30 15:00,2293.46,2300.54,2293.22,2295.92
2024.04.30 16:00,2295.94,2299.31,2294.49,2294.70
2024.04.30 17:00,2294.70,2297.28,2291.55,2296.00
2024.04.30 18:00,2295.94,2297.52,2290.00,2290.12
2024.04.30 19:00,2290.12,2294.87,2289.35,2290.83
2024.04.30 20:00,2290.70,2293.49,2285.15,2285.86
2024.04.30 23:00,2291.45,2293.26,2289.98,2291.35
2024.05.01 00:00,2291.34,2292.89,2286.63,2286.87
2024.05.01 01:00,2286.80,2289.46,2285.99,2288.02
2024.05.01 02:00,2288.01,2288.65,2286.78,2288.00
2024.05.01 03:00,2288.00,2288.38,2283.31,2284.16
2024.05.01 04:00,2284.10,2285.46,2281.64,2283.21
2024.05.01 05:00,2283.21,2288.44,2282.55,2287.47
2024.05.01 06:00,2287.37,2289.74,2286.46,2286.88
2024.05.01 07:00,2286.88,2287.99,2283.48,2285.87
2024.05.01 08:00,2285.87,2286.78,2283.79,2286.30
2024.05.01 09:00,2286.30,2293.09,2285.78,2291.96
2024.05.01 10:00,2292.03,2294.23,2289.15,2293.17
2024.05.01 11:00,2293.14,2297.10,2291.41,2294.59
2024.05.01 12:00,2294.47,2299.99,2294.23,2298.30
2024.05.01 13:00,2298.27,2303.49,2295.22,2302.46
2024.05.01 14:00,2304.52,2310.47,2297.46,2304.52
2024.05.01 15:00,2304.55,2310.43,2302.57,2307.27
2024.05.01 16:00,2307.37,2307.37,2301.91,2303.75
2024.05.01 17:00,2303.73,2305.04,2297.61,2299.36
2024.05.01 18:00,2296.31,2328.29,2295.91,2325.25
2024.05.01 19:00,2325.20,2327.88,2309.81,2309.83
2024.05.01 20:00,2309.81,2320.56,2307.06,2319.43
2024.05.01 23:00,2320.92,2324.81,2320.77,2323.75
2024.05.02 00:00,2323.75,2326.00,2322.94,2324.41
2024.05.02 01:00,2324.33,2326.42,2321.81,2324.13
2024.05.02 02:00,2324.12,2325.57,2318.78,2320.21
2024.05.02 03:00,2320.17,2320.62,2317.40,2319.51
2024.05.02 04:00,2319.60,2320.98,2318.07,2318.16
2024.05.02 05:00,2318.16,2318.36,2312.99,2314.99
2024.05.02 06:00,2314.98,2319.07,2312.55,2313.63
2024.05.02 07:00,2313.49,2315.07,2308.17,2309.26
2024.05.02 08:00,2309.37,2311.08,2303.08,2304.04
2024.05.02 09:00,2304.04,2305.38,2298.79,2301.87
2024.05.02 10:00,2301.86,2301.90,2295.15,2299.33
2024.05.02 11:00,2299.44,2302.89,2297.55,2299.01
2024.05.02 12:00,2299.00,2304.46,2293.56,2294.47
2024.05.02 13:00,2294.49,2295.79,2285.52,2291.49
2024.05.02 14:00,2291.78,2304.87,2287.67,2304.03
2024.05.02 15:00,2304.02,2306.96,2297.34,2299.96
2024.05.02 16:00,2299.99,2303.80,2297.96,2299.63
2024.05.02 17:00,2299.63,2308.50,2299.31,2308.09
2024.05.02 18:00,2308.09,2309.42,2305.11,2308.07
2024.05.02 19:00,2307.99,2308.07,2301.56,2302.89
2024.05.02 20:00,2303.60,2303.99,2300.66,2303.61
2024.05.02 23:00,2304.04,2304.59,2302.43,2304.24
2024.05.03 00:00,2304.25,2304.86,2300.36,2304.00
2024.05.03 01:00,2304.00,2306.37,2301.88,2302.63
2024.05.03 02:00,2302.53,2303.02,2299.95,2301.09
2024.05.03 03:00,2301.07,2302.46,2300.55,2302.46
2024.05.03 04:00,2302.58,2308.01,2302.11,2307.40
2024.05.03 05:00,2307.40,2308.74,2305.81,2306.03
2024.05.03 06:00,2306.08,2306.35,2298.33,2298.47
2024.05.03 07:00,2298.46,2301.44,2297.79,2299.26
2024.05.03 08:00,2299.16,2302.64,2298.42,2301.39
2024.05.03 09:00,2301.35,2303.14,2299.46,2301.54
2024.05.03 10:00,2301.54,2301.69,2297.93,2299.10
2024.05.03 11:00,2299.16,2299.82,2296.38,2298.27
2024.05.03 12:00,2298.26,2320.53,2294.62,2304.74
2024.05.03 13:00,2304.76,2308.89,2277.32,2289.04
2024.05.03 14:00,2297.82,2300.86,2283.30,2291.18
2024.05.03 15:00,2291.18,2299.00,2289.72,2293.73
2024.05.03 16:00,2293.72,2300.20,2292.91,2299.25
2024.05.03 17:00,2299.26,2303.11,2296.43,2302.04
2024.05.03 18:00,2302.06,2302.95,2297.40,2299.30
2024.05.03 19:00,2299.29,2301.43,2296.06,2301.39
2024.05.03 20:00,2301.48,2303.44,2300.76,2301.45
2024.05.05 23:00,2301.83,2302.83,2293.35,2293.93
2024.05.06 00:00,2293.89,2297.94,2291.89,2296.04
2024.05.06 01:00,2296.04,2309.09,2296.04,2308.40
2024.05.06 02:00,2308.46,2315.35,2307.63,2311.16
2024.05.06 03:00,2311.25,2312.00,2308.37,2309.31
2024.05.06 04:00,2309.34,2311.72,2308.15,2309.24
2024.05.06 05:00,2309.23,2313.92,2308.72,2313.44
2024.05.06 06:00,2313.50,2314.81,2311.75,2314.16
2024.05.06 07:00,2314.17,2324.20,2312.38,2322.80
2024.05.06 08:00,2322.83,2323.08,2317.34,2318.26
2024.05.06 09:00,2318.32,2322.04,2315.62,2321.16
2024.05.06 10:00,2321.16,2322.05,2318.74,2319.41
2024.05.06 11:00,2319.41,2322.49,2315.98,2318.26
2024.05.06 12:00,2318.13,2330.23,2314.58,2323.30
2024.05.06 13:00,2323.20,2331.98,2321.61,2328.00
2024.05.06 14:00,2327.93,2330.63,2319.03,2321.15
2024.05.06 15:00,2321.08,2325.53,2319.58,2324.93
2024.05.06 16:00,2324.89,2327.43,2317.61,2325.64
2024.05.06 17:00,2325.57,2326.24,2321.05,2324.68
2024.05.06 18:00,2324.68,2326.52,2324.37,2326.31
2024.05.06 19:00,2326.31,2327.11,2323.60,2325.02
2024.05.06 20:00,2324.92,2328.85,2323.58,2323.67
2024.05.06 23:00,2326.80,2326.98,2322.21,2326.03
2024.05.07 00:00,2326.20,2329.50,2325.57,2329.25
2024.05.07 01:00,2329.26,2329.90,2322.49,2322.81
2024.05.07 02:00,2322.81,2324.34,2319.64,2321.55
2024.05.07 03:00,2321.54,2325.13,2321.22,2324.97
2024.05.07 04:00,2324.98,2325.15,2321.36,2322.69
2024.05.07 05:00,2322.69,2323.36,2320.27,2321.59
2024.05.07 06:00,2321.59,2321.59,2318.35,2320.45
2024.05.07 07:00,2320.50,2321.88,2317.77,2319.35
2024.05.07 08:00,2319.33,2319.89,2311.74,2315.73
2024.05.07 09:00,2315.69,2317.19,2312.71,2313.74
2024.05.07 10:00,2313.74,2315.88,2312.16,2315.41
2024.05.07 11:00,2315.42,2316.53,2312.15,2312.31
2024.05.07 12:00,2312.34,2317.39,2309.98,2316.05
2024.05.07 13:00,2316.01,2323.67,2315.36,2318.41
2024.05.07 14:00,2318.49,2322.46,2312.46,2314.10
2024.05.07 15:00,2314.14,2319.14,2312.78,2314.80
2024.05.07 16:00,2315.07,2316.16,2312.44,2312.51
2024.05.07 17:00,2312.61,2317.46,2311.07,2314.32
2024.05.07 18:00,2314.09,2315.36,2313.08,2314.52
2024.05.07 19:00,2314.60,2315.59,2311.84,2314.70
2024.05.07 20:00,2314.70,2315.58,2312.81,2313.77
2024.05.07 23:00,2314.53,2316.29,2314.21,2315.15
2024.05.08 00:00,2315.23,2316.30,2313.89,2314.19
2024.05.08 01:00,2314.19,2314.40,2307.00,2307.80
2024.05.08 02:00,2307.73,2317.46,2307.38,2317.18
2024.05.08 03:00,2317.10,2318.20,2315.43,2317.08
2024.05.08 04:00,2317.08,2319.35,2316.91,2319.30
2024.05.08 05:00,2319.30,2321.44,2317.68,2317.72
2024.05.08 06:00,2317.72,2318.90,2313.60,2314.68
2024.05.08 07:00,2314.66,2314.89,2305.37,2305.85
2024.05.08 08:00,2305.64,2309.26,2303.67,2307.35
2024.05.08 09:00,2307.33,2311.40,2307.05,2310.77
2024.05.08 10:00,2310.86,2317.08,2310.73,2315.48
2024.05.08 11:00,2315.48,2318.01,2312.87,2314.66
2024.05.08 12:00,2314.66,2318.92,2313.38,2314.57
2024.05.08 13:00,2314.57,2316.28,2306.72,2309.98
2024.05.08 14:00,2310.00,2317.79,2309.06,2315.54
2024.05.08 15:00,2315.58,2320.43,2312.72,2320.43
2024.05.08 16:00,2320.44,2321.08,2315.86,2317.09
2024.05.08 17:00,2317.14,2317.57,2313.71,2313.85
2024.05.08 18:00,2313.82,2313.86,2311.39,2312.69
2024.05.08 19:00,2312.70,2312.80,2308.06,2308.13
2024.05.08 20:00,2308.13,2309.63,2307.94,2308.36
2024.05.08 23:00,2310.03,2310.08,2308.03,2308.83
2024.05.09 00:00,2308.91,2310.54,2307.89,2309.30
2024.05.09 01:00,2309.28,2312.27,2308.80,2309.92
2024.05.09 02:00,2309.88,2311.65,2307.94,2310.29
2024.05.09 03:00,2310.27,2313.04,2309.34,2312.39
2024.05.09 04:00,2312.21,2315.25,2311.95,2314.54
2024.05.09 05:00,2314.60,2319.74,2314.49,2316.68
2024.05.09 06:00,2316.61,2317.06,2313.79,2314.31
2024.05.09 07:00,2314.45,2315.02,2307.55,2309.40
2024.05.09 08:00,2309.40,2313.41,2309.07,2310.44
2024.05.09 09:00,2310.42,2312.01,2306.64,2307.59
2024.05.09 10:00,2307.59,2312.90,2307.31,2311.73
2024.05.09 11:00,2311.74,2316.72,2311.00,2315.97
2024.05.09 12:00,2315.84,2329.31,2314.60,2326.73
2024.05.09 13:00,2326.73,2326.73,2312.19,2324.40
2024.05.09 14:00,2324.36,2338.78,2323.37,2333.36
2024.05.09 15:00,2333.34,2337.64,2328.23,2330.40
2024.05.09 16:00,2330.41,2333.96,2329.56,2329.77
2024.05.09 17:00,2329.77,2335.03,2329.36,2334.79
2024.05.09 18:00,2334.76,2337.74,2333.85,2337.63
2024.05.09 19:00,2337.64,2343.94,2335.67,2343.81
2024.05.09 20:00,2343.75,2347.22,2343.19,2346.31
2024.05.09 23:00,2346.43,2348.38,2345.87,2346.56
2024.05.10 00:00,2346.75,2349.02,2346.00,2347.62
2024.05.10 01:00,2347.60,2355.80,2347.44,2350.36
2024.05.10 02:00,2350.25,2351.80,2347.19,2349.44
2024.05.10 03:00,2349.44,2354.01,2349.15,2353.39
2024.05.10 04:00,2353.41,2354.54,2351.27,2353.99
2024.05.10 05:00,2353.99,2358.77,2353.79,2357.17
2024.05.10 06:00,2357.06,2369.10,2356.06,2368.50
2024.05.10 07:00,2368.66,2370.27,2364.77,2366.69
2024.05.10 08:00,2366.67,2372.03,2365.88,2369.56
2024.05.10 09:00,2369.57,2375.36,2369.57,2372.55
2024.05.10 10:00,2372.53,2378.33,2371.65,2374.73
2024.05.10 11:00,2374.75,2375.62,2371.13,2372.20
2024.05.10 12:00,2372.16,2375.69,2361.74,2364.82
2024.05.10 13:00,2364.76,2372.02,2360.20,2367.62
2024.05.10 14:00,2367.47,2372.97,2357.76,2360.71
2024.05.10 15:00,2360.65,2366.38,2356.62,2364.83
2024.05.10 16:00,2364.82,2369.91,2361.66,2368.25
2024.05.10 17:00,2368.33,2370.07,2366.89,2369.58
2024.05.10 18:00,2369.68,2370.89,2366.63,2367.30
2024.05.10 19:00,2367.20,2367.47,2362.23,2363.34
2024.05.10 20:00,2363.52,2364.99,2359.75,2360.26
2024.05.12 23:00,2361.55,2362.53,2359.77,2360.43
2024.05.13 00:00,2360.45,2364.47,2359.85,2364.02
2024.05.13 01:00,2364.06,2364.14,2354.78,2359.16
2024.05.13 02:00,2359.16,2359.80,2357.63,2358.95
2024.05.13 03:00,2359.00,2359.39,2356.27,2357.05
2024.05.13 04:00,2356.95,2357.03,2354.30,2354.31
2024.05.13 05:00,2354.30,2355.06,2351.31,2352.67
2024.05.13 06:00,2352.71,2354.48,2347.38,2349.59
2024.05.13 07:00,2349.57,2351.28,2346.55,2348.65
2024.05.13 08:00,2348.53,2350.36,2341.61,2343.24
2024.05.13 09:00,2343.28,2344.30,2339.10,2340.17
2024.05.13 10:00,2340.10,2344.07,2339.27,2343.27
2024.05.13 11:00,2343.30,2346.66,2338.48,2344.60
2024.05.13 12:00,2344.17,2349.74,2343.63,2347.13
2024.05.13 13:00,2347.13,2349.38,2340.34,2344.14
2024.05.13 14:00,2344.06,2345.97,2340.77,2343.75
2024.05.13 15:00,2343.76,2343.76,2332.14,2335.99
2024.05.13 16:00,2335.96,2337.86,2334.73,2336.74
2024.05.13 17:00,2336.74,2338.13,2334.46,2335.86
2024.05.13 18:00,2336.02,2337.94,2335.74,2337.25
2024.05.13 19:00,2337.27,2338.42,2335.81,2337.24
2024.05.13 20:00,2337.28,2337.35,2335.18,2335.88
2024.05.13 23:00,2337.63,2339.32,2337.49,2338.46
2024.05.14 00:00,2338.39,2339.74,2334.80,2336.40
2024.05.14 01:00,2336.49,2342.11,2336.48,2341.97
2024.05.14 02:00,2342.06,2344.42,2340.11,2340.43
2024.05.14 03:00,2340.43,2343.61,2339.91,2343.23
2024.05.14 04:00,2343.17,2344.92,2342.61,2344.11
2024.05.14 05:00,2344.04,2345.86,2342.60,2344.72
2024.05.14 06:00,2344.67,2345.24,2336.83,2338.19
2024.05.14 07:00,2338.13,2339.73,2336.08,2339.16
2024.05.14 08:00,2339.23,2343.94,2337.79,2343.77
2024.05.14 09:00,2343.75,2348.23,2343.73,2345.88
2024.05.14 10:00,2345.89,2347.61,2342.59,2345.75
2024.05.14 11:00,2345.66,2346.26,2342.39,2343.54
2024.05.14 12:00,2343.56,2350.20,2336.49,2348.20
2024.05.14 13:00,2348.26,2354.89,2344.91,2353.87
2024.05.14 14:00,2353.71,2357.05,2348.09,2353.06
2024.05.14 15:00,2352.72,2353.85,2347.25,2347.91
2024.05.14 16:00,2347.86,2355.50,2346.38,2354.20
2024.05.14 17:00,2354.22,2356.54,2352.03,2355.91
2024.05.14 18:00,2355.89,2359.59,2355.79,2357.66
2024.05.14 19:00,2357.66,2357.97,2355.01,2356.56
2024.05.14 20:00,2356.74,2358.36,2356.07,2357.93
2024.05.14 23:00,2357.58,2357.58,2355.10,2355.82
2024.05.15 00:00,2355.84,2356.89,2354.92,2355.85
2024.05.15 01:00,2355.87,2358.98,2354.89,2357.42
2024.05.15 02:00,2357.45,2359.09,2356.62,2358.64
2024.05.15 03:00,2358.64,2360.96,2357.69,2360.32
2024.05.15 04:00,2360.36,2360.81,2356.20,2357.00
2024.05.15 05:00,2356.99,2359.05,2355.71,2358.54
2024.05.15 06:00,2358.46,2359.67,2356.84,2358.79
2024.05.15 07:00,2358.80,2364.67,2358.45,2362.50
2024.05.15 08:00,2362.47,2374.25,2362.47,2373.19
2024.05.15 09:00,2373.30,2374.30,2368.25,2369.30
2024.05.15 10:00,2369.43,2370.88,2365.28,2365.90
2024.05.15 11:00,2365.92,2366.76,2362.07,2362.75
2024.05.15 12:00,2362.75,2378.87,2359.43,2372.60
2024.05.15 13:00,2372.59,2375.48,2351.86,2358.08
2024.05.15 14:00,2357.93,2373.79,2353.90,2373.77
2024.05.15 15:00,2373.81,2385.72,2373.07,2377.59
2024.05.15 16:00,2377.63,2386.67,2377.06,2383.66
2024.05.15 17:00,2383.70,2390.25,2383.67,2389.26
2024.05.15 18:00,2389.24,2389.41,2383.64,2385.44
2024.05.15 19:00,2385.43,2387.44,2383.82,2386.39
2024.05.15 20:00,2386.80,2388.42,2385.47,2385.91
2024.05.15 23:00,2389.18,2391.90,2388.92,2391.86
2024.05.16 00:00,2391.87,2395.17,2390.31,2395.04
2024.05.16 01:00,2395.03,2397.31,2389.61,2391.59
2024.05.16 02:00,2391.62,2391.81,2386.57,2387.49
2024.05.16 03:00,2387.44,2390.76,2386.57,2388.74
2024.05.16 04:00,2388.73,2392.15,2387.06,2391.30
2024.05.16 05:00,2391.36,2394.43,2390.18,2390.18
2024.05.16 06:00,2390.19,2390.37,2386.50,2387.04
2024.05.16 07:00,2387.14,2391.14,2384.98,2389.32
2024.05.16 08:00,2389.18,2391.39,2385.37,2386.02
2024.05.16 09:00,2386.02,2387.71,2383.67,2385.41
2024.05.16 10:00,2385.46,2385.72,2380.89,2384.85
2024.05.16 11:00,2384.85,2386.56,2381.50,2384.59
2024.05.16 12:00,2384.60,2386.27,2378.03,2379.12
2024.05.16 13:00,2379.11,2382.18,2371.69,2375.14
2024.05.16 14:00,2375.15,2378.99,2370.93,2373.29
2024.05.16 15:00,2373.32,2382.36,2373.10,2381.54
2024.05.16 16:00,2381.63,2383.71,2379.15,2381.93
2024.05.16 17:00,2381.94,2382.38,2379.83,2381.49
2024.05.16 18:00,2381.49,2381.99,2378.36,2379.69
2024.05.16 19:00,2379.67,2381.87,2377.73,2378.08
2024.05.16 20:00,2378.18,2378.30,2375.84,2376.55
2024.05.16 23:00,2378.53,2379.72,2377.85,2377.85
2024.05.17 00:00,2377.99,2379.64,2377.54,2378.01
2024.05.17 01:00,2378.11,2378.86,2376.12,2378.18
2024.05.17 02:00,2378.17,2381.21,2373.95,2375.09
2024.05.17 03:00,2375.09,2377.83,2374.63,2377.83
2024.05.17 04:00,2377.83,2379.08,2376.51,2378.83
2024.05.17 05:00,2378.82,2382.37,2378.56,2381.35
2024.05.17 06:00,2381.19,2386.70,2380.90,2385.99
2024.05.17 07:00,2386.02,2387.83,2382.91,2383.84
2024.05.17 08:00,2383.89,2385.60,2381.34,2384.28
2024.05.17 09:00,2384.27,2386.58,2381.74,2382.50
2024.05.17 10:00,2382.48,2387.57,2381.81,2387.41
2024.05.17 11:00,2387.38,2390.15,2385.81,2389.77
2024.05.17 12:00,2389.75,2393.96,2386.86,2393.27
2024.05.17 13:00,2393.32,2405.14,2393.32,2401.62
2024.05.17 14:00,2401.85,2415.50,2398.78,2413.45
2024.05.17 15:00,2413.46,2419.06,2403.61,2407.77
2024.05.17 16:00,2407.80,2414.17,2407.71,2407.85
2024.05.17 17:00,2407.77,2414.30,2405.78,2414.18
2024.05.17 18:00,2414.23,2419.19,2413.25,2417.45
2024.05.17 19:00,2417.44,2417.83,2411.48,2416.40
2024.05.17 20:00,2416.49,2422.68,2413.61,2414.54
2024.05.19 23:00,2417.82,2420.62,2417.21,2420.32
2024.05.20 00:00,2420.40,2426.53,2416.53,2425.42
2024.05.20 01:00,2425.51,2440.59,2425.51,2434.66
2024.05.20 02:00,2434.78,2437.12,2428.83,2434.07
2024.05.20 03:00,2434.00,2438.92,2430.94,2437.62
2024.05.20 04:00,2437.54,2439.65,2435.16,2437.33
2024.05.20 05:00,2437.34,2450.01,2437.01,2449.55
2024.05.20 06:00,2449.70,2449.74,2431.94,2438.76
2024.05.20 07:00,2438.58,2443.67,2435.63,2442.27
2024.05.20 08:00,2442.34,2443.68,2436.96,2440.05
2024.05.20 09:00,2440.09,2447.13,2438.68,2441.70
2024.05.20 10:00,2441.72,2443.01,2434.24,2436.25
2024.05.20 11:00,2436.40,2437.18,2427.69,2430.64
2024.05.20 12:00,2430.53,2430.84,2407.33,2413.81
2024.05.20 13:00,2413.69,2422.72,2410.40,2420.26
2024.05.20 14:00,2420.25,2423.63,2414.79,2422.96
2024.05.20 15:00,2423.06,2426.92,2419.49,2424.90
2024.05.20 16:00,2424.90,2428.04,2422.49,2426.55
2024.05.20 17:00,2426.57,2436.70,2425.63,2435.39
2024.05.20 18:00,2435.36,2437.26,2431.89,2435.23
2024.05.20 19:00,2435.24,2435.34,2426.05,2426.65
2024.05.20 20:00,2426.67,2427.98,2423.29,2426.04
2024.05.20 23:00,2427.32,2428.62,2425.25,2426.27
2024.05.21 00:00,2426.48,2429.86,2424.36,2428.85
2024.05.21 01:00,2428.83,2433.05,2419.61,2420.42
2024.05.21 02:00,2420.36,2422.54,2411.52,2413.98
2024.05.21 03:00,2413.96,2417.16,2406.33,2413.83
2024.05.21 04:00,2413.79,2415.91,2410.64,2412.38
2024.05.21 05:00,2412.39,2418.05,2412.11,2416.47
2024.05.21 06:00,2416.52,2417.37,2409.63,2410.61
2024.05.21 07:00,2410.61,2422.13,2408.61,2419.27
2024.05.21 08:00,2419.30,2419.92,2414.36,2418.76
2024.05.21 09:00,2418.75,2420.15,2412.20,2416.35
2024.05.21 10:00,2416.35,2420.04,2414.96,2419.82
2024.05.21 11:00,2419.79,2423.76,2417.35,2423.47
2024.05.21 12:00,2423.48,2429.92,2422.38,2426.25
2024.05.21 13:00,2426.36,2431.45,2420.44,2427.72
2024.05.21 14:00,2427.77,2431.67,2425.39,2429.56
2024.05.21 15:00,2429.67,2433.90,2420.09,2423.48
2024.05.21 16:00,2423.40,2423.69,2418.04,2422.85
2024.05.21 17:00,2422.88,2423.79,2418.54,2419.97
2024.05.21 18:00,2419.92,2420.60,2417.33,2420.48
2024.05.21 19:00,2420.53,2425.02,2419.93,2423.30
2024.05.21 20:00,2423.34,2423.38,2420.29,2420.82
2024.05.21 23:00,2421.92,2422.21,2421.27,2421.77
2024.05.22 00:00,2421.78,2423.15,2420.39,2420.55
2024.05.22 01:00,2420.40,2423.38,2419.36,2421.98
2024.05.22 02:00,2421.99,2426.50,2415.95,2417.81
2024.05.22 03:00,2417.79,2419.61,2412.63,2414.20
2024.05.22 04:00,2414.19,2416.14,2412.15,2412.93
2024.05.22 05:00,2412.88,2417.37,2411.63,2417.08
2024.05.22 06:00,2417.17,2418.03,2413.75,2417.09
2024.05.22 07:00,2417.01,2418.45,2412.30,2417.27
2024.05.22 08:00,2417.00,2417.47,2410.58,2416.86
2024.05.22 09:00,2417.03,2417.98,2414.44,2417.30
2024.05.22 10:00,2417.36,2419.33,2414.25,2414.77
2024.05.22 11:00,2414.78,2415.23,2404.80,2408.70
2024.05.22 12:00,2408.71,2415.06,2408.70,2412.48
2024.05.22 13:00,2412.43,2413.25,2405.83,2411.66
2024.05.22 14:00,2410.32,2411.01,2382.23,2388.63
2024.05.22 15:00,2388.50,2395.16,2386.66,2392.09
2024.05.22 16:00,2392.00,2394.96,2389.43,2391.93
2024.05.22 17:00,2391.92,2394.37,2386.71,2388.59
2024.05.22 18:00,2388.41,2390.67,2375.01,2377.85
2024.05.22 19:00,2377.81,2380.04,2376.82,2379.25
2024.05.22 20:00,2379.24,2380.59,2377.48,2378.59
2024.05.22 23:00,2380.74,2382.74,2380.46,2382.25
2024.05.23 00:00,2382.30,2383.70,2378.98,2380.33
2024.05.23 01:00,2380.31,2381.89,2366.73,2373.08
2024.05.23 02:00,2373.06,2375.71,2368.14,2369.56
2024.05.23 03:00,2369.46,2372.92,2367.89,2372.48
2024.05.23 04:00,2372.39,2373.94,2371.52,2372.81
2024.05.23 05:00,2372.87,2373.17,2358.34,2359.82
2024.05.23 06:00,2359.97,2367.16,2354.96,2364.24
2024.05.23 07:00,2364.26,2364.77,2355.18,2356.10
2024.05.23 08:00,2356.15,2361.84,2355.13,2360.49
2024.05.23 09:00,2360.34,2364.25,2358.77,2364.04
2024.05.23 10:00,2364.07,2367.70,2363.56,2366.41
2024.05.23 11:00,2366.38,2369.39,2365.59,2368.08
2024.05.23 12:00,2368.15,2369.27,2360.75,2362.69
2024.05.23 13:00,2362.70,2369.88,2350.68,2358.68
2024.05.23 14:00,2358.73,2363.89,2341.52,2346.03
2024.05.23 15:00,2345.98,2349.84,2340.44,2346.08
2024.05.23 16:00,2346.13,2350.07,2340.12,2340.99
2024.05.23 17:00,2340.97,2342.97,2331.98,2332.12
2024.05.23 18:00,2332.14,2336.43,2331.79,2334.81
2024.05.23 19:00,2334.47,2334.85,2330.98,2331.52
2024.05.23 20:00,2331.98,2332.71,2327.02,2328.56
2024.05.23 23:00,2331.03,2333.59,2330.54,2332.00
2024.05.24 00:00,2331.91,2332.37,2327.47,2329.08
2024.05.24 01:00,2329.05,2335.21,2326.74,2333.89
2024.05.24 02:00,2333.92,2334.57,2325.39,2330.79
2024.05.24 03:00,2330.70,2331.55,2328.51,2330.62
2024.05.24 04:00,2330.63,2335.17,2330.52,2335.10
2024.05.24 05:00,2334.87,2339.28,2333.20,2338.54
2024.05.24 06:00,2338.49,2339.55,2335.21,2338.79
2024.05.24 07:00,2338.72,2340.58,2336.96,2337.68
2024.05.24 08:00,2337.69,2341.00,2336.06,2340.10
2024.05.24 09:00,2340.11,2343.18,2337.50,2337.55
2024.05.24 10:00,2337.53,2343.87,2336.99,2340.30
2024.05.24 11:00,2340.36,2342.06,2337.83,2338.24
2024.05.24 12:00,2338.23,2340.81,2336.10,2339.33
2024.05.24 13:00,2339.33,2347.36,2336.80,2336.94
2024.05.24 14:00,2338.48,2343.19,2335.48,2338.40
2024.05.24 15:00,2338.50,2340.15,2332.38,2334.55
2024.05.24 16:00,2334.54,2336.96,2332.76,2334.25
2024.05.24 17:00,2334.27,2334.48,2331.96,2332.70
2024.05.24 18:00,2332.67,2336.74,2332.60,2334.88
2024.05.24 19:00,2334.84,2334.89,2331.91,2333.79
2024.05.24 20:00,2334.02,2335.16,2333.15,2333.79
2024.05.26 23:00,2340.29,2340.70,2336.62,2337.24
2024.05.27 00:00,2337.27,2337.40,2334.47,2336.21
2024.05.27 01:00,2336.17,2340.36,2334.62,2339.68
2024.05.27 02:00,2339.65,2346.37,2338.79,2346.15
2024.05.27 03:00,2346.12,2347.56,2343.64,2346.08
2024.05.27 04:00,2346.07,2346.14,2341.02,2343.01
2024.05.27 05:00,2342.97,2344.21,2340.33,2343.75
2024.05.27 06:00,2343.67,2344.63,2341.28,2341.38
2024.05.27 07:00,2341.45,2341.51,2338.14,2338.49
2024.05.27 08:00,2338.58,2346.18,2338.16,2344.20
2024.05.27 09:00,2344.20,2345.75,2343.02,2343.26
2024.05.27 10:00,2343.30,2345.75,2342.42,2344.95
2024.05.27 11:00,2344.97,2346.05,2343.21,2345.11
2024.05.27 12:00,2345.12,2349.58,2343.76,2347.18
2024.05.27 13:00,2347.36,2356.94,2344.60,2354.93
2024.05.27 14:00,2354.95,2358.44,2354.09,2354.41
2024.05.27 15:00,2354.33,2356.85,2352.25,2352.48
2024.05.27 16:00,2352.43,2355.58,2352.14,2354.98
2024.05.27 17:00,2354.99,2355.10,2352.33,2355.04
2024.05.27 18:00,2355.09,2355.15,2350.71,2350.80
2024.05.27 23:00,2352.20,2352.77,2351.10,2352.46
2024.05.28 00:00,2352.48,2353.60,2351.27,2351.76
2024.05.28 01:00,2351.78,2356.38,2349.17,2354.79
2024.05.28 02:00,2354.79,2355.89,2351.61,2354.16
2024.05.28 03:00,2354.17,2354.54,2350.28,2350.91
2024.05.28 04:00,2350.87,2352.06,2350.49,2351.06
2024.05.28 05:00,2351.06,2353.70,2349.64,2350.43
2024.05.28 06:00,2350.37,2350.37,2341.34,2341.83
2024.05.28 07:00,2341.78,2344.84,2341.73,2344.12
2024.05.28 08:00,2344.00,2345.09,2340.30,2344.94
2024.05.28 09:00,2344.90,2345.19,2342.26,2343.87
2024.05.28 10:00,2343.80,2346.23,2343.21,2345.68
2024.05.28 11:00,2345.69,2348.42,2343.56,2347.46
2024.05.28 12:00,2347.29,2357.10,2345.93,2353.13
2024.05.28 13:00,2353.17,2364.05,2352.27,2355.03
2024.05.28 14:00,2354.94,2356.87,2347.93,2355.23
2024.05.28 15:00,2355.27,2362.08,2352.91,2360.39
2024.05.28 16:00,2360.29,2362.18,2355.25,2356.64
2024.05.28 17:00,2356.65,2360.06,2353.25,2356.92
2024.05.28 18:00,2356.88,2357.81,2352.84,2357.10
2024.05.28 19:00,2357.08,2360.18,2355.81,2358.18
2024.05.28 20:00,2358.10,2361.40,2357.91,2360.89
2024.05.28 23:00,2359.27,2360.89,2358.17,2359.92
2024.05.29 00:00,2359.53,2361.07,2357.36,2357.85
2024.05.29 01:00,2357.85,2359.44,2355.65,2356.50
2024.05.29 02:00,2356.49,2360.86,2354.41,2355.64
2024.05.29 03:00,2355.63,2359.14,2355.19,2358.20
2024.05.29 04:00,2358.21,2358.95,2356.77,2358.29
2024.05.29 05:00,2358.35,2361.29,2356.44,2356.74
2024.05.29 06:00,2356.76,2356.76,2351.06,2355.81
2024.05.29 07:00,2355.77,2356.23,2350.13,2350.51
2024.05.29 08:00,2350.83,2351.76,2344.90,2345.50
2024.05.29 09:00,2345.53,2346.24,2340.89,2345.83
2024.05.29 10:00,2345.67,2347.33,2343.13,2346.46
2024.05.29 11:00,2346.53,2347.03,2338.65,2341.70
2024.05.29 12:00,2341.48,2343.77,2334.55,2337.66
2024.05.29 13:00,2337.64,2347.17,2335.97,2345.67
2024.05.29 14:00,2345.70,2346.43,2341.50,2343.52
2024.05.29 15:00,2343.51,2343.74,2336.67,2339.10
2024.05.29 16:00,2339.08,2341.95,2336.00,2341.95
2024.05.29 17:00,2341.87,2344.23,2339.34,2343.65
2024.05.29 18:00,2343.72,2344.29,2337.98,2338.13
2024.05.29 19:00,2338.17,2339.32,2336.34,2336.66
2024.05.29 20:00,2336.81,2338.65,2335.95,2337.80
2024.05.29 23:00,2337.72,2339.06,2337.62,2338.39
2024.05.30 00:00,2338.37,2338.39,2333.99,2336.92
2024.05.30 01:00,2336.93,2339.82,2332.95,2334.14
2024.05.30 02:00,2334.08,2336.63,2328.06,2330.83
2024.05.30 03:00,2330.86,2335.00,2329.13,2334.39
2024.05.30 04:00,2334.38,2337.10,2334.00,2335.26
2024.05.30 05:00,2335.23,2335.84,2322.57,2325.01
2024.05.30 06:00,2325.02,2333.12,2324.05,2333.01
2024.05.30 07:00,2332.91,2337.68,2332.28,2334.39
2024.05.30 08:00,2334.50,2335.76,2331.90,2335.06
2024.05.30 09:00,2335.05,2337.98,2331.69,2333.18
2024.05.30 10:00,2333.19,2341.04,2330.59,2340.67
2024.05.30 11:00,2340.69,2340.69,2335.18,2335.83
2024.05.30 12:00,2335.81,2345.09,2331.98,2341.30
2024.05.30 13:00,2341.30,2348.59,2339.80,2348.59
2024.05.30 14:00,2348.75,2351.76,2342.73,2344.08
2024.05.30 15:00,2344.11,2345.72,2341.78,2343.82
2024.05.30 16:00,2343.78,2348.09,2340.95,2347.93
2024.05.30 17:00,2347.92,2348.84,2342.83,2344.44
2024.05.30 18:00,2344.38,2344.55,2341.25,2342.58
2024.05.30 19:00,2342.53,2342.58,2339.91,2341.55
2024.05.30 20:00,2341.82,2343.56,2341.52,2342.81
2024.05.30 23:00,2344.11,2346.40,2343.14,2344.05
2024.05.31 00:00,2344.02,2347.52,2342.58,2346.34
2024.05.31 01:00,2346.35,2347.68,2343.09,2346.60
2024.05.31 02:00,2346.49,2347.70,2342.30,2342.56
2024.05.31 03:00,2342.57,2343.69,2336.97,2343.69
2024.05.31 04:00,2343.72,2345.59,2341.04,2344.18
2024.05.31 05:00,2344.07,2344.81,2341.74,2342.42
2024.05.31 06:00,2342.32,2347.06,2342.00,2345.89
2024.05.31 07:00,2345.85,2345.85,2339.92,2340.46
2024.05.31 08:00,2340.45,2343.85,2339.70,2343.24
2024.05.31 09:00,2343.22,2344.46,2341.03,2342.14
2024.05.31 10:00,2342.16,2344.54,2341.54,2344.03
2024.05.31 11:00,2343.99,2344.94,2342.62,2343.87
2024.05.31 12:00,2343.79,2356.74,2342.45,2354.82
2024.05.31 13:00,2354.81,2359.69,2343.79,2348.13
2024.05.31 14:00,2348.35,2349.08,2334.15,2335.23
2024.05.31 15:00,2335.06,2336.15,2327.76,2330.07
2024.05.31 16:00,2330.00,2336.69,2329.73,2332.85
2024.05.31 17:00,2332.85,2333.83,2323.97,2325.98
2024.05.31 18:00,2326.02,2327.22,2322.37,2322.91
2024.05.31 19:00,2322.90,2328.25,2320.60,2327.63
2024.05.31 20:00,2327.71,2330.58,2326.90,2327.01
2024.06.02 23:00,2326.36,2326.82,2324.04,2325.91
2024.06.03 00:00,2325.92,2327.49,2323.97,2327.14
2024.06.03 01:00,2327.13,2331.05,2326.17,2330.82
2024.06.03 02:00,2330.83,2330.96,2325.54,2326.33
2024.06.03 03:00,2326.29,2328.15,2320.90,2321.38
2024.06.03 04:00,2321.51,2322.49,2320.08,2321.33
2024.06.03 05:00,2321.27,2323.80,2315.32,2320.18
2024.06.03 06:00,2320.18,2322.80,2314.77,2322.40
2024.06.03 07:00,2322.47,2328.74,2322.24,2326.00
2024.06.03 08:00,2325.86,2328.54,2324.79,2325.54
2024.06.03 09:00,2325.53,2328.75,2324.33,2327.76
2024.06.03 10:00,2327.77,2333.29,2326.25,2330.82
2024.06.03 11:00,2330.75,2332.38,2328.97,2329.99
2024.06.03 12:00,2330.01,2334.33,2325.69,2334.04
2024.06.03 13:00,2334.13,2336.71,2329.87,2332.84
2024.06.03 14:00,2332.63,2345.68,2332.63,2341.72
2024.06.03 15:00,2341.75,2344.21,2335.44,2342.79
2024.06.03 16:00,2342.78,2349.80,2341.37,2349.14
2024.06.03 17:00,2349.11,2354.70,2346.16,2348.41
2024.06.03 18:00,2348.47,2349.45,2346.53,2348.24
2024.06.03 19:00,2348.27,2349.05,2344.76,2347.63
2024.06.03 20:00,2347.80,2351.02,2346.97,2350.68
2024.06.03 23:00,2350.77,2351.17,2349.71,2350.57
2024.06.04 00:00,2350.57,2352.78,2350.18,2350.62
2024.06.04 01:00,2350.61,2352.33,2343.12,2347.06
2024.06.04 02:00,2347.03,2349.64,2345.65,2346.88
2024.06.04 03:00,2346.84,2346.96,2344.16,2345.68
2024.06.04 04:00,2345.67,2349.87,2344.89,2349.34
2024.06.04 05:00,2349.22,2349.61,2347.29,2347.76
2024.06.04 06:00,2347.74,2351.74,2344.26,2344.45
2024.06.04 07:00,2344.45,2345.10,2339.12,2339.74
2024.06.04 08:00,2339.75,2339.80,2332.32,2333.36
2024.06.04 09:00,2333.28,2334.21,2326.71,2329.91
2024.06.04 10:00,2329.97,2334.89,2328.89,2329.25
2024.06.04 11:00,2329.21,2329.84,2325.35,2328.00
2024.06.04 12:00,2327.95,2335.94,2326.71,2335.14
2024.06.04 13:00,2335.23,2338.01,2322.09,2324.50
2024.06.04 14:00,2324.36,2332.26,2315.63,2317.53
2024.06.04 15:00,2317.57,2328.84,2317.41,2326.13
2024.06.04 16:00,2326.18,2329.67,2322.55,2324.00
2024.06.04 17:00,2323.93,2330.39,2323.77,2328.84
2024.06.04 18:00,2328.83,2329.80,2326.11,2328.22
2024.06.04 19:00,2328.21,2328.33,2326.03,2327.27
2024.06.04 20:00,2327.26,2327.70,2326.01,2326.85
2024.06.04 23:00,2327.80,2328.95,2327.61,2328.83
2024.06.05 00:00,2328.99,2329.59,2327.75,2328.17
2024.06.05 01:00,2328.19,2330.86,2325.88,2330.48
2024.06.05 02:00,2330.51,2333.51,2329.96,2333.44
2024.06.05 03:00,2333.40,2337.87,2333.04,2337.18
2024.06.05 04:00,2337.19,2338.18,2335.88,2338.01
2024.06.05 05:00,2338.02,2341.65,2337.42,2337.42
2024.06.05 06:00,2337.40,2338.47,2328.08,2332.76
2024.06.05 07:00,2333.02,2333.78,2329.16,2331.63
2024.06.05 08:00,2331.60,2335.12,2331.37,2332.63
2024.06.05 09:00,2332.74,2333.81,2331.03,2332.32
2024.06.05 10:00,2332.29,2335.64,2329.46,2333.82
2024.06.05 11:00,2333.73,2335.58,2331.09,2332.49
2024.06.05 12:00,2332.59,2343.96,2332.19,2342.19
2024.06.05 13:00,2342.03,2345.90,2338.20,2344.37
2024.06.05 14:00,2339.35,2350.28,2334.00,2349.00
2024.06.05 15:00,2349.06,2357.38,2349.06,2353.68
2024.06.05 16:00,2353.69,2355.01,2351.44,2352.68
2024.06.05 17:00,2352.72,2355.74,2351.68,2355.11
2024.06.05 18:00,2355.13,2356.77,2353.55,2355.82
2024.06.05 19:00,2355.63,2356.13,2352.69,2353.99
2024.06.05 20:00,2354.02,2355.30,2352.83,2355.08
2024.06.05 23:00,2357.00,2357.55,2354.82,2355.04
2024.06.06 00:00,2355.07,2356.03,2354.57,2355.71
2024.06.06 01:00,2355.66,2373.30,2355.55,2367.46
2024.06.06 02:00,2367.47,2374.64,2365.19,2374.30
2024.06.06 03:00,2374.49,2374.85,2367.66,2368.48
2024.06.06 04:00,2368.53,2370.57,2366.98,2369.46
2024.06.06 05:00,2369.45,2371.37,2366.37,2367.77
2024.06.06 06:00,2367.78,2367.96,2363.11,2367.10
2024.06.06 07:00,2367.10,2368.34,2362.27,2362.89
2024.06.06 08:00,2362.87,2363.21,2359.85,2362.91
2024.06.06 09:00,2362.99,2363.89,2358.55,2361.58
2024.06.06 10:00,2361.57,2361.90,2359.51,2361.07
2024.06.06 11:00,2361.07,2361.97,2359.16,2359.77
2024.06.06 12:00,2359.76,2365.21,2355.28,2357.56
2024.06.06 13:00,2357.61,2366.92,2353.55,2360.55
2024.06.06 14:00,2360.56,2366.30,2358.46,2364.27
2024.06.06 15:00,2364.19,2378.50,2364.08,2374.18
2024.06.06 16:00,2374.35,2376.91,2370.34,2372.90
2024.06.06 17:00,2372.90,2373.94,2370.68,2373.10
2024.06.06 18:00,2373.11,2373.71,2368.96,2372.07
2024.06.06 19:00,2372.05,2375.41,2371.15,2372.54
2024.06.06 20:00,2372.52,2376.06,2372.28,2375.95
2024.06.06 23:00,2377.02,2378.16,2376.31,2376.92
2024.06.07 00:00,2376.90,2379.17,2376.09,2378.40
2024.06.07 01:00,2378.51,2380.01,2370.20,2371.05
2024.06.07 02:00,2371.06,2378.21,2369.42,2376.62
2024.06.07 03:00,2376.60,2381.92,2375.18,2380.16
2024.06.07 04:00,2380.15,2387.45,2379.28,2386.68
2024.06.07 05:00,2386.69,2387.69,2374.99,2375.89
2024.06.07 06:00,2375.72,2377.78,2372.92,2375.43
2024.06.07 07:00,2375.44,2379.35,2372.88,2373.59
2024.06.07 08:00,2373.52,2373.93,2342.66,2347.33
2024.06.07 09:00,2347.36,2348.00,2337.45,2339.34
2024.06.07 10:00,2339.31,2339.31,2331.99,2333.66
2024.06.07 11:00,2333.59,2339.31,2330.91,2336.59
2024.06.07 12:00,2336.61,2339.35,2313.47,2319.33
2024.06.07 13:00,2319.36,2328.07,2305.01,2309.45
2024.06.07 14:00,2309.46,2321.11,2307.65,2313.41
2024.06.07 15:00,2313.39,2315.49,2304.53,2305.04
2024.06.07 16:00,2305.03,2314.50,2303.00,2311.67
2024.06.07 17:00,2311.76,2312.33,2303.72,2305.46
2024.06.07 18:00,2305.67,2307.17,2299.99,2301.49
2024.06.07 19:00,2301.49,2301.49,2287.72,2288.19
2024.06.07 20:00,2288.22,2294.29,2286.77,2293.63
2024.06.09 23:00,2297.45,2300.07,2296.57,2298.54
2024.06.10 00:00,2298.59,2299.80,2294.19,2297.03
2024.06.10 01:00,2296.94,2297.91,2293.93,2297.57
2024.06.10 02:00,2297.57,2301.28,2295.47,2296.28
2024.06.10 03:00,2296.25,2297.74,2294.87,2295.31
2024.06.10 04:00,2295.30,2295.81,2292.73,2294.82
2024.06.10 05:00,2294.81,2297.28,2292.12,2295.69
2024.06.10 06:00,2295.80,2296.55,2287.76,2291.24
2024.06.10 07:00,2291.23,2297.24,2290.53,2296.58
2024.06.10 08:00,2296.58,2297.53,2292.49,2292.65
2024.06.10 09:00,2292.63,2297.47,2291.86,2295.35
2024.06.10 10:00,2295.35,2298.83,2295.35,2298.56
2024.06.10 11:00,2298.51,2305.26,2297.90,2305.08
2024.06.10 12:00,2305.09,2308.71,2303.16,2306.19
2024.06.10 13:00,2306.16,2307.80,2300.38,2305.66
2024.06.10 14:00,2305.82,2307.25,2301.86,2302.68
2024.06.10 15:00,2302.68,2308.64,2301.38,2307.39
2024.06.10 16:00,2307.72,2313.76,2307.06,2312.93
2024.06.10 17:00,2312.92,2313.40,2309.12,2311.86
2024.06.10 18:00,2311.96,2311.96,2309.93,2310.95
2024.06.10 19:00,2310.95,2312.25,2308.65,2308.78
2024.06.10 20:00,2309.11,2310.96,2308.49,2310.82
2024.06.10 23:00,2309.79,2310.52,2308.79,2309.98
2024.06.11 00:00,2309.94,2311.96,2309.08,2310.81
2024.06.11 01:00,2310.82,2310.82,2301.69,2302.85
2024.06.11 02:00,2302.79,2303.65,2298.81,2301.90
2024.06.11 03:00,2301.91,2304.43,2300.81,2303.66
2024.06.11 04:00,2303.67,2303.93,2301.53,2303.58
2024.06.11 05:00,2303.54,2304.44,2297.74,2299.58
2024.06.11 06:00,2299.56,2304.61,2298.74,2302.08
2024.06.11 07:00,2302.05,2305.41,2301.72,2304.50
2024.06.11 08:00,2304.60,2307.73,2303.21,2305.97
2024.06.11 09:00,2305.98,2307.38,2301.52,2306.34
2024.06.11 10:00,2306.56,2308.86,2305.27,2307.82
2024.06.11 11:00,2307.87,2308.23,2305.48,2307.60
2024.06.11 12:00,2307.60,2319.88,2307.58,2317.95
2024.06.11 13:00,2317.95,2319.56,2309.27,2314.63
2024.06.11 14:00,2314.61,2317.73,2312.42,2314.76
2024.06.11 15:00,2314.76,2315.89,2309.96,2310.15
2024.06.11 16:00,2310.34,2312.34,2305.90,2308.49
2024.06.11 17:00,2308.57,2313.46,2307.93,2312.83
2024.06.11 18:00,2312.84,2315.70,2312.09,2313.76
2024.06.11 19:00,2313.71,2315.67,2312.51,2315.31
2024.06.11 20:00,2315.34,2316.95,2314.77,2316.45
2024.06.11 23:00,2316.92,2317.47,2313.91,2315.16
2024.06.12 00:00,2315.17,2315.63,2313.45,2313.77
2024.06.12 01:00,2313.75,2315.17,2310.73,2314.44
2024.06.12 02:00,2314.43,2315.49,2310.69,2313.64
2024.06.12 03:00,2313.65,2316.73,2313.62,2313.95
2024.06.12 04:00,2313.95,2314.34,2312.34,2312.71
2024.06.12 05:00,2312.71,2315.36,2312.28,2314.98
2024.06.12 06:00,2315.05,2317.75,2313.81,2314.83
2024.06.12 07:00,2314.83,2315.37,2311.16,2314.54
2024.06.12 08:00,2314.55,2315.75,2310.84,2312.84
2024.06.12 09:00,2312.80,2315.40,2312.23,2314.06
2024.06.12 10:00,2314.04,2314.77,2312.31,2313.48
2024.06.12 11:00,2313.38,2314.73,2312.25,2312.91
2024.06.12 12:00,2312.79,2337.65,2311.63,2335.99
2024.06.12 13:00,2335.83,2341.63,2325.01,2329.86
2024.06.12 14:00,2329.81,2329.92,2320.10,2325.30
2024.06.12 15:00,2325.40,2337.17,2324.72,2335.60
2024.06.12 16:00,2335.59,2338.15,2333.15,2337.67
2024.06.12 17:00,2337.67,2339.57,2332.90,2334.67
2024.06.12 18:00,2325.41,2333.22,2319.49,2322.78
2024.06.12 19:00,2322.76,2324.63,2315.85,2321.26
2024.06.12 20:00,2321.58,2324.88,2320.35,2324.69
2024.06.12 23:00,2322.03,2322.41,2320.19,2320.59
2024.06.13 00:00,2320.58,2322.93,2317.59,2320.78
2024.06.13 01:00,2320.78,2321.52,2308.17,2312.70
2024.06.13 02:00,2312.71,2316.09,2310.67,2314.16
2024.06.13 03:00,2314.16,2316.32,2312.61,2314.26
2024.06.13 04:00,2314.25,2314.84,2309.06,2311.84
2024.06.13 05:00,2311.84,2312.28,2308.98,2311.64
2024.06.13 06:00,2311.57,2316.17,2311.19,2315.67
2024.06.13 07:00,2315.69,2318.60,2313.31,2317.09
2024.06.13 08:00,2317.18,2317.26,2313.99,2315.59
2024.06.13 09:00,2315.59,2318.48,2313.42,2315.49
2024.06.13 10:00,2315.48,2319.97,2315.33,2316.37
2024.06.13 11:00,2316.39,2316.67,2303.86,2307.01
2024.06.13 12:00,2306.83,2326.65,2305.58,2323.40
2024.06.13 13:00,2323.32,2324.75,2308.37,2310.74
2024.06.13 14:00,2310.74,2314.41,2305.73,2313.60
2024.06.13 15:00,2313.70,2317.00,2297.80,2298.98
2024.06.13 16:00,2298.87,2300.36,2295.61,2299.28
2024.06.13 17:00,2299.29,2304.45,2299.09,2301.41
2024.06.13 18:00,2301.43,2303.98,2300.10,2303.03
2024.06.13 19:00,2303.04,2304.94,2302.73,2303.41
2024.06.13 20:00,2303.45,2304.34,2302.98,2303.80
2024.06.13 23:00,2302.98,2303.26,2301.68,2302.31
2024.06.14 00:00,2302.36,2305.70,2301.53,2304.96
2024.06.14 01:00,2304.96,2307.18,2303.10,2306.04
2024.06.14 02:00,2306.02,2307.02,2304.22,2306.69
2024.06.14 03:00,2306.67,2308.62,2305.00,2305.52
2024.06.14 04:00,2305.47,2306.13,2303.52,2305.96
2024.06.14 05:00,2305.96,2311.55,2305.56,2309.88
2024.06.14 06:00,2309.85,2312.79,2307.48,2312.71
2024.06.14 07:00,2312.74,2316.66,2309.38,2315.33
2024.06.14 08:00,2315.32,2321.67,2314.85,2317.39
2024.06.14 09:00,2317.41,2322.43,2315.03,2322.32
2024.06.14 10:00,2322.36,2332.28,2320.72,2330.24
2024.06.14 11:00,2330.06,2336.61,2325.95,2331.97
2024.06.14 12:00,2331.98,2333.42,2327.27,2330.36
2024.06.14 13:00,2330.20,2332.89,2324.23,2330.29
2024.06.14 14:00,2329.65,2335.46,2327.59,2329.80
2024.06.14 15:00,2329.81,2331.78,2323.64,2325.67
2024.06.14 16:00,2325.73,2331.48,2324.99,2328.42
2024.06.14 17:00,2328.52,2335.53,2328.09,2334.18
2024.06.14 18:00,2334.18,2335.13,2332.23,2334.71
2024.06.14 19:00,2334.70,2335.37,2332.15,2332.46
2024.06.14 20:00,2332.75,2332.96,2331.02,2332.54
2024.06.16 23:00,2328.91,2329.57,2327.44,2328.97
2024.06.17 00:00,2328.23,2328.23,2325.26,2326.38
2024.06.17 01:00,2326.51,2328.93,2322.75,2326.30
2024.06.17 02:00,2326.21,2326.21,2321.53,2322.63
2024.06.17 03:00,2322.59,2325.13,2321.70,2324.39
2024.06.17 04:00,2324.38,2326.21,2322.76,2323.67
2024.06.17 05:00,2323.65,2323.65,2317.86,2318.61
2024.06.17 06:00,2318.48,2319.27,2315.49,2317.41
2024.06.17 07:00,2317.39,2320.15,2315.58,2316.96
2024.06.17 08:00,2316.97,2322.26,2316.44,2321.33
2024.06.17 09:00,2321.34,2322.60,2319.30,2320.09
2024.06.17 10:00,2319.99,2322.58,2319.59,2320.51
2024.06.17 11:00,2320.55,2321.92,2317.63,2318.18
2024.06.17 12:00,2318.28,2321.13,2316.82,2319.62
2024.06.17 13:00,2319.59,2326.23,2318.73,2320.96
2024.06.17 14:00,2320.91,2327.52,2318.34,2324.50
2024.06.17 15:00,2324.49,2325.51,2310.03,2312.58
2024.06.17 16:00,2312.68,2317.13,2312.68,2316.96
2024.06.17 17:00,2316.96,2318.42,2313.61,2316.76
2024.06.17 18:00,2316.78,2319.23,2316.19,2317.90
2024.06.17 19:00,2317.90,2320.60,2317.90,2320.20
2024.06.17 20:00,2320.25,2320.75,2318.49,2318.93
2024.06.17 23:00,2321.07,2321.24,2319.21,2320.73
2024.06.18 00:00,2320.73,2325.55,2320.73,2324.07
2024.06.18 01:00,2324.12,2325.42,2319.23,2322.53
2024.06.18 02:00,2322.52,2325.62,2321.59,2324.36
2024.06.18 03:00,2324.32,2325.13,2323.19,2324.46
2024.06.18 04:00,2324.45,2324.82,2321.89,2322.56
2024.06.18 05:00,2322.55,2323.73,2319.44,2322.20
2024.06.18 06:00,2322.22,2322.73,2318.80,2320.10
2024.06.18 07:00,2320.08,2320.14,2315.03,2315.50
2024.06.18 08:00,2315.41,2315.41,2310.79,2311.33
2024.06.18 09:00,2311.27,2314.30,2310.92,2311.12
2024.06.18 10:00,2311.12,2312.38,2306.59,2308.32
2024.06.18 11:00,2308.35,2314.15,2306.67,2313.45
2024.06.18 12:00,2313.35,2324.14,2311.54,2313.95
2024.06.18 13:00,2314.02,2327.76,2313.70,2326.75
2024.06.18 14:00,2326.77,2327.08,2322.22,2323.62
2024.06.18 15:00,2323.60,2329.77,2318.74,2326.86
2024.06.18 16:00,2326.87,2330.72,2326.54,2330.24
2024.06.18 17:00,2330.32,2333.14,2328.28,2329.68
2024.06.18 18:00,2329.65,2331.48,2327.44,2331.28
2024.06.18 19:00,2331.08,2331.17,2328.53,2329.32
2024.06.18 20:00,2329.32,2330.64,2328.79,2329.22
2024.06.18 23:00,2328.23,2329.56,2327.63,2328.29
2024.06.19 00:00,2328.31,2329.97,2328.04,2329.50
2024.06.19 01:00,2329.48,2330.99,2326.50,2330.16
2024.06.19 02:00,2330.16,2331.24,2328.92,2330.35
2024.06.19 03:00,2330.32,2331.74,2328.01,2328.30
2024.06.19 04:00,2328.20,2328.44,2327.24,2327.98
2024.06.19 05:00,2327.98,2330.10,2326.84,2329.29
2024.06.19 06:00,2329.50,2330.75,2328.46,2330.26
2024.06.19 07:00,2330.20,2332.68,2329.81,2331.88
2024.06.19 08:00,2332.20,2335.00,2331.97,2332.55
2024.06.19 09:00,2332.54,2332.76,2327.73,2328.18
2024.06.19 10:00,2328.15,2329.88,2327.46,2327.98
2024.06.19 11:00,2327.97,2331.00,2325.80,2330.45
2024.06.19 12:00,2330.45,2332.87,2325.30,2328.34
2024.06.19 13:00,2328.36,2331.44,2326.79,2328.25
2024.06.19 14:00,2328.25,2328.39,2323.87,2326.20
2024.06.19 15:00,2326.15,2329.83,2325.29,2329.81
2024.06.19 16:00,2329.81,2331.37,2328.87,2329.39
2024.06.19 17:00,2329.41,2331.03,2329.26,2330.01
2024.06.19 18:00,2330.12,2330.12,2328.18,2328.46
2024.06.19 23:00,2330.44,2330.44,2328.57,2329.39
2024.06.20 00:00,2329.38,2329.80,2327.73,2329.68
2024.06.20 01:00,2329.71,2338.99,2329.70,2336.35
2024.06.20 02:00,2336.34,2337.35,2332.85,2333.81
2024.06.20 03:00,2333.75,2334.42,2332.41,2333.93
2024.06.20 04:00,2333.87,2340.94,2333.78,2340.49
2024.06.20 05:00,2340.56,2344.85,2339.40,2340.29
2024.06.20 06:00,2340.41,2345.66,2340.26,2344.08
2024.06.20 07:00,2344.14,2344.93,2338.53,2338.60
2024.06.20 08:00,2338.50,2338.67,2332.65,2333.38
2024.06.20 09:00,2333.33,2335.77,2331.56,2334.63
2024.06.20 10:00,2334.63,2340.60,2333.49,2339.46
2024.06.20 11:00,2339.45,2341.32,2337.78,2339.25
2024.06.20 12:00,2339.24,2343.57,2335.36,2338.52
2024.06.20 13:00,2338.59,2349.47,2336.68,2349.32
2024.06.20 14:00,2349.31,2365.00,2348.94,2364.02
2024.06.20 15:00,2364.00,2365.46,2351.40,2353.67
2024.06.20 16:00,2353.65,2357.10,2352.84,2356.38
2024.06.20 17:00,2356.38,2357.52,2354.60,2357.44
2024.06.20 18:00,2357.48,2361.04,2357.34,2358.00
2024.06.20 19:00,2358.17,2359.84,2357.68,2358.87
2024.06.20 20:00,2359.07,2360.07,2358.28,2359.84
2024.06.20 23:00,2359.40,2361.10,2358.91,2360.87
2024.06.21 00:00,2360.86,2364.79,2360.85,2364.06
2024.06.21 01:00,2364.10,2364.14,2357.11,2359.58
2024.06.21 02:00,2359.62,2361.68,2358.17,2359.43
2024.06.21 03:00,2359.40,2362.17,2358.78,2362.17
2024.06.21 04:00,2362.16,2362.98,2361.09,2362.94
2024.06.21 05:00,2362.91,2365.61,2362.18,2364.55
2024.06.21 06:00,2364.48,2364.48,2357.99,2358.47
2024.06.21 07:00,2358.40,2364.44,2355.15,2362.99
2024.06.21 08:00,2362.98,2368.10,2362.66,2365.35
2024.06.21 09:00,2365.36,2367.32,2362.91,2363.93
2024.06.21 10:00,2363.92,2364.15,2361.33,2363.67
2024.06.21 11:00,2363.65,2368.69,2363.49,2366.26
2024.06.21 12:00,2366.39,2368.05,2360.46,2360.64
2024.06.21 13:00,2360.46,2363.77,2334.74,2340.65
2024.06.21 14:00,2340.50,2340.55,2328.61,2329.87
2024.06.21 15:00,2329.91,2334.76,2323.33,2327.93
2024.06.21 16:00,2327.94,2329.27,2323.65,2324.70
2024.06.21 17:00,2324.69,2325.09,2316.71,2319.26
2024.06.21 18:00,2319.26,2322.80,2316.78,2322.17
2024.06.21 19:00,2322.17,2323.35,2320.45,2322.12
2024.06.21 20:00,2322.24,2322.69,2320.79,2321.49
2024.06.23 23:00,2321.45,2321.45,2317.71,2319.18
2024.06.24 00:00,2319.19,2321.73,2318.00,2320.96
2024.06.24 01:00,2320.97,2326.37,2319.00,2323.60
2024.06.24 02:00,2323.61,2325.17,2319.59,2324.81
2024.06.24 03:00,2324.86,2326.67,2324.41,2325.46
2024.06.24 04:00,2325.46,2326.65,2324.13,2324.49
2024.06.24 05:00,2324.49,2327.17,2323.66,2325.22
2024.06.24 06:00,2325.15,2325.32,2321.46,2323.51
2024.06.24 07:00,2323.50,2331.80,2321.84,2330.85
2024.06.24 08:00,2330.85,2332.80,2329.23,2330.54
2024.06.24 09:00,2330.54,2330.95,2320.87,2325.11
2024.06.24 10:00,2325.10,2327.13,2324.51,2325.20
2024.06.24 11:00,2325.17,2328.07,2324.11,2326.21
2024.06.24 12:00,2326.31,2327.86,2323.29,2327.63
2024.06.24 13:00,2327.63,2333.87,2325.90,2328.07
2024.06.24 14:00,2328.07,2333.66,2326.98,2330.69
2024.06.24 15:00,2330.69,2333.15,2327.52,2327.63
2024.06.24 16:00,2327.62,2332.21,2326.88,2331.66
2024.06.24 17:00,2331.64,2333.17,2330.59,2332.04
2024.06.24 18:00,2332.09,2334.63,2331.96,2333.76
2024.06.24 19:00,2333.77,2333.77,2330.94,2331.71
2024.06.24 20:00,2332.03,2334.57,2332.02,2334.51
2024.06.24 23:00,2331.74,2331.95,2330.23,2330.86
2024.06.25 00:00,2330.93,2330.93,2328.26,2330.07
2024.06.25 01:00,2330.03,2330.95,2323.21,2325.88
2024.06.25 02:00,2325.88,2327.04,2324.54,2326.55
2024.06.25 03:00,2326.51,2328.54,2323.98,2324.12
2024.06.25 04:00,2324.21,2327.78,2322.75,2327.45
2024.06.25 05:00,2327.38,2330.10,2324.57,2324.97
2024.06.25 06:00,2325.01,2328.12,2323.47,2327.31
2024.06.25 07:00,2327.13,2327.71,2324.06,2324.82
2024.06.25 08:00,2324.76,2330.55,2322.88,2329.59
2024.06.25 09:00,2329.11,2334.01,2329.05,2333.10
2024.06.25 10:00,2333.09,2337.08,2332.65,2335.31
2024.06.25 11:00,2335.32,2335.84,2327.38,2330.20
2024.06.25 12:00,2330.19,2330.49,2324.08,2324.17
2024.06.25 13:00,2324.25,2327.43,2320.25,2325.74
2024.06.25 14:00,2324.97,2328.17,2319.50,2327.10
2024.06.25 15:00,2327.21,2327.73,2315.67,2324.79
2024.06.25 16:00,2324.78,2325.00,2315.51,2317.84
2024.06.25 17:00,2317.80,2320.05,2316.83,2319.12
2024.06.25 18:00,2319.23,2319.76,2317.04,2319.24
2024.06.25 19:00,2319.22,2320.56,2318.76,2319.78
2024.06.25 20:00,2319.73,2319.84,2318.01,2319.37
2024.06.25 23:00,2320.69,2321.45,2318.74,2320.02
2024.06.26 00:00,2320.01,2323.90,2317.75,2318.45
2024.06.26 01:00,2318.38,2320.79,2310.55,2312.96
2024.06.26 02:00,2312.98,2321.60,2312.42,2319.50
2024.06.26 03:00,2319.47,2321.07,2316.66,2317.28
2024.06.26 04:00,2317.29,2317.68,2315.11,2316.86
2024.06.26 05:00,2316.85,2318.17,2311.85,2312.06
2024.06.26 06:00,2312.05,2317.45,2309.67,2317.19
2024.06.26 07:00,2317.17,2317.35,2312.99,2316.10
2024.06.26 08:00,2316.10,2318.03,2312.96,2315.66
2024.06.26 09:00,2315.71,2318.40,2315.71,2316.36
2024.06.26 10:00,2316.36,2316.46,2307.72,2308.32
2024.06.26 11:00,2308.25,2313.99,2304.36,2313.03
2024.06.26 12:00,2313.14,2317.81,2310.16,2310.17
2024.06.26 13:00,2310.11,2311.57,2293.64,2296.34
2024.06.26 14:00,2295.76,2301.25,2295.36,2297.45
2024.06.26 15:00,2297.50,2304.16,2295.96,2300.02
2024.06.26 16:00,2300.00,2302.19,2298.54,2299.74
2024.06.26 17:00,2299.71,2303.01,2299.38,2301.95
2024.06.26 18:00,2301.94,2302.08,2298.54,2298.99
2024.06.26 19:00,2298.99,2299.49,2296.98,2298.68
2024.06.26 20:00,2298.69,2299.14,2297.21,2298.05
2024.06.26 23:00,2298.26,2298.63,2296.77,2298.41
2024.06.27 00:00,2298.40,2300.14,2297.94,2299.07
2024.06.27 01:00,2299.10,2299.76,2296.85,2297.80
2024.06.27 02:00,2297.80,2300.04,2297.78,2299.30
2024.06.27 03:00,2299.29,2299.89,2298.05,2299.02
2024.06.27 04:00,2299.03,2301.16,2298.78,2300.48
2024.06.27 05:00,2300.58,2300.59,2296.83,2297.52
2024.06.27 06:00,2297.57,2303.40,2296.53,2301.24
2024.06.27 07:00,2301.15,2302.56,2300.04,2302.34
2024.06.27 08:00,2302.25,2308.36,2302.06,2307.60
2024.06.27 09:00,2307.55,2313.75,2307.33,2312.61
2024.06.27 10:00,2312.65,2315.52,2312.34,2315.17
2024.06.27 11:00,2315.25,2317.84,2313.44,2317.10
2024.06.27 12:00,2317.15,2325.66,2316.15,2322.86
2024.06.27 13:00,2322.85,2324.92,2319.57,2323.36
2024.06.27 14:00,2323.29,2330.91,2322.71,2329.04
2024.06.27 15:00,2329.05,2330.88,2325.08,2327.56
2024.06.27 16:00,2327.34,2328.27,2324.02,2325.41
2024.06.27 17:00,2325.42,2327.98,2324.31,2325.85
2024.06.27 18:00,2325.89,2326.39,2322.45,2326.27
2024.06.27 19:00,2326.27,2327.76,2325.66,2326.10
2024.06.27 20:00,2325.95,2328.49,2325.50,2327.69
2024.06.27 23:00,2326.90,2327.92,2326.48,2327.72
2024.06.28 00:00,2327.73,2328.23,2321.43,2321.63
2024.06.28 01:00,2321.56,2324.43,2319.12,2320.36
2024.06.28 02:00,2320.35,2324.23,2319.88,2323.68
2024.06.28 03:00,2323.66,2325.02,2320.83,2321.79
2024.06.28 04:00,2321.85,2321.85,2319.75,2321.25
2024.06.28 05:00,2321.24,2327.01,2321.03,2325.75
2024.06.28 06:00,2325.68,2328.11,2325.12,2327.42
2024.06.28 07:00,2327.47,2328.81,2324.83,2327.17
2024.06.28 08:00,2327.19,2331.93,2326.49,2328.73
2024.06.28 09:00,2328.74,2330.39,2327.25,2330.32
2024.06.28 10:00,2330.27,2336.83,2329.45,2335.84
2024.06.28 11:00,2335.86,2337.12,2333.31,2333.95
2024.06.28 12:00,2334.00,2339.23,2332.17,2335.50
2024.06.28 13:00,2335.47,2339.74,2326.79,2330.46
2024.06.28 14:00,2331.77,2333.74,2322.87,2326.53
2024.06.28 15:00,2326.55,2330.40,2324.22,2328.62
2024.06.28 16:00,2328.67,2332.54,2327.73,2329.98
2024.06.28 17:00,2329.99,2332.69,2326.42,2326.83
2024.06.28 18:00,2326.87,2328.45,2325.33,2325.75
2024.06.28 19:00,2325.74,2326.30,2323.00,2325.07
2024.06.28 20:00,2325.06,2326.74,2322.85,2326.42
2024.06.30 23:00,2324.57,2326.12,2323.13,2324.92
2024.07.01 00:00,2324.93,2325.33,2322.18,2324.84
2024.07.01 01:00,2324.84,2328.57,2323.52,2327.89
2024.07.01 02:00,2327.81,2327.81,2324.45,2326.64
2024.07.01 03:00,2326.64,2327.64,2324.47,2324.73
2024.07.01 04:00,2324.73,2326.16,2321.39,2323.68
2024.07.01 05:00,2323.67,2323.95,2318.51,2321.88
2024.07.01 06:00,2321.87,2329.01,2321.31,2326.49
2024.07.01 07:00,2326.49,2326.97,2323.67,2323.74
2024.07.01 08:00,2323.59,2326.26,2321.94,2325.86
2024.07.01 09:00,2325.86,2329.47,2325.46,2327.42
2024.07.01 10:00,2327.48,2332.56,2327.48,2332.56
2024.07.01 11:00,2332.76,2338.28,2332.11,2338.22
2024.07.01 12:00,2338.22,2338.51,2327.17,2327.35
2024.07.01 13:00,2327.44,2334.12,2325.46,2327.27
2024.07.01 14:00,2330.39,2334.24,2319.29,2324.05
2024.07.01 15:00,2324.18,2329.00,2323.06,2327.81
2024.07.01 16:00,2327.82,2331.81,2326.69,2328.15
2024.07.01 17:00,2328.16,2329.89,2326.78,2329.24
2024.07.01 18:00,2329.11,2330.74,2327.01,2329.86
2024.07.01 19:00,2329.93,2331.48,2328.96,2330.96
2024.07.01 20:00,2331.01,2332.41,2330.91,2331.76
2024.07.01 23:00,2331.84,2332.58,2331.32,2332.27
2024.07.02 00:00,2332.27,2333.89,2331.81,2333.05
2024.07.02 01:00,2333.04,2334.22,2331.31,2333.99
2024.07.02 02:00,2334.05,2334.32,2331.21,2332.33
2024.07.02 03:00,2332.32,2332.70,2325.73,2325.99
2024.07.02 04:00,2326.01,2327.89,2324.93,2327.31
2024.07.02 05:00,2327.31,2330.83,2326.36,2329.91
2024.07.02 06:00,2330.23,2331.78,2327.64,2330.83
2024.07.02 07:00,2330.38,2330.97,2323.32,2330.80
2024.07.02 08:00,2330.86,2332.45,2328.46,2331.18
2024.07.02 09:00,2331.18,2331.92,2324.10,2324.81
2024.07.02 10:00,2324.88,2326.52,2322.87,2324.56
2024.07.02 11:00,2324.52,2325.62,2320.00,2320.73
2024.07.02 12:00,2320.92,2328.69,2319.34,2327.48
2024.07.02 13:00,2327.47,2336.75,2326.12,2333.90
2024.07.02 14:00,2334.31,2334.31,2323.00,2326.63
2024.07.02 15:00,2326.67,2330.41,2324.10,2324.74
2024.07.02 16:00,2324.78,2324.93,2320.96,2322.86
2024.07.02 17:00,2322.86,2325.17,2322.05,2324.65
2024.07.02 18:00,2324.64,2328.82,2324.53,2328.31
2024.07.02 19:00,2328.31,2331.29,2328.10,2330.85
2024.07.02 20:00,2330.82,2330.96,2328.71,2329.38
2024.07.02 23:00,2330.04,2331.41,2329.70,2330.30
2024.07.03 00:00,2330.29,2332.15,2330.23,2330.23
2024.07.03 01:00,2330.21,2331.60,2328.47,2329.10
2024.07.03 02:00,2329.10,2331.08,2326.88,2328.91
2024.07.03 03:00,2328.91,2332.52,2328.03,2331.73
2024.07.03 04:00,2331.74,2335.24,2331.74,2334.46
2024.07.03 05:00,2334.40,2335.73,2332.00,2333.29
2024.07.03 06:00,2333.32,2341.19,2332.99,2340.16
2024.07.03 07:00,2340.16,2347.18,2338.91,2345.39
2024.07.03 08:00,2345.36,2347.56,2343.10,2344.65
2024.07.03 09:00,2344.69,2346.49,2342.13,2346.34
2024.07.03 10:00,2346.34,2349.49,2344.55,2347.01
2024.07.03 11:00,2346.83,2346.88,2342.39,2345.37
2024.07.03 12:00,2345.38,2356.11,2344.91,2350.53
2024.07.03 13:00,2350.46,2358.71,2347.60,2354.98
2024.07.03 14:00,2358.63,2364.91,2357.73,2362.44
2024.07.03 15:00,2362.46,2363.99,2359.96,2363.06
2024.07.03 16:00,2363.06,2363.12,2355.13,2356.57
2024.07.03 17:00,2356.49,2360.81,2353.89,2356.69
2024.07.03 18:00,2356.70,2357.93,2355.24,2356.37
2024.07.03 19:00,2356.34,2356.68,2353.76,2354.34
2024.07.03 20:00,2354.33,2356.34,2354.22,2355.81
2024.07.03 23:00,2358.86,2359.60,2357.68,2358.78
2024.07.04 00:00,2358.81,2359.30,2356.47,2358.56
2024.07.04 01:00,2358.56,2362.44,2358.28,2361.96
2024.07.04 02:00,2361.96,2362.26,2357.46,2359.28
2024.07.04 03:00,2359.28,2360.35,2357.12,2358.07
2024.07.04 04:00,2358.06,2359.59,2357.67,2358.47
2024.07.04 05:00,2358.46,2358.51,2355.52,2356.89
2024.07.04 06:00,2356.88,2357.24,2350.41,2356.39
2024.07.04 07:00,2356.31,2357.73,2353.66,2357.53
2024.07.04 08:00,2357.60,2359.62,2355.54,2358.84
2024.07.04 09:00,2358.87,2359.08,2355.71,2357.76
2024.07.04 10:00,2357.77,2359.12,2356.46,2358.06
2024.07.04 11:00,2358.06,2359.99,2357.54,2358.47
2024.07.04 12:00,2358.46,2360.36,2356.96,2357.72
2024.07.04 13:00,2357.75,2360.08,2357.22,2359.72
2024.07.04 14:00,2359.72,2361.80,2358.02,2358.92
2024.07.04 15:00,2358.93,2360.61,2355.52,2357.42
2024.07.04 16:00,2357.37,2359.09,2356.93,2357.81
2024.07.04 17:00,2357.71,2358.02,2356.15,2356.27
2024.07.04 18:00,2356.29,2357.27,2356.15,2356.74
2024.07.04 23:00,2357.46,2357.70,2356.40,2356.73
2024.07.05 00:00,2356.73,2359.00,2356.02,2358.88
2024.07.05 01:00,2358.87,2360.26,2356.74,2358.41
2024.07.05 02:00,2358.40,2363.07,2358.09,2360.49
2024.07.05 03:00,2360.47,2362.31,2359.58,2361.84
2024.07.05 04:00,2361.84,2364.66,2361.35,2363.96
2024.07.05 05:00,2363.96,2364.98,2362.64,2364.74
2024.07.05 06:00,2364.77,2366.31,2363.59,2364.02
2024.07.05 07:00,2364.02,2367.47,2362.22,2365.30
2024.07.05 08:00,2365.30,2368.07,2364.63,2366.43
2024.07.05 09:00,2366.51,2366.88,2362.04,2362.46
2024.07.05 10:00,2362.44,2365.47,2361.87,2365.00
2024.07.05 11:00,2365.01,2365.97,2362.30,2365.84
2024.07.05 12:00,2365.86,2376.07,2352.48,2372.13
2024.07.05 13:00,2372.17,2385.10,2370.60,2383.21
2024.07.05 14:00,2383.17,2384.36,2374.50,2380.71
2024.07.05 15:00,2380.78,2388.32,2378.54,2384.72
2024.07.05 16:00,2384.73,2387.54,2383.97,2386.47
2024.07.05 17:00,2386.47,2389.86,2384.55,2385.83
2024.07.05 18:00,2385.84,2392.49,2385.17,2391.04
2024.07.05 19:00,2391.02,2392.87,2388.07,2388.72
2024.07.05 20:00,2388.88,2391.44,2388.21,2391.25
2024.07.07 23:00,2385.36,2386.88,2384.83,2386.07
2024.07.08 00:00,2385.93,2387.76,2384.54,2386.66
2024.07.08 01:00,2386.54,2391.07,2384.28,2386.51
2024.07.08 02:00,2386.42,2387.19,2381.46,2382.95
2024.07.08 03:00,2383.00,2384.21,2380.89,2382.97
2024.07.08 04:00,2383.13,2384.98,2382.11,2384.92
2024.07.08 05:00,2385.02,2386.75,2381.61,2382.83
2024.07.08 06:00,2382.76,2384.21,2376.68,2376.91
2024.07.08 07:00,2376.89,2381.11,2376.66,2377.88
2024.07.08 08:00,2377.87,2378.81,2371.93,2372.81
2024.07.08 09:00,2372.91,2373.82,2368.31,2370.24
2024.07.08 10:00,2370.10,2374.24,2369.72,2374.13
2024.07.08 11:00,2374.13,2375.63,2372.53,2375.38
2024.07.08 12:00,2375.28,2377.45,2370.30,2372.73
2024.07.08 13:00,2372.74,2377.08,2370.31,2375.62
2024.07.08 14:00,2375.44,2379.51,2373.22,2373.25
2024.07.08 15:00,2373.25,2374.99,2351.10,2355.52
2024.07.08 16:00,2355.51,2358.79,2351.09,2358.67
2024.07.08 17:00,2358.71,2359.70,2355.55,2357.25
2024.07.08 18:00,2357.16,2358.21,2354.88,2356.63
2024.07.08 19:00,2356.61,2359.83,2356.15,2359.13
2024.07.08 20:00,2359.20,2359.85,2358.01,2359.05
2024.07.08 23:00,2359.86,2362.08,2359.85,2361.77
2024.07.09 00:00,2361.83,2363.66,2360.82,2361.87
2024.07.09 01:00,2361.97,2365.30,2361.40,2363.46
2024.07.09 02:00,2363.36,2366.68,2360.20,2364.03
2024.07.09 03:00,2364.03,2367.97,2363.35,2367.70
2024.07.09 04:00,2367.72,2368.76,2366.37,2367.37
2024.07.09 05:00,2367.30,2368.34,2364.16,2364.54
2024.07.09 06:00,2364.55,2365.52,2362.79,2364.10
2024.07.09 07:00,2364.15,2364.53,2358.41,2359.00
2024.07.09 08:00,2359.02,2361.97,2358.29,2361.65
2024.07.09 09:00,2361.70,2365.37,2361.57,2364.29
2024.07.09 10:00,2364.35,2365.55,2362.11,2363.09
2024.07.09 11:00,2363.14,2363.14,2357.58,2360.61
2024.07.09 12:00,2360.67,2361.20,2356.12,2360.17
2024.07.09 13:00,2360.17,2368.51,2359.46,2367.73
2024.07.09 14:00,2367.16,2371.55,2354.11,2354.91
2024.07.09 15:00,2354.99,2362.27,2349.52,2362.10
2024.07.09 16:00,2362.11,2363.07,2356.52,2357.52
2024.07.09 17:00,2357.52,2362.55,2357.52,2361.85
2024.07.09 18:00,2361.87,2365.33,2361.07,2364.54
2024.07.09 19:00,2364.59,2365.62,2362.92,2363.58
2024.07.09 20:00,2363.67,2365.01,2363.58,2363.88
2024.07.09 23:00,2364.41,2366.03,2364.41,2365.02
2024.07.10 00:00,2365.10,2366.46,2364.47,2364.65
2024.07.10 01:00,2364.71,2369.80,2363.28,2368.18
2024.07.10 02:00,2368.19,2370.32,2366.90,2369.31
2024.07.10 03:00,2369.31,2369.82,2366.45,2368.18
2024.07.10 04:00,2368.19,2368.86,2366.65,2367.73
2024.07.10 05:00,2367.73,2370.34,2367.31,2368.40
2024.07.10 06:00,2368.49,2372.78,2367.19,2371.96
2024.07.10 07:00,2372.05,2374.92,2371.44,2372.69
2024.07.10 08:00,2372.69,2374.26,2371.49,2372.85
2024.07.10 09:00,2372.85,2374.21,2371.68,2371.93
2024.07.10 10:00,2371.87,2375.34,2371.82,2372.52
2024.07.10 11:00,2372.51,2378.34,2372.49,2378.33
2024.07.10 12:00,2378.36,2381.82,2377.26,2377.81
2024.07.10 13:00,2377.66,2386.64,2376.21,2383.21
2024.07.10 14:00,2383.26,2385.14,2373.97,2374.90
2024.07.10 15:00,2374.90,2380.77,2374.01,2378.77
2024.07.10 16:00,2378.86,2381.29,2376.64,2377.84
2024.07.10 17:00,2377.84,2378.52,2370.41,2373.05
2024.07.10 18:00,2372.96,2373.55,2369.90,2372.64
2024.07.10 19:00,2372.65,2372.65,2370.53,2371.77
2024.07.10 20:00,2371.81,2372.43,2370.83,2370.99
2024.07.10 23:00,2372.79,2372.86,2372.27,2372.85
2024.07.11 00:00,2372.86,2374.35,2371.45,2374.16
2024.07.11 01:00,2374.17,2376.32,2373.11,2375.94
2024.07.11 02:00,2375.94,2377.79,2374.34,2377.40
2024.07.11 03:00,2377.39,2380.22,2376.88,2378.76
2024.07.11 04:00,2378.76,2382.46,2378.68,2382.01
2024.07.11 05:00,2382.01,2383.00,2381.19,2382.55
2024.07.11 06:00,2382.54,2383.25,2378.51,2381.85
2024.07.11 07:00,2381.79,2382.04,2378.88,2379.95
2024.07.11 08:00,2379.99,2384.10,2379.56,2381.41
2024.07.11 09:00,2381.42,2384.60,2381.42,2384.08
2024.07.11 10:00,2384.08,2384.09,2380.48,2382.30
2024.07.11 11:00,2382.25,2383.43,2379.03,2380.79
2024.07.11 12:00,2380.68,2409.75,2377.34,2406.30
2024.07.11 13:00,2406.27,2412.92,2395.86,2406.66
2024.07.11 14:00,2406.69,2417.96,2404.32,2417.75
2024.07.11 15:00,2417.76,2424.55,2412.48,2417.24
2024.07.11 16:00,2417.31,2419.24,2411.62,2411.63
2024.07.11 17:00,2411.63,2416.66,2409.98,2413.71
2024.07.11 18:00,2413.62,2416.65,2412.87,2416.42
2024.07.11 19:00,2416.43,2418.63,2414.05,2414.15
2024.07.11 20:00,2414.45,2415.68,2413.21,2415.68
2024.07.11 23:00,2414.02,2416.08,2411.98,2415.96
2024.07.12 00:00,2415.90,2416.27,2411.09,2412.03
2024.07.12 01:00,2411.74,2414.22,2407.13,2407.96
2024.07.12 02:00,2408.02,2411.04,2406.65,2409.61
2024.07.12 03:00,2409.46,2410.22,2408.57,2408.75
2024.07.12 04:00,2408.76,2409.91,2408.23,2408.58
2024.07.12 05:00,2408.62,2410.10,2405.43,2408.07
2024.07.12 06:00,2408.05,2408.32,2402.21,2404.16
2024.07.12 07:00,2404.14,2405.55,2400.35,2404.17
2024.07.12 08:00,2404.17,2408.21,2403.77,2407.48
2024.07.12 09:00,2407.47,2408.32,2403.24,2404.96
2024.07.12 10:00,2404.88,2405.52,2399.82,2400.18
2024.07.12 11:00,2400.27,2402.69,2398.32,2401.72
2024.07.12 12:00,2401.74,2404.30,2391.50,2397.93
2024.07.12 13:00,2398.04,2405.66,2396.85,2403.33
2024.07.12 14:00,2403.19,2410.84,2403.19,2408.98
2024.07.12 15:00,2408.96,2413.73,2408.06,2411.77
2024.07.12 16:00,2411.77,2416.93,2411.72,2415.94
2024.07.12 17:00,2415.95,2418.28,2414.48,2417.86
2024.07.12 18:00,2417.85,2417.99,2413.90,2414.17
2024.07.12 19:00,2414.19,2414.79,2412.23,2412.78
2024.07.12 20:00,2412.72,2412.72,2410.57,2411.00
2024.07.14 23:00,2407.60,2408.75,2405.67,2408.68
2024.07.15 00:00,2408.75,2408.83,2406.24,2408.55
2024.07.15 01:00,2408.46,2410.33,2404.94,2410.02
2024.07.15 02:00,2410.06,2410.97,2408.19,2409.18
2024.07.15 03:00,2409.19,2412.00,2408.64,2411.64
2024.07.15 04:00,2411.67,2413.34,2410.74,2411.52
2024.07.15 05:00,2411.50,2413.89,2408.01,2408.14
2024.07.15 06:00,2408.16,2408.28,2402.04,2403.24
2024.07.15 07:00,2403.23,2407.99,2401.34,2407.98
2024.07.15 08:00,2407.98,2412.07,2406.95,2412.06
2024.07.15 09:00,2412.06,2412.63,2407.73,2410.71
2024.07.15 10:00,2410.71,2415.80,2410.70,2414.82
2024.07.15 11:00,2414.81,2420.34,2414.57,2418.27
2024.07.15 12:00,2418.27,2420.81,2413.54,2414.85
2024.07.15 13:00,2414.79,2419.31,2411.46,2419.11
2024.07.15 14:00,2418.67,2432.01,2418.20,2431.62
2024.07.15 15:00,2431.57,2437.44,2431.49,2433.34
2024.07.15 16:00,2433.32,2439.67,2429.61,2430.23
2024.07.15 17:00,2430.27,2430.27,2420.54,2421.44
2024.07.15 18:00,2421.56,2424.84,2419.78,2422.44
2024.07.15 19:00,2422.42,2423.26,2420.26,2421.14
2024.07.15 20:00,2421.20,2422.41,2420.66,2422.23
2024.07.15 23:00,2421.00,2422.70,2420.99,2422.53
2024.07.16 00:00,2422.54,2422.76,2420.03,2421.21
2024.07.16 01:00,2421.24,2427.76,2421.24,2427.32
2024.07.16 02:00,2427.34,2430.28,2426.08,2430.21
2024.07.16 03:00,2430.20,2431.45,2426.65,2428.65
2024.07.16 04:00,2428.65,2429.44,2425.13,2429.25
2024.07.16 05:00,2429.15,2432.79,2428.17,2431.94
2024.07.16 06:00,2431.89,2433.87,2428.18,2433.87
2024.07.16 07:00,2433.98,2439.29,2432.60,2437.02
2024.07.16 08:00,2437.02,2438.55,2433.62,2436.62
2024.07.16 09:00,2436.63,2443.36,2435.10,2442.48
2024.07.16 10:00,2442.46,2443.33,2439.71,2440.06
2024.07.16 11:00,2440.13,2442.38,2438.21,2439.57
2024.07.16 12:00,2439.56,2443.99,2429.46,2432.66
2024.07.16 13:00,2432.58,2447.96,2430.97,2442.76
2024.07.16 14:00,2442.88,2454.06,2440.53,2452.05
2024.07.16 15:00,2452.06,2465.26,2451.94,2463.21
2024.07.16 16:00,2463.21,2463.69,2457.89,2459.20
2024.07.16 17:00,2459.19,2466.31,2458.75,2464.62
2024.07.16 18:00,2464.64,2466.54,2462.48,2465.38
2024.07.16 19:00,2465.40,2468.70,2463.19,2468.53
2024.07.16 20:00,2468.56,2469.65,2466.85,2468.96
2024.07.16 23:00,2469.07,2469.81,2467.43,2468.28
2024.07.17 00:00,2468.25,2473.24,2466.23,2468.76
2024.07.17 01:00,2468.74,2481.25,2468.58,2479.52
2024.07.17 02:00,2479.76,2482.37,2469.60,2474.68
2024.07.17 03:00,2474.62,2474.62,2463.96,2471.75
2024.07.17 04:00,2471.80,2472.73,2467.70,2467.82
2024.07.17 05:00,2467.75,2470.99,2465.44,2465.47
2024.07.17 06:00,2465.42,2467.50,2461.85,2466.41
2024.07.17 07:00,2466.42,2474.41,2464.10,2474.23
2024.07.17 08:00,2474.21,2478.87,2471.53,2475.01
2024.07.17 09:00,2475.02,2475.48,2469.84,2475.14
2024.07.17 10:00,2475.14,2476.37,2466.68,2467.86
2024.07.17 11:00,2467.86,2473.27,2467.30,2470.09
2024.07.17 12:00,2470.00,2475.37,2468.72,2473.40
2024.07.17 13:00,2473.40,2483.40,2471.36,2482.97
2024.07.17 14:00,2482.80,2483.70,2461.09,2463.65
2024.07.17 15:00,2463.56,2465.93,2458.04,2463.50
2024.07.17 16:00,2463.53,2465.04,2452.82,2455.64
2024.07.17 17:00,2455.65,2459.29,2451.91,2452.60
2024.07.17 18:00,2452.49,2458.13,2451.50,2457.95
2024.07.17 19:00,2457.95,2460.35,2457.05,2458.05
2024.07.17 20:00,2457.97,2459.38,2457.27,2458.64
2024.07.17 23:00,2459.27,2461.92,2459.16,2461.32
2024.07.18 00:00,2461.38,2461.49,2457.39,2458.86
2024.07.18 01:00,2458.85,2464.13,2457.58,2462.43
2024.07.18 02:00,2462.42,2466.01,2460.33,2465.65
2024.07.18 03:00,2465.65,2468.98,2465.32,2468.04
2024.07.18 04:00,2468.04,2468.22,2465.08,2465.26
2024.07.18 05:00,2465.32,2469.91,2464.95,2466.93
2024.07.18 06:00,2467.07,2472.12,2464.62,2471.50
2024.07.18 07:00,2471.64,2474.89,2470.81,2471.93
2024.07.18 08:00,2472.00,2473.71,2465.63,2465.98
2024.07.18 09:00,2465.98,2467.69,2464.73,2465.70
2024.07.18 10:00,2465.69,2466.34,2461.61,2464.24
2024.07.18 11:00,2464.22,2466.36,2462.23,2464.48
2024.07.18 12:00,2464.57,2468.81,2462.60,2464.01
2024.07.18 13:00,2464.00,2466.26,2457.62,2465.10
2024.07.18 14:00,2465.10,2469.82,2460.19,2468.45
2024.07.18 15:00,2468.45,2469.08,2461.18,2461.25
2024.07.18 16:00,2461.31,2462.05,2455.82,2456.15
2024.07.18 17:00,2456.15,2457.52,2451.73,2456.31
2024.07.18 18:00,2456.32,2456.52,2450.85,2451.47
2024.07.18 19:00,2451.48,2451.75,2440.38,2442.96
2024.07.18 20:00,2443.02,2445.47,2441.35,2445.19
2024.07.18 23:00,2444.32,2445.17,2441.28,2441.28
2024.07.19 00:00,2441.33,2441.34,2426.23,2434.34
2024.07.19 01:00,2434.25,2434.60,2420.48,2426.23
2024.07.19 02:00,2426.21,2428.73,2422.66,2428.39
2024.07.19 03:00,2428.39,2429.53,2425.09,2428.81
2024.07.19 04:00,2428.81,2429.34,2424.08,2425.53
2024.07.19 05:00,2425.53,2426.16,2421.11,2423.35
2024.07.19 06:00,2423.35,2423.96,2414.41,2419.94
2024.07.19 07:00,2420.00,2422.17,2412.92,2418.23
2024.07.19 08:00,2418.24,2421.64,2416.36,2420.47
2024.07.19 09:00,2420.47,2421.13,2414.88,2416.16
2024.07.19 10:00,2416.29,2416.30,2410.66,2412.47
2024.07.19 11:00,2412.47,2414.36,2408.46,2410.06
2024.07.19 12:00,2410.18,2410.18,2401.62,2403.73
2024.07.19 13:00,2403.76,2406.63,2393.81,2403.84
2024.07.19 14:00,2403.58,2404.71,2396.07,2397.98
2024.07.19 15:00,2397.93,2408.41,2397.83,2405.41
2024.07.19 16:00,2405.38,2405.98,2399.35,2399.65
2024.07.19 17:00,2399.73,2400.78,2395.65,2399.17
2024.07.19 18:00,2399.22,2400.29,2397.14,2398.58
2024.07.19 19:00,2398.60,2400.09,2397.10,2398.63
2024.07.19 20:00,2398.61,2400.65,2397.78,2400.56
2024.07.21 23:00,2411.18,2411.95,2409.28,2411.54
2024.07.22 00:00,2411.55,2411.66,2406.88,2407.88
2024.07.22 01:00,2407.85,2412.12,2405.73,2406.45
2024.07.22 02:00,2406.45,2408.21,2403.36,2406.56
2024.07.22 03:00,2406.55,2409.52,2405.88,2406.78
2024.07.22 04:00,2406.81,2407.19,2403.21,2405.65
2024.07.22 05:00,2405.65,2407.44,2402.98,2402.98
2024.07.22 06:00,2402.96,2405.27,2399.04,2402.39
2024.07.22 07:00,2402.50,2404.61,2399.73,2402.56
2024.07.22 08:00,2402.66,2404.62,2399.85,2400.84
2024.07.22 09:00,2400.86,2405.69,2399.87,2404.47
2024.07.22 10:00,2404.63,2408.38,2403.70,2406.88
2024.07.22 11:00,2406.88,2407.59,2398.01,2398.01
2024.07.22 12:00,2398.03,2399.55,2388.80,2394.33
2024.07.22 13:00,2394.21,2400.15,2391.42,2392.71
2024.07.22 14:00,2392.66,2394.81,2383.87,2387.23
2024.07.22 15:00,2387.22,2390.52,2384.30,2386.30
2024.07.22 16:00,2386.27,2393.28,2386.08,2393.04
2024.07.22 17:00,2393.16,2396.36,2391.82,2394.05
2024.07.22 18:00,2394.06,2396.45,2392.48,2395.75
2024.07.22 19:00,2395.75,2400.03,2395.15,2398.99
2024.07.22 20:00,2398.96,2399.47,2395.71,2396.60
2024.07.22 23:00,2395.22,2396.13,2394.78,2395.73
2024.07.23 00:00,2395.77,2400.22,2395.53,2399.94
2024.07.23 01:00,2399.94,2403.96,2397.86,2401.13
2024.07.23 02:00,2401.14,2402.44,2397.59,2399.68
2024.07.23 03:00,2399.69,2400.79,2396.23,2398.34
2024.07.23 04:00,2398.32,2399.62,2395.84,2396.50
2024.07.23 05:00,2396.56,2396.87,2390.73,2392.57
2024.07.23 06:00,2392.38,2393.75,2388.29,2390.46
2024.07.23 07:00,2390.38,2399.22,2390.01,2397.90
2024.07.23 08:00,2397.95,2407.10,2396.31,2404.04
2024.07.23 09:00,2404.08,2408.10,2403.18,2406.87
2024.07.23 10:00,2406.93,2408.26,2405.60,2407.70
2024.07.23 11:00,2407.69,2411.97,2406.07,2407.67
2024.07.23 12:00,2407.62,2409.31,2403.67,2405.45
2024.07.23 13:00,2405.42,2407.63,2399.58,2401.97
2024.07.23 14:00,2402.00,2407.43,2399.63,2402.95
2024.07.23 15:00,2402.94,2407.18,2402.15,2405.48
2024.07.23 16:00,2405.41,2406.75,2402.92,2405.37
2024.07.23 17:00,2405.35,2408.19,2402.63,2404.97
2024.07.23 18:00,2405.08,2406.17,2403.79,2405.71
2024.07.23 19:00,2405.72,2408.98,2405.41,2407.54
2024.07.23 20:00,2407.58,2409.90,2405.41,2409.23
2024.07.23 23:00,2409.33,2409.45,2407.87,2408.52
2024.07.24 00:00,2408.58,2410.20,2408.01,2408.27
2024.07.24 01:00,2408.28,2412.13,2404.97,2408.23
2024.07.24 02:00,2408.20,2415.86,2407.18,2414.17
2024.07.24 03:00,2414.17,2418.33,2413.69,2416.51
2024.07.24 04:00,2416.45,2418.03,2414.77,2417.85
2024.07.24 05:00,2417.85,2417.97,2413.04,2416.15
2024.07.24 06:00,2416.10,2419.17,2414.18,2417.53
2024.07.24 07:00,2417.47,2417.85,2411.57,2414.63
2024.07.24 08:00,2414.59,2415.11,2410.69,2411.78
2024.07.24 09:00,2411.79,2414.87,2409.81,2413.41
2024.07.24 10:00,2413.43,2416.44,2412.21,2413.67
2024.07.24 11:00,2413.67,2417.77,2410.61,2417.49
2024.07.24 12:00,2417.50,2421.99,2416.27,2421.45
2024.07.24 13:00,2421.49,2426.65,2413.60,2421.82
2024.07.24 14:00,2421.72,2432.00,2419.25,2430.31
2024.07.24 15:00,2430.41,2431.38,2422.37,2424.81
2024.07.24 16:00,2424.81,2424.86,2418.60,2419.02
2024.07.24 17:00,2419.03,2419.54,2408.03,2409.18
2024.07.24 18:00,2409.18,2409.44,2405.67,2408.23
2024.07.24 19:00,2408.20,2408.70,2398.35,2398.39
2024.07.24 20:00,2398.91,2400.48,2396.58,2397.73
2024.07.24 23:00,2397.93,2401.20,2397.05,2398.69
2024.07.25 00:00,2398.79,2399.31,2396.04,2397.11
2024.07.25 01:00,2397.11,2400.04,2370.49,2376.46
2024.07.25 02:00,2376.46,2380.73,2369.91,2372.62
2024.07.25 03:00,2372.57,2375.56,2366.81,2374.78
2024.07.25 04:00,2374.78,2378.00,2373.21,2377.63
2024.07.25 05:00,2377.66,2377.89,2369.09,2376.35
2024.07.25 06:00,2376.32,2378.76,2369.92,2372.14
2024.07.25 07:00,2372.11,2377.51,2365.87,2374.06
2024.07.25 08:00,2374.20,2377.61,2372.02,2374.65
2024.07.25 09:00,2374.51,2376.23,2370.48,2373.71
2024.07.25 10:00,2373.70,2382.50,2371.96,2381.24
2024.07.25 11:00,2381.25,2381.75,2368.04,2368.53
2024.07.25 12:00,2368.53,2375.40,2362.79,2371.14
2024.07.25 13:00,2371.12,2376.34,2362.12,2365.00
2024.07.25 14:00,2364.93,2368.42,2358.01,2366.69
2024.07.25 15:00,2366.69,2368.43,2362.17,2363.16
2024.07.25 16:00,2363.13,2364.59,2357.58,2362.67
2024.07.25 17:00,2362.72,2365.47,2353.10,2356.15
2024.07.25 18:00,2356.16,2360.29,2354.29,2357.15
2024.07.25 19:00,2357.00,2363.88,2356.15,2362.53
2024.07.25 20:00,2362.52,2365.23,2359.39,2364.18
2024.07.25 23:00,2363.29,2364.76,2362.07,2363.83
2024.07.26 00:00,2363.97,2365.37,2362.22,2362.72
2024.07.26 01:00,2362.69,2374.01,2355.81,2373.60
2024.07.26 02:00,2373.64,2379.36,2370.55,2374.29
2024.07.26 03:00,2374.29,2378.37,2371.54,2371.76
2024.07.26 04:00,2371.79,2372.83,2369.80,2369.87
2024.07.26 05:00,2369.86,2375.31,2368.30,2374.28
2024.07.26 06:00,2374.34,2374.45,2365.25,2369.67
2024.07.26 07:00,2369.60,2372.02,2367.69,2371.62
2024.07.26 08:00,2371.61,2374.15,2369.37,2372.96
2024.07.26 09:00,2372.96,2374.53,2371.72,2373.80
2024.07.26 10:00,2373.77,2375.32,2372.68,2372.74
2024.07.26 11:00,2372.74,2375.76,2370.32,2373.30
2024.07.26 12:00,2373.29,2379.06,2371.06,2377.54
2024.07.26 13:00,2377.55,2383.21,2374.10,2380.87
2024.07.26 14:00,2380.78,2390.77,2379.80,2381.97
2024.07.26 15:00,2381.97,2386.95,2379.97,2385.20
2024.07.26 16:00,2385.26,2390.33,2384.61,2389.15
2024.07.26 17:00,2389.16,2389.19,2381.16,2383.46
2024.07.26 18:00,2383.46,2386.23,2382.77,2384.40
2024.07.26 19:00,2384.45,2387.05,2382.68,2386.34
2024.07.26 20:00,2386.61,2388.69,2385.49,2386.89
2024.07.28 23:00,2395.85,2398.91,2394.71,2397.06
2024.07.29 00:00,2397.09,2401.62,2397.07,2400.03
2024.07.29 01:00,2400.04,2402.49,2388.70,2392.86
2024.07.29 02:00,2392.72,2394.74,2390.99,2393.25
2024.07.29 03:00,2393.18,2395.22,2391.98,2394.62
2024.07.29 04:00,2394.61,2396.05,2393.36,2394.91
2024.07.29 05:00,2394.91,2396.19,2390.26,2392.74
2024.07.29 06:00,2392.71,2395.47,2390.78,2391.76
2024.07.29 07:00,2391.73,2394.38,2389.48,2391.56
2024.07.29 08:00,2391.59,2392.68,2386.96,2390.34
2024.07.29 09:00,2390.35,2393.45,2389.88,2392.78
2024.07.29 10:00,2392.78,2395.36,2392.00,2392.60
2024.07.29 11:00,2392.57,2393.04,2386.86,2387.74
2024.07.29 12:00,2387.74,2394.21,2385.46,2393.87
2024.07.29 13:00,2393.87,2396.72,2389.86,2391.87
2024.07.29 14:00,2392.11,2394.07,2380.13,2381.39
2024.07.29 15:00,2381.25,2383.01,2369.70,2376.81
2024.07.29 16:00,2377.01,2378.99,2374.59,2378.11
2024.07.29 17:00,2378.20,2383.38,2377.42,2378.26
2024.07.29 18:00,2378.26,2380.76,2376.97,2379.53
2024.07.29 19:00,2379.98,2385.42,2378.32,2382.98
2024.07.29 20:00,2382.99,2384.56,2381.24,2384.12
2024.07.29 23:00,2384.10,2384.25,2380.92,2381.12
2024.07.30 00:00,2381.21,2383.81,2380.27,2381.81
2024.07.30 01:00,2381.81,2382.39,2376.52,2379.72
2024.07.30 02:00,2379.72,2383.23,2378.51,2381.85
2024.07.30 03:00,2381.85,2385.96,2381.45,2385.75
2024.07.30 04:00,2385.73,2388.28,2385.70,2386.37
2024.07.30 05:00,2386.33,2389.84,2386.06,2388.77
2024.07.30 06:00,2388.76,2391.03,2387.79,2390.37
2024.07.30 07:00,2390.77,2392.01,2388.85,2390.32
2024.07.30 08:00,2390.33,2391.49,2388.58,2389.41
2024.07.30 09:00,2389.43,2390.06,2387.82,2389.13
2024.07.30 10:00,2389.13,2392.38,2387.87,2391.61
2024.07.30 11:00,2391.59,2392.11,2386.99,2387.10
2024.07.30 12:00,2387.18,2388.31,2385.75,2386.56
2024.07.30 13:00,2386.64,2397.73,2385.77,2393.41
2024.07.30 14:00,2393.05,2395.93,2387.63,2391.66
2024.07.30 15:00,2391.61,2392.39,2383.43,2385.35
2024.07.30 16:00,2385.36,2400.28,2385.04,2399.83
2024.07.30 17:00,2399.85,2410.80,2399.85,2405.74
2024.07.30 18:00,2405.88,2407.33,2403.69,2404.91
2024.07.30 19:00,2404.90,2408.34,2403.89,2407.04
2024.07.30 20:00,2406.97,2412.66,2406.97,2410.60
2024.07.30 23:00,2409.37,2410.22,2408.54,2409.85
2024.07.31 00:00,2409.87,2410.06,2407.92,2408.99
2024.07.31 01:00,2408.92,2412.20,2403.87,2409.09
2024.07.31 02:00,2409.01,2409.38,2403.61,2407.40
2024.07.31 03:00,2407.34,2418.94,2407.21,2416.39
2024.07.31 04:00,2416.53,2421.41,2414.44,2421.21
2024.07.31 05:00,2421.22,2422.15,2417.38,2417.87
2024.07.31 06:00,2417.80,2425.48,2416.55,2421.35
2024.07.31 07:00,2421.38,2421.90,2415.98,2417.21
2024.07.31 08:00,2417.18,2421.71,2415.39,2421.43
2024.07.31 09:00,2421.44,2422.25,2417.93,2421.04
2024.07.31 10:00,2421.04,2422.89,2417.60,2418.50
2024.07.31 11:00,2418.49,2423.27,2418.10,2419.54
2024.07.31 12:00,2419.64,2422.53,2417.38,2420.47
2024.07.31 13:00,2420.46,2427.55,2417.87,2426.34
2024.07.31 14:00,2426.27,2429.03,2419.23,2422.52
2024.07.31 15:00,2422.41,2424.23,2420.08,2423.08
2024.07.31 16:00,2423.07,2427.70,2422.44,2426.88
2024.07.31 17:00,2426.99,2429.02,2424.88,2424.88
2024.07.31 18:00,2424.93,2435.20,2421.53,2433.79
2024.07.31 19:00,2433.28,2450.84,2431.09,2449.91
2024.07.31 20:00,2449.90,2450.93,2446.14,2447.19
2024.07.31 23:00,2447.62,2447.95,2444.32,2445.74
2024.08.01 00:00,2445.74,2449.47,2445.29,2447.55
2024.08.01 01:00,2447.32,2458.33,2446.00,2451.38
2024.08.01 02:00,2451.34,2451.41,2437.32,2441.30
2024.08.01 03:00,2441.35,2444.55,2439.40,2442.74
2024.08.01 04:00,2442.74,2446.79,2442.48,2444.25
2024.08.01 05:00,2444.25,2447.94,2443.60,2446.97
2024.08.01 06:00,2446.83,2448.85,2444.09,2444.79
2024.08.01 07:00,2444.81,2444.91,2439.90,2440.32
2024.08.01 08:00,2440.33,2442.39,2433.24,2433.88
2024.08.01 09:00,2433.88,2435.07,2430.31,2433.05
2024.08.01 10:00,2433.06,2436.80,2432.00,2435.17
2024.08.01 11:00,2435.12,2442.97,2434.33,2440.81
2024.08.01 12:00,2440.84,2454.91,2440.36,2450.75
2024.08.01 13:00,2450.65,2457.35,2448.56,2452.78
2024.08.01 14:00,2458.05,2462.28,2443.19,2448.70
2024.08.01 15:00,2448.56,2451.77,2442.14,2445.15
2024.08.01 16:00,2445.17,2448.78,2443.46,2444.50
2024.08.01 17:00,2444.51,2444.71,2435.83,2439.36
2024.08.01 18:00,2439.38,2440.98,2434.93,2439.64
2024.08.01 19:00,2439.55,2444.09,2438.39,2443.16
2024.08.01 20:00,2443.13,2447.52,2441.80,2446.18
2024.08.01 23:00,2445.02,2446.55,2444.08,2445.78
2024.08.02 00:00,2445.86,2452.28,2443.90,2449.04
2024.08.02 01:00,2449.04,2450.88,2434.99,2447.16
2024.08.02 02:00,2447.16,2455.66,2446.76,2455.56
2024.08.02 03:00,2455.55,2459.36,2451.72,2454.51
2024.08.02 04:00,2454.50,2460.33,2454.30,2457.88
2024.08.02 05:00,2457.90,2466.85,2457.68,2466.75
2024.08.02 06:00,2466.86,2468.47,2462.48,2465.58
2024.08.02 07:00,2465.49,2466.73,2460.20,2461.65
2024.08.02 08:00,2461.65,2465.31,2460.95,2462.04
2024.08.02 09:00,2462.04,2464.21,2461.01,2463.91
2024.08.02 10:00,2463.90,2465.33,2460.91,2463.54
2024.08.02 11:00,2463.54,2464.70,2457.62,2459.23
2024.08.02 12:00,2459.15,2477.67,2455.53,2472.92
2024.08.02 13:00,2472.88,2474.24,2455.70,2469.89
2024.08.02 14:00,2469.78,2474.35,2428.35,2431.61
2024.08.02 15:00,2431.51,2435.69,2410.82,2433.23
2024.08.02 16:00,2433.23,2439.24,2426.39,2430.52
2024.08.02 17:00,2430.50,2431.60,2423.01,2427.84
2024.08.02 18:00,2427.81,2433.55,2426.71,2429.02
2024.08.02 19:00,2429.01,2438.19,2425.64,2437.58
2024.08.02 20:00,2437.52,2442.42,2435.66,2442.28
2024.08.04 23:00,2441.46,2445.70,2439.16,2440.96
2024.08.05 00:00,2441.04,2441.04,2414.04,2422.16
2024.08.05 01:00,2421.89,2441.93,2420.20,2439.44
2024.08.05 02:00,2439.44,2446.11,2433.09,2442.82
2024.08.05 03:00,2442.80,2452.58,2442.73,2451.01
2024.08.05 04:00,2451.02,2458.44,2451.02,2452.72
2024.08.05 05:00,2452.65,2452.67,2432.47,2437.97
2024.08.05 06:00,2438.11,2438.69,2422.19,2428.66
2024.08.05 07:00,2428.66,2445.52,2424.66,2432.00
2024.08.05 08:00,2432.02,2434.48,2423.34,2425.01
2024.08.05 09:00,2425.14,2428.83,2419.14,2424.18
2024.08.05 10:00,2424.15,2425.64,2408.10,2408.53
2024.08.05 11:00,2408.40,2408.40,2383.28,2386.80
2024.08.05 12:00,2386.74,2392.27,2364.31,2374.49
2024.08.05 13:00,2374.58,2396.88,2374.58,2393.07
2024.08.05 14:00,2393.31,2397.43,2386.99,2396.77
2024.08.05 15:00,2396.66,2412.21,2396.48,2402.75
2024.08.05 16:00,2402.76,2408.78,2399.03,2403.03
2024.08.05 17:00,2403.04,2406.66,2400.27,2404.99
2024.08.05 18:00,2404.99,2408.82,2403.84,2404.97
2024.08.05 19:00,2404.99,2413.01,2404.63,2407.68
2024.08.05 20:00,2407.74,2411.62,2405.45,2409.79
2024.08.05 23:00,2409.04,2410.02,2404.42,2404.82
2024.08.06 00:00,2405.23,2418.34,2404.62,2415.94
2024.08.06 01:00,2415.93,2417.77,2410.74,2412.44
2024.08.06 02:00,2412.45,2413.21,2405.93,2407.48
2024.08.06 03:00,2407.50,2411.10,2406.55,2409.02
2024.08.06 04:00,2409.02,2412.57,2406.50,2408.06
2024.08.06 05:00,2408.10,2411.86,2398.19,2398.74
2024.08.06 06:00,2398.73,2408.31,2394.83,2401.60
2024.08.06 07:00,2401.59,2410.68,2401.55,2409.89
2024.08.06 08:00,2409.91,2415.39,2408.16,2411.14
2024.08.06 09:00,2411.14,2415.53,2410.34,2413.40
2024.08.06 10:00,2413.38,2416.30,2411.63,2412.39
2024.08.06 11:00,2412.39,2415.30,2410.18,2410.93
2024.08.06 12:00,2411.00,2412.24,2391.84,2393.01
2024.08.06 13:00,2393.03,2399.45,2388.84,2395.71
2024.08.06 14:00,2395.51,2403.11,2386.31,2388.38
2024.08.06 15:00,2388.32,2391.06,2381.71,2387.62
2024.08.06 16:00,2387.79,2391.47,2385.70,2390.03
2024.08.06 17:00,2390.02,2393.48,2387.63,2391.92
2024.08.06 18:00,2391.91,2395.96,2391.37,2392.86
2024.08.06 19:00,2392.84,2393.04,2386.47,2387.67
2024.08.06 20:00,2387.90,2390.15,2386.90,2389.76
2024.08.06 23:00,2388.61,2389.65,2382.85,2383.86
2024.08.07 00:00,2383.76,2387.37,2381.19,2386.50
2024.08.07 01:00,2386.56,2387.56,2379.04,2384.09
2024.08.07 02:00,2384.11,2388.48,2380.89,2384.21
2024.08.07 03:00,2384.29,2387.55,2383.24,2385.97
2024.08.07 04:00,2385.99,2394.77,2385.70,2392.81
2024.08.07 05:00,2392.66,2396.11,2388.65,2391.44
2024.08.07 06:00,2391.47,2397.55,2389.63,2394.75
2024.08.07 07:00,2394.83,2394.91,2388.06,2389.42
2024.08.07 08:00,2389.41,2393.75,2388.40,2393.36
2024.08.07 09:00,2393.36,2396.37,2392.47,2394.31
2024.08.07 10:00,2394.43,2398.14,2393.13,2397.54
2024.08.07 11:00,2397.44,2402.29,2394.34,2401.05
2024.08.07 12:00,2401.16,2407.07,2399.00,2403.81
2024.08.07 13:00,2403.83,2404.81,2397.02,2400.10
2024.08.07 14:00,2399.91,2403.41,2397.95,2399.05
2024.08.07 15:00,2399.02,2401.76,2392.01,2394.52
2024.08.07 16:00,2394.52,2399.73,2392.86,2399.71
2024.08.07 17:00,2399.62,2399.72,2389.47,2389.84
2024.08.07 18:00,2389.81,2391.67,2383.85,2386.24
2024.08.07 19:00,2386.25,2390.47,2385.37,2385.68
2024.08.07 20:00,2385.66,2387.37,2381.80,2382.52
2024.08.07 23:00,2383.74,2385.89,2382.82,2384.87
2024.08.08 00:00,2384.85,2388.78,2383.27,2385.57
2024.08.08 01:00,2385.57,2391.37,2385.06,2386.91
2024.08.08 02:00,2386.88,2390.82,2386.30,2390.45
2024.08.08 03:00,2390.44,2394.75,2388.73,2394.39
2024.08.08 04:00,2394.33,2396.43,2392.76,2394.37
2024.08.08 05:00,2394.39,2395.49,2392.51,2395.31
2024.08.08 06:00,2395.39,2400.73,2392.70,2397.77
2024.08.08 07:00,2397.69,2400.30,2394.78,2396.83
2024.08.08 08:00,2396.82,2398.12,2392.91,2394.57
2024.08.08 09:00,2394.59,2398.94,2393.84,2396.25
2024.08.08 10:00,2396.25,2406.40,2396.25,2405.30
2024.08.08 11:00,2405.29,2413.53,2405.01,2412.35
2024.08.08 12:00,2412.25,2415.44,2407.15,2408.06
2024.08.08 13:00,2408.09,2415.41,2402.35,2414.15
2024.08.08 14:00,2414.17,2424.33,2409.27,2413.75
2024.08.08 15:00,2413.75,2420.31,2411.95,2418.68
2024.08.08 16:00,2418.66,2423.77,2416.73,2418.08
2024.08.08 17:00,2418.09,2424.83,2415.82,2423.55
2024.08.08 18:00,2423.55,2426.32,2422.35,2423.97
2024.08.08 19:00,2423.97,2424.82,2421.62,2423.57
2024.08.08 20:00,2423.64,2427.52,2423.06,2427.13
2024.08.08 23:00,2425.80,2426.41,2422.84,2424.64
2024.08.09 00:00,2424.53,2425.36,2422.61,2423.95
2024.08.09 01:00,2423.94,2427.57,2419.90,2427.26
2024.08.09 02:00,2427.25,2428.91,2422.36,2422.49
2024.08.09 03:00,2422.49,2423.33,2419.39,2421.06
2024.08.09 04:00,2421.05,2424.46,2420.22,2423.91
2024.08.09 05:00,2423.88,2423.96,2417.15,2417.20
2024.08.09 06:00,2417.21,2421.76,2416.89,2420.81
2024.08.09 07:00,2420.75,2427.00,2420.35,2423.17
2024.08.09 08:00,2423.18,2426.74,2422.23,2424.54
2024.08.09 09:00,2424.52,2425.53,2422.72,2423.56
2024.08.09 10:00,2423.57,2431.40,2423.05,2430.49
2024.08.09 11:00,2430.50,2432.60,2425.18,2426.70
2024.08.09 12:00,2426.72,2429.88,2423.83,2429.67
2024.08.09 13:00,2429.56,2433.14,2421.10,2426.69
2024.08.09 14:00,2426.69,2435.89,2425.45,2428.72
2024.08.09 15:00,2428.73,2432.61,2426.52,2431.44
2024.08.09 16:00,2431.46,2434.67,2427.61,2434.48
2024.08.09 17:00,2434.62,2437.00,2430.49,2430.60
2024.08.09 18:00,2430.70,2430.91,2427.24,2429.87
2024.08.09 19:00,2429.89,2430.09,2427.41,2429.09
2024.08.09 20:00,2429.21,2431.06,2429.17,2430.98
2024.08.11 23:00,2430.52,2430.68,2427.38,2427.90
2024.08.12 00:00,2427.97,2429.09,2426.78,2428.48
2024.08.12 01:00,2428.38,2430.28,2424.65,2426.07
2024.08.12 02:00,2426.07,2427.45,2423.84,2426.23
2024.08.12 03:00,2426.22,2429.38,2425.74,2428.59
2024.08.12 04:00,2428.60,2433.52,2428.27,2433.38
2024.08.12 05:00,2433.33,2435.09,2429.12,2434.66
2024.08.12 06:00,2434.74,2437.22,2433.73,2436.83
2024.08.12 07:00,2436.83,2442.86,2435.61,2441.62
2024.08.12 08:00,2441.63,2443.81,2439.67,2442.02
2024.08.12 09:00,2442.01,2445.07,2440.62,2442.69
2024.08.12 10:00,2442.69,2444.76,2441.50,2443.84
2024.08.12 11:00,2443.85,2444.22,2439.70,2441.60
2024.08.12 12:00,2441.60,2445.43,2441.41,2444.44
2024.08.12 13:00,2444.68,2457.53,2442.13,2454.30
2024.08.12 14:00,2454.26,2455.48,2444.54,2453.36
2024.08.12 15:00,2453.38,2460.69,2452.94,2459.79
2024.08.12 16:00,2459.82,2466.12,2459.05,2463.13
2024.08.12 17:00,2463.15,2468.59,2461.70,2467.10
2024.08.12 18:00,2467.17,2470.98,2466.44,2470.27
2024.08.12 19:00,2470.25,2472.11,2469.75,2470.49
2024.08.12 20:00,2470.71,2473.12,2470.45,2471.96
2024.08.12 23:00,2473.77,2475.99,2472.74,2475.59
2024.08.13 00:00,2475.60,2476.91,2468.49,2472.16
2024.08.13 01:00,2472.10,2473.69,2460.85,2466.41
2024.08.13 02:00,2466.19,2467.69,2461.48,2461.48
2024.08.13 03:00,2461.49,2464.65,2461.36,2463.49
2024.08.13 04:00,2463.59,2465.03,2460.21,2462.02
2024.08.13 05:00,2461.99,2464.39,2458.47,2462.70
2024.08.13 06:00,2462.84,2464.64,2461.18,2463.34
2024.08.13 07:00,2463.28,2466.15,2460.80,2464.21
2024.08.13 08:00,2464.21,2464.32,2458.93,2460.59
2024.08.13 09:00,2460.60,2462.07,2458.94,2460.62
2024.08.13 10:00,2460.62,2463.47,2459.39,2462.21
2024.08.13 11:00,2462.14,2466.59,2461.50,2465.76
2024.08.13 12:00,2465.73,2472.47,2464.33,2467.72
2024.08.13 13:00,2467.77,2475.49,2458.93,2472.92
2024.08.13 14:00,2472.89,2473.27,2464.23,2471.38
2024.08.13 15:00,2471.60,2473.04,2466.03,2468.62
2024.08.13 16:00,2468.62,2471.03,2466.32,2469.51
2024.08.13 17:00,2469.52,2470.28,2465.93,2467.69
2024.08.13 18:00,2467.72,2468.93,2466.37,2467.84
2024.08.13 19:00,2467.76,2468.77,2462.25,2467.05
2024.08.13 20:00,2466.87,2467.79,2464.53,2464.91
2024.08.13 23:00,2465.47,2465.47,2462.95,2464.14
2024.08.14 00:00,2464.17,2467.39,2464.01,2465.73
2024.08.14 01:00,2465.70,2472.54,2464.62,2465.51
2024.08.14 02:00,2465.55,2465.71,2455.30,2459.92
2024.08.14 03:00,2459.88,2461.60,2458.80,2460.91
2024.08.14 04:00,2460.84,2462.86,2460.11,2461.85
2024.08.14 05:00,2461.83,2462.52,2459.31,2462.00
2024.08.14 06:00,2462.01,2467.76,2460.39,2467.43
2024.08.14 07:00,2467.39,2471.96,2466.35,2470.94
2024.08.14 08:00,2470.95,2478.58,2468.77,2474.46
2024.08.14 09:00,2474.41,2475.36,2471.08,2472.84
2024.08.14 10:00,2472.84,2476.11,2470.52,2475.00
2024.08.14 11:00,2475.00,2475.23,2471.76,2474.73
2024.08.14 12:00,2474.81,2479.64,2462.47,2468.79
2024.08.14 13:00,2468.77,2469.53,2449.38,2457.54
2024.08.14 14:00,2457.30,2458.31,2447.02,2450.26
2024.08.14 15:00,2450.25,2452.20,2442.02,2444.05
2024.08.14 16:00,2444.08,2445.50,2438.10,2444.19
2024.08.14 17:00,2444.16,2445.11,2440.34,2441.53
2024.08.14 18:00,2441.55,2448.02,2440.64,2447.74
2024.08.14 19:00,2447.74,2448.35,2444.34,2447.16
2024.08.14 20:00,2447.17,2448.43,2446.56,2447.67
2024.08.14 23:00,2447.97,2449.49,2447.22,2449.45
2024.08.15 00:00,2449.53,2454.25,2448.53,2450.18
2024.08.15 01:00,2450.15,2453.53,2448.26,2450.70
2024.08.15 02:00,2450.73,2452.58,2449.83,2451.48
2024.08.15 03:00,2451.48,2454.34,2451.32,2453.72
2024.08.15 04:00,2453.72,2455.47,2452.81,2453.41
2024.08.15 05:00,2453.40,2455.07,2450.36,2453.89
2024.08.15 06:00,2453.96,2458.85,2452.77,2456.03
2024.08.15 07:00,2456.03,2456.62,2454.46,2455.86
2024.08.15 08:00,2455.83,2457.21,2453.58,2455.51
2024.08.15 09:00,2455.50,2457.23,2455.34,2456.73
2024.08.15 10:00,2456.79,2460.29,2456.74,2458.19
2024.08.15 11:00,2458.24,2464.15,2457.93,2463.52
2024.08.15 12:00,2463.52,2470.04,2441.09,2441.12
2024.08.15 13:00,2441.16,2451.47,2432.19,2444.48
2024.08.15 14:00,2444.60,2458.56,2444.55,2452.27
2024.08.15 15:00,2452.31,2459.52,2450.56,2458.42
2024.08.15 16:00,2458.45,2459.87,2455.10,2455.73
2024.08.15 17:00,2455.83,2456.44,2453.49,2455.42
2024.08.15 18:00,2455.45,2458.30,2454.73,2458.26
2024.08.15 19:00,2458.26,2461.60,2454.16,2455.55
2024.08.15 20:00,2455.53,2457.41,2454.77,2456.15
2024.08.15 23:00,2454.91,2458.26,2454.39,2457.34
2024.08.16 00:00,2457.33,2459.74,2456.92,2458.33
2024.08.16 01:00,2458.53,2460.03,2455.75,2457.32
2024.08.16 02:00,2457.31,2457.77,2453.63,2454.96
2024.08.16 03:00,2454.96,2455.61,2450.77,2452.45
2024.08.16 04:00,2452.53,2453.68,2451.99,2452.73
2024.08.16 05:00,2452.73,2456.31,2452.62,2455.71
2024.08.16 06:00,2455.69,2457.85,2454.63,2455.01
2024.08.16 07:00,2455.19,2464.44,2451.13,2461.98
2024.08.16 08:00,2462.01,2464.02,2459.14,2462.37
2024.08.16 09:00,2462.38,2464.33,2461.31,2463.36
2024.08.16 10:00,2463.34,2468.22,2462.85,2464.60
2024.08.16 11:00,2464.62,2472.30,2464.60,2472.21
2024.08.16 12:00,2472.20,2492.39,2471.32,2491.64
2024.08.16 13:00,2491.64,2500.21,2483.63,2493.95
2024.08.16 14:00,2494.00,2495.03,2477.42,2487.22
2024.08.16 15:00,2487.22,2492.30,2485.69,2491.74
2024.08.16 16:00,2491.75,2497.82,2491.69,2495.87
2024.08.16 17:00,2495.86,2500.09,2493.13,2499.73
2024.08.16 18:00,2499.75,2505.55,2498.48,2503.30
2024.08.16 19:00,2503.30,2508.97,2501.73,2507.92
2024.08.16 20:00,2507.94,2509.71,2505.56,2507.59
2024.08.18 23:00,2504.87,2506.81,2503.45,2506.45
2024.08.19 00:00,2506.64,2506.74,2500.34,2502.16
2024.08.19 01:00,2502.06,2506.01,2494.99,2498.19
2024.08.19 02:00,2498.22,2503.95,2496.24,2503.55
2024.08.19 03:00,2503.46,2505.81,2499.75,2503.30
2024.08.19 04:00,2503.22,2504.69,2498.82,2500.68
2024.08.19 05:00,2500.70,2502.39,2499.12,2501.11
2024.08.19 06:00,2501.10,2505.17,2499.69,2502.12
2024.08.19 07:00,2502.12,2504.95,2499.72,2503.07
2024.08.19 08:00,2503.03,2507.15,2502.35,2503.15
2024.08.19 09:00,2503.16,2503.99,2499.81,2499.90
2024.08.19 10:00,2499.89,2500.08,2489.57,2489.80
2024.08.19 11:00,2489.83,2495.21,2486.53,2494.51
2024.08.19 12:00,2494.52,2495.47,2488.76,2491.16
2024.08.19 13:00,2491.20,2495.86,2485.64,2494.85
2024.08.19 14:00,2494.79,2504.80,2493.91,2501.23
2024.08.19 15:00,2501.26,2505.94,2499.94,2504.02
2024.08.19 16:00,2504.03,2507.49,2501.94,2505.52
2024.08.19 17:00,2505.53,2505.85,2500.75,2503.17
2024.08.19 18:00,2503.15,2504.86,2502.51,2504.26
2024.08.19 19:00,2504.24,2505.80,2503.08,2505.47
2024.08.19 20:00,2505.58,2505.58,2503.32,2503.75
2024.08.19 23:00,2504.33,2504.33,2502.50,2503.65
2024.08.20 00:00,2503.65,2506.82,2503.34,2504.94
2024.08.20 01:00,2504.93,2508.19,2500.91,2501.96
2024.08.20 02:00,2501.95,2502.40,2498.72,2499.63
2024.08.20 03:00,2499.63,2502.33,2499.12,2501.79
2024.08.20 04:00,2501.80,2502.80,2499.53,2500.83
2024.08.20 05:00,2500.83,2503.64,2499.51,2499.53
2024.08.20 06:00,2499.46,2505.74,2497.33,2502.42
2024.08.20 07:00,2502.41,2515.10,2501.22,2514.95
2024.08.20 08:00,2514.97,2523.09,2514.36,2519.84
2024.08.20 09:00,2519.85,2525.19,2519.85,2521.73
2024.08.20 10:00,2521.74,2524.49,2521.22,2522.91
2024.08.20 11:00,2522.86,2527.06,2522.21,2526.30
2024.08.20 12:00,2526.31,2529.23,2521.66,2526.89
2024.08.20 13:00,2526.70,2531.63,2519.84,2529.90
2024.08.20 14:00,2529.93,2530.23,2520.44,2523.84
2024.08.20 15:00,2523.81,2524.01,2505.88,2508.53
2024.08.20 16:00,2508.49,2510.59,2500.83,2509.09
2024.08.20 17:00,2509.08,2513.11,2506.81,2510.58
2024.08.20 18:00,2510.61,2515.46,2509.29,2513.36
2024.08.20 19:00,2513.37,2515.26,2510.94,2514.99
2024.08.20 20:00,2514.99,2516.88,2513.38,2513.57
2024.08.20 23:00,2514.73,2516.10,2512.45,2512.94
2024.08.21 00:00,2512.93,2515.92,2512.49,2513.49
2024.08.21 01:00,2513.57,2517.07,2510.88,2516.83
2024.08.21 02:00,2516.80,2519.95,2515.95,2519.41
2024.08.21 03:00,2519.35,2519.44,2513.08,2517.40
2024.08.21 04:00,2517.44,2517.69,2513.84,2516.17
2024.08.21 05:00,2516.19,2518.42,2515.02,2515.24
2024.08.21 06:00,2515.31,2519.57,2511.82,2514.51
2024.08.21 07:00,2514.49,2517.00,2508.18,2509.76
2024.08.21 08:00,2509.75,2512.38,2506.94,2507.31
2024.08.21 09:00,2507.22,2509.23,2504.60,2505.65
2024.08.21 10:00,2505.55,2509.75,2504.49,2509.41
2024.08.21 11:00,2509.46,2513.23,2506.90,2511.81
2024.08.21 12:00,2511.84,2513.68,2507.14,2510.54
2024.08.21 13:00,2510.68,2512.84,2497.97,2503.04
2024.08.21 14:00,2502.96,2506.64,2494.47,2501.51
2024.08.21 15:00,2501.58,2511.08,2501.38,2508.50
2024.08.21 16:00,2508.37,2508.81,2503.21,2507.15
2024.08.21 17:00,2507.07,2511.30,2506.95,2509.58
2024.08.21 18:00,2509.55,2519.13,2509.48,2516.05
2024.08.21 19:00,2516.16,2516.40,2510.99,2511.52
2024.08.21 20:00,2511.49,2512.37,2509.77,2511.98
2024.08.21 23:00,2513.96,2514.41,2512.16,2512.81
2024.08.22 00:00,2512.85,2514.64,2511.25,2513.75
2024.08.22 01:00,2513.74,2514.12,2507.04,2507.63
2024.08.22 02:00,2507.62,2508.67,2499.97,2502.31
2024.08.22 03:00,2502.30,2504.73,2501.24,2502.37
2024.08.22 04:00,2502.38,2502.43,2499.32,2501.93
2024.08.22 05:00,2501.91,2506.29,2500.51,2505.57
2024.08.22 06:00,2505.64,2510.58,2503.54,2507.52
2024.08.22 07:00,2507.67,2509.79,2504.47,2507.15
2024.08.22 08:00,2507.07,2507.52,2502.46,2503.67
2024.08.22 09:00,2503.65,2508.07,2501.14,2507.36
2024.08.22 10:00,2507.33,2509.09,2505.24,2505.35
2024.08.22 11:00,2505.17,2506.00,2498.11,2499.50
2024.08.22 12:00,2499.60,2504.17,2495.19,2500.67
2024.08.22 13:00,2500.69,2501.55,2483.08,2488.09
2024.08.22 14:00,2488.00,2488.00,2470.79,2480.14
2024.08.22 15:00,2480.12,2484.24,2475.04,2481.93
2024.08.22 16:00,2482.01,2486.02,2481.38,2484.32
2024.08.22 17:00,2484.31,2484.42,2479.63,2482.27
2024.08.22 18:00,2482.26,2484.78,2480.33,2482.26
2024.08.22 19:00,2482.31,2483.48,2478.61,2482.96
2024.08.22 20:00,2483.03,2484.93,2482.51,2484.40
2024.08.22 23:00,2485.14,2487.59,2484.98,2487.58
2024.08.23 00:00,2487.57,2492.23,2486.51,2490.00
2024.08.23 01:00,2490.00,2491.41,2487.93,2490.90
2024.08.23 02:00,2490.98,2491.56,2486.69,2489.99
2024.08.23 03:00,2489.99,2493.71,2489.50,2493.22
2024.08.23 04:00,2493.21,2494.47,2492.62,2493.43
2024.08.23 05:00,2493.43,2495.74,2491.12,2491.84
2024.08.23 06:00,2491.87,2494.56,2490.63,2492.90
2024.08.23 07:00,2493.03,2494.06,2491.75,2493.50
2024.08.23 08:00,2493.46,2499.93,2493.07,2499.01
2024.08.23 09:00,2499.01,2501.86,2497.00,2498.97
2024.08.23 10:00,2498.96,2499.31,2495.60,2499.05
2024.08.23 11:00,2499.08,2502.43,2497.50,2501.59
2024.08.23 12:00,2501.58,2502.29,2498.41,2501.30
2024.08.23 13:00,2501.28,2503.89,2494.43,2498.54
2024.08.23 14:00,2497.91,2517.87,2497.91,2509.21
2024.08.23 15:00,2509.09,2518.34,2508.04,2509.76
2024.08.23 16:00,2509.76,2510.49,2501.86,2510.30
2024.08.23 17:00,2510.24,2513.22,2509.59,2510.91
2024.08.23 18:00,2510.92,2511.89,2509.08,2509.75
2024.08.23 19:00,2509.70,2512.78,2507.94,2510.78
2024.08.23 20:00,2510.69,2512.39,2509.60,2512.27
2024.08.25 23:00,2513.07,2516.67,2512.99,2515.96
2024.08.26 00:00,2515.97,2516.97,2512.48,2513.71
2024.08.26 01:00,2513.72,2515.41,2510.63,2513.33
2024.08.26 02:00,2513.32,2515.31,2511.76,2511.92
2024.08.26 03:00,2511.91,2513.03,2509.37,2509.89
2024.08.26 04:00,2509.84,2510.86,2508.99,2509.62
2024.08.26 05:00,2509.62,2511.29,2508.74,2510.52
2024.08.26 06:00,2510.62,2515.32,2509.87,2515.08
2024.08.26 07:00,2515.02,2521.80,2514.15,2521.46
2024.08.26 08:00,2521.46,2525.78,2520.74,2524.23
2024.08.26 09:00,2524.23,2525.63,2523.39,2525.07
2024.08.26 10:00,2525.14,2526.63,2522.62,2524.94
2024.08.26 11:00,2524.94,2526.80,2520.95,2526.56
2024.08.26 12:00,2526.56,2526.79,2522.55,2523.86
2024.08.26 13:00,2523.86,2526.42,2515.43,2515.92
2024.08.26 14:00,2515.97,2518.95,2510.64,2516.96
2024.08.26 15:00,2516.96,2517.49,2511.45,2515.88
2024.08.26 16:00,2515.87,2520.48,2513.61,2520.20
2024.08.26 17:00,2520.09,2523.35,2516.57,2518.09
2024.08.26 18:00,2518.15,2519.54,2515.66,2516.91
2024.08.26 19:00,2516.94,2520.94,2516.86,2518.16
2024.08.26 20:00,2518.20,2519.04,2517.49,2517.80
2024.08.26 23:00,2517.34,2517.70,2515.51,2515.53
2024.08.27 00:00,2515.53,2516.76,2512.91,2513.18
2024.08.27 01:00,2513.07,2514.12,2508.30,2509.71
2024.08.27 02:00,2509.67,2510.37,2505.65,2508.76
2024.08.27 03:00,2508.73,2509.22,2505.90,2509.07
2024.08.27 04:00,2509.15,2509.56,2506.27,2507.34
2024.08.27 05:00,2507.34,2513.77,2506.62,2513.58
2024.08.27 06:00,2513.62,2517.42,2512.81,2514.92
2024.08.27 07:00,2514.92,2517.57,2504.56,2504.92
2024.08.27 08:00,2504.92,2512.48,2503.58,2511.06
2024.08.27 09:00,2511.04,2513.76,2508.18,2508.90
2024.08.27 10:00,2508.91,2510.41,2506.89,2509.01
2024.08.27 11:00,2509.06,2512.49,2508.65,2511.45
2024.08.27 12:00,2511.44,2514.36,2507.77,2509.88
2024.08.27 13:00,2509.90,2515.02,2503.60,2512.47
2024.08.27 14:00,2511.21,2518.12,2507.79,2514.76
2024.08.27 15:00,2514.78,2520.29,2511.57,2512.18
2024.08.27 16:00,2512.17,2514.44,2509.96,2514.44
2024.08.27 17:00,2514.48,2521.72,2514.15,2520.06
2024.08.27 18:00,2520.08,2525.97,2518.98,2524.48
2024.08.27 19:00,2524.49,2525.70,2523.09,2525.08
2024.08.27 20:00,2525.08,2525.93,2523.79,2524.55
2024.08.27 23:00,2525.63,2529.00,2524.18,2525.12
2024.08.28 00:00,2525.32,2525.89,2523.93,2524.43
2024.08.28 01:00,2524.33,2524.33,2516.87,2517.16
2024.08.28 02:00,2517.16,2518.53,2513.40,2516.35
2024.08.28 03:00,2516.29,2517.11,2513.30,2515.92
2024.08.28 04:00,2515.92,2516.18,2510.29,2511.55
2024.08.28 05:00,2511.55,2511.69,2505.53,2505.81
2024.08.28 06:00,2505.80,2508.96,2503.33,2508.58
2024.08.28 07:00,2508.51,2511.33,2507.57,2510.02
2024.08.28 08:00,2509.82,2509.82,2506.05,2508.18
2024.08.28 09:00,2508.13,2511.38,2507.79,2510.17
2024.08.28 10:00,2510.21,2510.49,2502.66,2505.40
2024.08.28 11:00,2505.39,2505.44,2500.77,2501.44
2024.08.28 12:00,2501.44,2501.57,2493.61,2500.68
2024.08.28 13:00,2500.59,2510.42,2499.47,2506.60
2024.08.28 14:00,2506.59,2509.09,2504.08,2507.64
2024.08.28 15:00,2507.58,2510.26,2505.03,2506.18
2024.08.28 16:00,2506.18,2506.44,2496.43,2501.95
2024.08.28 17:00,2501.94,2506.26,2500.62,2505.41
2024.08.28 18:00,2505.44,2508.22,2503.67,2508.03
2024.08.28 19:00,2508.01,2509.58,2506.85,2507.61
2024.08.28 20:00,2507.83,2508.54,2502.88,2504.16
2024.08.28 23:00,2507.21,2508.17,2506.40,2508.13
2024.08.29 00:00,2508.14,2515.36,2507.97,2512.36
2024.08.29 01:00,2512.32,2514.76,2511.80,2513.14
2024.08.29 02:00,2512.69,2515.15,2511.73,2512.91
2024.08.29 03:00,2512.87,2516.86,2512.44,2516.69
2024.08.29 04:00,2516.73,2518.19,2515.60,2515.95
2024.08.29 05:00,2515.86,2519.91,2513.75,2518.83
2024.08.29 06:00,2518.75,2521.24,2516.32,2516.95
2024.08.29 07:00,2517.15,2519.17,2514.94,2519.15
2024.08.29 08:00,2519.17,2520.15,2515.14,2517.19
2024.08.29 09:00,2517.24,2524.26,2516.00,2522.94
2024.08.29 10:00,2523.20,2524.37,2520.92,2523.15
2024.08.29 11:00,2523.16,2523.38,2519.04,2519.91
2024.08.29 12:00,2519.94,2519.94,2503.65,2509.17
2024.08.29 13:00,2509.34,2519.21,2508.26,2516.83
2024.08.29 14:00,2516.83,2522.29,2514.48,2522.13
2024.08.29 15:00,2522.15,2525.63,2518.59,2522.63
2024.08.29 16:00,2522.72,2526.67,2517.43,2525.31
2024.08.29 17:00,2525.31,2528.67,2523.50,2525.88
2024.08.29 18:00,2525.88,2526.35,2521.03,2523.07
2024.08.29 19:00,2523.06,2524.83,2520.89,2521.15
2024.08.29 20:00,2521.38,2522.20,2520.68,2521.02
2024.08.29 23:00,2520.95,2520.95,2518.91,2519.61
2024.08.30 00:00,2519.66,2519.69,2516.76,2517.77
2024.08.30 01:00,2517.68,2520.06,2514.48,2516.10
2024.08.30 02:00,2515.94,2517.87,2514.24,2516.11
2024.08.30 03:00,2516.08,2517.04,2512.30,2513.57
2024.08.30 04:00,2513.48,2514.59,2512.21,2513.37
2024.08.30 05:00,2513.39,2516.30,2512.53,2513.88
2024.08.30 06:00,2513.87,2523.93,2513.18,2517.90
2024.08.30 07:00,2517.84,2521.41,2517.64,2519.40
2024.08.30 08:00,2519.40,2526.73,2518.90,2522.95
2024.08.30 09:00,2522.95,2526.84,2522.66,2524.20
2024.08.30 10:00,2524.21,2524.77,2515.13,2515.32
2024.08.30 11:00,2515.21,2521.65,2515.04,2519.53
2024.08.30 12:00,2519.53,2524.76,2516.37,2519.74
2024.08.30 13:00,2519.67,2519.87,2512.97,2514.85
2024.08.30 14:00,2514.80,2518.44,2506.39,2509.10
2024.08.30 15:00,2509.07,2509.53,2500.31,2502.48
2024.08.30 16:00,2502.49,2506.02,2496.60,2497.74
2024.08.30 17:00,2497.55,2500.48,2494.16,2499.62
2024.08.30 18:00,2499.66,2504.71,2499.38,2502.41
2024.08.30 19:00,2502.31,2504.06,2498.31,2502.31
2024.08.30 20:00,2502.24,2503.41,2501.92,2503.12
2024.09.01 23:00,2503.37,2503.69,2501.96,2503.02
2024.09.02 00:00,2503.01,2504.96,2501.16,2501.51
2024.09.02 01:00,2501.48,2504.61,2496.67,2497.99
2024.09.02 02:00,2498.00,2498.23,2490.15,2491.98
2024.09.02 03:00,2491.97,2496.46,2491.50,2496.36
2024.09.02 04:00,2496.36,2499.32,2496.24,2496.96
2024.09.02 05:00,2497.06,2498.54,2495.30,2496.53
2024.09.02 06:00,2496.54,2501.40,2495.94,2497.65
2024.09.02 07:00,2497.78,2499.56,2496.25,2498.22
2024.09.02 08:00,2498.22,2507.29,2497.30,2506.34
2024.09.02 09:00,2506.36,2506.65,2498.27,2498.98
2024.09.02 10:00,2498.92,2502.10,2498.14,2499.26
2024.09.02 11:00,2499.44,2500.27,2496.83,2499.88
2024.09.02 12:00,2499.83,2503.22,2498.87,2501.28
2024.09.02 13:00,2501.39,2502.34,2498.58,2499.98
2024.09.02 14:00,2499.97,2502.47,2497.70,2502.07
2024.09.02 15:00,2502.08,2502.46,2499.96,2501.59
2024.09.02 16:00,2501.66,2501.88,2498.59,2500.53
2024.09.02 17:00,2500.56,2501.30,2498.85,2499.54
2024.09.02 18:00,2499.53,2500.18,2498.85,2499.57
2024.09.02 23:00,2497.84,2498.49,2496.41,2497.18
2024.09.03 00:00,2497.24,2497.70,2494.99,2495.82
2024.09.03 01:00,2495.82,2495.85,2489.84,2493.76
2024.09.03 02:00,2493.74,2496.41,2492.46,2495.33
2024.09.03 03:00,2495.27,2495.87,2493.10,2494.81
2024.09.03 04:00,2494.80,2496.98,2493.96,2495.96
2024.09.03 05:00,2495.95,2495.96,2492.75,2495.02
2024.09.03 06:00,2495.08,2498.89,2492.83,2497.93
2024.09.03 07:00,2497.91,2502.05,2496.65,2500.92
2024.09.03 08:00,2500.83,2506.28,2500.62,2503.97
2024.09.03 09:00,2504.06,2504.98,2500.92,2500.94
2024.09.03 10:00,2500.97,2501.08,2492.71,2497.34
2024.09.03 11:00,2497.31,2501.65,2484.80,2489.71
2024.09.03 12:00,2489.54,2502.09,2487.18,2493.30
2024.09.03 13:00,2493.28,2497.64,2475.90,2479.81
2024.09.03 14:00,2479.68,2485.62,2473.63,2478.37
2024.09.03 15:00,2478.30,2489.53,2477.24,2488.39
2024.09.03 16:00,2488.36,2488.97,2483.96,2486.10
2024.09.03 17:00,2485.87,2492.06,2485.51,2489.48
2024.09.03 18:00,2489.48,2490.01,2487.08,2489.36
2024.09.03 19:00,2489.28,2494.37,2488.97,2492.06
2024.09.03 20:00,2492.05,2493.05,2491.36,2492.64
2024.09.03 23:00,2493.12,2494.68,2492.31,2493.26
2024.09.04 00:00,2493.27,2495.02,2492.21,2492.35
2024.09.04 01:00,2492.32,2494.50,2491.33,2493.44
2024.09.04 02:00,2493.43,2496.89,2492.37,2495.31
2024.09.04 03:00,2495.29,2496.55,2493.58,2495.08
2024.09.04 04:00,2495.08,2496.74,2494.51,2495.93
2024.09.04 05:00,2495.94,2496.58,2492.80,2493.17
2024.09.04 06:00,2493.18,2493.44,2483.73,2484.28
2024.09.04 07:00,2484.18,2488.23,2482.03,2482.19
2024.09.04 08:00,2482.13,2483.36,2472.55,2473.29
2024.09.04 09:00,2473.34,2483.29,2471.91,2481.69
2024.09.04 10:00,2481.65,2489.97,2481.15,2489.03
2024.09.04 11:00,2489.05,2491.23,2486.71,2489.24
2024.09.04 12:00,2489.24,2491.10,2485.54,2486.56
2024.09.04 13:00,2486.57,2490.07,2482.13,2485.23
2024.09.04 14:00,2485.05,2500.25,2484.36,2496.26
2024.09.04 15:00,2496.25,2498.38,2492.79,2494.09
2024.09.04 16:00,2494.03,2497.92,2493.15,2496.70
2024.09.04 17:00,2496.71,2497.37,2493.52,2494.03
2024.09.04 18:00,2493.98,2495.57,2492.52,2494.72
2024.09.04 19:00,2494.81,2494.82,2491.51,2493.41
2024.09.04 20:00,2493.38,2496.89,2492.98,2494.92
2024.09.04 23:00,2495.40,2496.93,2495.14,2495.88
2024.09.05 00:00,2495.89,2496.56,2494.49,2495.24
2024.09.05 01:00,2495.24,2499.32,2494.51,2496.46
2024.09.05 02:00,2496.44,2498.97,2496.27,2498.11
2024.09.05 03:00,2498.08,2498.60,2494.66,2494.87
2024.09.05 04:00,2494.77,2495.09,2493.86,2494.31
2024.09.05 05:00,2494.27,2502.33,2494.00,2502.01
2024.09.05 06:00,2501.96,2506.95,2500.89,2504.43
2024.09.05 07:00,2504.43,2507.57,2503.02,2506.42
2024.09.05 08:00,2506.48,2516.67,2506.01,2514.71
2024.09.05 09:00,2515.12,2517.28,2514.85,2515.54
2024.09.05 10:00,2515.54,2516.97,2513.37,2516.29
2024.09.05 11:00,2516.32,2518.32,2513.70,2515.20
2024.09.05 12:00,2515.57,2523.51,2513.50,2517.85
2024.09.05 13:00,2517.79,2519.42,2512.48,2514.48
2024.09.05 14:00,2514.38,2520.56,2507.71,2508.78
2024.09.05 15:00,2508.80,2511.00,2503.96,2507.17
2024.09.05 16:00,2507.20,2511.56,2506.13,2510.41
2024.09.05 17:00,2510.42,2515.43,2509.30,2515.15
2024.09.05 18:00,2515.23,2516.84,2514.80,2515.59
2024.09.05 19:00,2515.50,2516.07,2513.68,2514.88
2024.09.05 20:00,2514.92,2516.80,2514.85,2516.53
2024.09.05 23:00,2516.13,2517.95,2516.13,2517.28
2024.09.06 00:00,2517.38,2517.70,2515.64,2515.92
2024.09.06 01:00,2515.90,2516.69,2513.54,2513.80
2024.09.06 02:00,2513.81,2518.07,2513.04,2517.78
2024.09.06 03:00,2517.78,2518.38,2516.97,2518.27
2024.09.06 04:00,2518.28,2519.49,2517.78,2518.44
2024.09.06 05:00,2518.45,2521.86,2518.44,2520.09
2024.09.06 06:00,2520.07,2521.37,2516.67,2519.24
2024.09.06 07:00,2519.12,2519.92,2516.37,2516.53
2024.09.06 08:00,2516.52,2518.29,2515.51,2517.89
2024.09.06 09:00,2517.90,2519.90,2516.40,2519.26
2024.09.06 10:00,2519.15,2519.86,2517.24,2518.98
2024.09.06 11:00,2518.99,2520.33,2514.74,2516.32
2024.09.06 12:00,2516.34,2529.16,2507.94,2522.26
2024.09.06 13:00,2522.08,2523.01,2502.25,2509.40
2024.09.06 14:00,2509.39,2515.59,2500.51,2506.79
2024.09.06 15:00,2506.69,2518.49,2503.70,2505.46
2024.09.06 16:00,2505.39,2505.78,2485.16,2489.12
2024.09.06 17:00,2489.04,2497.01,2486.00,2495.55
2024.09.06 18:00,2495.66,2496.78,2492.06,2494.60
2024.09.06 19:00,2494.70,2496.86,2490.69,2495.91
2024.09.06 20:00,2495.91,2497.76,2494.77,2497.21
2024.09.08 23:00,2497.97,2498.28,2495.56,2496.90
2024.09.09 00:00,2497.04,2498.26,2495.64,2495.96
2024.09.09 01:00,2495.77,2498.67,2494.72,2497.69
2024.09.09 02:00,2497.68,2499.16,2496.99,2497.26
2024.09.09 03:00,2497.25,2500.40,2496.77,2499.30
2024.09.09 04:00,2499.30,2499.40,2497.53,2498.26
2024.09.09 05:00,2498.23,2498.35,2487.51,2487.95
2024.09.09 06:00,2487.95,2493.65,2485.59,2489.81
2024.09.09 07:00,2489.82,2496.72,2488.92,2494.33
2024.09.09 08:00,2494.42,2495.67,2490.08,2492.24
2024.09.09 09:00,2492.25,2497.63,2492.12,2496.40
2024.09.09 10:00,2496.48,2499.15,2493.12,2494.43
2024.09.09 11:00,2494.45,2498.88,2493.38,2497.22
2024.09.09 12:00,2497.53,2504.07,2496.40,2500.93
2024.09.09 13:00,2500.76,2505.27,2499.36,2499.78
2024.09.09 14:00,2499.85,2501.19,2493.25,2496.91
2024.09.09 15:00,2496.92,2499.71,2493.63,2499.14
2024.09.09 16:00,2499.15,2505.29,2499.15,2504.37
2024.09.09 17:00,2504.37,2506.48,2499.44,2499.99
2024.09.09 18:00,2500.06,2505.30,2499.50,2504.74
2024.09.09 19:00,2504.74,2506.10,2502.65,2505.98
2024.09.09 20:00,2506.01,2507.15,2505.25,2506.13
2024.09.09 23:00,2506.96,2507.64,2505.73,2506.77
2024.09.10 00:00,2506.87,2507.45,2504.84,2505.40
2024.09.10 01:00,2505.33,2506.86,2502.88,2503.85
2024.09.10 02:00,2503.87,2504.05,2501.78,2503.04
2024.09.10 03:00,2502.97,2504.38,2501.48,2502.62
2024.09.10 04:00,2502.53,2502.88,2501.06,2501.78
2024.09.10 05:00,2501.68,2504.95,2500.81,2503.88
2024.09.10 06:00,2503.89,2506.57,2503.38,2505.10
2024.09.10 07:00,2504.89,2507.75,2502.15,2502.84
2024.09.10 08:00,2502.79,2503.18,2500.16,2502.34
2024.09.10 09:00,2502.34,2506.09,2500.20,2506.06
2024.09.10 10:00,2506.16,2509.65,2505.16,2505.66
2024.09.10 11:00,2505.57,2507.19,2504.25,2504.59
2024.09.10 12:00,2504.56,2514.05,2504.50,2513.83
2024.09.10 13:00,2513.95,2515.28,2506.29,2506.83
2024.09.10 14:00,2506.43,2509.26,2500.87,2509.11
2024.09.10 15:00,2509.11,2518.40,2508.28,2512.57
2024.09.10 16:00,2512.74,2515.52,2510.70,2514.39
2024.09.10 17:00,2514.40,2515.69,2512.88,2513.16
2024.09.10 18:00,2513.14,2516.61,2512.10,2516.34
2024.09.10 19:00,2516.35,2517.46,2514.11,2517.25
2024.09.10 20:00,2517.19,2517.42,2515.73,2516.39
2024.09.10 23:00,2516.51,2518.79,2516.38,2518.70
2024.09.11 00:00,2518.62,2519.12,2516.21,2516.63
2024.09.11 01:00,2516.54,2522.50,2515.00,2518.77
2024.09.11 02:00,2518.66,2520.39,2517.64,2518.77
2024.09.11 03:00,2518.75,2519.93,2516.78,2519.41
2024.09.11 04:00,2519.43,2520.17,2518.62,2519.63
2024.09.11 05:00,2519.59,2522.46,2519.39,2521.29
2024.09.11 06:00,2521.26,2529.00,2520.90,2526.61
2024.09.11 07:00,2526.61,2527.74,2520.80,2521.49
2024.09.11 08:00,2521.50,2527.19,2520.71,2524.33
2024.09.11 09:00,2524.37,2524.72,2522.03,2523.27
2024.09.11 10:00,2523.25,2523.34,2519.80,2521.74
2024.09.11 11:00,2521.74,2524.17,2520.74,2522.25
2024.09.11 12:00,2522.14,2523.36,2502.24,2508.22
2024.09.11 13:00,2508.16,2512.91,2503.20,2509.65
2024.09.11 14:00,2509.49,2510.46,2501.05,2509.50
2024.09.11 15:00,2509.52,2514.98,2508.73,2514.83
2024.09.11 16:00,2514.82,2520.01,2513.71,2515.19
2024.09.11 17:00,2515.13,2516.89,2512.42,2514.69
2024.09.11 18:00,2514.71,2516.37,2511.24,2511.51
2024.09.11 19:00,2511.51,2513.28,2509.79,2512.99
2024.09.11 20:00,2513.00,2513.89,2511.13,2511.47
2024.09.11 23:00,2512.86,2513.08,2511.85,2511.95
2024.09.12 00:00,2511.93,2512.44,2511.13,2512.22
2024.09.12 01:00,2512.18,2515.20,2511.71,2513.15
2024.09.12 02:00,2513.16,2514.12,2511.03,2512.25
2024.09.12 03:00,2512.26,2516.08,2512.22,2515.87
2024.09.12 04:00,2515.86,2517.74,2515.58,2517.04
2024.09.12 05:00,2517.14,2519.71,2517.05,2519.48
2024.09.12 06:00,2519.51,2522.27,2516.76,2516.91
2024.09.12 07:00,2517.04,2517.77,2514.48,2515.92
2024.09.12 08:00,2515.82,2519.31,2515.12,2517.40
2024.09.12 09:00,2517.42,2519.20,2516.43,2518.84
2024.09.12 10:00,2518.86,2521.03,2513.22,2513.25
2024.09.12 11:00,2513.20,2520.34,2513.04,2519.53
2024.09.12 12:00,2519.60,2535.31,2518.88,2529.10
2024.09.12 13:00,2528.56,2551.68,2522.60,2545.44
2024.09.12 14:00,2545.18,2554.80,2541.85,2553.43
2024.09.12 15:00,2553.53,2555.11,2548.87,2553.30
2024.09.12 16:00,2553.25,2553.66,2544.86,2550.69
2024.09.12 17:00,2550.72,2554.80,2550.11,2553.98
2024.09.12 18:00,2554.02,2558.77,2552.04,2555.88
2024.09.12 19:00,2555.90,2559.05,2554.58,2557.90
2024.09.12 20:00,2557.88,2560.07,2556.71,2558.42
2024.09.12 23:00,2557.52,2558.62,2556.66,2558.50
2024.09.13 00:00,2558.46,2562.74,2556.79,2561.60
2024.09.13 01:00,2561.60,2568.01,2559.98,2563.21
2024.09.13 02:00,2563.23,2565.62,2561.61,2565.36
2024.09.13 03:00,2565.27,2570.05,2564.61,2567.97
2024.09.13 04:00,2567.99,2570.14,2566.70,2568.84
2024.09.13 05:00,2568.82,2570.26,2565.99,2566.58
2024.09.13 06:00,2566.54,2568.79,2563.15,2567.13
2024.09.13 07:00,2567.22,2571.04,2563.94,2569.79
2024.09.13 08:00,2569.93,2570.94,2565.73,2569.98
2024.09.13 09:00,2569.68,2572.94,2567.05,2568.56
2024.09.13 10:00,2568.57,2569.36,2565.68,2567.07
2024.09.13 11:00,2567.28,2568.30,2563.69,2567.37
2024.09.13 12:00,2567.46,2575.87,2566.10,2575.81
2024.09.13 13:00,2575.81,2583.39,2573.45,2577.35
2024.09.13 14:00,2577.32,2580.23,2573.16,2578.38
2024.09.13 15:00,2578.52,2582.48,2573.75,2582.22
2024.09.13 16:00,2582.29,2585.17,2580.12,2584.34
2024.09.13 17:00,2584.22,2586.04,2581.51,2582.69
2024.09.13 18:00,2582.69,2583.88,2580.73,2582.36
2024.09.13 19:00,2582.36,2582.95,2578.69,2582.64
2024.09.13 20:00,2582.73,2582.88,2577.00,2578.72
2024.09.15 23:00,2580.04,2580.35,2578.27,2579.25
2024.09.16 00:00,2579.21,2582.36,2578.91,2581.37
2024.09.16 01:00,2581.37,2582.88,2579.89,2581.74
2024.09.16 02:00,2581.65,2585.95,2581.54,2585.42
2024.09.16 03:00,2585.41,2588.96,2583.86,2586.38
2024.09.16 04:00,2586.37,2586.75,2584.97,2585.83
2024.09.16 05:00,2585.83,2589.48,2585.49,2588.73
2024.09.16 06:00,2588.78,2589.66,2585.18,2585.35
2024.09.16 07:00,2585.33,2585.58,2579.58,2582.17
2024.09.16 08:00,2582.17,2588.51,2581.44,2586.85
2024.09.16 09:00,2586.85,2588.28,2584.23,2585.60
2024.09.16 10:00,2585.63,2586.41,2575.24,2579.82
2024.09.16 11:00,2579.83,2583.21,2578.75,2583.03
2024.09.16 12:00,2583.18,2583.55,2578.54,2583.43
2024.09.16 13:00,2583.53,2589.35,2581.25,2588.27
2024.09.16 14:00,2588.25,2588.52,2576.14,2580.27
2024.09.16 15:00,2580.31,2581.94,2577.73,2579.98
2024.09.16 16:00,2580.14,2584.06,2579.58,2583.68
2024.09.16 17:00,2583.60,2584.13,2579.92,2582.62
2024.09.16 18:00,2582.73,2582.86,2580.24,2581.05
2024.09.16 19:00,2581.05,2583.30,2579.62,2582.58
2024.09.16 20:00,2582.57,2583.40,2581.87,2582.25
2024.09.16 23:00,2583.03,2583.96,2582.19,2583.74
2024.09.17 00:00,2583.74,2584.40,2580.25,2580.26
2024.09.17 01:00,2580.26,2582.74,2578.39,2582.59
2024.09.17 02:00,2582.60,2586.29,2581.01,2581.58
2024.09.17 03:00,2581.53,2581.53,2576.81,2577.21
2024.09.17 04:00,2577.25,2579.18,2574.96,2576.95
2024.09.17 05:00,2576.89,2579.58,2574.60,2579.39
2024.09.17 06:00,2579.44,2586.93,2579.38,2584.39
2024.09.17 07:00,2584.58,2585.66,2582.74,2583.85
2024.09.17 08:00,2583.76,2584.17,2577.66,2580.14
2024.09.17 09:00,2580.14,2580.14,2571.68,2573.65
2024.09.17 10:00,2573.37,2576.13,2569.80,2573.05
2024.09.17 11:00,2573.17,2581.70,2572.22,2579.82
2024.09.17 12:00,2579.86,2581.64,2568.42,2577.80
2024.09.17 13:00,2578.11,2579.55,2573.11,2573.72
2024.09.17 14:00,2573.72,2582.22,2571.78,2576.47
2024.09.17 15:00,2576.59,2577.15,2561.78,2565.65
2024.09.17 16:00,2565.66,2566.62,2561.45,2563.13
2024.09.17 17:00,2563.13,2570.49,2560.82,2569.94
2024.09.17 18:00,2569.95,2571.67,2568.72,2570.16
2024.09.17 19:00,2570.14,2571.17,2567.02,2568.66
2024.09.17 20:00,2568.61,2570.23,2568.36,2569.12
2024.09.17 23:00,2570.75,2574.40,2570.74,2574.04
2024.09.18 00:00,2574.03,2574.84,2571.50,2573.03
2024.09.18 01:00,2573.04,2576.46,2571.67,2572.27
2024.09.18 02:00,2572.26,2574.15,2570.05,2573.80
2024.09.18 03:00,2573.80,2576.46,2572.77,2575.94
2024.09.18 04:00,2575.94,2576.46,2568.02,2568.69
2024.09.18 05:00,2568.66,2569.25,2565.77,2567.74
2024.09.18 06:00,2567.87,2570.04,2566.71,2569.10
2024.09.18 07:00,2569.13,2572.00,2568.72,2571.59
2024.09.18 08:00,2571.60,2571.98,2568.29,2569.78
2024.09.18 09:00,2569.79,2571.97,2567.98,2571.97
2024.09.18 10:00,2572.06,2578.11,2571.10,2576.18
2024.09.18 11:00,2576.19,2580.75,2575.10,2577.46
2024.09.18 12:00,2577.55,2578.85,2573.53,2576.27
2024.09.18 13:00,2576.18,2578.56,2568.64,2571.71
2024.09.18 14:00,2571.68,2574.88,2568.04,2571.71
2024.09.18 15:00,2571.72,2574.47,2568.10,2569.73
2024.09.18 16:00,2569.80,2575.25,2568.88,2574.87
2024.09.18 17:00,2574.88,2574.88,2566.28,2566.28
2024.09.18 18:00,2566.31,2600.16,2566.31,2575.79
2024.09.18 19:00,2575.72,2576.10,2546.83,2549.10
2024.09.18 20:00,2549.00,2560.93,2548.50,2558.86
2024.09.18 23:00,2559.30,2559.69,2556.30,2559.33
2024.09.19 00:00,2559.38,2559.58,2557.02,2558.77
2024.09.19 01:00,2558.57,2558.67,2551.30,2555.26
2024.09.19 02:00,2555.27,2566.72,2555.27,2564.16
2024.09.19 03:00,2564.13,2565.33,2561.33,2564.05
2024.09.19 04:00,2564.11,2564.19,2559.58,2564.12
2024.09.19 05:00,2564.15,2574.62,2564.00,2574.62
2024.09.19 06:00,2574.64,2578.80,2573.98,2575.87
2024.09.19 07:00,2575.87,2584.64,2575.06,2584.40
2024.09.19 08:00,2584.40,2586.58,2581.44,2584.95
2024.09.19 09:00,2584.94,2594.87,2584.07,2591.88
2024.09.19 10:00,2591.89,2591.89,2585.95,2588.66
2024.09.19 11:00,2588.71,2589.78,2584.39,2589.43
2024.09.19 12:00,2589.41,2591.27,2573.15,2576.87
2024.09.19 13:00,2576.76,2582.56,2569.77,2575.11
2024.09.19 14:00,2575.06,2584.64,2571.76,2581.32
2024.09.19 15:00,2581.34,2589.41,2580.48,2589.06
2024.09.19 16:00,2589.22,2592.58,2587.73,2591.73
2024.09.19 17:00,2591.75,2592.64,2587.96,2590.59
2024.09.19 18:00,2590.61,2590.80,2586.61,2588.18
2024.09.19 19:00,2588.18,2588.89,2585.95,2588.37
2024.09.19 20:00,2588.48,2589.73,2585.92,2586.49
2024.09.19 23:00,2587.70,2587.78,2586.42,2587.27
2024.09.20 00:00,2587.27,2588.51,2586.16,2588.07
2024.09.20 01:00,2588.17,2589.48,2584.82,2588.24
2024.09.20 02:00,2588.18,2592.53,2587.38,2591.60
2024.09.20 03:00,2591.54,2593.62,2591.01,2591.44
2024.09.20 04:00,2591.47,2594.35,2591.42,2593.75
2024.09.20 05:00,2593.84,2595.21,2592.42,2594.52
2024.09.20 06:00,2594.59,2606.96,2594.31,2605.46
2024.09.20 07:00,2605.60,2609.78,2604.79,2607.18
2024.09.20 08:00,2606.94,2612.70,2605.46,2609.82
2024.09.20 09:00,2609.90,2610.58,2602.50,2606.34
2024.09.20 10:00,2606.40,2614.20,2606.24,2613.24
2024.09.20 11:00,2613.42,2615.50,2610.30,2613.73
2024.09.20 12:00,2613.72,2619.38,2613.44,2615.63
2024.09.20 13:00,2615.63,2616.56,2602.70,2606.66
2024.09.20 14:00,2606.66,2617.11,2604.77,2614.02
2024.09.20 15:00,2613.93,2622.98,2611.28,2622.88
2024.09.20 16:00,2622.89,2625.78,2619.75,2624.93
2024.09.20 17:00,2624.77,2625.40,2619.24,2619.57
2024.09.20 18:00,2619.66,2622.19,2617.84,2621.70
2024.09.20 19:00,2621.67,2623.39,2620.66,2621.14
2024.09.20 20:00,2621.11,2622.30,2619.04,2621.82
2024.09.22 23:00,2620.51,2621.49,2619.63,2620.22
2024.09.23 00:00,2620.23,2620.37,2618.20,2618.26
2024.09.23 01:00,2618.27,2621.44,2616.07,2620.15
2024.09.23 02:00,2620.14,2626.65,2618.85,2625.39
2024.09.23 03:00,2625.26,2631.12,2624.89,2628.54
2024.09.23 04:00,2628.53,2631.01,2628.03,2629.44
2024.09.23 05:00,2629.37,2631.33,2626.81,2630.04
2024.09.23 06:00,2630.11,2630.15,2624.46,2624.46
2024.09.23 07:00,2624.44,2625.04,2613.88,2615.18
2024.09.23 08:00,2615.03,2619.69,2614.67,2616.91
2024.09.23 09:00,2616.92,2622.09,2615.46,2621.66
2024.09.23 10:00,2621.64,2623.61,2620.74,2621.49
2024.09.23 11:00,2621.48,2625.77,2620.93,2624.08
2024.09.23 12:00,2624.11,2628.16,2620.07,2627.04
2024.09.23 13:00,2627.09,2634.29,2625.59,2631.95
2024.09.23 14:00,2631.92,2634.88,2628.14,2630.46
2024.09.23 15:00,2630.45,2631.98,2625.76,2629.30
2024.09.23 16:00,2629.22,2630.87,2626.58,2628.25
2024.09.23 17:00,2628.20,2629.13,2626.50,2627.98
2024.09.23 18:00,2628.00,2628.77,2625.96,2627.35
2024.09.23 19:00,2627.36,2627.92,2625.68,2626.29
2024.09.23 20:00,2626.36,2628.47,2626.25,2628.43
2024.09.23 23:00,2627.52,2627.52,2625.87,2626.35
2024.09.24 00:00,2626.38,2626.61,2623.87,2625.19
2024.09.24 01:00,2625.26,2630.20,2624.91,2629.13
2024.09.24 02:00,2629.07,2629.31,2626.73,2628.92
2024.09.24 03:00,2628.82,2636.08,2628.81,2634.05
2024.09.24 04:00,2634.00,2638.26,2631.99,2638.12
2024.09.24 05:00,2638.17,2640.11,2625.20,2625.42
2024.09.24 06:00,2625.41,2629.93,2624.54,2628.75
2024.09.24 07:00,2628.86,2630.29,2622.63,2628.94
2024.09.24 08:00,2628.92,2629.55,2625.96,2629.07
2024.09.24 09:00,2629.07,2630.88,2627.06,2630.80
2024.09.24 10:00,2630.85,2636.25,2630.64,2633.42
2024.09.24 11:00,2633.36,2633.43,2623.39,2626.43
2024.09.24 12:00,2626.51,2633.28,2623.59,2633.19
2024.09.24 13:00,2633.19,2637.28,2630.99,2634.78
2024.09.24 14:00,2634.78,2647.16,2634.57,2643.53
2024.09.24 15:00,2643.61,2648.39,2639.80,2643.19
2024.09.24 16:00,2643.19,2655.16,2642.43,2653.53
2024.09.24 17:00,2653.57,2654.51,2649.82,2654.04
2024.09.24 18:00,2654.06,2657.72,2653.37,2657.31
2024.09.24 19:00,2657.22,2664.32,2656.39,2662.68
2024.09.24 20:00,2662.67,2663.71,2656.40,2656.98
2024.09.24 23:00,2659.14,2659.27,2656.76,2658.20
2024.09.25 00:00,2658.04,2660.95,2656.66,2660.80
2024.09.25 01:00,2660.98,2662.87,2655.52,2660.09
2024.09.25 02:00,2660.03,2670.55,2659.69,2670.16
2024.09.25 03:00,2670.15,2670.26,2659.87,2661.53
2024.09.25 04:00,2661.58,2661.69,2657.64,2658.96
2024.09.25 05:00,2658.85,2659.84,2654.45,2657.24
2024.09.25 06:00,2657.25,2659.83,2653.58,2654.78
2024.09.25 07:00,2654.79,2657.68,2651.63,2656.95
2024.09.25 08:00,2656.99,2658.59,2654.66,2655.94
2024.09.25 09:00,2655.94,2657.71,2652.69,2656.99
2024.09.25 10:00,2657.02,2658.20,2654.40,2655.64
2024.09.25 11:00,2655.73,2658.07,2653.98,2657.40
2024.09.25 12:00,2657.34,2660.78,2656.97,2659.56
2024.09.25 13:00,2659.52,2666.11,2658.41,2664.65
2024.09.25 14:00,2664.53,2667.46,2654.31,2658.92
2024.09.25 15:00,2659.06,2660.86,2655.33,2657.77
2024.09.25 16:00,2657.74,2658.78,2649.81,2653.77
2024.09.25 17:00,2653.68,2662.99,2653.17,2660.65
2024.09.25 18:00,2660.65,2661.70,2659.13,2660.39
2024.09.25 19:00,2660.32,2661.63,2659.44,2659.72
2024.09.25 20:00,2659.78,2660.33,2656.23,2656.84
2024.09.25 23:00,2658.32,2659.49,2656.28,2656.38
2024.09.26 00:00,2656.45,2660.39,2655.40,2659.09
2024.09.26 01:00,2659.14,2661.41,2657.69,2660.79
2024.09.26 02:00,2660.86,2661.62,2657.08,2658.18
2024.09.26 03:00,2658.12,2662.55,2657.86,2662.55
2024.09.26 04:00,2662.59,2662.90,2660.20,2660.68
2024.09.26 05:00,2660.62,2663.40,2659.78,2661.50
2024.09.26 06:00,2661.43,2662.64,2658.00,2661.70
2024.09.26 07:00,2661.72,2666.93,2659.53,2664.75
2024.09.26 08:00,2664.68,2670.58,2664.65,2669.04
2024.09.26 09:00,2669.05,2669.87,2667.03,2668.95
2024.09.26 10:00,2668.92,2675.66,2667.52,2672.71
2024.09.26 11:00,2672.61,2685.57,2672.26,2682.85
2024.09.26 12:00,2682.88,2684.22,2668.55,2677.31
2024.09.26 13:00,2677.70,2679.70,2654.84,2660.85
2024.09.26 14:00,2660.91,2669.57,2659.76,2665.87
2024.09.26 15:00,2665.83,2673.17,2662.46,2671.40
2024.09.26 16:00,2671.39,2672.43,2662.97,2668.21
2024.09.26 17:00,2668.08,2672.22,2667.58,2670.95
2024.09.26 18:00,2670.98,2677.12,2670.10,2675.90
2024.09.26 19:00,2675.95,2677.88,2672.26,2673.65
2024.09.26 20:00,2673.71,2674.02,2670.81,2672.13
2024.09.26 23:00,2672.46,2673.21,2671.98,2672.69
2024.09.27 00:00,2672.69,2672.71,2669.41,2669.81
2024.09.27 01:00,2669.83,2672.80,2666.22,2669.54
2024.09.27 02:00,2669.55,2671.04,2667.26,2669.01
2024.09.27 03:00,2669.00,2673.98,2668.70,2673.70
2024.09.27 04:00,2673.77,2673.92,2669.32,2670.54
2024.09.27 05:00,2670.55,2671.40,2662.36,2664.90
2024.09.27 06:00,2664.96,2669.49,2664.09,2665.83
2024.09.27 07:00,2665.83,2668.31,2661.01,2664.73
2024.09.27 08:00,2664.71,2665.44,2661.87,2662.63
2024.09.27 09:00,2662.64,2664.93,2658.38,2663.75
2024.09.27 10:00,2663.74,2665.66,2662.05,2664.37
2024.09.27 11:00,2664.36,2669.22,2664.30,2666.18
2024.09.27 12:00,2666.22,2674.31,2662.30,2670.12
2024.09.27 13:00,2670.10,2671.10,2664.08,2665.86
2024.09.27 14:00,2665.67,2666.92,2649.46,2649.56
2024.09.27 15:00,2649.42,2654.68,2644.78,2649.84
2024.09.27 16:00,2649.85,2656.33,2646.01,2651.86
2024.09.27 17:00,2651.87,2652.42,2643.11,2645.21
2024.09.27 18:00,2645.35,2648.97,2643.58,2648.03
2024.09.27 19:00,2648.01,2652.84,2645.65,2652.11
2024.09.27 20:00,2651.90,2659.77,2651.17,2658.13
2024.09.29 23:00,2662.73,2665.06,2661.70,2663.57
2024.09.30 00:00,2663.72,2665.87,2661.30,2661.63
2024.09.30 01:00,2661.59,2664.32,2647.46,2652.73
2024.09.30 02:00,2652.71,2656.42,2650.31,2652.66
2024.09.30 03:00,2652.56,2655.62,2652.27,2653.59
2024.09.30 04:00,2653.50,2655.94,2652.15,2655.92
2024.09.30 05:00,2655.91,2659.34,2654.46,2657.82
2024.09.30 06:00,2657.87,2660.16,2655.73,2657.85
2024.09.30 07:00,2657.98,2660.67,2650.68,2650.97
2024.09.30 08:00,2650.96,2656.59,2650.65,2653.49
2024.09.30 09:00,2653.53,2653.65,2648.35,2649.73
2024.09.30 10:00,2649.74,2650.12,2635.80,2636.97
2024.09.30 11:00,2636.84,2642.84,2634.52,2641.60
2024.09.30 12:00,2641.60,2644.20,2634.92,2639.05
2024.09.30 13:00,2639.06,2642.12,2630.47,2635.81
2024.09.30 14:00,2635.71,2636.13,2628.80,2633.31
2024.09.30 15:00,2633.33,2636.46,2630.38,2633.95
2024.09.30 16:00,2633.97,2639.43,2633.47,2639.14
2024.09.30 17:00,2639.17,2641.83,2636.41,2637.81
2024.09.30 18:00,2637.75,2638.29,2624.67,2631.56
2024.09.30 19:00,2631.55,2631.78,2626.52,2630.98
2024.09.30 20:00,2631.02,2635.06,2630.84,2634.28
2024.09.30 23:00,2635.14,2636.28,2634.63,2635.73
2024.10.01 00:00,2635.73,2637.15,2633.95,2636.43
2024.10.01 01:00,2636.43,2639.83,2635.48,2639.82
2024.10.01 02:00,2639.87,2640.01,2635.08,2636.44
2024.10.01 03:00,2636.41,2638.67,2634.60,2638.00
2024.10.01 04:00,2637.94,2640.41,2637.47,2639.62
2024.10.01 05:00,2639.66,2644.34,2639.61,2643.10
2024.10.01 06:00,2643.03,2645.54,2642.66,2645.33
2024.10.01 07:00,2645.48,2647.48,2641.76,2645.60
2024.10.01 08:00,2645.66,2646.82,2642.44,2646.59
2024.10.01 09:00,2646.61,2649.30,2645.43,2648.72
2024.10.01 10:00,2648.67,2650.51,2648.27,2650.39
2024.10.01 11:00,2650.38,2652.07,2646.89,2650.22
2024.10.01 12:00,2650.25,2656.70,2650.19,2651.54
2024.10.01 13:00,2651.61,2671.91,2648.00,2667.59
2024.10.01 14:00,2667.33,2669.92,2657.43,2659.30
2024.10.01 15:00,2659.15,2665.41,2653.86,2663.46
2024.10.01 16:00,2663.34,2673.09,2661.26,2666.47
2024.10.01 17:00,2666.49,2671.78,2661.24,2662.45
2024.10.01 18:00,2662.32,2664.96,2657.58,2661.13
2024.10.01 19:00,2661.13,2664.29,2658.17,2658.68
2024.10.01 20:00,2658.51,2663.94,2657.91,2663.08
2024.10.01 23:00,2662.11,2662.26,2660.21,2660.38
2024.10.02 00:00,2660.41,2660.64,2656.97,2657.44
2024.10.02 01:00,2657.50,2661.98,2656.29,2660.65
2024.10.02 02:00,2660.65,2661.21,2658.84,2660.18
2024.10.02 03:00,2660.14,2661.56,2655.13,2655.38
2024.10.02 04:00,2655.36,2656.51,2652.88,2654.14
2024.10.02 05:00,2654.15,2656.23,2644.56,2648.07
2024.10.02 06:00,2648.10,2650.81,2647.22,2649.80
2024.10.02 07:00,2649.75,2655.57,2649.47,2655.45
2024.10.02 08:00,2655.45,2655.85,2648.64,2652.50
2024.10.02 09:00,2652.36,2655.52,2651.64,2652.98
2024.10.02 10:00,2652.99,2654.39,2648.84,2649.18
2024.10.02 11:00,2649.12,2652.61,2648.02,2649.57
2024.10.02 12:00,2649.83,2652.96,2643.77,2649.61
2024.10.02 13:00,2649.68,2660.85,2649.26,2659.50
2024.10.02 14:00,2659.62,2663.34,2647.44,2648.08
2024.10.02 15:00,2648.16,2650.69,2641.14,2649.94
2024.10.02 16:00,2649.98,2652.28,2648.13,2649.70
2024.10.02 17:00,2649.70,2652.79,2647.21,2652.19
2024.10.02 18:00,2652.21,2655.94,2651.14,2654.07
2024.10.02 19:00,2654.08,2658.94,2653.71,2658.61
2024.10.02 20:00,2658.57,2659.84,2658.27,2658.43
2024.10.02 23:00,2659.51,2661.22,2659.44,2660.28
2024.10.03 00:00,2660.30,2662.87,2657.46,2657.81
2024.10.03 01:00,2657.86,2658.94,2655.05,2658.21
2024.10.03 02:00,2658.22,2658.62,2655.38,2655.83
2024.10.03 03:00,2655.82,2657.93,2653.32,2656.00
2024.10.03 04:00,2656.00,2656.53,2654.65,2654.98
2024.10.03 05:00,2654.96,2656.61,2651.85,2653.31
2024.10.03 06:00,2653.28,2657.47,2651.29,2655.89
2024.10.03 07:00,2656.15,2656.20,2643.52,2645.30
2024.10.03 08:00,2645.23,2647.51,2641.77,2645.15
2024.10.03 09:00,2645.13,2647.53,2640.98,2644.86
2024.10.03 10:00,2644.86,2648.08,2644.09,2646.79
2024.10.03 11:00,2646.85,2649.01,2643.63,2648.01
2024.10.03 12:00,2648.01,2653.97,2642.12,2642.42
2024.10.03 13:00,2642.38,2651.37,2641.67,2646.80
2024.10.03 14:00,2646.76,2654.38,2639.48,2650.23
2024.10.03 15:00,2650.24,2654.58,2647.99,2648.88
2024.10.03 16:00,2648.95,2661.12,2648.58,2660.05
2024.10.03 17:00,2660.08,2662.09,2655.19,2656.74
2024.10.03 18:00,2656.97,2659.69,2655.41,2657.53
2024.10.03 19:00,2657.49,2659.49,2656.99,2657.95
2024.10.03 20:00,2657.93,2657.95,2655.71,2655.74
2024.10.03 23:00,2655.91,2656.65,2654.37,2655.83
2024.10.04 00:00,2655.85,2657.54,2655.49,2657.30
2024.10.04 01:00,2657.29,2659.17,2656.82,2658.29
2024.10.04 02:00,2658.39,2663.51,2658.02,2662.07
2024.10.04 03:00,2662.10,2663.60,2660.82,2661.16
2024.10.04 04:00,2661.16,2665.82,2660.71,2664.11
2024.10.04 05:00,2664.11,2667.84,2664.11,2667.44
2024.10.04 06:00,2667.49,2667.56,2659.70,2660.24
2024.10.04 07:00,2660.23,2663.17,2658.77,2661.05
2024.10.04 08:00,2661.06,2661.56,2658.88,2659.03
2024.10.04 09:00,2659.07,2660.23,2656.88,2657.51
2024.10.04 10:00,2657.45,2660.71,2657.21,2658.31
2024.10.04 11:00,2658.32,2662.58,2657.43,2661.36
2024.10.04 12:00,2661.46,2661.52,2632.02,2638.84
2024.10.04 13:00,2638.89,2655.13,2637.52,2651.86
2024.10.04 14:00,2651.96,2661.09,2646.57,2658.40
2024.10.04 15:00,2658.47,2670.13,2647.91,2653.23
2024.10.04 16:00,2653.24,2653.81,2641.85,2645.34
2024.10.04 17:00,2645.36,2650.48,2644.06,2650.11
2024.10.04 18:00,2650.12,2650.78,2644.40,2645.62
2024.10.04 19:00,2645.64,2652.11,2642.75,2651.59
2024.10.04 20:00,2651.63,2653.81,2649.88,2653.30
2024.10.06 23:00,2650.85,2652.43,2649.72,2650.23
2024.10.07 00:00,2650.26,2651.14,2647.84,2649.31
2024.10.07 01:00,2649.41,2651.91,2643.88,2646.20
2024.10.07 02:00,2646.18,2648.66,2645.27,2645.27
2024.10.07 03:00,2645.25,2647.49,2643.91,2647.44
2024.10.07 04:00,2647.43,2648.64,2646.35,2646.76
2024.10.07 05:00,2646.76,2646.76,2640.05,2640.70
2024.10.07 06:00,2640.71,2643.90,2639.72,2643.25
2024.10.07 07:00,2643.24,2652.81,2642.05,2652.06
2024.10.07 08:00,2652.06,2656.39,2651.64,2652.26
2024.10.07 09:00,2652.36,2657.28,2650.72,2656.58
2024.10.07 10:00,2656.54,2658.51,2655.23,2655.40
2024.10.07 11:00,2655.40,2659.64,2655.13,2656.94
2024.10.07 12:00,2656.96,2659.27,2637.77,2640.11
2024.10.07 13:00,2640.05,2653.79,2639.74,2642.79
2024.10.07 14:00,2642.73,2647.81,2640.49,2640.87
2024.10.07 15:00,2640.87,2650.17,2639.16,2645.69
2024.10.07 16:00,2645.67,2646.93,2642.65,2646.85
2024.10.07 17:00,2646.75,2648.77,2644.20,2647.99
2024.10.07 18:00,2648.01,2648.11,2639.69,2640.80
2024.10.07 19:00,2640.80,2644.68,2640.40,2643.28
2024.10.07 20:00,2643.22,2643.67,2641.77,2642.28
2024.10.07 23:00,2644.24,2644.88,2642.46,2643.04
2024.10.08 00:00,2643.06,2645.14,2642.30,2643.53
2024.10.08 01:00,2643.56,2647.91,2637.91,2647.30
2024.10.08 02:00,2647.30,2648.25,2633.78,2635.76
2024.10.08 03:00,2635.59,2645.75,2635.28,2642.99
2024.10.08 04:00,2642.98,2643.80,2641.36,2643.11
2024.10.08 05:00,2643.10,2646.30,2641.55,2645.05
2024.10.08 06:00,2645.04,2646.44,2635.74,2636.43
2024.10.08 07:00,2636.33,2638.53,2631.18,2634.05
2024.10.08 08:00,2634.00,2640.36,2628.60,2637.95
2024.10.08 09:00,2637.95,2641.97,2635.80,2641.48
2024.10.08 10:00,2641.49,2647.42,2639.82,2646.32
2024.10.08 11:00,2646.32,2651.90,2646.25,2650.76
2024.10.08 12:00,2650.76,2653.01,2639.73,2645.95
2024.10.08 13:00,2645.90,2647.65,2636.63,2639.69
2024.10.08 14:00,2639.69,2640.44,2619.58,2620.99
2024.10.08 15:00,2621.14,2621.14,2604.76,2613.05
2024.10.08 16:00,2613.00,2616.24,2606.70,2608.98
2024.10.08 17:00,2608.98,2618.13,2605.57,2614.55
2024.10.08 18:00,2614.71,2617.01,2613.85,2615.72
2024.10.08 19:00,2615.71,2623.65,2614.93,2622.95
2024.10.08 20:00,2622.85,2623.13,2618.88,2621.71
2024.10.08 23:00,2622.05,2623.78,2621.16,2622.02
2024.10.09 00:00,2622.00,2623.21,2620.97,2621.18
2024.10.09 01:00,2621.15,2624.21,2618.40,2619.95
2024.10.09 02:00,2620.00,2620.37,2616.88,2618.44
2024.10.09 03:00,2618.43,2618.83,2614.97,2617.18
2024.10.09 04:00,2617.11,2618.62,2615.46,2616.00
2024.10.09 05:00,2615.98,2624.30,2615.70,2619.72
2024.10.09 06:00,2619.68,2619.68,2610.65,2612.76
2024.10.09 07:00,2612.77,2615.62,2609.17,2611.65
2024.10.09 08:00,2611.68,2617.42,2610.52,2616.31
2024.10.09 09:00,2616.28,2618.60,2614.70,2618.08
2024.10.09 10:00,2618.12,2621.45,2616.08,2621.12
2024.10.09 11:00,2621.09,2622.43,2617.01,2619.06
2024.10.09 12:00,2619.09,2622.33,2615.48,2618.92
2024.10.09 13:00,2618.93,2620.70,2607.02,2609.67
2024.10.09 14:00,2609.63,2611.88,2605.38,2609.88
2024.10.09 15:00,2609.84,2617.88,2609.52,2614.83
2024.10.09 16:00,2614.85,2615.81,2607.81,2608.72
2024.10.09 17:00,2608.80,2609.93,2606.54,2609.61
2024.10.09 18:00,2609.67,2611.05,2605.18,2606.40
2024.10.09 19:00,2606.45,2610.22,2606.34,2609.27
2024.10.09 20:00,2609.17,2609.45,2606.90,2607.37
2024.10.09 23:00,2608.87,2609.44,2607.90,2608.45
2024.10.10 00:00,2608.50,2610.16,2605.94,2609.35
2024.10.10 01:00,2609.34,2612.51,2606.82,2609.11
2024.10.10 02:00,2609.06,2615.62,2608.02,2615.27
2024.10.10 03:00,2615.26,2616.90,2611.45,2611.79
2024.10.10 04:00,2611.81,2614.71,2611.51,2613.90
2024.10.10 05:00,2613.89,2615.53,2612.50,2613.32
2024.10.10 06:00,2613.28,2616.39,2610.66,2612.49
2024.10.10 07:00,2612.31,2617.08,2610.23,2616.75
2024.10.10 08:00,2616.77,2617.33,2613.55,2615.49
2024.10.10 09:00,2615.52,2618.42,2614.38,2617.23
2024.10.10 10:00,2617.23,2618.45,2615.61,2617.96
2024.10.10 11:00,2617.94,2618.90,2611.24,2613.08
2024.10.10 12:00,2613.11,2627.26,2602.65,2625.06
2024.10.10 13:00,2625.25,2627.94,2615.74,2626.77
2024.10.10 14:00,2626.75,2629.75,2622.82,2625.47
2024.10.10 15:00,2625.47,2626.19,2618.91,2623.61
2024.10.10 16:00,2623.63,2629.11,2618.76,2619.32
2024.10.10 17:00,2619.31,2626.26,2616.53,2623.84
2024.10.10 18:00,2623.86,2629.11,2623.36,2626.47
2024.10.10 19:00,2626.38,2631.40,2625.99,2629.07
2024.10.10 20:00,2629.32,2631.48,2628.78,2629.65
2024.10.10 23:00,2628.31,2635.50,2628.31,2633.19
2024.10.11 00:00,2633.26,2634.42,2632.06,2633.84
2024.10.11 01:00,2633.85,2638.01,2632.94,2637.88
2024.10.11 02:00,2637.81,2644.14,2635.33,2642.40
2024.10.11 03:00,2642.37,2646.05,2640.68,2645.49
2024.10.11 04:00,2645.56,2646.07,2643.86,2645.66
2024.10.11 05:00,2645.65,2645.98,2643.19,2644.77
2024.10.11 06:00,2644.77,2647.17,2638.09,2639.53
2024.10.11 07:00,2639.47,2645.59,2638.39,2645.43
2024.10.11 08:00,2645.39,2646.20,2639.12,2639.25
2024.10.11 09:00,2639.25,2641.65,2636.25,2637.94
2024.10.11 10:00,2637.92,2642.25,2637.09,2641.62
2024.10.11 11:00,2641.62,2644.85,2638.72,2644.76
2024.10.11 12:00,2644.65,2650.13,2640.65,2643.07
2024.10.11 13:00,2643.23,2653.39,2642.67,2649.76
2024.10.11 14:00,2649.31,2655.26,2646.51,2653.13
2024.10.11 15:00,2653.11,2659.26,2653.11,2658.80
2024.10.11 16:00,2658.78,2661.40,2657.85,2660.46
2024.10.11 17:00,2660.48,2661.17,2656.27,2659.53
2024.10.11 18:00,2659.55,2659.55,2656.05,2658.62
2024.10.11 19:00,2658.62,2658.83,2655.23,2656.07
2024.10.11 20:00,2656.11,2657.19,2654.75,2657.06
2024.10.13 23:00,2650.37,2650.69,2647.62,2648.05
2024.10.14 00:00,2648.11,2648.39,2645.14,2646.73
2024.10.14 01:00,2646.72,2648.50,2643.54,2646.18
2024.10.14 02:00,2646.13,2655.43,2643.16,2655.19
2024.10.14 03:00,2655.19,2657.39,2653.75,2655.62
2024.10.14 04:00,2655.58,2660.32,2655.31,2659.26
2024.10.14 05:00,2659.26,2660.72,2657.13,2658.99
2024.10.14 06:00,2658.96,2666.82,2657.54,2664.12
2024.10.14 07:00,2664.08,2665.23,2659.17,2660.46
2024.10.14 08:00,2660.47,2661.93,2658.41,2659.42
2024.10.14 09:00,2659.44,2663.00,2656.83,2658.55
2024.10.14 10:00,2658.56,2660.87,2655.83,2655.84
2024.10.14 11:00,2655.85,2656.84,2651.06,2652.16
2024.10.14 12:00,2651.94,2654.59,2649.31,2651.40
2024.10.14 13:00,2651.40,2661.21,2647.75,2655.51
2024.10.14 14:00,2655.47,2657.04,2644.73,2645.71
2024.10.14 15:00,2645.94,2649.09,2644.03,2646.78
2024.10.14 16:00,2646.87,2649.78,2645.86,2648.55
2024.10.14 17:00,2648.60,2649.86,2647.29,2648.67
2024.10.14 18:00,2648.63,2650.93,2648.48,2649.21
2024.10.14 19:00,2649.38,2652.59,2647.01,2652.42
2024.10.14 20:00,2652.47,2653.34,2646.10,2648.71
2024.10.14 23:00,2650.11,2650.98,2648.95,2649.43
2024.10.15 00:00,2649.36,2650.20,2647.86,2648.18
2024.10.15 01:00,2648.17,2651.23,2647.32,2648.38
2024.10.15 02:00,2648.41,2652.75,2648.09,2651.65
2024.10.15 03:00,2651.69,2651.69,2644.38,2645.68
2024.10.15 04:00,2645.69,2645.69,2642.98,2644.39
2024.10.15 05:00,2644.37,2644.37,2638.04,2641.92
2024.10.15 06:00,2641.84,2649.15,2641.39,2648.63
2024.10.15 07:00,2648.78,2653.92,2647.92,2650.78
2024.10.15 08:00,2650.72,2655.68,2649.77,2653.98
2024.10.15 09:00,2653.98,2655.55,2651.10,2653.56
2024.10.15 10:00,2653.77,2656.76,2652.69,2653.03
2024.10.15 11:00,2653.02,2654.56,2645.64,2647.74
2024.10.15 12:00,2647.73,2657.36,2647.17,2648.31
2024.10.15 13:00,2648.28,2653.35,2646.05,2648.66
2024.10.15 14:00,2648.48,2664.19,2647.80,2659.81
2024.10.15 15:00,2659.91,2665.12,2657.29,2664.64
2024.10.15 16:00,2664.71,2668.91,2661.11,2661.85
2024.10.15 17:00,2661.86,2664.18,2659.01,2663.64
2024.10.15 18:00,2663.65,2665.82,2663.37,2665.07
2024.10.15 19:00,2665.05,2666.46,2659.44,2661.65
2024.10.15 20:00,2661.87,2663.07,2660.29,2662.30
2024.10.15 23:00,2662.17,2662.53,2660.39,2660.48
2024.10.16 00:00,2660.41,2660.50,2658.70,2660.19
2024.10.16 01:00,2660.21,2668.00,2660.17,2668.00
2024.10.16 02:00,2667.98,2670.08,2665.56,2668.06
2024.10.16 03:00,2668.07,2669.19,2665.35,2667.15
2024.10.16 04:00,2667.15,2668.23,2665.58,2666.73
2024.10.16 05:00,2666.77,2670.51,2666.17,2669.47
2024.10.16 06:00,2669.54,2677.72,2667.05,2677.30
2024.10.16 07:00,2677.31,2677.49,2673.34,2676.16
2024.10.16 08:00,2676.00,2680.12,2674.59,2679.49
2024.10.16 09:00,2679.57,2682.73,2678.19,2680.19
2024.10.16 10:00,2680.30,2680.96,2673.22,2674.36
2024.10.16 11:00,2674.37,2680.56,2673.01,2678.36
2024.10.16 12:00,2678.57,2681.94,2676.46,2681.80
2024.10.16 13:00,2681.79,2685.41,2672.49,2675.07
2024.10.16 14:00,2675.14,2681.45,2670.03,2672.14
2024.10.16 15:00,2672.24,2675.74,2667.58,2670.02
2024.10.16 16:00,2669.99,2674.23,2666.75,2674.18
2024.10.16 17:00,2674.26,2676.30,2673.11,2675.30
2024.10.16 18:00,2675.28,2676.67,2674.58,2674.96
2024.10.16 19:00,2674.90,2675.01,2672.75,2674.77
2024.10.16 20:00,2674.99,2674.99,2673.16,2673.73
2024.10.16 23:00,2673.78,2674.68,2673.51,2674.10
2024.10.17 00:00,2674.10,2677.99,2674.07,2677.92
2024.10.17 01:00,2677.91,2683.06,2676.53,2683.06
2024.10.17 02:00,2683.07,2684.85,2678.88,2682.00
2024.10.17 03:00,2681.90,2682.27,2674.53,2676.68
2024.10.17 04:00,2676.73,2679.69,2676.52,2679.11
2024.10.17 05:00,2679.11,2684.35,2678.08,2683.56
2024.10.17 06:00,2683.59,2685.73,2680.11,2681.21
2024.10.17 07:00,2681.26,2683.73,2678.97,2682.06
2024.10.17 08:00,2682.06,2683.89,2680.06,2681.85
2024.10.17 09:00,2682.01,2682.06,2677.01,2679.48
2024.10.17 10:00,2679.49,2688.76,2679.09,2687.41
2024.10.17 11:00,2687.40,2688.45,2680.79,2681.32
2024.10.17 12:00,2681.31,2682.24,2673.24,2680.67
2024.10.17 13:00,2680.67,2690.07,2677.84,2688.81
2024.10.17 14:00,2688.88,2696.42,2684.73,2695.74
2024.10.17 15:00,2695.72,2696.72,2687.57,2693.31
2024.10.17 16:00,2693.28,2693.38,2683.96,2692.24
2024.10.17 17:00,2692.28,2694.17,2690.49,2691.97
2024.10.17 18:00,2691.96,2692.28,2689.21,2689.52
2024.10.17 19:00,2689.53,2692.62,2688.92,2692.09
2024.10.17 20:00,2692.01,2692.93,2690.87,2692.67
2024.10.17 23:00,2692.69,2694.40,2692.34,2693.75
2024.10.18 00:00,2693.77,2695.77,2692.87,2693.03
2024.10.18 01:00,2693.05,2706.75,2692.81,2704.67
2024.10.18 02:00,2704.61,2711.97,2704.07,2708.17
2024.10.18 03:00,2708.09,2710.84,2707.12,2710.05
2024.10.18 04:00,2709.95,2711.36,2708.85,2710.24
2024.10.18 05:00,2710.24,2714.01,2710.12,2711.47
2024.10.18 06:00,2711.25,2711.73,2702.68,2707.51
2024.10.18 07:00,2707.46,2709.18,2702.30,2702.33
2024.10.18 08:00,2702.37,2706.28,2701.71,2706.27
2024.10.18 09:00,2706.30,2713.12,2706.16,2711.36
2024.10.18 10:00,2711.42,2713.17,2707.95,2712.50
2024.10.18 11:00,2712.58,2713.11,2708.01,2709.89
2024.10.18 12:00,2709.89,2717.03,2709.21,2709.60
2024.10.18 13:00,2709.58,2715.80,2705.01,2713.73
2024.10.18 14:00,2713.70,2720.16,2712.13,2717.40
2024.10.18 15:00,2717.30,2719.20,2713.70,2714.86
2024.10.18 16:00,2714.84,2719.03,2714.73,2717.65
2024.10.18 17:00,2717.88,2719.96,2713.62,2715.84
2024.10.18 18:00,2715.88,2721.28,2715.51,2720.25
2024.10.18 19:00,2720.35,2720.52,2718.03,2719.69
2024.10.18 20:00,2719.68,2722.48,2719.20,2721.15
2024.10.20 23:00,2723.61,2725.08,2722.39,2723.47
2024.10.21 00:00,2723.76,2725.84,2721.47,2721.66
2024.10.21 01:00,2721.71,2729.25,2721.05,2726.39
2024.10.21 02:00,2726.40,2731.44,2724.84,2730.77
2024.10.21 03:00,2730.68,2732.80,2729.36,2731.57
2024.10.21 04:00,2731.55,2732.01,2729.61,2730.42
2024.10.21 05:00,2730.43,2730.43,2724.50,2724.90
2024.10.21 06:00,2724.85,2730.63,2723.64,2730.34
2024.10.21 07:00,2730.20,2732.50,2725.35,2730.43
2024.10.21 08:00,2730.38,2733.12,2729.45,2731.41
2024.10.21 09:00,2731.40,2736.88,2730.77,2734.55
2024.10.21 10:00,2734.56,2734.96,2727.81,2733.40
2024.10.21 11:00,2733.40,2738.12,2733.07,2734.50
2024.10.21 12:00,2734.40,2739.76,2732.85,2738.62
2024.10.21 13:00,2738.66,2740.58,2733.74,2739.05
2024.10.21 14:00,2739.23,2739.44,2722.37,2725.24
2024.10.21 15:00,2725.25,2727.17,2716.91,2720.29
2024.10.21 16:00,2720.12,2724.09,2718.14,2723.54
2024.10.21 17:00,2723.57,2725.64,2721.66,2722.85
2024.10.21 18:00,2722.96,2723.16,2715.29,2716.30
2024.10.21 19:00,2716.40,2721.04,2714.19,2719.92
2024.10.21 20:00,2719.90,2720.99,2718.81,2719.46
2024.10.21 23:00,2720.68,2722.59,2720.45,2721.50
2024.10.22 00:00,2721.49,2725.16,2720.66,2724.74
2024.10.22 01:00,2724.73,2730.30,2724.03,2728.17
2024.10.22 02:00,2728.08,2730.66,2727.81,2728.84
2024.10.22 03:00,2728.82,2733.16,2728.71,2730.99
2024.10.22 04:00,2730.95,2735.97,2730.95,2734.76
2024.10.22 05:00,2734.76,2735.15,2729.03,2730.42
2024.10.22 06:00,2730.34,2737.13,2729.62,2735.14
2024.10.22 07:00,2735.09,2736.24,2732.56,2733.72
2024.10.22 08:00,2733.61,2738.37,2731.54,2734.93
2024.10.22 09:00,2734.92,2736.15,2729.87,2731.52
2024.10.22 10:00,2731.45,2739.35,2730.58,2738.96
2024.10.22 11:00,2738.96,2739.30,2729.54,2732.02
2024.10.22 12:00,2732.03,2738.08,2731.65,2736.22
2024.10.22 13:00,2736.22,2742.05,2735.42,2736.56
2024.10.22 14:00,2735.82,2743.17,2733.79,2741.90
2024.10.22 15:00,2741.88,2744.25,2736.91,2737.64
2024.10.22 16:00,2737.61,2745.53,2737.19,2745.32
2024.10.22 17:00,2745.36,2748.31,2743.53,2746.78
2024.10.22 18:00,2746.81,2747.31,2744.05,2744.61
2024.10.22 19:00,2744.57,2748.86,2743.87,2748.35
2024.10.22 20:00,2748.66,2748.80,2746.81,2748.68
2024.10.22 23:00,2747.40,2748.06,2745.88,2746.52
2024.10.23 00:00,2746.57,2747.03,2744.80,2745.22
2024.10.23 01:00,2745.23,2747.16,2737.96,2738.56
2024.10.23 02:00,2738.55,2741.12,2737.96,2738.96
2024.10.23 03:00,2738.93,2747.04,2738.29,2746.12
2024.10.23 04:00,2746.23,2750.68,2745.35,2750.01
2024.10.23 05:00,2749.92,2753.27,2748.83,2751.57
2024.10.23 06:00,2751.58,2753.16,2748.09,2750.52
2024.10.23 07:00,2750.43,2755.63,2749.29,2754.98
2024.10.23 08:00,2754.99,2758.44,2754.69,2756.97
2024.10.23 09:00,2757.09,2757.60,2749.87,2750.70
2024.10.23 10:00,2750.71,2752.55,2749.76,2750.77
2024.10.23 11:00,2750.78,2752.92,2749.15,2749.96
2024.10.23 12:00,2749.95,2750.51,2740.81,2743.38
2024.10.23 13:00,2743.43,2744.12,2731.67,2737.45
2024.10.23 14:00,2737.53,2738.71,2716.47,2717.73
2024.10.23 15:00,2717.80,2722.64,2708.79,2721.84
2024.10.23 16:00,2721.85,2723.31,2718.51,2719.44
2024.10.23 17:00,2719.41,2720.67,2713.72,2716.71
2024.10.23 18:00,2716.71,2716.71,2711.98,2714.11
2024.10.23 19:00,2714.10,2718.27,2713.25,2716.17
2024.10.23 20:00,2716.16,2716.68,2714.22,2715.12
2024.10.23 23:00,2718.12,2721.89,2718.07,2721.35
2024.10.24 00:00,2721.26,2721.40,2717.86,2721.26
2024.10.24 01:00,2721.39,2726.72,2720.29,2723.76
2024.10.24 02:00,2723.76,2724.53,2720.29,2723.38
2024.10.24 03:00,2723.39,2724.11,2721.46,2722.99
2024.10.24 04:00,2722.96,2727.06,2722.88,2726.57
2024.10.24 05:00,2726.57,2729.76,2725.91,2728.95
2024.10.24 06:00,2728.93,2736.49,2728.38,2735.24
2024.10.24 07:00,2735.19,2737.08,2732.21,2733.65
2024.10.24 08:00,2733.62,2737.88,2732.50,2736.86
2024.10.24 09:00,2736.83,2739.17,2735.85,2736.55
2024.10.24 10:00,2736.58,2739.14,2736.30,2736.91
2024.10.24 11:00,2736.82,2739.60,2735.18,2738.64
2024.10.24 12:00,2738.55,2741.62,2734.66,2739.08
2024.10.24 13:00,2739.06,2743.26,2729.59,2733.63
2024.10.24 14:00,2733.67,2736.22,2722.53,2732.43
2024.10.24 15:00,2732.46,2734.40,2726.86,2731.16
2024.10.24 16:00,2731.25,2735.44,2725.81,2733.68
2024.10.24 17:00,2733.67,2737.03,2732.88,2735.46
2024.10.24 18:00,2735.53,2737.80,2734.51,2735.54
2024.10.24 19:00,2735.60,2736.92,2733.44,2736.92
2024.10.24 20:00,2737.09,2737.09,2735.03,2735.97
2024.10.24 23:00,2734.65,2735.50,2733.66,2733.81
2024.10.25 00:00,2733.77,2734.90,2731.28,2732.43
2024.10.25 01:00,2732.39,2735.08,2729.83,2730.05
2024.10.25 02:00,2729.99,2730.26,2726.21,2728.36
2024.10.25 03:00,2728.35,2728.36,2724.43,2726.05
2024.10.25 04:00,2726.07,2727.79,2723.94,2725.97
2024.10.25 05:00,2726.03,2729.74,2725.97,2728.55
2024.10.25 06:00,2728.59,2732.60,2725.04,2732.26
2024.10.25 07:00,2732.26,2732.26,2725.94,2726.46
2024.10.25 08:00,2726.46,2727.05,2718.95,2719.46
2024.10.25 09:00,2719.40,2721.39,2717.10,2721.25
2024.10.25 10:00,2721.25,2722.68,2717.27,2722.29
2024.10.25 11:00,2722.29,2729.37,2721.22,2724.17
2024.10.25 12:00,2724.18,2732.49,2723.30,2731.54
2024.10.25 13:00,2731.60,2732.16,2725.28,2727.87
2024.10.25 14:00,2727.82,2740.57,2727.82,2738.54
2024.10.25 15:00,2738.52,2742.08,2736.51,2737.14
2024.10.25 16:00,2737.14,2739.39,2734.02,2739.27
2024.10.25 17:00,2739.32,2745.05,2738.84,2744.36
2024.10.25 18:00,2744.38,2744.72,2741.26,2742.10
2024.10.25 19:00,2742.06,2744.43,2740.40,2742.53
2024.10.25 20:00,2742.60,2747.63,2742.51,2747.00
2024.10.27 23:00,2734.62,2740.17,2734.61,2735.81
2024.10.28 00:00,2735.79,2736.28,2732.20,2732.48
2024.10.28 01:00,2732.29,2733.00,2724.71,2732.36
2024.10.28 02:00,2732.33,2735.57,2730.73,2734.21
2024.10.28 03:00,2734.23,2734.69,2729.61,2729.71
2024.10.28 04:00,2729.70,2733.36,2729.19,2732.94
2024.10.28 05:00,2733.13,2738.79,2731.17,2738.43
2024.10.28 06:00,2738.44,2744.57,2737.54,2740.60
2024.10.28 07:00,2740.68,2743.58,2735.87,2738.96
2024.10.28 08:00,2739.14,2740.91,2731.49,2732.02
2024.10.28 09:00,2732.02,2734.02,2728.46,2729.35
2024.10.28 10:00,2729.34,2733.26,2727.87,2732.15
2024.10.28 11:00,2732.15,2732.86,2729.76,2732.30
2024.10.28 12:00,2732.29,2734.86,2731.28,2734.33
2024.10.28 13:00,2734.23,2743.43,2732.77,2740.98
2024.10.28 14:00,2740.83,2745.94,2738.90,2744.28
2024.10.28 15:00,2744.42,2744.61,2739.73,2740.76
2024.10.28 16:00,2740.73,2744.96,2740.05,2742.79
2024.10.28 17:00,2742.78,2745.01,2740.37,2743.42
2024.10.28 18:00,2743.42,2743.48,2740.20,2741.95
2024.10.28 19:00,2741.96,2743.50,2740.31,2742.52
2024.10.28 20:00,2742.46,2743.04,2741.40,2742.14
2024.10.28 23:00,2742.07,2744.46,2741.22,2744.44
2024.10.29 00:00,2744.41,2746.82,2743.29,2745.75
2024.10.29 01:00,2745.82,2752.36,2745.53,2752.09
2024.10.29 02:00,2752.08,2757.71,2750.52,2753.02
2024.10.29 03:00,2753.05,2753.29,2748.67,2751.76
2024.10.29 04:00,2751.77,2755.25,2751.38,2754.79
2024.10.29 05:00,2754.81,2756.80,2749.72,2749.97
2024.10.29 06:00,2749.90,2756.53,2749.00,2755.83
2024.10.29 07:00,2755.73,2756.35,2751.99,2752.50
2024.10.29 08:00,2752.54,2755.02,2746.36,2754.68
2024.10.29 09:00,2754.69,2756.61,2750.12,2752.42
2024.10.29 10:00,2752.42,2753.17,2747.46,2749.97
2024.10.29 11:00,2749.97,2753.36,2746.31,2751.86
2024.10.29 12:00,2751.86,2753.62,2748.98,2749.15
2024.10.29 13:00,2749.18,2764.03,2748.27,2760.84
2024.10.29 14:00,2760.87,2771.70,2760.87,2769.61
2024.10.29 15:00,2769.62,2770.55,2760.87,2764.28
2024.10.29 16:00,2764.23,2770.27,2764.17,2769.41
2024.10.29 17:00,2769.33,2772.53,2766.30,2769.80
2024.10.29 18:00,2769.82,2773.51,2768.26,2772.97
2024.10.29 19:00,2773.15,2774.78,2771.02,2772.15
2024.10.29 20:00,2772.33,2774.74,2771.88,2774.24
2024.10.29 23:00,2774.70,2775.15,2773.47,2775.01
2024.10.30 00:00,2775.04,2779.14,2774.86,2778.12
2024.10.30 01:00,2778.12,2782.17,2776.95,2781.67
2024.10.30 02:00,2781.68,2781.83,2776.11,2780.50
2024.10.30 03:00,2780.50,2781.26,2777.25,2779.02
2024.10.30 04:00,2779.01,2780.96,2777.43,2780.19
2024.10.30 05:00,2780.17,2784.93,2778.07,2783.11
2024.10.30 06:00,2783.20,2789.78,2781.26,2787.17
2024.10.30 07:00,2787.26,2788.13,2780.58,2782.26
2024.10.30 08:00,2782.29,2784.63,2779.57,2781.97
2024.10.30 09:00,2781.66,2784.68,2780.37,2784.58
2024.10.30 10:00,2784.59,2786.45,2780.14,2780.19
2024.10.30 11:00,2780.20,2782.05,2778.36,2778.58
2024.10.30 12:00,2778.59,2783.42,2774.26,2782.51
2024.10.30 13:00,2782.51,2787.53,2770.94,2777.57
2024.10.30 14:00,2777.53,2781.74,2775.19,2780.40
2024.10.30 15:00,2780.43,2785.94,2771.94,2784.74
2024.10.30 16:00,2784.73,2787.44,2783.02,2785.37
2024.10.30 17:00,2785.41,2789.61,2784.01,2788.59
2024.10.30 18:00,2788.60,2789.96,2787.36,2787.73
2024.10.30 19:00,2787.75,2788.11,2784.44,2787.34
2024.10.30 20:00,2787.55,2787.91,2784.72,2787.20
2024.10.30 23:00,2787.42,2788.12,2785.16,2785.42
2024.10.31 00:00,2785.46,2788.24,2784.74,2787.57
2024.10.31 01:00,2787.59,2790.07,2783.59,2784.71
2024.10.31 02:00,2784.68,2789.02,2784.43,2787.14
2024.10.31 03:00,2786.90,2788.38,2784.41,2784.57
2024.10.31 04:00,2784.63,2785.42,2782.13,2784.47
2024.10.31 05:00,2784.33,2786.58,2782.62,2785.17
2024.10.31 06:00,2785.17,2786.07,2779.75,2779.84
2024.10.31 07:00,2779.83,2784.08,2778.11,2782.07
2024.10.31 08:00,2782.06,2783.08,2776.97,2779.09
2024.10.31 09:00,2779.07,2780.29,2777.15,2778.24
2024.10.31 10:00,2778.22,2781.19,2773.39,2780.95
2024.10.31 11:00,2780.91,2782.56,2776.79,2779.55
2024.10.31 12:00,2779.56,2781.94,2772.04,2773.68
2024.10.31 13:00,2773.69,2773.92,2754.64,2755.41
2024.10.31 14:00,2755.39,2756.86,2734.70,2734.76
2024.10.31 15:00,2734.67,2740.99,2731.56,2740.67
2024.10.31 16:00,2740.67,2743.73,2738.09,2740.73
2024.10.31 17:00,2740.76,2743.81,2738.26,2739.63
2024.10.31 18:00,2739.63,2748.00,2739.59,2746.99
2024.10.31 19:00,2746.96,2749.76,2745.74,2746.47
2024.10.31 20:00,2746.62,2748.17,2743.21,2743.72
2024.10.31 23:00,2746.24,2747.92,2745.50,2746.75
2024.11.01 00:00,2746.75,2747.32,2744.88,2745.02
2024.11.01 01:00,2744.94,2750.01,2744.82,2749.75
2024.11.01 02:00,2749.67,2750.95,2745.84,2748.75
2024.11.01 03:00,2748.79,2751.89,2747.40,2751.76
2024.11.01 04:00,2751.75,2752.98,2750.79,2752.25
2024.11.01 05:00,2752.34,2755.18,2751.66,2754.95
2024.11.01 06:00,2754.99,2757.67,2751.34,2752.04
2024.11.01 07:00,2752.02,2753.17,2747.18,2749.69
2024.11.01 08:00,2749.52,2755.01,2748.57,2753.32
2024.11.01 09:00,2753.42,2755.47,2748.02,2751.38
2024.11.01 10:00,2751.46,2751.85,2744.85,2749.68
2024.11.01 11:00,2750.03,2754.08,2749.71,2752.94
2024.11.01 12:00,2753.00,2759.85,2749.53,2753.82
2024.11.01 13:00,2753.84,2762.18,2752.19,2756.21
2024.11.01 14:00,2756.33,2758.94,2739.69,2747.30
2024.11.01 15:00,2747.32,2750.34,2742.59,2744.73
2024.11.01 16:00,2744.74,2746.07,2740.41,2743.16
2024.11.01 17:00,2743.13,2743.87,2735.08,2736.32
2024.11.01 18:00,2736.27,2738.03,2733.50,2736.16
2024.11.01 19:00,2736.21,2737.02,2733.20,2734.12
2024.11.01 20:00,2734.25,2736.55,2733.30,2735.91
2024.11.03 23:00,2734.61,2740.36,2730.03,2738.40
2024.11.04 00:00,2738.41,2740.91,2737.02,2740.36
2024.11.04 01:00,2740.45,2741.32,2735.42,2739.95
2024.11.04 02:00,2739.94,2741.02,2736.48,2739.97
2024.11.04 03:00,2739.97,2742.43,2739.40,2741.03
2024.11.04 04:00,2741.03,2742.20,2739.75,2741.04
2024.11.04 05:00,2741.04,2743.70,2737.69,2741.57
2024.11.04 06:00,2741.58,2741.61,2735.77,2741.39
2024.11.04 07:00,2741.40,2744.81,2735.12,2735.82
2024.11.04 08:00,2735.67,2738.43,2731.92,2733.36
2024.11.04 09:00,2733.25,2744.01,2732.55,2743.34
2024.11.04 10:00,2743.37,2745.21,2737.26,2738.62
2024.11.04 11:00,2738.52,2740.99,2736.55,2740.64
2024.11.04 12:00,2740.72,2744.03,2739.57,2743.38
2024.11.04 13:00,2743.42,2746.78,2738.77,2746.78
2024.11.04 14:00,2746.79,2748.20,2737.92,2743.48
2024.11.04 15:00,2743.38,2745.56,2737.71,2738.58
2024.11.04 16:00,2738.56,2738.93,2732.35,2734.23
2024.11.04 17:00,2734.54,2738.43,2731.81,2738.40
2024.11.04 18:00,2738.40,2739.27,2735.60,2738.22
2024.11.04 19:00,2738.23,2739.68,2737.23,2738.31
2024.11.04 20:00,2738.31,2738.62,2736.36,2737.35
2024.11.04 21:00,2737.49,2737.61,2735.92,2736.30
2024.11.04 23:00,2736.30,2737.97,2736.02,2736.02
2024.11.05 00:00,2736.03,2736.65,2734.09,2735.06
2024.11.05 01:00,2734.98,2736.13,2732.96,2734.26
2024.11.05 02:00,2734.22,2735.32,2724.73,2728.50
2024.11.05 03:00,2728.47,2735.97,2727.78,2735.29
2024.11.05 04:00,2735.29,2736.35,2733.12,2734.47
2024.11.05 05:00,2734.44,2737.23,2731.97,2732.57
2024.11.05 06:00,2732.59,2738.82,2731.77,2737.83
2024.11.05 07:00,2737.83,2741.35,2735.24,2736.48
2024.11.05 08:00,2736.48,2743.27,2732.12,2742.51
2024.11.05 09:00,2742.49,2745.04,2738.91,2739.93
2024.11.05 10:00,2739.90,2740.21,2735.62,2737.92
2024.11.05 11:00,2738.02,2742.98,2738.02,2741.76
2024.11.05 12:00,2741.70,2743.07,2737.60,2737.94
2024.11.05 13:00,2738.03,2746.67,2736.40,2744.75
2024.11.05 14:00,2744.63,2749.96,2741.50,2746.15
2024.11.05 15:00,2743.43,2745.51,2733.12,2742.04
2024.11.05 16:00,2742.05,2744.49,2736.38,2738.95
2024.11.05 17:00,2738.90,2743.64,2738.27,2741.98
2024.11.05 18:00,2742.01,2743.86,2739.40,2741.26
2024.11.05 19:00,2741.24,2742.27,2739.52,2740.43
2024.11.05 20:00,2740.45,2743.48,2739.67,2743.00
2024.11.05 21:00,2743.19,2744.87,2742.59,2743.69
2024.11.05 23:00,2743.69,2746.35,2741.77,2745.63
2024.11.06 00:00,2745.61,2745.63,2735.33,2737.94
2024.11.06 01:00,2738.51,2749.68,2732.64,2747.08
2024.11.06 02:00,2746.94,2748.37,2736.77,2737.43
2024.11.06 03:00,2737.47,2743.55,2730.66,2734.19
2024.11.06 04:00,2734.18,2742.96,2733.20,2741.72
2024.11.06 05:00,2741.73,2743.58,2736.43,2739.03
2024.11.06 06:00,2739.02,2739.29,2701.42,2707.05
2024.11.06 07:00,2707.03,2733.15,2704.19,2725.88
2024.11.06 08:00,2725.78,2733.43,2722.80,2724.51
2024.11.06 09:00,2724.63,2728.55,2716.46,2724.70
2024.11.06 10:00,2724.62,2727.19,2718.70,2720.27
2024.11.06 11:00,2720.20,2722.77,2696.18,2699.36
2024.11.06 12:00,2699.20,2707.99,2693.38,2695.16
2024.11.06 13:00,2694.65,2694.65,2659.12,2664.19
2024.11.06 14:00,2664.01,2670.39,2652.40,2659.81
2024.11.06 15:00,2659.85,2675.87,2657.48,2675.79
2024.11.06 16:00,2675.79,2678.18,2662.89,2666.17
2024.11.06 17:00,2666.17,2669.20,2661.64,2663.36
2024.11.06 18:00,2663.36,2669.55,2662.86,2665.62
2024.11.06 19:00,2665.63,2668.51,2664.99,2667.09
2024.11.06 20:00,2667.07,2667.73,2659.36,2660.70
2024.11.06 21:00,2660.69,2662.48,2658.90,2659.00
2024.11.06 23:00,2659.00,2664.29,2658.06,2664.04
2024.11.07 00:00,2664.03,2664.26,2660.93,2661.56
2024.11.07 01:00,2661.46,2663.96,2643.36,2649.45
2024.11.07 02:00,2649.44,2657.50,2649.44,2657.39
2024.11.07 03:00,2657.47,2661.22,2655.59,2659.22
2024.11.07 04:00,2659.21,2659.56,2654.08,2654.62
2024.11.07 05:00,2654.67,2660.68,2654.67,2659.26
2024.11.07 06:00,2659.20,2659.41,2652.76,2657.12
2024.11.07 07:00,2656.95,2667.60,2656.21,2663.24
2024.11.07 08:00,2663.36,2666.66,2657.41,2657.66
2024.11.07 09:00,2657.64,2666.09,2657.54,2661.65
2024.11.07 10:00,2661.67,2668.41,2659.85,2666.60
2024.11.07 11:00,2666.50,2668.11,2663.69,2666.28
2024.11.07 12:00,2666.24,2674.11,2664.36,2673.65
2024.11.07 13:00,2673.78,2685.16,2672.42,2684.63
2024.11.07 14:00,2684.61,2694.95,2682.43,2691.92
2024.11.07 15:00,2691.90,2700.20,2690.20,2698.83
2024.11.07 16:00,2698.76,2699.45,2690.65,2695.82
2024.11.07 17:00,2695.87,2700.32,2694.27,2699.37
2024.11.07 18:00,2699.39,2699.44,2694.01,2695.00
2024.11.07 19:00,2694.61,2697.98,2687.49,2694.31
2024.11.07 20:00,2694.33,2710.33,2692.87,2704.46
2024.11.07 21:00,2704.47,2708.48,2703.67,2705.87
2024.11.07 23:00,2705.87,2707.97,2704.06,2706.90
2024.11.08 00:00,2706.97,2710.34,2705.68,2706.34
2024.11.08 01:00,2706.47,2707.60,2699.18,2699.90
2024.11.08 02:00,2699.83,2701.03,2695.11,2697.54
2024.11.08 03:00,2697.48,2700.47,2694.09,2695.16
2024.11.08 04:00,2695.14,2696.09,2693.30,2693.60
2024.11.08 05:00,2693.58,2696.30,2693.58,2695.23
2024.11.08 06:00,2695.23,2695.79,2686.01,2686.42
2024.11.08 07:00,2686.23,2687.86,2680.32,2687.43
2024.11.08 08:00,2687.42,2691.80,2681.95,2688.74
2024.11.08 09:00,2688.70,2691.04,2687.14,2689.32
2024.11.08 10:00,2689.38,2689.38,2682.04,2688.58
2024.11.08 11:00,2688.70,2694.91,2686.77,2691.92
2024.11.08 12:00,2691.92,2693.12,2686.19,2691.95
2024.11.08 13:00,2691.94,2701.13,2687.91,2697.58
2024.11.08 14:00,2697.71,2704.00,2687.88,2691.74
2024.11.08 15:00,2691.04,2692.87,2683.50,2687.53
2024.11.08 16:00,2687.57,2689.34,2682.98,2683.27
2024.11.08 17:00,2683.36,2688.54,2683.36,2687.95
2024.11.08 18:00,2687.98,2688.78,2683.90,2685.01
2024.11.08 19:00,2685.16,2687.56,2683.29,2687.16
2024.11.08 20:00,2687.14,2688.59,2684.97,2685.09
2024.11.08 21:00,2685.10,2685.87,2682.87,2683.98
2024.11.10 23:00,2684.80,2685.65,2678.74,2685.61
2024.11.11 00:00,2685.67,2686.11,2682.66,2684.00
2024.11.11 01:00,2683.86,2684.82,2671.78,2672.97
2024.11.11 02:00,2672.99,2675.21,2666.50,2671.97
2024.11.11 03:00,2671.96,2671.98,2668.01,2670.23
2024.11.11 04:00,2670.19,2672.43,2668.88,2672.18
2024.11.11 05:00,2672.14,2674.30,2667.17,2669.28
2024.11.11 06:00,2669.29,2674.11,2668.45,2673.27
2024.11.11 07:00,2673.29,2674.04,2668.85,2669.59
2024.11.11 08:00,2669.38,2671.78,2667.64,2669.54
2024.11.11 09:00,2669.54,2670.82,2663.80,2666.86
2024.11.11 10:00,2666.94,2675.27,2660.98,2661.89
2024.11.11 11:00,2661.87,2667.00,2659.02,2662.64
2024.11.11 12:00,2662.65,2663.13,2656.72,2657.26
2024.11.11 13:00,2657.16,2657.57,2634.39,2635.53
2024.11.11 14:00,2635.54,2635.64,2617.75,2622.48
2024.11.11 15:00,2622.83,2626.31,2613.44,2614.57
2024.11.11 16:00,2614.59,2618.15,2612.71,2615.19
2024.11.11 17:00,2615.21,2616.88,2611.60,2612.59
2024.11.11 18:00,2612.59,2619.31,2610.66,2619.00
2024.11.11 19:00,2619.02,2620.72,2617.92,2619.30
2024.11.11 20:00,2619.30,2626.18,2619.30,2622.06
2024.11.11 21:00,2621.98,2623.08,2618.92,2619.00
2024.11.11 23:00,2619.00,2624.10,2618.89,2623.95
2024.11.12 00:00,2624.04,2625.24,2622.25,2624.00
2024.11.12 01:00,2624.10,2627.10,2619.17,2624.15
2024.11.12 02:00,2624.08,2625.47,2620.52,2621.96
2024.11.12 03:00,2621.96,2623.73,2618.83,2618.96
2024.11.12 04:00,2618.82,2619.08,2615.65,2617.71
2024.11.12 05:00,2617.91,2618.13,2605.41,2606.88
2024.11.12 06:00,2606.77,2610.17,2603.48,2608.00
2024.11.12 07:00,2607.95,2609.09,2595.26,2598.28
2024.11.12 08:00,2598.66,2606.53,2598.22,2600.64
2024.11.12 09:00,2600.54,2600.76,2590.83,2593.29
2024.11.12 10:00,2593.26,2598.63,2589.67,2596.70
2024.11.12 11:00,2596.67,2599.09,2592.59,2597.90
2024.11.12 12:00,2597.99,2607.04,2597.98,2605.31
2024.11.12 13:00,2605.30,2616.34,2604.56,2611.67
2024.11.12 14:00,2611.62,2617.00,2609.04,2610.42
2024.11.12 15:00,2610.41,2611.78,2597.46,2598.50
2024.11.12 16:00,2598.56,2604.17,2597.90,2600.82
2024.11.12 17:00,2600.86,2601.11,2592.49,2597.45
2024.11.12 18:00,2597.55,2602.09,2596.48,2599.27
2024.11.12 19:00,2599.20,2601.44,2597.98,2598.21
2024.11.12 20:00,2598.10,2601.38,2595.15,2599.64
2024.11.12 21:00,2599.74,2600.80,2597.09,2597.91
2024.11.12 23:00,2597.91,2599.82,2597.59,2598.95
2024.11.13 00:00,2599.04,2599.89,2598.07,2599.47
2024.11.13 01:00,2599.67,2611.13,2599.50,2608.13
2024.11.13 02:00,2608.17,2612.53,2605.16,2612.11
2024.11.13 03:00,2612.08,2613.25,2606.51,2611.54
2024.11.13 04:00,2611.54,2612.34,2606.11,2606.24
2024.11.13 05:00,2606.33,2607.88,2603.59,2605.76
2024.11.13 06:00,2605.67,2607.43,2604.18,2605.45
2024.11.13 07:00,2605.38,2607.42,2604.33,2606.23
2024.11.13 08:00,2606.27,2610.71,2601.06,2607.66
2024.11.13 09:00,2607.66,2611.68,2607.36,2608.64
2024.11.13 10:00,2608.58,2610.43,2607.02,2609.04
2024.11.13 11:00,2608.91,2611.65,2605.82,2610.83
2024.11.13 12:00,2610.95,2612.71,2608.92,2609.70
2024.11.13 13:00,2609.76,2618.80,2607.18,2612.39
2024.11.13 14:00,2612.33,2616.37,2601.08,2602.25
2024.11.13 15:00,2602.06,2606.81,2593.59,2605.47
2024.11.13 16:00,2605.45,2606.01,2584.74,2585.86
2024.11.13 17:00,2585.85,2586.76,2577.65,2583.34
2024.11.13 18:00,2583.34,2585.48,2579.62,2582.73
2024.11.13 19:00,2582.75,2584.93,2580.59,2580.96
2024.11.13 20:00,2580.84,2581.09,2573.02,2573.84
2024.11.13 21:00,2573.75,2577.15,2572.46,2572.46
2024.11.13 23:00,2572.46,2581.42,2569.37,2570.89
2024.11.14 00:00,2570.90,2574.71,2569.66,2572.43
2024.11.14 01:00,2572.50,2572.84,2561.54,2562.61
2024.11.14 02:00,2562.54,2564.59,2558.91,2560.66
2024.11.14 03:00,2560.60,2565.00,2560.01,2560.69
2024.11.14 04:00,2560.66,2565.24,2559.27,2565.17
2024.11.14 05:00,2565.18,2565.18,2555.33,2558.63
2024.11.14 06:00,2558.64,2560.48,2551.88,2555.05
2024.11.14 07:00,2555.04,2558.91,2550.45,2556.98
2024.11.14 08:00,2556.99,2559.80,2554.54,2556.17
2024.11.14 09:00,2556.37,2558.33,2536.79,2543.54
2024.11.14 10:00,2543.55,2548.04,2539.08,2547.09
2024.11.14 11:00,2547.12,2555.06,2545.23,2553.70
2024.11.14 12:00,2553.70,2556.89,2550.14,2552.26
2024.11.14 13:00,2552.24,2560.33,2551.28,2557.22
2024.11.14 14:00,2557.17,2565.89,2554.35,2559.76
2024.11.14 15:00,2559.65,2573.01,2558.67,2570.32
2024.11.14 16:00,2570.39,2577.49,2569.27,2574.03
2024.11.14 17:00,2574.04,2575.89,2567.45,2573.00
2024.11.14 18:00,2573.16,2573.49,2567.18,2569.93
2024.11.14 19:00,2569.92,2576.88,2569.90,2576.00
2024.11.14 20:00,2576.09,2576.45,2563.93,2567.26
2024.11.14 21:00,2567.37,2569.60,2564.17,2564.37
2024.11.14 23:00,2564.37,2567.30,2564.37,2566.92
2024.11.15 00:00,2566.96,2567.61,2565.96,2566.87
2024.11.15 01:00,2566.92,2571.68,2563.08,2565.03
2024.11.15 02:00,2565.01,2571.04,2564.93,2570.19
2024.11.15 03:00,2570.20,2571.13,2567.68,2567.76
2024.11.15 04:00,2567.75,2569.52,2567.05,2567.07
2024.11.15 05:00,2567.07,2567.22,2559.72,2559.93
2024.11.15 06:00,2559.92,2563.57,2554.53,2561.44
2024.11.15 07:00,2561.35,2564.90,2559.41,2563.81
2024.11.15 08:00,2563.79,2568.97,2560.88,2566.88
2024.11.15 09:00,2566.89,2568.96,2563.97,2563.99
2024.11.15 10:00,2563.99,2570.49,2563.04,2567.94
2024.11.15 11:00,2567.88,2573.28,2566.68,2570.77
2024.11.15 12:00,2570.69,2571.03,2565.54,2569.19
2024.11.15 13:00,2569.40,2575.77,2561.22,2565.33
2024.11.15 14:00,2565.34,2575.55,2564.31,2572.98
2024.11.15 15:00,2572.88,2576.05,2565.07,2570.87
2024.11.15 16:00,2570.87,2573.34,2562.09,2562.18
2024.11.15 17:00,2562.16,2564.79,2560.15,2562.98
2024.11.15 18:00,2563.07,2567.82,2559.45,2567.60
2024.11.15 19:00,2567.58,2568.07,2562.76,2563.81
2024.11.15 20:00,2563.83,2563.94,2559.78,2562.21
2024.11.15 21:00,2561.98,2563.50,2561.10,2562.84
2024.11.17 23:00,2563.89,2575.51,2562.97,2571.40
2024.11.18 00:00,2571.40,2577.12,2569.85,2576.55
2024.11.18 01:00,2576.55,2597.23,2576.55,2587.06
2024.11.18 02:00,2586.99,2594.98,2586.90,2591.14
2024.11.18 03:00,2591.12,2592.54,2587.80,2589.90
2024.11.18 04:00,2589.90,2593.13,2589.28,2592.26
2024.11.18 05:00,2592.17,2592.33,2585.09,2585.59
2024.11.18 06:00,2585.50,2587.72,2580.42,2586.02
2024.11.18 07:00,2586.05,2587.11,2581.71,2582.89
2024.11.18 08:00,2582.89,2590.01,2582.03,2585.66
2024.11.18 09:00,2585.59,2597.31,2583.83,2595.75
2024.11.18 10:00,2595.85,2596.68,2589.56,2594.05
2024.11.18 11:00,2594.08,2595.40,2590.53,2594.41
2024.11.18 12:00,2594.40,2597.12,2590.42,2595.18
2024.11.18 13:00,2595.11,2605.16,2592.93,2603.90
2024.11.18 14:00,2603.98,2610.19,2602.83,2608.16
2024.11.18 15:00,2608.34,2613.40,2605.94,2613.07
2024.11.18 16:00,2613.05,2615.09,2609.42,2611.59
2024.11.18 17:00,2611.57,2611.93,2607.36,2610.41
2024.11.18 18:00,2610.41,2612.06,2607.75,2611.13
2024.11.18 19:00,2611.14,2612.58,2608.41,2609.80
2024.11.18 20:00,2609.72,2611.55,2608.23,2610.22
2024.11.18 21:00,2610.29,2612.28,2609.87,2611.57
2024.11.18 23:00,2611.57,2613.03,2610.43,2612.60
2024.11.19 00:00,2612.63,2613.65,2611.10,2613.32
2024.11.19 01:00,2613.48,2617.81,2611.56,2615.71
2024.11.19 02:00,2615.68,2624.18,2615.68,2622.53
2024.11.19 03:00,2622.54,2625.54,2621.39,2624.49
2024.11.19 04:00,2624.50,2625.23,2621.58,2622.95
2024.11.19 05:00,2622.86,2623.43,2620.88,2622.57
2024.11.19 06:00,2622.59,2626.65,2621.36,2625.08
2024.11.19 07:00,2625.16,2625.31,2617.77,2619.07
2024.11.19 08:00,2619.01,2627.00,2618.70,2626.41
2024.11.19 09:00,2626.38,2634.49,2625.32,2630.29
2024.11.19 10:00,2630.26,2636.50,2629.98,2635.14
2024.11.19 11:00,2635.04,2635.99,2628.99,2629.56
2024.11.19 12:00,2629.57,2639.33,2628.79,2639.23
2024.11.19 13:00,2639.29,2639.43,2629.30,2635.29
2024.11.19 14:00,2635.21,2636.94,2622.82,2623.42
2024.11.19 15:00,2623.40,2628.70,2620.98,2624.50
2024.11.19 16:00,2624.48,2628.51,2622.35,2626.52
2024.11.19 17:00,2626.46,2633.09,2625.65,2628.08
2024.11.19 18:00,2628.14,2630.45,2626.32,2630.20
2024.11.19 19:00,2630.25,2631.62,2628.89,2630.70
2024.11.19 20:00,2630.71,2634.59,2630.41,2633.74
2024.11.19 21:00,2633.82,2633.89,2630.61,2631.90
2024.11.19 23:00,2631.90,2635.47,2631.60,2635.14
2024.11.20 00:00,2635.09,2639.09,2634.70,2637.84
2024.11.20 01:00,2637.91,2641.46,2635.76,2639.63
2024.11.20 02:00,2639.68,2641.83,2638.42,2640.22
2024.11.20 03:00,2640.23,2641.26,2637.64,2637.96
2024.11.20 04:00,2637.99,2638.78,2636.19,2636.68
2024.11.20 05:00,2636.54,2638.48,2634.93,2636.90
2024.11.20 06:00,2636.68,2637.10,2628.56,2629.52
2024.11.20 07:00,2629.44,2630.18,2621.17,2621.57
2024.11.20 08:00,2621.43,2624.50,2618.86,2624.22
2024.11.20 09:00,2624.34,2625.68,2621.07,2621.93
2024.11.20 10:00,2621.85,2626.20,2620.95,2625.12
2024.11.20 11:00,2625.12,2628.16,2621.47,2628.11
2024.11.20 12:00,2628.10,2632.40,2627.09,2631.89
2024.11.20 13:00,2631.92,2640.48,2631.14,2636.13
2024.11.20 14:00,2636.17,2646.40,2634.23,2643.19
2024.11.20 15:00,2643.19,2648.92,2640.88,2648.92
2024.11.20 16:00,2648.91,2650.82,2646.18,2650.63
2024.11.20 17:00,2650.67,2655.41,2649.26,2651.84
2024.11.20 18:00,2651.87,2652.07,2645.47,2648.61
2024.11.20 19:00,2648.59,2653.13,2648.48,2650.90
2024.11.20 20:00,2650.80,2651.24,2647.22,2648.90
2024.11.20 21:00,2648.89,2650.49,2648.02,2650.33
2024.11.20 23:00,2650.33,2652.91,2648.87,2652.13
2024.11.21 00:00,2652.20,2658.81,2651.84,2658.48
2024.11.21 01:00,2658.64,2660.46,2651.88,2653.43
2024.11.21 02:00,2653.42,2658.16,2652.57,2653.71
2024.11.21 03:00,2653.70,2657.16,2650.40,2656.93
2024.11.21 04:00,2656.90,2658.90,2656.84,2656.94
2024.11.21 05:00,2656.99,2658.15,2654.64,2656.95
2024.11.21 06:00,2656.96,2662.21,2656.59,2661.44
2024.11.21 07:00,2661.42,2664.49,2660.09,2663.09
2024.11.21 08:00,2662.97,2670.22,2662.01,2668.82
2024.11.21 09:00,2668.91,2671.60,2663.51,2668.87
2024.11.21 10:00,2668.89,2670.37,2665.09,2669.97
2024.11.21 11:00,2670.01,2673.51,2668.32,2671.51
2024.11.21 12:00,2671.51,2671.77,2663.03,2663.33
2024.11.21 13:00,2663.31,2667.72,2660.45,2665.48
2024.11.21 14:00,2665.56,2671.60,2661.36,2664.96
2024.11.21 15:00,2664.96,2670.57,2664.43,2667.76
2024.11.21 16:00,2667.74,2669.77,2661.36,2664.76
2024.11.21 17:00,2664.74,2672.80,2661.78,2671.85
2024.11.21 18:00,2671.87,2673.06,2669.12,2672.44
2024.11.21 19:00,2672.45,2673.48,2667.84,2669.63
2024.11.21 20:00,2669.67,2671.81,2668.54,2671.51
2024.11.21 21:00,2671.66,2671.87,2668.02,2669.30
2024.11.21 23:00,2669.30,2669.99,2668.11,2669.13
2024.11.22 00:00,2669.15,2673.58,2668.87,2673.13
2024.11.22 01:00,2673.10,2679.45,2673.10,2677.85
2024.11.22 02:00,2677.83,2686.43,2677.34,2686.08
2024.11.22 03:00,2686.10,2690.51,2681.46,2686.24
2024.11.22 04:00,2686.23,2692.20,2683.02,2688.76
2024.11.22 05:00,2688.76,2689.15,2683.10,2686.66
2024.11.22 06:00,2686.68,2693.20,2685.83,2693.00
2024.11.22 07:00,2693.01,2699.00,2690.52,2696.48
2024.11.22 08:00,2696.39,2700.45,2694.81,2697.31
2024.11.22 09:00,2697.37,2707.45,2693.54,2703.38
2024.11.22 10:00,2703.49,2708.53,2702.73,2707.72
2024.11.22 11:00,2707.72,2710.10,2697.09,2698.88
2024.11.22 12:00,2698.78,2704.95,2697.11,2702.96
2024.11.22 13:00,2702.97,2704.10,2689.38,2692.94
2024.11.22 14:00,2693.06,2696.31,2684.45,2694.72
2024.11.22 15:00,2694.58,2705.09,2694.58,2703.69
2024.11.22 16:00,2703.72,2706.57,2700.84,2705.18
2024.11.22 17:00,2705.18,2707.23,2703.64,2706.80
2024.11.22 18:00,2706.83,2711.46,2706.69,2710.89
2024.11.22 19:00,2710.91,2711.46,2707.04,2708.21
2024.11.22 20:00,2708.10,2708.84,2705.07,2705.85
2024.11.22 21:00,2705.80,2715.97,2705.80,2715.87
2024.11.24 23:00,2713.35,2721.37,2703.57,2719.85
2024.11.25 00:00,2719.74,2720.19,2709.88,2710.61
2024.11.25 01:00,2710.89,2711.12,2694.91,2701.26
2024.11.25 02:00,2701.27,2704.46,2692.41,2695.27
2024.11.25 03:00,2695.25,2697.37,2659.15,2672.33
2024.11.25 04:00,2672.20,2676.35,2663.91,2672.46
2024.11.25 05:00,2672.49,2673.99,2658.21,2664.78
2024.11.25 06:00,2664.76,2670.10,2661.70,2666.96
2024.11.25 07:00,2667.03,2672.56,2663.84,2667.85
2024.11.25 08:00,2667.89,2673.57,2667.20,2672.07
2024.11.25 09:00,2672.06,2675.18,2669.97,2673.91
2024.11.25 10:00,2673.79,2678.04,2668.82,2677.77
2024.11.25 11:00,2677.68,2688.77,2677.65,2686.86
2024.11.25 12:00,2686.92,2686.93,2679.96,2681.00
2024.11.25 13:00,2681.00,2687.93,2676.66,2678.30
2024.11.25 14:00,2678.37,2678.71,2633.71,2641.35
2024.11.25 15:00,2641.65,2641.68,2626.26,2628.33
2024.11.25 16:00,2628.38,2639.40,2628.38,2632.07
2024.11.25 17:00,2631.99,2634.20,2624.46,2627.88
2024.11.25 18:00,2627.82,2628.51,2615.61,2618.88
2024.11.25 19:00,2618.82,2626.16,2618.40,2625.76
2024.11.25 20:00,2625.74,2628.72,2622.65,2625.96
2024.11.25 21:00,2626.03,2628.35,2624.80,2624.84
2024.11.25 23:00,2624.84,2628.57,2605.26,2610.37
2024.11.26 00:00,2610.57,2624.60,2608.67,2619.89
2024.11.26 01:00,2619.38,2632.16,2618.17,2628.19
2024.11.26 02:00,2628.19,2630.47,2624.94,2625.42
2024.11.26 03:00,2625.37,2631.07,2622.96,2630.41
2024.11.26 04:00,2630.39,2631.40,2625.11,2626.42
2024.11.26 05:00,2626.38,2626.50,2617.88,2624.36
2024.11.26 06:00,2624.36,2625.98,2621.22,2622.10
2024.11.26 07:00,2622.08,2622.85,2610.85,2614.07
2024.11.26 08:00,2614.09,2618.35,2612.49,2613.43
2024.11.26 09:00,2613.34,2627.09,2612.94,2626.03
2024.11.26 10:00,2626.06,2633.10,2625.10,2631.36
2024.11.26 11:00,2631.33,2633.25,2627.68,2633.25
2024.11.26 12:00,2633.24,2634.81,2629.33,2631.04
2024.11.26 13:00,2630.96,2641.94,2624.05,2629.96
2024.11.26 14:00,2629.86,2633.79,2616.75,2622.76
2024.11.26 15:00,2622.78,2632.79,2620.40,2629.55
2024.11.26 16:00,2629.64,2631.45,2626.42,2628.68
2024.11.26 17:00,2628.70,2628.70,2624.98,2624.99
2024.11.26 18:00,2624.96,2624.97,2619.59,2623.50
2024.11.26 19:00,2623.53,2629.02,2622.74,2628.08
2024.11.26 20:00,2628.08,2632.81,2627.56,2631.65
2024.11.26 21:00,2631.65,2633.59,2630.78,2632.81
2024.11.26 23:00,2632.81,2634.13,2629.77,2632.26
2024.11.27 00:00,2632.28,2633.11,2627.21,2627.75
2024.11.27 01:00,2627.79,2632.74,2627.05,2631.38
2024.11.27 02:00,2631.36,2640.44,2631.14,2637.58
2024.11.27 03:00,2637.60,2639.42,2635.96,2637.82
2024.11.27 04:00,2637.77,2640.60,2636.69,2638.96
2024.11.27 05:00,2638.99,2645.76,2638.24,2642.00
2024.11.27 06:00,2642.11,2648.01,2639.01,2647.78
2024.11.27 07:00,2647.76,2648.50,2645.92,2646.61
2024.11.27 08:00,2646.31,2653.63,2645.25,2653.49
2024.11.27 09:00,2653.46,2653.75,2647.95,2648.42
2024.11.27 10:00,2648.46,2649.96,2647.68,2648.63
2024.11.27 11:00,2648.72,2652.33,2643.93,2651.14
2024.11.27 12:00,2651.08,2655.04,2649.51,2651.32
2024.11.27 13:00,2651.41,2658.19,2645.85,2656.32
2024.11.27 14:00,2656.41,2656.86,2649.11,2651.15
2024.11.27 15:00,2650.53,2651.52,2635.55,2642.73
2024.11.27 16:00,2642.71,2644.28,2638.12,2639.07
2024.11.27 17:00,2639.04,2642.80,2635.30,2637.26
2024.11.27 18:00,2637.23,2640.76,2636.54,2638.89
2024.11.27 19:00,2638.95,2639.39,2633.91,2634.77
2024.11.27 20:00,2634.70,2639.04,2634.23,2636.99
2024.11.27 21:00,2636.96,2637.57,2634.82,2635.66
2024.11.27 23:00,2635.66,2637.94,2635.66,2637.09
2024.11.28 00:00,2637.19,2638.42,2635.15,2635.69
2024.11.28 01:00,2635.50,2636.32,2620.99,2628.84
2024.11.28 02:00,2628.86,2630.19,2625.66,2628.23
2024.11.28 03:00,2628.18,2632.14,2625.70,2630.29
2024.11.28 04:00,2630.31,2633.99,2629.41,2631.29
2024.11.28 05:00,2631.29,2634.00,2630.18,2633.47
2024.11.28 06:00,2633.48,2639.59,2631.91,2636.83
2024.11.28 07:00,2636.88,2639.31,2634.56,2637.39
2024.11.28 08:00,2637.33,2646.35,2635.74,2644.10
2024.11.28 09:00,2644.07,2647.94,2642.81,2646.20
2024.11.28 10:00,2646.49,2649.67,2644.87,2647.50
2024.11.28 11:00,2647.51,2649.46,2644.91,2646.88
2024.11.28 12:00,2646.88,2647.27,2643.86,2646.08
2024.11.28 13:00,2646.07,2647.80,2642.80,2647.06
2024.11.28 14:00,2647.13,2647.93,2640.89,2641.30
2024.11.28 15:00,2641.27,2643.10,2636.23,2638.17
2024.11.28 16:00,2638.08,2642.49,2637.57,2642.12
2024.11.28 17:00,2642.15,2642.31,2639.59,2640.96
2024.11.28 18:00,2640.95,2641.41,2639.57,2639.95
2024.11.28 19:00,2639.94,2640.04,2637.35,2637.75
2024.11.28 23:00,2636.95,2639.23,2636.95,2638.81
2024.11.29 00:00,2638.80,2639.15,2635.65,2636.06
2024.11.29 01:00,2636.08,2647.17,2634.04,2644.95
2024.11.29 02:00,2644.94,2662.71,2644.75,2657.46
2024.11.29 03:00,2657.54,2660.38,2654.86,2659.97
2024.11.29 04:00,2659.98,2664.18,2658.42,2659.95
2024.11.29 05:00,2659.89,2664.02,2659.46,2662.45
2024.11.29 06:00,2662.39,2666.26,2661.73,2665.25
2024.11.29 07:00,2665.23,2665.56,2659.10,2660.58
2024.11.29 08:00,2660.58,2662.59,2654.60,2657.28
2024.11.29 09:00,2657.15,2664.69,2655.87,2664.16
2024.11.29 10:00,2664.17,2665.83,2661.34,2662.80
2024.11.29 11:00,2662.76,2664.33,2659.53,2659.63
2024.11.29 12:00,2659.68,2664.97,2659.02,2660.00
2024.11.29 13:00,2660.34,2663.29,2656.18,2658.05
2024.11.29 14:00,2658.04,2662.76,2651.93,2653.49
2024.11.29 15:00,2653.44,2658.95,2650.60,2658.95
2024.11.29 16:00,2658.95,2662.28,2658.03,2662.28
2024.11.29 17:00,2662.24,2662.27,2657.55,2660.60
2024.11.29 18:00,2660.55,2660.64,2651.78,2652.76
2024.11.29 19:00,2652.63,2653.09,2648.66,2650.35
2024.12.01 23:00,2653.31,2653.31,2643.12,2645.73
2024.12.02 00:00,2645.99,2647.67,2630.07,2637.50
2024.12.02 01:00,2637.73,2639.17,2622.94,2635.93
2024.12.02 02:00,2635.82,2638.04,2625.57,2626.78
2024.12.02 03:00,2626.71,2631.11,2624.13,2629.40
2024.12.02 04:00,2629.45,2630.56,2626.22,2628.65
2024.12.02 05:00,2628.54,2628.78,2621.94,2623.22
2024.12.02 06:00,2623.18,2627.71,2621.95,2625.94
2024.12.02 07:00,2626.02,2633.62,2625.27,2629.89
2024.12.02 08:00,2629.88,2632.72,2626.63,2629.54
2024.12.02 09:00,2629.38,2636.88,2628.57,2633.67
2024.12.02 10:00,2633.65,2637.70,2633.39,2635.87
2024.12.02 11:00,2635.86,2646.28,2635.73,2641.86
2024.12.02 12:00,2641.82,2645.11,2639.17,2641.04
2024.12.02 13:00,2640.95,2648.76,2637.04,2647.03
2024.12.02 14:00,2647.06,2651.68,2642.53,2645.63
2024.12.02 15:00,2645.67,2649.33,2640.30,2642.35
2024.12.02 16:00,2642.36,2644.40,2638.58,2641.40
2024.12.02 17:00,2641.39,2642.02,2637.36,2638.81
2024.12.02 18:00,2638.81,2638.89,2633.56,2637.05
2024.12.02 19:00,2637.02,2640.21,2636.57,2637.63
2024.12.02 20:00,2637.56,2644.25,2635.32,2637.12
2024.12.02 21:00,2637.11,2638.92,2636.57,2638.78
2024.12.02 23:00,2638.85,2642.94,2638.59,2642.24
2024.12.03 00:00,2642.24,2644.35,2640.54,2641.10
2024.12.03 01:00,2641.10,2645.24,2634.09,2636.56
2024.12.03 02:00,2636.54,2639.09,2634.52,2637.02
2024.12.03 03:00,2637.02,2640.64,2636.21,2640.52
2024.12.03 04:00,2640.48,2642.91,2638.46,2639.87
2024.12.03 05:00,2639.87,2641.95,2637.19,2641.20
2024.12.03 06:00,2641.22,2650.02,2641.22,2646.89
2024.12.03 07:00,2646.94,2647.76,2644.35,2644.66
2024.12.03 08:00,2644.56,2645.41,2639.27,2645.12
2024.12.03 09:00,2645.15,2648.08,2643.95,2643.99
2024.12.03 10:00,2643.99,2645.60,2642.58,2642.83
2024.12.03 11:00,2642.86,2645.66,2642.76,2643.66
2024.12.03 12:00,2643.66,2644.21,2638.26,2639.83
2024.12.03 13:00,2639.96,2653.54,2637.81,2652.86
2024.12.03 14:00,2652.90,2655.65,2645.72,2646.64
2024.12.03 15:00,2646.68,2647.30,2634.94,2640.47
2024.12.03 16:00,2640.47,2648.62,2638.94,2648.32
2024.12.03 17:00,2648.32,2648.77,2643.38,2646.99
2024.12.03 18:00,2647.00,2649.12,2643.17,2645.69
2024.12.03 19:00,2645.69,2646.22,2640.22,2640.90
2024.12.03 20:00,2640.90,2644.20,2640.67,2642.11
2024.12.03 21:00,2642.24,2643.98,2641.86,2643.33
2024.12.03 23:00,2643.33,2643.33,2641.05,2642.75
2024.12.04 00:00,2642.75,2643.57,2639.61,2640.50
2024.12.04 01:00,2640.37,2643.25,2637.64,2642.26
2024.12.04 02:00,2642.10,2648.10,2641.99,2645.80
2024.12.04 03:00,2645.81,2647.85,2643.20,2644.44
2024.12.04 04:00,2644.42,2648.56,2643.74,2648.41
2024.12.04 05:00,2648.41,2651.15,2647.54,2649.69
2024.12.04 06:00,2649.73,2651.36,2647.36,2649.22
2024.12.04 07:00,2649.23,2649.29,2640.33,2641.50
2024.12.04 08:00,2641.43,2642.21,2636.64,2641.31
2024.12.04 09:00,2641.29,2642.80,2638.64,2640.98
2024.12.04 10:00,2641.06,2644.59,2640.25,2644.46
2024.12.04 11:00,2644.46,2647.74,2643.46,2646.23
2024.12.04 12:00,2646.23,2646.57,2636.22,2637.04
2024.12.04 13:00,2636.91,2649.04,2632.40,2648.47
2024.12.04 14:00,2648.45,2653.38,2645.10,2649.06
2024.12.04 15:00,2649.07,2657.21,2648.97,2655.04
2024.12.04 16:00,2655.11,2655.65,2647.03,2649.76
2024.12.04 17:00,2649.74,2653.01,2648.53,2651.40
2024.12.04 18:00,2651.40,2653.00,2649.59,2649.77
2024.12.04 19:00,2649.08,2655.48,2646.92,2651.74
2024.12.04 20:00,2651.74,2651.94,2648.05,2650.07
2024.12.04 21:00,2650.15,2651.23,2648.84,2649.71
2024.12.04 23:00,2649.71,2651.55,2648.63,2650.35
2024.12.05 00:00,2650.36,2650.38,2647.72,2648.40
2024.12.05 01:00,2648.38,2650.70,2646.19,2647.03
2024.12.05 02:00,2647.03,2649.69,2645.29,2646.55
2024.12.05 03:00,2646.55,2649.30,2644.70,2648.87
2024.12.05 04:00,2648.87,2649.60,2645.75,2646.26
2024.12.05 05:00,2646.20,2655.55,2645.55,2653.12
2024.12.05 06:00,2653.06,2654.13,2646.63,2646.94
2024.12.05 07:00,2646.94,2650.95,2645.44,2648.81
2024.12.05 08:00,2648.74,2650.19,2642.03,2643.21
2024.12.05 09:00,2643.20,2646.21,2641.93,2644.87
2024.12.05 10:00,2644.87,2650.39,2644.77,2648.83
2024.12.05 11:00,2648.83,2652.67,2648.15,2651.40
2024.12.05 12:00,2651.41,2653.42,2647.56,2653.31
2024.12.05 13:00,2653.32,2654.52,2644.33,2648.95
2024.12.05 14:00,2648.96,2650.24,2639.57,2640.36
2024.12.05 15:00,2640.39,2641.97,2631.94,2640.29
2024.12.05 16:00,2640.29,2643.41,2632.92,2635.17
2024.12.05 17:00,2635.17,2635.86,2623.88,2628.06
2024.12.05 18:00,2628.06,2629.67,2623.57,2629.59
2024.12.05 19:00,2629.72,2631.70,2628.61,2629.79
2024.12.05 20:00,2629.76,2631.76,2627.97,2631.35
2024.12.05 21:00,2631.33,2632.37,2630.85,2631.62
2024.12.05 23:00,2631.62,2633.89,2631.49,2633.82
2024.12.06 00:00,2633.83,2633.83,2628.17,2628.51
2024.12.06 01:00,2628.46,2630.53,2613.65,2617.54
2024.12.06 02:00,2617.59,2625.51,2616.88,2625.36
2024.12.06 03:00,2625.35,2642.55,2624.97,2640.84
2024.12.06 04:00,2640.82,2644.35,2640.21,2642.27
2024.12.06 05:00,2642.27,2642.70,2635.29,2637.95
2024.12.06 06:00,2637.96,2642.23,2636.32,2639.39
2024.12.06 07:00,2639.39,2640.17,2636.06,2639.75
2024.12.06 08:00,2639.75,2645.19,2637.82,2644.19
2024.12.06 09:00,2644.19,2645.65,2639.83,2640.77
2024.12.06 10:00,2640.77,2640.99,2633.58,2634.13
2024.12.06 11:00,2634.13,2639.33,2632.42,2638.50
2024.12.06 12:00,2638.49,2641.45,2635.75,2638.54
2024.12.06 13:00,2638.53,2643.44,2631.41,2635.73
2024.12.06 14:00,2635.74,2638.94,2624.09,2635.59
2024.12.06 15:00,2635.67,2640.53,2632.48,2637.65
2024.12.06 16:00,2637.66,2641.62,2635.55,2640.43
2024.12.06 17:00,2640.47,2640.65,2634.22,2634.96
2024.12.06 18:00,2634.90,2639.00,2634.14,2637.24
2024.12.06 19:00,2637.31,2637.44,2633.00,2634.86
2024.12.06 20:00,2634.87,2636.40,2631.52,2631.94
2024.12.06 21:00,2631.89,2633.60,2631.16,2633.21
2024.12.08 23:00,2643.61,2648.38,2636.39,2640.11
2024.12.09 00:00,2640.10,2640.10,2627.49,2630.97
2024.12.09 01:00,2630.97,2650.52,2630.95,2646.72
2024.12.09 02:00,2646.73,2648.58,2640.97,2646.13
2024.12.09 03:00,2646.11,2646.65,2638.24,2638.78
2024.12.09 04:00,2638.78,2639.28,2634.72,2636.05
2024.12.09 05:00,2636.05,2640.46,2635.91,2638.31
2024.12.09 06:00,2638.30,2644.53,2638.12,2643.87
2024.12.09 07:00,2643.81,2651.20,2643.04,2650.57
2024.12.09 08:00,2650.59,2651.11,2646.11,2649.40
2024.12.09 09:00,2649.40,2657.45,2648.83,2655.66
2024.12.09 10:00,2655.76,2658.33,2653.52,2657.53
2024.12.09 11:00,2657.58,2660.46,2653.48,2656.33
2024.12.09 12:00,2656.28,2658.27,2653.32,2656.25
2024.12.09 13:00,2656.25,2666.27,2654.73,2665.50
2024.12.09 14:00,2665.73,2675.25,2662.72,2674.17
2024.12.09 15:00,2674.02,2676.41,2666.69,2668.39
2024.12.09 16:00,2668.39,2670.58,2665.68,2667.67
2024.12.09 17:00,2667.67,2669.39,2663.71,2664.51
2024.12.09 18:00,2664.64,2664.65,2661.70,2662.98
2024.12.09 19:00,2662.98,2663.27,2658.92,2660.10
2024.12.09 20:00,2660.20,2660.25,2656.73,2657.88
2024.12.09 21:00,2657.90,2660.72,2657.87,2660.18
2024.12.09 23:00,2660.18,2661.63,2659.59,2660.54
2024.12.10 00:00,2660.52,2665.52,2657.92,2664.99
2024.12.10 01:00,2664.98,2668.66,2660.60,2667.43
2024.12.10 02:00,2667.47,2671.45,2666.14,2669.05
2024.12.10 03:00,2669.02,2671.73,2665.49,2669.96
2024.12.10 04:00,2669.98,2673.78,2669.66,2670.29
2024.12.10 05:00,2670.38,2671.63,2668.01,2668.85
2024.12.10 06:00,2668.78,2670.90,2665.72,2670.05
2024.12.10 07:00,2670.06,2670.81,2663.67,2664.63
2024.12.10 08:00,2664.67,2665.62,2661.23,2663.25
2024.12.10 09:00,2663.26,2666.98,2661.66,2665.04
2024.12.10 10:00,2665.09,2676.78,2664.41,2675.58
2024.12.10 11:00,2675.57,2675.62,2669.80,2674.59
2024.12.10 12:00,2674.60,2678.90,2672.76,2677.79
2024.12.10 13:00,2677.87,2682.00,2672.31,2680.40
2024.12.10 14:00,2680.39,2691.77,2679.53,2688.88
2024.12.10 15:00,2688.83,2690.49,2684.56,2687.42
2024.12.10 16:00,2687.42,2692.52,2684.71,2692.32
2024.12.10 17:00,2692.30,2695.52,2690.56,2694.33
2024.12.10 18:00,2694.33,2695.17,2691.88,2692.41
2024.12.10 19:00,2692.41,2694.55,2691.13,2691.97
2024.12.10 20:00,2691.97,2693.14,2690.95,2691.75
2024.12.10 21:00,2691.75,2694.20,2691.62,2693.63
2024.12.10 23:00,2693.63,2698.31,2693.24,2695.99
2024.12.11 00:00,2696.00,2701.89,2693.49,2700.90
2024.12.11 01:00,2700.87,2703.68,2696.49,2699.92
2024.12.11 02:00,2700.02,2704.37,2698.29,2699.07
2024.12.11 03:00,2699.08,2702.19,2693.07,2695.46
2024.12.11 04:00,2695.46,2696.33,2682.27,2684.19
2024.12.11 05:00,2684.18,2693.66,2674.71,2688.25
2024.12.11 06:00,2688.29,2698.05,2687.81,2696.59
2024.12.11 07:00,2696.63,2696.63,2688.06,2690.38
2024.12.11 08:00,2690.39,2696.17,2688.37,2691.25
2024.12.11 09:00,2691.27,2695.99,2686.30,2695.77
2024.12.11 10:00,2695.79,2699.88,2692.39,2694.26
2024.12.11 11:00,2694.28,2697.54,2692.57,2696.38
2024.12.11 12:00,2696.47,2697.42,2693.73,2695.77
2024.12.11 13:00,2695.87,2702.02,2690.63,2700.95
2024.12.11 14:00,2700.96,2706.90,2696.55,2706.29
2024.12.11 15:00,2706.25,2715.98,2705.53,2713.17
2024.12.11 16:00,2713.15,2718.33,2710.99,2715.28
2024.12.11 17:00,2715.17,2719.97,2714.02,2718.03
2024.12.11 18:00,2718.03,2721.10,2713.91,2714.19
2024.12.11 19:00,2714.19,2719.65,2713.34,2718.02
2024.12.11 20:00,2718.02,2720.09,2716.03,2717.18
2024.12.11 21:00,2717.17,2718.49,2716.04,2717.54
2024.12.11 23:00,2717.54,2720.36,2716.74,2720.01
2024.12.12 00:00,2719.99,2724.47,2718.78,2724.26
2024.12.12 01:00,2724.30,2725.99,2699.72,2711.00
2024.12.12 02:00,2710.96,2711.45,2703.61,2705.91
2024.12.12 03:00,2705.91,2711.42,2705.15,2710.05
2024.12.12 04:00,2710.05,2715.18,2709.79,2712.65
2024.12.12 05:00,2712.63,2716.36,2711.53,2713.54
2024.12.12 06:00,2713.55,2718.38,2710.15,2718.35
2024.12.12 07:00,2718.39,2720.45,2715.39,2716.25
2024.12.12 08:00,2716.24,2719.50,2713.80,2718.05
2024.12.12 09:00,2718.05,2718.88,2713.23,2714.68
2024.12.12 10:00,2714.64,2715.69,2709.92,2711.51
2024.12.12 11:00,2711.58,2713.49,2707.30,2710.85
2024.12.12 12:00,2710.89,2712.48,2706.01,2706.74
2024.12.12 13:00,2706.78,2711.36,2697.44,2697.57
2024.12.12 14:00,2697.62,2699.58,2680.92,2686.56
2024.12.12 15:00,2686.44,2688.21,2675.09,2679.68
2024.12.12 16:00,2679.70,2683.81,2677.42,2683.48
2024.12.12 17:00,2683.51,2686.62,2681.46,2686.35
2024.12.12 18:00,2686.33,2687.07,2682.88,2684.16
2024.12.12 19:00,2684.16,2686.79,2682.45,2682.98
2024.12.12 20:00,2682.97,2683.51,2679.40,2679.70
2024.12.12 21:00,2679.66,2683.01,2679.66,2680.46
2024.12.12 23:00,2680.46,2681.61,2679.45,2680.72
2024.12.13 00:00,2680.72,2685.57,2678.94,2685.42
2024.12.13 01:00,2685.42,2692.71,2685.20,2689.90
2024.12.13 02:00,2689.90,2691.19,2684.10,2686.62
2024.12.13 03:00,2686.61,2691.11,2686.10,2688.16
2024.12.13 04:00,2688.11,2688.65,2685.51,2687.35
2024.12.13 05:00,2687.35,2689.46,2685.12,2688.32
2024.12.13 06:00,2688.32,2690.50,2683.35,2689.69
2024.12.13 07:00,2689.49,2690.10,2681.12,2683.19
2024.12.13 08:00,2683.19,2684.80,2672.86,2675.00
2024.12.13 09:00,2674.76,2676.94,2667.51,2668.98
2024.12.13 10:00,2668.98,2670.16,2665.07,2666.64
2024.12.13 11:00,2666.64,2669.42,2664.35,2664.97
2024.12.13 12:00,2664.97,2672.75,2662.99,2672.54
2024.12.13 13:00,2672.55,2672.93,2659.60,2662.22
2024.12.13 14:00,2662.26,2663.96,2657.34,2660.21
2024.12.13 15:00,2660.18,2662.59,2654.74,2659.98
2024.12.13 16:00,2659.89,2664.56,2658.88,2662.16
2024.12.13 17:00,2662.28,2662.29,2655.58,2656.29
2024.12.13 18:00,2656.29,2657.03,2652.15,2654.24
2024.12.13 19:00,2654.24,2655.23,2652.31,2652.98
2024.12.13 20:00,2652.98,2653.46,2646.50,2647.84
2024.12.13 21:00,2647.88,2649.86,2646.16,2648.23
2024.12.15 23:00,2649.40,2653.00,2648.47,2651.48
2024.12.16 00:00,2651.45,2651.67,2643.53,2647.12
2024.12.16 01:00,2647.15,2655.61,2646.76,2653.43
2024.12.16 02:00,2653.50,2654.78,2650.45,2651.92
2024.12.16 03:00,2651.93,2655.58,2651.66,2653.81
2024.12.16 04:00,2653.85,2654.51,2651.99,2652.76
2024.12.16 05:00,2652.76,2653.45,2649.49,2652.84
2024.12.16 06:00,2652.74,2654.82,2652.09,2653.65
2024.12.16 07:00,2653.62,2655.86,2651.65,2653.74
2024.12.16 08:00,2653.79,2662.02,2652.29,2658.02
2024.12.16 09:00,2657.95,2660.04,2655.79,2658.14
2024.12.16 10:00,2658.14,2661.08,2658.03,2658.86
2024.12.16 11:00,2658.85,2664.09,2657.76,2663.50
2024.12.16 12:00,2663.51,2664.39,2657.41,2660.01
2024.12.16 13:00,2660.04,2664.20,2658.91,2661.91
2024.12.16 14:00,2661.89,2663.01,2654.43,2654.85
2024.12.16 15:00,2654.86,2656.90,2650.86,2654.39
2024.12.16 16:00,2654.39,2655.78,2648.59,2652.17
2024.12.16 17:00,2652.17,2655.31,2651.79,2652.13
2024.12.16 18:00,2652.13,2655.60,2651.32,2655.35
2024.12.16 19:00,2655.37,2655.76,2652.16,2653.22
2024.12.16 20:00,2653.23,2653.55,2651.93,2652.69
2024.12.16 21:00,2652.76,2653.06,2651.50,2652.46
2024.12.16 23:00,2652.46,2652.94,2651.61,2651.72
2024.12.17 00:00,2651.71,2655.47,2651.13,2655.26
2024.12.17 01:00,2655.22,2658.64,2654.29,2658.05
2024.12.17 02:00,2657.83,2658.62,2653.93,2654.92
2024.12.17 03:00,2654.92,2656.17,2651.24,2653.59
2024.12.17 04:00,2653.59,2655.29,2650.92,2651.72
2024.12.17 05:00,2651.71,2654.53,2648.49,2653.71
2024.12.17 06:00,2653.71,2654.57,2646.43,2648.88
2024.12.17 07:00,2648.99,2656.39,2648.24,2653.75
2024.12.17 08:00,2653.77,2653.77,2641.31,2644.23
2024.12.17 09:00,2644.22,2646.06,2638.04,2639.73
2024.12.17 10:00,2639.67,2643.16,2638.12,2638.16
2024.12.17 11:00,2638.15,2642.44,2636.20,2642.19
2024.12.17 12:00,2642.18,2645.53,2640.74,2642.85
2024.12.17 13:00,2642.85,2646.84,2634.77,2637.04
2024.12.17 14:00,2637.04,2641.95,2633.10,2636.70
2024.12.17 15:00,2636.70,2642.94,2635.96,2640.16
2024.12.17 16:00,2640.11,2641.47,2636.70,2638.91
2024.12.17 17:00,2638.91,2647.04,2637.92,2645.94
2024.12.17 18:00,2646.04,2649.03,2644.99,2647.32
2024.12.17 19:00,2647.31,2648.21,2645.19,2645.31
2024.12.17 20:00,2645.41,2646.93,2642.99,2643.54
2024.12.17 21:00,2643.58,2646.36,2643.53,2646.02
2024.12.17 23:00,2646.02,2647.67,2644.79,2647.43
2024.12.18 00:00,2647.43,2650.33,2646.55,2650.04
2024.12.18 01:00,2649.99,2651.68,2648.02,2650.92
2024.12.18 02:00,2650.92,2651.00,2646.94,2647.35
2024.12.18 03:00,2647.34,2648.85,2645.33,2645.67
2024.12.18 04:00,2645.67,2645.88,2642.67,2645.11
2024.12.18 05:00,2645.11,2649.44,2643.94,2647.46
2024.12.18 06:00,2647.48,2647.93,2644.52,2646.65
2024.12.18 07:00,2646.65,2647.36,2643.36,2644.75
2024.12.18 08:00,2644.61,2649.65,2642.10,2647.95
2024.12.18 09:00,2647.90,2649.25,2645.52,2646.92
2024.12.18 10:00,2646.87,2649.39,2646.19,2648.44
2024.12.18 11:00,2648.44,2649.46,2645.82,2646.12
2024.12.18 12:00,2646.12,2647.75,2643.46,2644.03
2024.12.18 13:00,2643.97,2647.51,2641.20,2643.99
2024.12.18 14:00,2643.98,2644.77,2637.01,2637.97
2024.12.18 15:00,2637.82,2638.39,2633.91,2638.21
2024.12.18 16:00,2638.18,2639.52,2633.09,2634.71
2024.12.18 17:00,2634.74,2639.95,2634.60,2636.01
2024.12.18 18:00,2636.00,2638.91,2635.33,2636.25
2024.12.18 19:00,2635.91,2635.92,2603.65,2604.01
2024.12.18 20:00,2604.04,2609.24,2587.28,2592.53
2024.12.18 21:00,2592.73,2595.38,2583.64,2584.95
2024.12.18 23:00,2584.95,2592.29,2582.58,2586.61
2024.12.19 00:00,2586.75,2596.94,2586.68,2595.05
2024.12.19 01:00,2595.23,2618.06,2593.35,2611.89
2024.12.19 02:00,2611.77,2613.87,2606.25,2612.05
2024.12.19 03:00,2612.00,2613.24,2607.63,2610.37
2024.12.19 04:00,2610.39,2611.51,2606.93,2609.19
2024.12.19 05:00,2609.19,2610.49,2606.50,2607.15
2024.12.19 06:00,2607.15,2614.17,2603.28,2612.97
2024.12.19 07:00,2613.03,2622.57,2611.85,2616.52
2024.12.19 08:00,2616.55,2619.23,2613.21,2618.49
2024.12.19 09:00,2618.53,2622.82,2618.52,2620.40
2024.12.19 10:00,2620.41,2626.39,2617.42,2619.51
2024.12.19 11:00,2619.51,2621.95,2616.13,2616.83
2024.12.19 12:00,2616.79,2616.79,2604.37,2606.25
2024.12.19 13:00,2606.28,2606.28,2595.29,2596.35
2024.12.19 14:00,2596.32,2600.77,2591.97,2592.58
2024.12.19 15:00,2592.45,2595.89,2586.98,2588.48
2024.12.19 16:00,2588.42,2596.53,2587.22,2591.78
2024.12.19 17:00,2591.77,2594.22,2590.72,2592.63
2024.12.19 18:00,2592.68,2599.90,2591.82,2599.76
2024.12.19 19:00,2599.76,2601.02,2596.71,2596.76
2024.12.19 20:00,2596.76,2600.31,2596.52,2596.82
2024.12.19 21:00,2596.77,2597.05,2593.24,2594.15
2024.12.19 23:00,2594.15,2595.82,2592.31,2593.51
2024.12.20 00:00,2593.50,2595.36,2590.49,2590.76
2024.12.20 01:00,2590.76,2603.90,2589.57,2603.76
2024.12.20 02:00,2603.75,2603.95,2595.55,2597.10
2024.12.20 03:00,2597.09,2599.08,2595.78,2598.46
2024.12.20 04:00,2598.47,2600.52,2596.74,2598.01
2024.12.20 05:00,2598.01,2601.25,2596.54,2600.34
2024.12.20 06:00,2600.33,2605.33,2598.95,2604.74
2024.12.20 07:00,2604.73,2607.52,2602.39,2606.28
2024.12.20 08:00,2606.29,2607.69,2604.33,2605.53
2024.12.20 09:00,2605.53,2606.62,2603.16,2605.00
2024.12.20 10:00,2605.04,2606.92,2604.04,2604.23
2024.12.20 11:00,2604.22,2604.78,2600.18,2603.67
2024.12.20 12:00,2603.67,2606.17,2602.21,2603.59
2024.12.20 13:00,2603.58,2614.08,2600.42,2609.66
2024.12.20 14:00,2609.66,2618.33,2608.53,2617.42
2024.12.20 15:00,2617.25,2631.18,2616.19,2630.36
2024.12.20 16:00,2630.40,2631.84,2622.43,2625.11
2024.12.20 17:00,2625.11,2627.47,2622.19,2625.65
2024.12.20 18:00,2625.65,2627.34,2623.39,2626.16
2024.12.20 19:00,2626.15,2629.32,2625.05,2627.86
2024.12.20 20:00,2627.83,2628.04,2622.23,2622.72
2024.12.20 21:00,2622.75,2624.14,2619.32,2622.45
2024.12.22 23:00,2623.44,2624.76,2621.55,2624.18
2024.12.23 00:00,2624.31,2625.13,2617.38,2621.60
2024.12.23 01:00,2621.60,2624.04,2618.45,2620.76
2024.12.23 02:00,2620.77,2627.44,2620.58,2625.85
2024.12.23 03:00,2625.98,2626.91,2622.38,2624.10
2024.12.23 04:00,2624.09,2626.36,2623.91,2625.42
2024.12.23 05:00,2625.59,2629.17,2624.96,2626.75
2024.12.23 06:00,2626.72,2633.00,2624.56,2631.61
2024.12.23 07:00,2631.65,2633.28,2629.47,2630.27
2024.12.23 08:00,2630.25,2632.08,2626.09,2629.98
2024.12.23 09:00,2629.98,2630.81,2625.98,2626.30
2024.12.23 10:00,2626.29,2626.95,2619.10,2619.46
2024.12.23 11:00,2619.33,2620.08,2613.11,2616.28
2024.12.23 12:00,2616.28,2618.69,2614.07,2615.08
2024.12.23 13:00,2615.08,2619.84,2613.98,2617.49
2024.12.23 14:00,2617.49,2619.81,2613.72,2615.73
2024.12.23 15:00,2615.73,2616.44,2609.26,2609.83
2024.12.23 16:00,2609.85,2616.07,2608.18,2615.88
2024.12.23 17:00,2615.85,2616.51,2610.71,2611.20
2024.12.23 18:00,2611.18,2612.73,2610.00,2610.49
2024.12.23 19:00,2610.49,2612.62,2609.67,2611.16
2024.12.23 20:00,2611.23,2612.66,2609.16,2610.92
2024.12.23 21:00,2611.02,2613.50,2610.24,2612.55
2024.12.23 23:00,2612.55,2617.09,2612.17,2615.54
2024.12.24 00:00,2615.60,2617.37,2613.44,2616.66
2024.12.24 01:00,2616.76,2617.91,2614.49,2617.53
2024.12.24 02:00,2617.46,2619.92,2616.67,2616.83
2024.12.24 03:00,2616.83,2618.74,2615.73,2618.74
2024.12.24 04:00,2618.74,2620.36,2618.25,2620.14
2024.12.24 05:00,2620.14,2621.41,2618.27,2619.31
2024.12.24 06:00,2619.28,2619.81,2616.35,2618.93
2024.12.24 07:00,2618.96,2621.46,2617.88,2618.31
2024.12.24 08:00,2618.32,2619.74,2616.69,2617.26
2024.12.24 09:00,2617.26,2618.26,2613.32,2613.58
2024.12.24 10:00,2613.57,2617.99,2613.15,2615.54
2024.12.24 11:00,2615.45,2616.23,2612.45,2615.14
2024.12.24 12:00,2615.20,2616.30,2612.69,2613.81
2024.12.24 13:00,2613.73,2614.83,2611.33,2614.14
2024.12.24 14:00,2614.14,2617.11,2610.26,2611.04
2024.12.24 15:00,2611.04,2613.48,2610.18,2611.70
2024.12.24 16:00,2611.72,2617.88,2611.58,2615.97
2024.12.24 17:00,2615.97,2619.28,2615.26,2616.91
2024.12.24 18:00,2616.98,2617.92,2614.97,2616.21
2024.12.25 23:00,2614.43,2620.12,2614.31,2618.63
2024.12.26 00:00,2618.63,2622.73,2618.61,2621.41
2024.12.26 01:00,2621.44,2627.80,2620.77,2626.72
2024.12.26 02:00,2626.72,2627.81,2625.63,2627.48
2024.12.26 03:00,2627.60,2628.94,2625.63,2626.98
2024.12.26 04:00,2626.97,2629.17,2626.12,2627.30
2024.12.26 05:00,2627.30,2628.11,2625.79,2626.37
2024.12.26 06:00,2626.37,2627.42,2624.20,2626.00
2024.12.26 07:00,2626.02,2629.57,2623.58,2625.43
2024.12.26 08:00,2625.51,2629.09,2625.04,2627.48
2024.12.26 09:00,2627.48,2628.19,2625.81,2627.33
2024.12.26 10:00,2627.33,2629.38,2626.66,2628.69
2024.12.26 11:00,2628.68,2629.93,2627.72,2627.76
2024.12.26 12:00,2627.76,2628.36,2624.54,2626.72
2024.12.26 13:00,2626.61,2630.98,2621.72,2623.04
2024.12.26 14:00,2623.10,2630.20,2622.49,2630.02
2024.12.26 15:00,2629.97,2639.11,2628.99,2636.39
2024.12.26 16:00,2636.40,2636.69,2631.49,2632.09
2024.12.26 17:00,2632.09,2632.17,2628.01,2629.37
2024.12.26 18:00,2629.32,2635.96,2629.24,2634.72
2024.12.26 19:00,2634.62,2635.93,2632.58,2634.93
2024.12.26 20:00,2634.92,2636.19,2633.60,2634.27
2024.12.26 21:00,2634.27,2634.49,2632.82,2633.18
2024.12.26 23:00,2633.18,2634.25,2629.77,2632.51
2024.12.27 00:00,2632.50,2633.98,2631.26,2631.31
2024.12.27 01:00,2631.31,2633.78,2630.72,2632.26
2024.12.27 02:00,2632.26,2633.62,2628.88,2632.86
2024.12.27 03:00,2632.90,2635.47,2631.55,2633.82
2024.12.27 04:00,2633.83,2634.06,2632.05,2633.62
2024.12.27 05:00,2633.62,2634.20,2631.34,2631.38
2024.12.27 06:00,2631.39,2636.95,2631.29,2634.60
2024.12.27 07:00,2634.60,2638.16,2633.24,2633.51
2024.12.27 08:00,2633.51,2633.51,2626.00,2626.15
2024.12.27 09:00,2626.17,2627.66,2623.70,2623.96
2024.12.27 10:00,2623.98,2628.01,2623.48,2626.69
2024.12.27 11:00,2626.83,2628.91,2625.22,2628.71
2024.12.27 12:00,2628.71,2631.62,2625.72,2626.30
2024.12.27 13:00,2626.31,2627.20,2618.10,2618.68
2024.12.27 14:00,2618.65,2619.34,2611.61,2615.76
2024.12.27 15:00,2615.62,2619.40,2612.94,2618.23
2024.12.27 16:00,2618.17,2619.78,2615.32,2617.92
2024.12.27 17:00,2617.92,2618.24,2614.15,2616.01
2024.12.27 18:00,2615.96,2620.09,2615.32,2618.50
2024.12.27 19:00,2618.50,2621.32,2617.39,2620.59
2024.12.27 20:00,2620.62,2620.70,2612.69,2615.41
2024.12.27 21:00,2615.39,2621.66,2615.31,2621.19
2024.12.29 23:00,2619.75,2626.05,2619.09,2623.98
2024.12.30 00:00,2623.99,2625.27,2621.43,2622.51
2024.12.30 01:00,2622.48,2626.63,2622.10,2624.24
2024.12.30 02:00,2624.24,2625.32,2622.44,2623.92
2024.12.30 03:00,2623.90,2627.99,2623.15,2626.49
2024.12.30 04:00,2626.49,2626.50,2621.48,2622.20
2024.12.30 05:00,2622.20,2624.22,2620.51,2623.71
2024.12.30 06:00,2623.70,2624.58,2618.22,2619.10
2024.12.30 07:00,2619.09,2619.95,2615.78,2616.87
2024.12.30 08:00,2616.86,2617.37,2609.33,2611.94
2024.12.30 09:00,2611.96,2617.52,2611.32,2612.80
2024.12.30 10:00,2612.80,2615.33,2610.54,2610.60
2024.12.30 11:00,2610.50,2618.68,2609.12,2616.36
2024.12.30 12:00,2616.33,2622.48,2615.64,2621.52
2024.12.30 13:00,2621.51,2622.49,2606.51,2606.60
2024.12.30 14:00,2606.61,2613.70,2605.42,2611.49
2024.12.30 15:00,2611.55,2611.71,2599.64,2601.57
2024.12.30 16:00,2601.57,2602.82,2596.10,2599.77
2024.12.30 17:00,2599.77,2605.53,2599.77,2605.15
2024.12.30 18:00,2605.16,2606.71,2603.49,2606.10
2024.12.30 19:00,2606.08,2608.32,2603.63,2607.07
2024.12.30 20:00,2607.08,2609.46,2606.36,2607.70
2024.12.30 21:00,2607.71,2608.02,2605.29,2605.47
2024.12.30 23:00,2605.47,2607.21,2603.76,2606.66
2024.12.31 00:00,2606.65,2608.60,2605.02,2607.64
2024.12.31 01:00,2607.59,2611.49,2606.60,2608.77
2024.12.31 02:00,2608.74,2609.51,2606.85,2607.10
2024.12.31 03:00,2607.06,2607.65,2603.42,2604.65
2024.12.31 04:00,2604.66,2607.04,2604.31,2606.56
2024.12.31 05:00,2606.57,2608.05,2602.56,2604.36
2024.12.31 06:00,2604.36,2608.50,2603.52,2607.80
2024.12.31 07:00,2607.83,2614.16,2607.26,2613.79
2024.12.31 08:00,2613.83,2617.80,2612.81,2616.55
2024.12.31 09:00,2616.53,2616.79,2613.13,2615.26
2024.12.31 10:00,2615.44,2615.73,2610.82,2611.77
2024.12.31 11:00,2611.77,2614.17,2609.75,2610.99
2024.12.31 12:00,2610.97,2612.69,2609.27,2611.10
2024.12.31 13:00,2611.10,2616.10,2605.40,2613.18
2024.12.31 14:00,2613.18,2617.84,2611.32,2613.80
2024.12.31 15:00,2613.69,2626.61,2612.37,2625.71
2024.12.31 16:00,2625.62,2627.16,2622.23,2625.28
2024.12.31 17:00,2625.31,2627.44,2623.11,2624.23
2024.12.31 18:00,2624.23,2627.03,2622.58,2624.83
2024.12.31 19:00,2624.83,2627.21,2622.74,2623.69
2024.12.31 20:00,2623.70,2624.96,2622.06,2623.31
2024.12.31 21:00,2623.14,2624.54,2622.89,2623.35
2025.01.01 23:00,2624.53,2625.59,2621.64,2623.70
2025.01.02 00:00,2623.70,2627.66,2622.66,2625.27
2025.01.02 01:00,2625.25,2634.43,2623.75,2632.93
2025.01.02 02:00,2632.93,2636.51,2632.25,2634.73
2025.01.02 03:00,2634.72,2635.35,2632.27,2633.59
2025.01.02 04:00,2633.58,2634.12,2631.02,2633.96
2025.01.02 05:00,2633.97,2636.39,2633.05,2633.99
2025.01.02 06:00,2633.98,2635.12,2631.30,2634.18
2025.01.02 07:00,2634.19,2635.95,2632.97,2635.90
2025.01.02 08:00,2635.93,2637.69,2631.12,2636.44
2025.01.02 09:00,2636.45,2639.97,2636.05,2636.13
2025.01.02 10:00,2636.12,2646.33,2632.80,2642.72
2025.01.02 11:00,2642.72,2644.59,2640.31,2641.92
2025.01.02 12:00,2641.94,2646.43,2640.36,2643.36
2025.01.02 13:00,2643.35,2647.19,2636.06,2642.93
2025.01.02 14:00,2642.84,2651.01,2640.36,2647.77
2025.01.02 15:00,2647.59,2655.80,2645.18,2654.08
2025.01.02 16:00,2654.09,2660.38,2649.90,2659.24
2025.01.02 17:00,2659.23,2660.43,2652.51,2656.53
2025.01.02 18:00,2656.54,2658.80,2653.79,2655.42
2025.01.02 19:00,2655.42,2657.10,2653.80,2654.63
2025.01.02 20:00,2654.63,2660.41,2654.06,2659.61
2025.01.02 21:00,2659.69,2660.14,2656.50,2657.65
2025.01.02 23:00,2657.65,2659.54,2657.44,2658.39
2025.01.03 00:00,2658.37,2661.08,2658.35,2660.81
2025.01.03 01:00,2660.82,2662.32,2656.63,2659.48
2025.01.03 02:00,2659.45,2664.04,2656.22,2662.53
2025.01.03 03:00,2662.53,2665.30,2661.27,2662.30
2025.01.03 04:00,2662.27,2664.33,2661.77,2662.88
2025.01.03 05:00,2662.88,2662.96,2655.89,2658.57
2025.01.03 06:00,2658.57,2660.27,2656.72,2659.54
2025.01.03 07:00,2659.57,2659.57,2651.83,2653.88
2025.01.03 08:00,2653.79,2655.56,2649.87,2652.90
2025.01.03 09:00,2652.90,2655.93,2652.75,2653.59
2025.01.03 10:00,2653.58,2658.04,2653.08,2657.77
2025.01.03 11:00,2657.69,2659.31,2656.32,2657.62
2025.01.03 12:00,2657.62,2658.30,2654.76,2655.26
2025.01.03 13:00,2655.21,2656.34,2643.46,2649.85
2025.01.03 14:00,2649.85,2652.64,2645.11,2647.90
2025.01.03 15:00,2647.75,2648.31,2640.91,2643.96
2025.01.03 16:00,2643.95,2647.22,2639.15,2639.92
2025.01.03 17:00,2639.91,2642.66,2639.14,2641.80
2025.01.03 18:00,2641.82,2642.31,2639.64,2641.91
2025.01.03 19:00,2641.79,2642.92,2639.11,2639.47
2025.01.03 20:00,2639.38,2640.13,2637.00,2638.30
2025.01.03 21:00,2638.22,2640.41,2636.74,2638.89
2025.01.05 23:00,2640.59,2642.40,2639.01,2641.00
2025.01.06 00:00,2641.00,2643.25,2638.61,2643.18
2025.01.06 01:00,2643.39,2647.36,2640.77,2641.36
2025.01.06 02:00,2641.36,2645.27,2639.74,2644.51
2025.01.06 03:00,2644.51,2645.25,2639.18,2640.19
2025.01.06 04:00,2640.19,2640.73,2634.83,2635.41
2025.01.06 05:00,2635.37,2636.16,2631.52,2633.87
2025.01.06 06:00,2633.87,2635.33,2630.21,2631.51
2025.01.06 07:00,2631.50,2633.70,2625.17,2626.83
2025.01.06 08:00,2626.86,2632.51,2625.73,2631.47
2025.01.06 09:00,2631.34,2635.77,2631.14,2632.73
2025.01.06 10:00,2632.73,2634.99,2630.95,2633.75
2025.01.06 11:00,2633.75,2649.36,2632.54,2645.65
2025.01.06 12:00,2645.64,2647.82,2642.00,2645.41
2025.01.06 13:00,2645.41,2648.85,2621.75,2624.28
2025.01.06 14:00,2624.26,2634.60,2614.77,2631.45
2025.01.06 15:00,2631.45,2639.60,2629.40,2634.26
2025.01.06 16:00,2634.26,2641.22,2632.50,2640.74
2025.01.06 17:00,2640.74,2640.99,2634.24,2636.69
2025.01.06 18:00,2636.68,2638.57,2633.77,2634.58
2025.01.06 19:00,2634.60,2635.58,2632.89,2634.37
2025.01.06 20:00,2634.36,2635.46,2633.13,2634.54
2025.01.06 21:00,2634.56,2637.01,2634.56,2635.84
2025.01.06 23:00,2635.84,2636.27,2633.58,2634.60
2025.01.07 00:00,2634.66,2635.16,2632.88,2635.02
2025.01.07 01:00,2634.94,2641.14,2634.88,2638.96
2025.01.07 02:00,2638.92,2640.09,2636.97,2638.09
2025.01.07 03:00,2638.15,2640.20,2637.47,2639.56
2025.01.07 04:00,2639.56,2639.78,2637.16,2638.28
2025.01.07 05:00,2638.25,2645.70,2637.09,2644.46
2025.01.07 06:00,2644.35,2646.67,2639.84,2640.26
2025.01.07 07:00,2640.29,2642.10,2638.03,2640.54
2025.01.07 08:00,2640.46,2644.86,2640.15,2642.71
2025.01.07 09:00,2642.63,2644.16,2640.13,2641.39
2025.01.07 10:00,2641.39,2644.75,2641.32,2643.93
2025.01.07 11:00,2643.95,2648.67,2642.02,2648.50
2025.01.07 12:00,2648.45,2652.72,2647.48,2651.70
2025.01.07 13:00,2651.67,2664.22,2649.96,2662.30
2025.01.07 14:00,2662.34,2662.98,2655.74,2658.61
2025.01.07 15:00,2653.60,2654.91,2642.19,2647.71
2025.01.07 16:00,2647.66,2655.64,2646.45,2651.80
2025.01.07 17:00,2651.80,2656.07,2650.30,2652.58
2025.01.07 18:00,2652.57,2652.68,2647.39,2649.20
2025.01.07 19:00,2649.19,2650.40,2647.05,2649.36
2025.01.07 20:00,2649.38,2651.52,2647.19,2650.34
2025.01.07 21:00,2650.47,2650.47,2647.46,2648.15
2025.01.07 23:00,2648.15,2650.18,2647.73,2649.69
2025.01.08 00:00,2649.65,2651.52,2648.62,2650.57
2025.01.08 01:00,2650.57,2650.89,2647.18,2648.81
2025.01.08 02:00,2648.80,2650.27,2645.86,2648.83
2025.01.08 03:00,2648.65,2648.76,2645.63,2646.77
2025.01.08 04:00,2646.76,2648.72,2645.26,2647.02
2025.01.08 05:00,2647.02,2650.65,2646.68,2649.94
2025.01.08 06:00,2649.93,2653.07,2648.86,2652.23
2025.01.08 07:00,2652.24,2654.47,2651.65,2652.62
2025.01.08 08:00,2652.44,2653.80,2649.61,2652.00
2025.01.08 09:00,2652.00,2654.98,2651.83,2653.59
2025.01.08 10:00,2653.59,2655.17,2652.63,2653.15
2025.01.08 11:00,2653.15,2653.15,2647.58,2650.80
2025.01.08 12:00,2650.80,2652.46,2645.83,2652.03
2025.01.08 13:00,2651.99,2660.22,2651.76,2660.19
2025.01.08 14:00,2660.19,2667.57,2659.99,2661.43
2025.01.08 15:00,2661.34,2667.79,2659.40,2665.87
2025.01.08 16:00,2665.87,2669.93,2662.62,2669.54
2025.01.08 17:00,2669.49,2669.65,2649.41,2655.58
2025.01.08 18:00,2655.63,2659.10,2651.59,2653.41
2025.01.08 19:00,2653.40,2660.54,2652.47,2658.24
2025.01.08 20:00,2658.29,2664.00,2658.29,2663.35
2025.01.08 21:00,2663.42,2664.03,2660.80,2661.31
2025.01.08 23:00,2661.31,2663.19,2661.31,2662.60
2025.01.09 00:00,2662.61,2662.78,2659.47,2659.93
2025.01.09 01:00,2659.93,2661.45,2657.30,2658.47
2025.01.09 02:00,2658.47,2660.08,2656.38,2658.81
2025.01.09 03:00,2658.80,2662.14,2658.55,2659.42
2025.01.09 04:00,2659.41,2659.76,2655.52,2659.05
2025.01.09 05:00,2659.05,2660.99,2657.65,2658.34
2025.01.09 06:00,2658.34,2666.85,2658.34,2666.71
2025.01.09 07:00,2666.71,2666.78,2662.22,2662.32
2025.01.09 08:00,2662.21,2666.87,2660.43,2664.43
2025.01.09 09:00,2664.52,2666.48,2662.31,2665.02
2025.01.09 10:00,2665.02,2668.57,2664.45,2667.45
2025.01.09 11:00,2667.45,2673.27,2665.28,2670.29
2025.01.09 12:00,2670.23,2675.13,2669.52,2674.05
2025.01.09 13:00,2673.94,2678.12,2671.99,2672.65
2025.01.09 14:00,2672.64,2675.64,2667.24,2672.56
2025.01.09 15:00,2672.49,2675.43,2668.08,2668.31
2025.01.09 16:00,2668.26,2671.04,2666.26,2667.49
2025.01.09 17:00,2667.54,2668.59,2662.76,2665.98
2025.01.09 18:00,2665.98,2672.57,2665.07,2671.37
2025.01.09 19:00,2671.37,2671.77,2668.59,2670.19
2025.01.09 20:00,2670.16,2670.90,2669.26,2669.51
2025.01.09 21:00,2669.57,2669.96,2668.97,2669.63
2025.01.09 23:00,2669.63,2671.04,2668.49,2669.99
2025.01.10 00:00,2670.07,2671.16,2668.89,2670.47
2025.01.10 01:00,2670.41,2671.92,2669.21,2671.00
2025.01.10 02:00,2670.99,2674.70,2670.51,2673.42
2025.01.10 03:00,2673.42,2674.79,2672.51,2673.68
2025.01.10 04:00,2673.69,2674.04,2671.73,2671.74
2025.01.10 05:00,2671.74,2675.84,2671.55,2674.97
2025.01.10 06:00,2674.95,2678.56,2674.26,2678.24
2025.01.10 07:00,2678.29,2678.75,2673.49,2676.20
2025.01.10 08:00,2676.24,2680.48,2675.77,2680.11
2025.01.10 09:00,2680.06,2682.39,2677.72,2678.48
2025.01.10 10:00,2678.64,2682.66,2678.24,2681.00
2025.01.10 11:00,2681.02,2683.12,2680.23,2681.24
2025.01.10 12:00,2681.24,2681.31,2674.94,2678.40
2025.01.10 13:00,2678.35,2683.70,2664.11,2682.65
2025.01.10 14:00,2682.60,2693.38,2680.97,2688.16
2025.01.10 15:00,2685.41,2697.84,2682.48,2692.67
2025.01.10 16:00,2692.67,2697.16,2686.73,2696.36
2025.01.10 17:00,2696.36,2697.83,2692.48,2696.04
2025.01.10 18:00,2696.04,2697.15,2685.02,2687.24
2025.01.10 19:00,2687.24,2687.96,2684.58,2686.01
2025.01.10 20:00,2686.00,2690.87,2684.64,2690.66
2025.01.10 21:00,2690.56,2693.49,2688.18,2689.14
2025.01.12 23:00,2689.41,2691.13,2686.83,2691.06
2025.01.13 00:00,2690.97,2693.40,2688.14,2689.63
2025.01.13 01:00,2689.75,2689.81,2679.32,2685.68
2025.01.13 02:00,2685.69,2690.41,2684.94,2688.59
2025.01.13 03:00,2688.59,2688.63,2685.43,2687.99
2025.01.13 04:00,2687.94,2690.74,2684.33,2685.90
2025.01.13 05:00,2686.00,2686.98,2683.23,2686.98
2025.01.13 06:00,2686.98,2691.26,2686.98,2689.84
2025.01.13 07:00,2689.53,2690.41,2684.45,2685.19
2025.01.13 08:00,2685.14,2689.77,2684.01,2687.15
2025.01.13 09:00,2687.15,2688.46,2683.30,2684.69
2025.01.13 10:00,2684.68,2684.97,2677.35,2679.48
2025.01.13 11:00,2679.46,2680.59,2675.53,2675.98
2025.01.13 12:00,2675.97,2677.16,2664.15,2671.04
2025.01.13 13:00,2671.24,2672.18,2663.75,2669.16
2025.01.13 14:00,2669.20,2674.26,2664.13,2671.81
2025.01.13 15:00,2671.73,2672.89,2661.14,2661.77
2025.01.13 16:00,2661.73,2668.01,2660.72,2661.26
2025.01.13 17:00,2661.31,2664.20,2659.32,2660.85
2025.01.13 18:00,2660.86,2662.45,2657.60,2659.28
2025.01.13 19:00,2659.30,2660.64,2656.72,2658.91
2025.01.13 20:00,2658.88,2662.78,2658.72,2662.25
2025.01.13 21:00,2662.22,2664.00,2660.86,2662.44
2025.01.13 23:00,2662.44,2669.30,2662.44,2667.95
2025.01.14 00:00,2667.99,2671.08,2666.31,2670.39
2025.01.14 01:00,2670.37,2672.13,2667.82,2670.70
2025.01.14 02:00,2670.75,2672.16,2668.59,2670.45
2025.01.14 03:00,2670.35,2672.30,2668.83,2669.79
2025.01.14 04:00,2669.77,2674.02,2668.44,2673.56
2025.01.14 05:00,2673.58,2675.25,2667.37,2668.54
2025.01.14 06:00,2668.61,2669.59,2667.36,2669.04
2025.01.14 07:00,2669.07,2670.91,2667.16,2669.20
2025.01.14 08:00,2669.18,2674.38,2667.30,2671.02
2025.01.14 09:00,2671.01,2671.62,2664.87,2667.31
2025.01.14 10:00,2667.31,2668.84,2664.64,2666.66
2025.01.14 11:00,2666.66,2669.84,2664.56,2669.33
2025.01.14 12:00,2669.31,2671.56,2666.55,2668.36
2025.01.14 13:00,2668.37,2674.28,2660.92,2662.95
2025.01.14 14:00,2662.84,2665.99,2659.90,2665.22
2025.01.14 15:00,2665.23,2672.79,2665.13,2671.74
2025.01.14 16:00,2671.79,2674.00,2669.79,2671.65
2025.01.14 17:00,2671.57,2672.02,2668.07,2669.04
2025.01.14 18:00,2668.92,2672.57,2666.71,2672.41
2025.01.14 19:00,2672.40,2676.23,2671.88,2674.24
2025.01.14 20:00,2674.21,2676.44,2671.84,2676.44
2025.01.14 21:00,2676.35,2678.07,2675.79,2677.12
2025.01.14 23:00,2677.12,2679.39,2673.97,2675.59
2025.01.15 00:00,2675.64,2675.91,2672.46,2672.58
2025.01.15 01:00,2672.64,2674.32,2669.80,2669.88
2025.01.15 02:00,2669.95,2675.02,2669.29,2673.44
2025.01.15 03:00,2673.41,2676.31,2672.26,2676.18
2025.01.15 04:00,2676.15,2676.75,2674.26,2675.59
2025.01.15 05:00,2675.61,2679.34,2674.62,2679.31
2025.01.15 06:00,2679.32,2683.23,2679.10,2680.93
2025.01.15 07:00,2681.13,2684.14,2680.08,2681.34
2025.01.15 08:00,2681.36,2685.47,2681.22,2683.86
2025.01.15 09:00,2683.89,2688.48,2682.95,2685.88
2025.01.15 10:00,2685.87,2689.00,2684.76,2688.41
2025.01.15 11:00,2688.58,2688.92,2685.13,2686.87
2025.01.15 12:00,2686.87,2687.44,2684.12,2684.63
2025.01.15 13:00,2684.76,2694.13,2682.17,2693.81
2025.01.15 14:00,2693.73,2696.01,2678.22,2682.06
2025.01.15 15:00,2682.02,2683.09,2676.77,2678.53
2025.01.15 16:00,2678.67,2690.02,2676.99,2689.35
2025.01.15 17:00,2689.37,2692.95,2688.41,2692.78
2025.01.15 18:00,2692.78,2694.95,2691.08,2694.07
2025.01.15 19:00,2694.06,2695.14,2692.52,2693.99
2025.01.15 20:00,2693.99,2696.46,2693.20,2696.37
2025.01.15 21:00,2696.34,2697.30,2693.84,2695.90
2025.01.15 23:00,2695.90,2697.38,2694.56,2694.94
2025.01.16 00:00,2695.00,2698.11,2692.94,2695.14
2025.01.16 01:00,2695.14,2702.10,2694.27,2696.16
2025.01.16 02:00,2696.33,2698.11,2695.29,2697.49
2025.01.16 03:00,2697.47,2698.31,2695.58,2697.00
2025.01.16 04:00,2696.98,2697.96,2696.45,2697.26
2025.01.16 05:00,2697.23,2697.45,2693.79,2694.81
2025.01.16 06:00,2694.85,2695.64,2689.89,2693.96
2025.01.16 07:00,2693.93,2699.96,2693.43,2698.23
2025.01.16 08:00,2698.47,2703.31,2697.12,2698.93
2025.01.16 09:00,2698.95,2706.21,2697.46,2705.47
2025.01.16 10:00,2705.48,2708.52,2704.70,2707.77
2025.01.16 11:00,2707.82,2711.24,2706.18,2706.33
2025.01.16 12:00,2706.27,2707.25,2700.24,2703.73
2025.01.16 13:00,2703.70,2718.32,2701.25,2715.42
2025.01.16 14:00,2715.42,2719.21,2712.89,2718.37
2025.01.16 15:00,2718.39,2719.59,2712.55,2716.88
2025.01.16 16:00,2716.87,2722.47,2716.68,2720.38
2025.01.16 17:00,2720.41,2724.72,2719.53,2721.72
2025.01.16 18:00,2721.81,2723.25,2714.71,2715.16
2025.01.16 19:00,2715.18,2717.19,2714.67,2715.21
2025.01.16 20:00,2715.23,2717.03,2714.35,2715.80
2025.01.16 21:00,2715.72,2715.88,2712.47,2713.91
2025.01.16 23:00,2713.91,2714.91,2712.39,2714.50
2025.01.17 00:00,2714.49,2716.10,2713.79,2714.70
2025.01.17 01:00,2714.70,2714.78,2709.86,2714.76
2025.01.17 02:00,2714.88,2717.09,2713.94,2715.93
2025.01.17 03:00,2715.88,2717.41,2714.63,2715.42
2025.01.17 04:00,2715.42,2716.55,2714.29,2714.79
2025.01.17 05:00,2714.79,2715.47,2711.16,2711.54
2025.01.17 06:00,2711.56,2713.26,2710.57,2712.70
2025.01.17 07:00,2712.71,2714.62,2708.66,2710.58
2025.01.17 08:00,2710.63,2712.98,2709.47,2711.73
2025.01.17 09:00,2711.68,2712.11,2704.02,2705.07
2025.01.17 10:00,2705.05,2706.17,2702.84,2704.01
2025.01.17 11:00,2704.06,2708.65,2703.73,2708.12
2025.01.17 12:00,2708.11,2711.74,2706.96,2710.94
2025.01.17 13:00,2710.99,2712.12,2704.48,2704.98
2025.01.17 14:00,2704.83,2712.58,2702.76,2711.85
2025.01.17 15:00,2711.85,2715.12,2710.16,2714.28
2025.01.17 16:00,2714.38,2717.32,2713.59,2716.05
2025.01.17 17:00,2715.98,2716.32,2710.63,2712.57
2025.01.17 18:00,2712.63,2713.29,2705.42,2705.63
2025.01.17 19:00,2705.61,2707.26,2702.81,2703.21
2025.01.17 20:00,2703.17,2704.23,2700.04,2701.09
2025.01.17 21:00,2700.99,2702.61,2699.28,2701.81
2025.01.19 23:00,2702.57,2703.32,2691.28,2696.41
2025.01.20 00:00,2696.35,2696.39,2692.55,2694.51
2025.01.20 01:00,2694.50,2695.93,2689.40,2693.82
2025.01.20 02:00,2693.86,2698.01,2693.72,2697.45
2025.01.20 03:00,2697.50,2703.92,2697.50,2703.47
2025.01.20 04:00,2703.51,2706.47,2702.25,2705.94
2025.01.20 05:00,2705.76,2707.52,2703.63,2707.24
2025.01.20 06:00,2707.19,2713.77,2706.54,2711.69
2025.01.20 07:00,2711.70,2711.84,2702.87,2703.55
2025.01.20 08:00,2703.51,2708.08,2702.95,2706.97
2025.01.20 09:00,2706.98,2708.84,2702.99,2706.13
2025.01.20 10:00,2706.08,2709.82,2705.30,2708.55
2025.01.20 11:00,2708.41,2712.58,2704.75,2708.35
2025.01.20 12:00,2708.48,2710.02,2706.05,2708.25
2025.01.20 13:00,2708.23,2710.49,2702.19,2705.22
2025.01.20 14:00,2705.22,2712.27,2705.12,2710.54
2025.01.20 15:00,2710.34,2710.76,2705.17,2706.92
2025.01.20 16:00,2706.92,2709.16,2703.34,2707.65
2025.01.20 17:00,2707.65,2710.27,2704.33,2707.33
2025.01.20 18:00,2707.34,2711.13,2705.02,2710.92
2025.01.20 19:00,2710.96,2711.14,2705.60,2706.25
2025.01.20 23:00,2706.71,2711.24,2706.27,2710.40
2025.01.21 00:00,2710.40,2711.54,2702.69,2705.47
2025.01.21 01:00,2705.54,2719.31,2703.09,2717.99
2025.01.21 02:00,2717.99,2725.69,2717.84,2724.88
2025.01.21 03:00,2724.81,2726.93,2721.20,2724.15
2025.01.21 04:00,2724.22,2727.86,2722.99,2727.45
2025.01.21 05:00,2727.53,2729.16,2725.31,2726.14
2025.01.21 06:00,2726.12,2729.37,2723.77,2724.29
2025.01.21 07:00,2724.29,2732.94,2722.64,2729.86
2025.01.21 08:00,2729.74,2729.74,2721.55,2723.32
2025.01.21 09:00,2723.20,2724.14,2717.95,2721.22
2025.01.21 10:00,2721.20,2723.97,2718.96,2719.87
2025.01.21 11:00,2719.85,2724.57,2716.58,2724.01
2025.01.21 12:00,2724.01,2727.33,2721.89,2726.81
2025.01.21 13:00,2726.77,2730.02,2724.55,2726.30
2025.01.21 14:00,2726.30,2738.60,2725.35,2738.20
2025.01.21 15:00,2738.15,2740.39,2734.59,2738.82
2025.01.21 16:00,2738.84,2744.88,2737.74,2743.19
2025.01.21 17:00,2743.31,2745.68,2740.05,2740.27
2025.01.21 18:00,2740.20,2745.93,2739.93,2744.56
2025.01.21 19:00,2744.61,2745.47,2741.34,2742.74
2025.01.21 20:00,2742.74,2743.21,2740.00,2742.51
2025.01.21 21:00,2742.47,2745.53,2742.02,2744.25
2025.01.21 23:00,2744.25,2745.44,2741.90,2744.43
2025.01.22 00:00,2744.45,2749.23,2742.73,2748.34
2025.01.22 01:00,2748.34,2750.09,2747.05,2748.13
2025.01.22 02:00,2748.11,2749.82,2746.43,2749.13
2025.01.22 03:00,2749.11,2751.33,2748.06,2750.53
2025.01.22 04:00,2750.52,2753.09,2749.39,2752.25
2025.01.22 05:00,2752.26,2758.61,2750.54,2758.03
2025.01.22 06:00,2758.03,2758.16,2745.48,2747.01
2025.01.22 07:00,2746.96,2754.11,2746.70,2748.68
2025.01.22 08:00,2748.72,2753.82,2746.81,2753.12
2025.01.22 09:00,2753.12,2762.26,2752.76,2758.32
2025.01.22 10:00,2758.32,2763.28,2758.22,2759.86
2025.01.22 11:00,2760.01,2760.34,2756.23,2756.35
2025.01.22 12:00,2756.41,2758.57,2751.65,2758.30
2025.01.22 13:00,2758.33,2761.48,2750.96,2757.69
2025.01.22 14:00,2757.68,2758.18,2750.32,2753.98
2025.01.22 15:00,2753.83,2760.27,2750.38,2759.35
2025.01.22 16:00,2759.34,2760.19,2755.89,2758.25
2025.01.22 17:00,2758.25,2758.44,2755.88,2756.53
2025.01.22 18:00,2756.53,2759.27,2754.90,2757.77
2025.01.22 19:00,2757.77,2757.78,2755.00,2755.26
2025.01.22 20:00,2755.24,2757.03,2754.79,2756.52
2025.01.22 21:00,2756.55,2757.03,2754.55,2755.87
2025.01.22 23:00,2755.87,2756.42,2753.71,2755.20
2025.01.23 00:00,2755.21,2755.80,2753.06,2755.14
2025.01.23 01:00,2755.19,2756.05,2750.53,2752.59
2025.01.23 02:00,2752.59,2754.84,2751.95,2752.51
2025.01.23 03:00,2752.49,2753.05,2749.39,2749.92
2025.01.23 04:00,2749.91,2753.47,2749.75,2751.58
2025.01.23 05:00,2751.66,2753.36,2751.33,2751.86
2025.01.23 06:00,2751.86,2755.41,2751.03,2753.14
2025.01.23 07:00,2753.14,2754.58,2751.65,2752.80
2025.01.23 08:00,2752.71,2754.74,2751.99,2752.65
2025.01.23 09:00,2752.65,2753.67,2740.83,2745.82
2025.01.23 10:00,2745.73,2752.41,2745.18,2751.18
2025.01.23 11:00,2751.33,2754.29,2750.81,2751.79
2025.01.23 12:00,2751.79,2753.27,2741.97,2744.70
2025.01.23 13:00,2744.74,2745.82,2735.80,2741.51
2025.01.23 14:00,2741.63,2747.32,2740.31,2746.16
2025.01.23 15:00,2746.08,2749.37,2742.09,2746.40
2025.01.23 16:00,2746.28,2757.33,2744.06,2753.85
2025.01.23 17:00,2753.96,2758.74,2752.19,2757.65
2025.01.23 18:00,2757.64,2758.09,2755.05,2755.75
2025.01.23 19:00,2755.75,2758.06,2753.67,2754.00
2025.01.23 20:00,2754.01,2754.57,2751.30,2753.78
2025.01.23 21:00,2753.74,2754.35,2752.10,2754.28
2025.01.23 23:00,2754.28,2755.45,2753.55,2754.43
2025.01.24 00:00,2754.43,2760.87,2754.17,2759.55
2025.01.24 01:00,2759.50,2762.46,2758.53,2762.24
2025.01.24 02:00,2762.24,2775.20,2762.24,2774.22
2025.01.24 03:00,2774.16,2777.22,2770.90,2772.31
2025.01.24 04:00,2772.31,2774.88,2770.46,2771.99
2025.01.24 05:00,2771.98,2776.53,2771.98,2775.10
2025.01.24 06:00,2775.10,2778.16,2773.17,2773.75
2025.01.24 07:00,2773.75,2775.30,2771.93,2772.52
2025.01.24 08:00,2772.55,2775.27,2769.96,2774.08
2025.01.24 09:00,2774.09,2777.73,2770.92,2772.77
2025.01.24 10:00,2772.76,2776.16,2771.48,2775.72
2025.01.24 11:00,2775.73,2780.00,2773.96,2776.59
2025.01.24 12:00,2776.46,2779.03,2776.04,2778.55
2025.01.24 13:00,2778.47,2784.53,2777.80,2782.34
2025.01.24 14:00,2782.34,2784.28,2773.76,2778.24
2025.01.24 15:00,2778.24,2785.86,2775.40,2775.86
2025.01.24 16:00,2775.75,2777.47,2769.81,2771.83
2025.01.24 17:00,2771.82,2776.05,2770.39,2773.13
2025.01.24 18:00,2773.13,2774.02,2771.27,2773.31
2025.01.24 19:00,2773.31,2775.22,2771.21,2774.59
2025.01.24 20:00,2774.59,2774.77,2770.62,2770.93
2025.01.24 21:00,2770.93,2772.09,2770.21,2770.68
2025.01.26 23:00,2770.17,2770.40,2765.11,2767.41
2025.01.27 00:00,2767.45,2770.79,2766.03,2769.48
2025.01.27 01:00,2769.41,2772.44,2762.82,2762.87
2025.01.27 02:00,2762.88,2763.52,2753.90,2756.19
2025.01.27 03:00,2756.18,2762.52,2755.10,2761.03
2025.01.27 04:00,2761.00,2761.02,2755.60,2758.02
2025.01.27 05:00,2758.02,2758.02,2752.71,2753.10
2025.01.27 06:00,2753.10,2754.95,2750.67,2754.52
2025.01.27 07:00,2754.53,2755.03,2747.13,2749.31
2025.01.27 08:00,2749.30,2759.71,2749.20,2757.09
2025.01.27 09:00,2757.08,2764.86,2755.54,2763.30
2025.01.27 10:00,2763.29,2770.95,2762.75,2768.03
2025.01.27 11:00,2767.95,2771.92,2765.01,2771.29
2025.01.27 12:00,2771.51,2771.62,2760.48,2761.28
2025.01.27 13:00,2761.29,2762.40,2752.19,2757.16
2025.01.27 14:00,2756.96,2757.79,2744.97,2751.41
2025.01.27 15:00,2751.41,2751.41,2739.44,2741.96
2025.01.27 16:00,2741.95,2743.06,2733.25,2734.37
2025.01.27 17:00,2734.38,2736.95,2730.37,2733.68
2025.01.27 18:00,2733.66,2737.78,2733.02,2736.89
2025.01.27 19:00,2736.92,2740.39,2736.79,2739.22
2025.01.27 20:00,2739.22,2742.39,2737.98,2741.32
2025.01.27 21:00,2741.41,2743.83,2740.02,2740.36
2025.01.27 23:00,2740.36,2745.05,2739.40,2741.74
2025.01.28 00:00,2741.74,2744.32,2739.70,2740.48
2025.01.28 01:00,2740.65,2745.08,2739.36,2741.32
2025.01.28 02:00,2741.31,2741.43,2738.24,2739.31
2025.01.28 03:00,2739.33,2741.66,2737.71,2738.65
2025.01.28 04:00,2738.66,2742.50,2738.41,2742.20
2025.01.28 05:00,2742.20,2744.76,2741.19,2741.63
2025.01.28 06:00,2741.60,2742.75,2739.00,2739.38
2025.01.28 07:00,2739.33,2742.98,2738.30,2738.53
2025.01.28 08:00,2738.94,2741.73,2734.70,2741.13
2025.01.28 09:00,2741.10,2744.97,2740.40,2743.31
2025.01.28 10:00,2743.31,2745.06,2740.93,2743.10
2025.01.28 11:00,2743.10,2744.50,2741.51,2742.67
2025.01.28 12:00,2742.60,2745.43,2741.13,2745.42
2025.01.28 13:00,2745.42,2749.44,2745.09,2748.82
2025.01.28 14:00,2748.82,2756.21,2748.82,2753.20
2025.01.28 15:00,2753.20,2757.13,2751.01,2755.19
2025.01.28 16:00,2755.17,2759.46,2755.13,2758.56
2025.01.28 17:00,2758.58,2759.98,2757.54,2759.63
2025.01.28 18:00,2759.76,2763.40,2759.15,2762.00
2025.01.28 19:00,2762.00,2764.89,2761.16,2764.76
2025.01.28 20:00,2764.78,2764.84,2762.22,2763.95
2025.01.28 21:00,2763.89,2764.08,2762.70,2762.95
2025.01.28 23:00,2762.95,2764.37,2762.51,2762.54
2025.01.29 00:00,2762.54,2764.71,2762.09,2763.87
2025.01.29 01:00,2763.75,2766.03,2763.43,2763.58
2025.01.29 02:00,2763.55,2765.51,2763.20,2764.13
2025.01.29 03:00,2764.14,2764.42,2762.29,2762.62
2025.01.29 04:00,2762.50,2764.09,2761.47,2762.37
2025.01.29 05:00,2762.37,2762.96,2760.11,2760.62
2025.01.29 06:00,2760.81,2762.08,2759.10,2759.10
2025.01.29 07:00,2759.10,2760.54,2757.34,2758.99
2025.01.29 08:00,2759.04,2765.96,2759.04,2763.93
2025.01.29 09:00,2763.93,2764.26,2760.37,2762.65
2025.01.29 10:00,2762.61,2763.26,2757.00,2758.13
2025.01.29 11:00,2758.11,2759.70,2757.43,2758.96
2025.01.29 12:00,2758.96,2759.04,2755.45,2756.44
2025.01.29 13:00,2756.44,2759.36,2752.10,2758.60
2025.01.29 14:00,2758.58,2761.00,2756.30,2759.34
2025.01.29 15:00,2759.44,2759.65,2748.67,2754.17
2025.01.29 16:00,2754.30,2756.24,2748.25,2751.58
2025.01.29 17:00,2751.60,2754.48,2751.15,2752.85
2025.01.29 18:00,2752.86,2753.86,2748.75,2750.31
2025.01.29 19:00,2750.52,2757.69,2744.82,2755.21
2025.01.29 20:00,2755.18,2758.88,2752.70,2754.94
2025.01.29 21:00,2754.84,2759.40,2754.08,2758.94
2025.01.29 23:00,2758.94,2760.63,2757.85,2760.23
2025.01.30 00:00,2760.23,2762.52,2758.98,2762.00
2025.01.30 01:00,2761.91,2761.91,2758.98,2760.11
2025.01.30 02:00,2760.02,2761.56,2759.23,2760.38
2025.01.30 03:00,2760.36,2762.44,2759.32,2761.79
2025.01.30 04:00,2761.77,2763.30,2759.84,2760.37
2025.01.30 05:00,2760.40,2761.22,2758.67,2760.63
2025.01.30 06:00,2760.63,2766.39,2760.25,2765.49
2025.01.30 07:00,2765.52,2769.46,2764.91,2769.11
2025.01.30 08:00,2769.22,2776.40,2768.64,2776.08
2025.01.30 09:00,2776.18,2776.33,2771.50,2774.33
2025.01.30 10:00,2774.14,2779.23,2773.79,2778.32
2025.01.30 11:00,2778.32,2779.48,2777.03,2777.61
2025.01.30 12:00,2777.61,2781.22,2776.28,2780.23
2025.01.30 13:00,2780.23,2785.94,2777.55,2785.71
2025.01.30 14:00,2785.70,2789.02,2780.09,2787.70
2025.01.30 15:00,2787.69,2796.83,2786.73,2795.45
2025.01.30 16:00,2795.41,2798.29,2790.20,2790.67
2025.01.30 17:00,2790.93,2795.84,2788.85,2795.61
2025.01.30 18:00,2795.62,2797.04,2792.24,2795.09
2025.01.30 19:00,2795.09,2795.24,2790.68,2793.45
2025.01.30 20:00,2793.45,2798.07,2792.37,2795.53
2025.01.30 21:00,2795.59,2798.36,2786.86,2793.55
2025.01.30 23:00,2795.49,2796.64,2791.12,2796.14
2025.01.31 00:00,2796.28,2799.51,2794.54,2795.94
2025.01.31 01:00,2795.98,2796.67,2794.43,2796.33
2025.01.31 02:00,2796.34,2798.09,2794.79,2796.14
2025.01.31 03:00,2796.10,2798.18,2795.64,2796.30
2025.01.31 04:00,2796.30,2796.47,2794.48,2795.91
2025.01.31 05:00,2795.84,2796.44,2794.05,2795.57
2025.01.31 06:00,2795.56,2795.75,2792.10,2792.75
2025.01.31 07:00,2792.63,2800.96,2792.32,2798.26
2025.01.31 08:00,2798.24,2799.39,2791.71,2793.31
2025.01.31 09:00,2793.24,2796.43,2792.71,2793.78
2025.01.31 10:00,2793.81,2795.24,2791.05,2794.28
2025.01.31 11:00,2794.11,2800.71,2792.41,2800.27
2025.01.31 12:00,2800.27,2807.72,2799.99,2805.40
2025.01.31 13:00,2805.35,2808.35,2803.38,2806.37
2025.01.31 14:00,2806.45,2812.63,2804.56,2812.34
2025.01.31 15:00,2812.38,2817.12,2808.25,2809.26
2025.01.31 16:00,2809.24,2810.23,2804.98,2807.52
2025.01.31 17:00,2807.50,2816.42,2803.03,2808.50
2025.01.31 18:00,2808.48,2808.74,2795.36,2799.02
2025.01.31 19:00,2798.99,2802.89,2795.44,2796.11
2025.01.31 20:00,2796.10,2802.01,2794.33,2800.88
2025.01.31 21:00,2800.76,2802.73,2796.28,2796.64
2025.02.02 23:00,2799.53,2803.42,2784.86,2793.60
2025.02.03 00:00,2793.60,2795.81,2790.09,2792.21
2025.02.03 01:00,2792.16,2792.16,2778.39,2782.27
2025.02.03 02:00,2782.27,2782.75,2773.90,2778.12
2025.02.03 03:00,2778.14,2778.40,2772.13,2774.42
2025.02.03 04:00,2774.40,2783.03,2774.20,2780.77
2025.02.03 05:00,2780.70,2785.09,2780.03,2783.09
2025.02.03 06:00,2783.08,2787.92,2782.90,2786.77
2025.02.03 07:00,2786.77,2789.90,2785.40,2789.34
2025.02.03 08:00,2789.34,2800.55,2786.97,2796.74
2025.02.03 09:00,2796.74,2800.75,2794.73,2796.42
2025.02.03 10:00,2796.42,2800.14,2792.98,2798.09
2025.02.03 11:00,2798.05,2804.19,2797.93,2801.34
2025.02.03 12:00,2801.25,2810.78,2800.46,2810.32
2025.02.03 13:00,2810.32,2811.86,2807.48,2810.97
2025.02.03 14:00,2810.98,2830.64,2810.20,2830.29
2025.02.03 15:00,2828.17,2830.46,2813.66,2817.49
2025.02.03 16:00,2817.49,2825.25,2812.93,2814.18
2025.02.03 17:00,2814.01,2822.22,2814.01,2817.04
2025.02.03 18:00,2817.02,2821.79,2815.91,2821.08
2025.02.03 19:00,2821.11,2822.95,2817.91,2818.30
2025.02.03 20:00,2818.25,2819.41,2815.65,2816.62
2025.02.03 21:00,2816.62,2817.54,2812.32,2814.46
2025.02.03 23:00,2814.01,2815.21,2812.22,2813.94
2025.02.04 00:00,2813.88,2817.56,2812.76,2817.27
2025.02.04 01:00,2817.51,2824.11,2815.90,2823.36
2025.02.04 02:00,2823.36,2824.58,2816.84,2821.18
2025.02.04 03:00,2821.18,2824.21,2817.42,2821.45
2025.02.04 04:00,2821.42,2821.50,2818.03,2818.97
2025.02.04 05:00,2819.31,2819.31,2813.37,2815.74
2025.02.04 06:00,2815.73,2816.02,2810.79,2813.50
2025.02.04 07:00,2813.39,2814.42,2807.23,2812.73
2025.02.04 08:00,2812.73,2819.17,2810.05,2815.16
2025.02.04 09:00,2815.16,2821.80,2814.14,2820.38
2025.02.04 10:00,2820.38,2820.38,2812.74,2814.81
2025.02.04 11:00,2814.71,2816.81,2813.31,2815.44
2025.02.04 12:00,2815.46,2823.04,2814.54,2821.81
2025.02.04 13:00,2821.92,2837.03,2821.39,2831.63
2025.02.04 14:00,2831.63,2841.44,2829.03,2839.11
2025.02.04 15:00,2838.52,2845.45,2833.71,2835.93
2025.02.04 16:00,2835.93,2842.46,2832.58,2840.45
2025.02.04 17:00,2840.45,2844.66,2839.49,2843.97
2025.02.04 18:00,2844.04,2844.97,2842.53,2842.72
2025.02.04 19:00,2842.72,2844.16,2841.80,2843.09
2025.02.04 20:00,2843.12,2844.79,2840.89,2844.27
2025.02.04 21:00,2844.27,2844.77,2841.03,2842.43
2025.02.04 23:00,2842.43,2842.51,2840.57,2841.50
2025.02.05 00:00,2841.64,2848.27,2840.82,2845.23
2025.02.05 01:00,2845.26,2848.92,2839.72,2844.54
2025.02.05 02:00,2844.55,2853.83,2844.02,2851.17
2025.02.05 03:00,2851.17,2854.43,2849.87,2852.33
2025.02.05 04:00,2852.30,2858.17,2851.88,2855.27
2025.02.05 05:00,2855.37,2860.61,2853.79,2859.21
2025.02.05 06:00,2859.21,2861.94,2856.98,2859.22
2025.02.05 07:00,2859.20,2864.21,2854.91,2864.15
2025.02.05 08:00,2864.12,2869.70,2863.68,2867.60
2025.02.05 09:00,2867.55,2872.25,2865.44,2870.28
2025.02.05 10:00,2870.40,2877.02,2866.10,2867.86
2025.02.05 11:00,2867.85,2870.52,2864.74,2868.73
2025.02.05 12:00,2868.71,2870.86,2867.08,2870.37
2025.02.05 13:00,2870.37,2870.71,2858.63,2861.75
2025.02.05 14:00,2861.77,2872.64,2860.69,2870.98
2025.02.05 15:00,2870.98,2882.29,2870.98,2880.28
2025.02.05 16:00,2880.30,2881.10,2863.11,2874.98
2025.02.05 17:00,2875.00,2876.73,2871.36,2872.99
2025.02.05 18:00,2872.97,2873.47,2863.95,2865.71
2025.02.05 19:00,2865.77,2869.01,2862.79,2863.53
2025.02.05 20:00,2863.57,2866.16,2859.97,2862.62
2025.02.05 21:00,2862.62,2867.09,2861.28,2866.71
2025.02.05 23:00,2864.59,2870.94,2864.51,2869.19
2025.02.06 00:00,2869.19,2869.90,2867.22,2869.64
2025.02.06 01:00,2869.64,2871.82,2863.63,2871.61
2025.02.06 02:00,2871.64,2873.26,2868.32,2870.51
2025.02.06 03:00,2870.51,2870.51,2864.22,2869.34
2025.02.06 04:00,2869.34,2872.31,2868.32,2868.50
2025.02.06 05:00,2868.61,2870.03,2865.38,2868.38
2025.02.06 06:00,2868.38,2871.34,2858.66,2859.20
2025.02.06 07:00,2859.16,2861.80,2854.99,2855.80
2025.02.06 08:00,2856.01,2858.51,2848.87,2856.20
2025.02.06 09:00,2856.19,2860.04,2855.73,2859.42
2025.02.06 10:00,2859.51,2861.82,2855.68,2859.18
2025.02.06 11:00,2859.22,2867.43,2858.20,2865.96
2025.02.06 12:00,2865.96,2870.25,2863.53,2864.45
2025.02.06 13:00,2864.42,2864.93,2855.62,2856.78
2025.02.06 14:00,2856.74,2859.81,2841.12,2841.92
2025.02.06 15:00,2841.92,2853.28,2834.14,2850.60
2025.02.06 16:00,2850.60,2854.68,2848.78,2848.78
2025.02.06 17:00,2848.77,2852.67,2848.12,2852.33
2025.02.06 18:00,2852.33,2853.72,2849.85,2852.68
2025.02.06 19:00,2852.67,2854.18,2850.33,2853.97
2025.02.06 20:00,2853.95,2857.36,2853.83,2856.45
2025.02.06 21:00,2856.48,2856.92,2854.84,2855.64
2025.02.06 23:00,2855.64,2858.63,2855.64,2858.02
2025.02.07 00:00,2858.03,2860.51,2858.01,2858.38
2025.02.07 01:00,2858.39,2868.16,2857.74,2866.21
2025.02.07 02:00,2866.20,2869.28,2865.40,2868.78
2025.02.07 03:00,2868.79,2870.55,2865.96,2867.22
2025.02.07 04:00,2867.22,2869.69,2866.20,2866.53
2025.02.07 05:00,2866.52,2867.10,2862.12,2862.16
2025.02.07 06:00,2862.16,2866.09,2858.99,2860.75
2025.02.07 07:00,2860.76,2865.73,2860.28,2864.19
2025.02.07 08:00,2864.21,2866.72,2863.24,2866.41
2025.02.07 09:00,2866.40,2870.67,2865.61,2869.02
2025.02.07 10:00,2869.02,2869.21,2863.44,2867.54
2025.02.07 11:00,2867.53,2868.39,2865.12,2867.79
2025.02.07 12:00,2867.79,2868.15,2863.52,2863.63
2025.02.07 13:00,2863.70,2870.83,2852.51,2862.63
2025.02.07 14:00,2862.69,2878.25,2856.16,2876.58
2025.02.07 15:00,2876.04,2886.77,2873.49,2880.34
2025.02.07 16:00,2880.44,2881.54,2860.46,2860.70
2025.02.07 17:00,2860.67,2862.71,2853.37,2860.10
2025.02.07 18:00,2860.06,2865.26,2859.71,2861.16
2025.02.07 19:00,2861.34,2863.11,2858.97,2860.27
2025.02.07 20:00,2860.23,2863.79,2859.42,2860.71
2025.02.07 21:00,2860.69,2863.27,2859.67,2859.93
2025.02.09 23:00,2856.87,2870.45,2854.94,2867.49
2025.02.10 00:00,2867.60,2869.08,2865.79,2867.93
2025.02.10 01:00,2867.90,2876.58,2866.03,2871.93
2025.02.10 02:00,2871.95,2875.07,2871.44,2873.87
2025.02.10 03:00,2873.86,2875.77,2871.36,2875.60
2025.02.10 04:00,2875.60,2879.55,2874.42,2879.08
2025.02.10 05:00,2879.23,2880.03,2876.06,2879.17
2025.02.10 06:00,2879.18,2892.27,2878.90,2888.54
2025.02.10 07:00,2888.47,2896.69,2886.71,2895.65
2025.02.10 08:00,2895.59,2898.80,2892.26,2896.57
2025.02.10 09:00,2896.57,2903.29,2896.28,2903.04
2025.02.10 10:00,2903.04,2906.24,2898.12,2902.39
2025.02.10 11:00,2902.47,2905.77,2898.33,2904.66
2025.02.10 12:00,2904.66,2907.02,2902.68,2902.96
2025.02.10 13:00,2902.97,2910.91,2899.74,2900.99
2025.02.10 14:00,2900.97,2909.27,2896.45,2908.68
2025.02.10 15:00,2908.72,2911.56,2904.40,2909.06
2025.02.10 16:00,2909.06,2910.30,2899.39,2901.05
2025.02.10 17:00,2901.05,2904.44,2896.58,2903.18
2025.02.10 18:00,2903.19,2906.93,2900.84,2905.14
2025.02.10 19:00,2905.12,2906.66,2902.48,2904.37
2025.02.10 20:00,2904.29,2907.74,2902.91,2907.31
2025.02.10 21:00,2907.18,2908.08,2905.33,2907.49
2025.02.10 23:00,2907.49,2921.59,2907.49,2917.85
2025.02.11 00:00,2917.91,2924.89,2916.41,2922.45
2025.02.11 01:00,2922.44,2936.10,2919.66,2933.85
2025.02.11 02:00,2933.84,2942.62,2905.93,2918.82
2025.02.11 03:00,2918.75,2925.74,2911.46,2919.67
2025.02.11 04:00,2919.71,2920.81,2914.91,2916.33
2025.02.11 05:00,2916.20,2923.73,2915.40,2922.94
2025.02.11 06:00,2922.94,2929.49,2915.42,2917.87
2025.02.11 07:00,2917.90,2918.36,2907.16,2913.50
2025.02.11 08:00,2913.43,2915.17,2906.98,2907.41
2025.02.11 09:00,2907.31,2912.25,2903.07,2903.24
2025.02.11 10:00,2903.24,2907.13,2901.88,2902.76
2025.02.11 11:00,2902.70,2906.73,2902.28,2903.86
2025.02.11 12:00,2903.86,2904.25,2886.87,2889.39
2025.02.11 13:00,2889.45,2898.27,2881.84,2896.50
2025.02.11 14:00,2896.51,2904.32,2894.94,2896.78
2025.02.11 15:00,2896.68,2906.58,2890.90,2904.75
2025.02.11 16:00,2904.71,2908.60,2902.30,2902.37
2025.02.11 17:00,2902.39,2907.28,2899.66,2905.59
2025.02.11 18:00,2905.58,2907.16,2903.27,2905.94
2025.02.11 19:00,2905.93,2906.46,2899.78,2900.28
2025.02.11 20:00,2900.28,2900.55,2894.12,2897.59
2025.02.11 21:00,2897.51,2899.65,2896.95,2897.10
2025.02.11 23:00,2897.10,2900.74,2897.10,2898.63
2025.02.12 00:00,2898.63,2898.79,2889.20,2892.29
2025.02.12 01:00,2892.34,2897.69,2883.54,2893.31
2025.02.12 02:00,2893.31,2897.91,2891.83,2892.46
2025.02.12 03:00,2892.43,2893.01,2886.78,2889.03
2025.02.12 04:00,2889.03,2890.49,2884.09,2885.36
2025.02.12 05:00,2885.54,2887.95,2883.68,2886.33
2025.02.12 06:00,2886.33,2894.71,2885.62,2892.65
2025.02.12 07:00,2892.65,2895.76,2890.83,2892.84
2025.02.12 08:00,2893.01,2894.03,2888.07,2891.74
2025.02.12 09:00,2891.74,2893.47,2886.38,2886.72
2025.02.12 10:00,2886.72,2889.94,2879.42,2882.80
2025.02.12 11:00,2882.79,2885.97,2879.37,2879.68
2025.02.12 12:00,2879.67,2885.98,2879.00,2885.00
2025.02.12 13:00,2885.00,2885.72,2864.18,2884.80
2025.02.12 14:00,2884.80,2898.01,2881.97,2894.53
2025.02.12 15:00,2894.57,2895.84,2886.88,2894.65
2025.02.12 16:00,2894.66,2904.47,2892.18,2902.57
2025.02.12 17:00,2902.50,2909.24,2901.94,2902.78
2025.02.12 18:00,2902.78,2903.85,2900.46,2901.06
2025.02.12 19:00,2901.20,2901.78,2893.56,2897.88
2025.02.12 20:00,2897.85,2901.33,2895.49,2900.96
2025.02.12 21:00,2900.96,2904.03,2900.13,2903.61
2025.02.12 23:00,2903.61,2906.36,2900.43,2905.75
2025.02.13 00:00,2905.80,2909.06,2904.54,2906.29
2025.02.13 01:00,2906.29,2907.40,2901.49,2906.06
2025.02.13 02:00,2906.04,2909.04,2905.32,2908.83
2025.02.13 03:00,2908.83,2918.05,2907.30,2916.48
2025.02.13 04:00,2916.47,2919.23,2916.25,2918.55
2025.02.13 05:00,2918.66,2922.86,2916.57,2918.10
2025.02.13 06:00,2918.10,2918.80,2912.55,2916.07
2025.02.13 07:00,2916.07,2920.72,2913.19,2914.56
2025.02.13 08:00,2914.64,2918.04,2909.40,2911.68
2025.02.13 09:00,2911.70,2918.36,2909.79,2915.35
2025.02.13 10:00,2915.29,2919.48,2913.92,2918.06
2025.02.13 11:00,2918.07,2918.36,2915.40,2918.00
2025.02.13 12:00,2918.00,2921.37,2915.74,2917.71
2025.02.13 13:00,2917.70,2917.93,2906.03,2908.57
2025.02.13 14:00,2908.55,2917.37,2906.55,2915.07
2025.02.13 15:00,2915.11,2920.97,2914.54,2920.26
2025.02.13 16:00,2920.24,2920.84,2913.02,2913.83
2025.02.13 17:00,2913.87,2919.11,2913.53,2918.96
2025.02.13 18:00,2919.00,2925.33,2914.28,2924.08
2025.02.13 19:00,2924.07,2927.42,2923.91,2926.89
2025.02.13 20:00,2926.90,2928.88,2924.79,2928.44
2025.02.13 21:00,2928.45,2929.40,2927.73,2927.95
2025.02.13 23:00,2927.95,2932.34,2927.45,2931.13
2025.02.14 00:00,2931.13,2931.46,2927.44,2927.83
2025.02.14 01:00,2928.13,2933.79,2927.89,2929.95
2025.02.14 02:00,2929.95,2930.55,2925.96,2927.35
2025.02.14 03:00,2927.31,2930.37,2923.28,2924.45
2025.02.14 04:00,2924.45,2929.14,2923.88,2928.44
2025.02.14 05:00,2928.44,2932.46,2926.69,2930.92
2025.02.14 06:00,2930.94,2936.82,2929.90,2934.27
2025.02.14 07:00,2934.30,2935.18,2930.63,2931.90
2025.02.14 08:00,2931.88,2938.55,2930.87,2935.31
2025.02.14 09:00,2935.17,2938.84,2934.14,2935.10
2025.02.14 10:00,2935.20,2940.05,2934.23,2935.86
2025.02.14 11:00,2935.86,2937.58,2929.32,2931.12
2025.02.14 12:00,2931.11,2933.13,2927.84,2930.76
2025.02.14 13:00,2930.76,2933.25,2917.63,2920.53
2025.02.14 14:00,2920.61,2928.38,2914.45,2921.13
2025.02.14 15:00,2921.10,2921.86,2892.98,2901.96
2025.02.14 16:00,2901.97,2903.88,2888.57,2896.01
2025.02.14 17:00,2896.12,2897.57,2885.45,2887.00
2025.02.14 18:00,2887.01,2887.99,2882.20,2883.84
2025.02.14 19:00,2883.85,2886.02,2878.87,2880.66
2025.02.14 20:00,2880.61,2886.21,2877.01,2885.37
2025.02.14 21:00,2885.34,2885.68,2881.89,2881.89
2025.02.16 23:00,2883.69,2893.88,2878.85,2879.19
2025.02.17 00:00,2879.19,2888.03,2879.19,2883.52
2025.02.17 01:00,2883.52,2896.60,2882.59,2895.58
2025.02.17 02:00,2895.58,2899.81,2893.96,2899.23
2025.02.17 03:00,2899.31,2904.68,2897.80,2903.64
2025.02.17 04:00,2903.59,2904.92,2898.48,2899.32
2025.02.17 05:00,2899.32,2905.27,2896.08,2896.16
2025.02.17 06:00,2896.17,2897.76,2888.32,2896.52
2025.02.17 07:00,2896.54,2903.59,2896.51,2902.48
2025.02.17 08:00,2902.47,2902.69,2895.14,2900.30
2025.02.17 09:00,2900.31,2906.34,2900.31,2902.59
2025.02.17 10:00,2902.58,2902.98,2895.55,2902.82
2025.02.17 11:00,2902.82,2903.75,2897.75,2901.07
2025.02.17 12:00,2901.07,2901.62,2895.38,2897.70
2025.02.17 13:00,2897.71,2899.12,2895.59,2896.81
2025.02.17 14:00,2896.80,2903.87,2896.49,2902.98
2025.02.17 15:00,2902.99,2904.07,2897.93,2899.28
2025.02.17 16:00,2899.27,2901.19,2896.55,2899.20
2025.02.17 17:00,2899.20,2899.82,2898.03,2898.52
2025.02.17 18:00,2898.52,2899.19,2897.09,2898.25
2025.02.17 19:00,2898.23,2899.19,2896.87,2899.10
2025.02.17 21:00,2897.29,2897.29,2897.29,2897.29
2025.02.17 23:00,2897.29,2899.43,2897.12,2899.31
2025.02.18 00:00,2899.31,2900.25,2898.24,2899.11
2025.02.18 01:00,2899.11,2899.84,2891.93,2895.76
2025.02.18 02:00,2895.74,2905.08,2895.34,2903.13
2025.02.18 03:00,2903.11,2910.75,2902.82,2909.04
2025.02.18 04:00,2909.05,2910.99,2907.22,2910.82
2025.02.18 05:00,2911.10,2915.61,2909.84,2910.69
2025.02.18 06:00,2910.69,2914.43,2910.01,2913.73
2025.02.18 07:00,2913.81,2915.32,2908.51,2911.58
2025.02.18 08:00,2911.63,2913.33,2908.24,2912.44
2025.02.18 09:00,2912.38,2913.41,2910.04,2912.74
2025.02.18 10:00,2912.73,2913.51,2907.13,2911.34
2025.02.18 11:00,2911.37,2914.80,2909.80,2914.18
2025.02.18 12:00,2914.40,2918.85,2912.20,2918.17
2025.02.18 13:00,2918.17,2921.30,2913.38,2918.78
2025.02.18 14:00,2918.77,2928.69,2917.78,2927.89
2025.02.18 15:00,2927.90,2929.69,2923.60,2927.39
2025.02.18 16:00,2927.26,2933.70,2924.28,2932.87
2025.02.18 17:00,2932.85,2933.61,2929.52,2931.11
2025.02.18 18:00,2931.13,2933.66,2928.37,2933.26
2025.02.18 19:00,2933.25,2936.87,2931.97,2935.68
2025.02.18 20:00,2935.67,2936.65,2932.44,2933.45
2025.02.18 21:00,2933.45,2936.45,2933.23,2934.70
2025.02.18 23:00,2934.70,2935.47,2933.12,2934.05
2025.02.19 00:00,2934.04,2934.29,2928.51,2929.30
2025.02.19 01:00,2929.29,2939.69,2928.17,2938.52
2025.02.19 02:00,2938.57,2939.67,2924.04,2929.14
2025.02.19 03:00,2929.19,2930.48,2924.91,2928.86
2025.02.19 04:00,2928.75,2929.52,2926.50,2929.33
2025.02.19 05:00,2929.33,2934.48,2927.95,2932.90
2025.02.19 06:00,2932.87,2935.86,2930.79,2931.65
2025.02.19 07:00,2931.65,2935.86,2930.39,2934.19
2025.02.19 08:00,2934.20,2940.15,2933.77,2938.68
2025.02.19 09:00,2938.68,2946.55,2938.25,2945.51
2025.02.19 10:00,2945.52,2947.05,2942.64,2944.90
2025.02.19 11:00,2944.90,2946.16,2934.11,2935.01
2025.02.19 12:00,2935.00,2936.80,2931.35,2933.49
2025.02.19 13:00,2933.57,2941.67,2932.45,2936.38
2025.02.19 14:00,2936.37,2940.50,2930.19,2938.15
2025.02.19 15:00,2937.83,2939.27,2925.61,2925.69
2025.02.19 16:00,2925.74,2930.87,2923.06,2928.03
2025.02.19 17:00,2928.03,2929.78,2921.44,2923.80
2025.02.19 18:00,2923.79,2926.75,2918.60,2924.89
2025.02.19 19:00,2923.60,2932.27,2923.51,2931.76
2025.02.19 20:00,2931.70,2936.49,2931.42,2935.85
2025.02.19 21:00,2935.85,2937.29,2932.21,2932.81
2025.02.19 23:00,2932.81,2936.26,2932.81,2935.46
2025.02.20 00:00,2935.55,2941.35,2935.55,2940.85
2025.02.20 01:00,2940.85,2942.32,2934.64,2936.95
2025.02.20 02:00,2936.95,2941.69,2933.85,2941.01
2025.02.20 03:00,2941.01,2944.10,2940.59,2941.90
2025.02.20 04:00,2941.91,2942.60,2939.40,2939.83
2025.02.20 05:00,2939.83,2946.86,2939.23,2946.85
2025.02.20 06:00,2946.94,2949.00,2943.90,2947.74
2025.02.20 07:00,2947.69,2954.18,2946.41,2948.97
2025.02.20 08:00,2949.04,2954.84,2949.00,2954.51
2025.02.20 09:00,2954.53,2954.85,2949.80,2951.48
2025.02.20 10:00,2951.48,2954.82,2949.23,2952.26
2025.02.20 11:00,2952.28,2952.93,2947.23,2948.74
2025.02.20 12:00,2948.74,2950.84,2938.84,2945.58
2025.02.20 13:00,2945.62,2947.61,2933.88,2934.05
2025.02.20 14:00,2934.00,2939.92,2924.11,2935.07
2025.02.20 15:00,2935.07,2939.60,2931.70,2938.51
2025.02.20 16:00,2938.51,2945.63,2935.95,2943.07
2025.02.20 17:00,2943.08,2946.98,2940.14,2940.51
2025.02.20 18:00,2940.23,2942.40,2937.40,2941.76
2025.02.20 19:00,2941.84,2941.87,2933.49,2937.92
2025.02.20 20:00,2937.92,2938.79,2935.46,2937.92
2025.02.20 21:00,2937.86,2940.25,2937.43,2938.40
2025.02.20 23:00,2938.40,2943.32,2938.32,2941.56
2025.02.21 00:00,2941.58,2942.78,2937.18,2940.08
2025.02.21 01:00,2940.08,2949.74,2926.87,2928.87
2025.02.21 02:00,2928.78,2941.08,2926.48,2939.19
2025.02.21 03:00,2939.22,2939.75,2927.14,2931.20
2025.02.21 04:00,2931.21,2932.25,2926.61,2928.48
2025.02.21 05:00,2928.45,2934.10,2924.15,2930.20
2025.02.21 06:00,2930.09,2931.52,2925.64,2929.72
2025.02.21 07:00,2929.62,2933.10,2929.10,2930.03
2025.02.21 08:00,2929.85,2931.30,2916.78,2923.30
2025.02.21 09:00,2923.29,2929.66,2923.14,2929.34
2025.02.21 10:00,2929.35,2931.08,2928.93,2930.59
2025.02.21 11:00,2930.61,2936.15,2928.04,2928.38
2025.02.21 12:00,2928.37,2935.21,2927.61,2930.08
2025.02.21 13:00,2930.07,2934.59,2926.94,2930.97
2025.02.21 14:00,2930.93,2939.01,2928.16,2933.76
2025.02.21 15:00,2933.50,2935.72,2921.58,2928.72
2025.02.21 16:00,2928.65,2938.44,2927.36,2936.72
2025.02.21 17:00,2936.70,2941.68,2936.07,2939.70
2025.02.21 18:00,2939.71,2942.86,2937.69,2941.81
2025.02.21 19:00,2941.84,2942.65,2932.97,2933.45
2025.02.21 20:00,2933.41,2937.24,2932.46,2934.71
2025.02.21 21:00,2934.70,2938.06,2932.10,2935.36
2025.02.23 23:00,2934.05,2940.41,2934.05,2936.83
2025.02.24 00:00,2936.85,2937.96,2929.58,2930.06
2025.02.24 01:00,2930.15,2931.37,2921.36,2928.06
2025.02.24 02:00,2928.08,2940.97,2925.02,2940.87
2025.02.24 03:00,2940.83,2944.71,2939.79,2941.19
2025.02.24 04:00,2941.15,2943.00,2937.91,2940.82
2025.02.24 05:00,2941.05,2942.25,2935.54,2936.22
2025.02.24 06:00,2936.22,2941.88,2935.20,2938.60
2025.02.24 07:00,2938.65,2944.87,2938.25,2943.88
2025.02.24 08:00,2944.01,2948.69,2938.19,2946.34
2025.02.24 09:00,2946.33,2948.21,2942.88,2944.30
2025.02.24 10:00,2944.36,2944.73,2934.93,2938.33
2025.02.24 11:00,2938.35,2948.24,2937.74,2947.78
2025.02.24 12:00,2947.78,2951.09,2945.43,2946.55
2025.02.24 13:00,2946.54,2954.66,2946.32,2954.48
2025.02.24 14:00,2954.50,2956.19,2935.22,2938.81
2025.02.24 15:00,2938.79,2940.51,2930.72,2936.50
2025.02.24 16:00,2936.53,2943.59,2936.48,2943.40
2025.02.24 17:00,2943.41,2944.75,2941.04,2943.29
2025.02.24 18:00,2943.33,2948.06,2942.78,2947.37
2025.02.24 19:00,2947.43,2949.87,2946.77,2949.17
2025.02.24 20:00,2949.17,2951.48,2946.98,2950.52
2025.02.24 21:00,2950.51,2952.98,2950.30,2951.86
2025.02.24 23:00,2951.86,2953.60,2948.25,2950.06
2025.02.25 00:00,2950.06,2952.53,2948.23,2949.62
2025.02.25 01:00,2949.75,2952.41,2945.27,2949.64
2025.02.25 02:00,2949.57,2952.11,2947.02,2948.63
2025.02.25 03:00,2948.64,2949.52,2937.46,2939.50
2025.02.25 04:00,2939.48,2939.78,2934.99,2936.84
2025.02.25 05:00,2936.84,2940.99,2936.70,2937.97
2025.02.25 06:00,2937.74,2938.46,2933.47,2935.82
2025.02.25 07:00,2935.83,2940.42,2930.66,2931.59
2025.02.25 08:00,2931.73,2942.42,2929.50,2941.66
2025.02.25 09:00,2941.61,2942.39,2937.46,2938.91
2025.02.25 10:00,2938.88,2941.57,2937.44,2937.52
2025.02.25 11:00,2937.54,2940.68,2937.04,2938.68
2025.02.25 12:00,2938.68,2941.32,2924.06,2928.69
2025.02.25 13:00,2928.67,2937.97,2926.19,2937.53
2025.02.25 14:00,2937.51,2944.84,2932.25,2932.71
2025.02.25 15:00,2932.73,2934.67,2900.92,2906.10
2025.02.25 16:00,2904.97,2906.79,2890.06,2896.40
2025.02.25 17:00,2896.40,2908.96,2893.67,2907.67
2025.02.25 18:00,2907.67,2912.23,2905.47,2909.48
2025.02.25 19:00,2909.51,2913.81,2905.64,2912.19
2025.02.25 20:00,2912.19,2913.37,2910.84,2912.61
2025.02.25 21:00,2912.61,2917.20,2912.56,2914.49
2025.02.25 23:00,2915.23,2918.94,2913.66,2918.64
2025.02.26 00:00,2918.64,2926.24,2918.54,2923.60
2025.02.26 01:00,2923.26,2930.16,2915.22,2917.95
2025.02.26 02:00,2917.97,2922.90,2914.74,2921.09
2025.02.26 03:00,2921.08,2921.63,2916.42,2916.52
2025.02.26 04:00,2916.52,2918.97,2912.61,2914.99
2025.02.26 05:00,2914.99,2921.11,2914.75,2915.53
2025.02.26 06:00,2915.50,2915.84,2906.72,2907.10
2025.02.26 07:00,2907.07,2917.51,2905.83,2915.30
2025.02.26 08:00,2915.32,2918.43,2909.55,2918.41
2025.02.26 09:00,2918.41,2918.70,2912.17,2913.16
2025.02.26 10:00,2913.16,2916.84,2910.89,2912.71
2025.02.26 11:00,2912.83,2915.35,2912.12,2913.90
2025.02.26 12:00,2913.90,2915.49,2910.08,2913.89
2025.02.26 13:00,2913.88,2915.07,2905.53,2905.88
2025.02.26 14:00,2905.89,2906.18,2890.93,2901.86
2025.02.26 15:00,2901.83,2914.21,2898.69,2913.30
2025.02.26 16:00,2913.29,2916.72,2909.91,2913.08
2025.02.26 17:00,2913.08,2916.08,2910.32,2913.82
2025.02.26 18:00,2913.68,2916.23,2912.43,2914.88
2025.02.26 19:00,2914.88,2916.40,2913.34,2913.90
2025.02.26 20:00,2913.90,2916.70,2912.01,2916.40
2025.02.26 21:00,2916.38,2918.60,2915.75,2916.03
2025.02.26 23:00,2916.71,2920.76,2915.57,2919.33
2025.02.27 00:00,2919.33,2919.33,2915.91,2917.22
2025.02.27 01:00,2917.22,2918.32,2910.97,2912.52
2025.02.27 02:00,2912.52,2914.81,2904.25,2905.94
2025.02.27 03:00,2907.07,2909.08,2905.21,2905.62
2025.02.27 04:00,2905.64,2906.42,2896.55,2897.38
2025.02.27 05:00,2897.41,2898.47,2888.66,2890.85
2025.02.27 06:00,2890.85,2898.36,2890.54,2894.21
2025.02.27 07:00,2894.21,2896.76,2888.05,2892.03
2025.02.27 08:00,2892.03,2892.08,2880.67,2881.41
2025.02.27 09:00,2881.33,2893.14,2876.99,2887.48
2025.02.27 10:00,2887.48,2895.11,2886.65,2892.24
2025.02.27 11:00,2892.24,2895.02,2883.50,2884.09
2025.02.27 12:00,2884.11,2888.78,2883.17,2885.07
2025.02.27 13:00,2885.04,2892.14,2881.15,2888.98
2025.02.27 14:00,2888.98,2892.43,2867.80,2872.43
2025.02.27 15:00,2872.35,2882.51,2870.53,2872.26
2025.02.27 16:00,2872.30,2878.14,2871.86,2877.37
2025.02.27 17:00,2877.51,2883.77,2876.08,2883.17
2025.02.27 18:00,2883.06,2887.35,2882.81,2887.28
2025.02.27 19:00,2887.28,2887.65,2877.30,2879.26
2025.02.27 20:00,2879.23,2879.35,2872.79,2873.90
2025.02.27 21:00,2873.90,2877.96,2871.31,2876.81
2025.02.27 23:00,2876.81,2878.37,2874.96,2875.97
2025.02.28 00:00,2875.97,2880.23,2874.89,2876.91
2025.02.28 01:00,2876.91,2885.10,2873.78,2874.77
2025.02.28 02:00,2874.68,2877.87,2870.35,2873.33
2025.02.28 03:00,2873.33,2876.21,2863.52,2865.75
2025.02.28 04:00,2865.75,2866.05,2856.99,2863.43
2025.02.28 05:00,2863.45,2867.07,2861.80,2864.13
2025.02.28 06:00,2864.33,2866.52,2861.96,2863.69
2025.02.28 07:00,2863.60,2865.19,2857.45,2858.71
2025.02.28 08:00,2858.69,2860.42,2851.02,2856.05
2025.02.28 09:00,2856.02,2864.34,2855.88,2862.41
2025.02.28 10:00,2862.39,2864.98,2860.71,2862.88
2025.02.28 11:00,2862.87,2863.76,2859.12,2862.31
2025.02.28 12:00,2862.31,2864.97,2854.35,2856.27
2025.02.28 13:00,2856.32,2862.26,2848.30,2848.46
2025.02.28 14:00,2848.46,2851.77,2833.43,2833.92
2025.02.28 15:00,2833.81,2850.76,2832.65,2850.19
2025.02.28 16:00,2850.42,2853.90,2846.32,2848.66
2025.02.28 17:00,2848.66,2851.54,2844.62,2845.18
2025.02.28 18:00,2845.18,2847.74,2838.09,2845.26
2025.02.28 19:00,2845.32,2850.85,2844.08,2849.54
2025.02.28 20:00,2849.51,2855.04,2847.71,2854.67
2025.02.28 21:00,2854.62,2859.12,2853.20,2859.07
2025.03.02 23:00,2855.17,2876.77,2855.17,2870.93
2025.03.03 00:00,2870.95,2871.35,2865.15,2865.77
2025.03.03 01:00,2865.81,2872.00,2864.12,2870.91
2025.03.03 02:00,2870.91,2872.04,2867.68,2868.24
2025.03.03 03:00,2868.24,2868.24,2859.34,2864.79
2025.03.03 04:00,2864.79,2868.51,2863.07,2867.29
2025.03.03 05:00,2867.29,2867.32,2861.33,2863.87
2025.03.03 06:00,2863.84,2866.04,2861.76,2865.50
2025.03.03 07:00,2865.48,2866.35,2860.14,2863.36
2025.03.03 08:00,2863.51,2868.86,2858.92,2868.66
2025.03.03 09:00,2868.68,2871.55,2864.36,2867.39
2025.03.03 10:00,2867.39,2873.57,2867.18,2871.85
2025.03.03 11:00,2871.86,2875.43,2871.24,2874.42
2025.03.03 12:00,2874.27,2877.63,2874.02,2875.62
2025.03.03 13:00,2875.64,2876.26,2868.96,2872.63
2025.03.03 14:00,2872.63,2882.95,2871.31,2877.12
2025.03.03 15:00,2877.24,2890.48,2873.94,2887.85
2025.03.03 16:00,2887.85,2893.06,2886.09,2891.43
2025.03.03 17:00,2891.58,2892.93,2887.35,2890.86
2025.03.03 18:00,2890.86,2892.48,2886.51,2889.97
2025.03.03 19:00,2889.97,2891.30,2879.74,2881.53
2025.03.03 20:00,2881.51,2891.40,2878.39,2890.40
2025.03.03 21:00,2890.47,2895.21,2890.21,2892.69
2025.03.03 23:00,2892.64,2893.32,2890.57,2890.88
2025.03.04 00:00,2890.80,2893.76,2890.12,2891.79
2025.03.04 01:00,2891.78,2893.02,2881.86,2888.23
2025.03.04 02:00,2888.22,2889.34,2884.81,2885.48
2025.03.04 03:00,2885.48,2893.09,2885.01,2888.59
2025.03.04 04:00,2888.59,2892.66,2886.72,2891.25
2025.03.04 05:00,2891.26,2894.34,2888.42,2889.70
2025.03.04 06:00,2889.67,2889.88,2884.39,2887.37
2025.03.04 07:00,2887.41,2901.35,2887.02,2899.96
2025.03.04 08:00,2899.65,2918.70,2896.69,2914.08
2025.03.04 09:00,2914.24,2921.25,2912.60,2918.02
2025.03.04 10:00,2918.01,2918.07,2912.08,2914.72
2025.03.04 11:00,2914.66,2921.76,2912.92,2919.87
2025.03.04 12:00,2919.86,2925.49,2918.64,2924.75
2025.03.04 13:00,2924.79,2927.80,2919.84,2922.51
2025.03.04 14:00,2922.65,2923.04,2903.37,2903.47
2025.03.04 15:00,2903.50,2912.28,2900.46,2906.05
2025.03.04 16:00,2906.05,2915.98,2903.69,2915.07
2025.03.04 17:00,2915.20,2916.39,2911.09,2911.61
2025.03.04 18:00,2911.61,2915.27,2908.22,2911.33
2025.03.04 19:00,2911.35,2916.43,2911.26,2916.14
2025.03.04 20:00,2916.13,2920.46,2914.33,2917.26
2025.03.04 21:00,2917.26,2918.50,2913.37,2917.69
2025.03.04 23:00,2917.84,2918.15,2914.27,2914.36
2025.03.05 00:00,2914.36,2917.18,2912.19,2914.10
2025.03.05 01:00,2914.10,2915.12,2903.47,2907.19
2025.03.05 02:00,2907.18,2914.59,2902.00,2904.30
2025.03.05 03:00,2904.30,2913.52,2903.36,2908.63
2025.03.05 04:00,2908.60,2912.66,2908.48,2910.41
2025.03.05 05:00,2910.43,2918.86,2909.93,2918.76
2025.03.05 06:00,2918.79,2921.76,2913.45,2917.05
2025.03.05 07:00,2917.22,2919.86,2912.97,2918.11
2025.03.05 08:00,2918.11,2921.96,2916.79,2919.97
2025.03.05 09:00,2919.98,2922.53,2913.37,2918.97
2025.03.05 10:00,2918.95,2919.20,2908.93,2913.35
2025.03.05 11:00,2913.35,2917.25,2911.94,2913.20
2025.03.05 12:00,2913.37,2919.20,2912.36,2916.12
2025.03.05 13:00,2916.12,2916.56,2894.35,2899.98
2025.03.05 14:00,2899.98,2917.15,2897.71,2911.99
2025.03.05 15:00,2911.84,2923.82,2908.05,2917.20
2025.03.05 16:00,2917.15,2929.93,2915.24,2923.84
2025.03.05 17:00,2923.84,2925.26,2913.63,2915.91
2025.03.05 18:00,2915.97,2920.70,2911.31,2917.49
2025.03.05 19:00,2917.54,2921.35,2916.28,2920.45
2025.03.05 20:00,2920.45,2922.99,2919.52,2921.97
2025.03.05 21:00,2922.16,2922.36,2917.54,2918.68
2025.03.05 23:00,2919.52,2919.64,2916.83,2918.35
2025.03.06 00:00,2918.32,2920.22,2916.49,2916.68
2025.03.06 01:00,2916.68,2925.69,2915.87,2924.68
2025.03.06 02:00,2924.67,2926.55,2922.92,2925.57
2025.03.06 03:00,2925.57,2925.60,2920.14,2921.19
2025.03.06 04:00,2921.19,2921.44,2916.36,2917.34
2025.03.06 05:00,2917.34,2920.65,2914.62,2919.88
2025.03.06 06:00,2919.88,2922.96,2919.83,2920.51
2025.03.06 07:00,2920.51,2922.46,2909.81,2909.89
2025.03.06 08:00,2910.12,2911.48,2901.06,2904.79
2025.03.06 09:00,2904.73,2905.40,2891.29,2894.21
2025.03.06 10:00,2894.21,2905.08,2891.97,2899.26
2025.03.06 11:00,2899.20,2907.70,2898.63,2905.83
2025.03.06 12:00,2905.83,2907.09,2899.34,2903.32
2025.03.06 13:00,2903.24,2909.30,2900.84,2904.59
2025.03.06 14:00,2904.55,2916.67,2903.47,2915.24
2025.03.06 15:00,2915.24,2922.70,2909.21,2914.50
2025.03.06 16:00,2914.53,2918.49,2912.60,2917.15
2025.03.06 17:00,2917.16,2921.43,2914.34,2915.41
2025.03.06 18:00,2915.40,2920.59,2913.81,2916.24
2025.03.06 19:00,2916.24,2917.71,2912.32,2913.97
2025.03.06 20:00,2913.96,2916.54,2908.45,2908.80
2025.03.06 21:00,2908.87,2911.65,2908.41,2910.42
2025.03.06 23:00,2911.32,2913.59,2909.94,2910.30
2025.03.07 00:00,2910.28,2910.28,2896.79,2904.60
2025.03.07 01:00,2904.61,2910.21,2901.52,2906.87
2025.03.07 02:00,2906.86,2909.13,2901.17,2908.02
2025.03.07 03:00,2908.04,2909.04,2903.88,2905.35
2025.03.07 04:00,2905.32,2908.31,2904.75,2906.63
2025.03.07 05:00,2906.63,2912.51,2906.40,2909.57
2025.03.07 06:00,2909.51,2914.82,2907.76,2913.50
2025.03.07 07:00,2913.54,2917.35,2911.64,2917.21
2025.03.07 08:00,2917.20,2923.01,2915.22,2922.47
2025.03.07 09:00,2922.44,2923.00,2920.25,2921.58
2025.03.07 10:00,2921.58,2921.91,2917.07,2918.02
2025.03.07 11:00,2918.01,2922.08,2916.83,2918.82
2025.03.07 12:00,2918.83,2922.77,2918.08,2918.61
2025.03.07 13:00,2918.48,2926.22,2910.24,2913.75
2025.03.07 14:00,2913.75,2928.68,2904.67,2926.80
2025.03.07 15:00,2926.80,2930.50,2908.63,2915.82
2025.03.07 16:00,2915.82,2919.41,2911.66,2914.04
2025.03.07 17:00,2914.04,2916.24,2905.03,2908.32
2025.03.07 18:00,2908.28,2908.77,2902.05,2906.58
2025.03.07 19:00,2906.58,2909.54,2904.66,2905.39
2025.03.07 20:00,2905.27,2911.24,2904.82,2909.63
2025.03.07 21:00,2909.63,2912.44,2908.47,2909.09
2025.03.09 23:00,2911.93,2916.86,2911.44,2916.15
2025.03.10 00:00,2916.03,2917.94,2913.10,2913.90
2025.03.10 01:00,2914.12,2918.31,2911.27,2912.03
2025.03.10 02:00,2912.04,2914.51,2909.54,2911.50
2025.03.10 03:00,2911.49,2913.63,2908.20,2910.91
2025.03.10 04:00,2910.91,2912.60,2910.16,2910.88
2025.03.10 05:00,2910.91,2911.94,2906.87,2909.91
2025.03.10 06:00,2909.91,2914.68,2909.36,2914.45
2025.03.10 07:00,2914.41,2915.44,2904.33,2908.38
2025.03.10 08:00,2908.35,2910.64,2897.61,2897.86
2025.03.10 09:00,2897.85,2915.47,2896.81,2911.19
2025.03.10 10:00,2911.24,2911.31,2898.30,2903.04
2025.03.10 11:00,2903.15,2904.76,2895.59,2904.12
2025.03.10 12:00,2904.13,2907.77,2900.28,2906.70
2025.03.10 13:00,2906.81,2908.42,2897.65,2903.79
2025.03.10 14:00,2903.73,2909.17,2900.98,2908.03
2025.03.10 15:00,2908.03,2910.53,2900.51,2904.52
2025.03.10 16:00,2904.52,2906.90,2895.86,2895.97
2025.03.10 17:00,2895.87,2896.14,2882.85,2886.04
2025.03.10 18:00,2886.17,2889.67,2880.35,2885.58
2025.03.10 19:00,2885.33,2891.05,2880.21,2885.29
2025.03.10 20:00,2885.55,2889.33,2884.38,2888.74
2025.03.10 23:00,2884.71,2885.84,2882.24,2884.76
2025.03.11 00:00,2884.76,2888.61,2884.27,2887.22
2025.03.11 01:00,2887.42,2891.00,2880.34,2890.61
2025.03.11 02:00,2890.59,2900.51,2889.79,2899.04
2025.03.11 03:00,2899.03,2899.38,2895.04,2896.89
2025.03.11 04:00,2896.88,2898.61,2895.38,2897.69
2025.03.11 05:00,2897.76,2899.08,2892.59,2895.86
2025.03.11 06:00,2895.86,2902.80,2893.49,2902.30
2025.03.11 07:00,2902.30,2903.67,2897.57,2901.14
2025.03.11 08:00,2901.14,2910.48,2900.52,2910.09
2025.03.11 09:00,2910.09,2912.39,2908.89,2911.71
2025.03.11 10:00,2911.71,2914.50,2910.90,2911.99
2025.03.11 11:00,2911.98,2915.38,2910.67,2913.63
2025.03.11 12:00,2913.65,2915.92,2910.51,2913.11
2025.03.11 13:00,2913.09,2922.05,2906.82,2918.08
2025.03.11 14:00,2918.11,2920.69,2911.87,2914.21
2025.03.11 15:00,2914.20,2919.83,2914.00,2916.81
2025.03.11 16:00,2916.84,2918.06,2915.08,2917.20
2025.03.11 17:00,2917.20,2920.58,2914.15,2917.73
2025.03.11 18:00,2917.73,2919.59,2915.16,2918.22
2025.03.11 19:00,2918.23,2921.30,2917.51,2918.36
2025.03.11 20:00,2918.36,2919.03,2914.99,2915.69
2025.03.11 23:00,2917.55,2919.69,2915.33,2915.45
2025.03.12 00:00,2915.47,2915.48,2912.08,2914.25
2025.03.12 01:00,2914.22,2917.35,2910.80,2914.90
2025.03.12 02:00,2914.73,2918.28,2913.95,2916.14
2025.03.12 03:00,2916.29,2919.98,2914.76,2914.81
2025.03.12 04:00,2914.88,2916.06,2912.60,2914.86
2025.03.12 05:00,2914.90,2916.50,2912.11,2916.01
2025.03.12 06:00,2916.01,2921.24,2911.35,2911.85
2025.03.12 07:00,2911.85,2915.69,2908.98,2914.51
2025.03.12 08:00,2914.54,2922.19,2914.07,2922.19
2025.03.12 09:00,2922.20,2925.34,2913.65,2914.73
2025.03.12 10:00,2914.74,2917.01,2912.78,2914.40
2025.03.12 11:00,2914.37,2916.77,2912.64,2915.24
2025.03.12 12:00,2915.34,2923.22,2912.13,2917.49
2025.03.12 13:00,2917.42,2918.79,2906.14,2915.74
2025.03.12 14:00,2915.74,2922.53,2914.32,2921.99
2025.03.12 15:00,2921.99,2929.29,2921.44,2928.49
2025.03.12 16:00,2928.49,2939.10,2927.91,2936.13
2025.03.12 17:00,2936.09,2940.54,2935.96,2936.19
2025.03.12 18:00,2936.19,2937.43,2933.75,2935.14
2025.03.12 19:00,2935.15,2935.62,2931.03,2931.45
2025.03.12 20:00,2931.31,2934.21,2930.90,2933.37
2025.03.12 23:00,2938.24,2939.42,2934.71,2938.06
2025.03.13 00:00,2938.00,2939.42,2937.60,2938.67
2025.03.13 01:00,2938.68,2941.50,2936.42,2937.86
2025.03.13 02:00,2937.86,2945.93,2937.49,2944.28
2025.03.13 03:00,2944.28,2947.14,2942.95,2945.65
2025.03.13 04:00,2945.65,2946.30,2943.41,2944.66
2025.03.13 05:00,2944.69,2945.11,2938.22,2940.07
2025.03.13 06:00,2940.10,2940.32,2935.45,2936.91
2025.03.13 07:00,2936.89,2938.16,2932.91,2935.25
2025.03.13 08:00,2935.25,2944.94,2934.81,2941.57
2025.03.13 09:00,2941.53,2948.85,2941.04,2947.72
2025.03.13 10:00,2947.72,2948.63,2942.02,2944.07
2025.03.13 11:00,2944.15,2948.69,2944.14,2946.29
2025.03.13 12:00,2946.29,2949.18,2941.10,2942.44
2025.03.13 13:00,2942.43,2952.40,2939.16,2950.40
2025.03.13 14:00,2950.42,2971.10,2949.92,2969.91
2025.03.13 15:00,2969.90,2978.36,2966.37,2977.83
2025.03.13 16:00,2977.83,2985.30,2976.63,2980.14
2025.03.13 17:00,2980.20,2982.27,2976.41,2979.55
2025.03.13 18:00,2979.53,2984.37,2979.12,2983.29
2025.03.13 19:00,2983.29,2985.43,2980.60,2982.82
2025.03.13 20:00,2982.96,2989.08,2981.22,2988.75
2025.03.13 23:00,2987.26,2989.25,2985.29,2986.42
2025.03.14 00:00,2986.43,2988.74,2984.73,2986.63
2025.03.14 01:00,2986.63,2990.13,2981.64,2987.85
2025.03.14 02:00,2987.85,2988.61,2983.77,2984.05
2025.03.14 03:00,2984.05,2992.90,2983.85,2992.67
2025.03.14 04:00,2992.65,2993.94,2984.30,2985.34
2025.03.14 05:00,2985.36,2986.83,2981.83,2986.37
2025.03.14 06:00,2986.38,2987.66,2981.23,2985.82
2025.03.14 07:00,2985.83,2987.10,2980.80,2986.93
2025.03.14 08:00,2986.99,2993.30,2985.22,2992.93
2025.03.14 09:00,2992.93,2999.46,2992.60,2998.71
2025.03.14 10:00,2998.73,3004.99,2986.72,2993.36
2025.03.14 11:00,2993.36,2999.18,2993.28,2993.43
2025.03.14 12:00,2993.42,2999.63,2993.29,2993.85
2025.03.14 13:00,2993.87,2996.13,2983.72,2985.73
2025.03.14 14:00,2985.73,2993.43,2982.06,2985.42
2025.03.14 15:00,2985.40,2986.46,2978.49,2984.54
2025.03.14 16:00,2984.55,2990.07,2982.92,2989.79
2025.03.14 17:00,2989.80,2990.35,2986.44,2986.60
2025.03.14 18:00,2986.67,2987.06,2983.14,2983.35
2025.03.14 19:00,2983.35,2986.00,2982.12,2984.01
2025.03.14 20:00,2984.02,2988.43,2981.82,2984.24
2025.03.16 23:00,2989.02,2994.13,2988.26,2990.01
2025.03.17 00:00,2990.08,2991.02,2986.29,2990.91
2025.03.17 01:00,2990.90,2993.02,2988.60,2990.81
2025.03.17 02:00,2990.84,2991.91,2986.99,2988.12
2025.03.17 03:00,2988.13,2988.60,2985.27,2986.95
2025.03.17 04:00,2986.95,2987.81,2982.42,2982.60
2025.03.17 05:00,2982.73,2986.21,2982.25,2986.09
2025.03.17 06:00,2986.13,2990.79,2985.39,2989.88
2025.03.17 07:00,2989.85,2989.94,2984.16,2985.56
2025.03.17 08:00,2985.50,2988.44,2983.13,2988.44
2025.03.17 09:00,2988.44,2996.85,2987.64,2995.62
2025.03.17 10:00,2995.63,2999.55,2994.78,2998.96
2025.03.17 11:00,2998.96,3001.25,2996.46,2997.52
2025.03.17 12:00,2997.53,2997.85,2984.78,2987.15
2025.03.17 13:00,2987.15,2991.27,2986.05,2988.36
2025.03.17 14:00,2988.00,3000.63,2987.20,2998.67
2025.03.17 15:00,2998.64,2999.32,2992.93,2997.18
2025.03.17 16:00,2997.17,2997.74,2993.03,2994.48
2025.03.17 17:00,2994.50,2999.46,2994.50,2997.94
2025.03.17 18:00,2997.94,3000.29,2996.97,2999.41
2025.03.17 19:00,2999.41,3000.83,2997.73,3000.25
2025.03.17 20:00,3000.17,3001.65,3000.08,3000.64
2025.03.17 23:00,3000.23,3002.81,2999.53,2999.72
2025.03.18 00:00,2999.72,3003.53,2999.44,3001.50
2025.03.18 01:00,3001.49,3008.32,2999.34,3005.72
2025.03.18 02:00,3005.75,3012.14,3002.90,3010.86
2025.03.18 03:00,3010.87,3014.96,3009.62,3011.41
2025.03.18 04:00,3011.41,3017.22,3011.32,3014.36
2025.03.18 05:00,3014.36,3014.89,3006.04,3011.92
2025.03.18 06:00,3012.01,3017.61,3010.58,3015.75
2025.03.18 07:00,3015.75,3018.94,3014.43,3016.44
2025.03.18 08:00,3016.44,3027.31,3016.31,3026.51
2025.03.18 09:00,3026.63,3028.49,3018.16,3020.20
2025.03.18 10:00,3020.20,3025.77,3019.69,3024.06
2025.03.18 11:00,3024.07,3029.49,3022.45,3026.84
2025.03.18 12:00,3026.79,3035.85,3026.69,3034.30
2025.03.18 13:00,3034.30,3038.28,3026.24,3033.34
2025.03.18 14:00,3033.33,3033.33,3024.65,3028.07
2025.03.18 15:00,3028.09,3032.54,3025.18,3031.69
2025.03.18 16:00,3031.62,3036.96,3030.47,3036.04
2025.03.18 17:00,3036.16,3036.30,3029.84,3032.67
2025.03.18 18:00,3032.67,3036.32,3032.41,3035.81
2025.03.18 19:00,3035.73,3037.96,3035.22,3035.51
2025.03.18 20:00,3035.55,3035.93,3033.32,3034.23
2025.03.18 23:00,3034.53,3035.07,3031.39,3031.71
2025.03.19 00:00,3031.62,3033.90,3030.42,3031.35
2025.03.19 01:00,3031.36,3032.76,3027.38,3029.57
2025.03.19 02:00,3029.55,3033.83,3029.10,3033.43
2025.03.19 03:00,3033.43,3039.00,3032.20,3036.25
2025.03.19 04:00,3036.24,3037.64,3034.22,3036.49
2025.03.19 05:00,3036.60,3045.34,3036.52,3044.49
2025.03.19 06:00,3044.51,3044.73,3034.53,3042.27
2025.03.19 07:00,3042.24,3042.87,3035.50,3035.78
2025.03.19 08:00,3035.77,3037.09,3024.71,3025.22
2025.03.19 09:00,3025.22,3031.39,3022.83,3030.53
2025.03.19 10:00,3030.53,3037.80,3028.40,3034.62
2025.03.19 11:00,3034.59,3039.92,3033.83,3038.92
2025.03.19 12:00,3038.92,3041.07,3036.42,3037.20
2025.03.19 13:00,3037.20,3038.24,3027.66,3033.32
2025.03.19 14:00,3033.28,3033.28,3026.37,3027.67
2025.03.19 15:00,3027.67,3033.03,3026.79,3031.51
2025.03.19 16:00,3031.53,3038.34,3031.37,3033.13
2025.03.19 17:00,3033.13,3034.23,3029.46,3030.78
2025.03.19 18:00,3029.68,3048.74,3029.14,3046.86
2025.03.19 19:00,3046.93,3051.96,3041.01,3047.86
2025.03.19 20:00,3047.84,3048.09,3044.27,3047.32
2025.03.19 23:00,3050.17,3051.13,3048.75,3050.01
2025.03.20 00:00,3050.02,3055.53,3050.02,3053.15
2025.03.20 01:00,3053.15,3056.17,3049.23,3049.46
2025.03.20 02:00,3049.45,3052.13,3044.95,3045.62
2025.03.20 03:00,3045.62,3050.47,3045.35,3049.98
2025.03.20 04:00,3049.97,3057.54,3048.13,3052.31
2025.03.20 05:00,3052.39,3053.34,3044.82,3046.94
2025.03.20 06:00,3046.97,3051.54,3045.68,3049.12
2025.03.20 07:00,3048.97,3049.00,3041.85,3042.29
2025.03.20 08:00,3042.29,3043.93,3038.67,3041.88
2025.03.20 09:00,3041.83,3046.27,3040.63,3041.44
2025.03.20 10:00,3041.45,3041.45,3025.66,3034.24
2025.03.20 11:00,3034.21,3035.24,3029.33,3034.48
2025.03.20 12:00,3034.48,3042.32,3033.38,3040.84
2025.03.20 13:00,3040.83,3041.10,3030.03,3033.01
2025.03.20 14:00,3032.97,3040.81,3030.63,3040.12
2025.03.20 15:00,3040.12,3041.93,3037.65,3040.73
2025.03.20 16:00,3040.73,3043.25,3034.02,3038.29
2025.03.20 17:00,3038.29,3041.95,3034.75,3041.68
2025.03.20 18:00,3041.68,3045.34,3040.85,3043.21
2025.03.20 19:00,3043.18,3046.08,3043.18,3044.70
2025.03.20 20:00,3044.70,3045.83,3044.05,3044.36
2025.03.20 23:00,3045.80,3046.68,3044.51,3046.45
2025.03.21 00:00,3046.46,3047.46,3042.23,3042.83
2025.03.21 01:00,3042.87,3044.54,3035.85,3035.88
2025.03.21 02:00,3035.86,3036.98,3033.80,3034.60
2025.03.21 03:00,3034.56,3034.60,3029.92,3030.49
2025.03.21 04:00,3030.48,3032.08,3027.87,3029.87
2025.03.21 05:00,3029.93,3030.38,3021.84,3028.06
2025.03.21 06:00,3028.07,3033.97,3027.49,3029.74
2025.03.21 07:00,3029.82,3033.43,3028.06,3032.10
2025.03.21 08:00,3032.07,3034.75,3027.12,3032.91
2025.03.21 09:00,3032.96,3033.16,3027.78,3029.58
2025.03.21 10:00,3029.54,3033.46,3029.54,3030.79
2025.03.21 11:00,3030.74,3037.61,3028.94,3034.27
2025.03.21 12:00,3034.25,3038.10,3033.49,3034.09
2025.03.21 13:00,3034.12,3036.84,3004.26,3006.55
2025.03.21 14:00,3006.42,3016.78,2999.42,3015.72
2025.03.21 15:00,3015.71,3017.92,3010.03,3011.17
2025.03.21 16:00,3011.17,3016.85,3010.66,3015.16
2025.03.21 17:00,3015.16,3018.16,3012.85,3013.64
2025.03.21 18:00,3013.64,3021.67,3013.48,3017.49
2025.03.21 19:00,3017.48,3021.99,3016.05,3019.88
2025.03.21 20:00,3019.89,3024.05,3019.89,3023.15
2025.03.23 23:00,3025.58,3026.26,3023.34,3024.71
2025.03.24 00:00,3024.48,3025.52,3017.08,3018.42
2025.03.24 01:00,3018.47,3025.60,3018.08,3020.79
2025.03.24 02:00,3020.85,3024.43,3013.76,3016.38
2025.03.24 03:00,3016.33,3019.67,3015.58,3016.91
2025.03.24 04:00,3016.91,3020.04,3016.50,3019.33
2025.03.24 05:00,3019.33,3023.17,3018.87,3022.05
2025.03.24 06:00,3021.96,3025.70,3017.35,3025.01
2025.03.24 07:00,3025.31,3028.83,3020.95,3022.29
2025.03.24 08:00,3022.29,3029.04,3021.82,3028.82
2025.03.24 09:00,3028.92,3030.96,3022.58,3023.55
2025.03.24 10:00,3023.54,3033.34,3023.42,3028.06
2025.03.24 11:00,3028.06,3029.34,3024.45,3024.67
2025.03.24 12:00,3024.66,3028.65,3022.44,3024.23
2025.03.24 13:00,3024.27,3028.22,3019.11,3022.65
2025.03.24 14:00,3022.49,3024.03,3008.00,3012.18
2025.03.24 15:00,3012.13,3015.27,3005.81,3014.12
2025.03.24 16:00,3014.13,3015.64,3008.03,3009.76
2025.03.24 17:00,3009.76,3009.92,3005.93,3007.08
2025.03.24 18:00,3007.07,3008.14,3002.43,3006.84
2025.03.24 19:00,3006.83,3008.28,3005.03,3006.13
2025.03.24 20:00,3006.13,3014.35,3005.68,3011.67
2025.03.24 23:00,3011.43,3012.35,3009.35,3009.87
2025.03.25 00:00,3010.28,3014.92,3009.07,3014.07
2025.03.25 01:00,3014.07,3014.53,3010.39,3011.86
2025.03.25 02:00,3011.86,3012.34,3007.54,3009.21
2025.03.25 03:00,3009.22,3016.25,3008.62,3015.15
2025.03.25 04:00,3015.16,3016.36,3014.69,3015.25
2025.03.25 05:00,3015.25,3021.12,3014.31,3018.30
2025.03.25 06:00,3018.33,3018.62,3014.69,3017.68
2025.03.25 07:00,3017.68,3018.03,3010.51,3011.15
2025.03.25 08:00,3011.15,3021.87,3010.54,3021.34
2025.03.25 09:00,3021.27,3023.59,3019.03,3023.39
2025.03.25 10:00,3023.15,3024.89,3020.64,3023.59
2025.03.25 11:00,3023.59,3026.51,3020.36,3020.69
2025.03.25 12:00,3020.69,3023.22,3014.21,3021.83
2025.03.25 13:00,3021.84,3030.68,3020.91,3028.74
2025.03.25 14:00,3028.73,3035.95,3025.17,3025.17
2025.03.25 15:00,3025.11,3028.03,3017.98,3021.54
2025.03.25 16:00,3021.56,3025.59,3021.40,3023.22
2025.03.25 17:00,3023.23,3023.34,3019.83,3022.68
2025.03.25 18:00,3022.67,3022.92,3017.80,3018.58
2025.03.25 19:00,3018.58,3020.70,3017.80,3019.61
2025.03.25 20:00,3019.66,3020.66,3018.82,3019.51
2025.03.25 23:00,3021.35,3021.84,3020.52,3020.98
2025.03.26 00:00,3020.98,3022.08,3017.81,3018.10
2025.03.26 01:00,3018.08,3025.43,3016.37,3024.78
2025.03.26 02:00,3024.78,3027.15,3022.88,3024.25
2025.03.26 03:00,3024.25,3024.25,3016.48,3017.55
2025.03.26 04:00,3017.52,3017.69,3014.23,3015.22
2025.03.26 05:00,3015.30,3024.12,3013.26,3022.72
2025.03.26 06:00,3022.67,3026.29,3022.07,3026.10
2025.03.26 07:00,3025.96,3030.81,3024.93,3030.53
2025.03.26 08:00,3030.59,3032.06,3023.56,3024.02
2025.03.26 09:00,3024.02,3024.08,3017.63,3018.67
2025.03.26 10:00,3018.38,3024.91,3017.06,3023.18
2025.03.26 11:00,3023.16,3030.42,3023.16,3027.56
2025.03.26 12:00,3027.56,3029.99,3025.36,3027.03
2025.03.26 13:00,3027.08,3027.34,3015.96,3016.72
2025.03.26 14:00,3016.71,3021.74,3014.90,3017.48
2025.03.26 15:00,3017.46,3018.78,3012.32,3015.90
2025.03.26 16:00,3015.90,3020.11,3015.22,3015.64
2025.03.26 17:00,3015.63,3018.99,3015.29,3018.69
2025.03.26 18:00,3018.73,3020.76,3018.16,3018.34
2025.03.26 19:00,3018.34,3019.00,3015.69,3017.29
2025.03.26 20:00,3017.37,3021.70,3017.25,3019.37
2025.03.26 23:00,3019.33,3021.82,3017.61,3021.67
2025.03.27 00:00,3021.67,3025.68,3021.66,3025.39
2025.03.27 01:00,3025.39,3028.28,3022.90,3023.54
2025.03.27 02:00,3023.54,3032.78,3023.24,3031.71
2025.03.27 03:00,3031.70,3034.22,3029.69,3033.62
2025.03.27 04:00,3033.63,3038.53,3031.67,3034.09
2025.03.27 05:00,3034.09,3035.92,3029.19,3029.59
2025.03.27 06:00,3029.59,3033.36,3026.71,3030.15
2025.03.27 07:00,3030.08,3036.72,3029.25,3035.94
2025.03.27 08:00,3035.94,3037.92,3033.74,3036.09
2025.03.27 09:00,3036.12,3041.14,3034.57,3039.91
2025.03.27 10:00,3039.91,3055.77,3039.77,3051.36
2025.03.27 11:00,3051.41,3055.61,3048.80,3054.72
2025.03.27 12:00,3054.71,3055.91,3047.18,3050.06
2025.03.27 13:00,3050.08,3052.16,3033.38,3040.75
2025.03.27 14:00,3040.78,3059.75,3040.73,3057.55
2025.03.27 15:00,3057.59,3059.24,3051.38,3052.16
2025.03.27 16:00,3052.15,3054.24,3047.51,3048.41
2025.03.27 17:00,3048.40,3053.22,3047.82,3052.90
2025.03.27 18:00,3052.90,3057.51,3052.66,3055.83
2025.03.27 19:00,3055.83,3057.75,3054.87,3057.46
2025.03.27 20:00,3057.46,3057.57,3055.07,3056.28
2025.03.27 23:00,3055.21,3056.09,3054.18,3055.62
2025.03.28 00:00,3055.61,3063.54,3054.91,3061.80
2025.03.28 01:00,3061.80,3074.03,3061.68,3073.87
2025.03.28 02:00,3073.88,3077.57,3070.02,3071.74
2025.03.28 03:00,3071.74,3076.55,3069.53,3075.19
2025.03.28 04:00,3075.19,3075.40,3072.58,3073.88
2025.03.28 05:00,3073.92,3082.11,3072.53,3077.72
2025.03.28 06:00,3077.22,3084.94,3076.59,3084.82
2025.03.28 07:00,3084.76,3086.10,3077.68,3079.37
2025.03.28 08:00,3079.31,3081.29,3066.06,3072.95
2025.03.28 09:00,3073.23,3076.15,3069.69,3072.91
2025.03.28 10:00,3072.97,3074.65,3067.48,3074.29
2025.03.28 11:00,3074.29,3079.86,3074.10,3076.34
2025.03.28 12:00,3076.40,3081.97,3072.43,3077.43
2025.03.28 13:00,3077.46,3084.17,3070.79,3083.48
2025.03.28 14:00,3083.52,3086.79,3068.09,3070.29
2025.03.28 15:00,3069.99,3085.73,3067.44,3083.78
2025.03.28 16:00,3083.74,3086.65,3080.37,3083.89
2025.03.28 17:00,3083.89,3085.87,3076.09,3077.41
2025.03.28 18:00,3077.43,3080.49,3073.57,3079.67
2025.03.28 19:00,3079.67,3081.89,3079.40,3080.87
2025.03.28 20:00,3080.78,3086.13,3080.78,3084.02
2025.03.30 23:00,3090.09,3090.85,3087.94,3089.08
2025.03.31 00:00,3089.08,3089.66,3077.37,3079.01
2025.03.31 01:00,3079.00,3095.29,3076.72,3094.87
2025.03.31 02:00,3094.87,3107.15,3093.95,3106.69
2025.03.31 03:00,3106.71,3111.76,3105.13,3107.06
2025.03.31 04:00,3107.06,3115.90,3105.87,3113.31
2025.03.31 05:00,3113.30,3119.82,3107.48,3116.56
2025.03.31 06:00,3116.56,3127.87,3113.35,3119.34
2025.03.31 07:00,3119.35,3125.37,3118.58,3124.57
2025.03.31 08:00,3124.57,3127.23,3121.04,3122.25
2025.03.31 09:00,3122.30,3123.42,3111.96,3114.94
2025.03.31 10:00,3114.93,3123.60,3111.91,3118.50
2025.03.31 11:00,3118.49,3119.82,3113.42,3119.48
2025.03.31 12:00,3119.50,3126.76,3118.20,3124.52
2025.03.31 13:00,3124.52,3124.67,3099.96,3113.36
2025.03.31 14:00,3113.40,3123.58,3110.94,3123.27
2025.03.31 15:00,3123.29,3127.14,3112.86,3113.75
2025.03.31 16:00,3113.80,3120.69,3111.60,3117.66
2025.03.31 17:00,3117.65,3120.27,3115.81,3117.86
2025.03.31 18:00,3117.86,3123.34,3117.33,3121.39
2025.03.31 19:00,3121.39,3124.59,3120.98,3124.40
2025.03.31 20:00,3124.40,3124.66,3122.94,3123.53
2025.03.31 23:00,3122.76,3126.38,3120.00,3120.47
2025.04.01 00:00,3120.45,3127.84,3120.23,3127.17
2025.04.01 01:00,3127.17,3138.21,3126.51,3135.43
2025.04.01 02:00,3135.42,3145.70,3132.96,3145.08
2025.04.01 03:00,3145.09,3147.36,3142.61,3146.02
2025.04.01 04:00,3145.99,3147.98,3142.77,3144.79
2025.04.01 05:00,3144.79,3148.95,3130.58,3132.00
2025.04.01 06:00,3131.55,3138.25,3126.60,3133.70
2025.04.01 07:00,3133.76,3137.74,3124.09,3127.51
2025.04.01 08:00,3127.46,3135.60,3126.34,3131.05
2025.04.01 09:00,3131.13,3134.16,3130.21,3132.42
2025.04.01 10:00,3132.42,3138.85,3130.78,3132.30
2025.04.01 11:00,3132.30,3135.93,3128.66,3130.39
2025.04.01 12:00,3130.47,3134.68,3127.68,3133.41
2025.04.01 13:00,3133.40,3137.08,3128.16,3134.11
2025.04.01 14:00,3133.78,3135.36,3123.79,3128.73
2025.04.01 15:00,3128.75,3133.05,3113.38,3113.69
2025.04.01 16:00,3113.55,3116.79,3100.81,3106.70
2025.04.01 17:00,3106.71,3114.61,3105.81,3113.75
2025.04.01 18:00,3113.74,3118.63,3113.35,3114.18
2025.04.01 19:00,3114.08,3118.85,3113.77,3118.52
2025.04.01 20:00,3118.48,3120.56,3112.97,3114.14
2025.04.01 23:00,3111.35,3116.21,3111.32,3115.19
2025.04.02 00:00,3115.20,3123.62,3113.02,3122.98
2025.04.02 01:00,3122.98,3135.21,3121.40,3133.16
2025.04.02 02:00,3133.22,3135.69,3128.41,3128.45
2025.04.02 03:00,3128.45,3132.09,3124.53,3125.53
2025.04.02 04:00,3125.53,3126.74,3115.51,3116.02
2025.04.02 05:00,3116.02,3119.19,3109.85,3118.05
2025.04.02 06:00,3118.05,3119.73,3114.09,3116.59
2025.04.02 07:00,3116.58,3126.16,3112.17,3125.14
2025.04.02 08:00,3125.16,3133.90,3123.34,3131.32
2025.04.02 09:00,3131.40,3131.53,3126.90,3131.11
2025.04.02 10:00,3131.11,3131.42,3110.18,3114.54
2025.04.02 11:00,3114.54,3123.95,3114.40,3121.29
2025.04.02 12:00,3121.30,3127.15,3117.17,3122.36
2025.04.02 13:00,3122.43,3132.04,3116.57,3122.26
2025.04.02 14:00,3122.17,3129.35,3119.36,3125.05
2025.04.02 15:00,3125.01,3128.24,3120.79,3125.86
2025.04.02 16:00,3125.86,3134.18,3125.86,3131.47
2025.04.02 17:00,3131.47,3131.47,3120.70,3123.60
2025.04.02 18:00,3123.45,3126.24,3118.79,3122.00
2025.04.02 19:00,3122.04,3127.24,3121.62,3124.28
2025.04.02 20:00,3124.28,3142.96,3105.43,3134.82
2025.04.02 23:00,3145.92,3167.56,3145.92,3162.73
2025.04.03 00:00,3162.72,3164.86,3140.62,3151.34
2025.04.03 01:00,3151.53,3163.01,3147.91,3153.45
2025.04.03 02:00,3153.25,3155.36,3142.21,3145.09
2025.04.03 03:00,3145.12,3152.22,3144.76,3148.08
2025.04.03 04:00,3148.08,3149.73,3139.06,3140.34
2025.04.03 05:00,3140.34,3140.94,3124.14,3131.75
2025.04.03 06:00,3131.79,3134.16,3116.64,3127.56
2025.04.03 07:00,3127.70,3130.14,3119.90,3129.11
2025.04.03 08:00,3129.12,3132.15,3126.13,3129.04
2025.04.03 09:00,3129.04,3129.56,3121.63,3121.63
2025.04.03 10:00,3121.63,3123.08,3089.57,3095.58
2025.04.03 11:00,3095.59,3099.99,3085.34,3093.19
2025.04.03 12:00,3092.84,3094.74,3062.28,3076.33
2025.04.03 13:00,3076.25,3093.43,3054.28,3086.16
2025.04.03 14:00,3086.08,3135.48,3086.08,3128.88
2025.04.03 15:00,3128.89,3129.40,3104.08,3110.74
2025.04.03 16:00,3110.64,3114.17,3101.88,3107.50
2025.04.03 17:00,3107.53,3109.83,3100.07,3109.53
2025.04.03 18:00,3109.55,3111.72,3102.08,3111.64
2025.04.03 19:00,3111.64,3113.32,3101.64,3107.53
2025.04.03 20:00,3107.53,3119.45,3107.42,3114.46
2025.04.03 23:00,3115.41,3116.34,3109.81,3112.94
2025.04.04 00:00,3112.94,3115.10,3106.01,3110.63
2025.04.04 01:00,3110.63,3115.72,3109.13,3109.77
2025.04.04 02:00,3109.79,3112.98,3091.18,3096.82
2025.04.04 03:00,3096.84,3099.06,3087.32,3098.36
2025.04.04 04:00,3098.37,3104.96,3096.11,3100.02
2025.04.04 05:00,3100.00,3108.80,3098.68,3108.80
2025.04.04 06:00,3108.83,3109.92,3100.57,3101.09
2025.04.04 07:00,3101.09,3103.53,3092.03,3092.83
2025.04.04 08:00,3092.64,3094.17,3078.51,3084.22
2025.04.04 09:00,3084.13,3095.94,3083.89,3090.65
2025.04.04 10:00,3090.66,3116.06,3090.58,3110.41
2025.04.04 11:00,3110.37,3136.45,3095.70,3110.32
2025.04.04 12:00,3110.34,3111.64,3069.87,3071.17
2025.04.04 13:00,3071.23,3087.40,3059.79,3061.96
2025.04.04 14:00,3061.97,3061.97,3027.13,3038.36
2025.04.04 15:00,3038.38,3050.33,3017.19,3022.02
2025.04.04 16:00,3022.02,3036.89,3017.69,3030.94
2025.04.04 17:00,3030.94,3032.93,3015.93,3025.94
2025.04.04 18:00,3025.94,3027.95,3018.07,3025.50
2025.04.04 19:00,3025.52,3040.96,3022.14,3036.55
2025.04.04 20:00,3036.58,3041.03,3033.86,3036.59
2025.04.06 23:00,3009.94,3016.98,2977.29,2999.78
2025.04.07 00:00,2999.77,3009.52,2973.14,2978.96
2025.04.07 01:00,2978.48,3054.71,2972.21,3038.44
2025.04.07 02:00,3038.41,3055.41,3024.28,3026.14
2025.04.07 03:00,3025.91,3033.92,3017.22,3019.06
2025.04.07 04:00,3018.94,3035.75,3018.94,3035.62
2025.04.07 05:00,3035.62,3044.56,3024.87,3031.89
2025.04.07 06:00,3031.81,3033.57,3016.72,3029.39
2025.04.07 07:00,3029.86,3030.74,3013.33,3018.58
2025.04.07 08:00,3018.58,3035.50,3017.95,3031.19
2025.04.07 09:00,3031.19,3033.48,3019.57,3025.08
2025.04.07 10:00,3025.20,3036.47,3024.09,3031.41
2025.04.07 11:00,3031.41,3046.15,3030.23,3031.14
2025.04.07 12:00,3031.34,3032.82,3014.82,3031.26
2025.04.07 13:00,3031.24,3034.00,3002.25,3015.38
2025.04.07 14:00,3015.42,3037.83,2996.55,2999.37
2025.04.07 15:00,2999.41,3004.68,2980.04,2987.52
2025.04.07 16:00,2987.46,2987.76,2970.21,2970.61
2025.04.07 17:00,2970.64,2975.26,2956.53,2970.07
2025.04.07 18:00,2969.98,2976.66,2964.16,2965.82
2025.04.07 19:00,2965.82,2981.77,2965.40,2976.71
2025.04.07 20:00,2976.79,2986.00,2970.19,2982.32
2025.04.07 23:00,2986.74,2987.39,2978.63,2981.24
2025.04.08 00:00,2981.24,2992.80,2980.42,2985.22
2025.04.08 01:00,2985.35,3003.10,2983.53,2999.88
2025.04.08 02:00,2999.86,3004.88,2998.25,3000.86
2025.04.08 03:00,3000.94,3001.11,2993.08,2994.72
2025.04.08 04:00,2994.72,3002.95,2990.79,3002.32
2025.04.08 05:00,3002.32,3008.29,2999.47,3005.69
2025.04.08 06:00,3005.47,3015.91,3002.46,3013.26
2025.04.08 07:00,3013.61,3013.94,3001.92,3003.78
2025.04.08 08:00,3003.70,3009.33,3001.35,3007.48
2025.04.08 09:00,3007.50,3007.88,2994.82,3006.92
2025.04.08 10:00,3006.85,3010.40,3004.13,3008.92
2025.04.08 11:00,3008.90,3019.40,3008.61,3017.48
2025.04.08 12:00,3017.48,3019.61,3002.46,3002.60
2025.04.08 13:00,3002.62,3022.76,3002.56,3010.51
2025.04.08 14:00,3010.37,3018.13,3005.88,3006.23
2025.04.08 15:00,3006.23,3012.39,3001.22,3001.40
2025.04.08 16:00,3001.49,3001.49,2984.32,2986.09
2025.04.08 17:00,2986.05,2987.55,2974.82,2985.23
2025.04.08 18:00,2985.24,2992.32,2979.31,2983.62
2025.04.08 19:00,2983.58,2987.51,2976.64,2984.95
2025.04.08 20:00,2984.97,2986.55,2976.99,2982.18
2025.04.08 23:00,2982.44,2990.70,2970.00,2978.21
2025.04.09 00:00,2978.48,2987.06,2974.76,2980.35
2025.04.09 01:00,2980.35,3009.83,2972.53,3008.56
2025.04.09 02:00,3008.65,3011.09,2999.99,3002.98
2025.04.09 03:00,3002.99,3009.59,3002.61,3004.46
2025.04.09 04:00,3004.39,3014.07,2999.93,3012.23
2025.04.09 05:00,3012.23,3020.58,3005.47,3015.44
2025.04.09 06:00,3015.61,3040.84,3014.92,3038.96
2025.04.09 07:00,3039.10,3052.29,3034.35,3041.10
2025.04.09 08:00,3041.07,3051.19,3038.38,3044.10
2025.04.09 09:00,3044.09,3049.75,3038.70,3044.93
2025.04.09 10:00,3044.96,3046.99,3038.34,3042.83
2025.04.09 11:00,3042.88,3067.93,3036.36,3066.66
2025.04.09 12:00,3066.77,3073.01,3042.70,3047.42
2025.04.09 13:00,3047.49,3077.94,3047.35,3075.38
2025.04.09 14:00,3075.33,3084.54,3068.49,3070.58
2025.04.09 15:00,3070.58,3087.81,3065.16,3086.34
2025.04.09 16:00,3086.33,3094.82,3082.66,3092.36
2025.04.09 17:00,3092.42,3098.92,3051.25,3060.14
2025.04.09 18:00,3058.65,3073.56,3048.66,3067.11
2025.04.09 19:00,3067.11,3099.48,3064.25,3093.74
2025.04.09 20:00,3093.48,3095.42,3078.04,3082.60
2025.04.09 23:00,3080.31,3088.91,3079.66,3086.78
2025.04.10 00:00,3086.77,3101.43,3081.19,3097.23
2025.04.10 01:00,3097.24,3100.65,3078.43,3094.15
2025.04.10 02:00,3094.15,3120.48,3093.96,3119.40
2025.04.10 03:00,3119.39,3131.58,3115.33,3125.45
2025.04.10 04:00,3125.41,3129.43,3121.05,3125.34
2025.04.10 05:00,3125.34,3132.56,3112.79,3122.52
2025.04.10 06:00,3122.24,3126.39,3118.95,3122.04
2025.04.10 07:00,3122.05,3123.55,3106.66,3108.70
2025.04.10 08:00,3108.70,3115.72,3104.77,3104.97
2025.04.10 09:00,3104.97,3117.86,3103.51,3116.56
2025.04.10 10:00,3116.62,3122.55,3114.33,3119.74
2025.04.10 11:00,3120.19,3125.67,3113.29,3124.72
2025.04.10 12:00,3124.77,3134.11,3116.34,3123.03
2025.04.10 13:00,3123.03,3136.72,3116.19,3116.98
2025.04.10 14:00,3116.89,3154.75,3116.83,3154.68
2025.04.10 15:00,3154.58,3174.91,3154.49,3158.05
2025.04.10 16:00,3158.03,3167.23,3154.18,3158.50
2025.04.10 17:00,3158.50,3165.44,3151.55,3162.82
2025.04.10 18:00,3162.82,3175.63,3157.93,3173.25
2025.04.10 19:00,3173.23,3176.29,3167.97,3170.86
2025.04.10 20:00,3170.84,3176.36,3168.33,3175.36
2025.04.10 23:00,3189.21,3191.24,3183.09,3189.00
2025.04.11 00:00,3188.98,3218.08,3185.02,3205.68
2025.04.11 01:00,3205.62,3219.59,3200.95,3207.17
2025.04.11 02:00,3207.18,3219.73,3206.04,3217.46
2025.04.11 03:00,3217.36,3220.16,3214.08,3217.78
2025.04.11 04:00,3217.78,3218.17,3208.47,3208.56
2025.04.11 05:00,3208.56,3219.01,3187.27,3195.90
2025.04.11 06:00,3195.90,3209.60,3190.20,3196.66
2025.04.11 07:00,3197.29,3213.07,3193.93,3212.44
2025.04.11 08:00,3212.44,3227.24,3208.50,3216.00
2025.04.11 09:00,3216.00,3230.23,3211.90,3227.81
2025.04.11 10:00,3227.87,3237.68,3210.15,3212.63
2025.04.11 11:00,3212.63,3224.81,3211.48,3213.76
2025.04.11 12:00,3213.87,3234.01,3211.13,3233.68
2025.04.11 13:00,3233.80,3244.28,3219.66,3224.01
2025.04.11 14:00,3224.02,3237.71,3223.08,3230.21
2025.04.11 15:00,3230.21,3241.88,3229.49,3240.45
2025.04.11 16:00,3240.46,3245.37,3219.79,3223.29
2025.04.11 17:00,3223.28,3235.52,3223.28,3234.00
2025.04.11 18:00,3233.94,3238.22,3231.21,3235.83
2025.04.11 19:00,3235.77,3235.77,3227.40,3230.90
2025.04.11 20:00,3230.98,3238.82,3230.76,3237.70
2025.04.13 23:00,3221.18,3224.53,3216.82,3223.80
2025.04.14 00:00,3223.77,3227.27,3219.29,3220.85
2025.04.14 01:00,3220.89,3243.50,3215.37,3239.65
2025.04.14 02:00,3239.66,3245.73,3229.60,3232.02
2025.04.14 03:00,3232.02,3234.66,3227.01,3232.39
2025.04.14 04:00,3232.39,3235.68,3226.17,3227.36
2025.04.14 05:00,3227.31,3236.05,3221.28,3234.43
2025.04.14 06:00,3234.38,3238.00,3228.80,3230.94
2025.04.14 07:00,3230.95,3233.61,3224.77,3227.97
2025.04.14 08:00,3227.97,3230.14,3216.51,3226.92
2025.04.14 09:00,3226.93,3231.80,3220.79,3223.97
2025.04.14 10:00,3223.95,3224.65,3206.30,3215.34
2025.04.14 11:00,3215.29,3225.84,3213.96,3223.33
2025.04.14 12:00,3223.38,3227.67,3200.79,3206.59
2025.04.14 13:00,3206.85,3210.75,3193.77,3204.80
2025.04.14 14:00,3204.80,3215.57,3195.27,3211.15
2025.04.14 15:00,3211.12,3211.14,3196.33,3198.12
2025.04.14 16:00,3198.12,3208.32,3197.76,3207.60
2025.04.14 17:00,3207.62,3216.38,3207.15,3214.07
2025.04.14 18:00,3214.06,3214.83,3201.31,3208.09
2025.04.14 19:00,3208.13,3213.06,3207.78,3212.76
2025.04.14 20:00,3212.72,3213.74,3207.37,3210.82
2025.04.14 23:00,3212.20,3214.19,3210.45,3212.60
2025.04.15 00:00,3212.60,3215.23,3210.81,3211.95
2025.04.15 01:00,3211.92,3225.93,3210.03,3223.70
2025.04.15 02:00,3223.70,3224.95,3218.67,3224.43
2025.04.15 03:00,3224.26,3229.07,3223.18,3228.35
2025.04.15 04:00,3228.40,3232.56,3226.85,3231.86
2025.04.15 05:00,3231.83,3232.15,3220.98,3224.62
2025.04.15 06:00,3224.72,3228.71,3223.20,3225.20
2025.04.15 07:00,3225.17,3226.63,3217.35,3225.62
2025.04.15 08:00,3225.68,3232.20,3224.41,3227.64
2025.04.15 09:00,3227.64,3230.11,3221.09,3222.53
2025.04.15 10:00,3222.53,3226.97,3219.60,3220.22
2025.04.15 11:00,3220.26,3224.13,3216.84,3219.97
2025.04.15 12:00,3220.16,3226.17,3214.37,3221.59
2025.04.15 13:00,3221.59,3226.32,3211.65,3213.04
2025.04.15 14:00,3213.03,3226.88,3213.02,3222.65
2025.04.15 15:00,3222.60,3224.08,3216.87,3221.34
2025.04.15 16:00,3221.37,3223.40,3219.53,3221.47
2025.04.15 17:00,3221.47,3230.66,3220.42,3227.94
2025.04.15 18:00,3227.94,3229.65,3225.68,3229.10
2025.04.15 19:00,3229.10,3231.76,3226.19,3229.80
2025.04.15 20:00,3229.83,3233.58,3226.26,3229.56
2025.04.15 23:00,3241.46,3251.84,3238.38,3251.82
2025.04.16 00:00,3251.82,3268.06,3251.68,3264.46
2025.04.16 01:00,3264.47,3275.07,3255.97,3270.09
2025.04.16 02:00,3270.09,3275.38,3266.92,3267.74
2025.04.16 03:00,3267.74,3281.64,3266.53,3281.44
2025.04.16 04:00,3281.50,3287.62,3269.40,3283.74
2025.04.16 05:00,3283.73,3291.76,3283.70,3289.74
2025.04.16 06:00,3289.73,3295.06,3286.07,3291.77
2025.04.16 07:00,3291.77,3300.61,3291.43,3300.44
2025.04.16 08:00,3300.44,3317.78,3288.78,3307.01
2025.04.16 09:00,3307.02,3310.88,3300.05,3303.55
2025.04.16 10:00,3303.55,3306.87,3299.66,3304.22
2025.04.16 11:00,3304.16,3313.60,3292.94,3306.83
2025.04.16 12:00,3306.77,3313.43,3302.55,3307.29
2025.04.16 13:00,3307.28,3316.52,3296.86,3311.66
2025.04.16 14:00,3311.67,3319.48,3306.26,3308.54
2025.04.16 15:00,3308.54,3328.16,3305.42,3325.37
2025.04.16 16:00,3325.37,3332.98,3321.41,3327.36
2025.04.16 17:00,3327.36,3332.80,3324.44,3327.65
2025.04.16 18:00,3328.04,3340.69,3326.42,3338.31
2025.04.16 19:00,3338.32,3342.46,3335.93,3336.45
2025.04.16 20:00,3336.64,3343.04,3334.40,3342.52
2025.04.16 23:00,3351.17,3353.42,3347.02,3350.10
2025.04.17 00:00,3350.05,3351.26,3341.96,3345.33
2025.04.17 01:00,3345.27,3356.22,3320.72,3323.97
2025.04.17 02:00,3323.95,3340.53,3321.14,3340.35
2025.04.17 03:00,3340.39,3344.58,3337.51,3344.50
2025.04.17 04:00,3344.50,3344.50,3337.82,3341.55
2025.04.17 05:00,3341.56,3345.49,3328.47,3329.40
2025.04.17 06:00,3329.40,3333.17,3325.29,3328.94
2025.04.17 07:00,3329.00,3330.19,3314.30,3323.46
2025.04.17 08:00,3323.44,3324.99,3313.06,3324.29
2025.04.17 09:00,3324.29,3326.93,3320.66,3321.68
2025.04.17 10:00,3321.68,3334.01,3321.20,3327.66
2025.04.17 11:00,3327.80,3332.49,3322.46,3327.42
2025.04.17 12:00,3327.41,3342.19,3322.34,3328.14
2025.04.17 13:00,3328.15,3332.08,3312.09,3315.07
2025.04.17 14:00,3315.27,3315.27,3284.09,3291.20
2025.04.17 15:00,3291.29,3304.86,3290.59,3296.34
2025.04.17 16:00,3296.34,3318.75,3294.89,3316.16
2025.04.17 17:00,3316.24,3322.61,3314.29,3318.98
2025.04.17 18:00,3319.02,3320.92,3314.26,3316.39
2025.04.17 19:00,3316.33,3321.85,3310.93,3320.77
2025.04.17 20:00,3320.80,3328.29,3318.01,3326.19
2025.04.20 23:00,3346.52,3351.82,3343.35,3348.15
2025.04.21 00:00,3348.15,3370.69,3347.51,3368.75
2025.04.21 01:00,3368.72,3378.48,3367.39,3377.56
2025.04.21 02:00,3377.56,3385.04,3374.13,3384.81
2025.04.21 03:00,3384.80,3385.33,3378.32,3382.43
2025.04.21 04:00,3382.42,3382.44,3369.32,3376.49
2025.04.21 05:00,3376.48,3385.97,3375.73,3385.49
2025.04.21 06:00,3385.48,3393.27,3382.39,3392.50
2025.04.21 07:00,3392.13,3396.10,3381.87,3384.95
2025.04.21 08:00,3384.96,3394.22,3383.71,3392.79
2025.04.21 09:00,3392.83,3397.08,3390.90,3394.91
2025.04.21 10:00,3394.91,3397.80,3392.03,3394.94
2025.04.21 11:00,3394.66,3405.93,3386.54,3404.45
2025.04.21 12:00,3404.46,3415.77,3398.04,3415.01
2025.04.21 13:00,3414.94,3426.80,3405.22,3420.52
2025.04.21 14:00,3420.46,3430.27,3408.86,3416.75
2025.04.21 15:00,3416.76,3426.16,3408.62,3422.96
2025.04.21 16:00,3422.94,3424.03,3410.18,3414.55
2025.04.21 17:00,3414.54,3422.91,3406.02,3422.51
2025.04.21 18:00,3422.47,3426.69,3417.71,3426.44
2025.04.21 19:00,3426.38,3430.48,3417.46,3423.30
2025.04.21 20:00,3423.47,3427.00,3419.74,3423.90
2025.04.21 23:00,3431.04,3444.41,3429.68,3434.61
2025.04.22 00:00,3434.61,3435.40,3412.37,3425.51
2025.04.22 01:00,3425.51,3454.95,3421.65,3452.92
2025.04.22 02:00,3453.00,3475.92,3442.39,3473.07
2025.04.22 03:00,3472.91,3494.79,3472.04,3487.92
2025.04.22 04:00,3487.92,3488.55,3479.63,3484.54
2025.04.22 05:00,3484.53,3495.54,3473.55,3494.35
2025.04.22 06:00,3494.37,3500.08,3475.35,3479.78
2025.04.22 07:00,3479.77,3480.69,3460.95,3468.62
2025.04.22 08:00,3468.62,3472.66,3443.18,3443.93
2025.04.22 09:00,3443.95,3458.75,3443.94,3454.58
2025.04.22 10:00,3454.58,3468.23,3451.48,3452.48
2025.04.22 11:00,3452.48,3461.37,3448.19,3456.84
2025.04.22 12:00,3456.84,3464.82,3424.55,3431.60
2025.04.22 13:00,3431.47,3449.69,3408.71,3418.92
2025.04.22 14:00,3418.92,3439.10,3418.24,3430.02
2025.04.22 15:00,3430.02,3433.21,3410.37,3417.58
2025.04.22 16:00,3417.63,3421.10,3372.21,3393.00
2025.04.22 17:00,3393.12,3410.27,3386.14,3401.87
2025.04.22 18:00,3401.87,3402.52,3373.20,3381.49
2025.04.22 19:00,3381.49,3385.89,3366.76,3374.52
2025.04.22 20:00,3374.70,3382.86,3373.25,3380.78
2025.04.22 23:00,3328.06,3349.98,3327.06,3336.67
2025.04.23 00:00,3336.67,3371.28,3334.71,3367.96
2025.04.23 01:00,3367.96,3386.65,3358.87,3379.12
2025.04.23 02:00,3379.13,3379.96,3348.64,3354.19
2025.04.23 03:00,3354.16,3355.70,3329.24,3338.94
2025.04.23 04:00,3338.94,3347.25,3335.65,3346.79
2025.04.23 05:00,3346.82,3349.46,3315.90,3319.13
2025.04.23 06:00,3319.14,3326.03,3291.70,3300.87
2025.04.23 07:00,3301.21,3320.53,3301.21,3319.20
2025.04.23 08:00,3319.20,3321.66,3305.61,3321.66
2025.04.23 09:00,3321.56,3340.51,3317.27,3317.65
2025.04.23 10:00,3317.65,3336.26,3316.74,3329.96
2025.04.23 11:00,3330.12,3339.06,3322.01,3324.63
2025.04.23 12:00,3324.63,3333.44,3310.62,3310.82
2025.04.23 13:00,3310.83,3313.76,3271.25,3277.53
2025.04.23 14:00,3277.48,3296.28,3260.78,3287.42
2025.04.23 15:00,3287.42,3294.40,3269.19,3280.32
2025.04.23 16:00,3280.32,3305.74,3279.18,3295.07
2025.04.23 17:00,3295.08,3301.45,3277.77,3281.26
2025.04.23 18:00,3281.37,3287.01,3277.83,3282.86
2025.04.23 19:00,3282.88,3297.18,3282.70,3293.97
2025.04.23 20:00,3293.99,3295.76,3283.94,3287.90
2025.04.23 23:00,3309.17,3316.80,3308.31,3316.36
2025.04.24 00:00,3316.39,3339.08,3313.40,3331.75
2025.04.24 01:00,3331.67,3367.60,3330.82,3357.36
2025.04.24 02:00,3357.35,3363.36,3335.85,3341.97
2025.04.24 03:00,3342.03,3342.58,3320.64,3327.02
2025.04.24 04:00,3327.03,3331.77,3325.84,3326.14
2025.04.24 05:00,3326.20,3335.31,3320.49,3323.80
2025.04.24 06:00,3323.78,3328.19,3314.63,3325.01
2025.04.24 07:00,3324.71,3339.79,3323.22,3333.85
2025.04.24 08:00,3333.78,3341.60,3327.28,3336.10
2025.04.24 09:00,3336.10,3342.74,3325.42,3335.72
2025.04.24 10:00,3335.72,3336.72,3325.68,3329.97
2025.04.24 11:00,3329.90,3343.97,3329.65,3336.99
2025.04.24 12:00,3336.99,3344.66,3335.62,3335.88
2025.04.24 13:00,3335.99,3336.31,3312.65,3315.49
2025.04.24 14:00,3315.49,3330.47,3306.74,3327.57
2025.04.24 15:00,3327.55,3330.51,3319.57,3329.45
2025.04.24 16:00,3329.45,3335.45,3322.42,3331.55
2025.04.24 17:00,3331.55,3338.59,3329.98,3336.82
2025.04.24 18:00,3336.82,3340.28,3333.67,3334.73
2025.04.24 19:00,3334.78,3347.02,3333.40,3342.25
2025.04.24 20:00,3342.26,3349.79,3338.19,3349.06
2025.04.24 23:00,3366.98,3368.15,3347.03,3348.81
2025.04.25 00:00,3348.78,3361.38,3347.25,3357.83
2025.04.25 01:00,3357.80,3363.00,3342.82,3345.58
2025.04.25 02:00,3345.60,3353.35,3344.61,3348.81
2025.04.25 03:00,3348.81,3354.18,3322.56,3323.58
2025.04.25 04:00,3323.58,3327.76,3316.33,3324.79
2025.04.25 05:00,3324.79,3327.09,3287.04,3294.44
2025.04.25 06:00,3294.55,3306.41,3287.53,3304.49
2025.04.25 07:00,3304.50,3314.53,3303.13,3307.46
2025.04.25 08:00,3307.30,3307.93,3292.01,3303.76
2025.04.25 09:00,3303.75,3308.94,3292.06,3292.21
2025.04.25 10:00,3292.12,3306.37,3292.03,3297.98
2025.04.25 11:00,3298.02,3300.98,3288.01,3293.59
2025.04.25 12:00,3293.50,3303.12,3291.15,3292.70
2025.04.25 13:00,3292.72,3293.01,3265.19,3281.23
2025.04.25 14:00,3280.98,3287.28,3274.69,3278.02
2025.04.25 15:00,3278.04,3285.61,3270.22,3283.02
2025.04.25 16:00,3283.21,3287.65,3280.41,3285.36
2025.04.25 17:00,3285.41,3295.11,3281.85,3293.33
2025.04.25 18:00,3293.25,3297.13,3288.39,3288.41
2025.04.25 19:00,3288.50,3312.45,3287.86,3304.77
2025.04.25 20:00,3304.87,3319.08,3304.76,3318.79
2025.04.27 23:00,3310.68,3318.17,3298.59,3302.70
2025.04.28 00:00,3302.68,3315.95,3301.83,3314.03
2025.04.28 01:00,3314.03,3315.03,3279.07,3280.99
2025.04.28 02:00,3280.91,3286.51,3267.92,3281.07
2025.04.28 03:00,3280.90,3295.32,3280.54,3290.89
2025.04.28 04:00,3290.89,3299.14,3288.61,3298.97
2025.04.28 05:00,3299.16,3300.99,3287.94,3295.05
2025.04.28 06:00,3295.21,3296.54,3282.00,3283.32
2025.04.28 07:00,3283.35,3292.46,3277.69,3287.48
2025.04.28 08:00,3287.47,3288.55,3279.23,3282.62
2025.04.28 09:00,3282.62,3287.30,3274.57,3274.58
2025.04.28 10:00,3274.58,3291.96,3273.21,3289.63
2025.04.28 11:00,3289.60,3297.24,3284.96,3294.20
2025.04.28 12:00,3294.24,3302.38,3292.83,3296.05
2025.04.28 13:00,3296.03,3301.08,3286.94,3293.13
2025.04.28 14:00,3293.11,3332.97,3293.11,3328.59
2025.04.28 15:00,3328.61,3335.98,3319.01,3325.05
2025.04.28 16:00,3325.02,3339.19,3324.53,3336.64
2025.04.28 17:00,3336.64,3340.07,3333.21,3335.37
2025.04.28 18:00,3335.36,3350.02,3333.98,3349.01
2025.04.28 19:00,3349.01,3353.00,3345.59,3352.09
2025.04.28 20:00,3352.09,3352.26,3342.07,3343.40
2025.04.28 23:00,3337.97,3342.83,3333.75,3337.68
2025.04.29 00:00,3337.94,3339.08,3327.74,3329.92
2025.04.29 01:00,3329.96,3339.94,3322.81,3326.48
2025.04.29 02:00,3326.48,3333.96,3319.70,3320.59
2025.04.29 03:00,3320.56,3321.65,3307.92,3315.87
2025.04.29 04:00,3316.00,3318.05,3306.66,3309.30
2025.04.29 05:00,3309.28,3316.57,3305.04,3310.28
2025.04.29 06:00,3310.28,3323.94,3308.93,3318.76
2025.04.29 07:00,3318.72,3323.19,3312.34,3322.83
2025.04.29 08:00,3323.07,3324.89,3311.73,3311.89
2025.04.29 09:00,3311.86,3315.97,3308.77,3309.25
2025.04.29 10:00,3309.09,3315.70,3306.22,3312.95
2025.04.29 11:00,3312.90,3316.06,3307.99,3309.40
2025.04.29 12:00,3309.40,3314.69,3300.48,3312.86
2025.04.29 13:00,3312.86,3321.30,3299.81,3306.74
2025.04.29 14:00,3306.77,3317.77,3299.73,3314.58
2025.04.29 15:00,3314.64,3315.71,3305.24,3312.46
2025.04.29 16:00,3312.46,3330.07,3312.20,3328.76
2025.04.29 17:00,3328.76,3329.72,3314.19,3314.35
2025.04.29 18:00,3314.35,3320.08,3313.27,3319.95
2025.04.29 19:00,3319.95,3325.01,3317.96,3320.60
2025.04.29 20:00,3320.52,3323.49,3316.51,3316.68
2025.04.29 23:00,3318.98,3319.32,3311.01,3317.07
2025.04.30 00:00,3317.20,3328.10,3311.49,3313.22
2025.04.30 01:00,3313.22,3322.80,3307.80,3308.10
2025.04.30 02:00,3308.09,3313.14,3305.01,3306.68
2025.04.30 03:00,3306.68,3311.30,3303.68,3304.60
2025.04.30 04:00,3304.62,3308.91,3301.29,3307.91
2025.04.30 05:00,3307.95,3314.71,3307.62,3309.64
2025.04.30 06:00,3309.54,3311.30,3304.94,3305.94
2025.04.30 07:00,3305.94,3314.56,3303.07,3307.19
2025.04.30 08:00,3307.18,3307.65,3280.34,3284.46
2025.04.30 09:00,3284.46,3286.92,3275.06,3275.97
2025.04.30 10:00,3276.05,3280.88,3271.84,3272.61
2025.04.30 11:00,3272.61,3281.64,3268.32,3271.85
2025.04.30 12:00,3272.38,3304.88,3266.97,3298.65
2025.04.30 13:00,3298.70,3319.78,3296.20,3309.31
2025.04.30 14:00,3309.26,3313.78,3293.00,3310.07
2025.04.30 15:00,3309.98,3314.63,3299.04,3308.06
2025.04.30 16:00,3308.06,3314.28,3307.19,3310.84
2025.04.30 17:00,3310.79,3313.60,3304.98,3305.29
2025.04.30 18:00,3305.24,3307.77,3300.40,3301.73
2025.04.30 19:00,3301.87,3305.71,3292.17,3295.90
2025.04.30 20:00,3295.84,3297.92,3283.10,3287.90
2025.04.30 23:00,3274.16,3285.18,3269.73,3272.80
2025.05.01 00:00,3273.00,3276.35,3242.00,3246.54
2025.05.01 01:00,3246.50,3251.29,3234.38,3238.82
2025.05.01 02:00,3238.89,3251.73,3235.16,3241.54
2025.05.01 03:00,3241.50,3242.56,3228.87,3229.46
2025.05.01 04:00,3229.56,3231.94,3221.29,3226.63
2025.05.01 05:00,3226.63,3238.80,3223.38,3236.67
2025.05.01 06:00,3236.67,3243.22,3233.83,3235.74
2025.05.01 07:00,3235.74,3237.08,3226.10,3230.12
2025.05.01 08:00,3230.12,3236.67,3229.94,3235.21
2025.05.01 09:00,3235.21,3236.23,3216.34,3218.58
2025.05.01 10:00,3218.52,3225.29,3213.54,3222.61
2025.05.01 11:00,3222.99,3227.10,3203.46,3205.62
2025.05.01 12:00,3205.56,3232.71,3202.11,3226.92
2025.05.01 13:00,3226.85,3234.37,3219.89,3225.59
2025.05.01 14:00,3225.59,3232.49,3215.32,3220.08
2025.05.01 15:00,3220.08,3222.85,3205.96,3217.41
2025.05.01 16:00,3217.28,3221.72,3209.97,3220.63
2025.05.01 17:00,3220.63,3221.91,3210.86,3215.66
2025.05.01 18:00,3215.66,3227.88,3213.92,3224.90
2025.05.01 19:00,3224.90,3230.75,3224.90,3229.18
2025.05.01 20:00,3229.18,3240.72,3229.06,3239.73
2025.05.01 23:00,3239.29,3242.85,3236.13,3238.66
2025.05.02 00:00,3238.66,3245.57,3228.82,3232.73
2025.05.02 01:00,3232.63,3238.81,3232.63,3237.70
2025.05.02 02:00,3237.78,3250.63,3237.20,3249.46
2025.05.02 03:00,3249.46,3259.97,3247.20,3256.32
2025.05.02 04:00,3256.26,3258.82,3251.87,3253.21
2025.05.02 05:00,3252.97,3258.20,3250.96,3253.16
2025.05.02 06:00,3253.16,3263.71,3247.75,3254.22
2025.05.02 07:00,3254.22,3264.72,3252.92,3260.38
2025.05.02 08:00,3260.38,3262.92,3256.68,3259.50
2025.05.02 09:00,3259.50,3268.46,3256.50,3266.58
2025.05.02 10:00,3266.59,3267.01,3258.75,3260.83
2025.05.02 11:00,3260.82,3270.61,3259.51,3264.07
2025.05.02 12:00,3264.06,3266.25,3251.73,3251.82
2025.05.02 13:00,3251.77,3260.99,3240.85,3251.89
2025.05.02 14:00,3251.80,3264.53,3243.57,3262.88
2025.05.02 15:00,3262.88,3264.27,3230.31,3231.60
2025.05.02 16:00,3231.63,3236.35,3222.85,3224.93
2025.05.02 17:00,3224.93,3239.86,3223.56,3231.46
2025.05.02 18:00,3231.46,3232.49,3224.28,3226.40
2025.05.02 19:00,3226.40,3234.61,3226.35,3233.61
2025.05.02 20:00,3233.68,3241.30,3232.74,3240.65
2025.05.04 23:00,3239.84,3252.34,3238.87,3247.95
2025.05.05 00:00,3248.05,3248.55,3241.11,3246.72
2025.05.05 01:00,3246.72,3271.04,3246.53,3264.63
2025.05.05 02:00,3264.63,3272.46,3259.76,3270.08
2025.05.05 03:00,3269.90,3271.33,3253.01,3254.55
2025.05.05 04:00,3254.45,3259.51,3253.60,3256.56
2025.05.05 05:00,3256.50,3261.98,3254.07,3259.68
2025.05.05 06:00,3259.68,3265.73,3256.87,3261.70
2025.05.05 07:00,3262.16,3267.85,3258.73,3264.74
2025.05.05 08:00,3264.70,3282.99,3263.19,3282.45
2025.05.05 09:00,3282.75,3309.00,3282.31,3308.59
2025.05.05 10:00,3308.73,3318.66,3308.55,3313.33
2025.05.05 11:00,3313.34,3319.00,3311.39,3313.01
2025.05.05 12:00,3312.90,3322.58,3312.90,3319.64
2025.05.05 13:00,3319.63,3321.01,3311.97,3315.08
2025.05.05 14:00,3315.10,3328.77,3309.89,3312.69
2025.05.05 15:00,3312.73,3317.96,3309.06,3312.07
2025.05.05 16:00,3312.03,3313.66,3305.64,3309.85
2025.05.05 17:00,3309.84,3318.21,3309.21,3317.14
2025.05.05 18:00,3317.13,3323.58,3313.92,3323.23
2025.05.05 19:00,3323.24,3337.60,3322.84,3328.71
2025.05.05 20:00,3328.71,3334.37,3328.71,3333.89
2025.05.05 23:00,3330.77,3335.01,3328.97,3334.06
2025.05.06 00:00,3334.06,3334.29,3323.44,3329.70
2025.05.06 01:00,3329.70,3381.77,3329.70,3379.59
2025.05.06 02:00,3379.60,3386.89,3356.48,3358.33
2025.05.06 03:00,3358.37,3372.35,3352.44,3360.29
2025.05.06 04:00,3360.29,3366.08,3356.09,3363.06
2025.05.06 05:00,3363.08,3363.83,3350.21,3362.03
2025.05.06 06:00,3361.35,3367.92,3358.75,3364.74
2025.05.06 07:00,3364.73,3379.59,3364.73,3371.31
2025.05.06 08:00,3371.61,3383.15,3368.57,3377.15
2025.05.06 09:00,3377.15,3383.18,3371.44,3383.14
2025.05.06 10:00,3383.11,3383.78,3376.71,3383.65
2025.05.06 11:00,3383.67,3385.03,3373.80,3379.14
2025.05.06 12:00,3379.21,3392.38,3373.12,3391.06
2025.05.06 13:00,3391.07,3397.62,3387.81,3391.85
2025.05.06 14:00,3391.82,3398.19,3378.26,3386.33
2025.05.06 15:00,3386.30,3399.85,3385.38,3395.10
2025.05.06 16:00,3395.10,3411.67,3394.71,3408.80
2025.05.06 17:00,3408.86,3417.82,3407.57,3414.00
2025.05.06 18:00,3414.00,3417.51,3410.22,3415.66
2025.05.06 19:00,3415.66,3424.12,3412.63,3423.15
2025.05.06 20:00,3423.16,3434.72,3419.26,3431.39
2025.05.06 23:00,3381.90,3404.55,3377.27,3400.69
2025.05.07 00:00,3400.76,3401.50,3360.90,3379.73
2025.05.07 01:00,3379.37,3385.11,3360.15,3374.76
2025.05.07 02:00,3374.63,3393.76,3372.03,3390.59
2025.05.07 03:00,3390.51,3392.52,3369.94,3375.49
2025.05.07 04:00,3375.49,3387.42,3375.08,3382.09
2025.05.07 05:00,3382.13,3389.43,3378.60,3387.83
2025.05.07 06:00,3387.85,3395.88,3387.42,3392.50
2025.05.07 07:00,3392.50,3397.46,3383.83,3388.00
2025.05.07 08:00,3388.04,3388.66,3378.22,3382.87
2025.05.07 09:00,3382.82,3385.19,3369.67,3370.08
2025.05.07 10:00,3369.99,3393.38,3369.31,3391.34
2025.05.07 11:00,3391.33,3391.49,3383.67,3386.99
2025.05.07 12:00,3387.01,3393.86,3384.07,3390.92
2025.05.07 13:00,3390.92,3398.12,3381.52,3394.33
2025.05.07 14:00,3394.37,3394.75,3375.74,3385.76
2025.05.07 15:00,3385.75,3389.60,3381.99,3385.11
2025.05.07 16:00,3385.18,3389.75,3378.76,3386.87
2025.05.07 17:00,3386.87,3389.77,3383.75,3385.77
2025.05.07 18:00,3384.27,3397.98,3376.01,3384.64
2025.05.07 19:00,3384.96,3386.92,3363.75,3372.09
2025.05.07 20:00,3371.94,3374.60,3363.53,3364.19
2025.05.07 23:00,3370.05,3377.09,3369.63,3376.42
2025.05.08 00:00,3376.42,3386.88,3373.79,3380.36
2025.05.08 01:00,3380.53,3409.75,3379.13,3409.09
2025.05.08 02:00,3408.64,3414.68,3402.10,3402.10
2025.05.08 03:00,3402.05,3408.38,3395.65,3396.86
2025.05.08 04:00,3396.83,3399.29,3381.97,3382.10
2025.05.08 05:00,3382.10,3384.18,3354.79,3355.24
2025.05.08 06:00,3355.24,3361.95,3320.35,3329.93
2025.05.08 07:00,3329.93,3349.29,3327.30,3342.95
2025.05.08 08:00,3342.94,3344.24,3337.14,3339.34
2025.05.08 09:00,3339.37,3344.31,3331.33,3332.05
2025.05.08 10:00,3332.06,3346.71,3330.42,3342.53
2025.05.08 11:00,3342.53,3345.56,3339.30,3344.32
2025.05.08 12:00,3344.31,3358.60,3343.00,3356.20
2025.05.08 13:00,3356.12,3369.38,3354.68,3356.09
2025.05.08 14:00,3356.04,3362.92,3350.81,3356.48
2025.05.08 15:00,3356.49,3360.06,3326.66,3330.76
2025.05.08 16:00,3330.68,3330.68,3304.40,3310.31
2025.05.08 17:00,3310.36,3311.19,3297.74,3308.35
2025.05.08 18:00,3308.32,3310.93,3305.66,3308.41
2025.05.08 19:00,3308.41,3309.98,3288.71,3306.42
2025.05.08 20:00,3306.35,3310.82,3303.62,3305.66
2025.05.08 23:00,3323.69,3324.01,3312.24,3316.34
2025.05.09 00:00,3316.34,3323.03,3308.85,3322.15
2025.05.09 01:00,3322.19,3322.49,3286.75,3291.20
2025.05.09 02:00,3291.25,3308.61,3274.66,3308.34
2025.05.09 03:00,3308.34,3313.41,3299.67,3308.11
2025.05.09 04:00,3308.20,3327.47,3308.16,3324.62
2025.05.09 05:00,3324.62,3330.27,3312.89,3321.45
2025.05.09 06:00,3321.45,3326.81,3315.30,3325.55
2025.05.09 07:00,3325.47,3332.27,3322.45,3327.24
2025.05.09 08:00,3327.31,3328.97,3320.27,3328.58
2025.05.09 09:00,3328.58,3329.28,3323.52,3325.21
2025.05.09 10:00,3325.10,3329.95,3322.00,3323.40
2025.05.09 11:00,3323.40,3338.36,3323.32,3333.04
2025.05.09 12:00,3333.04,3335.71,3329.02,3333.65
2025.05.09 13:00,3333.66,3340.43,3328.78,3330.77
2025.05.09 14:00,3330.76,3341.12,3320.33,3337.15
2025.05.09 15:00,3337.18,3346.12,3336.12,3345.08
2025.05.09 16:00,3345.27,3347.56,3336.34,3336.81
2025.05.09 17:00,3336.81,3342.57,3336.02,3340.95
2025.05.09 18:00,3340.97,3342.97,3336.21,3338.70
2025.05.09 19:00,3338.74,3339.83,3325.48,3328.78
2025.05.09 20:00,3328.83,3330.32,3324.10,3324.66
2025.05.11 23:00,3272.57,3289.00,3265.89,3287.52
2025.05.12 00:00,3287.58,3289.95,3272.10,3279.11
2025.05.12 01:00,3279.20,3282.11,3258.94,3271.91
2025.05.12 02:00,3271.91,3279.73,3269.51,3272.12
2025.05.12 03:00,3272.05,3284.65,3270.52,3283.32
2025.05.12 04:00,3283.32,3283.63,3275.66,3278.81
2025.05.12 05:00,3278.92,3279.63,3268.53,3276.13
2025.05.12 06:00,3276.10,3281.62,3273.05,3277.41
2025.05.12 07:00,3277.41,3277.83,3216.13,3222.92
2025.05.12 08:00,3222.86,3234.40,3220.80,3231.49
2025.05.12 09:00,3231.57,3231.57,3213.07,3214.57
2025.05.12 10:00,3215.19,3219.47,3207.76,3208.04
2025.05.12 11:00,3208.09,3229.23,3207.91,3224.87
2025.05.12 12:00,3224.70,3233.97,3220.41,3233.74
2025.05.12 13:00,3233.62,3248.72,3231.87,3240.84
2025.05.12 14:00,3240.82,3247.83,3233.52,3237.60
2025.05.12 15:00,3237.62,3244.06,3232.78,3239.39
2025.05.12 16:00,3239.27,3240.08,3223.25,3224.26
2025.05.12 17:00,3224.26,3227.58,3221.15,3223.30
2025.05.12 18:00,3223.30,3230.06,3220.36,3229.61
2025.05.12 19:00,3229.61,3238.83,3228.82,3235.49
2025.05.12 20:00,3235.43,3238.42,3232.55,3235.01
2025.05.12 23:00,3233.92,3240.07,3233.45,3236.86
2025.05.13 00:00,3236.84,3243.34,3233.81,3239.94
2025.05.13 01:00,3239.88,3243.34,3215.86,3225.19
2025.05.13 02:00,3225.19,3241.31,3223.18,3228.83
2025.05.13 03:00,3228.83,3238.43,3228.21,3236.73
2025.05.13 04:00,3236.73,3253.41,3234.96,3252.59
2025.05.13 05:00,3252.59,3260.66,3251.21,3256.54
2025.05.13 06:00,3256.54,3265.66,3247.37,3261.98
2025.05.13 07:00,3262.16,3265.00,3254.33,3259.02
2025.05.13 08:00,3259.12,3261.13,3250.41,3255.62
2025.05.13 09:00,3255.60,3256.63,3250.58,3253.35
2025.05.13 10:00,3253.35,3256.28,3251.10,3252.83
2025.05.13 11:00,3252.91,3258.63,3248.71,3249.16
2025.05.13 12:00,3249.16,3249.82,3237.36,3242.13
2025.05.13 13:00,3241.78,3246.90,3227.30,3227.47
2025.05.13 14:00,3227.50,3248.70,3225.46,3242.72
2025.05.13 15:00,3242.72,3255.90,3242.06,3253.48
2025.05.13 16:00,3253.34,3257.89,3248.66,3251.08
2025.05.13 17:00,3250.95,3252.65,3242.08,3247.13
2025.05.13 18:00,3247.13,3250.88,3245.82,3248.76
2025.05.13 19:00,3248.91,3251.12,3246.35,3249.32
2025.05.13 20:00,3249.28,3254.70,3248.04,3250.00
2025.05.13 23:00,3254.53,3257.09,3252.07,3254.30
2025.05.14 00:00,3254.30,3254.58,3240.54,3243.74
2025.05.14 01:00,3243.78,3251.90,3237.39,3238.93
2025.05.14 02:00,3238.93,3241.52,3229.66,3232.74
2025.05.14 03:00,3232.74,3233.57,3226.20,3228.41
2025.05.14 04:00,3228.41,3230.33,3222.34,3223.86
2025.05.14 05:00,3223.86,3234.31,3221.81,3233.69
2025.05.14 06:00,3233.87,3236.68,3227.72,3228.63
2025.05.14 07:00,3228.78,3238.82,3224.30,3238.07
2025.05.14 08:00,3237.85,3243.57,3230.47,3232.60
2025.05.14 09:00,3232.51,3236.53,3229.16,3232.33
2025.05.14 10:00,3232.30,3236.51,3229.64,3235.67
2025.05.14 11:00,3235.67,3239.15,3219.51,3220.16
2025.05.14 12:00,3220.17,3222.49,3184.18,3184.80
2025.05.14 13:00,3184.79,3198.29,3174.91,3191.46
2025.05.14 14:00,3191.43,3194.31,3179.43,3181.89
2025.05.14 15:00,3181.92,3186.69,3179.17,3182.62
2025.05.14 16:00,3182.62,3190.91,3173.80,3188.50
2025.05.14 17:00,3188.53,3190.51,3180.94,3181.92
2025.05.14 18:00,3181.92,3183.05,3171.73,3171.86
2025.05.14 19:00,3171.86,3181.53,3168.02,3180.66
2025.05.14 20:00,3180.61,3183.16,3176.67,3177.46
2025.05.14 23:00,3182.72,3187.26,3181.23,3186.13
2025.05.15 00:00,3186.08,3187.86,3180.19,3187.74
2025.05.15 01:00,3187.63,3192.68,3171.32,3172.39
2025.05.15 02:00,3172.39,3175.47,3150.17,3154.18
2025.05.15 03:00,3154.22,3157.03,3148.32,3150.60
2025.05.15 04:00,3150.44,3152.60,3135.50,3138.57
2025.05.15 05:00,3138.67,3142.98,3123.61,3128.95
2025.05.15 06:00,3128.98,3153.90,3120.92,3149.87
2025.05.15 07:00,3149.87,3152.02,3130.72,3142.33
2025.05.15 08:00,3142.18,3164.27,3139.14,3162.60
2025.05.15 09:00,3162.60,3171.63,3159.28,3165.30
2025.05.15 10:00,3165.30,3179.06,3164.14,3178.32
2025.05.15 11:00,3178.31,3180.18,3172.51,3179.20
2025.05.15 12:00,3179.19,3189.88,3177.57,3188.93
2025.05.15 13:00,3188.91,3199.77,3185.21,3192.27
2025.05.15 14:00,3192.21,3207.22,3190.46,3205.46
2025.05.15 15:00,3205.44,3220.05,3204.72,3219.81
2025.05.15 16:00,3219.84,3222.71,3215.92,3222.46
2025.05.15 17:00,3222.49,3229.13,3216.46,3221.20
2025.05.15 18:00,3221.28,3225.99,3219.85,3223.29
2025.05.15 19:00,3223.38,3232.70,3222.37,3231.88
2025.05.15 20:00,3231.98,3240.41,3231.07,3239.57
2025.05.15 23:00,3251.16,3251.20,3236.54,3237.13
2025.05.16 00:00,3237.13,3243.94,3232.06,3243.09
2025.05.16 01:00,3243.09,3244.44,3214.95,3222.37
2025.05.16 02:00,3222.32,3227.55,3212.84,3215.43
2025.05.16 03:00,3215.43,3217.37,3206.47,3211.93
2025.05.16 04:00,3211.73,3222.42,3211.73,3219.63
2025.05.16 05:00,3219.54,3222.26,3211.89,3218.61
2025.05.16 06:00,3218.61,3231.18,3212.85,3214.91
2025.05.16 07:00,3214.91,3218.03,3205.20,3207.58
2025.05.16 08:00,3207.56,3209.30,3195.64,3207.38
2025.05.16 09:00,3207.36,3212.90,3203.74,3209.23
2025.05.16 10:00,3209.27,3211.00,3169.08,3175.55
2025.05.16 11:00,3176.02,3179.21,3154.28,3163.10
2025.05.16 12:00,3163.10,3182.04,3154.85,3177.47
2025.05.16 13:00,3177.50,3186.65,3169.47,3180.84
2025.05.16 14:00,3180.84,3188.08,3166.26,3173.28
2025.05.16 15:00,3173.29,3185.13,3172.78,3183.55
2025.05.16 16:00,3182.98,3189.76,3180.53,3189.35
2025.05.16 17:00,3189.35,3192.19,3183.44,3189.44
2025.05.16 18:00,3189.44,3191.21,3184.85,3187.46
2025.05.16 19:00,3187.52,3195.76,3187.52,3192.61
2025.05.16 20:00,3192.59,3204.84,3192.17,3202.86
2025.05.18 23:00,3239.05,3245.21,3226.68,3234.82
2025.05.19 00:00,3234.83,3249.77,3233.52,3246.50
2025.05.19 01:00,3246.54,3246.60,3214.62,3218.38
2025.05.19 02:00,3218.28,3230.05,3217.14,3228.48
2025.05.19 03:00,3228.68,3230.52,3208.21,3212.22
2025.05.19 04:00,3212.22,3218.11,3206.63,3215.90
2025.05.19 05:00,3215.90,3224.33,3214.98,3223.95
2025.05.19 06:00,3224.03,3231.61,3220.28,3224.17
2025.05.19 07:00,3224.24,3234.54,3224.09,3232.44
2025.05.19 08:00,3232.41,3244.96,3230.03,3244.46
2025.05.19 09:00,3244.46,3247.63,3233.65,3242.03
2025.05.19 10:00,3242.03,3245.30,3234.13,3241.76
2025.05.19 11:00,3241.64,3248.50,3239.09,3243.86
2025.05.19 12:00,3243.86,3244.45,3228.91,3229.32
2025.05.19 13:00,3229.30,3241.62,3224.65,3230.04
2025.05.19 14:00,3230.06,3236.19,3217.17,3234.03
2025.05.19 15:00,3234.01,3239.81,3229.52,3231.60
2025.05.19 16:00,3231.61,3234.28,3228.13,3231.85
2025.05.19 17:00,3231.82,3233.21,3225.57,3226.45
2025.05.19 18:00,3226.45,3235.20,3225.34,3233.50
2025.05.19 19:00,3233.50,3235.83,3231.58,3233.03
2025.05.19 20:00,3233.09,3233.71,3228.05,3229.54
2025.05.19 23:00,3227.01,3227.40,3218.98,3222.46
2025.05.20 00:00,3222.97,3224.12,3214.26,3222.74
2025.05.20 01:00,3222.74,3232.79,3220.50,3221.25
2025.05.20 02:00,3221.48,3223.01,3206.48,3206.69
2025.05.20 03:00,3206.74,3214.17,3204.62,3211.51
2025.05.20 04:00,3211.43,3218.05,3211.29,3217.19
2025.05.20 05:00,3217.19,3219.81,3209.89,3213.87
2025.05.20 06:00,3213.92,3219.22,3208.41,3209.78
2025.05.20 07:00,3209.78,3225.41,3207.99,3222.83
2025.05.20 08:00,3222.83,3235.92,3218.27,3235.88
2025.05.20 09:00,3235.85,3239.45,3230.59,3236.37
2025.05.20 10:00,3236.33,3238.38,3231.91,3235.29
2025.05.20 11:00,3235.33,3241.62,3235.21,3241.28
2025.05.20 12:00,3241.29,3250.53,3234.42,3242.81
2025.05.20 13:00,3242.81,3261.89,3233.09,3261.25
2025.05.20 14:00,3261.25,3285.77,3260.77,3282.54
2025.05.20 15:00,3282.54,3283.56,3273.40,3277.32
2025.05.20 16:00,3277.26,3282.59,3275.20,3278.85
2025.05.20 17:00,3278.81,3287.91,3278.38,3286.46
2025.05.20 18:00,3286.46,3289.64,3284.22,3287.68
2025.05.20 19:00,3287.55,3295.13,3287.17,3294.10
2025.05.20 20:00,3294.10,3295.76,3289.25,3289.38
2025.05.20 23:00,3296.79,3296.81,3288.62,3290.69
2025.05.21 00:00,3290.65,3304.12,3288.97,3303.46
2025.05.21 01:00,3303.46,3314.55,3285.54,3294.57
2025.05.21 02:00,3294.64,3305.19,3289.31,3301.73
2025.05.21 03:00,3301.73,3309.74,3299.27,3307.52
2025.05.21 04:00,3307.51,3308.24,3301.14,3302.07
2025.05.21 05:00,3302.08,3319.60,3298.35,3316.34
2025.05.21 06:00,3316.34,3320.62,3310.89,3320.10
2025.05.21 07:00,3320.09,3320.12,3307.84,3309.98
2025.05.21 08:00,3309.87,3312.30,3303.95,3308.45
2025.05.21 09:00,3308.45,3313.58,3307.12,3313.58
2025.05.21 10:00,3313.58,3318.32,3308.69,3311.81
2025.05.21 11:00,3312.03,3316.39,3306.60,3311.23
2025.05.21 12:00,3311.22,3312.65,3290.96,3302.66
2025.05.21 13:00,3302.66,3309.51,3295.38,3303.71
2025.05.21 14:00,3303.69,3307.79,3295.28,3304.40
2025.05.21 15:00,3304.40,3315.26,3303.60,3311.95
2025.05.21 16:00,3311.98,3314.70,3302.72,3303.08
2025.05.21 17:00,3303.05,3316.45,3302.76,3316.43
2025.05.21 18:00,3316.43,3316.51,3312.01,3314.39
2025.05.21 19:00,3314.39,3324.86,3314.39,3318.34
2025.05.21 20:00,3318.28,3319.76,3313.17,3314.88
2025.05.21 23:00,3317.97,3324.18,3317.72,3320.10
2025.05.22 00:00,3320.10,3326.13,3319.43,3323.85
2025.05.22 01:00,3323.78,3342.90,3320.33,3337.95
2025.05.22 02:00,3338.02,3344.77,3336.45,3341.14
2025.05.22 03:00,3341.16,3345.44,3334.93,3335.36
2025.05.22 04:00,3335.35,3339.04,3332.75,3338.47
2025.05.22 05:00,3338.47,3339.36,3326.29,3332.34
2025.05.22 06:00,3332.39,3335.67,3325.46,3326.46
2025.05.22 07:00,3326.48,3331.18,3322.58,3327.63
2025.05.22 08:00,3327.63,3329.94,3310.19,3311.30
2025.05.22 09:00,3311.30,3313.88,3304.23,3304.76
2025.05.22 10:00,3304.76,3307.52,3288.55,3289.67
2025.05.22 11:00,3289.67,3314.77,3283.04,3314.57
2025.05.22 12:00,3314.48,3314.56,3300.95,3304.09
2025.05.22 13:00,3304.26,3315.74,3287.21,3287.68
2025.05.22 14:00,3287.67,3304.52,3279.65,3296.98
2025.05.22 15:00,3296.97,3298.71,3281.42,3294.61
2025.05.22 16:00,3294.59,3304.94,3291.09,3301.65
2025.05.22 17:00,3301.65,3301.84,3290.05,3296.50
2025.05.22 18:00,3296.54,3298.86,3292.34,3293.88
2025.05.22 19:00,3293.98,3297.17,3289.08,3290.24
2025.05.22 20:00,3290.19,3295.43,3289.56,3294.92
2025.05.22 23:00,3297.69,3302.04,3297.41,3299.97
2025.05.23 00:00,3300.00,3308.92,3287.09,3301.05
2025.05.23 01:00,3301.03,3306.43,3295.92,3305.12
2025.05.23 02:00,3305.31,3305.34,3290.91,3296.87
2025.05.23 03:00,3296.87,3303.45,3296.47,3302.08
2025.05.23 04:00,3302.04,3316.16,3301.96,3313.57
2025.05.23 05:00,3313.52,3325.66,3312.54,3323.91
2025.05.23 06:00,3323.91,3331.97,3323.08,3331.07
2025.05.23 07:00,3331.07,3334.35,3326.73,3329.25
2025.05.23 08:00,3329.27,3329.48,3322.63,3326.40
2025.05.23 09:00,3326.40,3334.06,3324.90,3328.66
2025.05.23 10:00,3328.62,3331.91,3323.48,3328.62
2025.05.23 11:00,3328.62,3349.71,3324.44,3348.03
2025.05.23 12:00,3348.10,3360.49,3344.90,3357.13
2025.05.23 13:00,3357.02,3364.70,3337.09,3340.16
2025.05.23 14:00,3340.01,3359.67,3336.56,3359.28
2025.05.23 15:00,3359.29,3362.46,3352.12,3361.74
2025.05.23 16:00,3361.68,3364.61,3357.18,3359.01
2025.05.23 17:00,3359.03,3365.95,3356.34,3362.73
2025.05.23 18:00,3362.73,3365.91,3361.13,3362.01
2025.05.23 19:00,3362.01,3365.74,3358.29,3360.68
2025.05.23 20:00,3360.71,3361.72,3355.16,3357.21
2025.05.25 23:00,3344.52,3350.68,3341.33,3342.63
2025.05.26 00:00,3342.65,3346.15,3331.41,3341.75
2025.05.26 01:00,3342.03,3347.58,3335.55,3344.90
2025.05.26 02:00,3344.98,3356.73,3343.26,3348.10
2025.05.26 03:00,3348.09,3349.89,3344.31,3347.66
2025.05.26 04:00,3347.64,3351.16,3346.35,3349.82
2025.05.26 05:00,3349.82,3351.80,3344.29,3347.48
2025.05.26 06:00,3347.37,3347.58,3337.15,3337.24
2025.05.26 07:00,3337.21,3338.77,3332.18,3337.38
2025.05.26 08:00,3337.45,3339.65,3331.14,3334.39
2025.05.26 09:00,3334.60,3336.24,3323.68,3328.65
2025.05.26 10:00,3328.67,3333.55,3328.67,3331.50
2025.05.26 11:00,3331.50,3334.55,3329.28,3333.20
2025.05.26 12:00,3333.20,3335.04,3326.34,3334.47
2025.05.26 13:00,3334.47,3338.91,3331.46,3338.41
2025.05.26 14:00,3338.41,3341.71,3335.65,3337.31
2025.05.26 15:00,3337.31,3339.72,3336.87,3337.91
2025.05.26 16:00,3337.96,3343.63,3337.55,3342.11
2025.05.26 17:00,3342.11,3343.17,3340.54,3341.24
2025.05.26 18:00,3341.24,3343.12,3341.00,3342.39
2025.05.26 23:00,3347.64,3348.55,3344.39,3346.20
2025.05.27 00:00,3346.20,3349.93,3342.45,3345.14
2025.05.27 01:00,3345.13,3347.27,3331.93,3335.92
2025.05.27 02:00,3336.00,3344.43,3335.05,3343.03
2025.05.27 03:00,3343.02,3347.31,3340.87,3341.20
2025.05.27 04:00,3341.20,3341.53,3330.68,3330.83
2025.05.27 05:00,3330.81,3332.61,3315.92,3323.40
2025.05.27 06:00,3323.44,3328.38,3305.08,3308.45
2025.05.27 07:00,3308.65,3312.59,3292.60,3297.10
2025.05.27 08:00,3296.31,3310.39,3296.19,3298.55
2025.05.27 09:00,3298.47,3309.62,3294.65,3296.42
2025.05.27 10:00,3296.17,3299.50,3290.68,3293.28
2025.05.27 11:00,3293.27,3297.96,3287.79,3288.33
2025.05.27 12:00,3288.44,3297.90,3288.02,3293.70
2025.05.27 13:00,3293.72,3304.84,3292.37,3295.19
2025.05.27 14:00,3295.19,3303.38,3285.76,3299.92
2025.05.27 15:00,3299.92,3303.11,3289.66,3293.55
2025.05.27 16:00,3293.68,3298.72,3293.05,3297.77
2025.05.27 17:00,3297.77,3304.40,3296.83,3301.33
2025.05.27 18:00,3301.33,3303.94,3299.22,3303.14
2025.05.27 19:00,3303.09,3307.97,3303.05,3304.49
2025.05.27 20:00,3304.36,3305.12,3299.47,3300.49
2025.05.27 23:00,3303.23,3310.86,3299.80,3309.37
2025.05.28 00:00,3309.44,3315.81,3308.27,3308.58
2025.05.28 01:00,3308.43,3310.80,3298.55,3301.81
2025.05.28 02:00,3301.81,3313.51,3300.53,3302.45
2025.05.28 03:00,3302.42,3304.10,3291.66,3297.75
2025.05.28 04:00,3297.76,3298.88,3294.38,3296.40
2025.05.28 05:00,3296.39,3310.24,3295.99,3307.27
2025.05.28 06:00,3307.27,3308.77,3298.33,3308.31
2025.05.28 07:00,3308.31,3322.39,3307.38,3319.14
2025.05.28 08:00,3319.16,3323.80,3315.15,3321.64
2025.05.28 09:00,3321.64,3325.48,3320.20,3324.14
2025.05.28 10:00,3324.22,3324.72,3311.79,3313.34
2025.05.28 11:00,3313.36,3315.10,3307.48,3311.27
2025.05.28 12:00,3311.21,3314.53,3305.40,3312.22
2025.05.28 13:00,3312.28,3316.34,3297.39,3305.22
2025.05.28 14:00,3305.22,3309.03,3300.54,3302.69
2025.05.28 15:00,3302.69,3302.83,3292.61,3296.06
2025.05.28 16:00,3296.07,3299.13,3288.58,3293.54
2025.05.28 17:00,3293.56,3299.11,3291.40,3296.59
2025.05.28 18:00,3296.56,3302.89,3296.52,3302.15
2025.05.28 19:00,3302.08,3302.93,3293.83,3296.96
2025.05.28 20:00,3296.92,3297.30,3276.34,3286.96
2025.05.28 23:00,3286.73,3287.74,3250.38,3259.71
2025.05.29 00:00,3259.73,3269.11,3253.86,3264.89
2025.05.29 01:00,3264.93,3265.82,3245.53,3263.61
2025.05.29 02:00,3263.64,3275.37,3261.02,3270.13
2025.05.29 03:00,3270.12,3280.21,3268.05,3274.60
2025.05.29 04:00,3274.51,3275.47,3269.05,3269.06
2025.05.29 05:00,3269.13,3272.65,3266.10,3272.52
2025.05.29 06:00,3272.54,3276.41,3268.11,3271.61
2025.05.29 07:00,3271.70,3287.44,3271.70,3286.61
2025.05.29 08:00,3286.44,3289.31,3278.28,3281.79
2025.05.29 09:00,3281.71,3283.24,3276.24,3282.10
2025.05.29 10:00,3282.10,3300.79,3282.05,3296.71
2025.05.29 11:00,3296.64,3305.49,3295.48,3299.74
2025.05.29 12:00,3299.73,3317.47,3298.73,3316.56
2025.05.29 13:00,3316.56,3321.92,3310.36,3312.63
2025.05.29 14:00,3312.62,3319.44,3304.72,3310.29
2025.05.29 15:00,3310.29,3321.87,3309.80,3321.59
2025.05.29 16:00,3321.65,3330.69,3319.72,3322.26
2025.05.29 17:00,3322.26,3324.49,3318.07,3324.27
2025.05.29 18:00,3324.30,3325.83,3317.58,3321.21
2025.05.29 19:00,3321.20,3321.49,3315.51,3316.63
2025.05.29 20:00,3316.58,3318.12,3315.24,3317.27
2025.05.29 23:00,3314.49,3317.30,3312.86,3315.63
2025.05.30 00:00,3315.79,3318.88,3309.62,3312.50
2025.05.30 01:00,3312.54,3322.76,3308.18,3309.84
2025.05.30 02:00,3309.84,3312.13,3294.93,3297.15
2025.05.30 03:00,3297.29,3302.33,3291.24,3294.49
2025.05.30 04:00,3294.49,3296.48,3291.58,3296.33
2025.05.30 05:00,3296.20,3304.97,3290.16,3303.70
2025.05.30 06:00,3303.45,3304.31,3290.47,3301.87
2025.05.30 07:00,3301.62,3301.62,3287.53,3295.04
2025.05.30 08:00,3294.66,3299.26,3291.70,3295.70
2025.05.30 09:00,3295.75,3299.28,3292.53,3295.57
2025.05.30 10:00,3295.56,3300.58,3292.55,3295.28
2025.05.30 11:00,3295.11,3297.34,3288.58,3293.98
2025.05.30 12:00,3293.98,3306.77,3282.89,3304.05
2025.05.30 13:00,3303.98,3308.29,3275.20,3276.75
2025.05.30 14:00,3276.72,3287.35,3271.54,3282.72
2025.05.30 15:00,3282.72,3292.70,3276.00,3288.61
2025.05.30 16:00,3288.61,3295.79,3283.97,3293.31
2025.05.30 17:00,3293.21,3294.82,3289.72,3290.98
2025.05.30 18:00,3290.98,3295.15,3290.98,3293.84
2025.05.30 19:00,3293.79,3295.11,3291.66,3294.90
2025.05.30 20:00,3295.01,3295.83,3288.59,3289.07
2025.06.01 23:00,3313.12,3316.69,3309.22,3310.19
2025.06.02 00:00,3310.13,3315.01,3303.24,3311.34
2025.06.02 01:00,3311.35,3313.77,3301.48,3303.69
2025.06.02 02:00,3303.62,3311.54,3303.38,3307.32
2025.06.02 03:00,3307.30,3308.94,3303.19,3308.71
2025.06.02 04:00,3308.71,3318.16,3308.71,3313.93
2025.06.02 05:00,3313.92,3325.74,3313.86,3323.71
2025.06.02 06:00,3323.90,3345.40,3323.82,3344.43
2025.06.02 07:00,3344.43,3358.98,3343.23,3352.52
2025.06.02 08:00,3352.52,3356.39,3350.10,3352.02
2025.06.02 09:00,3352.02,3352.45,3344.53,3348.37
2025.06.02 10:00,3348.29,3351.48,3344.57,3348.64
2025.06.02 11:00,3348.56,3360.14,3346.10,3356.29
2025.06.02 12:00,3356.26,3363.61,3354.07,3355.48
2025.06.02 13:00,3355.48,3376.13,3350.39,3370.90
2025.06.02 14:00,3370.86,3378.90,3367.67,3376.05
2025.06.02 15:00,3376.02,3378.83,3369.81,3374.26
2025.06.02 16:00,3374.31,3379.36,3369.25,3371.86
2025.06.02 17:00,3371.84,3375.93,3371.25,3374.47
2025.06.02 18:00,3374.38,3380.03,3370.81,3379.25
2025.06.02 19:00,3379.26,3382.31,3377.88,3381.53
2025.06.02 20:00,3381.53,3382.70,3378.39,3381.40
2025.06.02 23:00,3390.02,3392.13,3383.08,3387.43
2025.06.03 00:00,3387.40,3388.64,3373.79,3375.97
2025.06.03 01:00,3372.74,3375.55,3363.33,3372.69
2025.06.03 02:00,3372.67,3378.01,3364.47,3368.86
2025.06.03 03:00,3368.87,3369.65,3359.76,3360.94
2025.06.03 04:00,3361.03,3365.10,3359.18,3362.68
2025.06.03 05:00,3362.68,3367.80,3356.35,3365.09
2025.06.03 06:00,3365.01,3367.33,3351.22,3358.85
2025.06.03 07:00,3358.85,3361.24,3352.52,3359.60
2025.06.03 08:00,3359.60,3364.83,3359.60,3361.29
2025.06.03 09:00,3361.29,3362.73,3354.97,3356.88
2025.06.03 10:00,3356.88,3358.66,3355.03,3355.55
2025.06.03 11:00,3355.54,3360.45,3353.30,3359.23
2025.06.03 12:00,3359.29,3362.99,3348.97,3359.44
2025.06.03 13:00,3359.44,3363.06,3341.07,3345.72
2025.06.03 14:00,3345.81,3350.14,3333.14,3346.47
2025.06.03 15:00,3346.37,3351.52,3344.08,3350.31
2025.06.03 16:00,3350.33,3353.48,3344.67,3348.52
2025.06.03 17:00,3348.53,3354.59,3347.27,3353.19
2025.06.03 18:00,3353.19,3353.85,3350.45,3353.54
2025.06.03 19:00,3353.54,3355.48,3351.28,3352.60
2025.06.03 20:00,3352.58,3355.35,3352.57,3352.94
2025.06.03 23:00,3357.15,3361.65,3355.32,3359.90
2025.06.04 00:00,3359.94,3360.12,3349.72,3350.20
2025.06.04 01:00,3350.20,3372.28,3346.42,3370.73
2025.06.04 02:00,3370.90,3372.54,3362.92,3365.48
2025.06.04 03:00,3365.51,3367.58,3358.37,3359.17
2025.06.04 04:00,3359.16,3361.45,3352.34,3354.76
2025.06.04 05:00,3354.76,3356.46,3348.00,3351.01
2025.06.04 06:00,3351.01,3358.50,3349.01,3355.71
2025.06.04 07:00,3355.74,3365.23,3353.65,3354.69
2025.06.04 08:00,3354.67,3364.22,3351.79,3362.78
2025.06.04 09:00,3362.78,3365.11,3359.38,3363.01
2025.06.04 10:00,3363.02,3364.02,3347.28,3350.87
2025.06.04 11:00,3350.85,3351.99,3343.75,3346.62
2025.06.04 12:00,3346.59,3360.81,3344.48,3358.94
2025.06.04 13:00,3358.94,3362.86,3350.87,3352.84
2025.06.04 14:00,3352.95,3384.71,3351.02,3377.51
2025.06.04 15:00,3377.47,3378.99,3369.71,3371.71
2025.06.04 16:00,3371.90,3376.27,3370.87,3375.04
2025.06.04 17:00,3374.91,3380.89,3372.98,3379.17
2025.06.04 18:00,3379.17,3382.10,3375.06,3376.16
2025.06.04 19:00,3376.16,3376.30,3371.88,3373.58
2025.06.04 20:00,3373.53,3374.97,3370.72,3371.93
2025.06.04 23:00,3373.58,3379.01,3372.47,3378.10
2025.06.05 00:00,3378.12,3381.72,3372.32,3380.35
2025.06.05 01:00,3380.33,3384.18,3370.54,3373.88
2025.06.05 02:00,3373.89,3375.16,3367.91,3370.89
2025.06.05 03:00,3370.89,3377.36,3369.29,3369.72
2025.06.05 04:00,3369.69,3372.49,3363.81,3368.46
2025.06.05 05:00,3368.51,3369.73,3361.18,3364.35
2025.06.05 06:00,3364.24,3370.03,3363.78,3365.96
2025.06.05 07:00,3366.05,3374.47,3365.31,3371.28
2025.06.05 08:00,3371.45,3376.99,3369.81,3375.22
2025.06.05 09:00,3375.22,3391.35,3374.03,3389.74
2025.06.05 10:00,3389.59,3400.41,3388.24,3399.94
2025.06.05 11:00,3399.65,3403.51,3391.72,3392.26
2025.06.05 12:00,3392.25,3400.14,3377.60,3383.11
2025.06.05 13:00,3383.14,3388.45,3371.36,3378.07
2025.06.05 14:00,3378.18,3383.19,3363.85,3367.66
2025.06.05 15:00,3367.64,3373.11,3339.50,3344.80
2025.06.05 16:00,3344.32,3356.47,3339.97,3354.06
2025.06.05 17:00,3354.06,3354.79,3348.95,3353.91
2025.06.05 18:00,3353.97,3356.10,3350.50,3353.55
2025.06.05 19:00,3353.55,3361.39,3352.88,3357.92
2025.06.05 20:00,3357.92,3358.15,3351.77,3352.54
2025.06.05 23:00,3359.01,3362.64,3357.16,3361.86
2025.06.06 00:00,3361.86,3364.14,3357.36,3359.37
2025.06.06 01:00,3359.42,3368.59,3356.12,3363.78
2025.06.06 02:00,3363.78,3366.45,3362.03,3363.97
2025.06.06 03:00,3363.97,3371.89,3359.30,3369.66
2025.06.06 04:00,3369.66,3374.52,3368.99,3373.61
2025.06.06 05:00,3373.61,3375.56,3362.14,3366.09
2025.06.06 06:00,3366.01,3367.07,3356.07,3360.73
2025.06.06 07:00,3360.76,3362.33,3352.72,3359.46
2025.06.06 08:00,3359.46,3367.76,3358.37,3365.39
2025.06.06 09:00,3365.39,3365.39,3352.84,3356.74
2025.06.06 10:00,3356.74,3360.88,3355.93,3360.68
2025.06.06 11:00,3360.67,3364.31,3358.18,3358.31
2025.06.06 12:00,3358.48,3364.28,3343.58,3353.35
2025.06.06 13:00,3353.35,3360.92,3342.70,3343.23
2025.06.06 14:00,3343.15,3344.97,3316.61,3326.12
2025.06.06 15:00,3326.15,3336.73,3323.32,3332.21
2025.06.06 16:00,3332.21,3332.72,3320.92,3322.79
2025.06.06 17:00,3323.00,3326.73,3321.31,3323.65
2025.06.06 18:00,3323.65,3324.06,3313.70,3317.48
2025.06.06 19:00,3317.51,3318.96,3311.28,3312.34
2025.06.06 20:00,3312.35,3312.81,3307.13,3309.22
2025.06.08 23:00,3314.78,3318.52,3313.32,3318.04
2025.06.09 00:00,3318.04,3318.67,3298.35,3305.43
2025.06.09 01:00,3305.44,3309.41,3295.08,3295.94
2025.06.09 02:00,3295.88,3307.48,3293.46,3305.48
2025.06.09 03:00,3305.47,3311.98,3304.13,3310.78
2025.06.09 04:00,3310.78,3313.45,3309.22,3311.75
2025.06.09 05:00,3311.75,3316.62,3309.58,3314.65
2025.06.09 06:00,3314.75,3324.93,3312.53,3324.42
2025.06.09 07:00,3324.32,3328.53,3321.61,3324.18
2025.06.09 08:00,3324.18,3325.65,3319.70,3319.77
2025.06.09 09:00,3319.77,3323.54,3316.81,3318.61
2025.06.09 10:00,3318.61,3319.70,3312.15,3314.67
2025.06.09 11:00,3314.67,3321.35,3313.63,3317.44
2025.06.09 12:00,3317.52,3322.47,3312.98,3320.07
2025.06.09 13:00,3319.95,3321.71,3310.74,3319.31
2025.06.09 14:00,3319.31,3326.85,3316.11,3320.90
2025.06.09 15:00,3320.92,3332.14,3320.41,3328.65
2025.06.09 16:00,3328.61,3337.86,3327.52,3337.69
2025.06.09 17:00,3337.72,3338.22,3332.91,3333.57
2025.06.09 18:00,3333.53,3337.03,3332.71,3333.13
2025.06.09 19:00,3333.13,3335.42,3325.91,3327.12
2025.06.09 20:00,3327.24,3329.57,3324.75,3325.54
2025.06.09 23:00,3323.67,3327.87,3323.67,3326.79
2025.06.10 00:00,3326.79,3326.79,3314.50,3316.60
2025.06.10 01:00,3316.89,3319.96,3302.90,3306.26
2025.06.10 02:00,3306.18,3310.26,3301.79,3309.40
2025.06.10 03:00,3309.40,3310.43,3305.13,3307.52
2025.06.10 04:00,3307.52,3308.72,3302.87,3307.21
2025.06.10 05:00,3307.21,3319.17,3306.72,3317.54
2025.06.10 06:00,3317.57,3331.20,3315.56,3325.46
2025.06.10 07:00,3325.46,3332.16,3324.01,3330.16
2025.06.10 08:00,3330.26,3334.94,3326.16,3329.42
2025.06.10 09:00,3329.42,3331.90,3327.12,3329.77
2025.06.10 10:00,3329.80,3336.23,3328.43,3335.39
2025.06.10 11:00,3335.37,3342.55,3332.25,3333.72
2025.06.10 12:00,3333.70,3340.22,3328.19,3337.17
2025.06.10 13:00,3337.17,3349.14,3335.62,3343.62
2025.06.10 14:00,3343.65,3343.77,3325.42,3328.54
2025.06.10 15:00,3328.54,3329.25,3323.19,3326.66
2025.06.10 16:00,3326.66,3327.75,3320.02,3321.27
2025.06.10 17:00,3321.25,3325.91,3320.42,3324.77
2025.06.10 18:00,3324.77,3325.33,3319.42,3321.62
2025.06.10 19:00,3321.64,3334.54,3321.48,3328.69
2025.06.10 20:00,3328.70,3328.90,3322.21,3322.76
2025.06.10 23:00,3324.52,3328.16,3315.49,3327.99
2025.06.11 00:00,3328.05,3335.25,3325.09,3332.39
2025.06.11 01:00,3332.33,3337.39,3327.60,3328.68
2025.06.11 02:00,3328.56,3339.51,3327.10,3338.15
2025.06.11 03:00,3338.18,3341.69,3336.48,3339.36
2025.06.11 04:00,3339.36,3342.92,3336.87,3341.84
2025.06.11 05:00,3341.81,3343.11,3335.50,3339.65
2025.06.11 06:00,3339.69,3340.18,3332.46,3337.23
2025.06.11 07:00,3337.26,3348.64,3335.21,3345.71
2025.06.11 08:00,3345.71,3346.76,3342.50,3344.58
2025.06.11 09:00,3344.58,3344.66,3331.26,3334.57
2025.06.11 10:00,3334.57,3336.80,3328.82,3329.90
2025.06.11 11:00,3329.90,3335.26,3326.01,3333.10
2025.06.11 12:00,3333.10,3360.69,3327.34,3336.74
2025.06.11 13:00,3336.74,3344.54,3328.02,3329.92
2025.06.11 14:00,3329.92,3341.26,3328.67,3337.57
2025.06.11 15:00,3337.58,3342.80,3329.59,3333.21
2025.06.11 16:00,3333.21,3334.49,3328.13,3330.25
2025.06.11 17:00,3330.25,3331.32,3319.33,3324.31
2025.06.11 18:00,3324.31,3347.27,3323.81,3343.87
2025.06.11 19:00,3343.87,3349.32,3342.36,3346.82
2025.06.11 20:00,3346.82,3355.35,3346.58,3354.91
2025.06.11 23:00,3369.05,3373.34,3358.13,3365.51
2025.06.12 00:00,3365.51,3371.37,3362.21,3365.73
2025.06.12 01:00,3365.74,3376.89,3362.52,3370.97
2025.06.12 02:00,3370.97,3377.78,3368.87,3374.68
2025.06.12 03:00,3374.69,3376.67,3371.69,3373.39
2025.06.12 04:00,3373.39,3373.79,3369.46,3370.49
2025.06.12 05:00,3370.49,3375.81,3367.80,3374.49
2025.06.12 06:00,3374.47,3375.62,3365.27,3375.00
2025.06.12 07:00,3375.02,3375.24,3338.77,3346.25
2025.06.12 08:00,3346.22,3361.15,3346.22,3356.78
2025.06.12 09:00,3356.78,3367.97,3355.42,3365.43
2025.06.12 10:00,3365.43,3385.89,3362.53,3382.61
2025.06.12 11:00,3382.61,3388.62,3373.16,3379.28
2025.06.12 12:00,3379.27,3390.49,3376.47,3388.07
2025.06.12 13:00,3388.28,3398.93,3379.50,3392.25
2025.06.12 14:00,3392.05,3393.11,3383.09,3383.83
2025.06.12 15:00,3383.89,3390.25,3377.85,3385.78
2025.06.12 16:00,3385.89,3391.29,3380.98,3383.73
2025.06.12 17:00,3383.67,3384.99,3378.09,3382.62
2025.06.12 18:00,3382.74,3386.34,3381.83,3385.95
2025.06.12 19:00,3385.69,3389.16,3384.73,3388.22
2025.06.12 20:00,3388.16,3388.90,3384.83,3386.03
2025.06.12 23:00,3383.45,3396.32,3382.70,3395.94
2025.06.13 00:00,3395.85,3419.95,3391.75,3416.21
2025.06.13 01:00,3416.54,3433.28,3413.82,3427.67
2025.06.13 02:00,3427.67,3444.12,3424.76,3441.42
2025.06.13 03:00,3441.34,3444.50,3423.85,3425.56
2025.06.13 04:00,3425.56,3430.29,3422.83,3425.30
2025.06.13 05:00,3425.38,3428.80,3417.91,3426.10
2025.06.13 06:00,3426.16,3428.69,3408.55,3416.43
2025.06.13 07:00,3416.34,3419.04,3407.99,3414.95
2025.06.13 08:00,3414.94,3426.11,3414.34,3424.28
2025.06.13 09:00,3424.31,3427.30,3420.03,3424.36
2025.06.13 10:00,3424.36,3427.72,3411.57,3415.86
2025.06.13 11:00,3415.88,3423.02,3412.48,3422.22
2025.06.13 12:00,3422.33,3438.15,3421.71,3436.64
2025.06.13 13:00,3436.45,3446.79,3434.00,3436.89
2025.06.13 14:00,3436.94,3439.84,3423.71,3428.01
2025.06.13 15:00,3427.93,3430.41,3420.93,3426.24
2025.06.13 16:00,3426.24,3431.07,3419.24,3430.09
2025.06.13 17:00,3430.09,3433.42,3427.46,3430.37
2025.06.13 18:00,3430.46,3439.53,3428.71,3436.58
2025.06.13 19:00,3436.63,3438.12,3431.67,3432.34
2025.06.13 20:00,3432.50,3434.57,3429.03,3432.85
2025.06.15 23:00,3448.37,3450.07,3439.53,3444.18
2025.06.16 00:00,3444.31,3451.24,3434.30,3436.22
2025.06.16 01:00,3436.23,3443.11,3433.22,3441.54
2025.06.16 02:00,3441.54,3446.34,3437.94,3438.35
2025.06.16 03:00,3438.32,3439.63,3429.23,3431.59
2025.06.16 04:00,3431.56,3433.28,3426.92,3427.54
2025.06.16 05:00,3427.54,3430.43,3417.78,3421.55
2025.06.16 06:00,3421.55,3421.58,3412.96,3418.35
2025.06.16 07:00,3417.98,3419.83,3409.51,3412.64
2025.06.16 08:00,3412.70,3418.49,3409.76,3413.89
2025.06.16 09:00,3413.90,3419.53,3411.91,3412.00
2025.06.16 10:00,3412.27,3421.29,3410.73,3421.13
2025.06.16 11:00,3421.08,3422.62,3410.75,3414.97
2025.06.16 12:00,3415.11,3417.85,3411.02,3415.60
2025.06.16 13:00,3415.59,3417.97,3383.49,3387.45
2025.06.16 14:00,3388.12,3399.44,3387.48,3396.97
2025.06.16 15:00,3396.97,3405.59,3396.97,3404.55
2025.06.16 16:00,3404.49,3404.92,3397.48,3399.40
2025.06.16 17:00,3399.40,3400.28,3391.11,3392.71
2025.06.16 18:00,3392.65,3394.07,3384.05,3385.36
2025.06.16 19:00,3385.37,3388.46,3382.79,3384.12
2025.06.16 20:00,3384.11,3386.04,3383.22,3384.88
2025.06.16 23:00,3395.42,3402.91,3393.06,3402.84
2025.06.17 00:00,3402.84,3403.26,3391.66,3394.36
2025.06.17 01:00,3394.25,3402.56,3393.28,3393.72
2025.06.17 02:00,3393.72,3400.39,3388.62,3389.97
2025.06.17 03:00,3389.96,3392.60,3373.27,3387.57
2025.06.17 04:00,3387.57,3396.14,3387.04,3394.00
2025.06.17 05:00,3393.95,3395.43,3390.68,3392.56
2025.06.17 06:00,3392.43,3392.43,3381.13,3385.61
2025.06.17 07:00,3385.50,3391.93,3383.13,3387.78
2025.06.17 08:00,3387.85,3388.59,3377.91,3378.87
2025.06.17 09:00,3378.87,3385.92,3375.79,3385.63
2025.06.17 10:00,3385.69,3398.78,3385.38,3398.17
2025.06.17 11:00,3398.23,3400.07,3388.30,3388.57
2025.06.17 12:00,3388.55,3391.50,3383.45,3386.71
2025.06.17 13:00,3386.71,3397.40,3385.86,3390.61
2025.06.17 14:00,3390.62,3392.02,3366.23,3385.07
2025.06.17 15:00,3385.03,3388.32,3372.62,3379.33
2025.06.17 16:00,3379.33,3385.95,3376.68,3382.93
2025.06.17 17:00,3382.93,3391.22,3381.27,3390.36
2025.06.17 18:00,3390.36,3392.45,3382.45,3382.75
2025.06.17 19:00,3382.84,3386.37,3382.39,3385.69
2025.06.17 20:00,3385.73,3390.16,3383.61,3387.82
2025.06.17 23:00,3389.21,3390.34,3385.00,3387.37
2025.06.18 00:00,3387.37,3388.85,3382.98,3385.72
2025.06.18 01:00,3385.69,3388.67,3378.66,3378.97
2025.06.18 02:00,3378.97,3379.68,3370.60,3379.34
2025.06.18 03:00,3379.30,3391.53,3379.23,3391.01
2025.06.18 04:00,3391.02,3400.02,3389.45,3395.19
2025.06.18 05:00,3395.32,3395.67,3384.22,3386.62
2025.06.18 06:00,3386.37,3386.78,3379.44,3382.44
2025.06.18 07:00,3382.42,3386.10,3377.09,3385.94
2025.06.18 08:00,3385.94,3388.38,3382.55,3383.60
2025.06.18 09:00,3383.60,3385.56,3375.52,3378.18
2025.06.18 10:00,3378.18,3382.39,3375.72,3380.21
2025.06.18 11:00,3380.21,3387.07,3379.06,3382.10
2025.06.18 12:00,3382.02,3389.89,3381.70,3386.66
2025.06.18 13:00,3386.68,3396.79,3385.74,3392.27
2025.06.18 14:00,3392.27,3392.43,3373.86,3386.89
2025.06.18 15:00,3386.89,3392.88,3381.32,3392.73
2025.06.18 16:00,3392.77,3394.68,3389.91,3391.01
2025.06.18 17:00,3390.95,3391.15,3384.42,3385.23
2025.06.18 18:00,3385.17,3395.71,3378.35,3379.03
2025.06.18 19:00,3379.09,3379.18,3362.90,3366.78
2025.06.18 20:00,3366.78,3369.42,3362.64,3369.02
2025.06.18 23:00,3375.26,3376.96,3370.71,3375.08
2025.06.19 00:00,3375.11,3383.27,3374.76,3379.43
2025.06.19 01:00,3379.38,3387.96,3374.50,3374.82
2025.06.19 02:00,3374.93,3379.45,3374.08,3376.73
2025.06.19 03:00,3376.75,3377.30,3369.68,3373.64
2025.06.19 04:00,3373.64,3375.16,3372.08,3374.55
2025.06.19 05:00,3374.55,3375.26,3360.19,3364.62
2025.06.19 06:00,3364.62,3364.81,3347.60,3357.41
2025.06.19 07:00,3357.44,3369.14,3350.74,3365.98
2025.06.19 08:00,3365.94,3371.63,3362.29,3368.68
2025.06.19 09:00,3368.68,3373.68,3363.65,3370.28
2025.06.19 10:00,3370.33,3378.45,3369.01,3374.98
2025.06.19 11:00,3375.01,3375.49,3370.39,3371.99
2025.06.19 12:00,3371.99,3372.53,3363.72,3367.96
2025.06.19 13:00,3368.14,3372.94,3361.46,3369.49
2025.06.19 14:00,3369.50,3370.85,3361.61,3364.60
2025.06.19 15:00,3364.60,3371.90,3362.16,3369.15
2025.06.19 16:00,3369.19,3371.71,3366.08,3371.03
2025.06.19 17:00,3370.97,3375.39,3365.94,3368.27
2025.06.19 18:00,3368.24,3371.36,3366.60,3370.68
2025.06.19 23:00,3365.79,3370.45,3363.62,3368.81
2025.06.20 00:00,3368.80,3370.32,3364.70,3368.05
2025.06.20 01:00,3368.03,3368.27,3356.11,3356.45
2025.06.20 02:00,3356.44,3360.58,3351.56,3352.38
2025.06.20 03:00,3352.48,3356.27,3344.62,3355.51
2025.06.20 04:00,3355.51,3357.70,3352.55,3354.36
2025.06.20 05:00,3354.36,3355.12,3342.71,3344.73
2025.06.20 06:00,3344.73,3348.75,3340.36,3345.28
2025.06.20 07:00,3345.28,3355.34,3343.30,3347.68
2025.06.20 08:00,3347.68,3352.46,3346.69,3351.08
2025.06.20 09:00,3350.98,3359.26,3349.22,3355.26
2025.06.20 10:00,3355.37,3357.99,3354.96,3355.44
2025.06.20 11:00,3355.44,3356.04,3346.69,3347.01
2025.06.20 12:00,3347.01,3350.70,3341.93,3344.54
2025.06.20 13:00,3344.54,3373.86,3343.09,3370.27
2025.06.20 14:00,3370.23,3374.48,3365.23,3369.29
2025.06.20 15:00,3369.29,3371.74,3365.86,3369.82
2025.06.20 16:00,3369.82,3373.34,3367.76,3371.48
2025.06.20 17:00,3371.48,3371.76,3366.52,3367.33
2025.06.20 18:00,3367.33,3367.95,3364.64,3366.62
2025.06.20 19:00,3366.65,3370.71,3364.84,3365.56
2025.06.20 20:00,3365.49,3369.20,3364.72,3368.04
2025.06.22 23:00,3379.10,3380.36,3371.35,3372.78
2025.06.23 00:00,3372.78,3373.53,3359.20,3365.68
2025.06.23 01:00,3365.59,3368.01,3351.99,3355.20
2025.06.23 02:00,3355.20,3364.88,3354.68,3361.20
2025.06.23 03:00,3361.52,3366.36,3360.38,3363.38
2025.06.23 04:00,3363.38,3365.00,3356.85,3358.49
2025.06.23 05:00,3358.49,3360.57,3347.00,3356.80
2025.06.23 06:00,3357.05,3359.86,3352.62,3357.58
2025.06.23 07:00,3357.58,3358.79,3351.70,3357.58
2025.06.23 08:00,3357.89,3362.31,3357.89,3361.86
2025.06.23 09:00,3361.86,3369.03,3361.63,3366.52
2025.06.23 10:00,3366.52,3368.24,3364.01,3367.74
2025.06.23 11:00,3367.95,3382.01,3367.95,3380.70
2025.06.23 12:00,3380.76,3381.05,3355.93,3360.48
2025.06.23 13:00,3360.41,3387.77,3359.91,3380.59
2025.06.23 14:00,3380.76,3386.74,3369.86,3386.46
2025.06.23 15:00,3386.47,3389.85,3384.54,3387.21
2025.06.23 16:00,3387.17,3393.43,3380.56,3389.87
2025.06.23 17:00,3389.88,3391.46,3375.56,3382.46
2025.06.23 18:00,3382.52,3387.59,3376.78,3378.58
2025.06.23 19:00,3378.58,3382.11,3375.59,3376.37
2025.06.23 20:00,3376.19,3377.29,3367.10,3368.12
2025.06.23 23:00,3355.47,3357.26,3342.59,3344.35
2025.06.24 00:00,3344.32,3355.17,3333.16,3351.09
2025.06.24 01:00,3351.09,3354.32,3342.11,3347.74
2025.06.24 02:00,3347.74,3352.86,3345.93,3351.90
2025.06.24 03:00,3351.95,3357.85,3351.59,3352.51
2025.06.24 04:00,3352.48,3353.35,3347.09,3348.57
2025.06.24 05:00,3348.50,3348.77,3326.67,3332.07
2025.06.24 06:00,3332.07,3333.08,3316.07,3322.81
2025.06.24 07:00,3322.76,3331.67,3316.54,3329.72
2025.06.24 08:00,3329.63,3332.45,3324.66,3327.33
2025.06.24 09:00,3327.39,3328.76,3317.89,3318.30
2025.06.24 10:00,3318.59,3327.68,3318.56,3325.59
2025.06.24 11:00,3325.59,3328.95,3317.89,3321.17
2025.06.24 12:00,3320.75,3320.96,3304.43,3314.78
2025.06.24 13:00,3314.59,3317.89,3295.42,3302.16
2025.06.24 14:00,3302.16,3310.32,3299.33,3304.61
2025.06.24 15:00,3304.60,3317.11,3299.68,3313.22
2025.06.24 16:00,3313.27,3320.37,3311.30,3318.38
2025.06.24 17:00,3318.38,3321.25,3317.89,3318.02
2025.06.24 18:00,3318.02,3319.00,3315.70,3317.16
2025.06.24 19:00,3317.07,3325.25,3316.01,3323.60
2025.06.24 20:00,3323.59,3324.46,3321.30,3323.10
2025.06.24 23:00,3321.71,3324.84,3321.59,3324.20
2025.06.25 00:00,3323.91,3330.03,3323.61,3326.94
2025.06.25 01:00,3326.94,3334.89,3326.41,3334.73
2025.06.25 02:00,3334.70,3335.25,3327.77,3329.42
2025.06.25 03:00,3329.42,3332.06,3327.19,3328.37
2025.06.25 04:00,3328.37,3329.29,3325.83,3327.51
2025.06.25 05:00,3327.56,3333.75,3326.76,3331.59
2025.06.25 06:00,3331.61,3333.43,3329.11,3331.39
2025.06.25 07:00,3331.64,3337.16,3326.74,3330.64
2025.06.25 08:00,3330.65,3332.42,3326.49,3327.20
2025.06.25 09:00,3327.20,3327.28,3321.46,3325.34
2025.06.25 10:00,3325.34,3329.45,3324.21,3324.46
2025.06.25 11:00,3324.42,3329.52,3322.12,3322.65
2025.06.25 12:00,3322.64,3329.48,3318.16,3320.70
2025.06.25 13:00,3320.70,3321.64,3311.92,3314.62
2025.06.25 14:00,3314.55,3326.25,3312.27,3323.45
2025.06.25 15:00,3323.43,3327.09,3321.65,3325.60
2025.06.25 16:00,3325.81,3335.15,3324.13,3334.78
2025.06.25 17:00,3334.78,3335.38,3324.75,3327.98
2025.06.25 18:00,3327.98,3331.76,3326.26,3331.63
2025.06.25 19:00,3331.64,3336.07,3330.45,3333.66
2025.06.25 20:00,3333.66,3335.65,3331.31,3331.83
2025.06.25 23:00,3333.24,3339.96,3332.87,3339.01
2025.06.26 00:00,3339.01,3339.32,3332.07,3333.97
2025.06.26 01:00,3334.05,3336.74,3329.13,3330.17
2025.06.26 02:00,3330.12,3341.84,3329.28,3339.52
2025.06.26 03:00,3339.52,3343.18,3336.31,3337.98
2025.06.26 04:00,3337.96,3338.06,3333.32,3333.88
2025.06.26 05:00,3333.93,3338.25,3332.37,3334.07
2025.06.26 06:00,3334.00,3340.42,3330.94,3339.72
2025.06.26 07:00,3339.81,3347.18,3339.65,3346.07
2025.06.26 08:00,3346.04,3350.24,3344.39,3348.20
2025.06.26 09:00,3348.18,3348.73,3338.71,3340.62
2025.06.26 10:00,3340.62,3343.45,3337.91,3343.27
2025.06.26 11:00,3343.27,3344.15,3331.53,3332.91
2025.06.26 12:00,3332.91,3344.12,3321.58,3322.02
2025.06.26 13:00,3322.15,3328.68,3309.91,3319.89
2025.06.26 14:00,3319.91,3323.84,3311.96,3318.34
2025.06.26 15:00,3318.32,3324.97,3318.32,3324.85
2025.06.26 16:00,3324.92,3333.32,3323.76,3331.36
2025.06.26 17:00,3331.37,3336.43,3331.23,3332.69
2025.06.26 18:00,3332.69,3334.84,3331.26,3334.09
2025.06.26 19:00,3334.13,3334.31,3328.33,3331.28
2025.06.26 20:00,3331.29,3332.31,3327.44,3327.87
2025.06.26 23:00,3321.53,3323.68,3316.22,3318.67
2025.06.27 00:00,3318.67,3319.86,3313.23,3318.85
2025.06.27 01:00,3318.85,3322.05,3314.82,3316.41
2025.06.27 02:00,3316.41,3320.41,3308.49,3308.81
2025.06.27 03:00,3308.80,3311.01,3292.56,3294.35
2025.06.27 04:00,3294.35,3297.54,3291.03,3293.94
2025.06.27 05:00,3294.01,3300.94,3289.24,3297.14
2025.06.27 06:00,3297.44,3299.91,3286.83,3294.94
2025.06.27 07:00,3295.00,3295.34,3283.50,3284.35
2025.06.27 08:00,3284.49,3291.10,3281.92,3289.49
2025.06.27 09:00,3289.47,3289.83,3282.09,3282.77
2025.06.27 10:00,3282.77,3290.89,3279.70,3285.72
2025.06.27 11:00,3285.71,3287.98,3276.10,3281.39
2025.06.27 12:00,3281.35,3282.31,3269.63,3270.06
2025.06.27 13:00,3270.06,3274.53,3256.10,3274.27
2025.06.27 14:00,3274.36,3278.03,3263.64,3272.50
2025.06.27 15:00,3272.51,3277.51,3271.00,3274.60
2025.06.27 16:00,3274.57,3278.60,3273.41,3277.61
2025.06.27 17:00,3277.63,3282.82,3272.70,3277.34
2025.06.27 18:00,3277.37,3278.33,3270.51,3275.82
2025.06.27 19:00,3275.82,3276.52,3268.36,3270.57
2025.06.27 20:00,3270.58,3275.50,3270.34,3273.64
2025.06.29 23:00,3263.78,3270.82,3262.83,3263.90
2025.06.30 00:00,3263.58,3269.75,3262.63,3264.62
2025.06.30 01:00,3264.40,3275.86,3259.46,3273.89
2025.06.30 02:00,3273.94,3283.29,3273.77,3280.25
2025.06.30 03:00,3280.00,3282.77,3277.97,3278.95
2025.06.30 04:00,3278.97,3286.29,3277.00,3285.65
2025.06.30 05:00,3285.58,3291.32,3284.67,3289.02
2025.06.30 06:00,3289.01,3295.51,3287.94,3291.64
2025.06.30 07:00,3292.08,3296.80,3290.72,3292.96
2025.06.30 08:00,3292.86,3296.47,3288.21,3289.18
2025.06.30 09:00,3288.76,3288.76,3277.55,3287.89
2025.06.30 10:00,3287.90,3288.78,3282.47,3283.47
2025.06.30 11:00,3283.52,3283.69,3274.60,3277.93
2025.06.30 12:00,3278.34,3289.02,3278.27,3282.09
2025.06.30 13:00,3282.02,3287.07,3277.98,3284.81
2025.06.30 14:00,3284.90,3289.61,3279.22,3287.73
2025.06.30 15:00,3287.69,3290.74,3283.67,3289.64
2025.06.30 16:00,3289.79,3297.45,3289.18,3297.24
2025.06.30 17:00,3297.24,3298.46,3291.69,3293.99
2025.06.30 18:00,3294.03,3299.57,3292.62,3298.50
2025.06.30 19:00,3298.50,3309.48,3298.08,3308.59
2025.06.30 20:00,3308.64,3309.20,3302.01,3302.51
2025.06.30 23:00,3311.48,3312.49,3308.57,3312.47
2025.07.01 00:00,3312.38,3314.82,3309.85,3314.76
2025.07.01 01:00,3314.76,3321.00,3313.86,3317.80
2025.07.01 02:00,3317.67,3319.32,3314.39,3316.13
2025.07.01 03:00,3316.04,3322.63,3315.80,3321.09
2025.07.01 04:00,3321.09,3323.05,3318.92,3322.92
2025.07.01 05:00,3322.90,3332.39,3322.90,3328.72
2025.07.01 06:00,3328.72,3334.43,3325.06,3331.38
2025.07.01 07:00,3331.36,3339.89,3330.85,3339.52
2025.07.01 08:00,3339.42,3342.45,3336.79,3339.58
2025.07.01 09:00,3339.66,3348.08,3338.29,3345.74
2025.07.01 10:00,3345.74,3349.70,3344.47,3348.60
2025.07.01 11:00,3348.60,3353.00,3346.96,3348.99
2025.07.01 12:00,3349.08,3357.91,3348.28,3354.46
2025.07.01 13:00,3354.57,3355.53,3344.44,3351.74
2025.07.01 14:00,3351.75,3354.40,3343.65,3345.81
2025.07.01 15:00,3345.86,3346.67,3336.98,3340.27
2025.07.01 16:00,3340.26,3343.54,3337.59,3341.74
2025.07.01 17:00,3341.74,3342.17,3336.95,3339.73
2025.07.01 18:00,3339.73,3339.90,3336.84,3337.95
2025.07.01 19:00,3337.95,3340.09,3336.85,3338.05
2025.07.01 20:00,3338.10,3340.09,3336.87,3338.09
2025.07.01 23:00,3341.71,3341.84,3336.70,3338.06
2025.07.02 00:00,3338.23,3344.98,3334.88,3338.93
2025.07.02 01:00,3338.93,3342.92,3330.94,3332.09
2025.07.02 02:00,3332.19,3338.19,3328.59,3336.69
2025.07.02 03:00,3336.68,3342.15,3334.90,3339.92
2025.07.02 04:00,3339.92,3342.00,3339.48,3340.05
2025.07.02 05:00,3340.05,3343.78,3336.53,3338.72
2025.07.02 06:00,3338.72,3339.36,3329.87,3333.47
2025.07.02 07:00,3333.41,3336.65,3327.57,3334.72
2025.07.02 08:00,3334.77,3338.00,3332.96,3333.56
2025.07.02 09:00,3333.51,3342.22,3333.10,3341.67
2025.07.02 10:00,3341.62,3345.63,3340.58,3344.35
2025.07.02 11:00,3344.34,3347.74,3339.82,3342.27
2025.07.02 12:00,3342.27,3351.13,3337.88,3346.63
2025.07.02 13:00,3346.64,3346.64,3334.91,3337.43
2025.07.02 14:00,3337.43,3343.53,3333.90,3343.00
2025.07.02 15:00,3342.97,3343.69,3338.72,3340.98
2025.07.02 16:00,3341.05,3349.19,3340.99,3348.77
2025.07.02 17:00,3348.71,3350.57,3347.38,3349.63
2025.07.02 18:00,3349.65,3355.13,3348.54,3354.92
2025.07.02 19:00,3354.92,3359.49,3354.57,3358.19
2025.07.02 20:00,3358.19,3359.98,3355.34,3357.32
2025.07.02 23:00,3361.94,3362.23,3348.83,3349.28
2025.07.03 00:00,3349.58,3349.79,3343.45,3344.67
2025.07.03 01:00,3344.72,3348.22,3341.90,3345.99
2025.07.03 02:00,3345.99,3351.44,3345.71,3351.03
2025.07.03 03:00,3351.03,3351.50,3345.44,3347.48
2025.07.03 04:00,3347.49,3351.79,3347.39,3350.74
2025.07.03 05:00,3350.78,3360.45,3350.09,3359.37
2025.07.03 06:00,3359.31,3363.72,3356.57,3361.84
2025.07.03 07:00,3361.72,3363.06,3352.53,3353.03
2025.07.03 08:00,3353.06,3358.36,3351.70,3356.16
2025.07.03 09:00,3356.16,3356.35,3343.90,3345.71
2025.07.03 10:00,3345.71,3355.44,3344.86,3353.13
2025.07.03 11:00,3353.17,3353.78,3343.04,3346.07
2025.07.03 12:00,3345.84,3352.29,3311.57,3324.49
2025.07.03 13:00,3324.65,3338.45,3322.15,3332.21
2025.07.03 14:00,3332.16,3334.70,3323.53,3324.67
2025.07.03 15:00,3324.67,3331.42,3323.02,3328.04
2025.07.03 16:00,3328.11,3334.65,3325.66,3333.97
2025.07.03 17:00,3333.87,3334.79,3328.85,3329.09
2025.07.03 18:00,3329.03,3330.20,3327.97,3329.07
2025.07.03 19:00,3329.07,3329.52,3327.01,3328.76
2025.07.03 20:00,3328.75,3328.90,3325.13,3325.70
2025.07.03 23:00,3329.07,3332.00,3328.48,3330.82
2025.07.04 00:00,3330.76,3331.04,3325.78,3328.97
2025.07.04 01:00,3328.87,3334.29,3326.43,3330.05
2025.07.04 02:00,3329.89,3332.39,3327.08,3327.30
2025.07.04 03:00,3327.35,3338.87,3326.13,3338.35
2025.07.04 04:00,3338.35,3342.26,3337.99,3340.86
2025.07.04 05:00,3340.86,3342.21,3338.46,3339.52
2025.07.04 06:00,3339.52,3345.10,3339.22,3342.36
2025.07.04 07:00,3342.56,3343.71,3336.38,3342.93
2025.07.04 08:00,3342.93,3344.17,3340.89,3342.83
2025.07.04 09:00,3342.83,3343.07,3332.95,3334.53
2025.07.04 10:00,3334.43,3338.04,3331.53,3336.84
2025.07.04 11:00,3336.83,3337.87,3334.48,3334.71
2025.07.04 12:00,3334.71,3337.88,3331.42,3333.92
2025.07.04 13:00,3333.94,3338.01,3332.24,3333.90
2025.07.04 14:00,3333.90,3334.23,3330.87,3333.28
2025.07.04 15:00,3333.28,3334.01,3330.80,3332.40
2025.07.04 16:00,3332.44,3337.41,3332.28,3337.03
2025.07.04 17:00,3337.03,3337.03,3337.03,3337.03
2025.07.06 23:00,3333.60,3334.54,3326.25,3328.82
2025.07.07 00:00,3328.87,3329.67,3321.75,3326.52
2025.07.07 01:00,3326.54,3327.64,3306.71,3316.56
2025.07.07 02:00,3316.72,3317.77,3305.98,3308.85
2025.07.07 03:00,3308.83,3315.31,3307.13,3310.95
2025.07.07 04:00,3310.95,3312.30,3305.32,3307.77
2025.07.07 05:00,3307.86,3315.13,3307.09,3313.32
2025.07.07 06:00,3313.35,3315.23,3308.35,3309.96
2025.07.07 07:00,3309.83,3313.28,3300.65,3302.22
2025.07.07 08:00,3302.16,3312.80,3301.26,3310.20
2025.07.07 09:00,3310.06,3311.95,3306.12,3308.97
2025.07.07 10:00,3308.97,3310.64,3296.44,3302.05
2025.07.07 11:00,3302.05,3307.58,3299.77,3301.86
2025.07.07 12:00,3301.79,3312.67,3300.55,3309.59
2025.07.07 13:00,3309.57,3317.11,3306.21,3316.37
2025.07.07 14:00,3316.57,3321.31,3313.26,3318.00
2025.07.07 15:00,3318.01,3321.99,3316.14,3320.90
2025.07.07 16:00,3320.89,3328.08,3320.12,3327.43
2025.07.07 17:00,3327.45,3335.85,3327.41,3332.00
2025.07.07 18:00,3332.02,3335.72,3328.53,3334.40
2025.07.07 19:00,3334.40,3340.39,3334.31,3337.01
2025.07.07 20:00,3337.07,3337.76,3335.42,3336.23
2025.07.07 23:00,3339.76,3340.05,3333.83,3334.56
2025.07.08 00:00,3334.69,3337.23,3331.13,3334.24
2025.07.08 01:00,3334.24,3336.99,3329.64,3334.75
2025.07.08 02:00,3334.73,3338.06,3332.79,3334.44
2025.07.08 03:00,3334.36,3335.48,3329.57,3331.49
2025.07.08 04:00,3331.33,3332.71,3327.34,3329.72
2025.07.08 05:00,3329.67,3336.49,3329.51,3334.06
2025.07.08 06:00,3334.01,3336.08,3330.72,3335.76
2025.07.08 07:00,3335.81,3339.51,3330.48,3333.93
2025.07.08 08:00,3333.84,3333.84,3323.25,3323.67
2025.07.08 09:00,3323.67,3326.81,3321.19,3322.08
2025.07.08 10:00,3322.08,3327.12,3320.51,3324.66
2025.07.08 11:00,3324.66,3327.50,3320.02,3324.90
2025.07.08 12:00,3324.90,3329.86,3324.74,3328.16
2025.07.08 13:00,3328.22,3328.62,3314.80,3315.22
2025.07.08 14:00,3315.09,3315.83,3294.36,3296.56
2025.07.08 15:00,3296.69,3300.29,3287.12,3298.25
2025.07.08 16:00,3298.23,3301.56,3295.87,3300.38
2025.07.08 17:00,3300.38,3310.34,3299.32,3306.41
2025.07.08 18:00,3306.40,3308.21,3300.59,3305.37
2025.07.08 19:00,3305.45,3306.16,3302.38,3302.88
2025.07.08 20:00,3302.91,3303.77,3299.16,3301.50
2025.07.08 23:00,3301.58,3303.96,3297.24,3302.28
2025.07.09 00:00,3302.28,3307.95,3301.83,3307.02
2025.07.09 01:00,3307.02,3307.29,3299.29,3301.78
2025.07.09 02:00,3301.73,3302.89,3286.52,3288.51
2025.07.09 03:00,3288.45,3294.70,3284.93,3293.28
2025.07.09 04:00,3293.28,3296.36,3291.14,3293.92
2025.07.09 05:00,3293.92,3297.73,3288.99,3289.41
2025.07.09 06:00,3289.49,3292.73,3285.63,3292.31
2025.07.09 07:00,3292.34,3296.01,3288.26,3291.96
2025.07.09 08:00,3291.94,3292.63,3282.71,3285.02
2025.07.09 09:00,3285.02,3290.38,3284.41,3289.25
2025.07.09 10:00,3289.12,3295.87,3288.22,3295.51
2025.07.09 11:00,3295.51,3295.92,3283.18,3284.90
2025.07.09 12:00,3284.89,3297.50,3284.89,3296.43
2025.07.09 13:00,3296.46,3305.23,3291.96,3300.30
2025.07.09 14:00,3300.30,3312.93,3299.88,3312.34
2025.07.09 15:00,3312.35,3312.93,3306.33,3309.70
2025.07.09 16:00,3309.59,3313.29,3307.92,3311.85
2025.07.09 17:00,3311.85,3314.60,3308.18,3308.79
2025.07.09 18:00,3308.79,3313.74,3308.07,3311.42
2025.07.09 19:00,3311.40,3316.84,3310.94,3315.66
2025.07.09 20:00,3315.65,3315.88,3311.58,3313.37
2025.07.09 23:00,3319.52,3319.72,3315.72,3317.57
2025.07.10 00:00,3317.62,3321.77,3316.55,3317.71
2025.07.10 01:00,3317.67,3326.32,3316.41,3322.26
2025.07.10 02:00,3322.17,3323.57,3318.14,3319.14
2025.07.10 03:00,3319.10,3320.17,3315.38,3315.77
2025.07.10 04:00,3315.77,3322.51,3314.87,3322.20
2025.07.10 05:00,3322.20,3325.08,3320.56,3321.14
2025.07.10 06:00,3321.14,3328.48,3320.90,3325.27
2025.07.10 07:00,3325.27,3329.45,3319.87,3321.11
2025.07.10 08:00,3321.17,3330.08,3319.94,3328.64
2025.07.10 09:00,3328.64,3330.29,3323.24,3326.43
2025.07.10 10:00,3326.53,3328.73,3322.24,3325.26
2025.07.10 11:00,3325.28,3330.24,3318.29,3320.43
2025.07.10 12:00,3320.46,3326.09,3317.91,3323.79
2025.07.10 13:00,3323.84,3329.40,3311.95,3312.84
2025.07.10 14:00,3312.83,3321.58,3310.15,3314.96
2025.07.10 15:00,3314.96,3321.56,3314.62,3319.66
2025.07.10 16:00,3319.67,3319.97,3312.16,3315.15
2025.07.10 17:00,3315.15,3318.57,3314.74,3317.31
2025.07.10 18:00,3317.31,3321.87,3316.45,3321.49
2025.07.10 19:00,3321.59,3325.91,3321.43,3324.84
2025.07.10 20:00,3324.84,3325.33,3323.26,3323.66
2025.07.10 23:00,3323.44,3326.37,3323.04,3323.74
2025.07.11 00:00,3323.63,3336.15,3323.52,3330.63
2025.07.11 01:00,3330.50,3331.51,3325.15,3329.55
2025.07.11 02:00,3329.59,3335.05,3327.16,3332.53
2025.07.11 03:00,3332.50,3336.01,3332.13,3333.74
2025.07.11 04:00,3333.74,3335.35,3329.69,3331.98
2025.07.11 05:00,3331.96,3341.65,3331.93,3334.23
2025.07.11 06:00,3334.22,3343.88,3332.11,3332.49
2025.07.11 07:00,3332.32,3342.22,3331.10,3341.95
2025.07.11 08:00,3341.93,3343.81,3332.86,3333.19
2025.07.11 09:00,3333.18,3340.01,3332.82,3339.50
2025.07.11 10:00,3339.48,3348.27,3339.46,3344.93
2025.07.11 11:00,3345.04,3350.26,3342.06,3347.50
2025.07.11 12:00,3347.49,3357.19,3344.24,3355.11
2025.07.11 13:00,3355.11,3359.16,3350.15,3351.88
2025.07.11 14:00,3351.93,3363.79,3350.33,3361.15
2025.07.11 15:00,3361.21,3368.69,3356.98,3358.88
2025.07.11 16:00,3358.89,3359.64,3352.83,3353.84
2025.07.11 17:00,3353.68,3354.08,3349.26,3353.40
2025.07.11 18:00,3353.50,3358.46,3353.34,3356.06
2025.07.11 19:00,3356.10,3359.76,3355.58,3356.35
2025.07.11 20:00,3356.37,3358.10,3353.52,3354.90
2025.07.13 23:00,3369.41,3374.02,3366.29,3367.75
2025.07.14 00:00,3367.56,3373.26,3364.96,3367.57
2025.07.14 01:00,3367.56,3370.21,3357.08,3358.65
2025.07.14 02:00,3358.47,3359.54,3353.82,3357.31
2025.07.14 03:00,3357.39,3359.58,3355.34,3357.00
2025.07.14 04:00,3357.00,3361.66,3353.78,3359.68
2025.07.14 05:00,3359.60,3360.42,3354.11,3357.61
2025.07.14 06:00,3357.68,3369.66,3356.59,3368.89
2025.07.14 07:00,3368.92,3374.96,3366.64,3371.93
2025.07.14 08:00,3371.88,3372.62,3365.42,3365.92
2025.07.14 09:00,3365.91,3370.40,3364.04,3370.23
2025.07.14 10:00,3370.23,3374.64,3369.71,3372.01
2025.07.14 11:00,3372.22,3373.07,3363.91,3364.12
2025.07.14 12:00,3364.12,3366.59,3349.43,3350.07
2025.07.14 13:00,3350.27,3359.04,3347.16,3355.29
2025.07.14 14:00,3355.14,3356.32,3341.01,3343.02
2025.07.14 15:00,3343.34,3349.70,3342.44,3345.11
2025.07.14 16:00,3345.13,3349.21,3343.09,3347.81
2025.07.14 17:00,3347.94,3351.74,3347.40,3351.08
2025.07.14 18:00,3351.08,3351.25,3347.92,3348.91
2025.07.14 19:00,3348.91,3350.49,3343.15,3344.10
2025.07.14 20:00,3344.20,3345.62,3341.06,3343.23
2025.07.14 23:00,3345.51,3346.50,3343.95,3345.31
2025.07.15 00:00,3345.31,3349.31,3344.77,3347.60
2025.07.15 01:00,3347.60,3350.66,3346.05,3346.55
2025.07.15 02:00,3346.57,3352.11,3345.82,3350.84
2025.07.15 03:00,3350.79,3358.28,3350.72,3357.87
2025.07.15 04:00,3357.88,3361.33,3357.60,3360.23
2025.07.15 05:00,3360.23,3365.16,3360.23,3362.13
2025.07.15 06:00,3361.96,3364.15,3357.64,3358.17
2025.07.15 07:00,3358.21,3365.15,3357.43,3364.34
2025.07.15 08:00,3364.28,3365.63,3356.61,3361.00
2025.07.15 09:00,3361.00,3364.70,3358.61,3363.38
2025.07.15 10:00,3363.38,3366.36,3361.18,3361.32
2025.07.15 11:00,3361.44,3361.94,3354.18,3354.90
2025.07.15 12:00,3354.88,3360.38,3346.47,3348.86
2025.07.15 13:00,3348.86,3352.43,3334.38,3346.75
2025.07.15 14:00,3346.56,3352.10,3342.51,3347.95
2025.07.15 15:00,3347.96,3349.93,3325.39,3328.97
2025.07.15 16:00,3328.93,3330.26,3320.22,3329.29
2025.07.15 17:00,3329.29,3331.34,3325.83,3328.15
2025.07.15 18:00,3328.15,3331.92,3325.84,3328.84
2025.07.15 19:00,3328.79,3331.27,3326.56,3330.45
2025.07.15 20:00,3330.44,3330.96,3323.95,3323.95
2025.07.15 23:00,3326.61,3331.77,3326.28,3331.02
2025.07.16 00:00,3331.02,3332.65,3328.95,3330.47
2025.07.16 01:00,3330.47,3334.96,3328.89,3330.90
2025.07.16 02:00,3331.13,3331.54,3325.04,3326.19
2025.07.16 03:00,3326.19,3335.10,3325.89,3334.35
2025.07.16 04:00,3334.40,3338.65,3332.80,3338.29
2025.07.16 05:00,3338.29,3339.86,3335.64,3338.01
2025.07.16 06:00,3338.01,3342.02,3337.65,3339.13
2025.07.16 07:00,3339.09,3340.15,3336.03,3337.88
2025.07.16 08:00,3337.98,3342.68,3337.78,3341.97
2025.07.16 09:00,3341.88,3342.97,3339.14,3340.02
2025.07.16 10:00,3339.98,3340.40,3333.95,3334.85
2025.07.16 11:00,3334.85,3340.16,3333.77,3339.29
2025.07.16 12:00,3339.29,3340.92,3331.00,3334.59
2025.07.16 13:00,3334.65,3339.50,3322.00,3326.85
2025.07.16 14:00,3326.74,3342.53,3319.60,3338.07
2025.07.16 15:00,3338.09,3377.33,3336.24,3344.03
2025.07.16 16:00,3343.72,3355.16,3339.18,3349.08
2025.07.16 17:00,3349.08,3357.23,3348.81,3354.81
2025.07.16 18:00,3354.83,3357.41,3349.08,3350.30
2025.07.16 19:00,3350.30,3350.54,3346.05,3347.12
2025.07.16 20:00,3347.14,3349.43,3346.30,3347.08
2025.07.16 23:00,3349.61,3350.18,3345.29,3346.47
2025.07.17 00:00,3346.40,3347.33,3339.71,3340.79
2025.07.17 01:00,3340.79,3344.54,3337.24,3344.01
2025.07.17 02:00,3343.94,3344.68,3337.72,3341.37
2025.07.17 03:00,3341.37,3342.38,3336.29,3341.49
2025.07.17 04:00,3341.48,3344.72,3338.37,3342.67
2025.07.17 05:00,3342.62,3342.91,3335.88,3339.41
2025.07.17 06:00,3339.41,3339.83,3328.24,3335.38
2025.07.17 07:00,3335.37,3336.15,3325.17,3325.83
2025.07.17 08:00,3325.83,3332.06,3325.58,3328.80
2025.07.17 09:00,3328.80,3332.44,3324.73,3325.62
2025.07.17 10:00,3325.59,3331.12,3324.91,3325.80
2025.07.17 11:00,3325.80,3328.50,3322.31,3324.25
2025.07.17 12:00,3324.25,3328.55,3309.74,3313.08
2025.07.17 13:00,3313.18,3321.80,3311.30,3319.03
2025.07.17 14:00,3319.03,3335.10,3318.31,3334.18
2025.07.17 15:00,3334.16,3338.45,3331.26,3336.75
2025.07.17 16:00,3336.75,3339.93,3335.48,3338.76
2025.07.17 17:00,3338.76,3341.05,3336.32,3337.47
2025.07.17 18:00,3337.51,3338.97,3335.72,3338.53
2025.07.17 19:00,3338.53,3340.78,3338.19,3339.69
2025.07.17 20:00,3339.70,3340.23,3337.06,3338.71
2025.07.17 23:00,3343.26,3343.40,3339.54,3340.22
2025.07.18 00:00,3340.26,3341.42,3337.91,3339.84
2025.07.18 01:00,3339.84,3343.04,3335.32,3337.71
2025.07.18 02:00,3337.68,3344.25,3336.89,3337.73
2025.07.18 03:00,3337.79,3338.47,3334.09,3334.60
2025.07.18 04:00,3334.60,3337.03,3333.81,3337.03
2025.07.18 05:00,3337.03,3340.17,3333.33,3333.45
2025.07.18 06:00,3333.44,3342.70,3331.83,3342.11
2025.07.18 07:00,3342.11,3350.10,3340.67,3349.82
2025.07.18 08:00,3349.82,3350.39,3346.22,3347.49
2025.07.18 09:00,3347.49,3354.88,3347.46,3352.37
2025.07.18 10:00,3352.19,3352.75,3347.88,3351.43
2025.07.18 11:00,3351.43,3357.69,3350.79,3354.30
2025.07.18 12:00,3354.30,3361.24,3354.19,3359.97
2025.07.18 13:00,3359.97,3360.32,3352.24,3355.54
2025.07.18 14:00,3356.49,3359.09,3351.21,3354.69
2025.07.18 15:00,3354.69,3356.38,3352.39,3353.70
2025.07.18 16:00,3353.70,3357.47,3351.18,3353.65
2025.07.18 17:00,3353.67,3353.73,3350.52,3352.23
2025.07.18 18:00,3352.27,3353.37,3350.20,3351.33
2025.07.18 19:00,3351.35,3352.76,3347.63,3348.23
2025.07.18 20:00,3348.24,3351.73,3347.75,3349.70
2025.07.20 23:00,3347.63,3349.42,3345.45,3349.13
2025.07.21 00:00,3349.13,3354.52,3347.68,3352.26
2025.07.21 01:00,3352.13,3358.58,3351.91,3356.51
2025.07.21 02:00,3356.51,3357.41,3352.32,3354.10
2025.07.21 03:00,3354.10,3356.91,3351.07,3351.25
2025.07.21 04:00,3351.25,3358.66,3350.66,3357.79
2025.07.21 05:00,3357.79,3369.61,3357.66,3366.64
2025.07.21 06:00,3366.65,3370.76,3365.34,3368.34
2025.07.21 07:00,3368.33,3370.48,3363.89,3364.76
2025.07.21 08:00,3364.73,3366.80,3363.05,3365.99
2025.07.21 09:00,3366.07,3366.47,3362.78,3366.05
2025.07.21 10:00,3366.05,3368.16,3362.82,3366.14
2025.07.21 11:00,3366.16,3375.62,3365.24,3375.38
2025.07.21 12:00,3375.32,3388.58,3374.56,3387.27
2025.07.21 13:00,3387.37,3394.99,3383.60,3388.71
2025.07.21 14:00,3388.74,3401.46,3386.32,3400.35
2025.07.21 15:00,3400.29,3400.99,3395.59,3397.96
2025.07.21 16:00,3397.96,3399.03,3393.87,3395.65
2025.07.21 17:00,3395.65,3395.84,3391.46,3393.31
2025.07.21 18:00,3393.32,3395.79,3393.12,3395.45
2025.07.21 19:00,3395.47,3399.74,3395.14,3398.83
2025.07.21 20:00,3398.97,3399.32,3396.43,3396.44
2025.07.21 23:00,3399.67,3402.65,3393.23,3396.49
2025.07.22 00:00,3396.51,3397.61,3390.54,3394.39
2025.07.22 01:00,3394.39,3395.85,3385.13,3386.00
2025.07.22 02:00,3385.95,3391.99,3385.35,3391.60
2025.07.22 03:00,3391.58,3393.69,3388.84,3392.54
2025.07.22 04:00,3392.47,3392.50,3388.00,3391.04
2025.07.22 05:00,3391.08,3391.92,3384.72,3385.49
2025.07.22 06:00,3385.48,3387.92,3384.40,3384.78
2025.07.22 07:00,3385.08,3387.59,3383.33,3387.59
2025.07.22 08:00,3387.50,3390.09,3386.17,3389.00
2025.07.22 09:00,3389.02,3390.62,3384.62,3386.19
2025.07.22 10:00,3386.21,3388.62,3385.92,3387.06
2025.07.22 11:00,3387.00,3391.71,3386.67,3391.44
2025.07.22 12:00,3391.42,3407.88,3391.12,3407.59
2025.07.22 13:00,3407.56,3420.13,3406.49,3412.32
2025.07.22 14:00,3412.39,3427.78,3405.04,3426.38
2025.07.22 15:00,3426.34,3430.56,3423.65,3426.53
2025.07.22 16:00,3426.53,3432.83,3426.29,3432.19
2025.07.22 17:00,3432.21,3433.41,3426.49,3429.33
2025.07.22 18:00,3429.35,3431.02,3427.80,3429.65
2025.07.22 19:00,3429.65,3432.50,3428.99,3431.63
2025.07.22 20:00,3431.58,3432.72,3427.53,3431.24
2025.07.22 23:00,3427.87,3433.15,3426.26,3427.43
2025.07.23 00:00,3427.41,3438.88,3426.97,3428.77
2025.07.23 01:00,3428.77,3430.64,3421.02,3421.09
2025.07.23 02:00,3421.05,3424.88,3419.23,3423.11
2025.07.23 03:00,3423.11,3428.61,3422.85,3423.00
2025.07.23 04:00,3423.03,3425.24,3422.01,3423.64
2025.07.23 05:00,3423.63,3423.87,3416.36,3420.38
2025.07.23 06:00,3420.36,3425.19,3419.53,3425.13
2025.07.23 07:00,3425.06,3429.67,3419.96,3420.74
2025.07.23 08:00,3420.79,3428.79,3420.56,3428.49
2025.07.23 09:00,3428.49,3433.81,3428.34,3431.12
2025.07.23 10:00,3431.12,3431.34,3421.17,3422.75
2025.07.23 11:00,3422.75,3429.81,3420.41,3428.20
2025.07.23 12:00,3428.20,3429.92,3419.88,3419.97
2025.07.23 13:00,3419.97,3420.53,3405.63,3413.43
2025.07.23 14:00,3413.39,3419.89,3410.69,3413.61
2025.07.23 15:00,3413.61,3415.83,3398.20,3398.20
2025.07.23 16:00,3398.19,3398.19,3381.53,3387.44
2025.07.23 17:00,3387.44,3394.80,3385.71,3393.24
2025.07.23 18:00,3393.31,3395.95,3392.05,3393.62
2025.07.23 19:00,3393.66,3395.93,3388.58,3390.10
2025.07.23 20:00,3390.13,3390.43,3385.89,3387.13
2025.07.23 23:00,3386.86,3391.58,3386.49,3390.03
2025.07.24 00:00,3390.14,3393.21,3388.57,3391.46
2025.07.24 01:00,3391.46,3393.34,3384.03,3387.62
2025.07.24 02:00,3387.62,3388.86,3380.65,3383.81
2025.07.24 03:00,3383.81,3385.93,3374.67,3383.78
2025.07.24 04:00,3383.78,3385.35,3381.02,3382.63
2025.07.24 05:00,3382.63,3382.93,3374.47,3379.26
2025.07.24 06:00,3379.26,3379.71,3369.99,3375.90
2025.07.24 07:00,3375.90,3377.56,3366.02,3367.67
2025.07.24 08:00,3367.82,3374.66,3365.89,3369.75
2025.07.24 09:00,3369.67,3370.13,3361.99,3363.69
2025.07.24 10:00,3363.71,3367.29,3362.24,3364.36
2025.07.24 11:00,3364.36,3366.51,3361.26,3362.22
2025.07.24 12:00,3362.17,3365.55,3352.68,3353.46
2025.07.24 13:00,3353.46,3372.16,3351.40,3366.79
2025.07.24 14:00,3366.80,3377.37,3365.82,3373.63
2025.07.24 15:00,3373.61,3375.28,3370.37,3372.58
2025.07.24 16:00,3372.58,3373.78,3366.95,3366.96
2025.07.24 17:00,3366.99,3371.81,3366.33,3369.99
2025.07.24 18:00,3369.99,3373.48,3367.48,3372.02
2025.07.24 19:00,3372.02,3373.12,3370.14,3370.44
2025.07.24 20:00,3370.45,3371.19,3367.08,3368.32
2025.07.24 23:00,3368.75,3371.40,3366.74,3369.43
2025.07.25 00:00,3369.43,3373.47,3368.36,3372.18
2025.07.25 01:00,3372.20,3372.69,3366.42,3370.44
2025.07.25 02:00,3370.54,3370.57,3362.39,3363.01
2025.07.25 03:00,3362.93,3363.40,3358.87,3359.12
2025.07.25 04:00,3359.02,3363.48,3357.82,3360.92
2025.07.25 05:00,3361.08,3362.31,3355.32,3358.70
2025.07.25 06:00,3358.70,3359.64,3354.68,3359.40
2025.07.25 07:00,3359.40,3360.15,3352.71,3354.09
2025.07.25 08:00,3354.09,3355.35,3344.48,3345.48
2025.07.25 09:00,3345.48,3348.85,3343.14,3345.88
2025.07.25 10:00,3345.83,3348.00,3340.95,3342.86
2025.07.25 11:00,3342.97,3345.17,3338.67,3341.11
2025.07.25 12:00,3341.05,3344.16,3336.64,3340.75
2025.07.25 13:00,3340.75,3347.58,3336.79,3343.84
2025.07.25 14:00,3343.88,3344.85,3330.63,3331.94
2025.07.25 15:00,3331.92,3335.93,3325.02,3327.82
2025.07.25 16:00,3327.81,3331.38,3326.25,3329.71
2025.07.25 17:00,3329.71,3336.85,3329.69,3335.97
2025.07.25 18:00,3336.01,3339.42,3335.89,3338.77
2025.07.25 19:00,3338.72,3340.27,3337.17,3337.68
2025.07.25 20:00,3337.83,3339.19,3335.57,3336.45
2025.07.27 23:00,3329.54,3337.42,3329.38,3333.63
2025.07.28 00:00,3333.63,3335.98,3327.65,3333.42
2025.07.28 01:00,3333.39,3338.75,3329.86,3332.01
2025.07.28 02:00,3331.99,3336.53,3330.63,3335.63
2025.07.28 03:00,3335.42,3343.27,3334.46,3343.27
2025.07.28 04:00,3343.14,3344.01,3339.43,3339.61
2025.07.28 05:00,3339.61,3344.12,3338.05,3343.36
2025.07.28 06:00,3343.33,3345.33,3335.84,3340.11
2025.07.28 07:00,3340.11,3342.00,3333.96,3335.00
2025.07.28 08:00,3334.86,3338.85,3332.31,3336.08
2025.07.28 09:00,3336.08,3340.78,3335.93,3337.85
2025.07.28 10:00,3337.85,3338.83,3334.17,3335.90
2025.07.28 11:00,3335.90,3338.33,3334.38,3336.48
2025.07.28 12:00,3336.48,3338.35,3325.54,3328.40
2025.07.28 13:00,3328.39,3330.62,3301.83,3302.28
2025.07.28 14:00,3302.24,3314.83,3301.80,3307.91
2025.07.28 15:00,3307.91,3317.20,3306.60,3314.75
2025.07.28 16:00,3314.75,3314.98,3311.45,3312.25
2025.07.28 17:00,3312.26,3313.23,3308.77,3310.77
2025.07.28 18:00,3310.75,3315.60,3310.22,3313.69
2025.07.28 19:00,3313.64,3318.87,3313.03,3317.14
2025.07.28 20:00,3317.04,3318.50,3313.97,3314.45
2025.07.28 23:00,3314.56,3314.65,3310.46,3312.57
2025.07.29 00:00,3312.57,3315.82,3307.99,3311.62
2025.07.29 01:00,3311.54,3320.88,3308.59,3318.94
2025.07.29 02:00,3318.94,3320.29,3317.53,3318.91
2025.07.29 03:00,3318.73,3318.86,3311.26,3312.59
2025.07.29 04:00,3312.59,3317.40,3309.03,3316.49
2025.07.29 05:00,3316.49,3320.11,3314.25,3319.95
2025.07.29 06:00,3319.95,3322.34,3316.24,3317.04
2025.07.29 07:00,3317.22,3318.69,3311.31,3317.10
2025.07.29 08:00,3317.10,3329.88,3316.71,3326.37
2025.07.29 09:00,3326.37,3328.21,3320.90,3324.54
2025.07.29 10:00,3324.54,3326.38,3322.05,3322.14
2025.07.29 11:00,3322.15,3322.23,3314.98,3315.24
2025.07.29 12:00,3315.30,3324.58,3315.27,3323.38
2025.07.29 13:00,3323.38,3324.23,3312.79,3317.79
2025.07.29 14:00,3317.69,3329.53,3311.98,3328.92
2025.07.29 15:00,3328.93,3334.14,3319.61,3320.63
2025.07.29 16:00,3320.65,3324.72,3319.08,3323.15
2025.07.29 17:00,3323.19,3329.34,3323.02,3328.30
2025.07.29 18:00,3328.33,3330.83,3325.34,3325.85
2025.07.29 19:00,3325.85,3328.73,3322.60,3325.08
2025.07.29 20:00,3325.06,3326.65,3324.73,3326.44
2025.07.29 23:00,3327.68,3328.27,3326.15,3327.56
2025.07.30 00:00,3327.56,3333.67,3327.22,3330.26
2025.07.30 01:00,3330.26,3333.28,3321.80,3323.25
2025.07.30 02:00,3323.27,3332.36,3323.27,3329.42
2025.07.30 03:00,3329.42,3329.84,3326.06,3328.39
2025.07.30 04:00,3328.39,3329.81,3325.77,3327.15
2025.07.30 05:00,3327.15,3330.60,3324.41,3324.95
2025.07.30 06:00,3324.95,3327.56,3323.12,3327.12
2025.07.30 07:00,3327.26,3332.18,3325.61,3327.76
2025.07.30 08:00,3328.12,3333.44,3327.59,3332.22
2025.07.30 09:00,3332.03,3334.01,3329.37,3331.25
2025.07.30 10:00,3331.25,3332.95,3326.65,3328.54
2025.07.30 11:00,3328.60,3331.67,3324.02,3330.84
2025.07.30 12:00,3330.84,3331.83,3310.61,3313.09
2025.07.30 13:00,3313.33,3316.09,3298.39,3303.02
2025.07.30 14:00,3303.01,3308.43,3301.23,3302.14
2025.07.30 15:00,3302.14,3303.33,3288.67,3290.40
2025.07.30 16:00,3290.42,3298.57,3289.97,3298.09
2025.07.30 17:00,3298.17,3302.09,3297.56,3302.09
2025.07.30 18:00,3301.46,3304.89,3279.63,3280.29
2025.07.30 19:00,3280.22,3282.64,3268.08,3269.35
2025.07.30 20:00,3269.30,3276.07,3268.84,3275.36
2025.07.30 23:00,3278.99,3285.78,3277.81,3285.33
2025.07.31 00:00,3285.30,3288.44,3282.72,3286.49
2025.07.31 01:00,3286.48,3293.97,3285.18,3293.83
2025.07.31 02:00,3293.85,3297.45,3290.47,3297.21
2025.07.31 03:00,3297.26,3298.59,3293.47,3295.04
2025.07.31 04:00,3294.96,3298.42,3293.69,3298.11
2025.07.31 05:00,3298.11,3301.53,3294.75,3299.70
2025.07.31 06:00,3299.69,3304.66,3298.10,3299.09
2025.07.31 07:00,3299.11,3309.70,3298.09,3303.37
2025.07.31 08:00,3304.51,3314.80,3303.67,3309.91
2025.07.31 09:00,3309.91,3313.14,3304.87,3306.67
2025.07.31 10:00,3306.68,3308.04,3293.78,3296.26
2025.07.31 11:00,3296.50,3307.80,3295.07,3306.19
2025.07.31 12:00,3306.22,3311.13,3303.97,3307.61
2025.07.31 13:00,3307.46,3310.39,3300.59,3301.41
2025.07.31 14:00,3301.41,3303.13,3291.42,3296.16
2025.07.31 15:00,3296.10,3299.00,3291.33,3295.58
2025.07.31 16:00,3295.54,3297.32,3289.68,3295.01
2025.07.31 17:00,3295.00,3298.46,3293.98,3294.99
2025.07.31 18:00,3295.00,3297.10,3292.79,3295.75
2025.07.31 19:00,3295.73,3296.37,3290.51,3290.98
2025.07.31 20:00,3291.00,3293.70,3289.65,3289.65
2025.07.31 23:00,3294.97,3295.09,3288.07,3288.59
2025.08.01 00:00,3288.57,3293.77,3286.46,3290.26
2025.08.01 01:00,3290.19,3293.61,3281.63,3283.72
2025.08.01 02:00,3283.46,3292.46,3283.38,3291.79
2025.08.01 03:00,3291.76,3297.10,3290.55,3291.37
2025.08.01 04:00,3291.37,3295.54,3290.08,3292.11
2025.08.01 05:00,3292.11,3300.42,3291.64,3296.66
2025.08.01 06:00,3296.68,3297.39,3290.61,3292.44
2025.08.01 07:00,3292.47,3293.43,3285.23,3286.85
2025.08.01 08:00,3286.85,3294.43,3285.44,3294.28
2025.08.01 09:00,3294.37,3296.35,3292.78,3294.47
2025.08.01 10:00,3294.53,3303.10,3293.31,3298.28
2025.08.01 11:00,3298.28,3301.40,3296.88,3300.36
2025.08.01 12:00,3300.43,3345.22,3297.46,3341.32
2025.08.01 13:00,3341.34,3354.74,3338.90,3342.09
2025.08.01 14:00,3342.09,3355.14,3341.33,3345.92
2025.08.01 15:00,3345.93,3351.23,3341.58,3348.59
2025.08.01 16:00,3348.59,3349.47,3340.56,3347.32
2025.08.01 17:00,3347.32,3349.46,3345.59,3348.29
2025.08.01 18:00,3348.30,3351.31,3345.95,3347.58
2025.08.01 19:00,3347.61,3361.28,3347.61,3357.24
2025.08.01 20:00,3357.27,3363.26,3357.05,3362.63
2025.08.03 23:00,3359.26,3361.98,3354.52,3361.91
2025.08.04 00:00,3361.96,3362.30,3350.34,3352.19
2025.08.04 01:00,3352.21,3353.63,3345.00,3352.23
2025.08.04 02:00,3352.27,3355.24,3350.19,3354.28
2025.08.04 03:00,3354.31,3360.86,3354.31,3360.31
2025.08.04 04:00,3360.29,3362.11,3358.78,3358.88
2025.08.04 05:00,3358.88,3360.93,3355.47,3357.54
2025.08.04 06:00,3357.54,3362.67,3353.63,3362.61
2025.08.04 07:00,3362.59,3362.59,3351.75,3355.81
2025.08.04 08:00,3355.98,3359.83,3354.09,3358.47
2025.08.04 09:00,3358.47,3361.81,3356.90,3357.97
2025.08.04 10:00,3357.93,3358.85,3353.01,3357.84
2025.08.04 11:00,3357.88,3370.72,3357.71,3370.33
2025.08.04 12:00,3370.33,3371.44,3360.95,3367.86
2025.08.04 13:00,3367.86,3385.42,3367.10,3383.40
2025.08.04 14:00,3383.44,3384.64,3371.94,3374.03
2025.08.04 15:00,3374.02,3376.13,3370.76,3374.32
2025.08.04 16:00,3374.32,3378.21,3370.58,3371.03
2025.08.04 17:00,3371.01,3374.29,3370.76,3374.02
2025.08.04 18:00,3374.05,3376.86,3373.25,3375.79
2025.08.04 19:00,3375.68,3377.17,3374.55,3376.01
2025.08.04 20:00,3375.95,3376.94,3373.13,3373.49
2025.08.04 23:00,3374.81,3379.68,3374.77,3377.41
2025.08.05 00:00,3377.44,3381.34,3375.90,3379.85
2025.08.05 01:00,3379.85,3382.39,3378.00,3379.06
2025.08.05 02:00,3379.02,3381.35,3373.68,3373.68
2025.08.05 03:00,3373.68,3375.44,3372.07,3372.11
2025.08.05 04:00,3372.05,3373.18,3370.98,3371.15
2025.08.05 05:00,3371.14,3374.10,3367.62,3374.00
2025.08.05 06:00,3374.00,3374.15,3365.77,3366.22
2025.08.05 07:00,3366.16,3375.53,3366.08,3373.71
2025.08.05 08:00,3373.65,3374.66,3366.04,3366.07
2025.08.05 09:00,3366.08,3366.29,3358.99,3359.68
2025.08.05 10:00,3359.68,3361.75,3352.91,3353.16
2025.08.05 11:00,3353.13,3354.29,3349.94,3351.36
2025.08.05 12:00,3351.36,3366.99,3349.91,3366.14
2025.08.05 13:00,3366.24,3379.57,3365.90,3373.81
2025.08.05 14:00,3373.81,3386.57,3370.56,3385.19
2025.08.05 15:00,3385.26,3390.07,3381.99,3389.53
2025.08.05 16:00,3389.53,3390.41,3376.95,3382.08
2025.08.05 17:00,3382.10,3382.82,3378.99,3380.09
2025.08.05 18:00,3380.09,3381.13,3378.48,3380.06
2025.08.05 19:00,3380.04,3381.36,3378.02,3378.98
2025.08.05 20:00,3379.03,3380.69,3378.35,3380.28
2025.08.05 23:00,3379.64,3383.93,3378.99,3383.25
2025.08.06 00:00,3383.15,3385.28,3380.86,3383.47
2025.08.06 01:00,3383.47,3383.63,3373.13,3376.06
2025.08.06 02:00,3375.92,3377.87,3374.11,3376.35
2025.08.06 03:00,3376.34,3378.37,3373.44,3374.58
2025.08.06 04:00,3374.58,3376.47,3372.23,3372.43
2025.08.06 05:00,3372.43,3374.68,3370.70,3374.31
2025.08.06 06:00,3374.31,3378.58,3373.24,3375.18
2025.08.06 07:00,3375.18,3377.11,3369.07,3373.58
2025.08.06 08:00,3373.44,3374.75,3364.77,3365.12
2025.08.06 09:00,3365.14,3367.81,3358.26,3358.95
2025.08.06 10:00,3358.95,3365.52,3357.73,3363.67
2025.08.06 11:00,3363.36,3367.07,3360.73,3365.20
2025.08.06 12:00,3365.20,3369.27,3360.22,3367.46
2025.08.06 13:00,3367.52,3373.53,3365.23,3371.69
2025.08.06 14:00,3371.66,3379.42,3369.57,3379.39
2025.08.06 15:00,3379.40,3379.93,3370.28,3377.47
2025.08.06 16:00,3377.46,3379.47,3372.90,3376.08
2025.08.06 17:00,3376.12,3377.61,3370.86,3374.60
2025.08.06 18:00,3374.56,3374.61,3369.07,3371.62
2025.08.06 19:00,3371.60,3373.14,3370.21,3371.68
2025.08.06 20:00,3371.67,3372.17,3367.04,3369.06
2025.08.06 23:00,3371.92,3371.94,3367.66,3370.25
2025.08.07 00:00,3370.21,3374.80,3365.27,3372.27
2025.08.07 01:00,3372.24,3382.56,3370.12,3382.33
2025.08.07 02:00,3382.33,3384.05,3378.28,3379.55
2025.08.07 03:00,3379.55,3380.32,3376.56,3379.76
2025.08.07 04:00,3379.78,3380.64,3376.90,3377.62
2025.08.07 05:00,3377.74,3381.04,3371.66,3375.52
2025.08.07 06:00,3375.52,3387.82,3375.15,3387.82
2025.08.07 07:00,3388.15,3397.02,3386.29,3396.21
2025.08.07 08:00,3396.54,3396.60,3372.47,3378.27
2025.08.07 09:00,3378.40,3381.32,3373.37,3376.76
2025.08.07 10:00,3376.76,3378.81,3371.80,3372.99
2025.08.07 11:00,3373.00,3383.24,3371.84,3378.24
2025.08.07 12:00,3378.32,3389.69,3375.29,3380.82
2025.08.07 13:00,3380.78,3393.85,3379.95,3384.95
2025.08.07 14:00,3384.94,3390.26,3375.18,3387.83
2025.08.07 15:00,3388.11,3390.76,3384.42,3390.11
2025.08.07 16:00,3390.11,3392.58,3387.15,3388.86
2025.08.07 17:00,3388.87,3393.02,3384.37,3392.25
2025.08.07 18:00,3392.29,3393.96,3387.65,3388.22
2025.08.07 19:00,3388.22,3400.70,3387.32,3399.79
2025.08.07 20:00,3399.76,3401.77,3391.94,3393.43
2025.08.07 23:00,3404.55,3406.40,3395.96,3400.54
2025.08.08 00:00,3400.53,3402.27,3386.92,3389.40
2025.08.08 01:00,3389.40,3390.64,3381.15,3383.47
2025.08.08 02:00,3383.53,3389.82,3383.23,3388.39
2025.08.08 03:00,3388.36,3397.81,3383.48,3395.86
2025.08.08 04:00,3395.86,3399.41,3393.24,3394.30
2025.08.08 05:00,3394.28,3395.99,3390.25,3392.25
2025.08.08 06:00,3392.23,3398.00,3388.81,3393.46
2025.08.08 07:00,3393.53,3404.31,3391.28,3402.08
2025.08.08 08:00,3402.11,3402.63,3394.06,3394.32
2025.08.08 09:00,3394.35,3401.48,3393.96,3400.70
2025.08.08 10:00,3400.79,3400.99,3384.36,3385.17
2025.08.08 11:00,3385.06,3388.54,3380.62,3386.09
2025.08.08 12:00,3386.09,3401.72,3385.25,3391.62
2025.08.08 13:00,3391.58,3401.63,3387.65,3400.19
2025.08.08 14:00,3400.20,3401.13,3380.65,3390.60
2025.08.08 15:00,3390.59,3395.40,3388.70,3395.34
2025.08.08 16:00,3395.34,3400.64,3393.57,3397.42
2025.08.08 17:00,3397.42,3399.50,3384.82,3385.02
2025.08.08 18:00,3381.94,3403.52,3381.94,3395.50
2025.08.08 19:00,3395.32,3400.68,3392.40,3398.57
2025.08.08 20:00,3398.59,3399.01,3392.14,3397.06
2025.08.10 23:00,3395.33,3396.98,3390.12,3391.43
2025.08.11 00:00,3391.45,3391.59,3381.41,3381.66
2025.08.11 01:00,3381.65,3384.03,3367.59,3377.61
2025.08.11 02:00,3377.58,3379.96,3369.66,3377.18
2025.08.11 03:00,3377.18,3380.18,3374.11,3378.24
2025.08.11 04:00,3378.35,3379.76,3375.55,3375.85
2025.08.11 05:00,3375.85,3380.07,3374.02,3377.12
2025.08.11 06:00,3377.13,3377.13,3363.83,3365.83
2025.08.11 07:00,3365.83,3366.44,3357.03,3360.20
2025.08.11 08:00,3360.26,3365.86,3358.89,3361.93
2025.08.11 09:00,3361.93,3363.73,3352.98,3353.25
2025.08.11 10:00,3353.29,3363.89,3352.99,3358.48
2025.08.11 11:00,3358.44,3358.91,3349.94,3355.30
2025.08.11 12:00,3355.13,3357.58,3344.50,3356.91
2025.08.11 13:00,3356.91,3362.87,3348.40,3358.64
2025.08.11 14:00,3358.67,3359.30,3341.50,3346.32
2025.08.11 15:00,3346.59,3352.22,3344.88,3349.44
2025.08.11 16:00,3349.43,3350.26,3342.58,3344.10
2025.08.11 17:00,3344.13,3358.89,3341.27,3357.64
2025.08.11 18:00,3357.69,3358.68,3352.10,3356.21
2025.08.11 19:00,3356.21,3356.87,3350.49,3351.60
2025.08.11 20:00,3351.55,3351.77,3341.68,3341.81
2025.08.11 23:00,3347.07,3349.56,3346.20,3348.98
2025.08.12 00:00,3349.03,3355.76,3347.39,3354.49
2025.08.12 01:00,3354.52,3357.45,3346.20,3349.75
2025.08.12 02:00,3349.79,3354.32,3349.68,3353.01
2025.08.12 03:00,3353.01,3355.34,3348.12,3349.34
2025.08.12 04:00,3349.31,3355.70,3348.56,3354.39
2025.08.12 05:00,3354.45,3355.71,3350.45,3354.57
2025.08.12 06:00,3354.56,3354.90,3342.30,3345.46
2025.08.12 07:00,3345.48,3358.12,3343.79,3355.65
2025.08.12 08:00,3355.65,3355.84,3345.52,3347.93
2025.08.12 09:00,3347.86,3351.80,3344.48,3345.58
2025.08.12 10:00,3345.47,3350.57,3343.96,3344.67
2025.08.12 11:00,3344.94,3348.35,3336.11,3347.53
2025.08.12 12:00,3347.54,3358.06,3338.58,3349.96
2025.08.12 13:00,3349.93,3356.96,3340.14,3345.66
2025.08.12 14:00,3345.51,3346.60,3331.09,3337.46
2025.08.12 15:00,3337.44,3359.04,3336.91,3349.84
2025.08.12 16:00,3349.85,3351.22,3345.85,3349.47
2025.08.12 17:00,3349.47,3350.66,3346.42,3349.06
2025.08.12 18:00,3349.06,3350.84,3347.50,3349.00
2025.08.12 19:00,3349.02,3349.35,3345.57,3347.51
2025.08.12 20:00,3347.53,3349.90,3346.00,3347.68
2025.08.12 23:00,3350.49,3352.08,3349.68,3350.60
2025.08.13 00:00,3350.60,3350.70,3342.69,3343.51
2025.08.13 01:00,3343.59,3352.04,3342.64,3350.88
2025.08.13 02:00,3350.90,3354.30,3346.63,3351.80
2025.08.13 03:00,3351.80,3352.97,3348.58,3349.58
2025.08.13 04:00,3349.58,3352.35,3348.16,3351.80
2025.08.13 05:00,3351.77,3352.12,3345.67,3349.20
2025.08.13 06:00,3349.19,3357.60,3348.92,3357.14
2025.08.13 07:00,3357.07,3360.95,3353.85,3354.65
2025.08.13 08:00,3354.52,3363.48,3352.83,3360.28
2025.08.13 09:00,3360.34,3366.63,3358.66,3364.62
2025.08.13 10:00,3364.62,3367.01,3363.12,3366.15
2025.08.13 11:00,3366.13,3367.07,3358.98,3362.35
2025.08.13 12:00,3362.41,3363.77,3355.52,3358.09
2025.08.13 13:00,3357.87,3365.87,3354.27,3365.07
2025.08.13 14:00,3365.12,3370.81,3361.03,3363.14
2025.08.13 15:00,3363.38,3363.60,3354.35,3357.74
2025.08.13 16:00,3357.83,3360.93,3357.07,3357.94
2025.08.13 17:00,3358.14,3359.39,3352.76,3353.70
2025.08.13 18:00,3353.70,3354.44,3349.93,3353.76
2025.08.13 19:00,3353.73,3358.80,3352.60,3357.83
2025.08.13 20:00,3357.80,3358.19,3355.38,3355.68
2025.08.13 23:00,3357.59,3363.46,3357.53,3362.76
2025.08.14 00:00,3362.77,3374.79,3362.73,3369.50
2025.08.14 01:00,3369.35,3370.83,3365.21,3367.41
2025.08.14 02:00,3367.41,3369.29,3362.70,3362.79
2025.08.14 03:00,3362.73,3364.08,3355.57,3360.40
2025.08.14 04:00,3360.71,3361.82,3358.53,3360.45
2025.08.14 05:00,3360.46,3361.84,3356.21,3358.89
2025.08.14 06:00,3358.78,3362.40,3356.02,3362.07
2025.08.14 07:00,3362.03,3366.37,3343.60,3346.03
2025.08.14 08:00,3345.81,3350.42,3341.46,3346.19
2025.08.14 09:00,3346.19,3359.12,3345.08,3356.55
2025.08.14 10:00,3356.56,3359.02,3352.17,3354.95
2025.08.14 11:00,3354.95,3357.12,3352.51,3355.45
2025.08.14 12:00,3355.51,3358.38,3342.04,3350.58
2025.08.14 13:00,3350.48,3356.07,3343.83,3344.16
2025.08.14 14:00,3344.08,3346.62,3334.25,3340.58
2025.08.14 15:00,3340.77,3342.87,3335.34,3341.80
2025.08.14 16:00,3341.74,3342.10,3329.79,3334.38
2025.08.14 17:00,3334.38,3338.47,3331.86,3337.78
2025.08.14 18:00,3337.89,3339.34,3336.06,3338.29
2025.08.14 19:00,3338.10,3341.07,3337.95,3338.01
2025.08.14 20:00,3337.97,3338.53,3334.46,3335.05
2025.08.14 23:00,3333.38,3336.63,3332.21,3335.57
2025.08.15 00:00,3335.57,3338.70,3332.42,3337.09
2025.08.15 01:00,3337.17,3340.29,3333.28,3339.61
2025.08.15 02:00,3339.57,3340.83,3336.71,3340.51
2025.08.15 03:00,3340.63,3344.81,3340.09,3343.40
2025.08.15 04:00,3343.35,3346.68,3343.28,3345.48
2025.08.15 05:00,3345.48,3348.74,3341.98,3343.81
2025.08.15 06:00,3343.81,3344.07,3340.20,3340.41
2025.08.15 07:00,3340.40,3346.64,3340.11,3346.23
2025.08.15 08:00,3346.23,3348.29,3338.38,3341.26
2025.08.15 09:00,3341.25,3344.97,3338.50,3342.74
2025.08.15 10:00,3342.74,3342.74,3336.25,3337.69
2025.08.15 11:00,3337.64,3344.15,3337.12,3342.34
2025.08.15 12:00,3342.34,3343.92,3333.54,3342.68
2025.08.15 13:00,3342.73,3345.98,3332.95,3335.56
2025.08.15 14:00,3335.56,3343.62,3335.16,3341.78
2025.08.15 15:00,3341.76,3345.03,3341.42,3342.31
2025.08.15 16:00,3342.31,3342.44,3335.78,3338.17
2025.08.15 17:00,3338.20,3338.95,3335.10,3336.05
2025.08.15 18:00,3336.18,3338.26,3334.75,3335.99
2025.08.15 19:00,3335.98,3339.59,3334.38,3339.15
2025.08.15 20:00,3338.99,3339.39,3334.88,3335.39
2025.08.17 23:00,3334.32,3334.44,3323.53,3327.11
2025.08.18 00:00,3327.11,3342.76,3326.78,3340.66
2025.08.18 01:00,3340.66,3347.33,3339.64,3346.89
2025.08.18 02:00,3346.79,3347.54,3342.40,3343.43
2025.08.18 03:00,3343.34,3351.80,3343.32,3347.04
2025.08.18 04:00,3347.05,3358.16,3346.76,3357.52
2025.08.18 05:00,3357.50,3358.38,3346.53,3349.59
2025.08.18 06:00,3349.58,3351.16,3346.15,3349.52
2025.08.18 07:00,3349.50,3355.61,3347.19,3349.04
2025.08.18 08:00,3349.01,3349.90,3344.57,3348.68
2025.08.18 09:00,3348.68,3351.67,3347.51,3348.13
2025.08.18 10:00,3347.97,3351.41,3346.54,3346.63
2025.08.18 11:00,3346.63,3348.71,3344.55,3345.45
2025.08.18 12:00,3345.55,3348.81,3343.12,3344.73
2025.08.18 13:00,3344.73,3344.93,3335.73,3336.83
2025.08.18 14:00,3336.72,3338.67,3332.42,3334.30
2025.08.18 15:00,3334.30,3336.79,3332.25,3335.63
2025.08.18 16:00,3335.66,3335.87,3331.73,3334.30
2025.08.18 17:00,3334.30,3334.89,3331.67,3333.70
2025.08.18 18:00,3333.64,3333.81,3331.48,3331.88
2025.08.18 19:00,3331.92,3334.22,3330.24,3333.52
2025.08.18 20:00,3333.56,3334.32,3332.32,3332.36
2025.08.18 23:00,3334.50,3334.66,3330.52,3330.97
2025.08.19 00:00,3330.97,3339.22,3326.06,3335.20
2025.08.19 01:00,3335.20,3335.65,3330.28,3332.99
2025.08.19 02:00,3332.86,3338.08,3329.49,3338.00
2025.08.19 03:00,3338.06,3341.62,3337.10,3337.81
2025.08.19 04:00,3337.81,3338.20,3334.44,3337.72
2025.08.19 05:00,3337.56,3340.62,3335.78,3336.13
2025.08.19 06:00,3336.13,3338.81,3334.45,3336.03
2025.08.19 07:00,3336.08,3341.81,3334.98,3340.73
2025.08.19 08:00,3340.74,3340.97,3336.51,3338.00
2025.08.19 09:00,3338.00,3339.67,3336.93,3339.33
2025.08.19 10:00,3339.34,3345.30,3339.29,3343.60
2025.08.19 11:00,3343.58,3344.74,3339.24,3339.76
2025.08.19 12:00,3339.76,3340.56,3334.27,3334.78
2025.08.19 13:00,3334.76,3339.36,3325.77,3333.93
2025.08.19 14:00,3334.05,3336.97,3320.92,3325.34
2025.08.19 15:00,3325.42,3326.74,3321.63,3322.63
2025.08.19 16:00,3322.61,3324.41,3317.02,3317.49
2025.08.19 17:00,3317.57,3320.07,3314.97,3317.54
2025.08.19 18:00,3317.54,3320.17,3316.80,3318.45
2025.08.19 19:00,3318.63,3318.87,3315.57,3315.87
2025.08.19 20:00,3315.83,3317.49,3314.83,3315.54
2025.08.19 23:00,3316.87,3316.87,3312.83,3314.30
2025.08.20 00:00,3314.16,3316.86,3312.84,3316.04
2025.08.20 01:00,3316.04,3317.79,3311.48,3315.31
2025.08.20 02:00,3315.31,3317.13,3312.41,3314.03
2025.08.20 03:00,3314.03,3318.54,3313.99,3317.55
2025.08.20 04:00,3317.55,3320.96,3317.22,3318.72
2025.08.20 05:00,3318.74,3323.81,3318.16,3323.42
2025.08.20 06:00,3323.35,3326.02,3322.25,3323.10
2025.08.20 07:00,3323.00,3327.50,3321.59,3324.88
2025.08.20 08:00,3324.77,3325.70,3320.93,3325.01
2025.08.20 09:00,3325.01,3327.41,3323.54,3326.18
2025.08.20 10:00,3326.12,3327.88,3323.77,3326.64
2025.08.20 11:00,3326.45,3332.88,3325.75,3332.34
2025.08.20 12:00,3332.39,3344.86,3332.15,3342.86
2025.08.20 13:00,3342.86,3348.32,3338.89,3344.83
2025.08.20 14:00,3344.84,3350.21,3340.02,3346.89
2025.08.20 15:00,3346.89,3346.98,3338.92,3340.73
2025.08.20 16:00,3340.74,3346.07,3340.74,3345.20
2025.08.20 17:00,3345.20,3348.10,3344.10,3346.76
2025.08.20 18:00,3346.77,3346.97,3344.00,3345.69
2025.08.20 19:00,3345.71,3349.29,3345.08,3348.73
2025.08.20 20:00,3348.54,3349.26,3347.29,3348.15
2025.08.20 23:00,3349.63,3349.63,3346.37,3346.95
2025.08.21 00:00,3346.95,3346.95,3341.46,3342.32
2025.08.21 01:00,3342.42,3346.37,3340.80,3342.80
2025.08.21 02:00,3342.75,3345.05,3340.45,3344.59
2025.08.21 03:00,3344.59,3344.78,3339.70,3339.94
2025.08.21 04:00,3339.80,3341.04,3337.90,3338.26
2025.08.21 05:00,3338.28,3340.64,3337.02,3338.82
2025.08.21 06:00,3338.80,3339.92,3334.29,3336.64
2025.08.21 07:00,3336.56,3341.50,3335.40,3339.70
2025.08.21 08:00,3339.78,3341.36,3337.80,3339.60
2025.08.21 09:00,3339.58,3342.19,3338.00,3340.65
2025.08.21 10:00,3340.64,3341.58,3327.50,3328.43
2025.08.21 11:00,3328.62,3334.41,3325.28,3333.61
2025.08.21 12:00,3333.69,3345.03,3333.69,3341.93
2025.08.21 13:00,3341.90,3347.46,3336.13,3339.48
2025.08.21 14:00,3339.47,3348.10,3337.89,3344.23
2025.08.21 15:00,3344.23,3346.17,3337.56,3343.64
2025.08.21 16:00,3343.62,3343.93,3338.30,3339.78
2025.08.21 17:00,3339.83,3342.02,3336.94,3337.07
2025.08.21 18:00,3337.07,3339.59,3336.60,3339.35
2025.08.21 19:00,3339.35,3341.99,3337.91,3338.79
2025.08.21 20:00,3338.84,3339.25,3337.69,3338.45
2025.08.21 23:00,3338.89,3339.52,3337.37,3338.36
2025.08.22 00:00,3338.38,3339.81,3334.98,3339.60
2025.08.22 01:00,3339.60,3340.26,3333.72,3334.12
2025.08.22 02:00,3334.12,3336.26,3332.80,3334.13
2025.08.22 03:00,3334.06,3335.39,3331.76,3331.97
2025.08.22 04:00,3331.97,3332.67,3327.97,3328.39
2025.08.22 05:00,3328.39,3331.39,3327.19,3330.09
2025.08.22 06:00,3330.09,3330.39,3325.72,3329.50
2025.08.22 07:00,3329.30,3335.10,3325.80,3327.48
2025.08.22 08:00,3327.48,3330.63,3325.34,3328.77
2025.08.22 09:00,3328.77,3331.66,3328.22,3330.17
2025.08.22 10:00,3330.18,3331.73,3328.97,3330.96
2025.08.22 11:00,3331.08,3331.08,3327.73,3329.37
2025.08.22 12:00,3329.37,3330.00,3321.44,3323.49
2025.08.22 13:00,3323.43,3336.10,3323.19,3333.76
2025.08.22 14:00,3333.76,3376.73,3333.76,3373.85
2025.08.22 15:00,3373.83,3378.78,3367.37,3367.88
2025.08.22 16:00,3367.81,3374.18,3367.81,3370.53
2025.08.22 17:00,3370.53,3375.52,3370.45,3374.23
2025.08.22 18:00,3374.19,3375.05,3371.06,3372.73
2025.08.22 19:00,3372.77,3373.56,3368.90,3373.12
2025.08.22 20:00,3373.19,3373.57,3370.16,3371.53
2025.08.24 23:00,3367.26,3371.00,3366.40,3369.05
2025.08.25 00:00,3369.05,3369.62,3363.28,3364.85
2025.08.25 01:00,3364.85,3367.83,3360.66,3362.91
2025.08.25 02:00,3362.91,3365.16,3359.79,3364.47
2025.08.25 03:00,3364.44,3368.06,3364.23,3367.30
2025.08.25 04:00,3367.30,3367.65,3363.86,3366.06
2025.08.25 05:00,3366.02,3366.02,3363.07,3364.61
2025.08.25 06:00,3364.62,3369.58,3364.47,3368.97
2025.08.25 07:00,3368.84,3369.84,3366.05,3366.22
2025.08.25 08:00,3366.32,3366.72,3363.42,3363.94
2025.08.25 09:00,3363.95,3368.04,3362.03,3367.39
2025.08.25 10:00,3367.51,3368.49,3365.11,3366.04
2025.08.25 11:00,3366.04,3371.49,3365.75,3370.57
2025.08.25 12:00,3370.57,3371.25,3364.27,3364.50
2025.08.25 13:00,3364.50,3371.29,3362.16,3370.83
2025.08.25 14:00,3370.81,3375.41,3369.24,3374.38
2025.08.25 15:00,3374.38,3376.27,3371.88,3374.08
2025.08.25 16:00,3374.10,3374.34,3371.72,3373.85
2025.08.25 17:00,3373.90,3374.85,3370.92,3371.06
2025.08.25 18:00,3371.12,3373.27,3369.87,3370.56
2025.08.25 19:00,3370.59,3370.85,3365.21,3365.43
2025.08.25 20:00,3365.44,3366.03,3364.05,3365.62
2025.08.25 23:00,3364.20,3364.24,3351.66,3354.84
2025.08.26 00:00,3354.93,3386.56,3351.33,3383.21
2025.08.26 01:00,3383.22,3384.86,3371.94,3376.82
2025.08.26 02:00,3376.73,3379.07,3372.85,3375.40
2025.08.26 03:00,3375.40,3375.48,3369.86,3372.23
2025.08.26 04:00,3372.19,3378.95,3372.12,3377.34
2025.08.26 05:00,3377.41,3379.03,3372.48,3376.59
2025.08.26 06:00,3376.59,3377.75,3372.48,3376.25
2025.08.26 07:00,3376.28,3379.17,3367.29,3376.82
2025.08.26 08:00,3376.78,3379.86,3375.61,3376.68
2025.08.26 09:00,3376.68,3378.55,3369.62,3371.95
2025.08.26 10:00,3371.98,3375.18,3367.27,3372.03
2025.08.26 11:00,3372.05,3380.40,3370.66,3377.55
2025.08.26 12:00,3377.60,3379.78,3370.99,3372.04
2025.08.26 13:00,3372.00,3378.10,3370.55,3375.80
2025.08.26 14:00,3375.80,3379.60,3370.35,3379.37
2025.08.26 15:00,3379.35,3389.42,3378.63,3386.70
2025.08.26 16:00,3386.68,3387.72,3382.49,3383.01
2025.08.26 17:00,3383.01,3385.88,3381.57,3381.69
2025.08.26 18:00,3381.69,3385.65,3380.27,3385.58
2025.08.26 19:00,3385.58,3390.77,3385.14,3389.71
2025.08.26 20:00,3389.68,3393.45,3389.18,3393.27
2025.08.26 23:00,3391.17,3392.95,3389.96,3390.89
2025.08.27 00:00,3390.80,3393.48,3388.96,3389.61
2025.08.27 01:00,3389.70,3389.97,3383.37,3386.26
2025.08.27 02:00,3386.21,3386.99,3382.18,3384.14
2025.08.27 03:00,3384.14,3384.51,3380.53,3380.59
2025.08.27 04:00,3380.59,3381.12,3373.90,3375.00
2025.08.27 05:00,3375.03,3378.89,3374.04,3377.19
2025.08.27 06:00,3377.21,3381.93,3376.31,3377.52
2025.08.27 07:00,3377.52,3381.62,3373.81,3381.52
2025.08.27 08:00,3381.52,3385.09,3381.08,3384.58
2025.08.27 09:00,3384.58,3385.49,3377.64,3378.14
2025.08.27 10:00,3378.14,3379.21,3374.82,3375.63
2025.08.27 11:00,3375.63,3378.15,3373.92,3376.84
2025.08.27 12:00,3376.82,3382.87,3374.28,3381.20
2025.08.27 13:00,3381.32,3384.79,3375.57,3377.85
2025.08.27 14:00,3377.77,3386.93,3376.13,3386.44
2025.08.27 15:00,3386.44,3390.37,3385.16,3388.01
2025.08.27 16:00,3388.00,3398.84,3387.52,3395.50
2025.08.27 17:00,3395.43,3397.48,3394.89,3395.20
2025.08.27 18:00,3395.20,3396.28,3392.32,3394.55
2025.08.27 19:00,3394.40,3396.29,3393.72,3396.17
2025.08.27 20:00,3396.11,3397.97,3394.14,3397.11
2025.08.27 23:00,3395.78,3399.33,3394.97,3395.71
2025.08.28 00:00,3395.70,3398.04,3391.29,3392.04
2025.08.28 01:00,3392.02,3392.88,3385.49,3385.96
2025.08.28 02:00,3385.96,3391.38,3384.55,3391.35
2025.08.28 03:00,3391.35,3392.47,3388.86,3390.17
2025.08.28 04:00,3390.16,3392.22,3388.75,3390.29
2025.08.28 05:00,3390.26,3390.85,3387.64,3389.16
2025.08.28 06:00,3389.16,3395.69,3388.81,3395.40
2025.08.28 07:00,3395.39,3397.62,3393.71,3395.81
2025.08.28 08:00,3395.54,3401.09,3393.92,3400.73
2025.08.28 09:00,3400.75,3401.59,3398.49,3399.23
2025.08.28 10:00,3399.20,3399.27,3393.80,3397.04
2025.08.28 11:00,3396.97,3407.68,3396.25,3404.05
2025.08.28 12:00,3404.03,3408.72,3396.84,3397.12
2025.08.28 13:00,3397.15,3410.38,3394.45,3407.33
2025.08.28 14:00,3407.39,3413.48,3406.53,3412.25
2025.08.28 15:00,3412.31,3413.22,3404.44,3410.96
2025.08.28 16:00,3410.97,3417.77,3409.93,3415.52
2025.08.28 17:00,3415.48,3418.77,3414.57,3417.94
2025.08.28 18:00,3417.94,3420.29,3417.32,3420.03
2025.08.28 19:00,3420.02,3423.09,3417.92,3421.96
2025.08.28 20:00,3421.97,3422.23,3416.14,3416.45
2025.08.28 23:00,3416.72,3416.79,3414.78,3414.80
2025.08.29 00:00,3414.77,3417.88,3413.02,3413.53
2025.08.29 01:00,3413.50,3413.63,3407.89,3409.92
2025.08.29 02:00,3409.84,3413.97,3409.84,3411.28
2025.08.29 03:00,3411.31,3413.56,3409.91,3410.84
2025.08.29 04:00,3410.81,3411.34,3407.51,3408.83
2025.08.29 05:00,3408.87,3410.79,3407.00,3410.37
2025.08.29 06:00,3410.37,3412.62,3407.93,3410.24
2025.08.29 07:00,3410.24,3412.69,3406.51,3412.22
2025.08.29 08:00,3412.22,3414.81,3409.68,3410.35
2025.08.29 09:00,3410.35,3411.04,3406.85,3407.43
2025.08.29 10:00,3407.43,3408.81,3404.74,3405.56
2025.08.29 11:00,3405.56,3411.34,3404.36,3410.75
2025.08.29 12:00,3410.75,3416.88,3406.73,3416.55
2025.08.29 13:00,3416.58,3429.14,3413.60,3428.58
2025.08.29 14:00,3429.20,3441.05,3429.20,3440.95
2025.08.29 15:00,3440.94,3447.68,3438.92,3445.50
2025.08.29 16:00,3445.47,3449.41,3442.29,3449.17
2025.08.29 17:00,3449.04,3450.14,3441.06,3443.83
2025.08.29 18:00,3443.84,3445.65,3441.08,3442.88
2025.08.29 19:00,3442.86,3453.86,3441.56,3452.66
2025.08.29 20:00,3452.67,3452.74,3445.80,3447.58
2025.08.31 23:00,3450.24,3450.87,3444.77,3447.99
2025.09.01 00:00,3447.84,3447.84,3442.73,3444.01
2025.09.01 01:00,3444.06,3459.26,3437.09,3457.27
2025.09.01 02:00,3457.29,3484.88,3455.08,3483.55
2025.09.01 03:00,3483.57,3486.10,3469.71,3474.55
2025.09.01 04:00,3474.69,3479.39,3472.24,3475.11
2025.09.01 05:00,3475.06,3482.71,3474.34,3477.15
2025.09.01 06:00,3477.06,3489.90,3476.81,3479.19
2025.09.01 07:00,3479.19,3480.91,3467.73,3477.86
2025.09.01 08:00,3477.86,3479.84,3474.58,3477.00
2025.09.01 09:00,3476.99,3477.12,3467.27,3469.44
2025.09.01 10:00,3469.44,3473.92,3466.38,3470.58
2025.09.01 11:00,3470.61,3473.46,3467.52,3470.05
2025.09.01 12:00,3470.03,3471.68,3467.20,3469.53
2025.09.01 13:00,3469.50,3479.08,3468.90,3475.31
2025.09.01 14:00,3475.23,3481.28,3473.65,3475.60
2025.09.01 15:00,3475.48,3479.06,3473.37,3474.11
2025.09.01 16:00,3474.11,3477.73,3472.30,3477.33
2025.09.01 17:00,3477.33,3478.95,3476.15,3477.94
2025.09.01 18:00,3477.94,3477.99,3475.14,3475.75
2025.09.01 23:00,3475.60,3481.40,3474.61,3479.30
2025.09.02 00:00,3479.19,3485.04,3478.18,3479.16
2025.09.02 01:00,3479.21,3508.28,3476.93,3497.83
2025.09.02 02:00,3497.83,3500.66,3491.43,3496.25
2025.09.02 03:00,3495.96,3496.02,3489.94,3495.15
2025.09.02 04:00,3495.12,3498.29,3493.33,3496.71
2025.09.02 05:00,3496.70,3497.78,3492.05,3492.97
2025.09.02 06:00,3492.94,3495.77,3483.28,3485.61
2025.09.02 07:00,3485.90,3488.24,3472.12,3476.90
2025.09.02 08:00,3476.92,3481.45,3470.26,3477.75
2025.09.02 09:00,3477.75,3480.40,3476.03,3476.77
2025.09.02 10:00,3476.75,3485.75,3475.77,3485.66
2025.09.02 11:00,3485.66,3490.08,3478.57,3489.76
2025.09.02 12:00,3489.80,3494.17,3474.42,3482.01
2025.09.02 13:00,3482.06,3493.62,3478.25,3489.72
2025.09.02 14:00,3489.59,3514.03,3488.08,3511.05
2025.09.02 15:00,3511.03,3520.44,3509.60,3520.44
2025.09.02 16:00,3520.45,3528.78,3518.16,3527.74
2025.09.02 17:00,3527.77,3530.11,3521.87,3529.34
2025.09.02 18:00,3529.40,3532.06,3525.26,3528.38
2025.09.02 19:00,3528.41,3540.02,3528.37,3536.96
2025.09.02 20:00,3537.01,3537.69,3532.90,3533.14
2025.09.02 23:00,3529.69,3533.18,3526.33,3529.90
2025.09.03 00:00,3529.87,3546.64,3528.03,3536.12
2025.09.03 01:00,3536.14,3541.77,3532.00,3538.80
2025.09.03 02:00,3538.76,3545.91,3531.34,3531.86
2025.09.03 03:00,3531.77,3533.46,3529.41,3530.82
2025.09.03 04:00,3530.83,3538.27,3530.72,3536.87
2025.09.03 05:00,3536.95,3537.88,3526.92,3529.89
2025.09.03 06:00,3529.89,3537.48,3529.82,3535.40
2025.09.03 07:00,3535.28,3536.90,3529.23,3533.92
2025.09.03 08:00,3533.92,3541.26,3533.79,3540.10
2025.09.03 09:00,3540.10,3541.84,3533.88,3534.33
2025.09.03 10:00,3534.34,3541.74,3532.36,3540.10
2025.09.03 11:00,3540.05,3549.63,3539.87,3547.61
2025.09.03 12:00,3547.62,3551.48,3541.42,3550.64
2025.09.03 13:00,3550.57,3561.38,3549.41,3553.57
2025.09.03 14:00,3553.73,3565.63,3551.53,3558.45
2025.09.03 15:00,3558.51,3567.29,3557.41,3563.94
2025.09.03 16:00,3563.94,3572.58,3562.15,3572.47
2025.09.03 17:00,3572.47,3575.94,3570.20,3574.45
2025.09.03 18:00,3574.62,3578.41,3565.55,3570.41
2025.09.03 19:00,3570.47,3571.54,3561.26,3563.59
2025.09.03 20:00,3563.56,3565.98,3558.57,3559.28
2025.09.03 23:00,3561.70,3561.82,3554.38,3560.35
2025.09.04 00:00,3560.45,3562.58,3551.88,3561.54
2025.09.04 01:00,3561.61,3563.25,3542.67,3546.26
2025.09.04 02:00,3546.26,3550.62,3526.54,3530.82
2025.09.04 03:00,3530.71,3531.70,3511.64,3529.05
2025.09.04 04:00,3528.93,3534.31,3528.78,3533.03
2025.09.04 05:00,3533.07,3534.05,3525.37,3527.36
2025.09.04 06:00,3527.52,3541.67,3524.24,3536.05
2025.09.04 07:00,3536.02,3541.26,3532.66,3541.13
2025.09.04 08:00,3541.13,3545.56,3537.34,3541.35
2025.09.04 09:00,3541.38,3544.98,3536.83,3538.75
2025.09.04 10:00,3538.75,3547.01,3538.41,3540.90
2025.09.04 11:00,3540.87,3549.88,3536.60,3545.56
2025.09.04 12:00,3545.56,3551.74,3541.28,3548.34
2025.09.04 13:00,3548.23,3558.73,3539.89,3547.04
2025.09.04 14:00,3542.14,3546.39,3535.10,3545.91
2025.09.04 15:00,3546.08,3553.27,3542.36,3552.82
2025.09.04 16:00,3552.84,3556.09,3549.20,3552.57
2025.09.04 17:00,3552.54,3555.48,3542.54,3542.92
2025.09.04 18:00,3542.93,3548.32,3542.77,3546.32
2025.09.04 19:00,3546.32,3551.02,3545.61,3549.81
2025.09.04 20:00,3549.91,3550.52,3544.05,3545.59
2025.09.04 23:00,3541.01,3554.54,3540.89,3552.60
2025.09.05 00:00,3552.60,3556.53,3549.05,3552.18
2025.09.05 01:00,3552.23,3556.56,3550.05,3552.47
2025.09.05 02:00,3552.47,3555.36,3545.93,3550.82
2025.09.05 03:00,3550.82,3559.07,3548.61,3558.31
2025.09.05 04:00,3558.31,3559.12,3556.20,3558.51
2025.09.05 05:00,3558.52,3561.13,3555.68,3557.70
2025.09.05 06:00,3557.79,3557.99,3548.32,3552.53
2025.09.05 07:00,3552.62,3554.32,3546.59,3548.25
2025.09.05 08:00,3548.19,3549.86,3544.86,3546.01
2025.09.05 09:00,3546.01,3553.76,3545.98,3552.40
2025.09.05 10:00,3552.44,3552.95,3549.46,3551.86
2025.09.05 11:00,3551.83,3555.13,3547.85,3553.21
2025.09.05 12:00,3553.30,3586.79,3548.83,3580.28
2025.09.05 13:00,3580.31,3595.33,3573.29,3594.38
2025.09.05 14:00,3594.41,3597.84,3574.14,3590.32
2025.09.05 15:00,3590.24,3595.41,3581.85,3591.95
2025.09.05 16:00,3591.98,3600.12,3591.11,3595.20
2025.09.05 17:00,3595.22,3597.41,3590.46,3596.48
2025.09.05 18:00,3596.48,3597.27,3592.52,3595.48
2025.09.05 19:00,3595.45,3596.00,3592.63,3594.70
2025.09.05 20:00,3594.60,3595.33,3585.95,3586.25
2025.09.07 23:00,3592.47,3593.95,3587.80,3591.19
2025.09.08 00:00,3591.16,3594.43,3586.95,3594.37
2025.09.08 01:00,3594.37,3597.10,3584.91,3589.50
2025.09.08 02:00,3589.64,3594.33,3586.55,3590.68
2025.09.08 03:00,3590.68,3592.28,3582.94,3583.51
2025.09.08 04:00,3583.39,3584.79,3579.62,3581.60
2025.09.08 05:00,3581.64,3591.54,3581.15,3591.25
2025.09.08 06:00,3591.25,3598.77,3589.50,3598.00
2025.09.08 07:00,3598.04,3613.54,3596.43,3609.57
2025.09.08 08:00,3609.53,3616.87,3607.19,3611.23
2025.09.08 09:00,3611.23,3615.01,3608.65,3613.77
2025.09.08 10:00,3613.77,3622.47,3613.47,3617.01
2025.09.08 11:00,3617.03,3620.02,3612.38,3619.91
2025.09.08 12:00,3619.86,3625.98,3614.73,3624.30
2025.09.08 13:00,3624.30,3636.87,3620.28,3633.40
2025.09.08 14:00,3633.46,3640.88,3628.94,3640.70
2025.09.08 15:00,3640.67,3646.34,3633.20,3639.33
2025.09.08 16:00,3639.33,3641.66,3635.83,3640.65
2025.09.08 17:00,3640.68,3641.10,3632.54,3633.43
2025.09.08 18:00,3633.43,3636.65,3631.95,3636.09
2025.09.08 19:00,3636.12,3637.64,3632.56,3636.53
2025.09.08 20:00,3636.51,3637.98,3634.51,3636.15
2025.09.08 23:00,3629.58,3636.16,3628.17,3634.92
2025.09.09 00:00,3634.90,3640.82,3633.49,3638.50
2025.09.09 01:00,3638.36,3647.45,3635.97,3646.40
2025.09.09 02:00,3646.36,3654.41,3644.79,3647.57
2025.09.09 03:00,3647.49,3651.90,3642.68,3645.88
2025.09.09 04:00,3645.94,3657.12,3645.72,3655.00
2025.09.09 05:00,3654.98,3659.34,3652.41,3655.41
2025.09.09 06:00,3655.44,3656.33,3636.56,3647.64
2025.09.09 07:00,3647.69,3650.96,3641.66,3644.35
2025.09.09 08:00,3644.26,3651.07,3641.92,3648.13
2025.09.09 09:00,3648.21,3656.68,3647.74,3653.60
2025.09.09 10:00,3653.61,3656.04,3648.83,3651.86
2025.09.09 11:00,3651.86,3654.22,3646.86,3648.00
2025.09.09 12:00,3648.06,3655.44,3643.74,3647.60
2025.09.09 13:00,3647.49,3668.19,3646.36,3666.01
2025.09.09 14:00,3665.32,3674.43,3636.15,3645.01
2025.09.09 15:00,3645.04,3646.53,3626.95,3645.56
2025.09.09 16:00,3645.56,3649.47,3644.19,3645.08
2025.09.09 17:00,3645.12,3646.51,3641.32,3642.84
2025.09.09 18:00,3642.84,3645.13,3639.78,3640.41
2025.09.09 19:00,3640.52,3641.31,3628.52,3629.42
2025.09.09 20:00,3629.36,3632.91,3625.87,3626.17
2025.09.09 23:00,3635.27,3640.79,3633.33,3633.52
2025.09.10 00:00,3633.52,3634.41,3621.47,3623.98
2025.09.10 01:00,3624.02,3632.69,3620.60,3630.70
2025.09.10 02:00,3630.70,3638.31,3630.11,3636.28
2025.09.10 03:00,3636.28,3637.04,3633.11,3636.57
2025.09.10 04:00,3636.57,3643.20,3636.56,3642.87
2025.09.10 05:00,3642.87,3645.31,3639.87,3642.96
2025.09.10 06:00,3642.95,3647.64,3640.79,3643.72
2025.09.10 07:00,3644.12,3648.40,3641.24,3644.02
2025.09.10 08:00,3644.03,3647.66,3641.91,3645.82
2025.09.10 09:00,3645.83,3656.03,3644.99,3655.19
2025.09.10 10:00,3655.21,3657.53,3651.55,3655.33
2025.09.10 11:00,3655.33,3656.32,3648.47,3649.28
2025.09.10 12:00,3649.28,3657.32,3640.38,3644.04
2025.09.10 13:00,3643.92,3654.01,3642.17,3651.24
2025.09.10 14:00,3651.24,3655.41,3643.95,3647.58
2025.09.10 15:00,3647.73,3648.60,3638.69,3644.46
2025.09.10 16:00,3644.45,3646.85,3639.92,3642.81
2025.09.10 17:00,3642.88,3647.60,3641.73,3647.44
2025.09.10 18:00,3647.44,3649.68,3644.53,3645.39
2025.09.10 19:00,3645.58,3646.34,3635.18,3641.96
2025.09.10 20:00,3642.03,3642.92,3637.87,3640.43
2025.09.10 23:00,3639.92,3645.62,3638.55,3644.92
2025.09.11 00:00,3644.92,3647.12,3642.56,3643.87
2025.09.11 01:00,3643.87,3649.10,3639.84,3640.95
2025.09.11 02:00,3641.05,3643.48,3634.25,3637.33
2025.09.11 03:00,3637.43,3637.43,3629.76,3631.93
2025.09.11 04:00,3631.95,3634.36,3630.14,3630.64
2025.09.11 05:00,3630.65,3633.44,3623.43,3625.16
2025.09.11 06:00,3625.16,3638.05,3622.84,3633.27
2025.09.11 07:00,3632.97,3633.31,3623.92,3629.86
2025.09.11 08:00,3629.95,3631.67,3625.47,3626.25
2025.09.11 09:00,3626.24,3626.24,3614.13,3621.89
2025.09.11 10:00,3621.86,3624.87,3619.73,3621.89
2025.09.11 11:00,3621.78,3622.18,3615.42,3616.83
2025.09.11 12:00,3616.94,3643.98,3613.73,3628.95
2025.09.11 13:00,3629.00,3637.13,3618.39,3630.26
2025.09.11 14:00,3630.16,3637.76,3626.09,3629.54
2025.09.11 15:00,3629.64,3639.04,3629.64,3633.13
2025.09.11 16:00,3633.12,3641.94,3633.09,3636.20
2025.09.11 17:00,3636.24,3636.70,3631.85,3635.08
2025.09.11 18:00,3635.08,3637.08,3630.43,3632.36
2025.09.11 19:00,3632.30,3637.46,3632.19,3636.97
2025.09.11 20:00,3636.95,3637.63,3632.89,3633.85
2025.09.11 23:00,3634.89,3636.12,3631.62,3631.83
2025.09.12 00:00,3631.62,3637.95,3630.48,3636.53
2025.09.12 01:00,3636.70,3647.47,3636.54,3646.35
2025.09.12 02:00,3646.35,3650.86,3644.92,3648.99
2025.09.12 03:00,3649.03,3653.21,3646.62,3652.92
2025.09.12 04:00,3652.88,3656.12,3651.51,3654.92
2025.09.12 05:00,3654.92,3656.61,3652.01,3653.10
2025.09.12 06:00,3653.13,3654.07,3648.27,3650.59
2025.09.12 07:00,3650.61,3653.85,3647.82,3648.34
2025.09.12 08:00,3648.35,3651.24,3639.69,3641.11
2025.09.12 09:00,3641.01,3647.08,3637.66,3646.53
2025.09.12 10:00,3646.48,3652.14,3646.32,3651.12
2025.09.12 11:00,3651.16,3652.00,3646.89,3647.06
2025.09.12 12:00,3647.04,3648.97,3638.31,3645.41
2025.09.12 13:00,3645.40,3652.58,3643.36,3650.48
2025.09.12 14:00,3650.09,3654.33,3647.38,3648.01
2025.09.12 15:00,3648.14,3648.27,3641.82,3644.41
2025.09.12 16:00,3644.40,3649.64,3642.59,3649.18
2025.09.12 17:00,3649.18,3650.64,3647.45,3648.70
2025.09.12 18:00,3648.74,3649.40,3647.00,3648.40
2025.09.12 19:00,3648.43,3648.43,3643.54,3644.18
2025.09.12 20:00,3644.11,3645.31,3641.08,3642.82
2025.09.14 23:00,3642.10,3642.10,3636.86,3638.16
2025.09.15 00:00,3638.14,3642.59,3632.11,3633.42
2025.09.15 01:00,3633.43,3634.84,3626.62,3634.47
2025.09.15 02:00,3634.47,3645.40,3634.21,3641.02
2025.09.15 03:00,3641.02,3646.37,3640.17,3646.07
2025.09.15 04:00,3646.18,3646.87,3643.67,3645.63
2025.09.15 05:00,3645.63,3646.22,3642.36,3643.65
2025.09.15 06:00,3643.64,3643.88,3636.68,3636.72
2025.09.15 07:00,3636.48,3644.93,3633.75,3643.87
2025.09.15 08:00,3643.78,3645.72,3640.85,3645.44
2025.09.15 09:00,3645.43,3645.91,3635.77,3641.30
2025.09.15 10:00,3641.32,3646.38,3639.16,3639.96
2025.09.15 11:00,3639.97,3646.75,3639.09,3642.58
2025.09.15 12:00,3642.62,3651.01,3636.96,3650.32
2025.09.15 13:00,3650.30,3664.32,3646.84,3657.15
2025.09.15 14:00,3657.13,3663.90,3653.88,3663.50
2025.09.15 15:00,3663.62,3681.87,3663.01,3680.57
2025.09.15 16:00,3680.52,3685.53,3674.76,3679.22
2025.09.15 17:00,3679.31,3682.69,3678.62,3681.68
2025.09.15 18:00,3681.66,3682.06,3675.79,3676.91
2025.09.15 19:00,3676.91,3682.72,3676.66,3681.02
2025.09.15 20:00,3681.02,3682.02,3678.29,3679.12
2025.09.15 23:00,3678.80,3680.37,3676.16,3676.94
2025.09.16 00:00,3676.91,3686.86,3676.40,3686.52
2025.09.16 01:00,3686.52,3689.43,3677.14,3679.19
2025.09.16 02:00,3679.27,3682.59,3674.74,3677.70
2025.09.16 03:00,3677.48,3683.11,3676.99,3681.03
2025.09.16 04:00,3681.05,3685.34,3680.16,3684.28
2025.09.16 05:00,3684.26,3684.55,3680.29,3682.77
2025.09.16 06:00,3682.77,3694.14,3681.72,3693.38
2025.09.16 07:00,3693.16,3694.07,3686.33,3686.52
2025.09.16 08:00,3686.52,3697.17,3686.16,3694.31
2025.09.16 09:00,3694.33,3698.88,3692.97,3698.32
2025.09.16 10:00,3698.28,3698.74,3692.87,3693.20
2025.09.16 11:00,3693.28,3699.46,3690.54,3697.13
2025.09.16 12:00,3697.13,3697.40,3686.53,3689.22
2025.09.16 13:00,3689.24,3698.51,3685.18,3695.68
2025.09.16 14:00,3695.73,3703.01,3685.74,3686.36
2025.09.16 15:00,3686.44,3688.96,3678.86,3686.25
2025.09.16 16:00,3686.25,3691.23,3684.69,3689.75
2025.09.16 17:00,3689.75,3691.01,3686.32,3687.72
2025.09.16 18:00,3687.73,3690.94,3686.46,3690.62
2025.09.16 19:00,3690.64,3691.04,3687.73,3689.61
2025.09.16 20:00,3689.65,3693.84,3689.26,3689.80
2025.09.16 23:00,3691.94,3695.11,3691.73,3694.18
2025.09.17 00:00,3694.18,3695.28,3691.12,3691.22
2025.09.17 01:00,3691.20,3691.96,3676.11,3679.51
2025.09.17 02:00,3679.43,3683.84,3674.39,3682.14
2025.09.17 03:00,3682.14,3683.46,3679.87,3681.74
2025.09.17 04:00,3681.74,3682.51,3680.40,3680.73
2025.09.17 05:00,3680.73,3685.82,3675.87,3679.17
2025.09.17 06:00,3679.24,3679.94,3670.48,3675.07
2025.09.17 07:00,3675.06,3677.29,3666.58,3667.11
2025.09.17 08:00,3667.10,3667.96,3662.62,3664.85
2025.09.17 09:00,3664.81,3670.89,3663.87,3667.87
2025.09.17 10:00,3667.82,3669.75,3660.42,3661.46
2025.09.17 11:00,3661.46,3669.88,3660.05,3665.99
2025.09.17 12:00,3666.05,3679.42,3665.65,3678.67
2025.09.17 13:00,3678.71,3682.58,3672.88,3678.76
2025.09.17 14:00,3678.76,3686.13,3676.83,3684.27
2025.09.17 15:00,3684.23,3687.10,3682.82,3684.16
2025.09.17 16:00,3684.13,3688.55,3684.05,3684.76
2025.09.17 17:00,3684.76,3687.76,3678.65,3685.59
2025.09.17 18:00,3694.18,3707.50,3646.22,3650.36
2025.09.17 19:00,3650.38,3666.92,3646.26,3661.71
2025.09.17 20:00,3661.76,3661.76,3656.37,3659.01
2025.09.17 23:00,3662.85,3671.95,3662.11,3669.16
2025.09.18 00:00,3669.68,3669.92,3658.12,3665.20
2025.09.18 01:00,3665.30,3668.77,3651.85,3657.11
2025.09.18 02:00,3657.11,3665.82,3655.49,3664.79
2025.09.18 03:00,3664.79,3666.08,3657.83,3658.40
2025.09.18 04:00,3658.49,3659.24,3653.43,3653.64
2025.09.18 05:00,3653.67,3659.14,3649.49,3651.57
2025.09.18 06:00,3651.61,3651.99,3633.85,3637.51
2025.09.18 07:00,3637.48,3659.78,3635.62,3658.95
2025.09.18 08:00,3658.96,3665.79,3653.71,3665.50
2025.09.18 09:00,3665.24,3672.92,3664.62,3671.68
2025.09.18 10:00,3671.66,3672.44,3665.55,3667.11
2025.09.18 11:00,3667.11,3670.90,3664.49,3667.11
2025.09.18 12:00,3667.12,3672.29,3663.09,3663.34
2025.09.18 13:00,3663.31,3664.14,3627.97,3642.17
2025.09.18 14:00,3642.17,3646.39,3634.45,3638.38
2025.09.18 15:00,3638.40,3642.31,3636.82,3641.30
2025.09.18 16:00,3641.32,3647.26,3640.87,3646.35
2025.09.18 17:00,3646.34,3646.81,3643.37,3643.58
2025.09.18 18:00,3643.59,3643.64,3640.66,3641.36
2025.09.18 19:00,3641.37,3647.13,3640.63,3646.75
2025.09.18 20:00,3646.84,3647.14,3643.41,3644.02
2025.09.18 23:00,3640.26,3641.79,3637.73,3640.20
2025.09.19 00:00,3640.26,3642.68,3636.27,3640.09
2025.09.19 01:00,3639.98,3651.18,3632.29,3639.84
2025.09.19 02:00,3639.84,3650.16,3638.93,3647.41
2025.09.19 03:00,3647.38,3656.23,3645.28,3653.67
2025.09.19 04:00,3653.66,3659.98,3653.64,3658.94
2025.09.19 05:00,3658.94,3661.13,3651.50,3652.49
2025.09.19 06:00,3652.46,3654.24,3643.35,3646.97
2025.09.19 07:00,3647.12,3657.56,3644.42,3653.99
2025.09.19 08:00,3653.93,3656.62,3649.56,3655.68
2025.09.19 09:00,3655.68,3658.72,3655.25,3658.55
2025.09.19 10:00,3658.57,3659.16,3655.13,3655.92
2025.09.19 11:00,3655.92,3655.93,3645.77,3648.46
2025.09.19 12:00,3648.47,3651.90,3644.54,3649.26
2025.09.19 13:00,3649.12,3664.40,3643.64,3663.39
2025.09.19 14:00,3663.34,3669.33,3656.41,3667.02
2025.09.19 15:00,3667.07,3675.86,3665.41,3670.78
2025.09.19 16:00,3670.78,3673.30,3666.60,3668.27
2025.09.19 17:00,3668.23,3679.46,3668.13,3678.66
2025.09.19 18:00,3678.68,3684.11,3678.22,3683.70
2025.09.19 19:00,3683.70,3685.27,3681.41,3684.48
2025.09.19 20:00,3684.43,3685.15,3680.85,3684.90
2025.09.21 23:00,3688.28,3690.42,3685.81,3686.28
2025.09.22 00:00,3686.11,3690.94,3685.72,3690.80
2025.09.22 01:00,3690.73,3696.75,3686.74,3689.33
2025.09.22 02:00,3689.24,3693.31,3685.63,3686.39
2025.09.22 03:00,3686.31,3697.41,3685.95,3695.43
2025.09.22 04:00,3695.43,3695.85,3690.10,3692.14
2025.09.22 05:00,3692.18,3700.12,3691.93,3697.05
2025.09.22 06:00,3697.08,3719.85,3695.58,3714.29
2025.09.22 07:00,3714.38,3716.28,3708.66,3713.23
2025.09.22 08:00,3713.04,3722.43,3712.44,3720.34
2025.09.22 09:00,3720.36,3726.37,3719.26,3723.27
2025.09.22 10:00,3723.27,3728.31,3721.07,3727.41
2025.09.22 11:00,3727.41,3728.24,3721.23,3724.67
2025.09.22 12:00,3724.70,3725.49,3712.22,3721.69
2025.09.22 13:00,3721.72,3725.50,3713.79,3722.33
2025.09.22 14:00,3722.33,3726.30,3716.83,3725.81
2025.09.22 15:00,3725.85,3736.27,3723.64,3736.10
2025.09.22 16:00,3736.09,3739.57,3735.25,3737.14
2025.09.22 17:00,3737.14,3747.29,3737.14,3746.72
2025.09.22 18:00,3746.72,3748.04,3744.64,3747.65
2025.09.22 19:00,3747.66,3748.80,3742.46,3747.77
2025.09.22 20:00,3747.70,3748.59,3745.23,3746.00
2025.09.22 23:00,3740.06,3749.14,3739.02,3747.77
2025.09.23 00:00,3747.83,3750.62,3744.91,3747.29
2025.09.23 01:00,3747.27,3759.12,3745.64,3754.63
2025.09.23 02:00,3754.58,3755.44,3736.74,3741.81
2025.09.23 03:00,3741.80,3747.05,3739.05,3746.59
2025.09.23 04:00,3746.59,3747.51,3743.21,3744.70
2025.09.23 05:00,3744.70,3758.69,3743.27,3753.21
2025.09.23 06:00,3753.17,3757.32,3751.37,3753.98
2025.09.23 07:00,3753.96,3757.34,3749.05,3753.37
2025.09.23 08:00,3753.39,3775.11,3753.11,3774.32
2025.09.23 09:00,3774.31,3791.07,3774.21,3784.86
2025.09.23 10:00,3784.86,3787.86,3780.88,3782.91
2025.09.23 11:00,3783.06,3788.73,3779.64,3783.57
2025.09.23 12:00,3783.73,3785.38,3777.60,3784.23
2025.09.23 13:00,3784.27,3788.62,3774.19,3783.83
2025.09.23 14:00,3783.85,3784.92,3767.78,3774.07
2025.09.23 15:00,3774.03,3782.03,3772.84,3779.37
2025.09.23 16:00,3779.39,3782.06,3765.13,3779.27
2025.09.23 17:00,3779.37,3785.69,3775.87,3777.38
2025.09.23 18:00,3777.44,3781.42,3756.14,3756.72
2025.09.23 19:00,3756.60,3768.16,3752.02,3764.34
2025.09.23 20:00,3764.34,3767.46,3762.30,3763.98
2025.09.23 23:00,3765.45,3770.15,3761.95,3763.85
2025.09.24 00:00,3763.81,3765.48,3758.91,3765.16
2025.09.24 01:00,3765.20,3771.72,3755.11,3756.60
2025.09.24 02:00,3756.58,3759.29,3750.57,3757.02
2025.09.24 03:00,3757.04,3766.53,3752.39,3765.37
2025.09.24 04:00,3765.40,3768.26,3763.17,3768.15
2025.09.24 05:00,3768.14,3776.92,3767.97,3774.94
2025.09.24 06:00,3774.94,3776.14,3769.23,3771.17
2025.09.24 07:00,3771.41,3779.29,3770.69,3777.47
2025.09.24 08:00,3777.58,3777.81,3767.03,3770.13
2025.09.24 09:00,3770.05,3771.74,3763.14,3768.51
2025.09.24 10:00,3768.48,3768.71,3759.81,3762.15
2025.09.24 11:00,3762.15,3769.56,3759.66,3768.93
2025.09.24 12:00,3768.97,3771.41,3764.04,3768.02
2025.09.24 13:00,3768.02,3772.90,3759.09,3761.28
2025.09.24 14:00,3761.38,3765.07,3749.64,3752.69
2025.09.24 15:00,3752.70,3756.62,3739.79,3741.13
2025.09.24 16:00,3741.13,3745.27,3732.25,3735.78
2025.09.24 17:00,3735.76,3738.79,3732.41,3733.13
2025.09.24 18:00,3733.13,3733.95,3722.84,3724.14
2025.09.24 19:00,3724.26,3731.79,3717.55,3730.13
2025.09.24 20:00,3730.13,3737.29,3730.05,3735.92
2025.09.24 23:00,3741.08,3745.25,3739.07,3743.01
2025.09.25 00:00,3742.96,3751.46,3741.36,3749.05
2025.09.25 01:00,3748.91,3750.46,3733.00,3736.03
2025.09.25 02:00,3735.98,3742.45,3729.62,3739.54
2025.09.25 03:00,3739.54,3739.67,3734.43,3736.65
2025.09.25 04:00,3736.65,3740.78,3731.92,3738.09
2025.09.25 05:00,3738.01,3741.26,3734.10,3738.64
2025.09.25 06:00,3738.64,3748.16,3737.77,3741.05
2025.09.25 07:00,3741.26,3754.89,3739.97,3752.27
2025.09.25 08:00,3752.27,3761.54,3751.09,3756.38
2025.09.25 09:00,3756.39,3761.04,3750.37,3757.00
2025.09.25 10:00,3757.05,3760.81,3755.65,3757.26
2025.09.25 11:00,3757.25,3757.61,3741.18,3753.04
2025.09.25 12:00,3753.02,3755.86,3730.54,3738.78
2025.09.25 13:00,3738.65,3745.49,3722.08,3733.62
2025.09.25 14:00,3733.78,3736.43,3723.64,3731.53
2025.09.25 15:00,3731.68,3738.80,3728.01,3735.84
2025.09.25 16:00,3735.84,3742.73,3732.75,3733.83
2025.09.25 17:00,3734.13,3744.30,3732.40,3741.76
2025.09.25 18:00,3741.85,3758.24,3736.74,3755.22
2025.09.25 19:00,3755.20,3756.09,3744.63,3746.60
2025.09.25 20:00,3746.59,3752.26,3746.09,3749.13
2025.09.25 23:00,3748.83,3749.85,3738.04,3744.69
2025.09.26 00:00,3744.96,3749.57,3740.20,3749.55
2025.09.26 01:00,3749.56,3753.29,3737.74,3739.03
2025.09.26 02:00,3739.10,3742.82,3737.69,3738.41
2025.09.26 03:00,3738.43,3746.05,3734.49,3745.50
2025.09.26 04:00,3745.59,3747.74,3744.73,3747.67
2025.09.26 05:00,3747.62,3749.56,3741.91,3742.03
2025.09.26 06:00,3741.99,3754.03,3741.56,3743.60
2025.09.26 07:00,3742.93,3749.60,3739.17,3748.02
2025.09.26 08:00,3748.02,3755.13,3747.06,3752.92
2025.09.26 09:00,3752.92,3754.46,3747.25,3751.52
2025.09.26 10:00,3751.33,3754.94,3742.96,3744.64
2025.09.26 11:00,3744.68,3752.89,3744.44,3748.58
2025.09.26 12:00,3748.57,3757.38,3746.61,3752.04
2025.09.26 13:00,3752.07,3766.22,3751.33,3762.05
2025.09.26 14:00,3761.85,3783.76,3761.72,3778.93
2025.09.26 15:00,3778.79,3780.97,3773.05,3780.48
2025.09.26 16:00,3780.48,3781.17,3771.47,3774.19
2025.09.26 17:00,3774.26,3783.15,3774.13,3782.96
2025.09.26 18:00,3782.98,3783.25,3774.74,3778.60
2025.09.26 19:00,3778.60,3778.60,3764.67,3766.81
2025.09.26 20:00,3766.86,3769.56,3759.03,3759.03
2025.09.28 23:00,3770.37,3772.41,3766.38,3766.88
2025.09.29 00:00,3766.80,3787.44,3763.93,3787.09
2025.09.29 01:00,3787.18,3788.69,3767.90,3778.71
2025.09.29 02:00,3778.46,3798.75,3777.66,3792.90
2025.09.29 03:00,3792.93,3799.38,3792.25,3794.36
2025.09.29 04:00,3794.35,3808.91,3792.52,3805.10
2025.09.29 05:00,3805.10,3814.44,3801.35,3813.53
2025.09.29 06:00,3813.58,3819.77,3810.95,3817.45
2025.09.29 07:00,3817.35,3819.27,3805.07,3806.26
2025.09.29 08:00,3806.26,3819.46,3806.26,3818.81
2025.09.29 09:00,3818.80,3819.63,3806.99,3807.53
2025.09.29 10:00,3807.52,3818.41,3806.52,3817.88
2025.09.29 11:00,3817.91,3831.32,3816.34,3829.00
2025.09.29 12:00,3829.00,3830.34,3811.74,3813.60
2025.09.29 13:00,3813.71,3828.06,3809.31,3821.37
2025.09.29 14:00,3821.39,3830.45,3816.72,3828.21
2025.09.29 15:00,3828.24,3833.23,3822.01,3830.39
2025.09.29 16:00,3830.39,3833.51,3828.18,3830.33
2025.09.29 17:00,3830.38,3832.80,3824.05,3828.92
2025.09.29 18:00,3829.19,3830.69,3823.38,3824.52
2025.09.29 19:00,3824.45,3829.78,3822.56,3828.79
2025.09.29 20:00,3828.68,3833.73,3827.77,3833.07
2025.09.29 23:00,3830.52,3833.34,3828.08,3832.87
2025.09.30 00:00,3832.85,3840.59,3831.16,3839.01
2025.09.30 01:00,3838.89,3850.76,3838.00,3848.01
2025.09.30 02:00,3848.01,3851.90,3842.48,3847.98
2025.09.30 03:00,3847.97,3867.03,3845.82,3864.71
2025.09.30 04:00,3864.70,3867.01,3861.99,3866.95
2025.09.30 05:00,3866.95,3870.31,3862.63,3869.65
2025.09.30 06:00,3869.61,3871.60,3854.88,3855.78
2025.09.30 07:00,3855.85,3859.37,3839.62,3843.75
2025.09.30 08:00,3843.47,3847.12,3807.71,3816.28
2025.09.30 09:00,3816.20,3821.44,3793.20,3798.82
2025.09.30 10:00,3798.82,3814.59,3798.25,3812.15
2025.09.30 11:00,3812.12,3817.73,3804.42,3815.25
2025.09.30 12:00,3814.96,3821.65,3808.94,3819.32
2025.09.30 13:00,3819.39,3829.94,3811.65,3823.84
2025.09.30 14:00,3823.42,3854.40,3820.46,3854.15
2025.09.30 15:00,3854.15,3854.22,3831.29,3839.14
2025.09.30 16:00,3838.94,3847.96,3837.95,3846.01
2025.09.30 17:00,3846.01,3849.28,3842.69,3844.06
2025.09.30 18:00,3844.07,3849.04,3839.74,3848.04
2025.09.30 19:00,3848.01,3860.77,3847.16,3859.05
2025.09.30 20:00,3859.09,3859.76,3850.76,3858.66
2025.09.30 23:00,3860.21,3863.01,3860.15,3862.78
2025.10.01 00:00,3862.78,3865.34,3858.67,3860.97
2025.10.01 01:00,3860.62,3868.94,3859.28,3868.92
2025.10.01 02:00,3868.89,3875.41,3858.27,3863.44
2025.10.01 03:00,3863.31,3866.38,3855.62,3861.98
2025.10.01 04:00,3861.98,3864.97,3857.39,3864.85
2025.10.01 05:00,3864.88,3869.71,3862.08,3863.32
2025.10.01 06:00,3863.20,3864.85,3853.45,3859.13
2025.10.01 07:00,3859.34,3879.60,3858.96,3879.22
2025.10.01 08:00,3879.37,3895.19,3879.09,3892.99
2025.10.01 09:00,3892.99,3895.09,3883.80,3889.02
2025.10.01 10:00,3889.12,3889.64,3885.31,3887.54
2025.10.01 11:00,3887.47,3888.49,3878.09,3883.62
2025.10.01 12:00,3883.71,3891.11,3864.61,3870.34
2025.10.01 13:00,3870.35,3876.96,3863.79,3872.96
2025.10.01 14:00,3872.96,3878.72,3856.62,3873.06
2025.10.01 15:00,3873.04,3876.82,3858.08,3868.59
2025.10.01 16:00,3868.51,3871.59,3860.83,3870.87
2025.10.01 17:00,3870.87,3871.91,3860.61,3860.82
2025.10.01 18:00,3860.84,3866.35,3855.03,3862.22
2025.10.01 19:00,3862.22,3870.89,3861.40,3867.81
2025.10.01 20:00,3867.73,3867.89,3860.30,3865.35
2025.10.01 23:00,3862.12,3866.60,3857.63,3863.49
2025.10.02 00:00,3863.48,3863.72,3856.09,3856.11
2025.10.02 01:00,3856.07,3865.07,3852.89,3864.99
2025.10.02 02:00,3865.02,3870.00,3861.63,3866.16
2025.10.02 03:00,3866.13,3869.43,3864.04,3866.50
2025.10.02 04:00,3866.52,3867.64,3861.97,3864.22
2025.10.02 05:00,3864.24,3871.26,3864.19,3867.91
2025.10.02 06:00,3867.93,3874.23,3861.95,3864.16
2025.10.02 07:00,3863.74,3874.72,3861.75,3868.59
2025.10.02 08:00,3868.59,3878.64,3864.69,3874.53
2025.10.02 09:00,3874.50,3879.73,3873.36,3879.14
2025.10.02 10:00,3879.16,3883.82,3875.87,3881.85
2025.10.02 11:00,3881.85,3886.69,3879.81,3886.36
2025.10.02 12:00,3886.36,3891.99,3880.23,3884.44
2025.10.02 13:00,3884.48,3896.81,3873.59,3875.22
2025.10.02 14:00,3875.25,3876.77,3825.45,3839.93
2025.10.02 15:00,3839.86,3844.77,3819.40,3828.31
2025.10.02 16:00,3828.31,3845.27,3827.23,3844.85
2025.10.02 17:00,3844.77,3847.74,3840.68,3844.28
2025.10.02 18:00,3844.31,3851.51,3843.50,3850.93
2025.10.02 19:00,3850.95,3859.09,3850.70,3856.11
2025.10.02 20:00,3856.11,3859.31,3853.13,3855.91
2025.10.02 23:00,3857.07,3863.72,3856.84,3862.46
2025.10.03 00:00,3862.46,3862.77,3856.45,3856.98
2025.10.03 01:00,3856.98,3862.61,3847.35,3858.50
2025.10.03 02:00,3858.51,3859.10,3847.66,3848.21
2025.10.03 03:00,3848.21,3850.92,3838.09,3842.67
2025.10.03 04:00,3842.56,3848.20,3841.61,3843.98
2025.10.03 05:00,3843.98,3859.17,3843.92,3855.12
2025.10.03 06:00,3855.10,3860.97,3850.98,3859.16
2025.10.03 07:00,3859.15,3865.17,3857.09,3864.24
2025.10.03 08:00,3864.47,3865.67,3860.17,3864.83
2025.10.03 09:00,3864.83,3864.91,3856.97,3864.31
2025.10.03 10:00,3864.31,3867.64,3862.12,3865.68
2025.10.03 11:00,3865.68,3867.11,3854.86,3862.07
2025.10.03 12:00,3862.07,3874.98,3860.56,3873.96
2025.10.03 13:00,3874.44,3890.85,3870.18,3882.89
2025.10.03 14:00,3883.01,3885.19,3866.37,3879.67
2025.10.03 15:00,3879.83,3891.62,3873.88,3889.52
2025.10.03 16:00,3889.52,3889.80,3880.64,3883.86
2025.10.03 17:00,3883.79,3885.95,3877.32,3881.80
2025.10.03 18:00,3881.80,3889.27,3879.98,3886.06
2025.10.03 19:00,3886.08,3889.13,3883.55,3885.51
2025.10.03 20:00,3885.50,3887.23,3882.98,3885.91
2025.10.05 23:00,3899.40,3920.48,3898.26,3909.68
2025.10.06 00:00,3909.78,3909.95,3899.09,3900.57
2025.10.06 01:00,3900.72,3918.28,3899.81,3917.98
2025.10.06 02:00,3918.04,3924.60,3917.56,3921.03
2025.10.06 03:00,3920.92,3931.96,3919.96,3929.50
2025.10.06 04:00,3929.51,3940.32,3928.84,3938.62
2025.10.06 05:00,3938.64,3945.07,3927.47,3932.61
2025.10.06 06:00,3932.59,3934.78,3922.69,3934.29
2025.10.06 07:00,3933.56,3943.85,3929.31,3941.51
2025.10.06 08:00,3941.64,3949.46,3935.43,3942.51
2025.10.06 09:00,3942.48,3944.89,3936.65,3942.35
2025.10.06 10:00,3942.36,3946.71,3932.65,3942.28
2025.10.06 11:00,3941.91,3942.80,3931.19,3938.40
2025.10.06 12:00,3938.22,3941.28,3926.52,3934.18
2025.10.06 13:00,3934.41,3947.04,3927.25,3944.66
2025.10.06 14:00,3944.37,3958.76,3940.38,3955.04
2025.10.06 15:00,3955.12,3963.97,3948.31,3962.49
2025.10.06 16:00,3962.48,3970.09,3945.97,3954.06
2025.10.06 17:00,3954.27,3958.98,3951.21,3957.88
2025.10.06 18:00,3957.87,3960.64,3955.87,3958.48
2025.10.06 19:00,3958.38,3964.97,3958.28,3959.42
2025.10.06 20:00,3959.34,3962.00,3957.36,3960.58
2025.10.06 23:00,3963.47,3972.59,3961.74,3969.52
2025.10.07 00:00,3969.52,3977.41,3961.47,3962.72
2025.10.07 01:00,3962.71,3963.77,3955.97,3958.14
2025.10.07 02:00,3958.16,3966.92,3957.43,3964.92
2025.10.07 03:00,3964.68,3974.67,3960.82,3973.27
2025.10.07 04:00,3973.40,3976.92,3971.46,3975.93
2025.10.07 05:00,3975.78,3976.82,3960.54,3964.75
2025.10.07 06:00,3964.75,3966.26,3953.90,3955.08
2025.10.07 07:00,3955.15,3956.09,3943.44,3945.96
2025.10.07 08:00,3945.96,3953.92,3940.90,3951.34
2025.10.07 09:00,3951.29,3963.45,3951.14,3955.15
2025.10.07 10:00,3955.14,3962.75,3954.06,3960.00
2025.10.07 11:00,3960.13,3968.97,3956.34,3967.01
2025.10.07 12:00,3966.81,3980.10,3964.37,3979.51
2025.10.07 13:00,3979.51,3985.59,3970.46,3979.20
2025.10.07 14:00,3979.06,3986.73,3969.01,3985.62
2025.10.07 15:00,3985.64,3991.05,3961.92,3966.10
2025.10.07 16:00,3966.36,3979.57,3963.19,3976.66
2025.10.07 17:00,3976.85,3987.71,3976.51,3980.90
2025.10.07 18:00,3980.83,3983.93,3974.20,3981.08
2025.10.07 19:00,3981.08,3983.36,3978.67,3980.10
2025.10.07 20:00,3980.18,3986.31,3980.18,3984.59
2025.10.07 23:00,3989.52,3995.90,3988.38,3994.36
2025.10.08 00:00,3994.36,3999.36,3989.63,3992.45
2025.10.08 01:00,3992.36,4000.33,3984.57,4000.33
2025.10.08 02:00,4000.28,4011.67,3995.77,4011.59
2025.10.08 03:00,4011.59,4016.52,4008.88,4014.67
2025.10.08 04:00,4014.69,4027.24,4014.69,4026.83
2025.10.08 05:00,4026.63,4036.99,4024.58,4029.17
2025.10.08 06:00,4029.17,4033.03,4021.43,4031.56
2025.10.08 07:00,4031.33,4038.94,4030.13,4034.13
2025.10.08 08:00,4034.45,4040.47,4033.22,4036.31
2025.10.08 09:00,4036.33,4049.53,4030.72,4049.28
2025.10.08 10:00,4049.25,4049.55,4033.52,4037.09
2025.10.08 11:00,4037.22,4038.12,4032.08,4038.07
2025.10.08 12:00,4038.02,4046.47,4031.09,4040.00
2025.10.08 13:00,4039.92,4049.35,4026.32,4038.33
2025.10.08 14:00,4038.17,4049.12,4035.63,4048.13
2025.10.08 15:00,4048.16,4050.59,4037.18,4045.64
2025.10.08 16:00,4045.64,4059.16,4044.35,4056.59
2025.10.08 17:00,4056.61,4057.95,4043.01,4051.27
2025.10.08 18:00,4051.28,4053.27,4038.83,4049.93
2025.10.08 19:00,4050.27,4054.68,4032.05,4044.97
2025.10.08 20:00,4044.87,4046.64,4038.42,4040.67
2025.10.08 23:00,4021.32,4021.76,4001.39,4011.62
2025.10.09 00:00,4011.62,4028.06,4008.71,4022.94
2025.10.09 01:00,4022.99,4036.40,4008.24,4019.73
2025.10.09 02:00,4019.68,4021.23,4002.50,4018.63
2025.10.09 03:00,4018.58,4029.52,4017.19,4026.71
2025.10.09 04:00,4026.75,4041.03,4026.75,4038.98
2025.10.09 05:00,4038.76,4043.64,4034.44,4039.73
2025.10.09 06:00,4039.71,4040.93,4022.78,4026.10
2025.10.09 07:00,4026.06,4032.79,4024.78,4031.54
2025.10.09 08:00,4031.52,4040.34,4030.31,4038.22
2025.10.09 09:00,4038.21,4042.05,4034.27,4037.50
2025.10.09 10:00,4037.73,4044.21,4036.36,4044.18
2025.10.09 11:00,4044.19,4046.70,4033.57,4044.45
2025.10.09 12:00,4044.25,4053.69,4037.45,4053.39
2025.10.09 13:00,4053.44,4057.83,4017.30,4017.30
2025.10.09 14:00,4017.44,4029.15,4003.96,4024.16
2025.10.09 15:00,4024.16,4028.64,4006.34,4014.66
2025.10.09 16:00,4014.48,4021.74,3963.88,3968.32
2025.10.09 17:00,3968.70,3974.21,3944.28,3950.27
2025.10.09 18:00,3949.99,3968.77,3949.05,3957.28
2025.10.09 19:00,3957.49,3982.06,3955.16,3973.05
2025.10.09 20:00,3972.93,3979.02,3972.62,3976.20
2025.10.09 23:00,3974.98,3990.83,3973.84,3989.93
2025.10.10 00:00,3989.93,3994.40,3985.53,3990.93
2025.10.10 01:00,3990.93,3992.40,3969.99,3973.18
2025.10.10 02:00,3973.28,3986.80,3973.20,3978.55
2025.10.10 03:00,3978.58,3979.21,3960.86,3961.93
2025.10.10 04:00,3961.93,3966.71,3947.01,3966.32
2025.10.10 05:00,3966.30,3977.68,3965.64,3974.84
2025.10.10 06:00,3974.85,3976.04,3962.70,3968.34
2025.10.10 07:00,3968.44,3976.22,3952.57,3971.99
2025.10.10 08:00,3972.00,3994.67,3970.16,3992.07
2025.10.10 09:00,3992.10,4006.72,3990.25,3995.70
2025.10.10 10:00,3995.46,4000.07,3990.93,3993.81
2025.10.10 11:00,3993.90,3999.78,3984.13,3987.10
2025.10.10 12:00,3987.16,3993.52,3980.21,3985.61
2025.10.10 13:00,3985.58,3998.14,3976.03,3979.64
2025.10.10 14:00,3979.62,3994.13,3970.68,3990.12
2025.10.10 15:00,3990.07,4022.43,3988.15,3997.99
2025.10.10 16:00,3998.02,3998.84,3977.47,3983.38
2025.10.10 17:00,3983.39,3991.40,3975.11,3989.87
2025.10.10 18:00,3990.08,4009.07,3984.26,3999.10
2025.10.10 19:00,3999.13,4021.35,3996.23,4010.93
2025.10.10 20:00,4010.76,4019.99,4005.82,4016.19
2025.10.12 23:00,4042.13,4059.59,4032.20,4035.14
2025.10.13 00:00,4035.07,4059.01,4024.53,4043.79
2025.10.13 01:00,4043.74,4054.93,4035.65,4053.10
2025.10.13 02:00,4052.87,4055.86,4041.56,4048.12
2025.10.13 03:00,4048.11,4056.26,4046.30,4051.84
2025.10.13 04:00,4051.80,4059.29,4051.06,4056.25
2025.10.13 05:00,4056.23,4078.14,4055.13,4063.56
2025.10.13 06:00,4063.65,4073.44,4059.51,4069.36
2025.10.13 07:00,4069.35,4077.54,4066.68,4071.16
2025.10.13 08:00,4071.12,4079.11,4069.07,4077.83
2025.10.13 09:00,4077.83,4079.82,4070.37,4077.43
2025.10.13 10:00,4077.42,4085.03,4071.29,4080.94
2025.10.13 11:00,4080.94,4084.62,4073.67,4073.98
2025.10.13 12:00,4074.09,4085.80,4073.25,4079.66
2025.10.13 13:00,4079.62,4095.72,4078.20,4094.13
2025.10.13 14:00,4094.09,4103.79,4090.68,4097.52
2025.10.13 15:00,4097.36,4107.31,4091.74,4104.91
2025.10.13 16:00,4104.89,4116.85,4103.94,4105.73
2025.10.13 17:00,4105.73,4115.26,4100.26,4103.70
2025.10.13 18:00,4103.63,4107.59,4099.39,4101.56
2025.10.13 19:00,4101.62,4110.87,4091.29,4108.62
2025.10.13 20:00,4108.60,4112.48,4106.10,4109.67
2025.10.13 23:00,4114.76,4131.99,4112.88,4128.04
2025.10.14 00:00,4128.07,4130.15,4119.61,4124.35
2025.10.14 01:00,4124.35,4149.91,4123.24,4137.19
2025.10.14 02:00,4137.30,4149.74,4136.91,4145.95
2025.10.14 03:00,4145.89,4166.22,4145.15,4163.35
2025.10.14 04:00,4163.36,4169.86,4155.84,4168.04
2025.10.14 05:00,4168.10,4179.66,4111.12,4121.11
2025.10.14 06:00,4121.19,4133.43,4089.98,4112.23
2025.10.14 07:00,4112.18,4127.70,4102.52,4126.31
2025.10.14 08:00,4125.83,4145.07,4124.68,4144.06
2025.10.14 09:00,4144.02,4144.17,4121.84,4127.50
2025.10.14 10:00,4127.54,4144.33,4125.04,4131.70
2025.10.14 11:00,4131.73,4137.82,4125.73,4130.49
2025.10.14 12:00,4130.61,4134.45,4103.76,4106.63
2025.10.14 13:00,4106.69,4129.50,4098.00,4124.14
2025.10.14 14:00,4124.16,4137.59,4121.29,4129.12
2025.10.14 15:00,4129.26,4142.68,4126.20,4138.10
2025.10.14 16:00,4138.07,4155.19,4127.90,4140.36
2025.10.14 17:00,4140.39,4153.02,4137.24,4148.17
2025.10.14 18:00,4148.15,4152.50,4143.07,4148.47
2025.10.14 19:00,4148.46,4150.54,4134.46,4142.21
2025.10.14 20:00,4142.24,4146.11,4139.29,4142.56
2025.10.14 23:00,4158.57,4167.08,4157.17,4161.57
2025.10.15 00:00,4161.25,4169.67,4153.86,4162.51
2025.10.15 01:00,4162.52,4186.65,4162.13,4181.68
2025.10.15 02:00,4181.77,4184.44,4167.09,4176.50
2025.10.15 03:00,4176.51,4190.64,4176.07,4186.95
2025.10.15 04:00,4186.97,4187.47,4173.31,4179.67
2025.10.15 05:00,4179.67,4193.67,4176.60,4185.91
2025.10.15 06:00,4185.90,4200.23,4184.26,4199.47
2025.10.15 07:00,4199.20,4209.76,4194.54,4207.65
2025.10.15 08:00,4207.67,4218.14,4207.12,4208.24
2025.10.15 09:00,4208.39,4212.03,4164.35,4192.55
2025.10.15 10:00,4192.55,4206.34,4191.00,4202.64
2025.10.15 11:00,4202.64,4204.19,4193.60,4198.65
2025.10.15 12:00,4198.69,4202.82,4176.71,4190.69
2025.10.15 13:00,4190.61,4198.81,4182.91,4192.14
2025.10.15 14:00,4192.09,4212.29,4191.60,4200.02
2025.10.15 15:00,4199.81,4203.11,4179.88,4190.56
2025.10.15 16:00,4190.58,4199.96,4186.30,4199.05
2025.10.15 17:00,4199.04,4199.78,4182.69,4197.82
2025.10.15 18:00,4197.89,4204.61,4195.44,4200.73
2025.10.15 19:00,4200.67,4213.57,4200.50,4210.40
2025.10.15 20:00,4210.40,4212.69,4206.04,4207.29
2025.10.15 23:00,4213.00,4215.83,4206.16,4209.50
2025.10.16 00:00,4209.51,4227.12,4204.99,4210.62
2025.10.16 01:00,4210.53,4232.93,4210.53,4230.31
2025.10.16 02:00,4230.30,4239.55,4225.91,4239.49
2025.10.16 03:00,4239.37,4242.14,4229.21,4233.85
2025.10.16 04:00,4233.41,4239.34,4228.10,4233.53
2025.10.16 05:00,4233.40,4234.71,4203.54,4204.84
2025.10.16 06:00,4204.81,4227.23,4203.66,4222.79
2025.10.16 07:00,4222.76,4234.01,4222.24,4230.52
2025.10.16 08:00,4230.47,4236.00,4228.61,4232.87
2025.10.16 09:00,4232.88,4241.78,4222.10,4239.42
2025.10.16 10:00,4239.36,4245.97,4234.36,4242.73
2025.10.16 11:00,4242.75,4247.53,4239.61,4240.60
2025.10.16 12:00,4240.75,4250.98,4227.86,4235.94
2025.10.16 13:00,4235.94,4258.76,4234.90,4246.32
2025.10.16 14:00,4245.65,4267.53,4245.50,4263.33
2025.10.16 15:00,4263.44,4276.04,4260.94,4273.53
2025.10.16 16:00,4273.53,4291.88,4261.42,4282.66
2025.10.16 17:00,4282.66,4298.74,4280.20,4293.88
2025.10.16 18:00,4293.60,4294.92,4273.29,4291.06
2025.10.16 19:00,4290.92,4312.90,4287.94,4307.36
2025.10.16 20:00,4307.32,4330.55,4307.32,4326.96
2025.10.16 23:00,4346.93,4379.15,4341.66,4365.76
2025.10.17 00:00,4365.51,4371.58,4353.51,4358.09
2025.10.17 01:00,4357.82,4362.20,4278.64,4314.01
2025.10.17 02:00,4313.74,4348.50,4312.51,4342.43
2025.10.17 03:00,4342.43,4366.76,4338.72,4366.60
2025.10.17 04:00,4366.60,4377.03,4355.84,4376.46
2025.10.17 05:00,4376.03,4378.51,4342.43,4365.42
2025.10.17 06:00,4365.89,4369.60,4346.68,4360.31
2025.10.17 07:00,4359.54,4361.78,4312.64,4340.98
2025.10.17 08:00,4342.30,4349.80,4321.21,4347.82
2025.10.17 09:00,4347.76,4348.35,4332.27,4340.19
2025.10.17 10:00,4340.16,4342.18,4319.65,4327.61
2025.10.17 11:00,4327.61,4335.94,4286.83,4287.38
2025.10.17 12:00,4287.34,4319.57,4283.57,4315.76
2025.10.17 13:00,4314.40,4317.88,4258.38,4273.82
2025.10.17 14:00,4273.79,4274.35,4217.00,4249.02
2025.10.17 15:00,4248.79,4259.39,4231.33,4237.40
2025.10.17 16:00,4237.41,4244.82,4200.84,4204.98
2025.10.17 17:00,4205.05,4228.39,4187.20,4221.14
2025.10.17 18:00,4221.65,4244.60,4218.18,4235.50
2025.10.17 19:00,4235.68,4237.80,4212.61,4224.97
2025.10.17 20:00,4225.26,4251.13,4220.09,4249.09
2025.10.19 23:00,4255.62,4256.08,4234.04,4238.09
2025.10.20 00:00,4237.86,4250.78,4219.02,4249.64
2025.10.20 01:00,4249.66,4268.86,4229.46,4262.46
2025.10.20 02:00,4262.52,4271.04,4253.32,4255.61
2025.10.20 03:00,4255.39,4265.21,4248.71,4264.70
2025.10.20 04:00,4264.68,4268.17,4260.35,4266.25
2025.10.20 05:00,4265.87,4266.75,4239.64,4239.82
2025.10.20 06:00,4239.82,4245.84,4221.36,4236.23
2025.10.20 07:00,4236.11,4260.80,4234.90,4255.19
2025.10.20 08:00,4255.19,4266.13,4252.36,4258.74
2025.10.20 09:00,4258.76,4263.71,4250.38,4260.78
2025.10.20 10:00,4260.78,4260.92,4245.91,4254.73
2025.10.20 11:00,4254.72,4279.32,4250.94,4279.15
2025.10.20 12:00,4279.11,4327.23,4272.65,4323.52
2025.10.20 13:00,4323.45,4324.98,4299.43,4300.80
2025.10.20 14:00,4300.63,4334.56,4292.63,4332.39
2025.10.20 15:00,4332.41,4355.49,4332.41,4349.08
2025.10.20 16:00,4349.08,4350.75,4342.72,4347.86
2025.10.20 17:00,4347.86,4351.11,4337.36,4347.50
2025.10.20 18:00,4347.75,4364.61,4344.82,4359.45
2025.10.20 19:00,4359.46,4381.34,4359.30,4377.91
2025.10.20 20:00,4377.97,4379.91,4346.81,4356.24
2025.10.20 23:00,4367.42,4371.66,4356.68,4360.35
2025.10.21 00:00,4360.21,4371.08,4356.22,4368.75
2025.10.21 01:00,4368.72,4372.21,4332.84,4350.87
2025.10.21 02:00,4350.91,4355.34,4335.19,4338.84
2025.10.21 03:00,4338.70,4350.81,4337.90,4346.54
2025.10.21 04:00,4346.53,4347.04,4336.95,4341.97
2025.10.21 05:00,4341.92,4344.21,4317.34,4323.22
2025.10.21 06:00,4323.21,4344.27,4317.27,4343.16
2025.10.21 07:00,4343.20,4343.20,4293.33,4298.32
2025.10.21 08:00,4298.13,4301.42,4244.12,4273.90
2025.10.21 09:00,4273.98,4277.92,4254.56,4265.00
2025.10.21 10:00,4265.48,4266.54,4249.53,4253.62
2025.10.21 11:00,4253.70,4272.41,4245.64,4253.28
2025.10.21 12:00,4253.28,4257.53,4206.69,4211.36
2025.10.21 13:00,4211.12,4225.39,4167.70,4174.16
2025.10.21 14:00,4173.90,4188.20,4081.09,4138.88
2025.10.21 15:00,4138.82,4149.86,4119.83,4138.66
2025.10.21 16:00,4138.68,4143.68,4102.53,4113.50
2025.10.21 17:00,4113.53,4120.26,4094.52,4111.25
2025.10.21 18:00,4111.24,4125.77,4106.40,4114.90
2025.10.21 19:00,4115.03,4122.11,4100.73,4108.94
2025.10.21 20:00,4109.17,4130.89,4106.20,4124.89
2025.10.21 23:00,4123.05,4127.92,4090.31,4093.14
2025.10.22 00:00,4093.14,4093.94,4004.07,4074.95
2025.10.22 01:00,4074.96,4120.46,4065.48,4087.14
2025.10.22 02:00,4087.33,4117.70,4087.33,4115.08
2025.10.22 03:00,4114.93,4143.20,4107.29,4128.82
2025.10.22 04:00,4128.77,4133.39,4107.30,4128.26
2025.10.22 05:00,4128.26,4146.92,4126.47,4134.92
2025.10.22 06:00,4134.97,4161.28,4127.77,4156.09
2025.10.22 07:00,4155.62,4156.28,4129.53,4132.94
2025.10.22 08:00,4132.91,4135.78,4062.45,4070.61
2025.10.22 09:00,4070.62,4101.51,4061.28,4069.63
2025.10.22 10:00,4069.52,4090.81,4024.69,4035.03
2025.10.22 11:00,4035.14,4045.08,4015.15,4027.70
2025.10.22 12:00,4027.84,4051.45,4023.27,4033.85
2025.10.22 13:00,4033.84,4085.03,4033.84,4075.90
2025.10.22 14:00,4075.78,4078.10,4011.43,4015.06
2025.10.22 15:00,4014.90,4047.01,4014.76,4037.18
2025.10.22 16:00,4037.03,4064.16,4023.25,4059.26
2025.10.22 17:00,4059.24,4070.96,4044.17,4070.15
2025.10.22 18:00,4070.15,4081.49,4066.86,4076.70
2025.10.22 19:00,4076.98,4113.50,4076.64,4102.29
2025.10.22 20:00,4101.92,4107.19,4088.56,4098.01
2025.10.22 23:00,4103.76,4104.89,4081.05,4087.62
2025.10.23 00:00,4087.60,4096.76,4066.12,4081.75
2025.10.23 01:00,4082.04,4092.89,4072.46,4073.20
2025.10.23 02:00,4073.21,4085.44,4072.05,4082.49
2025.10.23 03:00,4082.40,4100.60,4077.97,4091.11
2025.10.23 04:00,4091.12,4092.77,4079.70,4089.53
2025.10.23 05:00,4089.52,4110.24,4083.85,4110.18
2025.10.23 06:00,4110.18,4137.85,4110.18,4113.56
2025.10.23 07:00,4113.56,4120.97,4092.42,4094.12
2025.10.23 08:00,4094.78,4118.96,4094.78,4116.28
2025.10.23 09:00,4116.28,4125.38,4111.11,4124.59
2025.10.23 10:00,4124.41,4125.18,4101.69,4109.06
2025.10.23 11:00,4108.91,4121.00,4107.82,4109.51
2025.10.23 12:00,4109.10,4129.29,4100.07,4127.35
2025.10.23 13:00,4127.11,4150.89,4125.85,4144.88
2025.10.23 14:00,4144.71,4154.70,4136.04,4148.28
2025.10.23 15:00,4148.30,4151.68,4137.25,4141.86
2025.10.23 16:00,4141.86,4148.53,4125.52,4132.99
2025.10.23 17:00,4132.99,4139.35,4124.96,4137.71
2025.10.23 18:00,4137.72,4143.46,4133.09,4135.92
2025.10.23 19:00,4135.99,4138.15,4116.43,4118.20
2025.10.23 20:00,4118.20,4126.74,4107.29,4126.32
2025.10.23 23:00,4116.24,4122.81,4106.14,4121.47
2025.10.24 00:00,4121.68,4133.59,4117.85,4132.62
2025.10.24 01:00,4132.65,4144.42,4112.15,4118.77
2025.10.24 02:00,4118.75,4118.99,4109.39,4109.52
2025.10.24 03:00,4109.58,4123.38,4107.48,4122.27
2025.10.24 04:00,4122.27,4123.30,4102.86,4111.61
2025.10.24 05:00,4111.94,4117.98,4103.01,4104.58
2025.10.24 06:00,4104.56,4104.86,4081.51,4092.22
2025.10.24 07:00,4092.46,4095.77,4069.70,4074.25
2025.10.24 08:00,4074.28,4077.60,4047.38,4065.19
2025.10.24 09:00,4065.19,4073.42,4054.55,4060.79
2025.10.24 10:00,4061.02,4070.76,4053.73,4054.59
2025.10.24 11:00,4054.71,4065.48,4044.48,4061.40
2025.10.24 12:00,4061.35,4092.68,4059.94,4082.06
2025.10.24 13:00,4082.12,4121.39,4079.35,4106.50
2025.10.24 14:00,4106.82,4134.83,4102.06,4117.51
2025.10.24 15:00,4117.41,4131.87,4113.42,4130.47
2025.10.24 16:00,4130.47,4138.66,4121.68,4129.27
2025.10.24 17:00,4129.27,4134.46,4106.24,4107.52
2025.10.24 18:00,4107.55,4113.66,4101.78,4110.22
2025.10.24 19:00,4110.24,4117.50,4102.17,4103.87
2025.10.24 20:00,4103.95,4114.00,4096.47,4111.81
2025.10.26 23:00,4081.78,4088.38,4061.82,4064.47
2025.10.27 00:00,4064.43,4084.15,4058.19,4081.28
2025.10.27 01:00,4081.01,4097.60,4075.28,4081.87
2025.10.27 02:00,4081.87,4082.00,4070.35,4071.67
2025.10.27 03:00,4071.66,4081.80,4065.53,4069.43
2025.10.27 04:00,4069.50,4071.01,4053.94,4068.78
2025.10.27 05:00,4068.83,4084.39,4068.62,4079.47
2025.10.27 06:00,4079.47,4084.78,4073.95,4078.22
2025.10.27 07:00,4078.22,4079.79,4064.13,4068.77
2025.10.27 08:00,4068.78,4070.37,4024.98,4043.24
2025.10.27 09:00,4043.17,4049.92,4029.99,4039.75
2025.10.27 10:00,4039.77,4047.79,4028.91,4037.29
2025.10.27 11:00,4037.30,4041.27,4015.36,4024.00
2025.10.27 12:00,4024.05,4046.29,4022.27,4045.67
2025.10.27 13:00,4045.83,4050.31,4013.41,4022.18
2025.10.27 14:00,4022.15,4023.42,3983.08,3987.86
2025.10.27 15:00,3987.95,3993.39,3971.51,3989.91
2025.10.27 16:00,3989.89,4000.33,3984.17,3999.29
2025.10.27 17:00,3999.29,4008.98,3990.77,4006.45
2025.10.27 18:00,4006.35,4010.16,3997.95,3999.15
2025.10.27 19:00,3999.79,4005.58,3985.74,3990.03
2025.10.27 20:00,3990.14,4000.27,3979.11,3981.36
2025.10.27 23:00,3990.04,4004.57,3983.04,3998.40
2025.10.28 00:00,3998.40,4009.47,3972.40,4006.81
2025.10.28 01:00,4006.81,4019.64,4004.51,4011.01
2025.10.28 02:00,4010.99,4013.78,3980.84,3983.90
2025.10.28 03:00,3983.76,3994.28,3983.18,3992.79
2025.10.28 04:00,3992.80,3994.14,3963.85,3973.51
2025.10.28 05:00,3974.21,3980.11,3959.40,3966.56
2025.10.28 06:00,3966.56,3968.58,3938.62,3942.59
2025.10.28 07:00,3942.50,3948.48,3921.92,3931.52
2025.10.28 08:00,3932.50,3935.82,3896.62,3897.80
2025.10.28 09:00,3897.45,3911.10,3886.58,3904.78
2025.10.28 10:00,3904.75,3930.91,3900.12,3926.51
2025.10.28 11:00,3926.52,3929.93,3910.97,3923.25
2025.10.28 12:00,3923.25,3929.68,3906.05,3912.74
2025.10.28 13:00,3912.76,3940.36,3912.36,3938.90
2025.10.28 14:00,3939.05,3953.80,3934.86,3949.84
2025.10.28 15:00,3949.80,3969.47,3947.17,3964.86
2025.10.28 16:00,3964.79,3965.42,3950.37,3958.50
2025.10.28 17:00,3958.16,3970.35,3955.18,3962.41
2025.10.28 18:00,3962.40,3964.03,3945.36,3956.46
2025.10.28 19:00,3956.51,3962.76,3950.76,3960.19
2025.10.28 20:00,3960.09,3960.89,3949.46,3951.20
2025.10.28 23:00,3933.92,3968.14,3933.92,3964.97
2025.10.29 00:00,3964.60,3982.38,3959.20,3974.99
2025.10.29 01:00,3975.28,3979.38,3965.57,3973.66
2025.10.29 02:00,3973.53,3974.28,3943.82,3960.92
2025.10.29 03:00,3961.02,3972.03,3958.35,3963.43
2025.10.29 04:00,3963.49,3964.93,3951.10,3951.87
2025.10.29 05:00,3952.02,3966.05,3950.86,3962.44
2025.10.29 06:00,3962.41,3984.70,3959.80,3978.28
2025.10.29 07:00,3978.24,4001.50,3975.03,4001.21
2025.10.29 08:00,4001.56,4018.48,4000.41,4016.84
2025.10.29 09:00,4016.77,4029.55,4013.40,4023.98
2025.10.29 10:00,4024.03,4029.60,4017.15,4023.45
2025.10.29 11:00,4023.45,4028.48,4013.51,4016.65
2025.10.29 12:00,4016.63,4030.07,4014.06,4025.62
2025.10.29 13:00,4025.49,4025.52,4002.35,4012.42
2025.10.29 14:00,4012.39,4022.47,4007.56,4008.41
2025.10.29 15:00,4008.40,4011.88,3989.39,3993.01
2025.10.29 16:00,3993.01,4001.04,3991.56,3992.76
2025.10.29 17:00,3992.77,3997.76,3985.89,3994.81
2025.10.29 18:00,3994.83,4006.28,3943.67,3969.26
2025.10.29 19:00,3969.18,3979.80,3928.09,3945.51
2025.10.29 20:00,3945.45,3953.67,3927.72,3928.84
2025.10.29 23:00,3941.42,3953.95,3939.62,3952.79
2025.10.30 00:00,3952.69,3964.26,3937.86,3950.16
2025.10.30 01:00,3950.16,3966.31,3944.97,3947.62
2025.10.30 02:00,3947.64,3948.06,3922.03,3922.14
2025.10.30 03:00,3922.14,3938.01,3915.41,3937.92
2025.10.30 04:00,3937.92,3981.77,3934.81,3972.54
2025.10.30 05:00,3972.57,3978.34,3947.10,3963.54
2025.10.30 06:00,3963.61,3977.35,3956.46,3977.02
2025.10.30 07:00,3976.99,3977.52,3955.87,3961.22
2025.10.30 08:00,3961.33,3976.72,3960.28,3976.44
2025.10.30 09:00,3976.44,4011.91,3976.03,3999.04
2025.10.30 10:00,3998.44,4001.06,3973.66,3984.13
2025.10.30 11:00,3984.13,3984.98,3963.88,3974.36
2025.10.30 12:00,3974.70,3985.31,3961.15,3961.24
2025.10.30 13:00,3961.49,3995.54,3960.47,3995.54
2025.10.30 14:00,3995.56,4014.78,3987.25,3996.42
2025.10.30 15:00,3996.40,4008.67,3988.34,4001.91
2025.10.30 16:00,4001.91,4004.14,3991.18,4001.47
2025.10.30 17:00,4001.53,4017.88,3994.43,4004.44
2025.10.30 18:00,4004.60,4017.59,4000.17,4016.03
2025.10.30 19:00,4016.11,4025.96,4015.38,4023.39
2025.10.30 20:00,4023.35,4026.98,4016.42,4024.53
2025.10.30 23:00,4037.82,4043.02,4019.42,4036.44
2025.10.31 00:00,4036.44,4036.75,4024.05,4025.22
2025.10.31 01:00,4025.23,4039.07,4013.94,4018.74
2025.10.31 02:00,4018.74,4019.11,4001.50,4011.02
2025.10.31 03:00,4011.30,4013.92,3991.31,3996.32
2025.10.31 04:00,3996.32,4010.57,3989.07,4005.76
2025.10.31 05:00,4005.76,4011.12,3994.13,4005.06
2025.10.31 06:00,4005.07,4015.06,4002.32,4013.17
2025.10.31 07:00,4013.13,4025.43,4007.60,4020.95
2025.10.31 08:00,4020.95,4026.65,4006.98,4010.29
2025.10.31 09:00,4010.34,4014.23,3998.72,4008.38
2025.10.31 10:00,4008.72,4016.87,4003.53,4007.40
2025.10.31 11:00,4007.40,4011.26,4001.71,4010.47
2025.10.31 12:00,4010.51,4036.09,4009.07,4023.07
2025.10.31 13:00,4023.10,4035.48,4010.32,4016.53
2025.10.31 14:00,4016.50,4027.20,4011.04,4020.68
2025.10.31 15:00,4020.60,4022.77,4009.71,4012.89
2025.10.31 16:00,4012.65,4015.17,3972.24,3980.70
2025.10.31 17:00,3980.74,4003.58,3980.53,3997.67
2025.10.31 18:00,3997.70,4009.93,3995.43,4000.03
2025.10.31 19:00,3999.98,4005.54,3991.46,4000.91
2025.10.31 20:00,4000.92,4006.35,3996.26,4002.77
2025.11.02 23:00,3982.57,3998.81,3977.72,3980.46
2025.11.03 00:00,3979.78,3987.67,3962.71,3969.22
2025.11.03 01:00,3970.96,4001.78,3965.71,3995.92
2025.11.03 02:00,3995.74,4006.43,3990.27,4003.88
2025.11.03 03:00,4003.87,4015.31,4002.25,4011.37
2025.11.03 04:00,4011.37,4014.25,4001.85,4003.77
2025.11.03 05:00,4003.77,4018.48,3997.97,4013.92
2025.11.03 06:00,4013.92,4018.53,4010.06,4017.55
2025.11.03 07:00,4017.54,4025.96,4013.53,4025.29
2025.11.03 08:00,4025.31,4027.95,4010.99,4019.56
2025.11.03 09:00,4019.60,4026.00,3993.18,4000.54
2025.11.03 10:00,4000.62,4004.82,3994.43,3998.78
2025.11.03 11:00,3998.78,4008.52,3994.39,4007.59
2025.11.03 12:00,4007.57,4013.52,4001.87,4013.35
2025.11.03 13:00,4013.41,4020.39,4010.80,4016.06
2025.11.03 14:00,4016.09,4026.11,4001.62,4022.74
2025.11.03 15:00,4022.69,4030.53,4003.54,4008.58
2025.11.03 16:00,4008.57,4013.47,3995.35,4008.25
2025.11.03 17:00,4008.25,4012.11,4003.46,4006.17
2025.11.03 18:00,4006.18,4009.59,3999.50,4006.40
2025.11.03 19:00,4006.32,4007.84,3995.34,4004.80
2025.11.03 20:00,4004.70,4014.90,4004.70,4010.23
2025.11.03 21:00,4010.18,4010.18,3999.83,4001.02
2025.11.03 23:00,4002.18,4005.75,3985.08,3997.27
2025.11.04 00:00,3997.42,3999.04,3978.50,3986.44
2025.11.04 01:00,3986.44,3994.56,3979.57,3987.24
2025.11.04 02:00,3987.20,3987.24,3975.85,3986.72
2025.11.04 03:00,3986.72,3999.22,3981.75,3994.59
2025.11.04 04:00,3994.59,3995.24,3983.97,3985.59
2025.11.04 05:00,3985.18,3987.08,3972.69,3972.95
2025.11.04 06:00,3973.13,3988.08,3966.70,3985.01
2025.11.04 07:00,3985.01,3996.21,3982.33,3993.98
2025.11.04 08:00,3993.98,4000.62,3990.79,3996.11
2025.11.04 09:00,3996.10,3999.45,3990.48,3991.11
2025.11.04 10:00,3991.14,3997.69,3985.86,3993.82
2025.11.04 11:00,3993.85,4000.03,3991.64,3995.02
2025.11.04 12:00,3995.02,3997.52,3983.68,3984.72
2025.11.04 13:00,3984.43,3996.01,3971.87,3975.63
2025.11.04 14:00,3975.64,3977.75,3928.75,3957.14
2025.11.04 15:00,3956.82,3968.12,3941.20,3956.81
2025.11.04 16:00,3956.87,3975.45,3956.73,3969.04
2025.11.04 17:00,3969.04,3971.00,3952.45,3955.08
2025.11.04 18:00,3954.81,3956.74,3932.22,3937.94
2025.11.04 19:00,3937.94,3944.21,3934.60,3937.43
2025.11.04 20:00,3937.55,3942.18,3931.51,3938.62
2025.11.04 21:00,3938.66,3938.92,3930.45,3931.70
2025.11.04 23:00,3933.96,3940.52,3931.08,3934.84
2025.11.05 00:00,3934.89,3943.01,3929.98,3939.74
2025.11.05 01:00,3939.91,3949.43,3934.53,3937.05
2025.11.05 02:00,3937.06,3950.83,3935.62,3948.51
2025.11.05 03:00,3948.41,3965.18,3947.49,3960.82
2025.11.05 04:00,3960.52,3973.65,3959.88,3970.29
2025.11.05 05:00,3970.30,3978.65,3962.11,3964.82
2025.11.05 06:00,3965.03,3973.57,3961.85,3966.48
2025.11.05 07:00,3966.50,3974.88,3963.83,3972.69
2025.11.05 08:00,3972.71,3987.10,3972.66,3979.93
2025.11.05 09:00,3979.93,3981.22,3963.73,3971.86
2025.11.05 10:00,3971.86,3971.87,3956.09,3964.43
2025.11.05 11:00,3964.43,3968.86,3957.69,3966.95
2025.11.05 12:00,3966.93,3969.80,3962.20,3969.65
2025.11.05 13:00,3969.66,3979.42,3964.78,3975.96
2025.11.05 14:00,3975.86,3985.52,3969.61,3973.61
2025.11.05 15:00,3973.54,3984.41,3963.99,3978.41
2025.11.05 16:00,3978.45,3990.41,3974.91,3986.90
2025.11.05 17:00,3986.79,3989.54,3978.77,3982.08
2025.11.05 18:00,3982.18,3986.08,3978.98,3982.51
2025.11.05 19:00,3982.52,3988.81,3979.17,3987.81
2025.11.05 20:00,3987.92,3990.21,3981.49,3984.33
2025.11.05 21:00,3984.32,3984.90,3977.92,3980.07
2025.11.05 23:00,3976.75,3979.97,3966.79,3973.61
2025.11.06 00:00,3973.55,3976.13,3970.40,3976.13
2025.11.06 01:00,3976.17,3977.27,3964.50,3976.62
2025.11.06 02:00,3976.62,3985.14,3974.15,3983.35
2025.11.06 03:00,3983.35,3990.28,3979.48,3987.50
2025.11.06 04:00,3987.40,3989.68,3984.46,3988.77
2025.11.06 05:00,3988.53,3990.48,3985.69,3987.86
2025.11.06 06:00,3987.67,3992.78,3982.27,3991.57
2025.11.06 07:00,3991.57,4009.32,3991.31,4005.82
2025.11.06 08:00,4005.73,4016.77,4004.67,4014.93
2025.11.06 09:00,4014.87,4015.25,4009.31,4010.90
2025.11.06 10:00,4010.91,4011.11,4004.50,4008.45
2025.11.06 11:00,4008.45,4019.40,4007.11,4018.21
2025.11.06 12:00,4018.19,4019.54,4003.16,4005.21
2025.11.06 13:00,4005.30,4016.16,4003.69,4012.14
2025.11.06 14:00,4012.27,4013.91,3989.04,3993.31
2025.11.06 15:00,3993.31,3993.63,3975.17,3980.20
2025.11.06 16:00,3980.20,3986.32,3976.32,3980.84
2025.11.06 17:00,3980.83,3988.05,3965.66,3986.13
2025.11.06 18:00,3986.13,3990.83,3980.13,3987.76
2025.11.06 19:00,3987.80,3995.30,3983.18,3985.36
2025.11.06 20:00,3985.32,3987.14,3979.38,3980.65
2025.11.06 21:00,3980.82,3982.52,3976.39,3977.11
2025.11.06 23:00,3976.42,3989.65,3974.52,3989.12
2025.11.07 00:00,3988.92,3994.27,3984.48,3988.56
2025.11.07 01:00,3988.56,4002.77,3987.23,4001.70
2025.11.07 02:00,4001.74,4003.20,3991.61,3995.44
2025.11.07 03:00,3995.44,3996.46,3988.20,3990.42
2025.11.07 04:00,3990.42,3998.51,3985.25,3998.36
2025.11.07 05:00,3998.50,3998.79,3991.95,3995.05
2025.11.07 06:00,3995.04,4008.38,3992.29,4006.69
2025.11.07 07:00,4006.79,4009.74,4002.94,4007.72
2025.11.07 08:00,4007.72,4010.43,4003.58,4009.76
2025.11.07 09:00,4009.84,4014.27,4004.19,4006.63
2025.11.07 10:00,4006.65,4009.40,4003.14,4007.83
2025.11.07 11:00,4007.82,4011.92,3993.78,4002.84
2025.11.07 12:00,4002.89,4008.46,3991.67,3995.84
2025.11.07 13:00,3995.88,4001.86,3991.73,3997.63
2025.11.07 14:00,3997.66,4007.29,3984.37,3993.31
2025.11.07 15:00,3993.46,3999.10,3983.94,3990.78
2025.11.07 16:00,3990.81,4027.39,3989.92,4007.71
2025.11.07 17:00,4007.85,4009.78,3992.44,4005.35
2025.11.07 18:00,4005.45,4008.95,3999.53,4005.42
2025.11.07 19:00,4005.46,4008.98,4001.70,4006.78
2025.11.07 20:00,4006.75,4006.97,3994.36,4003.93
2025.11.07 21:00,4003.64,4005.23,3998.51,4000.12
2025.11.09 23:00,3998.24,4012.17,3997.51,4011.86
2025.11.10 00:00,4011.85,4023.76,4011.05,4020.37
2025.11.10 01:00,4020.37,4053.32,4019.21,4044.22
2025.11.10 02:00,4044.18,4049.13,4037.82,4048.19
2025.11.10 03:00,4048.19,4052.70,4044.93,4050.25
2025.11.10 04:00,4050.08,4056.79,4049.85,4054.15
2025.11.10 05:00,4054.25,4069.85,4050.07,4069.29
2025.11.10 06:00,4069.29,4078.38,4066.74,4075.14
2025.11.10 07:00,4075.09,4078.99,4072.34,4075.22
2025.11.10 08:00,4075.23,4085.09,4074.98,4082.16
2025.11.10 09:00,4082.18,4086.34,4071.56,4076.58
2025.11.10 10:00,4076.49,4083.46,4076.02,4080.88
2025.11.10 11:00,4080.94,4085.43,4075.70,4085.33
2025.11.10 12:00,4085.41,4100.00,4084.31,4097.47
2025.11.10 13:00,4097.52,4105.92,4090.30,4091.69
2025.11.10 14:00,4091.68,4094.12,4074.17,4083.49
2025.11.10 15:00,4083.39,4094.30,4077.81,4084.26
2025.11.10 16:00,4084.22,4095.69,4081.97,4094.93
2025.11.10 17:00,4095.03,4102.63,4093.40,4102.53
2025.11.10 18:00,4102.51,4115.85,4101.61,4110.04
2025.11.10 19:00,4110.11,4115.41,4107.91,4113.11
2025.11.10 20:00,4113.11,4114.58,4106.66,4111.59
2025.11.10 21:00,4111.64,4116.53,4110.41,4115.44
2025.11.10 23:00,4115.16,4122.66,4114.74,4119.94
2025.11.11 00:00,4120.01,4133.55,4116.01,4130.68
2025.11.11 01:00,4130.65,4140.95,4127.91,4136.02
2025.11.11 02:00,4136.00,4139.47,4129.48,4137.95
2025.11.11 03:00,4137.86,4148.14,4136.94,4146.72
2025.11.11 04:00,4146.67,4148.93,4141.69,4143.10
2025.11.11 05:00,4142.98,4144.26,4124.43,4130.80
2025.11.11 06:00,4130.97,4137.70,4126.61,4129.81
2025.11.11 07:00,4129.78,4133.02,4124.74,4129.44
2025.11.11 08:00,4129.38,4137.52,4128.57,4135.58
2025.11.11 09:00,4135.56,4146.00,4134.40,4141.83
2025.11.11 10:00,4141.84,4144.00,4136.85,4141.60
2025.11.11 11:00,4141.65,4144.29,4139.01,4142.52
2025.11.11 12:00,4142.64,4143.78,4132.96,4134.40
2025.11.11 13:00,4134.50,4146.65,4133.74,4142.36
2025.11.11 14:00,4142.31,4143.28,4119.70,4124.93
2025.11.11 15:00,4124.76,4126.17,4096.96,4106.69
2025.11.11 16:00,4106.70,4115.50,4105.05,4113.26
2025.11.11 17:00,4113.24,4117.78,4110.42,4114.13
2025.11.11 18:00,4114.14,4116.34,4106.39,4113.81
2025.11.11 19:00,4113.76,4125.93,4111.95,4122.90
2025.11.11 20:00,4122.94,4131.79,4122.15,4129.28
2025.11.11 21:00,4129.37,4131.27,4125.48,4126.84
2025.11.11 23:00,4127.37,4144.57,4126.85,4142.49
2025.11.12 00:00,4142.37,4145.31,4132.16,4132.96
2025.11.12 01:00,4132.98,4136.98,4126.20,4131.43
2025.11.12 02:00,4131.27,4135.26,4118.64,4123.84
2025.11.12 03:00,4123.86,4125.35,4111.60,4111.74
2025.11.12 04:00,4111.86,4113.07,4103.41,4110.37
2025.11.12 05:00,4110.60,4111.03,4098.63,4104.50
2025.11.12 06:00,4104.54,4119.12,4102.99,4118.33
2025.11.12 07:00,4118.36,4125.24,4113.15,4116.82
2025.11.12 08:00,4116.90,4132.98,4111.99,4131.07
2025.11.12 09:00,4131.13,4133.72,4120.35,4124.41
2025.11.12 10:00,4124.62,4129.45,4117.94,4127.75
2025.11.12 11:00,4127.79,4131.15,4123.01,4125.99
2025.11.12 12:00,4126.00,4139.19,4124.77,4129.88
2025.11.12 13:00,4130.08,4132.56,4122.53,4126.94
2025.11.12 14:00,4126.96,4139.94,4124.77,4136.56
2025.11.12 15:00,4136.59,4185.31,4134.55,4181.13
2025.11.12 16:00,4181.14,4197.82,4179.99,4196.30
2025.11.12 17:00,4196.32,4206.50,4192.31,4199.36
2025.11.12 18:00,4199.34,4211.82,4190.41,4206.65
2025.11.12 19:00,4206.73,4209.95,4191.95,4197.37
2025.11.12 20:00,4197.38,4199.47,4190.44,4195.71
2025.11.12 21:00,4195.85,4201.98,4190.76,4195.09
2025.11.12 23:00,4196.20,4208.07,4187.26,4191.10
2025.11.13 00:00,4190.96,4208.68,4186.03,4205.67
2025.11.13 01:00,4205.74,4209.03,4179.68,4192.21
2025.11.13 02:00,4192.16,4195.79,4183.20,4190.42
2025.11.13 03:00,4190.34,4213.03,4190.20,4212.75
2025.11.13 04:00,4212.63,4219.22,4203.22,4209.33
2025.11.13 05:00,4209.21,4217.71,4207.23,4211.78
2025.11.13 06:00,4211.75,4211.97,4203.14,4210.47
2025.11.13 07:00,4210.41,4220.09,4208.26,4219.87
2025.11.13 08:00,4219.80,4239.47,4219.02,4232.65
2025.11.13 09:00,4232.51,4239.45,4225.05,4232.98
2025.11.13 10:00,4232.97,4240.20,4221.51,4225.38
2025.11.13 11:00,4225.45,4232.26,4218.97,4230.58
2025.11.13 12:00,4230.32,4245.03,4229.91,4242.57
2025.11.13 13:00,4242.58,4243.93,4220.23,4231.46
2025.11.13 14:00,4231.68,4232.11,4184.35,4195.43
2025.11.13 15:00,4195.44,4205.02,4186.46,4202.48
2025.11.13 16:00,4202.43,4210.90,4195.27,4206.45
2025.11.13 17:00,4206.35,4208.07,4193.29,4201.63
2025.11.13 18:00,4201.67,4203.17,4145.05,4157.82
2025.11.13 19:00,4157.83,4170.53,4145.62,4163.76
2025.11.13 20:00,4163.74,4170.40,4160.34,4163.79
2025.11.13 21:00,4163.86,4181.36,4161.08,4171.42
2025.11.13 23:00,4172.37,4186.59,4172.09,4186.02
2025.11.14 00:00,4186.08,4189.74,4178.03,4183.70
2025.11.14 01:00,4183.69,4193.67,4173.47,4189.87
2025.11.14 02:00,4189.88,4210.29,4188.56,4207.04
2025.11.14 03:00,4207.12,4211.28,4201.18,4204.22
2025.11.14 04:00,4204.21,4205.61,4197.04,4203.30
2025.11.14 05:00,4203.36,4203.52,4183.81,4189.88
2025.11.14 06:00,4189.90,4193.21,4169.45,4175.26
2025.11.14 07:00,4175.23,4182.21,4158.67,4180.95
2025.11.14 08:00,4180.86,4186.83,4169.96,4175.91
2025.11.14 09:00,4175.90,4180.55,4166.33,4169.46
2025.11.14 10:00,4169.48,4171.08,4159.37,4167.98
2025.11.14 11:00,4168.03,4169.88,4130.77,4132.84
2025.11.14 12:00,4132.81,4140.46,4107.55,4115.93
2025.11.14 13:00,4116.00,4118.82,4041.08,4055.92
2025.11.14 14:00,4055.88,4083.81,4031.93,4082.45
2025.11.14 15:00,4082.48,4096.48,4068.41,4093.35
2025.11.14 16:00,4093.42,4111.20,4080.84,4104.98
2025.11.14 17:00,4105.00,4110.40,4094.01,4099.91
2025.11.14 18:00,4099.70,4103.59,4080.86,4097.82
2025.11.14 19:00,4098.06,4100.00,4087.53,4089.99
2025.11.14 20:00,4090.08,4092.45,4075.28,4086.95
2025.11.14 21:00,4087.01,4087.01,4077.96,4084.90
2025.11.16 23:00,4085.38,4106.67,4075.82,4096.62
2025.11.17 00:00,4096.61,4098.25,4080.49,4083.22
2025.11.17 01:00,4083.15,4101.97,4082.65,4091.27
2025.11.17 02:00,4091.09,4093.68,4080.77,4082.01
2025.11.17 03:00,4081.96,4085.60,4070.02,4082.86
2025.11.17 04:00,4082.78,4087.91,4076.82,4078.55
2025.11.17 05:00,4078.55,4078.62,4049.64,4058.37
2025.11.17 06:00,4058.32,4071.90,4054.80,4066.00
2025.11.17 07:00,4066.00,4089.03,4065.12,4088.14
2025.11.17 08:00,4088.14,4095.90,4072.06,4077.35
2025.11.17 09:00,4077.37,4088.59,4072.14,4082.00
2025.11.17 10:00,4082.08,4089.36,4068.48,4070.25
2025.11.17 11:00,4070.26,4086.18,4061.08,4078.41
2025.11.17 12:00,4078.46,4085.15,4074.91,4077.15
2025.11.17 13:00,4077.15,4092.17,4061.33,4065.28
2025.11.17 14:00,4065.29,4081.96,4060.68,4076.13
2025.11.17 15:00,4076.24,4077.51,4060.79,4064.34
2025.11.17 16:00,4064.04,4073.67,4052.18,4069.93
2025.11.17 17:00,4070.06,4080.85,4069.67,4073.31
2025.11.17 18:00,4073.42,4076.09,4062.32,4062.57
2025.11.17 19:00,4062.63,4065.10,4010.94,4011.11
2025.11.17 20:00,4011.16,4044.01,4006.94,4040.92
2025.11.17 21:00,4040.86,4046.19,4038.85,4045.47
2025.11.17 23:00,4045.76,4055.25,4028.71,4036.89
2025.11.18 00:00,4036.83,4041.30,4027.35,4040.08
2025.11.18 01:00,4040.21,4045.13,4022.68,4024.94
2025.11.18 02:00,4024.83,4035.74,4015.21,4017.53
2025.11.18 03:00,4017.53,4026.31,4008.49,4013.13
2025.11.18 04:00,4013.15,4018.14,4004.55,4010.42
2025.11.18 05:00,4010.50,4025.05,4008.26,4018.94
2025.11.18 06:00,4018.87,4020.41,4007.61,4008.92
2025.11.18 07:00,4008.88,4017.38,3997.99,4013.62
2025.11.18 08:00,4013.92,4042.65,4010.65,4036.74
2025.11.18 09:00,4036.75,4047.15,4030.18,4040.16
2025.11.18 10:00,4040.13,4050.40,4037.47,4044.17
2025.11.18 11:00,4044.22,4050.30,4036.98,4039.45
2025.11.18 12:00,4039.51,4044.87,4029.20,4032.30
2025.11.18 13:00,4032.35,4070.29,4031.18,4065.24
2025.11.18 14:00,4065.25,4081.91,4058.08,4065.79
2025.11.18 15:00,4066.01,4072.19,4049.05,4052.88
2025.11.18 16:00,4052.95,4069.19,4040.36,4066.83
2025.11.18 17:00,4066.83,4075.79,4059.75,4071.32
2025.11.18 18:00,4071.33,4074.70,4063.13,4072.69
2025.11.18 19:00,4072.73,4082.10,4072.63,4081.08
2025.11.18 20:00,4081.08,4082.45,4067.43,4069.61
2025.11.18 21:00,4069.45,4072.31,4064.88,4067.42
2025.11.18 23:00,4066.27,4077.77,4059.22,4076.63
2025.11.19 00:00,4076.60,4078.23,4067.52,4069.20
2025.11.19 01:00,4069.12,4070.21,4056.31,4058.84
2025.11.19 02:00,4058.91,4080.49,4055.33,4075.72
2025.11.19 03:00,4075.66,4078.34,4066.14,4067.00
2025.11.19 04:00,4067.02,4076.82,4064.33,4074.98
2025.11.19 05:00,4075.16,4097.27,4073.98,4095.09
2025.11.19 06:00,4095.10,4098.55,4088.99,4090.85
2025.11.19 07:00,4090.72,4096.50,4084.90,4087.01
2025.11.19 08:00,4086.99,4088.52,4078.18,4083.58
2025.11.19 09:00,4083.11,4116.19,4081.24,4112.89
2025.11.19 10:00,4112.93,4118.94,4106.74,4109.06
2025.11.19 11:00,4109.24,4117.52,4106.15,4112.70
2025.11.19 12:00,4112.71,4119.74,4111.96,4114.67
2025.11.19 13:00,4114.63,4117.69,4100.71,4110.45
2025.11.19 14:00,4110.49,4128.97,4101.93,4127.62
2025.11.19 15:00,4127.59,4132.62,4090.33,4096.71
2025.11.19 16:00,4096.70,4098.44,4067.73,4074.54
2025.11.19 17:00,4074.13,4080.81,4055.61,4078.69
2025.11.19 18:00,4078.41,4091.11,4075.75,4087.02
2025.11.19 19:00,4087.14,4087.16,4069.04,4073.58
2025.11.19 20:00,4073.59,4082.16,4072.02,4076.07
2025.11.19 21:00,4076.13,4084.63,4065.43,4077.77
2025.11.19 23:00,4080.14,4108.11,4078.70,4104.36
2025.11.20 00:00,4104.37,4110.22,4100.10,4102.72
2025.11.20 01:00,4102.83,4109.17,4080.86,4081.53
2025.11.20 02:00,4081.54,4081.74,4039.04,4066.85
2025.11.20 03:00,4067.03,4085.20,4064.51,4072.36
2025.11.20 04:00,4072.20,4080.55,4068.13,4075.31
2025.11.20 05:00,4075.30,4075.71,4064.40,4066.71
2025.11.20 06:00,4066.70,4077.41,4058.18,4068.00
2025.11.20 07:00,4067.81,4076.68,4054.37,4059.85
2025.11.20 08:00,4059.81,4069.40,4038.41,4063.47
2025.11.20 09:00,4063.45,4072.39,4055.52,4063.81
2025.11.20 10:00,4063.84,4068.13,4058.11,4059.91
2025.11.20 11:00,4059.59,4068.07,4050.95,4060.73
2025.11.20 12:00,4060.56,4081.78,4059.92,4081.76
2025.11.20 13:00,4081.78,4095.93,4066.48,4080.08
2025.11.20 14:00,4079.87,4106.89,4071.99,4093.11
2025.11.20 15:00,4092.98,4098.45,4070.03,4070.03
2025.11.20 16:00,4069.86,4082.51,4044.80,4049.28
2025.11.20 17:00,4049.27,4068.24,4043.50,4065.77
2025.11.20 18:00,4065.76,4072.37,4056.31,4060.37
2025.11.20 19:00,4060.59,4087.11,4058.89,4084.30
2025.11.20 20:00,4084.40,4084.95,4073.16,4076.93
2025.11.20 21:00,4077.01,4080.75,4074.20,4077.04
2025.11.20 23:00,4075.36,4088.31,4072.96,4078.76
2025.11.21 00:00,4079.05,4081.04,4071.46,4073.74
2025.11.21 01:00,4073.76,4074.29,4060.36,4068.60
2025.11.21 02:00,4068.49,4079.75,4056.52,4057.12
2025.11.21 03:00,4057.17,4059.44,4049.35,4056.23
2025.11.21 04:00,4056.22,4062.51,4047.68,4052.10
2025.11.21 05:00,4052.35,4059.74,4039.63,4058.48
2025.11.21 06:00,4058.51,4064.52,4029.29,4032.74
2025.11.21 07:00,4032.68,4039.79,4024.61,4031.33
2025.11.21 08:00,4031.39,4047.82,4022.29,4040.76
2025.11.21 09:00,4040.75,4063.36,4039.99,4050.22
2025.11.21 10:00,4050.33,4052.59,4032.08,4037.19
2025.11.21 11:00,4037.16,4046.92,4030.84,4036.35
2025.11.21 12:00,4036.17,4071.34,4034.66,4065.77
2025.11.21 13:00,4065.95,4080.68,4058.98,4079.40
2025.11.21 14:00,4079.42,4083.78,4061.68,4071.70
2025.11.21 15:00,4071.65,4076.52,4055.03,4069.40
2025.11.21 16:00,4069.32,4100.38,4062.96,4099.68
2025.11.21 17:00,4099.67,4101.06,4078.82,4085.39
2025.11.21 18:00,4085.21,4088.01,4076.21,4082.69
2025.11.21 19:00,4082.71,4092.13,4082.48,4087.37
2025.11.21 20:00,4087.38,4088.72,4055.02,4067.53
2025.11.21 21:00,4067.34,4068.88,4054.38,4065.80
2025.11.23 23:00,4069.15,4077.48,4065.46,4075.04
2025.11.24 00:00,4075.02,4075.99,4058.23,4067.22
2025.11.24 01:00,4067.76,4073.22,4042.52,4044.01
2025.11.24 02:00,4043.98,4051.40,4040.55,4043.58
2025.11.24 03:00,4043.56,4058.11,4043.54,4050.19
2025.11.24 04:00,4050.46,4061.14,4042.07,4043.89
2025.11.24 05:00,4043.94,4049.49,4040.11,4046.34
2025.11.24 06:00,4046.35,4057.87,4045.25,4053.15
2025.11.24 07:00,4053.16,4067.69,4051.54,4060.02
2025.11.24 08:00,4060.01,4066.71,4059.55,4063.33
2025.11.24 09:00,4063.21,4074.13,4062.86,4071.68
2025.11.24 10:00,4071.67,4077.26,4063.20,4063.68
2025.11.24 11:00,4063.70,4071.65,4063.18,4069.95
2025.11.24 12:00,4069.92,4084.02,4065.41,4080.33
2025.11.24 13:00,4080.46,4085.78,4073.48,4077.45
2025.11.24 14:00,4077.44,4085.79,4068.21,4081.11
2025.11.24 15:00,4081.14,4093.68,4081.14,4091.74
2025.11.24 16:00,4091.73,4098.81,4089.61,4097.30
2025.11.24 17:00,4097.34,4100.36,4088.84,4093.01
2025.11.24 18:00,4092.88,4125.58,4087.86,4120.19
2025.11.24 19:00,4120.23,4124.03,4113.71,4118.17
2025.11.24 20:00,4118.20,4133.36,4117.73,4132.34
2025.11.24 21:00,4132.41,4139.78,4129.91,4133.91
2025.11.24 23:00,4134.19,4144.03,4124.97,4143.53
2025.11.25 00:00,4143.50,4144.12,4127.30,4129.24
2025.11.25 01:00,4129.25,4139.14,4122.52,4134.53
2025.11.25 02:00,4134.49,4155.66,4132.49,4150.28
2025.11.25 03:00,4150.36,4150.63,4139.23,4142.98
2025.11.25 04:00,4142.97,4148.27,4139.37,4140.43
2025.11.25 05:00,4140.66,4151.83,4140.66,4150.72
2025.11.25 06:00,4150.96,4151.87,4138.19,4141.36
2025.11.25 07:00,4141.52,4145.86,4129.86,4132.47
2025.11.25 08:00,4132.52,4139.34,4109.56,4115.86
2025.11.25 09:00,4115.89,4131.23,4113.74,4128.37
2025.11.25 10:00,4128.23,4138.58,4127.22,4131.14
2025.11.25 11:00,4131.12,4137.28,4127.57,4133.50
2025.11.25 12:00,4133.65,4138.77,4116.25,4129.70
2025.11.25 13:00,4129.68,4150.53,4129.25,4147.63
2025.11.25 14:00,4147.62,4148.44,4110.62,4124.94
2025.11.25 15:00,4125.05,4133.69,4117.71,4122.84
2025.11.25 16:00,4122.91,4141.21,4121.75,4136.05
2025.11.25 17:00,4136.04,4159.00,4135.77,4145.85
2025.11.25 18:00,4145.87,4150.69,4132.63,4134.46
2025.11.25 19:00,4134.32,4140.32,4128.25,4133.70
2025.11.25 20:00,4133.95,4138.23,4130.36,4132.26
2025.11.25 21:00,4132.32,4132.35,4127.56,4130.56
2025.11.25 23:00,4132.62,4136.80,4129.65,4133.57
2025.11.26 00:00,4133.58,4144.19,4132.47,4142.67
2025.11.26 01:00,4142.92,4152.74,4138.46,4148.17
2025.11.26 02:00,4148.15,4166.52,4147.08,4161.35
2025.11.26 03:00,4161.37,4169.20,4160.06,4165.77
2025.11.26 04:00,4165.70,4167.08,4156.55,4161.84
2025.11.26 05:00,4162.08,4168.47,4160.18,4162.03
2025.11.26 06:00,4161.99,4162.74,4146.47,4150.06
2025.11.26 07:00,4150.08,4161.30,4149.04,4157.28
2025.11.26 08:00,4157.34,4168.45,4154.80,4161.12
2025.11.26 09:00,4161.08,4164.53,4156.37,4162.49
2025.11.26 10:00,4162.50,4164.93,4155.84,4159.67
2025.11.26 11:00,4159.90,4173.01,4157.59,4171.31
2025.11.26 12:00,4171.35,4173.36,4148.71,4154.97
2025.11.26 13:00,4155.04,4166.48,4149.07,4153.25
2025.11.26 14:00,4153.27,4156.75,4140.02,4142.37
2025.11.26 15:00,4142.33,4165.80,4136.72,4165.09
2025.11.26 16:00,4165.07,4168.22,4160.42,4167.01
2025.11.26 17:00,4167.05,4169.83,4164.73,4167.00
2025.11.26 18:00,4167.05,4171.30,4158.03,4164.48
2025.11.26 19:00,4164.46,4169.43,4162.19,4163.17
2025.11.26 20:00,4163.15,4167.45,4161.14,4163.74
2025.11.26 21:00,4163.89,4167.30,4161.99,4163.81
2025.11.26 23:00,4165.53,4168.49,4162.24,4164.47
2025.11.27 00:00,4164.62,4167.00,4161.69,4164.25
2025.11.27 01:00,4164.23,4165.22,4148.50,4154.19
2025.11.27 02:00,4154.28,4156.05,4144.47,4145.57
2025.11.27 03:00,4145.54,4150.62,4144.18,4147.23
2025.11.27 04:00,4147.24,4154.31,4142.54,4150.58
2025.11.27 05:00,4150.55,4154.63,4144.61,4146.66
2025.11.27 06:00,4146.70,4159.09,4146.60,4157.33
2025.11.27 07:00,4157.32,4162.19,4155.41,4159.84
2025.11.27 08:00,4159.89,4167.31,4159.28,4165.56
2025.11.27 09:00,4165.55,4165.58,4148.39,4158.58
2025.11.27 10:00,4158.59,4160.28,4152.42,4156.32
2025.11.27 11:00,4156.26,4162.33,4155.79,4157.35
2025.11.27 12:00,4157.33,4158.94,4153.42,4153.92
2025.11.27 13:00,4153.91,4157.94,4149.07,4154.74
2025.11.27 14:00,4154.77,4160.61,4152.77,4153.24
2025.11.27 15:00,4153.20,4161.72,4152.87,4157.74
2025.11.27 16:00,4157.70,4158.30,4151.41,4156.15
2025.11.27 17:00,4156.16,4159.02,4154.52,4157.78
2025.11.27 18:00,4157.80,4159.79,4155.56,4158.95
2025.11.27 19:00,4158.91,4160.27,4156.89,4157.53
2025.11.27 23:00,4160.28,4163.67,4158.21,4163.07
2025.11.28 00:00,4162.92,4182.60,4162.87,4180.65
2025.11.28 01:00,4180.61,4193.16,4180.60,4190.87
2025.11.28 02:00,4190.85,4191.80,4185.77,4189.38
2025.11.28 03:00,4189.21,4191.49,4182.35,4183.87
2025.11.28 04:00,4183.85,4188.79,4178.19,4188.43
2025.11.28 05:00,4188.17,4188.75,4157.88,4182.50
2025.11.28 06:00,4182.46,4188.70,4181.99,4187.30
2025.11.28 07:00,4187.29,4187.42,4174.06,4174.53
2025.11.28 08:00,4174.37,4181.21,4146.58,4168.74
2025.11.28 09:00,4168.65,4168.65,4154.44,4165.82
2025.11.28 10:00,4159.82,4176.74,4159.71,4163.71
2025.11.28 11:00,4163.55,4179.57,4162.86,4171.68
2025.11.28 12:00,4171.61,4177.54,4167.95,4175.78
2025.11.28 13:00,4175.79,4182.46,4168.50,4182.15
2025.11.28 14:00,4182.16,4208.66,4182.14,4198.02
2025.11.28 15:00,4197.95,4203.90,4185.59,4203.49
2025.11.28 16:00,4203.45,4210.77,4197.68,4206.03
2025.11.28 17:00,4206.55,4216.76,4204.42,4216.61
2025.11.28 18:00,4216.74,4226.32,4210.83,4220.14
2025.11.28 19:00,4220.13,4221.67,4215.96,4217.94
2025.11.30 23:00,4230.06,4230.58,4205.86,4221.87
2025.12.01 00:00,4221.54,4233.69,4218.03,4230.71
2025.12.01 01:00,4230.70,4255.89,4219.64,4255.17
2025.12.01 02:00,4254.87,4256.46,4233.97,4242.42
2025.12.01 03:00,4242.44,4243.80,4232.26,4239.24
2025.12.01 04:00,4239.25,4246.80,4236.16,4245.56
2025.12.01 05:00,4245.53,4246.52,4215.29,4229.55
2025.12.01 06:00,4229.58,4240.58,4225.95,4236.40
2025.12.01 07:00,4236.60,4246.22,4231.50,4245.07
2025.12.01 08:00,4245.09,4253.61,4238.22,4244.50
2025.12.01 09:00,4244.48,4251.70,4243.56,4249.71
2025.12.01 10:00,4249.72,4262.29,4248.87,4255.27
2025.12.01 11:00,4255.26,4258.33,4248.14,4254.54
2025.12.01 12:00,4254.50,4256.35,4244.27,4246.15
2025.12.01 13:00,4246.14,4264.27,4245.23,4246.93
2025.12.01 14:00,4246.97,4249.24,4219.66,4239.87
2025.12.01 15:00,4239.74,4244.83,4219.53,4232.23
2025.12.01 16:00,4232.24,4241.91,4224.87,4225.95
2025.12.01 17:00,4226.10,4239.81,4223.33,4232.08
2025.12.01 18:00,4232.07,4244.36,4232.07,4239.99
2025.12.01 19:00,4240.00,4243.39,4229.13,4236.68
2025.12.01 20:00,4236.55,4241.45,4234.34,4237.02
2025.12.01 21:00,4237.04,4240.32,4230.04,4231.69
2025.12.01 23:00,4229.37,4235.87,4224.16,4227.46
2025.12.02 00:00,4227.35,4229.50,4221.45,4226.46
2025.12.02 01:00,4226.48,4227.03,4191.13,4219.40
2025.12.02 02:00,4219.32,4224.45,4214.29,4221.42
2025.12.02 03:00,4221.41,4226.15,4215.67,4216.58
2025.12.02 04:00,4216.56,4220.31,4213.67,4218.33
2025.12.02 05:00,4218.34,4225.23,4214.96,4224.67
2025.12.02 06:00,4224.64,4226.07,4203.20,4212.40
2025.12.02 07:00,4212.46,4219.04,4209.30,4213.00
2025.12.02 08:00,4213.17,4216.86,4207.08,4209.88
2025.12.02 09:00,4209.93,4212.86,4181.15,4191.43
2025.12.02 10:00,4191.68,4192.09,4182.05,4185.33
2025.12.02 11:00,4185.32,4205.69,4184.50,4205.34
2025.12.02 12:00,4205.07,4209.54,4200.88,4208.29
2025.12.02 13:00,4208.30,4214.92,4202.02,4211.99
2025.12.02 14:00,4212.09,4230.50,4211.96,4218.61
2025.12.02 15:00,4218.60,4219.21,4163.59,4168.94
2025.12.02 16:00,4169.72,4189.92,4166.64,4184.42
2025.12.02 17:00,4184.52,4196.71,4184.34,4193.54
2025.12.02 18:00,4193.53,4196.64,4182.85,4190.50
2025.12.02 19:00,4190.51,4200.65,4190.51,4196.28
2025.12.02 20:00,4196.36,4212.07,4194.60,4209.72
2025.12.02 21:00,4209.69,4211.54,4204.99,4205.54
2025.12.02 23:00,4206.65,4216.01,4202.43,4212.58
2025.12.03 00:00,4212.28,4212.65,4204.32,4211.59
2025.12.03 01:00,4212.49,4220.74,4211.18,4214.36
2025.12.03 02:00,4214.27,4228.65,4213.92,4226.36
2025.12.03 03:00,4226.54,4227.22,4219.82,4221.01
2025.12.03 04:00,4221.00,4225.20,4217.23,4222.26
2025.12.03 05:00,4222.27,4223.55,4203.23,4207.58
2025.12.03 06:00,4207.70,4211.63,4204.47,4208.12
2025.12.03 07:00,4207.93,4209.99,4199.77,4206.38
2025.12.03 08:00,4206.58,4210.07,4203.46,4206.05
2025.12.03 09:00,4206.17,4207.48,4196.72,4202.04
2025.12.03 10:00,4201.96,4204.65,4194.48,4200.42
2025.12.03 11:00,4200.40,4209.11,4196.65,4208.48
2025.12.03 12:00,4208.25,4214.25,4204.93,4213.11
2025.12.03 13:00,4213.16,4238.07,4210.97,4236.78
2025.12.03 14:00,4237.28,4241.51,4205.03,4212.35
2025.12.03 15:00,4212.04,4229.02,4206.08,4216.14
2025.12.03 16:00,4216.13,4224.75,4195.43,4200.91
2025.12.03 17:00,4200.79,4215.17,4200.07,4210.77
2025.12.03 18:00,4210.74,4211.33,4194.80,4196.82
2025.12.03 19:00,4196.83,4209.80,4196.72,4207.75
2025.12.03 20:00,4207.71,4212.76,4203.54,4205.95
2025.12.03 21:00,4206.06,4209.94,4202.48,4202.51
2025.12.03 23:00,4205.64,4208.89,4202.21,4207.07
2025.12.04 00:00,4207.06,4215.67,4204.26,4211.52
2025.12.04 01:00,4211.51,4216.67,4205.55,4209.08
2025.12.04 02:00,4209.12,4209.12,4198.84,4200.25
2025.12.04 03:00,4200.23,4201.41,4187.27,4195.74
2025.12.04 04:00,4195.53,4198.94,4192.44,4196.68
2025.12.04 05:00,4196.65,4198.91,4174.60,4180.64
2025.12.04 06:00,4180.65,4190.05,4178.46,4189.77
2025.12.04 07:00,4189.82,4194.88,4186.48,4193.53
2025.12.04 08:00,4193.56,4196.27,4184.54,4184.54
2025.12.04 09:00,4184.81,4202.11,4183.44,4199.49
2025.12.04 10:00,4199.51,4202.53,4196.66,4197.14
2025.12.04 11:00,4197.17,4206.21,4196.94,4198.47
2025.12.04 12:00,4198.41,4201.75,4188.61,4190.18
2025.12.04 13:00,4190.15,4198.14,4185.29,4197.86
2025.12.04 14:00,4198.01,4213.51,4193.44,4200.93
2025.12.04 15:00,4201.14,4209.87,4191.33,4207.12
2025.12.04 16:00,4207.14,4218.99,4206.59,4215.32
2025.12.04 17:00,4215.69,4217.41,4208.51,4216.19
2025.12.04 18:00,4216.14,4217.29,4207.18,4207.65
2025.12.04 19:00,4207.68,4209.84,4199.61,4208.80
2025.12.04 20:00,4208.62,4210.13,4205.20,4209.58
2025.12.04 21:00,4209.53,4209.98,4207.67,4208.42
2025.12.04 23:00,4207.60,4209.47,4203.73,4205.85
2025.12.05 00:00,4205.87,4210.42,4200.90,4201.50
2025.12.05 01:00,4201.30,4204.13,4194.62,4202.97
2025.12.05 02:00,4202.96,4208.33,4196.39,4207.24
2025.12.05 03:00,4207.11,4210.80,4201.67,4209.38
2025.12.05 04:00,4209.37,4217.31,4207.36,4216.53
2025.12.05 05:00,4216.54,4221.13,4213.97,4220.14
2025.12.05 06:00,4220.13,4228.98,4218.38,4224.46
2025.12.05 07:00,4224.49,4230.61,4222.09,4224.33
2025.12.05 08:00,4224.30,4226.84,4220.10,4220.49
2025.12.05 09:00,4220.42,4224.89,4215.75,4222.98
2025.12.05 10:00,4222.99,4227.27,4222.23,4222.80
2025.12.05 11:00,4222.76,4225.49,4219.92,4223.34
2025.12.05 12:00,4223.35,4229.36,4222.55,4228.40
2025.12.05 13:00,4228.53,4238.50,4221.45,4234.17
2025.12.05 14:00,4234.23,4245.15,4228.24,4241.42
2025.12.05 15:00,4241.73,4259.09,4233.98,4243.52
2025.12.05 16:00,4243.48,4245.34,4198.57,4214.17
2025.12.05 17:00,4214.09,4219.41,4206.44,4217.32
2025.12.05 18:00,4217.18,4218.86,4206.64,4208.73
2025.12.05 19:00,4208.71,4210.81,4202.16,4207.37
2025.12.05 20:00,4207.47,4207.52,4199.12,4201.63
2025.12.05 21:00,4201.76,4202.17,4191.68,4198.51
2025.12.07 23:00,4196.66,4210.83,4191.67,4201.17
2025.12.08 00:00,4201.44,4211.45,4199.39,4210.67
2025.12.08 01:00,4210.65,4211.56,4197.25,4201.09
2025.12.08 02:00,4201.03,4212.09,4198.20,4208.15
2025.12.08 03:00,4208.14,4213.15,4206.50,4209.82
2025.12.08 04:00,4209.80,4212.94,4206.69,4208.35
2025.12.08 05:00,4208.23,4216.81,4204.53,4216.73
2025.12.08 06:00,4216.75,4218.91,4211.97,4216.72
2025.12.08 07:00,4216.74,4217.15,4206.18,4206.71
2025.12.08 08:00,4206.59,4216.42,4203.01,4209.50
2025.12.08 09:00,4209.42,4212.59,4203.98,4207.86
2025.12.08 10:00,4207.85,4210.21,4200.79,4203.13
2025.12.08 11:00,4203.31,4213.92,4199.49,4208.47
2025.12.08 12:00,4208.50,4215.14,4208.17,4213.46
2025.12.08 13:00,4213.45,4214.45,4197.46,4201.28
2025.12.08 14:00,4201.41,4211.38,4195.52,4196.10
2025.12.08 15:00,4196.18,4196.64,4176.13,4182.56
2025.12.08 16:00,4182.55,4197.74,4176.77,4191.17
2025.12.08 17:00,4191.12,4195.32,4185.33,4194.53
2025.12.08 18:00,4194.51,4195.49,4184.41,4187.22
2025.12.08 19:00,4187.21,4188.56,4183.91,4186.81
2025.12.08 20:00,4186.77,4195.27,4184.64,4191.20
2025.12.08 21:00,4191.28,4192.99,4188.03,4190.41
2025.12.08 23:00,4191.33,4195.17,4190.22,4194.49
2025.12.09 00:00,4194.44,4195.53,4189.70,4190.11
2025.12.09 01:00,4190.15,4196.99,4188.59,4196.06
2025.12.09 02:00,4196.02,4197.03,4185.67,4189.68
2025.12.09 03:00,4189.74,4198.57,4189.74,4194.23
2025.12.09 04:00,4194.22,4195.37,4184.34,4186.73
2025.12.09 05:00,4186.72,4187.06,4177.99,4179.64
2025.12.09 06:00,4179.63,4183.84,4169.91,4181.94
2025.12.09 07:00,4181.89,4185.65,4175.79,4182.18
2025.12.09 08:00,4182.17,4191.67,4182.17,4191.33
2025.12.09 09:00,4191.39,4212.67,4190.47,4202.56
2025.12.09 10:00,4202.69,4208.16,4201.07,4203.62
2025.12.09 11:00,4203.61,4206.15,4201.07,4202.73
2025.12.09 12:00,4202.72,4207.18,4198.39,4204.17
2025.12.09 13:00,4204.19,4207.95,4195.61,4201.22
2025.12.09 14:00,4201.33,4210.06,4189.36,4204.71
2025.12.09 15:00,4204.36,4216.15,4189.90,4212.20
2025.12.09 16:00,4212.17,4221.26,4210.10,4211.88
2025.12.09 17:00,4212.02,4216.27,4201.26,4202.75
2025.12.09 18:00,4202.68,4209.62,4201.19,4208.67
2025.12.09 19:00,4208.54,4214.10,4206.90,4212.40
2025.12.09 20:00,4212.38,4215.93,4208.66,4211.81
2025.12.09 21:00,4211.88,4212.67,4207.03,4208.18
2025.12.09 23:00,4209.82,4212.74,4207.58,4210.63
2025.12.10 00:00,4210.47,4212.47,4206.78,4208.26
2025.12.10 01:00,4208.27,4217.95,4206.65,4213.58
2025.12.10 02:00,4213.57,4218.51,4211.30,4216.84
2025.12.10 03:00,4216.70,4216.90,4203.50,4206.10
2025.12.10 04:00,4206.28,4209.37,4205.14,4206.93
2025.12.10 05:00,4206.91,4214.24,4201.61,4211.06
2025.12.10 06:00,4210.99,4211.50,4202.90,4207.07
2025.12.10 07:00,4207.10,4209.29,4202.90,4203.24
2025.12.10 08:00,4203.19,4206.25,4196.87,4197.79
2025.12.10 09:00,4197.90,4200.40,4192.30,4194.30
2025.12.10 10:00,4194.31,4196.18,4187.56,4193.13
2025.12.10 11:00,4193.14,4197.72,4192.26,4197.23
2025.12.10 12:00,4197.10,4202.00,4195.18,4196.06
2025.12.10 13:00,4196.22,4204.93,4192.82,4200.37
2025.12.10 14:00,4200.32,4206.71,4191.30,4192.37
2025.12.10 15:00,4192.38,4201.00,4188.62,4193.20
2025.12.10 16:00,4193.26,4205.02,4192.56,4204.48
2025.12.10 17:00,4204.37,4204.68,4196.62,4199.43
2025.12.10 18:00,4199.40,4200.43,4191.78,4194.35
2025.12.10 19:00,4194.34,4219.47,4181.95,4216.27
2025.12.10 20:00,4216.10,4238.39,4210.79,4229.67
2025.12.10 21:00,4229.48,4232.22,4221.14,4228.43
2025.12.10 23:00,4229.64,4233.99,4223.83,4232.10
2025.12.11 00:00,4232.12,4244.94,4230.97,4236.87
2025.12.11 01:00,4236.86,4247.49,4232.62,4238.20
2025.12.11 02:00,4238.21,4240.69,4220.43,4222.27
2025.12.11 03:00,4222.16,4224.76,4209.11,4216.66
2025.12.11 04:00,4216.53,4218.13,4208.30,4213.24
2025.12.11 05:00,4213.25,4216.25,4205.86,4207.32
2025.12.11 06:00,4207.33,4215.13,4204.30,4214.00
2025.12.11 07:00,4214.14,4218.41,4210.38,4215.84
2025.12.11 08:00,4215.96,4219.36,4212.55,4216.23
2025.12.11 09:00,4216.29,4221.25,4210.24,4218.16
2025.12.11 10:00,4218.17,4225.55,4211.75,4216.63
2025.12.11 11:00,4216.64,4218.81,4209.34,4211.12
2025.12.11 12:00,4211.02,4220.31,4208.52,4220.12
2025.12.11 13:00,4220.32,4222.97,4205.20,4220.65
2025.12.11 14:00,4220.61,4244.15,4217.80,4230.01
2025.12.11 15:00,4229.90,4260.99,4225.94,4255.57
2025.12.11 16:00,4255.75,4278.87,4249.78,4273.37
2025.12.11 17:00,4273.46,4281.58,4271.89,4278.36
2025.12.11 18:00,4278.17,4285.78,4266.58,4268.09
2025.12.11 19:00,4268.02,4277.29,4262.87,4273.45
2025.12.11 20:00,4273.38,4276.12,4264.02,4276.01
2025.12.11 21:00,4276.05,4283.52,4272.32,4279.79
2025.12.11 23:00,4281.95,4283.29,4272.11,4276.29
2025.12.12 00:00,4276.25,4280.04,4268.81,4269.30
2025.12.12 01:00,4269.27,4275.96,4264.52,4270.94
2025.12.12 02:00,4270.72,4276.65,4269.26,4270.29
2025.12.12 03:00,4270.30,4274.38,4268.54,4270.44
2025.12.12 04:00,4270.43,4270.86,4266.09,4266.35
2025.12.12 05:00,4266.23,4280.24,4265.88,4278.87
2025.12.12 06:00,4278.88,4282.99,4276.47,4282.58
2025.12.12 07:00,4282.52,4290.25,4281.07,4286.83
2025.12.12 08:00,4286.75,4309.14,4286.62,4307.99
2025.12.12 09:00,4308.00,4319.91,4306.53,4318.17
2025.12.12 10:00,4318.24,4330.67,4314.59,4329.50
2025.12.12 11:00,4329.64,4339.20,4326.92,4336.27
2025.12.12 12:00,4336.42,4338.85,4324.48,4325.67
2025.12.12 13:00,4326.08,4346.06,4321.15,4340.69
2025.12.12 14:00,4340.64,4353.49,4330.58,4346.90
2025.12.12 15:00,4346.87,4351.12,4282.84,4290.30
2025.12.12 16:00,4289.97,4296.19,4257.04,4281.47
2025.12.12 17:00,4281.66,4298.03,4270.81,4294.24
2025.12.12 18:00,4294.31,4303.30,4290.47,4294.55
2025.12.12 19:00,4295.00,4299.60,4289.54,4296.21
2025.12.12 20:00,4296.20,4302.77,4288.23,4299.24
2025.12.12 21:00,4299.17,4304.01,4297.96,4300.83
2025.12.14 23:00,4296.04,4308.29,4295.59,4302.36
2025.12.15 00:00,4302.35,4307.74,4299.89,4307.20
2025.12.15 01:00,4307.26,4325.38,4305.59,4322.50
2025.12.15 02:00,4322.31,4329.02,4320.57,4326.22
2025.12.15 03:00,4326.21,4329.54,4319.07,4327.02
2025.12.15 04:00,4327.08,4329.84,4322.81,4325.91
2025.12.15 05:00,4325.89,4344.23,4324.62,4343.26
2025.12.15 06:00,4343.25,4347.41,4339.45,4343.26
2025.12.15 07:00,4343.25,4344.53,4333.24,4339.26
2025.12.15 08:00,4339.27,4348.77,4338.56,4346.87
2025.12.15 09:00,4346.80,4350.03,4342.06,4342.14
2025.12.15 10:00,4342.11,4347.83,4337.54,4339.56
2025.12.15 11:00,4339.59,4343.53,4334.97,4342.69
2025.12.15 12:00,4342.67,4348.09,4342.35,4345.61
2025.12.15 13:00,4345.59,4345.98,4330.48,4332.07
2025.12.15 14:00,4332.10,4336.51,4317.08,4323.66
2025.12.15 15:00,4323.50,4327.68,4311.59,4318.13
2025.12.15 16:00,4317.93,4318.52,4285.22,4297.56
2025.12.15 17:00,4297.39,4306.48,4290.51,4304.20
2025.12.15 18:00,4304.22,4313.22,4299.90,4312.72
2025.12.15 19:00,4312.73,4317.35,4307.73,4313.82
2025.12.15 20:00,4313.86,4314.15,4299.62,4304.34
2025.12.15 21:00,4304.30,4305.63,4300.47,4305.25
2025.12.15 23:00,4307.68,4309.65,4303.16,4303.86
2025.12.16 00:00,4303.94,4312.95,4302.57,4307.53
2025.12.16 01:00,4307.58,4317.74,4299.06,4308.75
2025.12.16 02:00,4308.73,4311.99,4286.23,4289.38
2025.12.16 03:00,4289.65,4294.34,4280.57,4290.65
2025.12.16 04:00,4290.74,4292.15,4286.33,4288.87
2025.12.16 05:00,4289.07,4292.17,4271.18,4284.02
2025.12.16 06:00,4283.99,4291.93,4282.23,4288.93
2025.12.16 07:00,4288.96,4289.56,4279.36,4287.42
2025.12.16 08:00,4287.50,4289.19,4275.20,4284.54
2025.12.16 09:00,4284.62,4285.57,4276.37,4280.11
2025.12.16 10:00,4280.15,4284.12,4274.46,4276.94
2025.12.16 11:00,4277.26,4279.43,4273.58,4278.36
2025.12.16 12:00,4278.38,4294.97,4276.52,4294.18
2025.12.16 13:00,4294.21,4313.27,4290.57,4312.78
2025.12.16 14:00,4312.75,4331.79,4311.21,4324.32
2025.12.16 15:00,4324.67,4335.01,4312.10,4319.52
2025.12.16 16:00,4319.67,4323.05,4290.77,4300.24
2025.12.16 17:00,4300.33,4310.61,4300.01,4303.40
2025.12.16 18:00,4303.26,4313.25,4297.72,4311.11
2025.12.16 19:00,4311.12,4315.53,4296.81,4310.52
2025.12.16 20:00,4310.53,4314.14,4302.48,4304.59
2025.12.16 21:00,4304.37,4305.27,4300.45,4302.06
2025.12.16 23:00,4301.43,4309.02,4301.43,4307.58
2025.12.17 00:00,4307.53,4314.86,4307.01,4312.89
2025.12.17 01:00,4312.90,4326.55,4311.19,4326.32
2025.12.17 02:00,4326.35,4327.50,4311.06,4314.01
2025.12.17 03:00,4314.08,4325.02,4312.45,4323.32
2025.12.17 04:00,4323.40,4331.13,4320.20,4329.29
2025.12.17 05:00,4329.22,4342.08,4327.70,4333.79
2025.12.17 06:00,4333.80,4337.45,4324.52,4328.54
2025.12.17 07:00,4328.55,4328.55,4315.24,4317.80
2025.12.17 08:00,4317.82,4320.82,4308.32,4318.96
2025.12.17 09:00,4319.00,4323.05,4315.88,4316.59
2025.12.17 10:00,4316.75,4322.09,4306.26,4317.58
2025.12.17 11:00,4317.59,4320.49,4315.01,4316.30
2025.12.17 12:00,4316.26,4323.26,4314.66,4317.55
2025.12.17 13:00,4317.35,4343.94,4314.96,4341.67
2025.12.17 14:00,4341.76,4345.78,4322.98,4338.11
2025.12.17 15:00,4338.36,4348.65,4324.17,4329.97
2025.12.17 16:00,4330.15,4337.29,4320.40,4333.22
2025.12.17 17:00,4333.29,4342.42,4328.28,4342.41
2025.12.17 18:00,4342.43,4346.41,4328.77,4335.75
2025.12.17 19:00,4335.77,4340.87,4330.20,4336.69
2025.12.17 20:00,4336.75,4345.83,4334.94,4341.16
2025.12.17 21:00,4341.20,4346.10,4338.05,4338.24
2025.12.17 23:00,4339.40,4342.83,4335.46,4338.83
2025.12.18 00:00,4338.68,4342.84,4332.95,4334.53
2025.12.18 01:00,4334.52,4336.88,4324.28,4331.31
2025.12.18 02:00,4331.30,4337.57,4329.64,4333.14
2025.12.18 03:00,4333.09,4336.63,4330.79,4332.83
2025.12.18 04:00,4332.89,4333.35,4328.42,4331.63
2025.12.18 05:00,4331.60,4337.14,4330.87,4333.11
2025.12.18 06:00,4333.24,4335.83,4330.49,4333.68
2025.12.18 07:00,4333.67,4337.59,4330.02,4331.52
2025.12.18 08:00,4331.37,4332.58,4322.02,4326.42
2025.12.18 09:00,4326.18,4328.42,4320.64,4323.06
2025.12.18 10:00,4323.02,4327.67,4321.98,4325.19
2025.12.18 11:00,4325.20,4328.62,4324.24,4325.32
2025.12.18 12:00,4325.33,4326.37,4316.94,4320.76
2025.12.18 13:00,4320.69,4342.71,4314.32,4336.50
2025.12.18 14:00,4336.45,4341.20,4308.59,4328.18
2025.12.18 15:00,4328.20,4341.30,4324.95,4338.00
2025.12.18 16:00,4337.89,4374.26,4337.54,4360.23
2025.12.18 17:00,4360.16,4363.17,4321.95,4332.74
2025.12.18 18:00,4332.95,4341.16,4325.58,4331.45
2025.12.18 19:00,4331.41,4334.62,4322.59,4324.81
2025.12.18 20:00,4324.83,4338.15,4324.47,4334.58
2025.12.18 21:00,4334.44,4334.52,4328.26,4332.16
2025.12.18 23:00,4334.50,4336.81,4333.26,4334.79
2025.12.19 00:00,4334.80,4335.64,4325.57,4325.89
2025.12.19 01:00,4325.90,4328.08,4309.06,4323.15
2025.12.19 02:00,4323.16,4327.51,4314.13,4316.68
2025.12.19 03:00,4316.70,4322.20,4312.62,4317.93
2025.12.19 04:00,4317.94,4322.78,4316.67,4322.60
2025.12.19 05:00,4322.65,4328.71,4317.49,4325.64
2025.12.19 06:00,4325.66,4329.06,4321.53,4326.15
2025.12.19 07:00,4326.08,4329.41,4321.46,4322.33
2025.12.19 08:00,4322.26,4330.72,4320.97,4325.95
2025.12.19 09:00,4325.93,4333.30,4324.19,4329.23
2025.12.19 10:00,4329.34,4331.39,4322.03,4327.61
2025.12.19 11:00,4327.62,4329.10,4324.87,4326.89
2025.12.19 12:00,4326.91,4328.50,4320.38,4326.70
2025.12.19 13:00,4326.58,4335.31,4325.94,4328.13
2025.12.19 14:00,4328.02,4337.74,4319.53,4331.86
2025.12.19 15:00,4332.35,4348.92,4331.86,4347.58
2025.12.19 16:00,4347.49,4354.60,4341.95,4349.54
2025.12.19 17:00,4349.44,4356.04,4346.79,4353.34
2025.12.19 18:00,4353.27,4356.15,4342.88,4348.49
2025.12.19 19:00,4348.43,4350.45,4345.05,4345.20
2025.12.19 20:00,4345.18,4346.27,4336.65,4339.38
2025.12.19 21:00,4339.37,4339.94,4336.38,4339.15
2025.12.21 23:00,4339.04,4355.96,4337.91,4355.13
2025.12.22 00:00,4354.97,4365.96,4354.97,4364.48
2025.12.22 01:00,4364.85,4384.68,4361.13,4382.70
2025.12.22 02:00,4382.87,4388.60,4378.24,4385.66
2025.12.22 03:00,4385.67,4394.80,4384.13,4392.28
2025.12.22 04:00,4392.33,4400.66,4390.99,4398.09
2025.12.22 05:00,4398.04,4409.37,4396.47,4399.95
2025.12.22 06:00,4400.06,4419.74,4398.75,4419.21
2025.12.22 07:00,4418.62,4420.18,4410.04,4414.07
2025.12.22 08:00,4414.05,4414.60,4405.87,4407.93
2025.12.22 09:00,4407.96,4414.57,4407.83,4410.98
2025.12.22 10:00,4410.99,4415.73,4406.02,4408.40
2025.12.22 11:00,4408.38,4411.36,4406.00,4410.27
2025.12.22 12:00,4410.14,4415.85,4405.91,4415.48
2025.12.22 13:00,4415.37,4427.21,4413.27,4423.49
2025.12.22 14:00,4423.73,4428.96,4414.73,4419.16
2025.12.22 15:00,4419.15,4435.43,4411.71,4431.73
2025.12.22 16:00,4431.67,4442.01,4427.66,4438.37
2025.12.22 17:00,4438.48,4441.98,4432.05,4438.13
2025.12.22 18:00,4438.43,4438.74,4429.43,4434.92
2025.12.22 19:00,4434.93,4435.91,4428.49,4433.18
2025.12.22 20:00,4433.19,4439.08,4431.70,4438.42
2025.12.22 21:00,4438.39,4448.83,4438.37,4443.43
2025.12.22 23:00,4447.75,4461.65,4447.24,4459.98
2025.12.23 00:00,4459.95,4470.41,4457.85,4470.27
2025.12.23 01:00,4470.26,4490.75,4469.25,4486.59
2025.12.23 02:00,4486.38,4497.59,4481.01,4493.22
2025.12.23 03:00,4493.24,4496.27,4482.79,4486.73
2025.12.23 04:00,4486.75,4488.22,4478.36,4482.23
2025.12.23 05:00,4482.28,4485.24,4474.83,4475.21
2025.12.23 06:00,4475.01,4481.50,4469.12,4481.25
2025.12.23 07:00,4481.24,4489.63,4478.09,4486.43
2025.12.23 08:00,4486.63,4492.96,4484.52,4489.67
2025.12.23 09:00,4489.66,4491.00,4478.05,4480.14
2025.12.23 10:00,4480.13,4487.36,4479.34,4484.19
2025.12.23 11:00,4484.26,4494.29,4482.80,4493.39
2025.12.23 12:00,4493.37,4493.51,4483.15,4486.21
2025.12.23 13:00,4486.20,4497.25,4473.04,4479.03
2025.12.23 14:00,4479.05,4479.76,4441.41,4446.07
2025.12.23 15:00,4446.15,4459.06,4430.61,4458.29
2025.12.23 16:00,4458.28,4476.37,4455.58,4473.89
2025.12.23 17:00,4473.80,4479.68,4469.42,4472.61
2025.12.23 18:00,4472.60,4484.82,4472.60,4484.29
2025.12.23 19:00,4484.30,4496.12,4484.10,4490.70
2025.12.23 20:00,4490.59,4499.61,4489.29,4497.45
2025.12.23 21:00,4497.33,4498.69,4483.34,4485.04
2025.12.23 23:00,4486.64,4510.04,4486.39,4503.32
2025.12.24 00:00,4503.31,4517.77,4500.69,4512.02
2025.12.24 01:00,4511.59,4525.65,4506.59,4518.43
2025.12.24 02:00,4518.53,4519.12,4474.21,4477.14
2025.12.24 03:00,4477.78,4497.81,4470.76,4493.16
2025.12.24 04:00,4493.05,4501.26,4491.13,4498.96
2025.12.24 05:00,4498.84,4500.41,4484.87,4488.52
2025.12.24 06:00,4488.55,4497.95,4485.30,4493.43
2025.12.24 07:00,4493.56,4494.82,4483.36,4483.60
2025.12.24 08:00,4483.73,4492.52,4478.02,4482.11
2025.12.24 09:00,4482.13,4495.86,4481.92,4494.39
2025.12.24 10:00,4494.43,4499.58,4482.30,4489.15
2025.12.24 11:00,4489.10,4491.64,4482.91,4491.32
2025.12.24 12:00,4491.29,4495.71,4489.63,4490.47
2025.12.24 13:00,4490.52,4493.07,4474.44,4487.64
2025.12.24 14:00,4487.74,4489.15,4460.17,4464.48
2025.12.24 15:00,4464.51,4476.24,4448.15,4458.22
2025.12.24 16:00,4458.25,4477.87,4455.78,4476.52
2025.12.24 17:00,4476.49,4487.36,4475.09,4480.40
2025.12.24 18:00,4480.39,4482.20,4477.16,4478.30
2025.12.26 07:00,4509.21,4511.35,4507.17,4510.93
2025.12.26 08:00,4511.03,4519.28,4509.67,4518.70
2025.12.26 09:00,4518.78,4520.33,4511.95,4512.73
2025.12.26 10:00,4512.73,4523.62,4511.33,4514.39
2025.12.26 11:00,4514.39,4515.23,4503.08,4509.77
2025.12.26 12:00,4509.74,4514.69,4506.72,4508.70
2025.12.26 13:00,4508.47,4528.28,4503.81,4525.13
2025.12.26 14:00,4525.32,4533.34,4513.13,4521.03
2025.12.26 15:00,4521.26,4547.31,4519.18,4546.37
2025.12.26 16:00,4546.58,4549.75,4531.35,4536.25
2025.12.26 17:00,4536.39,4537.49,4509.94,4519.01
2025.12.26 18:00,4518.78,4532.65,4514.92,4530.93
2025.12.26 19:00,4530.90,4535.63,4520.20,4523.86
2025.12.26 20:00,4523.86,4535.91,4521.65,4531.19
2025.12.26 21:00,4531.25,4534.54,4526.98,4532.96
2025.12.28 23:00,4538.36,4549.76,4521.92,4526.96
2025.12.29 00:00,4526.95,4527.88,4472.33,4497.12
2025.12.29 01:00,4497.09,4517.24,4492.07,4496.99
2025.12.29 02:00,4496.87,4515.57,4496.33,4512.30
2025.12.29 03:00,4512.18,4520.11,4509.22,4516.20
2025.12.29 04:00,4516.19,4519.28,4507.52,4515.40
2025.12.29 05:00,4515.33,4519.05,4504.67,4506.24
2025.12.29 06:00,4506.46,4510.43,4471.08,4475.11
2025.12.29 07:00,4475.05,4481.37,4445.60,4474.36
2025.12.29 08:00,4474.45,4488.34,4452.36,4460.77
2025.12.29 09:00,4460.79,4475.78,4459.02,4472.01
2025.12.29 10:00,4472.00,4474.15,4456.93,4460.65
2025.12.29 11:00,4460.66,4467.49,4433.91,4446.28
2025.12.29 12:00,4446.29,4464.45,4445.41,4464.00
2025.12.29 13:00,4463.99,4467.45,4406.70,4421.07
2025.12.29 14:00,4421.17,4421.17,4356.58,4360.33
2025.12.29 15:00,4360.13,4360.40,4302.96,4325.05
2025.12.29 16:00,4325.04,4347.22,4323.19,4341.40
2025.12.29 17:00,4341.54,4342.83,4314.45,4327.90
2025.12.29 18:00,4327.91,4334.30,4322.60,4331.22
2025.12.29 19:00,4331.34,4337.63,4327.47,4336.68
2025.12.29 20:00,4336.69,4344.33,4325.78,4334.33
2025.12.29 21:00,4334.31,4339.01,4327.26,4331.35
2025.12.29 23:00,4336.75,4346.88,4323.12,4345.39
2025.12.30 00:00,4345.45,4350.57,4334.45,4339.66
2025.12.30 01:00,4339.54,4359.91,4324.33,4359.91
2025.12.30 02:00,4359.92,4364.62,4348.66,4362.43
2025.12.30 03:00,4362.41,4368.89,4356.08,4359.07
2025.12.30 04:00,4359.06,4369.42,4357.29,4363.17
2025.12.30 05:00,4363.21,4379.90,4358.62,4377.40
2025.12.30 06:00,4377.38,4378.14,4359.69,4364.54
2025.12.30 07:00,4364.57,4383.14,4359.09,4372.31
2025.12.30 08:00,4372.27,4373.46,4349.99,4364.80
2025.12.30 09:00,4364.81,4376.16,4363.95,4371.81
2025.12.30 10:00,4371.84,4391.30,4367.38,4384.59
2025.12.30 11:00,4384.90,4389.99,4381.00,4384.12
2025.12.30 12:00,4384.03,4402.50,4383.23,4400.89
2025.12.30 13:00,4400.96,4403.99,4376.09,4388.30
2025.12.30 14:00,4388.17,4391.91,4355.74,4366.08
2025.12.30 15:00,4365.62,4377.22,4359.04,4364.76
2025.12.30 16:00,4364.77,4379.72,4354.54,4377.51
2025.12.30 17:00,4377.56,4381.48,4364.05,4369.96
2025.12.30 18:00,4369.98,4378.41,4362.38,4364.57
2025.12.30 19:00,4364.53,4367.73,4337.36,4348.34
2025.12.30 20:00,4348.38,4355.16,4337.58,4341.21
2025.12.30 21:00,4341.57,4350.18,4334.52,4338.52
2025.12.30 23:00,4342.61,4346.30,4328.73,4338.82
2025.12.31 00:00,4338.85,4346.51,4332.31,4342.52
2025.12.31 01:00,4342.20,4373.06,4336.72,4365.80
2025.12.31 02:00,4365.93,4370.96,4346.90,4348.54
2025.12.31 03:00,4348.55,4359.62,4340.64,4348.39
2025.12.31 04:00,4348.27,4351.08,4330.54,4332.78
2025.12.31 05:00,4332.76,4342.79,4276.18,4285.52
2025.12.31 06:00,4285.56,4328.51,4274.28,4327.81
2025.12.31 07:00,4327.88,4334.78,4323.54,4331.00
2025.12.31 08:00,4330.89,4332.71,4303.17,4307.19
2025.12.31 09:00,4307.35,4337.07,4306.86,4325.65
2025.12.31 10:00,4325.74,4331.09,4303.45,4306.20
2025.12.31 11:00,4306.39,4315.96,4303.79,4310.73
2025.12.31 12:00,4310.72,4317.88,4302.93,4313.51
2025.12.31 13:00,4313.52,4348.04,4307.86,4345.56
2025.12.31 14:00,4345.49,4353.12,4332.76,4345.66
2025.12.31 15:00,4345.73,4345.86,4327.01,4337.09
2025.12.31 16:00,4337.10,4339.45,4316.86,4322.73
2025.12.31 17:00,4322.74,4329.25,4317.86,4321.67
2025.12.31 18:00,4321.59,4331.35,4315.57,4319.43
2025.12.31 19:00,4319.55,4322.65,4307.65,4311.13
2025.12.31 20:00,4311.14,4324.06,4304.28,4312.90
2025.12.31 21:00,4312.97,4318.59,4306.82,4318.33
2026.01.01 23:00,4329.23,4351.24,4324.17,4348.09
2026.01.02 00:00,4348.08,4355.74,4341.15,4353.87
2026.01.02 01:00,4353.89,4355.79,4344.35,4347.77
2026.01.02 02:00,4347.76,4362.99,4344.73,4362.78
2026.01.02 03:00,4362.62,4375.34,4361.97,4374.93
2026.01.02 04:00,4374.94,4378.22,4371.06,4372.98
2026.01.02 05:00,4373.15,4381.42,4370.80,4380.47
2026.01.02 06:00,4380.49,4380.77,4373.11,4374.44
2026.01.02 07:00,4374.50,4383.08,4371.74,4382.55
2026.01.02 08:00,4382.35,4397.25,4380.49,4386.77
2026.01.02 09:00,4386.81,4391.37,4383.10,4385.20
2026.01.02 10:00,4385.23,4398.34,4384.39,4395.90
2026.01.02 11:00,4395.88,4399.07,4390.53,4392.73
2026.01.02 12:00,4392.72,4398.00,4384.96,4394.18
2026.01.02 13:00,4394.20,4402.18,4361.67,4365.73
2026.01.02 14:00,4365.77,4373.41,4347.94,4353.30
2026.01.02 15:00,4353.27,4356.78,4330.08,4334.93
2026.01.02 16:00,4335.14,4337.13,4314.76,4326.21
2026.01.02 17:00,4326.22,4333.27,4322.55,4322.76
2026.01.02 18:00,4322.21,4323.42,4309.67,4314.89
2026.01.02 19:00,4315.21,4326.02,4315.21,4317.92
2026.01.02 20:00,4317.93,4331.29,4316.97,4331.23
2026.01.02 21:00,4331.24,4333.21,4326.81,4332.08
2026.01.04 23:00,4362.00,4375.54,4360.45,4372.31
2026.01.05 00:00,4372.30,4396.33,4370.04,4394.51
2026.01.05 01:00,4394.61,4419.95,4391.31,4401.57
2026.01.05 02:00,4401.63,4409.24,4388.55,4405.30
2026.01.05 03:00,4405.20,4413.75,4399.57,4399.82
2026.01.05 04:00,4399.69,4408.13,4397.12,4403.98
2026.01.05 05:00,4403.92,4414.11,4401.05,4412.14
2026.01.05 06:00,4412.00,4426.07,4411.00,4419.92
2026.01.05 07:00,4419.96,4424.89,4416.57,4421.63
2026.01.05 08:00,4421.72,4433.54,4419.21,4429.84
2026.01.05 09:00,4429.70,4437.74,4425.79,4434.57
2026.01.05 10:00,4434.58,4439.70,4430.57,4436.06
2026.01.05 11:00,4436.10,4437.12,4410.67,4419.25
2026.01.05 12:00,4419.18,4421.15,4405.27,4409.39
2026.01.05 13:00,4409.64,4418.69,4395.96,4416.64
2026.01.05 14:00,4416.55,4442.46,4416.55,4436.30
2026.01.05 15:00,4436.44,4455.51,4435.42,4448.26
2026.01.05 16:00,4448.25,4454.22,4438.25,4441.60
2026.01.05 17:00,4441.63,4448.74,4432.27,4443.31
2026.01.05 18:00,4443.19,4448.30,4439.62,4447.93
2026.01.05 19:00,4448.07,4448.88,4434.95,4439.45
2026.01.05 20:00,4439.46,4446.83,4437.83,4444.57
2026.01.05 21:00,4444.56,4449.04,4443.20,4448.71
2026.01.05 23:00,4450.39,4459.86,4436.74,4440.28
2026.01.06 00:00,4440.25,4444.53,4430.19,4436.25
2026.01.06 01:00,4436.41,4452.02,4427.80,4450.19
2026.01.06 02:00,4450.18,4460.71,4448.53,4454.61
2026.01.06 03:00,4454.67,4467.83,4454.06,4467.52
2026.01.06 04:00,4467.51,4468.37,4461.62,4467.12
2026.01.06 05:00,4467.02,4473.84,4449.18,4452.11
2026.01.06 06:00,4452.55,4466.70,4451.33,4465.44
2026.01.06 07:00,4465.23,4470.05,4457.10,4458.92
2026.01.06 08:00,4459.29,4475.46,4457.10,4468.14
2026.01.06 09:00,4467.98,4468.26,4444.57,4446.13
2026.01.06 10:00,4446.14,4455.73,4442.47,4451.48
2026.01.06 11:00,4451.53,4464.35,4448.47,4463.03
2026.01.06 12:00,4462.98,4466.07,4458.63,4463.38
2026.01.06 13:00,4463.35,4470.20,4453.98,4467.79
2026.01.06 14:00,4467.80,4489.62,4464.23,4486.88
2026.01.06 15:00,4487.17,4490.71,4463.05,4478.13
2026.01.06 16:00,4478.05,4488.67,4471.39,4488.01
2026.01.06 17:00,4488.26,4491.33,4481.47,4489.20
2026.01.06 18:00,4489.12,4493.82,4482.01,4488.24
2026.01.06 19:00,4488.25,4489.15,4477.12,4481.15
2026.01.06 20:00,4480.99,4496.62,4480.11,4493.47
2026.01.06 21:00,4493.43,4497.07,4491.66,4494.42
2026.01.06 23:00,4496.61,4500.18,4491.93,4493.18
2026.01.07 00:00,4493.15,4494.47,4482.33,4491.99
2026.01.07 01:00,4491.87,4495.50,4460.97,4465.36
2026.01.07 02:00,4465.33,4478.41,4459.53,4474.44
2026.01.07 03:00,4474.50,4480.12,4471.74,4474.57
2026.01.07 04:00,4474.50,4475.79,4463.25,4464.54
2026.01.07 05:00,4464.55,4470.17,4443.14,4454.00
2026.01.07 06:00,4454.08,4460.15,4441.26,4444.02
2026.01.07 07:00,4443.97,4464.76,4441.46,4460.97
2026.01.07 08:00,4460.77,4474.48,4459.17,4468.01
2026.01.07 09:00,4467.99,4468.45,4459.30,4463.26
2026.01.07 10:00,4463.25,4467.59,4458.56,4464.14
2026.01.07 11:00,4464.13,4464.58,4446.38,4447.16
2026.01.07 12:00,4447.26,4454.87,4439.11,4444.89
2026.01.07 13:00,4444.88,4452.86,4427.55,4452.63
2026.01.07 14:00,4452.62,4453.89,4435.52,4445.38
2026.01.07 15:00,4445.18,4451.86,4423.24,4445.89
2026.01.07 16:00,4445.88,4468.11,4443.59,4463.97
2026.01.07 17:00,4464.03,4465.19,4449.64,4451.63
2026.01.07 18:00,4451.57,4458.53,4446.90,4451.90
2026.01.07 19:00,4451.88,4457.61,4445.05,4456.62
2026.01.07 20:00,4456.60,4461.36,4450.35,4451.83
2026.01.07 21:00,4451.80,4455.72,4449.66,4455.49
2026.01.07 23:00,4459.70,4463.89,4458.25,4463.18
2026.01.08 00:00,4463.16,4466.11,4446.59,4449.96
2026.01.08 01:00,4449.80,4460.07,4441.59,4448.16
2026.01.08 02:00,4448.24,4449.31,4433.18,4441.05
2026.01.08 03:00,4441.04,4446.11,4436.99,4440.02
2026.01.08 04:00,4440.01,4440.16,4429.95,4431.28
2026.01.08 05:00,4431.27,4432.09,4415.51,4425.33
2026.01.08 06:00,4425.32,4437.54,4415.74,4433.13
2026.01.08 07:00,4433.06,4439.43,4428.30,4430.77
2026.01.08 08:00,4430.75,4433.04,4419.75,4431.33
2026.01.08 09:00,4431.34,4435.14,4425.76,4432.38
2026.01.08 10:00,4432.39,4434.54,4422.82,4432.96
2026.01.08 11:00,4432.95,4432.95,4422.06,4422.65
2026.01.08 12:00,4422.61,4431.17,4407.35,4427.49
2026.01.08 13:00,4427.51,4435.74,4417.06,4423.59
2026.01.08 14:00,4423.54,4439.04,4418.81,4432.77
2026.01.08 15:00,4432.49,4456.17,4427.61,4453.84
2026.01.08 16:00,4453.98,4464.15,4446.69,4463.00
2026.01.08 17:00,4462.94,4465.13,4457.27,4463.14
2026.01.08 18:00,4463.08,4463.08,4447.72,4449.41
2026.01.08 19:00,4449.40,4452.61,4444.46,4451.85
2026.01.08 20:00,4451.97,4477.69,4451.28,4475.84
2026.01.08 21:00,4475.79,4479.18,4472.42,4477.05
2026.01.08 23:00,4482.89,4483.90,4472.57,4475.39
2026.01.09 00:00,4475.36,4476.38,4459.80,4461.99
2026.01.09 01:00,4462.98,4469.73,4452.75,4468.76
2026.01.09 02:00,4468.55,4476.19,4465.43,4469.22
2026.01.09 03:00,4469.17,4469.71,4460.29,4463.93
2026.01.09 04:00,4463.90,4466.69,4460.59,4464.52
2026.01.09 05:00,4464.50,4471.56,4457.94,4467.90
2026.01.09 06:00,4468.04,4477.17,4465.74,4473.86
2026.01.09 07:00,4473.90,4475.25,4468.49,4470.03
2026.01.09 08:00,4470.02,4476.55,4463.87,4468.26
2026.01.09 09:00,4468.21,4477.29,4468.12,4471.00
2026.01.09 10:00,4471.01,4474.03,4466.94,4472.39
2026.01.09 11:00,4472.42,4475.83,4468.54,4475.08
2026.01.09 12:00,4475.09,4479.93,4461.39,4465.80
2026.01.09 13:00,4465.81,4491.50,4462.68,4482.41
2026.01.09 14:00,4482.49,4497.65,4479.39,4494.28
2026.01.09 15:00,4494.44,4516.77,4490.54,4512.12
2026.01.09 16:00,4512.07,4514.06,4499.51,4506.21
2026.01.09 17:00,4506.20,4511.38,4481.93,4484.20
2026.01.09 18:00,4484.23,4504.19,4482.95,4496.10
2026.01.09 19:00,4496.04,4501.53,4492.69,4498.97
2026.01.09 20:00,4498.74,4509.98,4497.49,4507.23
2026.01.09 21:00,4507.29,4510.92,4504.77,4509.34
2026.01.11 23:00,4522.64,4544.78,4512.96,4539.82
2026.01.12 00:00,4539.76,4600.81,4536.18,4588.59
2026.01.12 01:00,4588.60,4594.55,4570.26,4570.28
2026.01.12 02:00,4570.12,4581.94,4561.54,4577.30
2026.01.12 03:00,4577.22,4581.20,4567.53,4570.42
2026.01.12 04:00,4570.45,4571.88,4563.32,4568.34
2026.01.12 05:00,4568.29,4584.64,4565.92,4580.59
2026.01.12 06:00,4580.54,4580.57,4569.52,4578.12
2026.01.12 07:00,4578.13,4589.31,4574.53,4587.51
2026.01.12 08:00,4587.47,4598.02,4579.32,4596.50
2026.01.12 09:00,4596.51,4598.99,4587.58,4588.96
2026.01.12 10:00,4588.94,4595.12,4585.60,4594.05
2026.01.12 11:00,4594.08,4594.62,4581.49,4585.08
2026.01.12 12:00,4584.92,4590.38,4578.17,4590.14
2026.01.12 13:00,4590.13,4619.95,4588.27,4615.46
2026.01.12 14:00,4615.49,4616.85,4584.87,4602.03
2026.01.12 15:00,4602.00,4627.16,4601.70,4620.98
2026.01.12 16:00,4620.97,4629.82,4607.64,4616.70
2026.01.12 17:00,4616.71,4620.22,4610.58,4616.17
2026.01.12 18:00,4616.18,4618.19,4600.44,4610.64
2026.01.12 19:00,4610.74,4618.56,4608.44,4610.49
2026.01.12 20:00,4610.76,4611.52,4591.38,4593.28
2026.01.12 21:00,4593.44,4596.94,4589.05,4596.67
2026.01.12 23:00,4607.51,4607.78,4577.74,4598.96
2026.01.13 00:00,4599.06,4599.32,4584.21,4587.10
2026.01.13 01:00,4587.11,4595.48,4575.39,4577.72
2026.01.13 02:00,4577.73,4594.76,4576.56,4593.93
2026.01.13 03:00,4593.79,4599.36,4592.26,4593.95
2026.01.13 04:00,4593.82,4599.56,4593.69,4596.20
2026.01.13 05:00,4596.18,4601.87,4585.49,4591.94
2026.01.13 06:00,4591.89,4592.15,4573.52,4581.44
2026.01.13 07:00,4581.54,4586.99,4577.19,4580.40
2026.01.13 08:00,4579.72,4596.82,4579.46,4592.45
2026.01.13 09:00,4592.44,4595.47,4585.40,4585.94
2026.01.13 10:00,4585.95,4587.98,4580.26,4586.16
2026.01.13 11:00,4586.17,4591.72,4581.83,4588.37
2026.01.13 12:00,4588.38,4594.82,4577.64,4592.91
2026.01.13 13:00,4592.90,4620.72,4590.50,4611.18
2026.01.13 14:00,4611.19,4634.15,4608.94,4629.57
2026.01.13 15:00,4629.52,4629.98,4600.75,4618.80
2026.01.13 16:00,4618.61,4620.56,4592.73,4613.24
2026.01.13 17:00,4613.09,4615.70,4586.61,4590.22
2026.01.13 18:00,4590.04,4601.76,4580.89,4593.90
2026.01.13 19:00,4593.93,4598.69,4584.14,4597.18
2026.01.13 20:00,4597.20,4597.57,4569.39,4585.86
2026.01.13 21:00,4585.87,4589.66,4582.64,4586.29
2026.01.13 23:00,4591.43,4598.53,4589.02,4596.86
2026.01.14 00:00,4596.94,4610.35,4596.94,4608.91
2026.01.14 01:00,4608.98,4619.67,4606.01,4618.90
2026.01.14 02:00,4618.92,4623.33,4614.07,4620.19
2026.01.14 03:00,4620.01,4629.61,4613.18,4628.02
2026.01.14 04:00,4628.03,4630.26,4625.08,4629.12
2026.01.14 05:00,4629.34,4639.52,4617.73,4619.52
2026.01.14 06:00,4619.49,4636.87,4618.25,4636.87
2026.01.14 07:00,4636.89,4639.23,4631.28,4632.37
2026.01.14 08:00,4632.33,4637.60,4621.62,4634.75
2026.01.14 09:00,4634.77,4639.42,4626.77,4630.27
2026.01.14 10:00,4630.31,4637.83,4627.65,4632.73
2026.01.14 11:00,4632.72,4637.09,4625.84,4630.00
2026.01.14 12:00,4630.01,4641.43,4629.94,4638.39
2026.01.14 13:00,4638.49,4641.28,4624.28,4635.40
2026.01.14 14:00,4635.38,4638.55,4606.60,4617.34
2026.01.14 15:00,4617.12,4626.29,4599.18,4617.58
2026.01.14 16:00,4617.59,4624.56,4608.41,4616.81
2026.01.14 17:00,4616.85,4618.78,4600.95,4614.01
2026.01.14 18:00,4613.80,4636.98,4612.54,4634.82
2026.01.14 19:00,4634.99,4642.60,4633.16,4638.98
2026.01.14 20:00,4638.97,4641.30,4625.73,4632.41
2026.01.14 21:00,4632.35,4632.79,4617.54,4625.71
2026.01.14 23:00,4631.25,4632.31,4602.67,4615.04
2026.01.15 00:00,4615.03,4617.98,4609.94,4614.94
2026.01.15 01:00,4614.95,4617.33,4583.45,4599.81
2026.01.15 02:00,4599.82,4614.42,4595.26,4602.69
2026.01.15 03:00,4602.66,4604.00,4580.90,4592.07
2026.01.15 04:00,4591.81,4597.23,4586.75,4591.90
2026.01.15 05:00,4592.03,4598.66,4580.92,4594.95
2026.01.15 06:00,4595.06,4611.73,4593.41,4609.94
2026.01.15 07:00,4609.93,4613.29,4599.01,4601.51
2026.01.15 08:00,4601.54,4606.82,4597.57,4603.99
2026.01.15 09:00,4603.95,4612.86,4600.41,4612.37
2026.01.15 10:00,4612.38,4620.05,4609.13,4619.55
2026.01.15 11:00,4619.62,4622.68,4615.28,4618.94
2026.01.15 12:00,4618.93,4620.48,4611.46,4613.71
2026.01.15 13:00,4613.67,4615.85,4582.23,4587.66
2026.01.15 14:00,4588.00,4614.81,4583.22,4610.96
2026.01.15 15:00,4610.84,4617.78,4603.63,4615.21
2026.01.15 16:00,4615.16,4624.37,4601.12,4605.45
2026.01.15 17:00,4605.40,4616.62,4605.39,4616.29
2026.01.15 18:00,4616.30,4620.93,4613.48,4617.29
2026.01.15 19:00,4617.28,4621.19,4612.52,4615.66
2026.01.15 20:00,4615.61,4616.04,4600.56,4605.50
2026.01.15 21:00,4605.49,4616.07,4604.29,4615.40
2026.01.15 23:00,4617.79,4620.52,4606.10,4610.02
2026.01.16 00:00,4609.97,4611.14,4598.34,4599.76
2026.01.16 01:00,4599.51,4608.29,4593.70,4600.34
2026.01.16 02:00,4600.30,4603.99,4591.06,4594.72
2026.01.16 03:00,4594.74,4599.50,4592.55,4596.11
2026.01.16 04:00,4596.04,4601.77,4595.83,4600.90
2026.01.16 05:00,4600.92,4615.87,4595.08,4611.28
2026.01.16 06:00,4611.27,4612.05,4593.73,4597.87
2026.01.16 07:00,4597.88,4611.78,4596.65,4607.33
2026.01.16 08:00,4607.32,4610.35,4601.06,4603.00
2026.01.16 09:00,4602.98,4608.01,4598.73,4600.45
2026.01.16 10:00,4600.42,4610.86,4599.58,4600.07
2026.01.16 11:00,4600.16,4615.75,4598.33,4612.25
2026.01.16 12:00,4612.24,4612.73,4597.34,4601.54
2026.01.16 13:00,4601.55,4605.28,4582.41,4601.68
2026.01.16 14:00,4601.66,4614.41,4596.03,4607.84
2026.01.16 15:00,4607.61,4620.16,4536.65,4570.95
2026.01.16 16:00,4570.92,4598.63,4567.76,4591.11
2026.01.16 17:00,4591.18,4592.85,4576.64,4581.16
2026.01.16 18:00,4581.15,4595.78,4579.85,4582.43
2026.01.16 19:00,4582.40,4592.20,4580.70,4590.37
2026.01.16 20:00,4590.36,4595.69,4580.59,4581.96
2026.01.16 21:00,4581.71,4598.03,4581.71,4595.76
2026.01.18 23:00,4636.26,4690.28,4621.63,4672.38
2026.01.19 00:00,4672.44,4681.76,4660.84,4675.04
2026.01.19 01:00,4675.03,4678.23,4655.97,4657.13
2026.01.19 02:00,4657.01,4664.76,4652.99,4662.24
2026.01.19 03:00,4662.22,4669.55,4657.97,4658.18
2026.01.19 04:00,4658.20,4665.72,4657.93,4662.87
2026.01.19 05:00,4662.97,4674.07,4662.80,4669.77
2026.01.19 06:00,4669.78,4678.82,4666.50,4677.63
2026.01.19 07:00,4677.72,4678.40,4661.68,4664.88
2026.01.19 08:00,4664.92,4673.61,4661.57,4663.43
2026.01.19 09:00,4663.41,4672.58,4661.84,4668.16
2026.01.19 10:00,4668.14,4670.99,4661.10,4663.56
2026.01.19 11:00,4663.55,4667.29,4659.36,4660.56
2026.01.19 12:00,4660.46,4673.46,4659.94,4671.72
2026.01.19 13:00,4671.73,4673.40,4664.32,4665.83
2026.01.19 14:00,4665.91,4670.08,4661.39,4666.19
2026.01.19 15:00,4666.39,4675.80,4664.05,4674.03
2026.01.19 16:00,4674.04,4675.27,4670.23,4672.05
2026.01.19 17:00,4672.01,4678.59,4669.00,4675.94
2026.01.19 18:00,4675.73,4680.06,4673.50,4675.06
2026.01.19 19:00,4675.11,4676.13,4667.09,4671.31
2026.01.19 23:00,4675.22,4676.84,4663.61,4665.23
2026.01.20 00:00,4665.21,4667.89,4659.09,4660.17
2026.01.20 01:00,4660.08,4675.85,4659.72,4669.59
2026.01.20 02:00,4669.58,4674.60,4665.29,4668.43
2026.01.20 03:00,4668.52,4681.34,4665.74,4680.02
2026.01.20 04:00,4680.01,4696.95,4679.34,4694.91
2026.01.20 05:00,4694.93,4716.36,4694.22,4714.30
2026.01.20 06:00,4714.34,4717.03,4705.26,4712.34
2026.01.20 07:00,4712.32,4722.52,4711.25,4716.01
2026.01.20 08:00,4715.80,4731.36,4714.64,4729.09
2026.01.20 09:00,4729.06,4737.27,4721.04,4732.03
2026.01.20 10:00,4732.05,4734.88,4722.94,4726.27
2026.01.20 11:00,4726.30,4735.02,4721.28,4732.99
2026.01.20 12:00,4732.42,4732.48,4723.69,4727.23
2026.01.20 13:00,4727.39,4738.10,4715.17,4736.94
2026.01.20 14:00,4736.86,4750.84,4728.24,4741.07
2026.01.20 15:00,4740.58,4748.42,4722.28,4737.34
2026.01.20 16:00,4737.38,4757.42,4728.93,4753.32
2026.01.20 17:00,4753.29,4762.34,4745.97,4758.84
2026.01.20 18:00,4759.03,4765.92,4752.58,4759.10
2026.01.20 19:00,4759.08,4766.08,4756.22,4760.49
2026.01.20 20:00,4760.53,4760.95,4747.25,4756.48
2026.01.20 21:00,4756.56,4763.71,4756.11,4763.05
2026.01.20 23:00,4761.70,4781.02,4757.48,4775.71
2026.01.21 00:00,4775.45,4787.17,4770.31,4784.24
2026.01.21 01:00,4784.19,4843.85,4783.29,4834.94
2026.01.21 02:00,4834.91,4841.90,4816.90,4836.52
2026.01.21 03:00,4836.42,4849.46,4826.74,4844.74
2026.01.21 04:00,4844.75,4870.73,4837.88,4865.61
2026.01.21 05:00,4865.68,4877.85,4858.72,4869.49
2026.01.21 06:00,4869.79,4888.26,4845.61,4847.16
2026.01.21 07:00,4847.21,4856.91,4832.48,4854.94
2026.01.21 08:00,4854.80,4869.28,4851.22,4854.48
2026.01.21 09:00,4854.40,4876.94,4852.09,4860.26
2026.01.21 10:00,4860.28,4866.46,4859.40,4861.70
2026.01.21 11:00,4861.90,4871.19,4854.91,4866.67
2026.01.21 12:00,4866.66,4870.67,4855.28,4864.83
2026.01.21 13:00,4864.87,4879.92,4858.26,4879.15
2026.01.21 14:00,4879.12,4880.65,4839.35,4851.74
2026.01.21 15:00,4851.77,4868.47,4812.76,4847.50
2026.01.21 16:00,4847.81,4855.38,4819.58,4833.18
2026.01.21 17:00,4833.14,4834.01,4802.38,4826.08
2026.01.21 18:00,4825.99,4850.41,4819.53,4849.91
2026.01.21 19:00,4850.04,4853.72,4755.60,4780.95
2026.01.21 20:00,4780.97,4827.61,4772.22,4826.22
2026.01.21 21:00,4826.28,4839.53,4812.92,4828.67
2026.01.21 23:00,4832.34,4832.78,4777.17,4778.06
2026.01.22 00:00,4777.95,4798.41,4777.67,4798.06
2026.01.22 01:00,4798.02,4809.56,4772.11,4797.84
2026.01.22 02:00,4797.75,4798.24,4774.70,4788.66
2026.01.22 03:00,4788.77,4796.59,4783.95,4796.51
2026.01.22 04:00,4796.50,4800.15,4793.50,4797.32
2026.01.22 05:00,4797.11,4821.39,4793.51,4820.96
2026.01.22 06:00,4820.97,4829.11,4816.19,4826.28
2026.01.22 07:00,4826.60,4838.73,4825.38,4832.36
2026.01.22 08:00,4832.39,4835.41,4822.00,4830.53
2026.01.22 09:00,4830.48,4837.67,4813.86,4822.84
2026.01.22 10:00,4822.80,4831.65,4819.02,4828.71
2026.01.22 11:00,4828.66,4836.10,4824.28,4830.85
2026.01.22 12:00,4830.72,4832.26,4818.48,4819.64
2026.01.22 13:00,4819.49,4835.08,4810.53,4821.85
2026.01.22 14:00,4821.93,4847.57,4820.08,4835.01
2026.01.22 15:00,4834.97,4873.58,4827.03,4871.25
2026.01.22 16:00,4871.49,4885.03,4867.77,4877.93
2026.01.22 17:00,4877.62,4905.99,4869.51,4904.30
2026.01.22 18:00,4904.31,4919.27,4901.14,4915.74
2026.01.22 19:00,4915.79,4924.25,4905.75,4911.50
2026.01.22 20:00,4911.59,4928.24,4911.21,4916.80
2026.01.22 21:00,4916.76,4940.46,4914.37,4936.04
2026.01.22 23:00,4944.99,4960.44,4930.37,4958.48
2026.01.23 00:00,4958.56,4965.60,4946.73,4964.86
2026.01.23 01:00,4964.89,4967.10,4936.19,4953.12
2026.01.23 02:00,4953.10,4961.93,4946.91,4955.27
2026.01.23 03:00,4955.33,4958.72,4937.94,4951.74
2026.01.23 04:00,4951.70,4958.07,4949.94,4956.02
2026.01.23 05:00,4956.01,4967.06,4954.38,4960.37
2026.01.23 06:00,4960.35,4962.90,4945.35,4953.42
2026.01.23 07:00,4953.43,4959.34,4942.95,4944.21
2026.01.23 08:00,4944.14,4947.39,4900.91,4913.71
2026.01.23 09:00,4913.66,4921.36,4899.47,4918.38
2026.01.23 10:00,4918.36,4932.27,4915.42,4929.53
2026.01.23 11:00,4929.50,4929.56,4911.86,4922.61
2026.01.23 12:00,4922.62,4942.19,4917.88,4939.42
2026.01.23 13:00,4939.07,4947.60,4923.56,4938.68
2026.01.23 14:00,4938.79,4955.98,4932.65,4943.03
2026.01.23 15:00,4943.00,4962.94,4937.82,4960.18
2026.01.23 16:00,4960.17,4988.11,4958.78,4980.12
2026.01.23 17:00,4980.14,4987.79,4961.77,4965.34
2026.01.23 18:00,4965.47,4983.77,4957.94,4966.40
2026.01.23 19:00,4966.41,4989.70,4966.41,4984.07
2026.01.23 20:00,4984.06,4985.39,4970.56,4981.27
2026.01.23 21:00,4981.21,4989.38,4977.83,4988.27
2026.01.25 23:00,5010.90,5039.70,5001.81,5039.52
2026.01.26 00:00,5039.55,5051.74,5030.15,5041.39
2026.01.26 01:00,5041.43,5085.29,5028.88,5070.56
2026.01.26 02:00,5070.61,5092.75,5066.76,5080.61
2026.01.26 03:00,5080.49,5087.61,5069.37,5076.37
2026.01.26 04:00,5076.42,5077.78,5058.01,5070.07
2026.01.26 05:00,5070.06,5076.27,5052.11,5074.02
2026.01.26 06:00,5074.08,5110.88,5065.23,5077.70
2026.01.26 07:00,5077.29,5095.51,5073.51,5088.88
2026.01.26 08:00,5088.56,5097.94,5079.82,5083.08
2026.01.26 09:00,5083.21,5097.97,5074.99,5083.82
2026.01.26 10:00,5083.81,5094.76,5078.36,5091.45
2026.01.26 11:00,5091.46,5092.43,5078.14,5091.18
2026.01.26 12:00,5091.09,5096.68,5076.78,5078.54
2026.01.26 13:00,5078.63,5082.87,5054.51,5068.27
2026.01.26 14:00,5068.29,5096.60,5058.24,5095.99
2026.01.26 15:00,5096.03,5097.08,5073.67,5090.97
2026.01.26 16:00,5090.72,5104.67,5064.93,5089.26
2026.01.26 17:00,5089.23,5104.47,5080.75,5100.62
2026.01.26 18:00,5100.56,5102.85,5057.74,5068.55
2026.01.26 19:00,5068.62,5069.40,5008.47,5028.63
2026.01.26 20:00,5029.10,5062.00,5026.06,5054.73
2026.01.26 21:00,5054.72,5058.95,4989.75,5008.33
2026.01.26 23:00,5019.28,5061.23,5018.97,5043.44
2026.01.27 00:00,5043.54,5053.74,5013.48,5032.58
2026.01.27 01:00,5032.46,5075.90,5018.41,5060.03
2026.01.27 02:00,5060.09,5079.60,5049.27,5072.18
2026.01.27 03:00,5072.22,5078.88,5060.04,5076.54
2026.01.27 04:00,5076.53,5078.29,5061.32,5067.53
2026.01.27 05:00,5067.49,5084.96,5056.95,5082.62
2026.01.27 06:00,5082.66,5093.42,5076.33,5085.38
2026.01.27 07:00,5085.49,5100.45,5081.31,5085.77
2026.01.27 08:00,5085.78,5087.91,5073.09,5079.03
2026.01.27 09:00,5079.08,5099.17,5077.67,5098.24
2026.01.27 10:00,5098.37,5098.37,5081.56,5086.11
2026.01.27 11:00,5086.06,5090.48,5066.91,5076.87
2026.01.27 12:00,5076.71,5090.90,5073.08,5084.72
2026.01.27 13:00,5084.70,5092.56,5069.43,5077.18
2026.01.27 14:00,5077.08,5081.85,5046.84,5054.36
2026.01.27 15:00,5054.50,5090.72,5047.39,5090.34
2026.01.27 16:00,5090.58,5102.86,5083.06,5087.26
2026.01.27 17:00,5087.13,5093.84,5076.63,5081.01
2026.01.27 18:00,5080.91,5095.24,5076.05,5087.75
2026.01.27 19:00,5087.74,5099.67,5080.75,5098.63
2026.01.27 20:00,5098.64,5182.22,5097.67,5176.22
2026.01.27 21:00,5176.17,5190.37,5169.14,5180.29
2026.01.27 23:00,5175.50,5184.82,5158.56,5171.98
2026.01.28 00:00,5171.95,5179.89,5157.05,5171.73
2026.01.28 01:00,5171.71,5225.29,5168.25,5205.15
2026.01.28 02:00,5204.91,5234.54,5201.15,5231.61
2026.01.28 03:00,5231.60,5247.17,5224.49,5234.71
2026.01.28 04:00,5234.73,5248.64,5231.97,5245.24
2026.01.28 05:00,5245.25,5266.07,5241.30,5260.93
2026.01.28 06:00,5261.04,5271.03,5251.62,5269.55
2026.01.28 07:00,5269.72,5292.39,5262.88,5290.10
2026.01.28 08:00,5290.08,5311.17,5280.37,5293.38
2026.01.28 09:00,5293.36,5297.26,5263.02,5277.81
2026.01.28 10:00,5277.80,5285.46,5269.03,5269.77
2026.01.28 11:00,5269.87,5270.33,5238.59,5261.30
2026.01.28 12:00,5261.31,5278.97,5251.42,5278.91
2026.01.28 13:00,5278.89,5289.32,5256.59,5266.22
2026.01.28 14:00,5266.19,5288.27,5248.53,5285.77
2026.01.28 15:00,5285.45,5297.99,5236.17,5277.80
2026.01.28 16:00,5278.07,5299.60,5274.25,5299.41
2026.01.28 17:00,5299.44,5306.74,5283.05,5297.66
2026.01.28 18:00,5297.74,5325.80,5268.70,5282.49
2026.01.28 19:00,5282.95,5332.07,5269.27,5325.39
2026.01.28 20:00,5325.26,5391.15,5321.11,5376.13
2026.01.28 21:00,5376.35,5417.41,5376.35,5417.19
2026.01.28 23:00,5422.65,5600.36,5422.37,5512.55
2026.01.29 00:00,5512.50,5527.08,5452.24,5519.86
2026.01.29 01:00,5519.99,5551.36,5444.46,5545.47
2026.01.29 02:00,5545.39,5549.63,5504.06,5535.47
2026.01.29 03:00,5535.51,5548.60,5508.11,5545.45
2026.01.29 04:00,5545.47,5564.20,5533.21,5558.12
2026.01.29 05:00,5557.91,5564.01,5516.26,5562.06
2026.01.29 06:00,5561.97,5595.09,5554.63,5561.08
2026.01.29 07:00,5561.12,5574.61,5536.61,5548.76
2026.01.29 08:00,5548.73,5554.47,5473.34,5509.50
2026.01.29 09:00,5509.49,5529.38,5498.08,5513.77
2026.01.29 10:00,5513.80,5525.18,5482.13,5483.80
2026.01.29 11:00,5483.22,5528.53,5470.44,5522.34
2026.01.29 12:00,5522.29,5542.67,5518.29,5533.91
2026.01.29 13:00,5533.76,5540.71,5500.13,5510.13
2026.01.29 14:00,5510.20,5549.19,5490.57,5496.60
2026.01.29 15:00,5496.89,5496.89,5101.83,5182.01
2026.01.29 16:00,5181.92,5309.12,5171.29,5263.57
2026.01.29 17:00,5263.54,5374.77,5263.54,5334.72
2026.01.29 18:00,5334.81,5361.23,5307.78,5338.47
2026.01.29 19:00,5338.55,5345.01,5289.63,5305.34
2026.01.29 20:00,5305.20,5406.34,5282.91,5393.69
2026.01.29 21:00,5393.13,5425.28,5374.15,5377.23
2026.01.29 23:00,5399.73,5447.91,5387.44,5437.79
2026.01.30 00:00,5437.86,5450.34,5389.56,5406.66
2026.01.30 01:00,5407.51,5409.13,5290.61,5300.87
2026.01.30 02:00,5300.76,5311.77,5111.96,5224.93
2026.01.30 03:00,5224.89,5228.55,5151.19,5195.95
2026.01.30 04:00,5195.90,5230.08,5193.33,5214.53
2026.01.30 05:00,5213.13,5240.40,5179.59,5185.09
2026.01.30 06:00,5184.97,5205.36,5145.55,5155.30
2026.01.30 07:00,5155.36,5185.97,5117.64,5180.59
2026.01.30 08:00,5180.57,5180.57,5056.83,5117.37
2026.01.30 09:00,5117.11,5131.23,4942.56,5013.27
2026.01.30 10:00,5012.29,5122.15,5000.79,5119.50
2026.01.30 11:00,5119.03,5143.99,5089.35,5135.03
2026.01.30 12:00,5135.21,5145.08,5055.67,5064.72
2026.01.30 13:00,5064.65,5099.68,4992.25,5019.32
2026.01.30 14:00,5019.23,5112.91,5014.09,5032.60
2026.01.30 15:00,5032.79,5073.56,4980.45,5049.93
2026.01.30 16:00,5050.33,5051.57,4944.27,4985.30
2026.01.30 17:00,4985.38,4985.69,4800.77,4849.58
2026.01.30 18:00,4849.72,4893.22,4682.09,4880.02
2026.01.30 19:00,4880.29,4947.37,4842.55,4932.49
2026.01.30 20:00,4932.53,4932.53,4809.20,4847.75
2026.01.30 21:00,4847.26,4891.33,4831.32,4888.90
2026.02.01 23:00,4785.55,4869.75,4696.96,4739.64
2026.02.02 00:00,4740.26,4883.82,4739.71,4766.17
2026.02.02 01:00,4765.91,4783.58,4584.32,4736.97
2026.02.02 02:00,4736.85,4771.83,4698.62,4711.19
2026.02.02 03:00,4710.76,4728.63,4630.12,4645.99
2026.02.02 04:00,4646.60,4712.49,4603.23,4679.69
2026.02.02 05:00,4679.66,4695.65,4498.97,4548.93
2026.02.02 06:00,4548.94,4572.79,4402.96,4502.63
2026.02.02 07:00,4502.92,4618.78,4485.32,4586.56
2026.02.02 08:00,4586.69,4650.51,4561.86,4640.57
2026.02.02 09:00,4640.47,4731.06,4603.35,4719.66
2026.02.02 10:00,4718.87,4733.22,4657.24,4705.44
2026.02.02 11:00,4705.52,4778.50,4703.01,4766.56
2026.02.02 12:00,4766.43,4811.81,4743.20,4793.72
2026.02.02 13:00,4793.52,4802.88,4669.71,4705.67
2026.02.02 14:00,4705.78,4793.08,4679.66,4718.55
2026.02.02 15:00,4718.10,4744.66,4617.05,4619.75
2026.02.02 16:00,4619.70,4707.73,4596.23,4665.77
2026.02.02 17:00,4665.74,4713.19,4656.20,4674.24
2026.02.02 18:00,4673.66,4673.89,4618.51,4657.45
2026.02.02 19:00,4657.49,4711.84,4631.10,4684.64
2026.02.02 20:00,4684.48,4700.11,4647.11,4652.86
2026.02.02 21:00,4652.14,4686.41,4643.60,4657.69
2026.02.02 23:00,4677.70,4775.29,4676.97,4774.20
2026.02.03 00:00,4773.78,4829.65,4765.55,4779.69
2026.02.03 01:00,4779.68,4855.97,4765.75,4840.98
2026.02.03 02:00,4840.93,4841.28,4745.49,4783.53
2026.02.03 03:00,4783.24,4812.73,4751.15,4809.45
2026.02.03 04:00,4809.12,4824.95,4800.05,4808.62
2026.02.03 05:00,4808.67,4841.06,4808.67,4824.77
2026.02.03 06:00,4824.81,4893.34,4816.34,4881.22
2026.02.03 07:00,4881.21,4933.00,4871.96,4916.95
2026.02.03 08:00,4916.94,4948.08,4897.79,4912.24
2026.02.03 09:00,4912.70,4925.42,4884.21,4915.58
2026.02.03 10:00,4915.74,4928.63,4901.18,4902.17
2026.02.03 11:00,4902.16,4918.52,4883.68,4915.87
2026.02.03 12:00,4915.82,4935.05,4891.87,4913.48
2026.02.03 13:00,4913.63,4950.43,4902.33,4932.45
2026.02.03 14:00,4933.00,4935.99,4894.23,4916.70
2026.02.03 15:00,4916.63,4948.14,4904.65,4934.77
2026.02.03 16:00,4934.84,4993.18,4929.47,4955.02
2026.02.03 17:00,4955.03,4969.17,4907.33,4928.48
2026.02.03 18:00,4928.43,4953.09,4885.53,4907.39
2026.02.03 19:00,4907.48,4948.42,4880.12,4926.82
2026.02.03 20:00,4926.86,4956.21,4902.26,4943.83
2026.02.03 21:00,4943.01,4963.66,4933.49,4946.21
2026.02.03 23:00,4963.51,4971.68,4909.18,4947.19
2026.02.04 00:00,4947.21,5015.71,4945.64,5015.11
2026.02.04 01:00,5015.08,5053.19,4985.28,5046.40
2026.02.04 02:00,5046.39,5065.39,5035.09,5039.86
2026.02.04 03:00,5039.55,5073.02,5035.50,5069.17
2026.02.04 04:00,5069.16,5080.88,5055.62,5079.89
2026.02.04 05:00,5079.88,5089.64,5068.66,5079.15
2026.02.04 06:00,5079.18,5082.52,5050.87,5076.46
2026.02.04 07:00,5076.36,5090.73,5061.79,5084.52
2026.02.04 08:00,5084.37,5091.69,5068.54,5083.16
2026.02.04 09:00,5083.13,5086.14,5043.58,5059.73
2026.02.04 10:00,5059.87,5063.74,5041.86,5048.46
2026.02.04 11:00,5048.48,5052.89,5013.27,5046.95
2026.02.04 12:00,5046.85,5062.82,5036.52,5040.67
2026.02.04 13:00,5040.65,5062.89,5023.69,5053.77
2026.02.04 14:00,5053.75,5058.74,4967.58,4986.07
2026.02.04 15:00,4985.86,5007.44,4887.34,4920.31
2026.02.04 16:00,4919.82,4939.65,4852.38,4903.95
2026.02.04 17:00,4904.02,4929.79,4888.93,4897.77
2026.02.04 18:00,4897.65,4934.46,4872.94,4926.92
2026.02.04 19:00,4926.95,4957.44,4914.42,4941.47
2026.02.04 20:00,4941.52,4950.82,4914.48,4938.14
2026.02.04 21:00,4937.78,4970.71,4936.90,4964.78
2026.02.04 23:00,4981.06,5023.50,4967.79,5012.23
2026.02.05 00:00,5012.04,5019.98,4996.60,5006.26
2026.02.05 01:00,5006.35,5011.98,4935.72,4958.45
2026.02.05 02:00,4958.50,4961.73,4805.30,4811.19
2026.02.05 03:00,4811.18,4888.16,4789.19,4880.44
2026.02.05 04:00,4880.42,4891.14,4863.12,4863.55
2026.02.05 05:00,4863.38,4906.41,4827.46,4896.12
2026.02.05 06:00,4896.10,4933.40,4878.66,4920.30
2026.02.05 07:00,4920.10,4940.11,4895.89,4914.73
2026.02.05 08:00,4915.00,4943.39,4900.74,4911.71
2026.02.05 09:00,4911.51,4913.88,4849.52,4855.14
2026.02.05 10:00,4855.13,4886.44,4848.37,4876.75
2026.02.05 11:00,4876.73,4894.46,4864.24,4868.20
2026.02.05 12:00,4868.18,4877.73,4810.92,4853.42
2026.02.05 13:00,4853.35,4867.32,4802.25,4835.21
2026.02.05 14:00,4834.97,4869.76,4806.32,4846.29
2026.02.05 15:00,4846.21,4865.86,4800.25,4817.98
2026.02.05 16:00,4817.60,4906.08,4812.45,4888.50
2026.02.05 17:00,4888.51,4890.16,4858.85,4868.96
2026.02.05 18:00,4868.97,4875.15,4851.04,4858.27
2026.02.05 19:00,4858.22,4864.66,4823.05,4829.07
2026.02.05 20:00,4829.08,4842.91,4792.68,4810.57
2026.02.05 21:00,4809.50,4826.33,4759.54,4776.78
2026.02.05 23:00,4761.41,4781.89,4703.18,4703.71
2026.02.06 00:00,4703.60,4764.56,4654.85,4763.31
2026.02.06 01:00,4763.01,4784.10,4693.08,4773.69
2026.02.06 02:00,4773.81,4845.63,4761.05,4816.81
2026.02.06 03:00,4816.64,4838.39,4800.42,4823.90
2026.02.06 04:00,4823.82,4831.51,4807.06,4813.45
2026.02.06 05:00,4813.79,4897.20,4807.52,4896.95
2026.02.06 06:00,4896.92,4902.70,4825.20,4845.79
2026.02.06 07:00,4845.80,4861.71,4837.78,4840.68
2026.02.06 08:00,4840.42,4881.87,4829.10,4861.43
2026.02.06 09:00,4860.34,4872.17,4838.82,4866.53
2026.02.06 10:00,4866.29,4879.71,4851.84,4878.30
2026.02.06 11:00,4878.21,4895.53,4863.73,4887.01
2026.02.06 12:00,4886.82,4903.01,4871.85,4900.05
2026.02.06 13:00,4900.13,4937.93,4897.00,4928.22
2026.02.06 14:00,4928.25,4949.15,4894.08,4947.23
2026.02.06 15:00,4947.13,4963.96,4928.57,4943.09
2026.02.06 16:00,4943.15,4953.00,4922.16,4951.79
2026.02.06 17:00,4951.80,4968.18,4947.90,4960.13
2026.02.06 18:00,4960.17,4970.88,4943.71,4962.06
2026.02.06 19:00,4962.10,4963.01,4948.15,4957.03
2026.02.06 20:00,4957.04,4958.54,4936.37,4952.96
2026.02.06 21:00,4952.89,4968.17,4946.06,4968.04
2026.02.08 23:00,4990.52,5046.77,4964.94,5035.71
2026.02.09 00:00,5035.70,5044.62,5011.77,5019.51
2026.02.09 01:00,5019.52,5041.83,4975.60,4982.33
2026.02.09 02:00,4982.34,5016.88,4969.36,5006.60
2026.02.09 03:00,5006.61,5030.69,5005.00,5015.95
2026.02.09 04:00,5016.02,5024.68,5007.18,5011.58
2026.02.09 05:00,5011.61,5041.02,5010.85,5035.97
2026.02.09 06:00,5035.85,5045.12,5013.72,5030.87
2026.02.09 07:00,5030.91,5030.92,4997.65,5005.83
2026.02.09 08:00,5005.79,5035.37,5002.09,5027.20
2026.02.09 09:00,5027.39,5040.21,5002.79,5007.48
2026.02.09 10:00,5007.73,5014.96,4982.16,4990.57
2026.02.09 11:00,4990.58,5017.32,4988.14,5010.45
2026.02.09 12:00,5010.46,5021.07,5006.78,5013.20
2026.02.09 13:00,5013.27,5024.38,4994.91,5006.73
2026.02.09 14:00,5006.70,5040.19,5002.17,5037.88
2026.02.09 15:00,5037.58,5059.90,5023.80,5058.50
2026.02.09 16:00,5058.52,5080.10,5056.28,5073.30
2026.02.09 17:00,5073.66,5075.32,5040.81,5046.23
2026.02.09 18:00,5046.14,5063.91,5044.26,5062.70
2026.02.09 19:00,5062.62,5079.39,5062.28,5074.22
2026.02.09 20:00,5074.25,5086.05,5072.16,5079.34
2026.02.09 21:00,5079.44,5082.76,5047.86,5059.82
2026.02.09 23:00,5068.65,5075.08,4986.78,5031.54
2026.02.10 00:00,5031.56,5047.88,5009.31,5018.93
2026.02.10 01:00,5018.96,5037.23,5012.43,5032.46
2026.02.10 02:00,5032.44,5055.78,5031.25,5038.26
2026.02.10 03:00,5038.10,5038.10,5016.36,5029.81
2026.02.10 04:00,5029.79,5033.68,5017.54,5031.38
2026.02.10 05:00,5031.26,5040.26,5011.13,5038.96
2026.02.10 06:00,5038.72,5044.89,5018.82,5024.20
2026.02.10 07:00,5024.19,5035.78,5018.33,5033.60
2026.02.10 08:00,5033.62,5054.70,5028.65,5041.78
2026.02.10 09:00,5041.82,5062.97,5040.40,5046.58
2026.02.10 10:00,5046.59,5057.77,5036.85,5046.96
2026.02.10 11:00,5046.94,5056.91,5044.52,5055.46
2026.02.10 12:00,5055.47,5056.92,5019.61,5031.92
2026.02.10 13:00,5031.95,5058.03,5026.46,5050.70
2026.02.10 14:00,5051.01,5078.09,5020.74,5039.18
2026.02.10 15:00,5039.17,5047.82,4998.77,5019.26
2026.02.10 16:00,5019.28,5025.96,5005.47,5023.38
2026.02.10 17:00,5023.31,5039.75,5020.30,5025.72
2026.02.10 18:00,5025.73,5027.60,5004.39,5012.83
2026.02.10 19:00,5012.82,5029.72,5008.64,5027.59
2026.02.10 20:00,5027.22,5045.24,5020.02,5029.97
2026.02.10 21:00,5029.47,5032.65,5020.23,5022.39
2026.02.10 23:00,5027.07,5054.17,5026.84,5041.53
2026.02.11 00:00,5041.67,5049.19,5028.07,5037.54
2026.02.11 01:00,5037.66,5052.59,5030.65,5052.08
2026.02.11 02:00,5052.07,5057.40,5032.17,5054.96
2026.02.11 03:00,5054.36,5060.20,5044.60,5054.05
2026.02.11 04:00,5054.02,5059.37,5045.41,5046.22
2026.02.11 05:00,5045.92,5063.76,5043.10,5052.28
2026.02.11 06:00,5052.35,5064.20,5049.44,5063.94
2026.02.11 07:00,5063.96,5068.61,5048.74,5055.12
2026.02.11 08:00,5055.03,5060.05,5045.89,5053.23
2026.02.11 09:00,5053.38,5071.54,5047.10,5062.46
2026.02.11 10:00,5062.48,5100.43,5062.06,5092.91
2026.02.11 11:00,5092.84,5116.67,5082.15,5111.52
2026.02.11 12:00,5111.54,5119.10,5050.96,5083.13
2026.02.11 13:00,5082.79,5089.45,5020.08,5065.89
2026.02.11 14:00,5065.50,5082.33,5035.70,5059.24
2026.02.11 15:00,5059.25,5081.37,5039.01,5059.96
2026.02.11 16:00,5059.60,5077.98,5042.82,5074.66
2026.02.11 17:00,5074.68,5098.66,5068.21,5091.21
2026.02.11 18:00,5091.07,5092.45,5066.66,5082.17
2026.02.11 19:00,5082.08,5093.95,5076.62,5081.37
2026.02.11 20:00,5081.65,5089.51,5077.97,5086.43
2026.02.11 21:00,5086.45,5092.39,5069.54,5082.46
2026.02.11 23:00,5096.91,5099.73,5053.92,5060.81
2026.02.12 00:00,5061.00,5067.46,5049.50,5062.89
2026.02.12 01:00,5062.49,5063.82,5045.09,5063.55
2026.02.12 02:00,5063.66,5072.65,5055.00,5065.53
2026.02.12 03:00,5065.44,5074.44,5054.85,5056.88
2026.02.12 04:00,5056.86,5069.79,5050.72,5069.28
2026.02.12 05:00,5069.26,5077.80,5064.63,5075.32
2026.02.12 06:00,5075.35,5075.99,5046.85,5059.47
2026.02.12 07:00,5059.46,5065.87,5051.66,5063.66
2026.02.12 08:00,5063.61,5073.29,5052.30,5068.08
2026.02.12 09:00,5068.06,5080.24,5065.94,5073.06
2026.02.12 10:00,5073.05,5076.66,5056.07,5061.91
2026.02.12 11:00,5062.17,5068.13,5059.36,5063.99
2026.02.12 12:00,5063.94,5068.06,5048.73,5052.54
2026.02.12 13:00,5052.13,5083.36,5051.11,5075.26
2026.02.12 14:00,5075.22,5077.52,5039.45,5044.24
2026.02.12 15:00,5044.29,5074.35,5040.11,5060.53
2026.02.12 16:00,5060.49,5068.21,4878.53,4954.84
2026.02.12 17:00,4954.61,4981.95,4939.42,4941.31
2026.02.12 18:00,4941.24,4951.67,4906.58,4935.60
2026.02.12 19:00,4935.64,4957.50,4928.04,4945.44
2026.02.12 20:00,4945.65,4948.04,4911.29,4915.01
2026.02.12 21:00,4915.36,4926.61,4911.71,4922.12
2026.02.12 23:00,4888.92,4928.81,4888.13,4920.09
2026.02.13 00:00,4920.08,4948.49,4913.87,4927.88
2026.02.13 01:00,4927.87,4988.60,4927.12,4980.90
2026.02.13 02:00,4980.78,4991.27,4971.90,4988.39
2026.02.13 03:00,4988.34,4989.20,4973.75,4981.02
2026.02.13 04:00,4981.01,4996.88,4972.65,4976.53
2026.02.13 05:00,4976.51,4986.21,4945.23,4946.68
2026.02.13 06:00,4946.78,4968.50,4946.03,4966.75
2026.02.13 07:00,4966.72,4982.54,4951.29,4974.54
2026.02.13 08:00,4974.82,4988.85,4971.40,4982.36
2026.02.13 09:00,4982.29,4982.64,4961.75,4970.13
2026.02.13 10:00,4970.11,4980.25,4947.00,4949.98
2026.02.13 11:00,4949.97,4955.08,4934.04,4953.71
2026.02.13 12:00,4953.27,4973.61,4951.92,4969.34
2026.02.13 13:00,4969.37,4999.22,4957.27,4986.48
2026.02.13 14:00,4986.17,5010.48,4964.75,4995.33
2026.02.13 15:00,4996.41,5020.33,4974.15,4976.86
2026.02.13 16:00,4976.88,5032.90,4975.38,5007.79
2026.02.13 17:00,5007.81,5028.74,5006.08,5021.04
2026.02.13 18:00,5021.03,5035.38,5015.24,5030.80
2026.02.13 19:00,5030.82,5045.94,5023.62,5023.62
2026.02.13 20:00,5023.67,5034.67,5021.50,5032.38
2026.02.13 21:00,5032.06,5045.96,5029.48,5042.29
2026.02.15 23:00,5035.33,5035.59,5007.15,5019.94
2026.02.16 00:00,5019.95,5022.48,5000.04,5015.27
2026.02.16 01:00,5015.22,5031.02,5006.84,5028.64
2026.02.16 02:00,5028.67,5031.05,4992.00,4994.40
2026.02.16 03:00,4994.41,4999.64,4975.18,4987.24
2026.02.16 04:00,4987.20,4991.79,4972.52,4977.54
2026.02.16 05:00,4977.57,4990.50,4964.96,4990.48
2026.02.16 06:00,4990.49,5002.97,4984.73,4994.57
2026.02.16 07:00,4994.55,5009.67,4988.88,5006.93
2026.02.16 08:00,5006.95,5012.95,4995.43,5007.93
2026.02.16 09:00,5007.94,5016.85,5007.50,5013.65
2026.02.16 10:00,5013.63,5017.13,5000.16,5005.74
2026.02.16 11:00,5005.77,5007.56,4998.76,5004.10
2026.02.16 12:00,5004.11,5007.76,4992.70,5001.71
2026.02.16 13:00,5001.74,5003.43,4989.43,4997.03
2026.02.16 14:00,4997.02,4999.22,4981.40,4987.83
2026.02.16 15:00,4987.32,4987.93,4968.95,4979.22
2026.02.16 16:00,4979.19,4989.76,4972.66,4987.76
2026.02.16 17:00,4987.81,4995.83,4987.81,4991.42
2026.02.16 18:00,4991.43,4997.64,4988.51,4994.42
2026.02.16 19:00,4994.43,4996.13,4990.18,4991.88
2026.02.16 23:00,4991.37,5000.44,4985.10,4989.46
2026.02.17 00:00,4989.49,4991.21,4932.02,4935.30
2026.02.17 01:00,4935.43,4963.68,4922.77,4957.63
2026.02.17 02:00,4956.76,4970.82,4954.46,4967.22
2026.02.17 03:00,4967.21,4970.01,4949.97,4956.69
2026.02.17 04:00,4956.66,4960.19,4946.60,4953.19
2026.02.17 05:00,4953.15,4954.19,4858.40,4888.63
2026.02.17 06:00,4888.76,4913.88,4886.57,4910.04
2026.02.17 07:00,4910.05,4921.86,4903.87,4917.01
2026.02.17 08:00,4916.89,4929.64,4916.24,4920.64
2026.02.17 09:00,4920.66,4932.20,4912.65,4925.51
2026.02.17 10:00,4925.48,4939.05,4907.41,4913.03
2026.02.17 11:00,4913.12,4930.38,4913.12,4928.62
2026.02.17 12:00,4928.50,4943.91,4928.06,4932.19
2026.02.17 13:00,4932.24,4933.41,4870.18,4870.84
2026.02.17 14:00,4870.95,4906.82,4841.91,4862.77
2026.02.17 15:00,4862.95,4882.48,4849.13,4878.31
2026.02.17 16:00,4878.30,4893.07,4868.65,4869.18
2026.02.17 17:00,4868.81,4870.96,4850.12,4864.66
2026.02.17 18:00,4864.69,4910.38,4862.08,4898.83
2026.02.17 19:00,4898.78,4901.04,4876.25,4880.40
2026.02.17 20:00,4880.33,4884.18,4873.14,4877.86
2026.02.17 21:00,4877.89,4886.24,4875.33,4877.89
2026.02.17 23:00,4867.90,4884.19,4853.81,4859.13
2026.02.18 00:00,4859.12,4882.66,4858.18,4874.86
2026.02.18 01:00,4874.84,4892.46,4874.39,4889.52
2026.02.18 02:00,4889.46,4907.20,4886.24,4905.14
2026.02.18 03:00,4905.22,4921.98,4904.19,4920.40
2026.02.18 04:00,4920.39,4939.51,4918.02,4933.63
2026.02.18 05:00,4933.66,4939.64,4929.44,4933.28
2026.02.18 06:00,4933.45,4935.77,4924.85,4930.56
2026.02.18 07:00,4930.43,4941.78,4928.83,4930.20
2026.02.18 08:00,4930.19,4932.25,4916.57,4917.25
2026.02.18 09:00,4917.57,4923.03,4912.99,4917.45
2026.02.18 10:00,4917.47,4924.45,4909.40,4914.14
2026.02.18 11:00,4914.13,4917.38,4906.21,4913.14
2026.02.18 12:00,4913.12,4947.11,4912.06,4942.84
2026.02.18 13:00,4942.97,4968.51,4942.93,4954.34
2026.02.18 14:00,4954.36,4993.83,4952.30,4991.47
2026.02.18 15:00,4991.48,5008.60,4991.32,4997.53
2026.02.18 16:00,4997.86,5010.80,4991.31,5000.04
2026.02.18 17:00,5000.27,5001.53,4993.20,4998.52
2026.02.18 18:00,4998.54,5003.11,4979.95,4987.08
2026.02.18 19:00,4987.00,4995.06,4972.85,4980.45
2026.02.18 20:00,4980.43,4987.35,4975.15,4984.64
2026.02.18 21:00,4984.31,4985.99,4975.40,4975.87
2026.02.18 23:00,4977.13,4988.23,4960.31,4975.84
2026.02.19 00:00,4975.64,4976.09,4960.10,4960.99
2026.02.19 01:00,4960.95,4974.98,4960.25,4972.45
2026.02.19 02:00,4972.42,4977.02,4965.62,4968.14
2026.02.19 03:00,4968.13,4982.92,4966.08,4981.37
2026.02.19 04:00,4981.26,4985.40,4976.71,4983.93
2026.02.19 05:00,4983.92,4998.36,4983.91,4996.74
2026.02.19 06:00,4996.87,5019.72,4996.42,5018.07
2026.02.19 07:00,5018.05,5021.61,5009.11,5010.17
2026.02.19 08:00,5010.06,5021.52,5006.23,5017.12
2026.02.19 09:00,5017.04,5020.23,4993.35,4995.57
2026.02.19 10:00,4995.51,4996.09,4981.40,4993.26
2026.02.19 11:00,4993.23,4996.08,4977.69,4984.47
2026.02.19 12:00,4984.73,4992.54,4980.32,4984.55
2026.02.19 13:00,4984.56,4998.17,4972.43,4996.68
2026.02.19 14:00,4996.59,5009.84,4963.52,5005.08
2026.02.19 15:00,5005.13,5021.68,4996.02,5013.68
2026.02.19 16:00,5014.05,5014.39,4990.68,4995.21
2026.02.19 17:00,4995.20,5001.33,4982.92,4984.86
2026.02.19 18:00,4984.95,4989.11,4975.46,4981.62
2026.02.19 19:00,4981.61,4990.13,4978.21,4987.46
2026.02.19 20:00,4987.51,5002.88,4987.50,5001.80
2026.02.19 21:00,5001.92,5004.17,4992.14,4995.55
2026.02.19 23:00,5002.73,5007.95,4985.89,4987.78
2026.02.20 00:00,4987.80,5006.69,4985.44,5005.93
2026.02.20 01:00,5005.91,5014.51,4995.09,4997.07
2026.02.20 02:00,4997.08,5007.08,4992.69,4995.91
2026.02.20 03:00,4995.90,4998.94,4981.11,4987.82
2026.02.20 04:00,4988.28,5002.78,4986.49,4999.50
2026.02.20 05:00,4999.69,5011.35,4997.83,5011.34
2026.02.20 06:00,5011.53,5029.82,5011.40,5020.67
2026.02.20 07:00,5020.66,5027.60,5006.04,5006.27
2026.02.20 08:00,5006.62,5030.51,5004.66,5028.73
2026.02.20 09:00,5028.75,5042.07,5027.04,5027.39
2026.02.20 10:00,5027.40,5038.38,5019.32,5034.35
2026.02.20 11:00,5034.38,5034.84,5015.50,5017.10
2026.02.20 12:00,5017.11,5026.25,5006.90,5025.00
2026.02.20 13:00,5025.02,5048.39,5017.88,5043.30
2026.02.20 14:00,5043.28,5060.43,5037.27,5054.06
2026.02.20 15:00,5054.10,5063.99,4989.51,5042.46
2026.02.20 16:00,5042.54,5069.26,5038.66,5066.95
2026.02.20 17:00,5066.86,5075.81,5054.28,5072.39
2026.02.20 18:00,5072.30,5074.27,5054.67,5070.92
2026.02.20 19:00,5070.95,5079.93,5068.60,5079.59
2026.02.20 20:00,5079.57,5097.88,5076.63,5096.69
2026.02.20 21:00,5096.23,5107.92,5091.59,5105.83
2026.02.22 23:00,5108.20,5171.56,5108.17,5165.50
2026.02.23 00:00,5165.49,5166.80,5129.12,5144.33
2026.02.23 01:00,5144.36,5167.68,5140.09,5157.30
2026.02.23 02:00,5157.21,5176.26,5156.39,5173.74
2026.02.23 03:00,5173.69,5176.05,5152.65,5166.67
2026.02.23 04:00,5166.63,5168.44,5155.31,5160.48
2026.02.23 05:00,5160.46,5161.54,5152.36,5157.97
2026.02.23 06:00,5157.95,5161.09,5144.50,5145.50
2026.02.23 07:00,5145.60,5154.49,5124.94,5136.61
2026.02.23 08:00,5136.58,5141.87,5122.52,5140.24
2026.02.23 09:00,5139.75,5149.87,5139.55,5149.00
2026.02.23 10:00,5149.01,5162.99,5145.08,5162.39
2026.02.23 11:00,5162.49,5163.22,5146.69,5149.81
2026.02.23 12:00,5149.72,5165.16,5145.70,5163.60
2026.02.23 13:00,5163.57,5164.90,5143.72,5146.64
2026.02.23 14:00,5146.57,5200.05,5141.83,5192.37
2026.02.23 15:00,5192.36,5204.60,5180.29,5195.99
2026.02.23 16:00,5195.66,5218.73,5175.64,5209.77
2026.02.23 17:00,5209.78,5212.88,5191.00,5207.68
2026.02.23 18:00,5207.75,5215.38,5201.21,5209.15
2026.02.23 19:00,5209.14,5218.04,5206.30,5215.40
2026.02.23 20:00,5215.32,5237.42,5214.87,5235.84
2026.02.23 21:00,5235.91,5236.96,5226.13,5227.76
2026.02.23 23:00,5231.35,5249.42,5230.57,5235.67
2026.02.24 00:00,5235.55,5237.97,5217.52,5223.68
2026.02.24 01:00,5223.61,5223.61,5145.10,5176.82
2026.02.24 02:00,5177.13,5190.77,5165.17,5189.52
2026.02.24 03:00,5189.39,5191.56,5170.79,5171.78
2026.02.24 04:00,5171.71,5174.66,5161.15,5168.09
2026.02.24 05:00,5168.02,5185.16,5163.77,5182.48
2026.02.24 06:00,5182.45,5184.42,5156.76,5173.18
2026.02.24 07:00,5172.63,5183.49,5164.12,5178.97
2026.02.24 08:00,5178.38,5181.24,5164.99,5173.21
2026.02.24 09:00,5173.24,5179.86,5166.56,5171.37
2026.02.24 10:00,5171.34,5180.72,5163.28,5172.86
2026.02.24 11:00,5172.87,5178.04,5171.04,5172.69
2026.02.24 12:00,5172.68,5173.59,5145.78,5150.95
2026.02.24 13:00,5151.21,5161.05,5111.15,5114.85
2026.02.24 14:00,5114.70,5138.95,5093.45,5128.20
2026.02.24 15:00,5128.35,5154.84,5118.11,5150.19
2026.02.24 16:00,5150.36,5152.15,5131.10,5141.76
2026.02.24 17:00,5141.79,5163.28,5141.33,5163.28
2026.02.24 18:00,5163.31,5169.64,5153.58,5159.72
2026.02.24 19:00,5159.70,5160.16,5146.25,5153.62
2026.02.24 20:00,5153.73,5172.78,5146.54,5164.12
2026.02.24 21:00,5164.01,5165.47,5140.11,5144.60
2026.02.24 23:00,5140.99,5152.42,5118.06,5146.60
2026.02.25 00:00,5146.61,5155.89,5136.94,5151.97
2026.02.25 01:00,5151.98,5189.85,5143.81,5176.75
2026.02.25 02:00,5176.71,5193.63,5166.31,5180.48
2026.02.25 03:00,5180.46,5189.84,5177.84,5181.80
2026.02.25 04:00,5181.88,5184.79,5172.60,5182.46
2026.02.25 05:00,5182.47,5210.07,5182.47,5201.62
2026.02.25 06:00,5201.63,5201.63,5182.65,5194.35
2026.02.25 07:00,5194.33,5195.10,5180.01,5184.32
2026.02.25 08:00,5184.28,5196.79,5184.02,5185.18
2026.02.25 09:00,5185.15,5194.46,5176.34,5192.92
2026.02.25 10:00,5192.93,5194.84,5170.09,5174.95
2026.02.25 11:00,5174.91,5182.23,5155.20,5181.47
2026.02.25 12:00,5181.30,5187.09,5177.20,5182.63
2026.02.25 13:00,5182.60,5191.12,5180.63,5185.16
2026.02.25 14:00,5185.13,5192.75,5158.99,5190.65
2026.02.25 15:00,5190.58,5202.47,5172.62,5194.72
2026.02.25 16:00,5194.71,5213.37,5189.32,5211.98
2026.02.25 17:00,5211.83,5217.39,5203.14,5206.67
2026.02.25 18:00,5206.69,5207.32,5200.49,5201.80
2026.02.25 19:00,5201.81,5208.00,5191.63,5204.73
2026.02.25 20:00,5204.64,5205.88,5145.89,5152.23
2026.02.25 21:00,5152.20,5173.57,5150.14,5168.58
2026.02.25 23:00,5164.93,5181.88,5161.63,5163.12
2026.02.26 00:00,5163.19,5191.93,5155.38,5187.87
2026.02.26 01:00,5187.78,5198.31,5178.30,5191.53
2026.02.26 02:00,5191.52,5195.03,5174.14,5184.13
2026.02.26 03:00,5184.15,5193.69,5182.78,5192.40
2026.02.26 04:00,5192.31,5198.83,5190.21,5192.52
2026.02.26 05:00,5192.57,5204.97,5189.89,5198.30
2026.02.26 06:00,5198.24,5199.27,5189.94,5193.05
2026.02.26 07:00,5193.06,5194.45,5179.45,5185.47
2026.02.26 08:00,5185.54,5190.58,5168.08,5179.22
2026.02.26 09:00,5179.23,5189.27,5173.80,5185.81
2026.02.26 10:00,5185.78,5189.76,5166.48,5171.69
2026.02.26 11:00,5171.63,5177.95,5161.42,5164.60
2026.02.26 12:00,5164.65,5187.59,5158.04,5183.63
2026.02.26 13:00,5183.79,5185.45,5164.32,5166.13
2026.02.26 14:00,5166.08,5176.14,5140.73,5164.81
2026.02.26 15:00,5163.64,5192.26,5131.03,5185.30
2026.02.26 16:00,5185.71,5186.99,5173.15,5179.36
2026.02.26 17:00,5179.44,5189.77,5161.82,5167.00
2026.02.26 18:00,5167.06,5185.65,5160.88,5180.25
2026.02.26 19:00,5180.39,5193.66,5179.58,5186.75
2026.02.26 20:00,5186.70,5200.29,5186.47,5196.44
2026.02.26 21:00,5196.41,5200.20,5182.80,5184.69
2026.02.26 23:00,5188.69,5189.31,5174.16,5184.15
2026.02.27 00:00,5184.02,5194.89,5169.99,5174.70
2026.02.27 01:00,5174.71,5194.48,5166.78,5194.21
2026.02.27 02:00,5194.23,5199.41,5173.47,5183.62
2026.02.27 03:00,5183.56,5190.23,5180.85,5183.84
2026.02.27 04:00,5183.81,5188.77,5180.86,5181.80
2026.02.27 05:00,5181.79,5200.13,5181.20,5197.42
2026.02.27 06:00,5197.41,5199.02,5184.85,5185.40
2026.02.27 07:00,5185.42,5189.34,5175.58,5175.93
2026.02.27 08:00,5175.94,5182.08,5174.07,5178.60
2026.02.27 09:00,5178.37,5182.32,5172.09,5175.57
2026.02.27 10:00,5175.58,5180.76,5168.64,5177.29
2026.02.27 11:00,5177.30,5185.36,5172.46,5185.36
2026.02.27 12:00,5185.35,5190.14,5182.80,5187.36
2026.02.27 13:00,5187.33,5239.94,5186.51,5222.68
2026.02.27 14:00,5222.48,5235.50,5214.02,5223.62
2026.02.27 15:00,5223.56,5245.82,5215.04,5238.68
2026.02.27 16:00,5238.76,5257.43,5222.24,5229.02
2026.02.27 17:00,5229.20,5236.63,5221.90,5233.94
2026.02.27 18:00,5235.02,5246.61,5222.58,5245.20
2026.02.27 19:00,5244.96,5252.28,5240.00,5249.74
2026.02.27 20:00,5249.66,5265.11,5248.10,5263.18
2026.02.27 21:00,5263.06,5281.19,5256.92,5278.85
2026.03.01 23:00,5319.79,5392.97,5315.19,5386.76
2026.03.02 00:00,5386.85,5388.18,5340.85,5347.48
2026.03.02 01:00,5347.34,5347.34,5303.43,5325.03
2026.03.02 02:00,5325.00,5351.51,5316.96,5346.52
2026.03.02 03:00,5346.55,5366.91,5344.42,5366.10
2026.03.02 04:00,5366.11,5366.89,5345.89,5355.83
2026.03.02 05:00,5355.86,5366.16,5340.78,5365.99
2026.03.02 06:00,5365.97,5389.84,5363.31,5387.20
2026.03.02 07:00,5387.24,5418.80,5384.58,5407.98
2026.03.02 08:00,5408.00,5416.47,5391.14,5393.86
2026.03.02 09:00,5393.84,5402.11,5385.65,5391.69
2026.03.02 10:00,5391.70,5400.58,5378.81,5388.82
2026.03.02 11:00,5388.91,5399.73,5375.28,5385.18
2026.03.02 12:00,5385.23,5398.06,5378.97,5396.58
2026.03.02 13:00,5396.54,5415.84,5381.90,5393.75
2026.03.02 14:00,5393.74,5394.84,5306.70,5333.08
2026.03.02 15:00,5331.41,5348.51,5308.02,5316.13
2026.03.02 16:00,5316.20,5316.20,5260.63,5290.11
2026.03.02 17:00,5290.31,5320.34,5287.15,5306.56
2026.03.02 18:00,5306.60,5316.05,5289.48,5315.00
2026.03.02 19:00,5314.97,5334.00,5313.37,5330.33
2026.03.02 20:00,5330.48,5346.08,5328.04,5332.23
2026.03.02 21:00,5332.02,5340.24,5321.44,5322.49
2026.03.02 23:00,5333.63,5346.79,5329.26,5345.58
2026.03.03 00:00,5345.60,5361.99,5336.62,5350.05
2026.03.03 01:00,5350.10,5379.79,5337.48,5338.70
2026.03.03 02:00,5338.61,5367.80,5332.16,5366.64
2026.03.03 03:00,5366.67,5373.43,5359.15,5366.89
2026.03.03 04:00,5367.24,5375.28,5359.25,5360.49
2026.03.03 05:00,5360.82,5366.68,5305.58,5319.08
2026.03.03 06:00,5319.12,5323.30,5278.91,5310.40
2026.03.03 07:00,5310.38,5330.77,5305.70,5327.18
2026.03.03 08:00,5327.04,5335.47,5290.03,5295.29
2026.03.03 09:00,5295.32,5303.51,5226.52,5275.13
2026.03.03 10:00,5275.15,5287.76,5238.18,5248.12
2026.03.03 11:00,5248.28,5264.19,5074.63,5145.10
2026.03.03 12:00,5144.79,5226.44,5138.75,5224.23
2026.03.03 13:00,5224.30,5224.30,5127.69,5156.53
2026.03.03 14:00,5156.57,5175.15,5016.54,5038.15
2026.03.03 15:00,5038.45,5096.77,4996.29,5095.24
2026.03.03 16:00,5095.43,5134.25,5090.07,5106.88
2026.03.03 17:00,5106.95,5109.50,5065.02,5079.15
2026.03.03 18:00,5079.24,5138.20,5078.92,5135.95
2026.03.03 19:00,5136.15,5148.61,5099.53,5112.93
2026.03.03 20:00,5113.16,5130.00,5085.91,5096.99
2026.03.03 21:00,5096.85,5110.43,5083.40,5090.40
2026.03.03 23:00,5090.38,5129.71,5083.61,5125.03
2026.03.04 00:00,5125.02,5140.24,5105.77,5138.42
2026.03.04 01:00,5138.48,5177.84,5138.48,5174.70
2026.03.04 02:00,5174.67,5190.48,5153.84,5156.17
2026.03.04 03:00,5156.15,5177.05,5141.38,5174.89
2026.03.04 04:00,5174.90,5180.52,5151.94,5156.47
2026.03.04 05:00,5156.49,5167.87,5152.02,5159.52
2026.03.04 06:00,5159.50,5159.86,5120.85,5159.86
2026.03.04 07:00,5159.85,5175.60,5158.06,5167.84
2026.03.04 08:00,5167.83,5181.53,5147.42,5167.69
2026.03.04 09:00,5167.62,5184.68,5159.47,5182.28
2026.03.04 10:00,5182.27,5202.07,5179.62,5189.84
2026.03.04 11:00,5189.83,5200.49,5187.61,5192.32
2026.03.04 12:00,5192.36,5206.09,5156.35,5171.05
2026.03.04 13:00,5171.13,5195.99,5167.69,5168.01
2026.03.04 14:00,5168.04,5184.61,5138.95,5147.94
2026.03.04 15:00,5147.77,5166.45,5131.45,5150.78
2026.03.04 16:00,5150.81,5162.39,5138.34,5149.75
2026.03.04 17:00,5149.69,5152.54,5120.48,5140.91
2026.03.04 18:00,5140.76,5143.27,5109.39,5133.49
2026.03.04 19:00,5133.62,5139.40,5123.13,5137.59
2026.03.04 20:00,5136.98,5146.24,5123.63,5134.44
2026.03.04 21:00,5134.57,5143.79,5129.51,5139.10
2026.03.04 23:00,5148.77,5166.00,5144.73,5164.96
2026.03.05 00:00,5164.92,5179.85,5159.09,5172.33
2026.03.05 01:00,5172.34,5185.85,5167.46,5172.23
2026.03.05 02:00,5172.08,5192.34,5171.31,5191.89
2026.03.05 03:00,5191.87,5194.95,5178.08,5179.95
2026.03.05 04:00,5179.80,5186.64,5166.05,5171.64
2026.03.05 05:00,5171.63,5176.69,5148.31,5148.79
2026.03.05 06:00,5148.89,5168.63,5120.70,5167.21
2026.03.05 07:00,5167.22,5172.23,5158.32,5161.79
2026.03.05 08:00,5161.69,5169.79,5137.60,5165.23
2026.03.05 09:00,5165.10,5180.33,5153.16,5160.51
2026.03.05 10:00,5160.50,5167.28,5146.21,5164.39
2026.03.05 11:00,5164.41,5167.85,5157.02,5163.72
2026.03.05 12:00,5163.74,5171.61,5160.97,5162.47
2026.03.05 13:00,5162.60,5164.12,5081.62,5118.23
2026.03.05 14:00,5118.22,5129.91,5090.77,5101.76
2026.03.05 15:00,5101.91,5119.38,5061.85,5102.21
2026.03.05 16:00,5102.17,5104.03,5054.19,5077.47
2026.03.05 17:00,5078.00,5089.50,5055.02,5063.04
2026.03.05 18:00,5062.95,5085.16,5050.99,5069.52
2026.03.05 19:00,5069.61,5081.06,5056.12,5065.57
2026.03.05 20:00,5065.73,5094.41,5061.46,5076.82
2026.03.05 21:00,5076.69,5084.96,5072.25,5083.02
2026.03.05 23:00,5083.70,5101.57,5081.61,5086.10
2026.03.06 00:00,5086.23,5092.24,5074.31,5084.44
2026.03.06 01:00,5084.13,5143.75,5066.27,5134.39
2026.03.06 02:00,5134.36,5138.26,5121.90,5126.16
2026.03.06 03:00,5126.03,5141.41,5124.00,5130.83
2026.03.06 04:00,5130.80,5136.07,5126.28,5127.23
2026.03.06 05:00,5127.24,5130.07,5114.40,5117.18
2026.03.06 06:00,5117.37,5122.76,5108.94,5115.64
2026.03.06 07:00,5115.63,5120.42,5105.45,5119.30
2026.03.06 08:00,5119.31,5122.99,5096.62,5108.50
2026.03.06 09:00,5108.56,5109.13,5082.81,5085.54
2026.03.06 10:00,5085.75,5092.45,5075.82,5090.52
2026.03.06 11:00,5090.55,5099.31,5062.50,5076.73
2026.03.06 12:00,5076.88,5096.69,5076.03,5083.61
2026.03.06 13:00,5083.29,5130.46,5065.49,5085.01
2026.03.06 14:00,5084.60,5131.64,5080.91,5129.99
2026.03.06 15:00,5130.00,5171.18,5127.82,5141.88
2026.03.06 16:00,5141.79,5153.55,5126.10,5139.84
2026.03.06 17:00,5139.83,5152.34,5129.03,5140.30
2026.03.06 18:00,5140.29,5167.45,5138.36,5160.68
2026.03.06 19:00,5160.66,5174.50,5156.80,5159.60
2026.03.06 20:00,5159.68,5162.39,5149.95,5153.21
2026.03.06 21:00,5153.06,5175.18,5150.72,5173.83
2026.03.08 23:00,5130.11,5135.76,5043.78,5075.39
2026.03.09 00:00,5075.36,5079.21,5027.96,5049.56
2026.03.09 01:00,5049.50,5087.42,5014.59,5069.96
2026.03.09 02:00,5070.20,5098.73,5055.28,5094.37
2026.03.09 03:00,5094.47,5102.00,5081.27,5091.28
2026.03.09 04:00,5091.14,5097.11,5085.24,5089.77
2026.03.09 05:00,5090.17,5140.53,5080.76,5124.20
2026.03.09 06:00,5124.14,5133.63,5096.70,5097.74
2026.03.09 07:00,5097.80,5107.76,5088.16,5099.15
2026.03.09 08:00,5099.41,5110.77,5086.57,5096.79
2026.03.09 09:00,5096.78,5132.00,5095.10,5104.90
2026.03.09 10:00,5104.96,5110.80,5083.71,5087.34
2026.03.09 11:00,5087.50,5097.06,5079.37,5087.95
2026.03.09 12:00,5088.12,5111.99,5088.12,5094.85
2026.03.09 13:00,5094.94,5111.04,5067.36,5074.13
2026.03.09 14:00,5074.12,5115.40,5061.36,5094.16
2026.03.09 15:00,5094.10,5103.11,5079.61,5099.10
2026.03.09 16:00,5099.13,5110.24,5094.66,5104.55
2026.03.09 17:00,5104.31,5106.43,5088.99,5095.82
2026.03.09 18:00,5095.80,5125.91,5092.26,5122.69
2026.03.09 19:00,5122.53,5143.81,5118.19,5140.70
2026.03.09 20:00,5140.66,5147.60,5134.14,5138.13
2026.03.09 21:00,5138.26,5138.26,5138.26,5138.26
2026.03.09 23:00,5152.62,5155.85,5136.00,5139.61
2026.03.10 00:00,5139.58,5141.05,5124.59,5131.15
2026.03.10 01:00,5131.16,5185.98,5124.74,5183.89
2026.03.10 02:00,5183.84,5186.31,5163.58,5165.85
2026.03.10 03:00,5166.04,5173.67,5155.56,5157.54
2026.03.10 04:00,5157.67,5166.26,5154.28,5163.58
2026.03.10 05:00,5163.59,5179.17,5163.52,5177.66
2026.03.10 06:00,5177.80,5180.95,5171.61,5175.24
2026.03.10 07:00,5175.36,5181.04,5158.49,5180.90
2026.03.10 08:00,5180.88,5194.84,5175.00,5183.39
2026.03.10 09:00,5183.37,5189.12,5180.21,5182.41
2026.03.10 10:00,5182.37,5183.63,5156.28,5177.20
2026.03.10 11:00,5177.24,5191.70,5171.42,5174.95
2026.03.10 12:00,5175.05,5189.19,5162.55,5186.92
2026.03.10 13:00,5186.90,5228.68,5186.26,5205.39
2026.03.10 14:00,5205.61,5213.80,5185.44,5206.55
2026.03.10 15:00,5206.53,5238.52,5202.79,5228.40
2026.03.10 16:00,5228.53,5235.24,5222.51,5227.46
2026.03.10 17:00,5227.45,5234.81,5223.65,5227.58
2026.03.10 18:00,5227.61,5228.00,5160.70,5191.75
2026.03.10 19:00,5191.86,5207.19,5179.41,5198.49
2026.03.10 20:00,5198.03,5198.93,5190.54,5190.62
2026.03.10 21:00,5188.96,5188.96,5188.96,5188.96
2026.03.10 23:00,5189.18,5197.40,5187.57,5196.85
2026.03.11 00:00,5196.80,5219.23,5186.99,5215.08
2026.03.11 01:00,5214.92,5223.10,5208.55,5208.56
2026.03.11 02:00,5208.77,5220.41,5194.07,5216.87
2026.03.11 03:00,5216.78,5219.88,5199.05,5203.47
2026.03.11 04:00,5203.30,5208.67,5199.28,5204.48
2026.03.11 05:00,5204.45,5208.40,5191.21,5199.66
2026.03.11 06:00,5199.64,5210.59,5191.34,5197.58
2026.03.11 07:00,5197.62,5202.22,5184.81,5195.40
2026.03.11 08:00,5195.66,5198.41,5175.34,5187.11
2026.03.11 09:00,5187.12,5197.08,5179.90,5187.68
2026.03.11 10:00,5187.77,5195.08,5177.22,5186.14
2026.03.11 11:00,5186.25,5193.37,5176.02,5181.45
2026.03.11 12:00,5181.32,5196.19,5166.51,5167.66
2026.03.11 13:00,5167.65,5182.92,5149.40,5176.43
2026.03.11 14:00,5176.40,5195.83,5174.15,5183.41
2026.03.11 15:00,5183.38,5185.81,5164.13,5166.39
2026.03.11 16:00,5166.36,5177.75,5163.35,5175.30
2026.03.11 17:00,5175.28,5180.71,5154.89,5169.37
2026.03.11 18:00,5169.39,5178.05,5168.67,5172.63
2026.03.11 19:00,5172.59,5182.93,5169.12,5182.44
2026.03.11 20:00,5182.46,5183.23,5174.93,5176.00
2026.03.11 21:00,5176.01,5176.01,5176.01,5176.01
2026.03.11 23:00,5139.13,5157.34,5133.07,5134.23
2026.03.12 00:00,5134.22,5161.75,5125.66,5152.78
2026.03.12 01:00,5152.82,5172.91,5151.45,5168.22
2026.03.12 02:00,5168.05,5174.80,5145.74,5150.79
2026.03.12 03:00,5150.83,5155.31,5147.14,5152.74
2026.03.12 04:00,5152.88,5153.80,5140.38,5142.51
2026.03.12 05:00,5142.36,5157.47,5136.90,5154.36
2026.03.12 06:00,5154.37,5169.97,5147.25,5165.93
2026.03.12 07:00,5165.95,5184.88,5164.29,5182.01
2026.03.12 08:00,5182.30,5189.61,5175.72,5178.11
2026.03.12 09:00,5178.10,5189.92,5174.09,5188.13
2026.03.12 10:00,5187.97,5191.43,5176.56,5182.05
2026.03.12 11:00,5182.08,5183.38,5172.54,5179.04
2026.03.12 12:00,5179.13,5185.32,5163.87,5181.33
2026.03.12 13:00,5181.26,5185.90,5145.85,5151.16
2026.03.12 14:00,5151.01,5162.98,5138.36,5142.91
2026.03.12 15:00,5142.47,5144.82,5109.65,5132.11
2026.03.12 16:00,5132.13,5137.61,5121.04,5123.63
2026.03.12 17:00,5123.54,5129.22,5102.53,5105.48
2026.03.12 18:00,5105.61,5112.56,5090.81,5094.35
2026.03.12 19:00,5093.93,5096.82,5079.62,5084.98
2026.03.12 20:00,5085.10,5090.75,5054.95,5079.27
2026.03.12 21:00,5078.26,5078.26,5078.26,5078.26
2026.03.12 23:00,5095.76,5100.98,5088.75,5097.60
2026.03.13 00:00,5097.56,5114.95,5097.07,5113.55
2026.03.13 01:00,5113.59,5124.06,5108.58,5124.06
2026.03.13 02:00,5124.18,5128.18,5110.43,5111.94
2026.03.13 03:00,5111.88,5116.78,5106.29,5115.57
2026.03.13 04:00,5115.44,5117.94,5102.45,5104.14
2026.03.13 05:00,5104.10,5110.91,5098.03,5102.51
2026.03.13 06:00,5102.81,5107.38,5085.55,5087.98
2026.03.13 07:00,5087.95,5094.03,5071.39,5085.35
2026.03.13 08:00,5085.33,5087.91,5061.36,5086.98
2026.03.13 09:00,5086.95,5096.76,5083.17,5089.26
2026.03.13 10:00,5089.32,5098.35,5079.71,5094.70
2026.03.13 11:00,5094.67,5107.06,5085.95,5106.95
2026.03.13 12:00,5106.81,5121.76,5104.39,5118.24
2026.03.13 13:00,5118.25,5121.00,5096.44,5102.05
2026.03.13 14:00,5102.08,5107.70,5035.89,5042.03
2026.03.13 15:00,5042.29,5071.29,5031.71,5035.03
2026.03.13 16:00,5035.16,5052.49,5018.97,5045.63
2026.03.13 17:00,5045.59,5063.49,5043.24,5046.35
2026.03.13 18:00,5046.30,5051.88,5035.93,5046.45
2026.03.13 19:00,5046.46,5049.55,5009.52,5015.76
2026.03.13 20:00,5016.30,5025.06,5011.94,5016.47
2026.03.15 23:00,5024.26,5026.12,4967.70,4997.15
2026.03.16 00:00,4997.20,5030.50,4996.36,5025.44
2026.03.16 01:00,5025.80,5026.20,4982.47,5015.98
2026.03.16 02:00,5015.88,5018.67,4997.30,5003.61
2026.03.16 03:00,5003.63,5020.48,4997.89,5018.84
2026.03.16 04:00,5018.86,5026.22,5012.30,5012.55
2026.03.16 05:00,5012.49,5020.08,5002.91,5017.39
2026.03.16 06:00,5017.33,5035.75,5005.27,5011.90
2026.03.16 07:00,5012.19,5016.49,4991.77,4995.35
2026.03.16 08:00,4994.87,5003.38,4984.88,4991.00
2026.03.16 09:00,4990.84,4991.54,4972.40,4975.30
2026.03.16 10:00,4975.19,4998.94,4969.82,4997.99
2026.03.16 11:00,4998.06,5022.40,4993.18,4996.93
2026.03.16 12:00,4996.94,5024.41,4994.10,5019.51
2026.03.16 13:00,5019.52,5033.95,5013.90,5029.29
2026.03.16 14:00,5029.30,5037.73,4988.45,4996.19
2026.03.16 15:00,4995.89,5005.26,4983.95,4986.99
2026.03.16 16:00,4987.06,4999.02,4974.01,4990.55
2026.03.16 17:00,4990.56,5003.61,4983.98,4991.13
2026.03.16 18:00,4991.20,5017.43,4989.64,5012.58
2026.03.16 19:00,5012.57,5020.15,5007.97,5012.99
2026.03.16 20:00,5012.89,5021.38,5004.52,5005.31
2026.03.16 21:00,5004.67,5004.67,5004.67,5004.67
2026.03.16 23:00,5002.24,5015.29,5002.01,5012.87
2026.03.17 00:00,5012.88,5014.34,4998.26,5002.86
2026.03.17 01:00,5002.70,5027.89,4994.71,5027.77
2026.03.17 02:00,5027.74,5029.35,5019.69,5022.25
2026.03.17 03:00,5022.24,5033.32,5020.23,5027.17
2026.03.17 04:00,5027.16,5041.58,5026.00,5037.66
2026.03.17 05:00,5037.64,5044.34,5019.80,5020.45
2026.03.17 06:00,5020.51,5022.74,5005.04,5010.23
2026.03.17 07:00,5010.19,5027.79,5008.77,5021.02
2026.03.17 08:00,5021.12,5029.24,5018.42,5024.56
2026.03.17 09:00,5024.57,5025.80,5009.53,5010.15
2026.03.17 10:00,5010.01,5016.01,4991.93,5000.18
2026.03.17 11:00,5000.09,5011.18,4996.98,5003.10
2026.03.17 12:00,5003.04,5023.86,4999.03,5011.65
2026.03.17 13:00,5011.63,5031.11,5005.38,5016.49
2026.03.17 14:00,5016.65,5020.10,5002.88,5007.67
2026.03.17 15:00,5007.64,5017.23,4973.70,4997.51
2026.03.17 16:00,4997.69,5005.32,4991.74,5001.84
2026.03.17 17:00,5001.63,5008.11,4996.72,5002.18
2026.03.17 18:00,5002.05,5009.01,4999.79,5003.76
2026.03.17 19:00,5003.71,5005.70,4996.63,5000.32
2026.03.17 20:00,5000.44,5006.66,5000.03,5005.50
2026.03.17 21:00,5005.52,5005.52,5005.52,5005.52
2026.03.17 23:00,4999.83,5003.29,4998.71,5002.55
2026.03.18 00:00,5002.53,5012.07,5000.03,5004.14
2026.03.18 01:00,5004.10,5015.76,4991.13,4998.54
2026.03.18 02:00,4998.54,5006.76,4990.29,4991.85
2026.03.18 03:00,4991.82,4997.29,4986.04,4991.15
2026.03.18 04:00,4991.14,4993.18,4981.64,4986.97
2026.03.18 05:00,4986.95,5002.37,4984.44,4997.21
2026.03.18 06:00,4997.22,5016.11,4996.16,5009.18
2026.03.18 07:00,5009.64,5014.55,4990.29,4994.81
2026.03.18 08:00,4994.86,4996.66,4977.41,4987.33
2026.03.18 09:00,4987.27,4995.36,4984.68,4991.92
2026.03.18 10:00,4991.93,4991.94,4958.77,4967.68
2026.03.18 11:00,4967.59,4973.63,4925.04,4929.99
2026.03.18 12:00,4930.04,4932.16,4870.55,4881.42
2026.03.18 13:00,4881.30,4885.04,4834.08,4878.23
2026.03.18 14:00,4878.07,4894.34,4856.37,4869.35
2026.03.18 15:00,4869.40,4879.73,4860.96,4862.22
2026.03.18 16:00,4862.24,4890.07,4860.82,4886.73
2026.03.18 17:00,4886.54,4898.79,4883.66,4890.52
2026.03.18 18:00,4890.92,4898.92,4852.18,4852.47
2026.03.18 19:00,4852.80,4864.96,4838.21,4842.96
2026.03.18 20:00,4842.44,4848.28,4806.76,4818.03
2026.03.18 23:00,4834.41,4842.30,4828.01,4836.45
2026.03.19 00:00,4836.44,4848.46,4835.12,4840.98
2026.03.19 01:00,4841.20,4866.64,4832.76,4849.74
2026.03.19 02:00,4849.75,4861.83,4841.46,4858.49
2026.03.19 03:00,4858.49,4865.82,4850.60,4850.65
2026.03.19 04:00,4850.61,4853.41,4845.51,4849.60
2026.03.19 05:00,4849.60,4853.66,4826.83,4827.28
2026.03.19 06:00,4827.31,4842.01,4747.65,4763.61
2026.03.19 07:00,4763.56,4784.06,4727.24,4727.67
2026.03.19 08:00,4728.02,4740.22,4686.66,4709.16
2026.03.19 09:00,4709.06,4725.64,4687.52,4698.60
2026.03.19 10:00,4698.57,4719.70,4666.40,4678.89
2026.03.19 11:00,4678.88,4699.54,4651.09,4652.45
2026.03.19 12:00,4651.74,4653.66,4531.31,4574.05
2026.03.19 13:00,4573.27,4620.62,4500.99,4620.04
2026.03.19 14:00,4620.98,4648.77,4580.97,4601.73
2026.03.19 15:00,4601.16,4638.40,4566.19,4596.17
2026.03.19 16:00,4596.16,4626.24,4576.61,4584.61
2026.03.19 17:00,4584.63,4629.51,4573.88,4615.86
2026.03.19 18:00,4615.16,4622.85,4596.09,4622.70
2026.03.19 19:00,4622.79,4662.98,4622.79,4643.31
2026.03.19 20:00,4642.89,4661.71,4642.89,4650.37
2026.03.19 23:00,4636.19,4647.52,4634.06,4643.35
2026.03.20 00:00,4642.71,4664.80,4642.05,4648.39
2026.03.20 01:00,4648.39,4699.07,4639.01,4677.08
2026.03.20 02:00,4677.19,4703.37,4670.12,4697.44
2026.03.20 03:00,4698.05,4735.52,4693.08,4725.54
2026.03.20 04:00,4725.54,4727.34,4715.36,4721.46
2026.03.20 05:00,4721.59,4723.32,4685.59,4688.31
2026.03.20 06:00,4688.22,4700.76,4661.15,4669.04
2026.03.20 07:00,4668.56,4707.64,4667.81,4706.07
2026.03.20 08:00,4706.09,4734.47,4684.55,4693.39
2026.03.20 09:00,4693.43,4700.15,4659.66,4667.30
2026.03.20 10:00,4667.14,4669.75,4638.02,4645.06
2026.03.20 11:00,4644.84,4673.93,4636.86,4671.29
2026.03.20 12:00,4671.35,4695.36,4661.74,4678.08
2026.03.20 13:00,4679.25,4679.25,4612.61,4616.38
2026.03.20 14:00,4616.20,4622.19,4547.98,4563.98
2026.03.20 15:00,4563.79,4579.97,4540.53,4553.29
2026.03.20 16:00,4553.29,4613.52,4551.89,4583.09
2026.03.20 17:00,4583.12,4600.05,4554.24,4573.29
2026.03.20 18:00,4573.38,4578.23,4477.18,4499.52
2026.03.20 19:00,4499.61,4516.17,4485.37,4500.70
2026.03.20 20:00,4501.08,4514.48,4489.91,4492.39
2026.03.22 23:00,4498.23,4509.98,4452.81,4464.58
2026.03.23 00:00,4464.57,4473.03,4319.95,4354.05
2026.03.23 01:00,4354.22,4453.69,4330.51,4387.23
2026.03.23 02:00,4387.31,4421.77,4354.62,4360.32
2026.03.23 03:00,4360.42,4377.74,4334.78,4352.61
2026.03.23 04:00,4352.63,4381.57,4349.92,4367.37
2026.03.23 05:00,4367.23,4379.89,4302.21,4310.19
2026.03.23 06:00,4310.11,4310.11,4163.37,4220.28
2026.03.23 07:00,4219.61,4231.92,4099.17,4203.89
2026.03.23 08:00,4205.35,4270.16,4203.35,4251.02
2026.03.23 09:00,4251.10,4308.11,4223.54,4253.42
2026.03.23 10:00,4254.18,4281.21,4241.05,4268.80
2026.03.23 11:00,4268.80,4462.63,4268.80,4378.61
2026.03.23 12:00,4379.00,4492.36,4336.89,4478.42
2026.03.23 13:00,4480.43,4485.12,4401.58,4453.80
2026.03.23 14:00,4454.64,4512.61,4453.46,4461.52
2026.03.23 15:00,4461.94,4486.62,4351.11,4363.81
2026.03.23 16:00,4363.62,4391.37,4352.61,4375.16
2026.03.23 17:00,4377.24,4438.74,4370.79,4426.16
2026.03.23 18:00,4426.64,4466.67,4402.36,4448.82
2026.03.23 19:00,4448.82,4450.36,4393.06,4398.28
2026.03.23 20:00,4396.17,4412.88,4382.83,4407.15
2026.03.23 23:00,4426.08,4448.08,4421.74,4440.93
2026.03.24 00:00,4440.75,4446.38,4331.39,4364.68
2026.03.24 01:00,4363.41,4373.92,4308.36,4321.89
2026.03.24 02:00,4322.31,4379.09,4305.60,4365.87
2026.03.24 03:00,4365.89,4367.92,4334.89,4346.95
2026.03.24 04:00,4347.04,4356.94,4326.02,4333.24
2026.03.24 05:00,4333.20,4373.93,4319.66,4347.20
2026.03.24 06:00,4347.30,4404.80,4342.84,4401.91
2026.03.24 07:00,4400.97,4432.08,4399.56,4417.20
2026.03.24 08:00,4415.77,4420.73,4391.06,4411.81
2026.03.24 09:00,4412.21,4430.80,4395.80,4426.21
2026.03.24 10:00,4426.86,4441.44,4414.54,4438.22
2026.03.24 11:00,4438.37,4441.75,4375.86,4407.80
2026.03.24 12:00,4408.11,4427.15,4360.73,4378.89
2026.03.24 13:00,4378.84,4389.65,4351.35,4381.35
2026.03.24 14:00,4380.71,4433.46,4380.65,4415.45
2026.03.24 15:00,4415.63,4430.56,4396.06,4411.66
2026.03.24 16:00,4411.52,4427.24,4402.65,4421.19
2026.03.24 17:00,4421.20,4426.28,4372.14,4388.29
2026.03.24 18:00,4388.32,4423.20,4383.86,4389.46
2026.03.24 19:00,4389.43,4411.20,4388.57,4400.05
2026.03.24 20:00,4399.54,4483.75,4397.30,4468.86
2026.03.24 23:00,4484.13,4551.48,4472.17,4546.58
2026.03.25 00:00,4546.39,4571.74,4537.27,4563.24
2026.03.25 01:00,4563.37,4600.76,4552.24,4594.62
2026.03.25 02:00,4594.74,4602.33,4579.90,4581.97
2026.03.25 03:00,4585.31,4585.96,4567.58,4568.83
2026.03.25 04:00,4567.88,4574.20,4565.56,4572.25
2026.03.25 05:00,4572.69,4573.12,4549.31,4555.45
2026.03.25 06:00,4555.47,4556.68,4532.97,4545.23
2026.03.25 07:00,4544.60,4563.02,4536.88,4539.18
2026.03.25 08:00,4539.41,4567.27,4535.70,4555.90
2026.03.25 09:00,4555.89,4567.30,4527.56,4551.51
2026.03.25 10:00,4552.02,4562.14,4550.94,4558.61
2026.03.25 11:00,4558.59,4585.46,4555.84,4578.65
2026.03.25 12:00,4579.33,4583.38,4521.48,4543.97
2026.03.25 13:00,4544.39,4576.48,4540.79,4544.40
2026.03.25 14:00,4544.85,4578.87,4533.02,4566.74
2026.03.25 15:00,4566.92,4568.44,4525.12,4558.82
2026.03.25 16:00,4558.77,4564.56,4545.08,4555.14
2026.03.25 17:00,4555.01,4563.75,4542.51,4550.62
2026.03.25 18:00,4550.50,4568.58,4530.78,4537.96
2026.03.25 19:00,4538.09,4539.34,4487.22,4530.42
2026.03.25 20:00,4530.49,4541.89,4494.69,4515.49
2026.03.25 23:00,4517.52,4517.92,4488.94,4498.03
2026.03.26 00:00,4497.99,4539.03,4497.99,4535.52
2026.03.26 01:00,4535.49,4543.74,4522.28,4535.35
2026.03.26 02:00,4535.37,4535.61,4505.59,4508.64
2026.03.26 03:00,4508.59,4518.57,4499.80,4516.43
2026.03.26 04:00,4516.90,4524.10,4511.38,4520.26
2026.03.26 05:00,4520.26,4522.03,4438.86,4438.92
2026.03.26 06:00,4438.94,4459.18,4415.72,4456.11
2026.03.26 07:00,4456.16,4463.56,4438.74,4452.47
2026.03.26 08:00,4451.19,4458.99,4412.44,4427.64
2026.03.26 09:00,4426.95,4436.72,4414.43,4423.40
2026.03.26 10:00,4423.44,4447.88,4416.89,4442.80
2026.03.26 11:00,4443.34,4456.13,4418.90,4422.98
2026.03.26 12:00,4422.81,4445.51,4416.47,4429.97
2026.03.26 13:00,4429.31,4460.34,4420.06,4452.62
2026.03.26 14:00,4452.59,4478.86,4437.17,4464.80
2026.03.26 15:00,4464.86,4468.80,4434.08,4438.08
2026.03.26 16:00,4438.08,4442.37,4366.96,4389.06
2026.03.26 17:00,4389.03,4402.37,4377.12,4381.27
2026.03.26 18:00,4380.71,4397.60,4367.52,4394.24
2026.03.26 19:00,4394.28,4399.13,4359.20,4363.95
2026.03.26 20:00,4361.07,4420.41,4350.91,4382.42
2026.03.26 23:00,4411.02,4414.21,4389.88,4404.88
2026.03.27 00:00,4404.86,4410.87,4375.35,4378.44
2026.03.27 01:00,4378.54,4420.13,4377.07,4417.10
2026.03.27 02:00,4417.16,4440.32,4417.06,4431.86
2026.03.27 03:00,4431.72,4446.04,4421.00,4437.37
2026.03.27 04:00,4437.37,4449.27,4431.27,4446.06
2026.03.27 05:00,4445.72,4474.79,4440.22,4454.29
2026.03.27 06:00,4453.78,4472.65,4451.53,4459.22
2026.03.27 07:00,4459.43,4462.65,4442.70,4447.40
2026.03.27 08:00,4446.81,4450.41,4423.46,4423.91
2026.03.27 09:00,4424.40,4438.05,4420.50,4428.64
2026.03.27 10:00,4428.64,4432.68,4410.90,4414.62
2026.03.27 11:00,4414.64,4425.94,4404.10,4419.86
2026.03.27 12:00,4419.85,4445.05,4412.52,4437.54
2026.03.27 13:00,4437.82,4443.57,4413.55,4431.98
2026.03.27 14:00,4430.94,4514.55,4430.72,4509.64
2026.03.27 15:00,4511.71,4555.24,4501.70,4523.88
2026.03.27 16:00,4523.91,4533.57,4505.41,4515.81
2026.03.27 17:00,4515.91,4521.38,4486.54,4486.76
2026.03.27 18:00,4486.73,4528.45,4486.70,4516.66
2026.03.27 19:00,4516.58,4526.08,4500.68,4514.26
2026.03.27 20:00,4514.76,4519.96,4491.16,4491.97
2026.03.29 23:00,4484.24,4492.41,4443.62,4448.44
2026.03.30 00:00,4450.53,4466.28,4418.72,4431.97
2026.03.30 01:00,4432.54,4475.69,4432.20,4469.56
2026.03.30 02:00,4469.12,4499.01,4458.81,4481.05
2026.03.30 03:00,4480.75,4517.16,4478.69,4495.88
2026.03.30 04:00,4495.89,4498.51,4486.25,4496.80
2026.03.30 05:00,4496.78,4528.36,4496.75,4522.23
2026.03.30 06:00,4522.23,4550.42,4516.87,4532.31
2026.03.30 07:00,4532.26,4534.42,4515.68,4527.14
2026.03.30 08:00,4527.09,4539.99,4524.96,4538.03
2026.03.30 09:00,4538.04,4540.28,4523.44,4532.14
2026.03.30 10:00,4533.15,4539.78,4527.57,4532.21
2026.03.30 11:00,4532.20,4580.57,4525.40,4559.37
2026.03.30 12:00,4559.35,4577.54,4545.34,4569.09
2026.03.30 13:00,4569.13,4578.45,4516.67,4523.04
2026.03.30 14:00,4523.38,4541.05,4512.41,4538.32
2026.03.30 15:00,4538.48,4556.55,4524.59,4547.97
2026.03.30 16:00,4548.11,4549.46,4532.39,4539.68
2026.03.30 17:00,4539.58,4541.91,4511.45,4514.83
2026.03.30 18:00,4514.79,4522.95,4498.12,4498.74
2026.03.30 19:00,4498.52,4518.12,4492.82,4513.28
2026.03.30 20:00,4513.61,4516.19,4500.84,4511.42
2026.03.30 23:00,4509.92,4520.78,4492.40,4513.42
2026.03.31 00:00,4513.46,4547.96,4482.50,4547.51
2026.03.31 01:00,4547.12,4619.14,4531.99,4604.82
2026.03.31 02:00,4604.99,4607.10,4565.57,4568.00
2026.03.31 03:00,4567.84,4576.78,4550.19,4556.94
2026.03.31 04:00,4556.96,4569.18,4556.95,4564.51
2026.03.31 05:00,4564.17,4581.38,4547.47,4568.60
2026.03.31 06:00,4568.61,4568.74,4553.13,4556.91
2026.03.31 07:00,4557.89,4565.51,4543.33,4564.24
2026.03.31 08:00,4564.30,4575.05,4560.31,4568.45
2026.03.31 09:00,4568.65,4572.00,4550.12,4555.38
2026.03.31 10:00,4555.27,4561.59,4529.39,4546.75
2026.03.31 11:00,4547.72,4593.05,4540.90,4582.15
2026.03.31 12:00,4582.84,4597.39,4569.07,4574.59
2026.03.31 13:00,4574.82,4609.56,4567.74,4607.20
2026.03.31 14:00,4607.76,4629.94,4594.92,4599.02
2026.03.31 15:00,4598.86,4625.11,4598.86,4609.25
2026.03.31 16:00,4609.25,4651.40,4606.93,4637.94
2026.03.31 17:00,4638.08,4667.08,4636.23,4654.88
2026.03.31 18:00,4654.31,4670.88,4653.50,4667.29
2026.03.31 19:00,4667.36,4685.37,4661.61,4682.77
2026.03.31 20:00,4683.95,4686.79,4664.59,4668.97
2026.03.31 23:00,4681.00,4699.42,4671.81,4696.17
2026.04.01 00:00,4694.97,4722.35,4693.32,4710.63
2026.04.01 01:00,4711.49,4723.84,4681.22,4692.47
2026.04.01 02:00,4692.54,4700.25,4677.95,4684.22
2026.04.01 03:00,4684.17,4693.95,4679.45,4681.66
2026.04.01 04:00,4681.65,4681.78,4666.87,4676.10
2026.04.01 05:00,4676.15,4703.20,4674.67,4684.02
2026.04.01 06:00,4684.04,4732.83,4682.48,4730.38
2026.04.01 07:00,4730.49,4747.46,4709.42,4712.80
2026.04.01 08:00,4712.79,4740.08,4710.24,4728.43
2026.04.01 09:00,4728.43,4729.96,4713.00,4722.99
2026.04.01 10:00,4722.98,4738.52,4715.13,4731.09
2026.04.01 11:00,4731.11,4762.82,4728.13,4752.56
2026.04.01 12:00,4752.18,4753.34,4724.18,4724.54
2026.04.01 13:00,4724.68,4749.29,4716.08,4737.94
2026.04.01 14:00,4733.29,4768.53,4724.18,4760.55
2026.04.01 15:00,4761.12,4787.88,4758.39,4786.25
2026.04.01 16:00,4785.93,4790.68,4774.11,4787.00
2026.04.01 17:00,4786.94,4792.52,4773.57,4774.16
2026.04.01 18:00,4774.17,4775.05,4741.89,4752.80
2026.04.01 19:00,4752.93,4778.02,4750.99,4765.63
2026.04.01 20:00,4768.14,4770.85,4754.29,4758.23
2026.04.01 23:00,4776.37,4800.16,4773.48,4783.88
2026.04.02 00:00,4783.91,4798.52,4774.98,4784.42
2026.04.02 01:00,4784.12,4785.72,4650.07,4696.47
2026.04.02 02:00,4695.67,4703.63,4656.15,4686.64
2026.04.02 03:00,4686.61,4699.15,4675.55,4675.97
2026.04.02 04:00,4676.04,4681.29,4657.27,4672.38
2026.04.02 05:00,4672.57,4680.27,4585.94,4593.95
2026.04.02 06:00,4594.48,4608.36,4553.95,4599.00
2026.04.02 07:00,4597.96,4650.73,4597.05,4642.42
2026.04.02 08:00,4642.43,4648.50,4617.55,4620.58
2026.04.02 09:00,4620.56,4631.64,4613.08,4621.53
2026.04.02 10:00,4621.75,4634.87,4603.73,4620.36
2026.04.02 11:00,4620.41,4630.40,4592.53,4599.88
2026.04.02 12:00,4601.14,4629.86,4594.39,4601.34
2026.04.02 13:00,4601.60,4651.02,4580.59,4646.07
2026.04.02 14:00,4646.46,4699.30,4631.75,4681.23
2026.04.02 15:00,4681.57,4683.83,4652.52,4660.85
2026.04.02 16:00,4660.84,4670.43,4642.81,4659.07
2026.04.02 17:00,4658.89,4668.12,4645.60,4648.53
2026.04.02 18:00,4648.59,4671.89,4647.31,4668.35
2026.04.02 19:00,4668.54,4681.63,4661.38,4671.84
2026.04.02 20:00,4672.42,4677.64,4664.26,4676.71
2026.04.05 23:00,4646.16,4651.00,4605.07,4610.59
2026.04.06 00:00,4610.66,4628.91,4600.70,4622.08
2026.04.06 01:00,4622.07,4642.94,4620.33,4625.85
2026.04.06 02:00,4625.98,4671.72,4623.38,4647.81
2026.04.06 03:00,4647.81,4647.81,4625.27,4640.31
2026.04.06 04:00,4640.30,4659.58,4639.78,4658.85
2026.04.06 05:00,4658.86,4678.51,4651.16,4652.35
2026.04.06 06:00,4652.36,4667.21,4643.29,4665.82
2026.04.06 07:00,4665.99,4688.06,4644.76,4684.54
2026.04.06 08:00,4684.23,4697.89,4681.27,4695.69
2026.04.06 09:00,4695.94,4706.22,4690.72,4693.43
2026.04.06 10:00,4693.39,4697.34,4684.87,4689.50
2026.04.06 11:00,4689.97,4696.48,4676.86,4677.77
2026.04.06 12:00,4677.71,4686.57,4659.72,4675.66
2026.04.06 13:00,4676.39,4681.61,4660.16,4679.67
2026.04.06 14:00,4681.68,4697.34,4660.23,4682.68
2026.04.06 15:00,4682.65,4683.75,4651.94,4667.87
2026.04.06 16:00,4668.05,4672.30,4657.79,4660.07
2026.04.06 17:00,4660.24,4660.79,4645.79,4653.25
2026.04.06 18:00,4653.44,4666.33,4648.71,4658.19
2026.04.06 19:00,4658.23,4659.22,4645.33,4655.10
2026.04.06 20:00,4656.75,4658.15,4647.81,4648.73
2026.04.06 23:00,4658.19,4660.91,4651.30,4658.64
2026.04.07 00:00,4658.02,4661.12,4648.97,4654.74
2026.04.07 01:00,4654.65,4664.33,4616.14,4626.69
2026.04.07 02:00,4626.68,4653.74,4619.49,4650.29
2026.04.07 03:00,4650.29,4653.85,4639.40,4649.44
2026.04.07 04:00,4649.42,4663.55,4645.39,4659.47
2026.04.07 05:00,4660.01,4661.18,4623.10,4642.68
2026.04.07 06:00,4642.57,4656.31,4637.74,4653.26
2026.04.07 07:00,4654.22,4656.75,4636.37,4645.87
2026.04.07 08:00,4646.01,4690.63,4644.07,4682.70
2026.04.07 09:00,4682.86,4694.15,4658.62,4670.75
2026.04.07 10:00,4670.75,4680.47,4649.10,4651.81
2026.04.07 11:00,4651.81,4663.90,4628.73,4659.56
2026.04.07 12:00,4660.12,4670.56,4646.99,4651.37
2026.04.07 13:00,4651.42,4662.94,4635.43,4643.89
2026.04.07 14:00,4643.72,4661.39,4607.47,4633.01
2026.04.07 15:00,4633.03,4659.12,4624.86,4655.33
2026.04.07 16:00,4655.39,4668.32,4652.39,4656.85
2026.04.07 17:00,4656.84,4686.18,4653.94,4675.68
2026.04.07 18:00,4675.51,4686.05,4657.28,4661.93
2026.04.07 19:00,4662.31,4717.95,4660.52,4700.78
2026.04.07 20:00,4700.49,4716.70,4697.17,4705.65
2026.04.07 23:00,4818.09,4835.98,4801.74,4833.28
2026.04.08 00:00,4832.98,4856.58,4808.61,4817.68
2026.04.08 01:00,4817.61,4825.03,4788.03,4810.04
2026.04.08 02:00,4810.50,4824.88,4798.57,4803.78
2026.04.08 03:00,4803.84,4805.65,4794.96,4797.32
2026.04.08 04:00,4797.44,4806.31,4790.02,4803.49
2026.04.08 05:00,4803.39,4843.35,4800.19,4827.33
2026.04.08 06:00,4827.26,4839.36,4819.91,4820.26
2026.04.08 07:00,4819.85,4820.89,4805.10,4813.27
2026.04.08 08:00,4813.24,4819.60,4790.34,4793.57
2026.04.08 09:00,4793.56,4806.41,4776.40,4782.89
2026.04.08 10:00,4783.01,4795.72,4771.05,4782.29
2026.04.08 11:00,4782.29,4802.49,4778.11,4798.05
2026.04.08 12:00,4798.21,4806.94,4768.97,4799.48
2026.04.08 13:00,4799.35,4806.40,4768.15,4777.90
2026.04.08 14:00,4776.87,4791.73,4732.28,4735.86
2026.04.08 15:00,4736.05,4762.87,4734.25,4756.22
2026.04.08 16:00,4755.98,4765.35,4745.16,4760.29
2026.04.08 17:00,4760.25,4764.19,4731.31,4733.65
2026.04.08 18:00,4734.39,4744.16,4703.34,4705.27
2026.04.08 19:00,4705.19,4731.55,4699.30,4730.51
2026.04.08 20:00,4730.70,4731.99,4717.02,4720.02
2026.04.08 23:00,4717.38,4719.73,4705.34,4715.54
2026.04.09 00:00,4715.41,4718.97,4698.75,4706.65
2026.04.09 01:00,4706.99,4728.08,4699.05,4727.16
2026.04.09 02:00,4727.18,4732.73,4717.47,4718.93
2026.04.09 03:00,4718.76,4720.01,4705.07,4711.34
2026.04.09 04:00,4711.40,4725.19,4709.57,4720.67
2026.04.09 05:00,4720.70,4726.34,4705.73,4713.02
2026.04.09 06:00,4712.94,4725.13,4703.42,4712.19
2026.04.09 07:00,4712.59,4731.15,4705.58,4724.23
2026.04.09 08:00,4724.97,4732.71,4719.67,4726.08
2026.04.09 09:00,4725.99,4732.88,4722.72,4729.01
2026.04.09 10:00,4729.01,4746.48,4723.49,4740.96
2026.04.09 11:00,4741.05,4756.92,4738.28,4756.38
2026.04.09 12:00,4756.70,4759.36,4734.86,4745.37
2026.04.09 13:00,4745.71,4776.88,4738.79,4764.30
2026.04.09 14:00,4764.21,4776.06,4747.16,4768.41
2026.04.09 15:00,4768.42,4797.83,4761.00,4792.61
2026.04.09 16:00,4792.92,4800.77,4784.32,4788.66
2026.04.09 17:00,4788.79,4800.90,4786.68,4797.64
2026.04.09 18:00,4797.68,4797.92,4767.80,4771.90
2026.04.09 19:00,4771.90,4782.41,4766.98,4768.44
2026.04.09 20:00,4769.21,4773.17,4760.90,4765.36
2026.04.09 23:00,4763.98,4764.05,4756.76,4763.51
2026.04.10 00:00,4763.10,4763.10,4750.54,4762.82
2026.04.10 01:00,4762.86,4776.90,4757.68,4764.34
2026.04.10 02:00,4764.48,4765.27,4737.93,4752.73
2026.04.10 03:00,4752.77,4769.33,4752.65,4766.38
2026.04.10 04:00,4766.42,4770.57,4757.71,4758.37
2026.04.10 05:00,4758.40,4768.95,4757.18,4765.65
2026.04.10 06:00,4765.66,4765.66,4742.65,4746.23
2026.04.10 07:00,4745.40,4757.26,4741.09,4749.33
2026.04.10 08:00,4749.45,4753.02,4730.72,4740.54
2026.04.10 09:00,4741.37,4760.46,4740.41,4751.36
2026.04.10 10:00,4751.36,4760.38,4742.28,4756.97
2026.04.10 11:00,4756.98,4768.51,4753.14,4767.93
2026.04.10 12:00,4768.18,4782.01,4759.59,4771.67
2026.04.10 13:00,4770.80,4779.88,4765.12,4774.86
2026.04.10 14:00,4776.69,4794.85,4767.27,4774.58
2026.04.10 15:00,4774.86,4787.21,4755.23,4762.23
2026.04.10 16:00,4762.08,4765.91,4747.36,4763.62
2026.04.10 17:00,4763.82,4768.39,4758.01,4760.03
2026.04.10 18:00,4760.31,4773.04,4750.82,4765.10
2026.04.10 19:00,4765.11,4770.25,4758.05,4759.40
2026.04.10 20:00,4759.59,4759.59,4740.48,4746.62
2026.04.12 23:00,4658.92,4671.36,4644.32,4671.32
2026.04.13 00:00,4671.22,4698.16,4664.53,4695.45
2026.04.13 01:00,4694.51,4727.81,4693.61,4721.04
2026.04.13 02:00,4721.04,4727.57,4711.05,4720.31
2026.04.13 03:00,4720.39,4723.68,4712.14,4717.95
2026.04.13 04:00,4717.94,4724.47,4708.48,4722.82
2026.04.13 05:00,4722.86,4730.46,4716.21,4729.19
2026.04.13 06:00,4729.16,4732.46,4720.63,4725.39
2026.04.13 07:00,4725.93,4739.77,4724.61,4733.48
2026.04.13 08:00,4733.52,4738.36,4720.14,4723.16
2026.04.13 09:00,4723.15,4728.30,4710.35,4714.42
2026.04.13 10:00,4714.64,4723.70,4708.31,4721.97
2026.04.13 11:00,4722.40,4728.90,4703.63,4706.42
2026.04.13 12:00,4706.63,4724.92,4703.50,4723.30
2026.04.13 13:00,4723.29,4744.23,4721.26,4730.34
2026.04.13 14:00,4730.02,4730.96,4708.65,4718.89
2026.04.13 15:00,4718.91,4719.57,4699.41,4714.40
2026.04.13 16:00,4714.35,4745.94,4709.18,4732.80
2026.04.13 17:00,4732.81,4749.82,4725.32,4729.80
2026.04.13 18:00,4729.93,4740.45,4723.24,4738.23
2026.04.13 19:00,4738.16,4747.24,4730.50,4741.39
2026.04.13 20:00,4740.59,4743.93,4738.03,4742.42
2026.04.13 23:00,4757.81,4765.41,4754.25,4757.42
2026.04.14 00:00,4757.88,4775.50,4751.39,4769.70
2026.04.14 01:00,4769.63,4776.74,4761.69,4764.73
2026.04.14 02:00,4764.48,4776.78,4761.95,4774.88
2026.04.14 03:00,4774.97,4775.40,4765.59,4767.58
2026.04.14 04:00,4767.93,4776.48,4766.74,4773.93
2026.04.14 05:00,4773.94,4774.11,4757.83,4759.75
2026.04.14 06:00,4759.94,4782.78,4759.84,4781.68
2026.04.14 07:00,4781.94,4795.40,4767.59,4777.05
2026.04.14 08:00,4776.72,4789.79,4774.18,4786.09
2026.04.14 09:00,4786.59,4789.07,4771.59,4777.81
2026.04.14 10:00,4778.07,4787.83,4753.11,4768.21
2026.04.14 11:00,4768.17,4782.76,4766.66,4774.78
2026.04.14 12:00,4774.87,4777.38,4762.13,4771.08
2026.04.14 13:00,4771.08,4802.95,4770.85,4794.43
2026.04.14 14:00,4795.19,4817.66,4792.91,4803.65
2026.04.14 15:00,4803.71,4815.98,4791.00,4807.92
2026.04.14 16:00,4807.83,4820.04,4804.93,4810.00
2026.04.14 17:00,4810.07,4841.26,4809.39,4834.95
2026.04.14 18:00,4835.02,4843.20,4830.80,4835.51
2026.04.14 19:00,4835.74,4846.02,4835.74,4844.82
2026.04.14 20:00,4845.12,4846.08,4839.47,4841.16
2026.04.14 23:00,4834.93,4843.85,4833.56,4837.03
2026.04.15 00:00,4837.07,4839.74,4827.16,4835.22
2026.04.15 01:00,4835.56,4871.25,4827.97,4846.89
2026.04.15 02:00,4846.68,4853.21,4820.49,4823.75
2026.04.15 03:00,4823.70,4829.37,4816.85,4823.83
2026.04.15 04:00,4823.81,4827.54,4820.33,4824.68
2026.04.15 05:00,4824.67,4830.34,4812.48,4819.58
2026.04.15 06:00,4819.62,4824.78,4811.02,4811.62
2026.04.15 07:00,4811.52,4816.69,4803.88,4810.96
2026.04.15 08:00,4811.18,4820.65,4804.34,4818.18
2026.04.15 09:00,4818.18,4819.23,4786.15,4797.93
2026.04.15 10:00,4797.94,4804.97,4790.13,4799.81
2026.04.15 11:00,4799.83,4814.63,4795.31,4812.41
2026.04.15 12:00,4812.42,4815.89,4806.79,4811.39
2026.04.15 13:00,4811.34,4829.92,4808.49,4828.68
2026.04.15 14:00,4828.90,4830.30,4813.45,4815.35
2026.04.15 15:00,4815.37,4815.94,4786.82,4801.36
2026.04.15 16:00,4801.37,4812.39,4799.97,4803.76
2026.04.15 17:00,4804.01,4808.43,4790.61,4792.34
2026.04.15 18:00,4792.31,4801.87,4790.06,4799.57
2026.04.15 19:00,4799.41,4803.09,4794.36,4795.43
2026.04.15 20:00,4796.23,4796.38,4787.67,4790.76
2026.04.15 23:00,4807.44,4826.48,4807.31,4823.22
2026.04.16 00:00,4823.22,4837.31,4820.58,4832.90
2026.04.16 01:00,4832.85,4836.00,4811.06,4817.72
2026.04.16 02:00,4817.80,4824.73,4812.28,4819.50
2026.04.16 03:00,4819.25,4826.89,4818.63,4823.96
2026.04.16 04:00,4823.88,4833.24,4822.58,4832.89
2026.04.16 05:00,4832.92,4838.17,4820.88,4821.06
2026.04.16 06:00,4821.07,4830.18,4814.33,4825.83
2026.04.16 07:00,4826.21,4830.71,4816.98,4820.77
2026.04.16 08:00,4821.39,4821.49,4806.48,4813.59
2026.04.16 09:00,4813.55,4817.77,4806.73,4812.62
2026.04.16 10:00,4812.61,4817.03,4804.96,4817.02
2026.04.16 11:00,4817.02,4822.24,4815.37,4821.95
2026.04.16 12:00,4821.92,4822.81,4811.39,4815.99
2026.04.16 13:00,4815.99,4823.57,4784.88,4795.23
2026.04.16 14:00,4794.28,4805.13,4772.90,4788.53
2026.04.16 15:00,4788.55,4812.72,4788.15,4806.77
2026.04.16 16:00,4807.14,4809.74,4785.01,4791.83
2026.04.16 17:00,4791.79,4795.15,4781.13,4789.02
2026.04.16 18:00,4789.06,4793.98,4785.62,4789.42
2026.04.16 19:00,4789.68,4798.37,4789.37,4793.17
2026.04.16 20:00,4792.88,4793.61,4786.20,4789.32
2026.04.16 23:00,4794.50,4797.60,4791.48,4791.88
2026.04.17 00:00,4791.49,4800.87,4785.65,4794.64
2026.04.17 01:00,4794.71,4795.11,4767.45,4789.31
2026.04.17 02:00,4789.30,4794.43,4784.22,4784.40
2026.04.17 03:00,4784.34,4797.78,4784.34,4793.07
2026.04.17 04:00,4792.97,4804.26,4792.46,4802.95
2026.04.17 05:00,4802.77,4806.02,4793.56,4794.01
2026.04.17 06:00,4794.00,4795.07,4779.11,4784.84
2026.04.17 07:00,4784.94,4794.49,4778.62,4784.15
2026.04.17 08:00,4784.12,4796.68,4780.69,4795.74
2026.04.17 09:00,4795.74,4800.72,4789.76,4790.14
2026.04.17 10:00,4790.34,4793.79,4782.17,4787.12
2026.04.17 11:00,4787.39,4811.52,4783.39,4798.96
2026.04.17 12:00,4799.83,4847.40,4797.47,4846.25
2026.04.17 13:00,4846.65,4891.43,4834.91,4880.12
2026.04.17 14:00,4880.71,4885.34,4860.67,4872.98
2026.04.17 15:00,4872.90,4880.21,4855.02,4867.21
2026.04.17 16:00,4867.24,4873.15,4863.43,4866.81
2026.04.17 17:00,4866.81,4869.31,4853.87,4862.40
2026.04.17 18:00,4862.75,4867.83,4855.74,4857.96
2026.04.17 19:00,4857.98,4860.99,4852.53,4854.35
2026.04.17 20:00,4852.59,4854.91,4825.49,4832.86
2026.04.19 23:00,4779.14,4779.28,4736.91,4754.85
2026.04.20 00:00,4755.01,4774.13,4744.82,4772.56
2026.04.20 01:00,4772.09,4814.14,4771.40,4807.59
2026.04.20 02:00,4807.66,4808.79,4792.91,4797.02
2026.04.20 03:00,4796.98,4798.05,4788.58,4790.70
2026.04.20 04:00,4791.04,4795.52,4787.09,4788.70
2026.04.20 05:00,4788.75,4795.81,4779.72,4790.66
2026.04.20 06:00,4790.78,4795.24,4783.62,4795.19
2026.04.20 07:00,4795.20,4805.57,4786.76,4789.51
2026.04.20 08:00,4789.18,4796.03,4785.95,4796.03
2026.04.20 09:00,4795.95,4797.73,4783.27,4791.37
2026.04.20 10:00,4791.37,4800.57,4789.68,4795.62
2026.04.20 11:00,4795.87,4810.59,4786.36,4810.29
2026.04.20 12:00,4810.32,4822.07,4799.07,4803.23
2026.04.20 13:00,4803.43,4826.10,4799.41,4817.68
2026.04.20 14:00,4817.91,4827.33,4792.27,4805.14
2026.04.20 15:00,4805.51,4809.16,4792.66,4799.47
2026.04.20 16:00,4799.76,4806.17,4792.63,4805.34
2026.04.20 17:00,4805.45,4811.86,4803.61,4806.45
2026.04.20 18:00,4806.58,4816.29,4806.58,4813.93
2026.04.20 19:00,4813.86,4821.17,4810.23,4813.99
2026.04.20 20:00,4814.02,4821.72,4812.08,4820.26
2026.04.20 23:00,4827.28,4831.61,4819.67,4821.63
2026.04.21 00:00,4821.63,4830.45,4816.66,4823.54
2026.04.21 01:00,4823.81,4824.45,4805.67,4810.04
2026.04.21 02:00,4810.10,4810.40,4802.41,4806.61
2026.04.21 03:00,4806.64,4807.43,4792.42,4796.91
2026.04.21 04:00,4796.91,4797.59,4788.51,4788.84
2026.04.21 05:00,4789.14,4796.68,4783.03,4783.86
2026.04.21 06:00,4783.86,4790.43,4774.47,4778.52
2026.04.21 07:00,4777.82,4792.39,4772.54,4785.68
2026.04.21 08:00,4785.87,4792.61,4774.68,4785.76
2026.04.21 09:00,4785.99,4789.30,4781.02,4783.52
2026.04.21 10:00,4783.64,4790.17,4780.66,4789.55
2026.04.21 11:00,4789.66,4797.63,4775.62,4794.40
2026.04.21 12:00,4794.75,4796.81,4766.44,4778.58
2026.04.21 13:00,4779.09,4794.12,4760.72,4778.85
2026.04.21 14:00,4778.86,4782.35,4723.40,4738.85
2026.04.21 15:00,4738.76,4757.38,4727.77,4741.36
2026.04.21 16:00,4741.31,4746.39,4708.19,4710.77
2026.04.21 17:00,4710.87,4721.66,4696.91,4711.00
2026.04.21 18:00,4710.91,4714.62,4692.36,4709.06
2026.04.21 19:00,4709.67,4714.91,4668.36,4679.22
2026.04.21 20:00,4677.75,4720.61,4668.85,4719.75
2026.04.21 23:00,4719.26,4740.36,4717.91,4737.79
2026.04.22 00:00,4737.95,4747.08,4737.95,4739.76
2026.04.22 01:00,4739.67,4754.42,4735.76,4751.98
2026.04.22 02:00,4751.98,4758.50,4750.00,4755.51
2026.04.22 03:00,4755.51,4764.78,4752.84,4757.95
2026.04.22 04:00,4758.04,4759.42,4752.03,4754.44
2026.04.22 05:00,4754.44,4771.75,4751.98,4767.46
2026.04.22 06:00,4767.48,4767.58,4757.31,4767.34
2026.04.22 07:00,4767.47,4772.06,4759.43,4760.36
2026.04.22 08:00,4760.58,4762.03,4751.75,4756.86
2026.04.22 09:00,4756.66,4762.24,4752.30,4755.00
2026.04.22 10:00,4754.95,4759.88,4745.62,4759.01
2026.04.22 11:00,4759.21,4760.55,4747.70,4750.19
2026.04.22 12:00,4750.18,4759.47,4742.65,4744.03
2026.04.22 13:00,4744.06,4760.57,4736.22,4752.72
2026.04.22 14:00,4752.43,4757.14,4729.77,4735.63
2026.04.22 15:00,4735.70,4739.94,4724.79,4727.42
2026.04.22 16:00,4727.42,4734.65,4723.81,4728.41
2026.04.22 17:00,4728.58,4739.31,4728.35,4736.96
2026.04.22 18:00,4737.03,4749.17,4729.61,4741.50
2026.04.22 19:00,4741.54,4745.14,4736.70,4740.25
2026.04.22 20:00,4739.29,4740.48,4734.17,4739.01
2026.04.22 23:00,4725.83,4729.71,4723.43,4727.58
2026.04.23 00:00,4727.75,4753.37,4694.01,4747.90
2026.04.23 01:00,4747.53,4749.64,4722.25,4723.04
2026.04.23 02:00,4723.03,4724.51,4697.89,4698.70
2026.04.23 03:00,4698.77,4708.46,4697.96,4703.63
2026.04.23 04:00,4703.63,4706.81,4698.53,4704.17
2026.04.23 05:00,4704.17,4714.91,4692.50,4713.31
2026.04.23 06:00,4713.40,4720.96,4708.34,4712.76
2026.04.23 07:00,4712.71,4720.33,4702.85,4718.89
2026.04.23 08:00,4718.82,4724.56,4701.77,4703.09
2026.04.23 09:00,4703.00,4703.43,4694.47,4697.32
2026.04.23 10:00,4696.92,4701.44,4684.06,4696.39
2026.04.23 11:00,4696.88,4720.74,4695.41,4720.41
2026.04.23 12:00,4720.46,4742.96,4719.40,4740.00
2026.04.23 13:00,4740.25,4741.01,4723.89,4724.20
2026.04.23 14:00,4724.18,4736.35,4716.81,4733.40
2026.04.23 15:00,4733.30,4740.83,4716.19,4720.27
2026.04.23 16:00,4720.32,4736.93,4715.48,4732.77
2026.04.23 17:00,4732.82,4734.27,4664.00,4709.10
2026.04.23 18:00,4709.77,4720.82,4699.28,4700.85
2026.04.23 19:00,4701.02,4704.25,4689.32,4696.03
2026.04.23 20:00,4694.75,4697.96,4686.28,4692.58
2026.04.23 23:00,4692.95,4700.55,4686.91,4695.15
2026.04.24 00:00,4695.16,4707.64,4690.75,4704.29
2026.04.24 01:00,4704.30,4710.81,4690.12,4699.13
2026.04.24 02:00,4699.31,4700.41,4672.99,4676.52
2026.04.24 03:00,4676.58,4678.11,4668.55,4671.93
2026.04.24 04:00,4671.93,4676.58,4657.86,4674.29
2026.04.24 05:00,4674.26,4687.08,4669.45,4686.16
2026.04.24 06:00,4686.54,4687.60,4666.54,4671.74
2026.04.24 07:00,4671.62,4695.02,4670.76,4694.26
2026.04.24 08:00,4693.65,4697.16,4684.82,4690.55
2026.04.24 09:00,4690.62,4696.46,4679.16,4681.85
2026.04.24 10:00,4681.81,4686.00,4674.45,4677.64
2026.04.24 11:00,4678.04,4717.10,4677.67,4706.65
2026.04.24 12:00,4706.65,4711.60,4690.17,4700.54
2026.04.24 13:00,4701.01,4717.17,4689.59,4710.88
2026.04.24 14:00,4711.23,4740.16,4706.76,4726.19
2026.04.24 15:00,4726.24,4733.15,4714.93,4727.04
2026.04.24 16:00,4726.54,4729.51,4718.95,4726.63
2026.04.24 17:00,4726.79,4729.83,4718.91,4723.22
2026.04.24 18:00,4723.25,4724.66,4716.72,4722.52
2026.04.24 19:00,4722.56,4725.89,4713.47,4716.84
2026.04.24 20:00,4716.56,4716.56,4705.15,4708.18
2026.04.26 23:00,4683.91,4684.67,4674.94,4679.80
2026.04.27 00:00,4679.77,4697.96,4672.01,4697.64
2026.04.27 01:00,4697.63,4709.46,4690.76,4702.43
2026.04.27 02:00,4702.43,4723.16,4695.99,4717.97
2026.04.27 03:00,4717.85,4729.14,4714.24,4723.94
2026.04.27 04:00,4723.87,4729.79,4722.52,4724.82
2026.04.27 05:00,4724.92,4725.25,4708.62,4709.87
2026.04.27 06:00,4709.76,4715.40,4709.06,4712.58
2026.04.27 07:00,4712.30,4718.03,4709.75,4713.09
2026.04.27 08:00,4713.09,4714.48,4705.13,4706.57
2026.04.27 09:00,4706.65,4708.03,4699.34,4703.39
2026.04.27 10:00,4703.36,4710.56,4699.33,4708.60
2026.04.27 11:00,4708.60,4708.82,4699.94,4704.58
2026.04.27 12:00,4704.59,4712.36,4696.84,4698.99
2026.04.27 13:00,4699.53,4703.17,4688.96,4695.93
2026.04.27 14:00,4695.72,4696.47,4676.38,4678.03
2026.04.27 15:00,4677.92,4682.27,4666.99,4669.81
2026.04.27 16:00,4669.80,4679.13,4667.15,4676.43
2026.04.27 17:00,4676.44,4685.93,4668.07,4681.95
2026.04.27 18:00,4681.95,4685.28,4678.75,4680.48
2026.04.27 19:00,4680.48,4682.42,4676.50,4680.30
2026.04.27 20:00,4680.46,4682.29,4677.32,4682.12
2026.04.27 23:00,4687.68,4694.83,4687.11,4691.77
2026.04.28 00:00,4691.77,4701.02,4690.45,4690.62
2026.04.28 01:00,4690.61,4691.39,4669.50,4670.62
2026.04.28 02:00,4670.61,4679.69,4666.60,4669.07
2026.04.28 03:00,4669.10,4675.71,4668.49,4670.93
2026.04.28 04:00,4670.85,4671.24,4666.60,4667.67
2026.04.28 05:00,4667.67,4667.98,4623.71,4631.90
2026.04.28 06:00,4631.74,4642.56,4623.22,4628.84
2026.04.28 07:00,4628.72,4639.12,4620.40,4632.90
2026.04.28 08:00,4632.89,4635.06,4614.50,4629.45
2026.04.28 09:00,4629.39,4629.80,4604.45,4604.57
2026.04.28 10:00,4604.52,4616.23,4603.34,4603.43
2026.04.28 11:00,4604.46,4608.53,4555.40,4562.39
2026.04.28 12:00,4563.33,4599.81,4554.75,4593.54
2026.04.28 13:00,4593.27,4594.26,4570.67,4580.15
2026.04.28 14:00,4580.15,4580.43,4557.05,4574.33
2026.04.28 15:00,4574.26,4586.29,4566.85,4586.29
2026.04.28 16:00,4586.64,4594.64,4577.70,4592.10
2026.04.28 17:00,4592.14,4601.26,4587.09,4594.50
2026.04.28 18:00,4594.58,4600.34,4591.93,4594.06
2026.04.28 19:00,4594.13,4599.88,4593.18,4595.49
2026.04.28 20:00,4595.00,4598.51,4591.01,4595.19
2026.04.28 23:00,4593.92,4595.91,4587.72,4595.45
2026.04.29 00:00,4595.03,4610.09,4595.03,4600.06
2026.04.29 01:00,4600.07,4600.22,4575.48,4584.64
2026.04.29 02:00,4584.66,4603.94,4584.66,4593.29
2026.04.29 03:00,4593.40,4603.08,4591.97,4595.17
2026.04.29 04:00,4595.34,4605.36,4595.07,4604.58
2026.04.29 05:00,4604.56,4607.42,4590.55,4590.71
2026.04.29 06:00,4590.71,4598.40,4580.75,4584.30
2026.04.29 07:00,4584.81,4588.65,4567.14,4567.60
2026.04.29 08:00,4568.87,4576.50,4557.08,4572.95
2026.04.29 09:00,4572.96,4580.57,4551.39,4555.63
2026.04.29 10:00,4555.20,4576.36,4554.95,4569.68
2026.04.29 11:00,4569.99,4571.65,4559.07,4561.51
2026.04.29 12:00,4561.47,4568.78,4541.72,4544.69
2026.04.29 13:00,4545.56,4553.02,4510.05,4521.58
2026.04.29 14:00,4521.59,4542.75,4517.66,4539.15
2026.04.29 15:00,4538.97,4558.68,4536.02,4547.34
2026.04.29 16:00,4547.46,4564.63,4543.21,4545.23
2026.04.29 17:00,4545.23,4554.23,4541.41,4547.00
2026.04.29 18:00,4547.34,4552.82,4518.09,4537.89
2026.04.29 19:00,4538.63,4550.50,4533.11,4546.53
2026.04.29 20:00,4546.33,4553.26,4541.11,4543.70
2026.04.29 23:00,4551.93,4561.74,4549.47,4561.51
2026.04.30 00:00,4561.58,4573.89,4556.28,4569.78
2026.04.30 01:00,4569.67,4582.18,4564.69,4578.94
2026.04.30 02:00,4578.79,4581.66,4559.63,4564.68
2026.04.30 03:00,4564.53,4568.83,4555.55,4555.91
2026.04.30 04:00,4555.79,4556.73,4540.69,4541.96
2026.04.30 05:00,4541.96,4569.46,4541.94,4562.36
2026.04.30 06:00,4562.36,4591.26,4559.97,4589.38
2026.04.30 07:00,4589.70,4605.12,4584.74,4598.30
2026.04.30 08:00,4598.34,4629.52,4597.16,4616.21
2026.04.30 09:00,4616.35,4631.54,4614.04,4624.99
2026.04.30 10:00,4624.99,4646.51,4623.54,4639.56
2026.04.30 11:00,4640.47,4644.98,4626.51,4629.97
2026.04.30 12:00,4629.97,4639.90,4624.50,4639.39
2026.04.30 13:00,4639.38,4645.42,4610.63,4610.79
2026.04.30 14:00,4610.83,4625.71,4609.44,4619.56
2026.04.30 15:00,4619.62,4625.11,4611.20,4615.15
2026.04.30 16:00,4615.12,4617.56,4605.24,4607.40
2026.04.30 17:00,4607.43,4621.31,4607.43,4616.62
2026.04.30 18:00,4616.85,4625.01,4616.59,4622.27
2026.04.30 19:00,4622.26,4627.07,4614.39,4616.62
2026.04.30 20:00,4617.87,4622.35,4615.32,4622.35
2026.04.30 23:00,4630.19,4633.85,4626.22,4626.32
2026.05.01 00:00,4626.30,4630.86,4618.30,4619.53
2026.05.01 01:00,4619.12,4622.07,4613.72,4620.70
2026.05.01 02:00,4620.60,4635.79,4616.29,4618.89
2026.05.01 03:00,4618.74,4631.82,4617.58,4626.49
2026.05.01 04:00,4626.49,4628.48,4608.99,4608.99
2026.05.01 05:00,4608.98,4615.98,4602.75,4604.71
2026.05.01 06:00,4604.84,4607.61,4590.63,4594.65
2026.05.01 07:00,4594.49,4597.86,4575.51,4577.97
2026.05.01 08:00,4579.21,4582.33,4564.91,4568.50
2026.05.01 09:00,4569.03,4572.80,4560.16,4562.45
2026.05.01 10:00,4562.47,4575.82,4561.16,4566.57
2026.05.01 11:00,4566.54,4579.32,4562.28,4578.47
2026.05.01 12:00,4578.16,4607.43,4574.69,4590.92
2026.05.01 13:00,4590.98,4628.61,4586.34,4625.47
2026.05.01 14:00,4626.42,4659.92,4625.78,4631.81
2026.05.01 15:00,4632.57,4647.70,4618.86,4643.00
2026.05.01 16:00,4642.42,4649.79,4633.76,4638.70
2026.05.01 17:00,4638.60,4642.50,4626.65,4629.32
2026.05.01 18:00,4629.29,4630.47,4613.56,4624.06
2026.05.01 19:00,4624.71,4627.45,4608.65,4609.86
2026.05.01 20:00,4610.08,4617.11,4606.73,4614.02
2026.05.03 23:00,4618.63,4620.56,4611.14,4613.71
2026.05.04 00:00,4613.58,4616.24,4601.79,4612.83
2026.05.04 01:00,4612.82,4613.77,4592.57,4612.82
2026.05.04 02:00,4612.85,4618.27,4590.94,4605.55
2026.05.04 03:00,4605.58,4616.83,4598.30,4614.81
2026.05.04 04:00,4614.82,4615.13,4604.93,4605.71
2026.05.04 05:00,4605.69,4612.88,4592.10,4598.82
2026.05.04 06:00,4598.72,4600.51,4583.48,4588.26
2026.05.04 07:00,4588.19,4593.06,4577.88,4578.72
2026.05.04 08:00,4578.64,4581.05,4573.52,4576.78
2026.05.04 09:00,4576.60,4584.24,4572.29,4575.12
2026.05.04 10:00,4575.08,4575.48,4525.79,4562.45
2026.05.04 11:00,4563.30,4570.50,4551.28,4559.66
2026.05.04 12:00,4560.05,4579.09,4559.09,4568.46
2026.05.04 13:00,4568.13,4575.25,4555.44,4563.77
2026.05.04 14:00,4563.79,4582.98,4553.36,4561.28
2026.05.04 15:00,4561.34,4565.82,4514.16,4521.34
2026.05.04 16:00,4521.26,4526.66,4500.65,4510.40
2026.05.04 17:00,4510.40,4531.33,4510.40,4521.99
2026.05.04 18:00,4522.15,4525.02,4509.75,4516.01
2026.05.04 19:00,4516.11,4526.92,4511.11,4517.21
2026.05.04 20:00,4516.68,4523.77,4511.58,4522.22
2026.05.04 23:00,4517.15,4521.29,4515.98,4518.72
2026.05.05 00:00,4519.14,4530.15,4513.40,4529.87
2026.05.05 01:00,4529.52,4542.05,4525.26,4540.72
2026.05.05 02:00,4540.78,4546.39,4534.70,4538.86
2026.05.05 03:00,4538.58,4542.45,4532.31,4534.40
2026.05.05 04:00,4534.40,4536.37,4527.81,4533.42
2026.05.05 05:00,4533.39,4551.42,4531.27,4545.43
2026.05.05 06:00,4545.58,4551.86,4533.58,4547.85
2026.05.05 07:00,4547.85,4557.98,4543.10,4545.29
2026.05.05 08:00,4545.32,4559.40,4545.30,4558.22
2026.05.05 09:00,4558.59,4560.19,4550.90,4556.03
2026.05.05 10:00,4556.05,4556.65,4540.02,4543.56
2026.05.05 11:00,4543.44,4564.66,4539.72,4562.56
2026.05.05 12:00,4562.57,4574.45,4554.09,4567.09
2026.05.05 13:00,4576.68,4582.89,4572.49,4579.18
2026.05.05 14:00,4579.17,4586.31,4565.78,4582.17
2026.05.05 15:00,4582.19,4583.62,4568.22,4568.36
2026.05.05 16:00,4568.32,4568.76,4553.53,4561.05
2026.05.05 17:00,4561.05,4562.55,4553.09,4559.66
2026.05.05 18:00,4559.66,4565.51,4557.43,4560.81
2026.05.05 19:00,4560.98,4561.22,4551.35,4554.78
2026.05.05 20:00,4554.56,4559.78,4553.80,4556.53
2026.05.05 23:00,4573.23,4595.48,4569.25,4593.83
2026.05.06 00:00,4594.41,4619.46,4588.03,4618.53
2026.05.06 01:00,4618.24,4628.27,4609.34,4625.84
2026.05.06 02:00,4625.54,4641.60,4625.12,4640.40
2026.05.06 03:00,4640.42,4651.60,4638.39,4643.65
2026.05.06 04:00,4643.52,4653.41,4642.89,4648.78
2026.05.06 05:00,4648.79,4663.58,4644.41,4662.80
2026.05.06 06:00,4662.78,4669.17,4657.04,4669.00
2026.05.06 07:00,4669.04,4681.51,4657.21,4681.38
2026.05.06 08:00,4681.04,4702.31,4671.45,4700.00
2026.05.06 09:00,4700.26,4708.24,4688.94,4701.66
2026.05.06 10:00,4701.73,4722.50,4695.47,4717.86
2026.05.06 11:00,4717.45,4721.09,4690.75,4691.95
2026.05.06 12:00,4691.85,4692.74,4660.42,4683.10
2026.05.06 13:00,4682.64,4707.37,4668.90,4701.92
2026.05.06 14:00,4701.74,4717.22,4697.75,4702.84
2026.05.06 15:00,4702.78,4705.53,4687.73,4687.90
2026.05.06 16:00,4687.55,4691.83,4678.84,4682.94
2026.05.06 17:00,4682.86,4687.83,4678.72,4683.82
2026.05.06 18:00,4683.85,4690.21,4681.76,4685.87
2026.05.06 19:00,4685.84,4700.01,4685.84,4692.27
2026.05.06 20:00,4692.78,4699.40,4685.04,4690.90
2026.05.06 23:00,4694.64,4699.31,4690.01,4698.76
2026.05.07 00:00,4698.76,4700.92,4685.30,4688.36
2026.05.07 01:00,4688.46,4720.88,4684.98,4714.50
2026.05.07 02:00,4714.48,4718.23,4699.81,4707.11
2026.05.07 03:00,4706.88,4709.61,4698.78,4698.91
2026.05.07 04:00,4698.78,4700.51,4692.11,4696.17
2026.05.07 05:00,4696.07,4706.30,4694.48,4700.81
2026.05.07 06:00,4700.88,4749.75,4700.81,4738.89
2026.05.07 07:00,4738.32,4750.39,4731.47,4742.91
2026.05.07 08:00,4742.91,4753.19,4730.72,4730.80
2026.05.07 09:00,4730.89,4739.24,4721.74,4728.86
2026.05.07 10:00,4728.25,4739.65,4726.40,4735.44
2026.05.07 11:00,4736.04,4743.40,4727.10,4742.56
2026.05.07 12:00,4742.74,4752.41,4733.16,4749.88
2026.05.07 13:00,4749.91,4757.96,4731.11,4746.19
2026.05.07 14:00,4745.71,4763.17,4741.09,4762.56
2026.05.07 15:00,4762.56,4764.52,4726.20,4729.04
2026.05.07 16:00,4729.16,4729.50,4704.32,4714.82
2026.05.07 17:00,4714.80,4719.29,4687.79,4711.34
2026.05.07 18:00,4711.50,4715.72,4695.19,4709.47
2026.05.07 19:00,4709.47,4712.67,4697.65,4702.93
2026.05.07 20:00,4702.89,4719.01,4684.63,4685.36
2026.05.07 23:00,4685.42,4705.30,4684.38,4704.18
2026.05.08 00:00,4704.03,4709.23,4693.85,4701.19
2026.05.08 01:00,4700.98,4725.15,4700.51,4722.62
2026.05.08 02:00,4722.66,4732.50,4706.82,4713.17
2026.05.08 03:00,4713.08,4730.92,4710.86,4719.43
2026.05.08 04:00,4719.54,4723.09,4708.87,4710.83
2026.05.08 05:00,4710.94,4731.09,4709.44,4727.31
2026.05.08 06:00,4727.60,4734.29,4712.47,4725.47
2026.05.08 07:00,4725.33,4726.10,4696.89,4707.75
2026.05.08 08:00,4707.74,4723.22,4706.52,4715.56
2026.05.08 09:00,4715.54,4722.56,4707.33,4711.67
2026.05.08 10:00,4711.42,4727.55,4711.09,4719.74
2026.05.08 11:00,4719.56,4727.12,4713.46,4717.50
2026.05.08 12:00,4717.85,4731.85,4702.66,4724.20
2026.05.08 13:00,4723.68,4747.77,4716.51,4747.75
2026.05.08 14:00,4747.68,4749.09,4713.12,4715.73
2026.05.08 15:00,4715.64,4720.65,4701.84,4706.82
2026.05.08 16:00,4706.84,4720.01,4705.21,4712.21
2026.05.08 17:00,4712.10,4722.49,4712.00,4720.67
2026.05.08 18:00,4720.79,4728.76,4719.78,4721.71
2026.05.08 19:00,4721.71,4726.53,4720.77,4723.87
2026.05.08 20:00,4723.79,4723.86,4714.26,4714.77
2026.05.10 23:00,4691.42,4698.28,4688.62,4691.57
2026.05.11 00:00,4691.38,4693.06,4670.07,4683.34
2026.05.11 01:00,4683.32,4705.25,4674.49,4685.45
2026.05.11 02:00,4685.43,4699.91,4676.38,4681.46
2026.05.11 03:00,4681.34,4690.17,4675.18,4678.37
2026.05.11 04:00,4678.97,4679.69,4668.30,4671.80
2026.05.11 05:00,4671.80,4680.34,4647.90,4652.06
2026.05.11 06:00,4651.88,4680.17,4649.09,4678.17
2026.05.11 07:00,4678.24,4680.07,4664.16,4667.52
2026.05.11 08:00,4667.55,4678.51,4664.00,4667.32
2026.05.11 09:00,4667.34,4669.72,4650.36,4656.51
2026.05.11 10:00,4656.38,4667.25,4656.27,4663.58
2026.05.11 11:00,4664.24,4677.09,4664.20,4674.27
2026.05.11 12:00,4674.61,4700.71,4667.20,4699.68
2026.05.11 13:00,4699.74,4748.22,4698.68,4735.72
2026.05.11 14:00,4735.80,4738.19,4715.05,4725.41
2026.05.11 15:00,4725.37,4738.03,4722.72,4731.98
2026.05.11 16:00,4732.13,4733.21,4707.99,4716.27
2026.05.11 17:00,4716.23,4724.47,4715.69,4723.49
2026.05.11 18:00,4723.48,4729.13,4720.99,4724.71
2026.05.11 19:00,4724.78,4736.00,4722.24,4733.46
2026.05.11 20:00,4734.82,4738.28,4729.79,4735.37
2026.05.11 23:00,4751.86,4769.46,4745.99,4767.20
2026.05.12 00:00,4767.19,4773.21,4748.59,4749.10
2026.05.12 01:00,4748.08,4755.27,4720.18,4727.04
2026.05.12 02:00,4727.04,4733.68,4722.13,4729.79
2026.05.12 03:00,4729.82,4732.95,4717.92,4719.97
2026.05.12 04:00,4719.95,4730.15,4711.07,4713.94
2026.05.12 05:00,4713.76,4721.79,4708.55,4714.10
2026.05.12 06:00,4714.07,4714.09,4694.35,4697.05
2026.05.12 07:00,4697.01,4703.62,4687.29,4699.61
2026.05.12 08:00,4700.94,4706.50,4697.02,4703.08
2026.05.12 09:00,4702.95,4704.93,4694.05,4699.27
2026.05.12 10:00,4699.27,4708.16,4684.96,4693.96
2026.05.12 11:00,4694.14,4708.95,4687.03,4706.36
2026.05.12 12:00,4706.47,4711.31,4689.62,4705.50
2026.05.12 13:00,4705.29,4708.62,4676.80,4678.37
2026.05.12 14:00,4678.92,4694.81,4669.55,4672.61
2026.05.12 15:00,4672.71,4675.94,4638.01,4665.85
2026.05.12 16:00,4666.00,4674.93,4664.00,4670.96
2026.05.12 17:00,4671.31,4682.20,4671.31,4678.56
2026.05.12 18:00,4678.60,4697.83,4676.03,4695.74
2026.05.12 19:00,4695.74,4715.37,4695.66,4715.37
2026.05.12 20:00,4717.04,4719.01,4711.86,4714.75
2026.05.12 22:00,4714.91,4722.15,4710.70,4716.71
2026.05.12 23:00,4716.50,4723.58,4713.72,4716.66
2026.05.13 00:00,4715.70,4726.34,4714.04,4714.20
2026.05.13 01:00,4714.44,4716.42,4700.78,4702.26
2026.05.13 02:00,4702.18,4707.31,4687.49,4691.57
2026.05.13 03:00,4691.56,4705.58,4688.69,4695.73
2026.05.13 04:00,4695.71,4703.03,4695.20,4699.33
2026.05.13 05:00,4699.31,4707.06,4693.48,4703.73
2026.05.13 06:00,4703.87,4715.13,4698.87,4700.92
2026.05.13 07:00,4701.48,4708.51,4696.41,4702.61
2026.05.13 08:00,4702.51,4703.97,4694.29,4700.32
2026.05.13 09:00,4700.36,4701.45,4685.74,4700.61
2026.05.13 10:00,4700.62,4709.84,4693.46,4693.85
2026.05.13 11:00,4694.19,4705.08,4691.29,4697.12
2026.05.13 12:00,4696.81,4701.06,4676.03,4683.52
2026.05.13 13:00,4683.32,4694.27,4669.26,4679.00
2026.05.13 14:00,4679.00,4690.62,4672.58,4679.41
2026.05.13 15:00,4679.46,4699.52,4678.69,4695.20
2026.05.13 16:00,4695.18,4709.48,4694.86,4695.81
2026.05.13 17:00,4695.80,4701.26,4684.60,4685.60
2026.05.13 18:00,4685.45,4694.02,4677.66,4684.96
2026.05.13 19:00,4684.81,4690.54,4683.37,4688.33
2026.05.13 20:00,4688.19,4693.44,4686.01,4688.63
2026.05.13 22:00,4691.85,4700.57,4689.06,4700.12
2026.05.13 23:00,4700.02,4702.20,4693.27,4696.61
2026.05.14 00:00,4696.28,4706.82,4689.49,4705.12
2026.05.14 01:00,4704.88,4707.05,4683.72,4688.79
2026.05.14 02:00,4688.81,4699.70,4680.13,4686.31
2026.05.14 03:00,4686.37,4693.32,4673.98,4675.03
2026.05.14 04:00,4675.03,4712.67,4668.87,4702.52
2026.05.14 05:00,4702.49,4704.18,4689.21,4689.63
2026.05.14 06:00,4689.51,4702.44,4686.09,4700.23
2026.05.14 07:00,4699.21,4718.74,4691.14,4693.14
2026.05.14 08:00,4693.17,4706.67,4692.22,4693.32
2026.05.14 09:00,4693.31,4702.54,4688.54,4699.58
2026.05.14 10:00,4699.62,4705.39,4691.27,4697.08
2026.05.14 11:00,4697.03,4704.81,4689.41,4694.43
2026.05.14 12:00,4693.63,4710.05,4692.42,4704.96
2026.05.14 13:00,4705.09,4707.82,4666.97,4679.55
2026.05.14 14:00,4679.10,4700.83,4677.67,4679.43
2026.05.14 15:00,4679.51,4689.41,4677.14,4685.88
2026.05.14 16:00,4685.78,4686.88,4670.36,4678.57
2026.05.14 17:00,4678.98,4683.05,4676.45,4678.14
2026.05.14 18:00,4678.31,4678.39,4666.93,4671.63
2026.05.14 19:00,4671.82,4671.82,4653.19,4654.23
2026.05.14 20:00,4654.85,4656.88,4644.37,4650.49
2026.05.14 22:00,4653.74,4662.76,4646.39,4662.37
2026.05.14 23:00,4662.39,4665.23,4646.95,4652.13
2026.05.15 00:00,4651.65,4658.21,4613.75,4630.13
2026.05.15 01:00,4629.31,4631.63,4607.19,4613.14
2026.05.15 02:00,4613.75,4623.35,4609.31,4618.10
2026.05.15 03:00,4617.92,4622.26,4607.42,4615.50
2026.05.15 04:00,4615.47,4621.48,4604.35,4605.86
2026.05.15 05:00,4605.94,4606.45,4557.45,4558.99
2026.05.15 06:00,4558.81,4580.41,4556.32,4569.52
2026.05.15 07:00,4569.59,4588.67,4566.04,4570.92
2026.05.15 08:00,4571.83,4571.96,4550.31,4553.96
2026.05.15 09:00,4554.37,4563.70,4531.84,4545.70
2026.05.15 10:00,4546.15,4572.52,4544.12,4566.15
2026.05.15 11:00,4566.04,4570.18,4549.90,4551.99
2026.05.15 12:00,4551.98,4558.61,4543.69,4545.96
2026.05.15 13:00,4545.91,4557.50,4511.80,4533.43
2026.05.15 14:00,4533.15,4566.48,4525.57,4562.79
2026.05.15 15:00,4562.79,4563.62,4533.87,4539.68
2026.05.15 16:00,4540.89,4548.05,4529.40,4544.39
2026.05.15 17:00,4544.65,4564.46,4543.17,4559.54
2026.05.15 18:00,4559.76,4563.04,4552.41,4559.27
2026.05.15 19:00,4559.75,4560.13,4544.98,4545.97
2026.05.15 20:00,4545.59,4546.04,4533.14,4539.10
2026.05.17 22:00,4535.22,4555.07,4527.98,4546.18
2026.05.17 23:00,4546.29,4548.01,4532.22,4537.16
2026.05.18 00:00,4537.14,4542.65,4480.62,4516.06
2026.05.18 01:00,4515.21,4535.57,4489.57,4525.39
2026.05.18 02:00,4525.38,4542.57,4522.05,4533.69
2026.05.18 03:00,4533.67,4547.94,4525.16,4541.08
2026.05.18 04:00,4541.06,4549.64,4530.14,4540.72
2026.05.18 05:00,4540.82,4551.84,4530.05,4530.95
2026.05.18 06:00,4530.69,4548.13,4529.79,4546.80
2026.05.18 07:00,4546.89,4559.78,4538.27,4546.23
2026.05.18 08:00,4545.85,4556.98,4542.44,4550.01
2026.05.18 09:00,4550.00,4551.97,4540.24,4543.13
2026.05.18 10:00,4542.93,4547.65,4532.16,4540.23
2026.05.18 11:00,4540.42,4566.71,4530.06,4550.65
2026.05.18 12:00,4550.27,4574.73,4545.41,4571.45
2026.05.18 13:00,4572.21,4584.17,4561.94,4575.62
2026.05.18 14:00,4575.75,4575.75,4537.96,4546.68
2026.05.18 15:00,4546.96,4547.94,4531.93,4543.51
2026.05.18 16:00,4543.83,4554.54,4533.88,4550.21
2026.05.18 17:00,4549.79,4558.26,4545.58,4546.97
2026.05.18 18:00,4547.01,4547.75,4534.32,4535.66
2026.05.18 19:00,4535.92,4564.99,4535.33,4558.41
2026.05.18 20:00,4559.75,4566.67,4557.94,4566.31
2026.05.18 22:00,4568.17,4578.46,4567.54,4573.87
2026.05.18 23:00,4573.93,4588.81,4573.63,4581.79
2026.05.19 00:00,4582.08,4588.93,4561.31,4563.32
2026.05.19 01:00,4562.95,4572.23,4554.27,4563.94
2026.05.19 02:00,4563.73,4563.73,4546.00,4547.08
2026.05.19 03:00,4547.08,4555.10,4543.68,4544.92
2026.05.19 04:00,4545.00,4545.67,4537.95,4542.47
2026.05.19 05:00,4542.65,4546.54,4531.15,4540.78
2026.05.19 06:00,4541.14,4553.93,4533.54,4548.06
2026.05.19 07:00,4547.61,4559.37,4541.42,4557.21
2026.05.19 08:00,4557.22,4559.07,4536.34,4542.78
2026.05.19 09:00,4542.68,4546.72,4536.07,4541.81
2026.05.19 10:00,4541.84,4544.64,4525.49,4544.64
2026.05.19 11:00,4544.68,4547.91,4529.92,4530.78
2026.05.19 12:00,4530.31,4547.09,4527.54,4537.22
2026.05.19 13:00,4537.02,4537.22,4465.02,4504.02
2026.05.19 14:00,4503.54,4513.92,4484.59,4494.17
2026.05.19 15:00,4494.14,4509.29,4490.01,4508.43
2026.05.19 16:00,4508.87,4512.39,4496.26,4507.72
2026.05.19 17:00,4507.72,4511.02,4499.18,4500.88
2026.05.19 18:00,4500.88,4503.71,4490.45,4493.63
2026.05.19 19:00,4493.56,4497.49,4481.28,4483.24
2026.05.19 20:00,4483.55,4488.25,4481.06,4482.13
2026.05.19 22:00,4483.26,4485.85,4477.49,4484.46
2026.05.19 23:00,4484.33,4496.41,4479.95,4489.34
2026.05.20 00:00,4489.54,4508.74,4479.75,4500.96
2026.05.20 01:00,4501.22,4505.58,4456.07,4481.31
2026.05.20 02:00,4481.31,4487.03,4458.61,4465.28
2026.05.20 03:00,4465.21,4467.18,4453.68,4463.70
2026.05.20 04:00,4463.70,4470.62,4456.78,4462.08
2026.05.20 05:00,4461.97,4478.84,4461.78,4472.83
2026.05.20 06:00,4472.52,4478.38,4461.40,4474.27
2026.05.20 07:00,4473.59,4485.93,4471.95,4478.60
2026.05.20 08:00,4478.61,4490.00,4476.81,4484.07
2026.05.20 09:00,4483.71,4491.01,4472.87,4484.96
2026.05.20 10:00,4484.95,4497.00,4484.81,4494.68
2026.05.20 11:00,4494.52,4501.07,4490.86,4499.15
2026.05.20 12:00,4498.77,4505.41,4492.98,4496.19
2026.05.20 13:00,4495.82,4506.18,4482.08,4483.12
2026.05.20 14:00,4484.46,4537.25,4467.14,4531.38
2026.05.20 15:00,4531.26,4552.51,4523.19,4529.17
2026.05.20 16:00,4529.21,4535.34,4524.20,4534.46
2026.05.20 17:00,4534.77,4538.06,4530.02,4531.35
2026.05.20 18:00,4531.34,4545.09,4529.67,4542.44
2026.05.20 19:00,4542.45,4550.05,4541.92,4546.01
2026.05.20 20:00,4546.53,4550.35,4542.01,4544.29
2026.05.20 22:00,4539.93,4548.47,4535.24,4539.91
2026.05.20 23:00,4539.96,4547.25,4534.61,4546.58
2026.05.21 00:00,4546.82,4553.25,4537.61,4545.26
2026.05.21 01:00,4545.28,4570.74,4540.02,4561.12
2026.05.21 02:00,4561.25,4564.79,4531.58,4533.26
2026.05.21 03:00,4533.18,4540.28,4527.19,4528.32
2026.05.21 04:00,4528.29,4540.47,4527.46,4538.43
2026.05.21 05:00,4538.52,4540.25,4518.55,4527.92
2026.05.21 06:00,4527.03,4539.91,4518.87,4521.56
2026.05.21 07:00,4521.88,4524.37,4512.05,4519.71
2026.05.21 08:00,4519.70,4536.76,4518.40,4532.64
2026.05.21 09:00,4532.49,4543.02,4527.84,4530.70
2026.05.21 10:00,4530.67,4535.16,4505.09,4511.53
2026.05.21 11:00,4511.18,4521.13,4508.29,4514.10
2026.05.21 12:00,4514.13,4519.30,4502.51,4504.14
2026.05.21 13:00,4503.41,4520.82,4488.81,4513.13
2026.05.21 14:00,4512.91,4515.38,4498.25,4508.89
2026.05.21 15:00,4509.03,4515.44,4496.67,4511.93
2026.05.21 16:00,4512.35,4520.66,4512.32,4519.46
2026.05.21 17:00,4519.59,4559.28,4514.12,4551.46
2026.05.21 18:00,4550.57,4556.04,4527.45,4532.00
2026.05.21 19:00,4531.96,4543.74,4530.16,4542.68
2026.05.21 20:00,4543.59,4544.80,4539.58,4542.86
2026.05.21 22:00,4541.91,4546.65,4539.65,4543.26
2026.05.21 23:00,4543.24,4544.94,4532.60,4535.49
2026.05.22 00:00,4535.52,4541.04,4525.39,4526.67
2026.05.22 01:00,4526.39,4536.10,4521.08,4526.35
2026.05.22 02:00,4526.30,4529.40,4518.58,4523.19
2026.05.22 03:00,4523.18,4529.99,4519.25,4529.44
2026.05.22 04:00,4529.44,4532.96,4525.50,4527.19
2026.05.22 05:00,4527.19,4534.21,4507.45,4511.36
2026.05.22 06:00,4511.33,4528.86,4510.11,4526.85
2026.05.22 07:00,4526.89,4527.40,4516.23,4521.87
2026.05.22 08:00,4522.22,4531.16,4517.20,4521.87
2026.05.22 09:00,4521.84,4535.86,4514.82,4532.23
2026.05.22 10:00,4532.26,4536.80,4510.17,4514.74
2026.05.22 11:00,4514.66,4525.08,4511.61,4520.68
2026.05.22 12:00,4520.25,4535.78,4515.14,4528.26
2026.05.22 13:00,4529.19,4534.35,4510.30,4513.88
2026.05.22 14:00,4513.24,4513.39,4488.36,4500.61
2026.05.22 15:00,4500.61,4522.31,4500.31,4520.08
2026.05.22 16:00,4520.12,4526.82,4512.51,4514.91
2026.05.22 17:00,4514.97,4527.66,4513.26,4519.14
2026.05.22 18:00,4519.26,4519.89,4512.08,4514.88
2026.05.22 19:00,4515.19,4515.85,4504.30,4508.35
2026.05.22 20:00,4508.70,4510.53,4504.35,4509.32
2026.05.24 22:00,4536.82,4565.62,4531.56,4565.01
2026.05.24 23:00,4565.02,4579.90,4565.02,4566.99
2026.05.25 00:00,4566.92,4579.52,4566.09,4569.47
2026.05.25 01:00,4569.49,4576.13,4560.09,4562.78
2026.05.25 02:00,4563.03,4570.15,4558.76,4561.28
2026.05.25 03:00,4561.28,4564.49,4556.85,4559.79
2026.05.25 04:00,4559.71,4565.74,4559.41,4564.77
2026.05.25 05:00,4564.82,4565.71,4551.87,4553.32
2026.05.25 06:00,4553.19,4563.18,4550.47,4562.42
2026.05.25 07:00,4562.54,4565.12,4552.48,4564.81
2026.05.25 08:00,4564.89,4564.89,4553.35,4556.13
2026.05.25 09:00,4556.15,4569.02,4554.99,4567.54
2026.05.25 10:00,4567.65,4573.66,4567.48,4568.62
2026.05.25 11:00,4568.75,4576.87,4567.61,4569.42
2026.05.25 12:00,4569.41,4570.28,4553.00,4567.61
2026.05.25 13:00,4567.70,4571.69,4560.08,4563.08
2026.05.25 14:00,4563.09,4570.57,4562.33,4566.80
2026.05.25 15:00,4566.59,4574.57,4565.68,4570.92
2026.05.25 16:00,4570.95,4574.56,4567.96,4573.58
2026.05.25 17:00,4573.62,4577.52,4563.32,4565.10
2026.05.25 18:00,4565.23,4571.54,4564.55,4569.59
2026.05.25 19:00,4569.60,4569.60,4569.58,4569.58
2026.05.25 20:00,4569.58,4574.85,4569.58,4571.31
2026.05.25 22:00,4570.43,4576.51,4567.99,4574.90
2026.05.25 23:00,4574.63,4580.11,4555.19,4559.70
2026.05.26 00:00,4559.93,4559.93,4539.59,4549.63
2026.05.26 01:00,4549.56,4550.10,4527.80,4537.02
2026.05.26 02:00,4537.02,4539.53,4530.12,4532.26
2026.05.26 03:00,4532.23,4545.32,4532.04,4542.30
2026.05.26 04:00,4542.23,4543.15,4523.64,4525.44
2026.05.26 05:00,4525.43,4535.05,4523.01,4527.18
2026.05.26 06:00,4527.11,4536.18,4527.06,4531.04
2026.05.26 07:00,4531.24,4538.90,4521.68,4538.17
2026.05.26 08:00,4538.20,4538.54,4520.22,4523.74
2026.05.26 09:00,4523.74,4526.38,4512.14,4522.68
2026.05.26 10:00,4522.74,4540.48,4519.30,4534.48
2026.05.26 11:00,4534.43,4536.19,4503.85,4507.16
2026.05.26 12:00,4506.48,4523.54,4500.68,4520.37
2026.05.26 13:00,4520.37,4531.16,4512.36,4514.02
2026.05.26 14:00,4514.07,4524.92,4507.92,4515.21
2026.05.26 15:00,4515.25,4515.45,4502.29,4506.47
2026.05.26 16:00,4506.39,4511.16,4500.11,4504.89
2026.05.26 17:00,4504.89,4507.45,4489.70,4491.02
2026.05.26 18:00,4491.01,4499.45,4482.64,4499.24
2026.05.26 19:00,4499.34,4509.93,4497.65,4508.89
2026.05.26 20:00,4509.24,4510.41,4504.15,4506.99
2026.05.26 22:00,4501.03,4537.84,4498.15,4511.00
2026.05.26 23:00,4511.05,4527.34,4504.46,4519.58
2026.05.27 00:00,4519.59,4525.84,4514.11,4515.08
2026.05.27 01:00,4514.90,4521.04,4506.80,4507.87
2026.05.27 02:00,4507.98,4509.48,4498.25,4505.87
2026.05.27 03:00,4505.76,4511.97,4496.74,4497.10
2026.05.27 04:00,4497.15,4517.28,4496.02,4510.14
2026.05.27 05:00,4510.14,4513.74,4491.78,4497.56
2026.05.27 06:00,4497.53,4499.16,4479.97,4485.17
2026.05.27 07:00,4485.18,4489.14,4475.88,4482.12
2026.05.27 08:00,4482.12,4498.66,4481.78,4497.80
2026.05.27 09:00,4497.82,4497.82,4486.89,4490.16
2026.05.27 10:00,4490.15,4490.48,4442.86,4445.73
2026.05.27 11:00,4445.87,4453.10,4425.08,4428.69
2026.05.27 12:00,4428.73,4466.25,4427.50,4438.85
2026.05.27 13:00,4438.85,4438.85,4401.47,4427.30
2026.05.27 14:00,4427.13,4455.33,4426.01,4433.95
2026.05.27 15:00,4433.81,4441.51,4428.19,4436.52
2026.05.27 16:00,4436.58,4453.22,4434.15,4450.78
2026.05.27 17:00,4450.79,4454.29,4441.43,4450.38
2026.05.27 18:00,4450.20,4458.25,4447.70,4454.38
2026.05.27 19:00,4454.37,4454.77,4448.84,4450.75
2026.05.27 20:00,4450.80,4458.84,4450.12,4456.14
2026.05.27 22:00,4451.94,4467.80,4451.94,4457.44
2026.05.27 23:00,4457.44,4457.77,4444.28,4447.09
2026.05.28 00:00,4447.08,4457.81,4444.01,4457.04
2026.05.28 01:00,4457.03,4458.64,4407.00,4410.02
2026.05.28 02:00,4410.09,4412.63,4392.70,4394.41
2026.05.28 03:00,4394.37,4397.77,4368.49,4374.80
2026.05.28 04:00,4374.80,4381.98,4366.56,4372.97
2026.05.28 05:00,4372.97,4395.75,4367.29,4387.90
2026.05.28 06:00,4388.07,4390.44,4374.23,4383.48
2026.05.28 07:00,4383.84,4396.10,4382.93,4387.52
2026.05.28 08:00,4388.18,4394.94,4385.92,4386.99
2026.05.28 09:00,4386.66,4399.04,4386.45,4393.64
2026.05.28 10:00,4393.68,4404.12,4375.61,4383.07
2026.05.28 11:00,4383.73,4390.47,4380.99,4387.94
2026.05.28 12:00,4388.30,4433.41,4379.71,4432.13
2026.05.28 13:00,4432.86,4439.04,4418.25,4430.42
2026.05.28 14:00,4430.08,4480.24,4420.91,4469.31
2026.05.28 15:00,4470.16,4484.66,4468.79,4482.20
2026.05.28 16:00,4482.25,4511.08,4478.04,4511.02
2026.05.28 17:00,4510.98,4514.42,4501.28,4508.90
2026.05.28 18:00,4508.91,4516.49,4498.52,4500.98
2026.05.28 19:00,4501.16,4503.70,4497.20,4497.94
2026.05.28 20:00,4497.40,4500.67,4494.87,4496.04
2026.05.28 22:00,4498.15,4499.68,4491.07,4491.24
2026.05.28 23:00,4491.32,4496.98,4489.06,4495.13
2026.05.29 00:00,4495.12,4500.43,4492.22,4496.07
2026.05.29 01:00,4496.22,4520.70,4492.59,4506.45
2026.05.29 02:00,4506.46,4511.11,4498.40,4501.79
2026.05.29 03:00,4501.61,4501.88,4494.92,4501.28
2026.05.29 04:00,4501.08,4514.64,4501.05,4513.81
2026.05.29 05:00,4514.07,4515.66,4502.60,4514.87
2026.05.29 06:00,4515.17,4523.99,4510.09,4523.59
2026.05.29 07:00,4523.52,4526.01,4510.72,4524.71
2026.05.29 08:00,4524.46,4524.75,4510.00,4514.88
2026.05.29 09:00,4514.95,4539.02,4513.40,4531.01
2026.05.29 10:00,4530.86,4543.24,4525.52,4538.51
2026.05.29 11:00,4538.47,4540.40,4525.87,4538.39
2026.05.29 12:00,4538.56,4538.56,4512.74,4523.00
2026.05.29 13:00,4522.97,4540.66,4517.18,4536.82
2026.05.29 14:00,4536.79,4570.35,4525.57,4564.27
2026.05.29 15:00,4564.25,4595.25,4557.70,4571.12
2026.05.29 16:00,4571.17,4573.34,4560.05,4566.84
2026.05.29 17:00,4567.10,4568.50,4551.66,4553.42
2026.05.29 18:00,4553.43,4561.63,4551.17,4553.30
2026.05.29 19:00,4553.23,4560.19,4542.84,4545.49
2026.05.29 20:00,4546.49,4549.08,4537.63,4537.95
2026.05.31 22:00,4537.53,4540.36,4517.96,4535.26
2026.05.31 23:00,4535.31,4545.72,4535.06,4539.55
2026.06.01 00:00,4539.11,4545.90,4535.34,4540.48
2026.06.01 01:00,4540.72,4541.27,4523.82,4525.47
2026.06.01 02:00,4525.45,4534.54,4521.15,4521.42
2026.06.01 03:00,4522.26,4525.43,4509.84,4516.29
2026.06.01 04:00,4516.31,4519.58,4508.78,4514.35
2026.06.01 05:00,4514.38,4525.08,4512.79,4518.21
2026.06.01 06:00,4518.18,4518.67,4500.47,4501.65
2026.06.01 07:00,4501.51,4509.80,4492.47,4503.07
2026.06.01 08:00,4503.39,4504.42,4490.65,4498.03
2026.06.01 09:00,4498.04,4506.32,4489.13,4495.98
2026.06.01 10:00,4496.52,4510.90,4496.25,4503.95
2026.06.01 11:00,4503.91,4512.90,4499.87,4505.90
2026.06.01 12:00,4505.86,4510.35,4497.44,4502.20
2026.06.01 13:00,4502.89,4503.78,4448.91,4450.22
2026.06.01 14:00,4450.07,4464.45,4447.12,4458.67
2026.06.01 15:00,4458.63,4479.61,4455.45,4474.14
2026.06.01 16:00,4474.15,4481.97,4463.16,4480.09
2026.06.01 17:00,4480.02,4495.33,4471.43,4487.48
2026.06.01 18:00,4487.52,4490.16,4484.88,4486.68
2026.06.01 19:00,4486.51,4488.17,4479.10,4481.10
2026.06.01 20:00,4481.20,4485.76,4480.13,4484.96
2026.06.01 22:00,4479.39,4488.32,4479.39,4485.55
2026.06.01 23:00,4485.23,4488.19,4479.40,4484.42
2026.06.02 00:00,4484.71,4497.13,4476.69,4481.44
2026.06.02 01:00,4481.03,4492.34,4462.97,4474.07
2026.06.02 02:00,4473.97,4486.49,4472.25,4485.82
2026.06.02 03:00,4485.87,4499.32,4485.65,4499.29
2026.06.02 04:00,4499.28,4518.18,4497.75,4517.31
2026.06.02 05:00,4517.35,4528.18,4515.15,4516.98
2026.06.02 06:00,4517.02,4538.03,4516.96,4535.97
2026.06.02 07:00,4535.79,4541.44,4527.91,4535.05
2026.06.02 08:00,4535.05,4539.09,4525.94,4526.69
2026.06.02 09:00,4526.80,4535.65,4522.02,4530.03
2026.06.02 10:00,4529.84,4533.92,4524.66,4533.11
2026.06.02 11:00,4533.13,4534.59,4525.66,4527.44
2026.06.02 12:00,4527.43,4534.10,4513.54,4514.14
2026.06.02 13:00,4514.77,4524.77,4502.75,4502.75
2026.06.02 14:00,4502.68,4506.99,4490.39,4504.02
2026.06.02 15:00,4504.10,4508.50,4500.11,4502.04
2026.06.02 16:00,4502.22,4502.84,4486.31,4491.89
2026.06.02 17:00,4491.87,4493.02,4482.12,4484.57
2026.06.02 18:00,4484.77,4490.87,4478.71,4487.36
2026.06.02 19:00,4487.73,4490.26,4483.43,4487.95
2026.06.02 20:00,4487.62,4490.97,4486.25,4489.55
2026.06.02 22:00,4491.07,4493.21,4484.43,4484.90
2026.06.02 23:00,4484.96,4488.52,4462.31,4474.46
2026.06.03 00:00,4474.44,4496.65,4473.85,4486.18
2026.06.03 01:00,4486.03,4487.39,4463.72,4475.75
2026.06.03 02:00,4475.98,4485.13,4472.81,4481.91
2026.06.03 03:00,4481.92,4487.50,4481.92,4484.39
2026.06.03 04:00,4484.52,4488.04,4468.32,4469.42
2026.06.03 05:00,4469.43,4474.15,4456.64,4457.04
2026.06.03 06:00,4457.07,4470.97,4455.31,4463.03
2026.06.03 07:00,4462.97,4471.97,4452.71,4453.24
2026.06.03 08:00,4453.30,4459.07,4440.34,4443.95
2026.06.03 09:00,4443.72,4458.92,4438.96,4443.07
2026.06.03 10:00,4443.06,4467.00,4440.96,4458.97
2026.06.03 11:00,4458.96,4468.03,4458.51,4462.38
2026.06.03 12:00,4462.22,4467.10,4448.21,4460.40
2026.06.03 13:00,4460.28,4465.57,4426.47,4447.18
2026.06.03 14:00,4443.43,4459.49,4442.52,4457.16
2026.06.03 15:00,4457.19,4458.33,4436.99,4442.20
2026.06.03 16:00,4442.35,4443.87,4433.79,4441.83
2026.06.03 17:00,4442.35,4448.36,4435.59,4438.98
2026.06.03 18:00,4438.99,4442.85,4435.08,4442.05
2026.06.03 19:00,4442.01,4452.23,4441.41,4443.98
2026.06.03 20:00,4444.34,4445.29,4430.50,4434.67
2026.06.03 22:00,4442.19,4452.89,4424.04,4448.90
2026.06.03 23:00,4449.13,4464.64,4445.36,4457.30
2026.06.04 00:00,4456.54,4464.84,4444.17,4448.39
2026.06.04 01:00,4448.09,4473.53,4443.56,4465.83
2026.06.04 02:00,4466.54,4476.32,4455.62,4475.09
2026.06.04 03:00,4474.84,4477.21,4458.49,4463.61
2026.06.04 04:00,4463.55,4483.95,4462.29,4480.69
2026.06.04 05:00,4480.98,4482.34,4467.12,4469.24
2026.06.04 06:00,4469.24,4477.16,4462.88,4467.73
2026.06.04 07:00,4467.74,4470.69,4459.72,4461.58
2026.06.04 08:00,4462.16,4469.38,4458.46,4463.24
2026.06.04 09:00,4463.29,4475.55,4460.96,4470.28
2026.06.04 10:00,4470.04,4473.77,4464.27,4473.63
2026.06.04 11:00,4474.17,4514.57,4468.80,4511.69
2026.06.04 12:00,4511.68,4513.74,4491.19,4504.09
2026.06.04 13:00,4504.01,4515.40,4495.49,4495.61
2026.06.04 14:00,4495.74,4499.79,4457.38,4465.70
2026.06.04 15:00,4465.86,4478.92,4463.87,4477.39
2026.06.04 16:00,4477.37,4485.03,4475.47,4482.76
2026.06.04 17:00,4482.71,4482.71,4474.13,4478.13
2026.06.04 18:00,4478.10,4481.00,4472.74,4478.09
2026.06.04 19:00,4478.09,4483.32,4476.15,4480.50
2026.06.04 20:00,4480.76,4481.50,4474.33,4474.75
2026.06.04 22:00,4481.17,4481.40,4468.87,4469.61
2026.06.04 23:00,4469.65,4474.03,4460.54,4461.67
2026.06.05 00:00,4461.15,4466.91,4450.70,4459.55
2026.06.05 01:00,4459.47,4469.90,4444.15,4446.83
2026.06.05 02:00,4446.77,4454.96,4438.50,4440.56
2026.06.05 03:00,4440.53,4443.84,4435.24,4442.35
2026.06.05 04:00,4442.38,4446.53,4437.63,4444.96
2026.06.05 05:00,4444.97,4449.98,4438.59,4439.96
2026.06.05 06:00,4439.86,4456.14,4428.83,4452.79
2026.06.05 07:00,4452.05,4467.30,4451.89,4460.89
2026.06.05 08:00,4460.67,4468.23,4458.77,4462.77
2026.06.05 09:00,4462.77,4469.24,4458.90,4464.87
2026.06.05 10:00,4464.87,4468.06,4461.90,4466.93
2026.06.05 11:00,4466.61,4475.25,4458.79,4470.22
2026.06.05 12:00,4470.20,4475.85,4404.83,4406.00
2026.06.05 13:00,4405.54,4420.91,4365.76,4365.92
2026.06.05 14:00,4365.76,4379.21,4344.66,4369.60
2026.06.05 15:00,4370.00,4372.46,4334.01,4335.44
2026.06.05 16:00,4335.43,4344.92,4323.47,4344.54
2026.06.05 17:00,4345.22,4347.36,4335.76,4341.73
2026.06.05 18:00,4341.88,4342.10,4315.30,4322.35
2026.06.05 19:00,4322.46,4325.04,4313.89,4318.06
2026.06.05 20:00,4318.18,4330.83,4311.78,4329.40
2026.06.07 22:00,4325.52,4343.94,4310.15,4317.27
2026.06.07 23:00,4317.49,4346.94,4317.49,4344.02
2026.06.08 00:00,4343.15,4353.33,4339.89,4342.43
2026.06.08 01:00,4342.25,4345.68,4300.23,4325.44
2026.06.08 02:00,4325.75,4330.62,4307.35,4310.48
2026.06.08 03:00,4310.48,4317.16,4303.50,4316.87
2026.06.08 04:00,4317.04,4321.74,4307.64,4312.62
2026.06.08 05:00,4312.63,4316.08,4268.85,4292.04
2026.06.08 06:00,4292.04,4311.19,4292.04,4299.95
2026.06.08 07:00,4299.20,4316.83,4294.41,4294.44
2026.06.08 08:00,4295.05,4297.06,4285.29,4288.75
2026.06.08 09:00,4288.73,4301.90,4272.98,4294.30
2026.06.08 10:00,4294.76,4305.57,4286.21,4302.02
2026.06.08 11:00,4302.02,4333.17,4297.29,4331.27
2026.06.08 12:00,4331.29,4339.28,4320.30,4333.04
2026.06.08 13:00,4332.87,4346.62,4321.56,4326.78
2026.06.08 14:00,4326.98,4331.40,4315.13,4330.97
2026.06.08 15:00,4331.52,4345.62,4322.64,4341.84
2026.06.08 16:00,4341.68,4346.25,4337.86,4340.64
2026.06.08 17:00,4340.67,4342.37,4332.02,4339.19
2026.06.08 18:00,4339.10,4345.89,4333.02,4334.59
2026.06.08 19:00,4334.51,4338.11,4323.36,4326.72
2026.06.08 20:00,4327.53,4330.47,4324.56,4329.76
2026.06.08 22:00,4330.80,4333.06,4322.76,4327.88
2026.06.08 23:00,4327.93,4328.88,4313.02,4317.75
2026.06.09 00:00,4317.65,4323.65,4315.06,4319.85
2026.06.09 01:00,4319.71,4338.81,4318.64,4336.55
2026.06.09 02:00,4336.62,4340.96,4328.32,4336.05
2026.06.09 03:00,4335.79,4342.12,4331.42,4336.61
2026.06.09 04:00,4336.61,4339.21,4324.27,4332.35
2026.06.09 05:00,4332.67,4351.40,4330.92,4343.45
2026.06.09 06:00,4343.65,4348.72,4330.39,4330.66
2026.06.09 07:00,4330.62,4334.73,4322.30,4326.46
2026.06.09 08:00,4326.58,4336.77,4321.22,4326.57
2026.06.09 09:00,4326.56,4336.10,4324.24,4332.17
2026.06.09 10:00,4332.16,4340.49,4325.48,4339.15
2026.06.09 11:00,4339.15,4343.77,4335.63,4339.81
2026.06.09 12:00,4339.85,4344.14,4334.85,4341.37
2026.06.09 13:00,4341.37,4363.45,4325.34,4328.86
2026.06.09 14:00,4328.65,4336.06,4278.68,4300.55
2026.06.09 15:00,4300.76,4301.99,4263.16,4272.83
2026.06.09 16:00,4272.34,4280.96,4236.80,4252.13
2026.06.09 17:00,4252.33,4268.03,4251.36,4263.08
2026.06.09 18:00,4263.27,4274.27,4259.59,4269.88
2026.06.09 19:00,4269.99,4271.66,4249.95,4258.82
2026.06.09 20:00,4258.06,4262.07,4255.63,4260.90
2026.06.09 22:00,4251.39,4257.44,4232.42,4237.25
2026.06.09 23:00,4237.18,4247.19,4210.50,4221.95
2026.06.10 00:00,4221.92,4228.33,4199.02,4217.74
2026.06.10 01:00,4218.23,4218.69,4184.06,4188.71
2026.06.10 02:00,4188.71,4192.54,4173.49,4174.05
2026.06.10 03:00,4173.96,4186.47,4173.38,4184.80
2026.06.10 04:00,4185.10,4187.13,4172.62,4174.78
2026.06.10 05:00,4174.80,4209.01,4173.62,4205.18
2026.06.10 06:00,4205.18,4221.77,4201.77,4203.84
2026.06.10 07:00,4203.83,4207.97,4181.57,4186.51
2026.06.10 08:00,4186.17,4187.28,4161.48,4168.76
2026.06.10 09:00,4168.99,4179.40,4163.01,4168.69
2026.06.10 10:00,4168.73,4178.53,4155.52,4174.62
2026.06.10 11:00,4174.47,4176.08,4145.59,4147.55
2026.06.10 12:00,4148.00,4173.82,4131.48,4146.94
2026.06.10 13:00,4146.96,4186.17,4133.02,4179.50
2026.06.10 14:00,4180.18,4180.64,4118.18,4124.76
2026.06.10 15:00,4124.83,4136.87,4106.81,4128.87
2026.06.10 16:00,4129.01,4134.50,4115.98,4121.95
2026.06.10 17:00,4122.27,4134.90,4101.01,4111.69
2026.06.10 18:00,4111.63,4120.43,4097.06,4101.18
2026.06.10 19:00,4101.52,4101.91,4081.70,4083.17
2026.06.10 20:00,4082.68,4083.05,4067.12,4071.71
2026.06.10 22:00,4071.79,4072.81,4036.10,4046.47
2026.06.10 23:00,4046.64,4064.76,4023.94,4047.20
2026.06.11 00:00,4048.20,4077.95,4036.17,4075.94
2026.06.11 01:00,4076.63,4118.05,4066.50,4101.85
2026.06.11 02:00,4102.10,4102.53,4052.42,4067.84
2026.06.11 03:00,4067.94,4078.22,4056.97,4072.76
2026.06.11 04:00,4072.76,4085.88,4070.11,4082.69
2026.06.11 05:00,4082.79,4106.24,4072.73,4094.31
2026.06.11 06:00,4094.23,4097.58,4076.42,4094.28
2026.06.11 07:00,4094.59,4110.50,4091.77,4104.90
2026.06.11 08:00,4104.52,4112.54,4084.44,4084.44
2026.06.11 09:00,4084.27,4096.37,4077.53,4091.58
2026.06.11 10:00,4091.56,4094.44,4086.56,4089.86
2026.06.11 11:00,4089.89,4095.88,4079.98,4080.33
2026.06.11 12:00,4080.98,4087.12,4057.60,4082.06
2026.06.11 13:00,4081.76,4092.56,4067.10,4083.19
2026.06.11 14:00,4083.35,4085.39,4053.05,4073.49
2026.06.11 15:00,4073.34,4095.42,4070.38,4088.91
2026.06.11 16:00,4088.79,4107.39,4077.98,4080.10
2026.06.11 17:00,4080.15,4170.05,4071.94,4151.76
2026.06.11 18:00,4151.82,4171.55,4131.29,4161.66
2026.06.11 19:00,4161.84,4219.97,4161.84,4209.02
2026.06.11 20:00,4211.67,4218.48,4208.16,4212.66
2026.06.11 22:00,4207.32,4246.62,4205.41,4243.26
2026.06.11 23:00,4243.45,4245.71,4214.27,4219.98
2026.06.12 00:00,4219.98,4230.38,4200.84,4208.20
2026.06.12 01:00,4208.17,4210.61,4171.41,4186.85
2026.06.12 02:00,4186.13,4200.02,4182.65,4191.62
2026.06.12 03:00,4191.48,4204.85,4189.56,4196.96
2026.06.12 04:00,4197.03,4200.98,4189.58,4189.93
2026.06.12 05:00,4189.82,4192.75,4170.72,4173.29
2026.06.12 06:00,4173.38,4185.61,4172.41,4184.19
2026.06.12 07:00,4184.15,4193.80,4170.27,4193.80
2026.06.12 08:00,4194.50,4226.00,4191.92,4219.59
2026.06.12 09:00,4219.60,4227.96,4217.49,4221.87
2026.06.12 10:00,4221.85,4225.52,4202.84,4210.92
2026.06.12 11:00,4210.91,4215.36,4197.56,4206.91
2026.06.12 12:00,4206.42,4215.22,4188.49,4191.74
2026.06.12 13:00,4191.76,4210.11,4183.07,4186.06
2026.06.12 14:00,4186.51,4208.46,4177.06,4203.90
2026.06.12 15:00,4203.98,4235.42,4200.23,4211.80
2026.06.12 16:00,4211.93,4232.67,4208.15,4216.33
2026.06.12 17:00,4215.93,4225.77,4213.81,4221.26
2026.06.12 18:00,4221.45,4235.39,4214.17,4215.52
2026.06.12 19:00,4215.07,4218.85,4201.81,4210.87
2026.06.12 20:00,4210.90,4219.54,4209.42,4219.09
2026.06.14 22:00,4268.84,4308.97,4255.60,4285.61
2026.06.14 23:00,4285.60,4294.93,4281.06,4293.98
2026.06.15 00:00,4293.74,4308.05,4291.73,4292.55
2026.06.15 01:00,4292.67,4319.62,4285.77,4316.80
2026.06.15 02:00,4316.79,4335.39,4316.10,4329.48
2026.06.15 03:00,4329.52,4331.00,4321.20,4324.99
2026.06.15 04:00,4324.99,4330.22,4320.91,4328.21
2026.06.15 05:00,4328.02,4332.92,4307.60,4310.13
2026.06.15 06:00,4310.15,4313.28,4300.89,4308.12
2026.06.15 07:00,4308.05,4325.24,4305.28,4323.11
2026.06.15 08:00,4322.83,4345.40,4321.68,4334.23
2026.06.15 09:00,4334.22,4343.28,4334.22,4336.63
2026.06.15 10:00,4336.68,4341.41,4335.34,4338.08
2026.06.15 11:00,4337.95,4347.36,4331.89,4335.00
2026.06.15 12:00,4335.23,4349.33,4324.64,4348.93
2026.06.15 13:00,4349.03,4368.72,4341.29,4355.25
2026.06.15 14:00,4354.96,4369.37,4353.97,4356.81
2026.06.15 15:00,4356.57,4360.75,4349.65,4356.32
2026.06.15 16:00,4356.20,4358.68,4334.56,4339.14
2026.06.15 17:00,4339.20,4339.20,4320.70,4324.76
2026.06.15 18:00,4324.63,4327.96,4318.14,4325.64
2026.06.15 19:00,4325.62,4326.66,4316.61,4320.70
2026.06.15 20:00,4321.31,4322.04,4306.38,4309.26
2026.06.15 22:00,4316.29,4316.29,4305.95,4311.95
2026.06.15 23:00,4311.97,4319.19,4311.46,4315.58
2026.06.16 00:00,4315.46,4320.72,4306.87,4319.19
2026.06.16 01:00,4319.25,4325.85,4312.11,4313.52
2026.06.16 02:00,4313.50,4320.81,4307.56,4318.69
2026.06.16 03:00,4318.71,4333.11,4315.45,4330.47
2026.06.16 04:00,4330.42,4332.15,4321.22,4322.48
2026.06.16 05:00,4322.46,4330.71,4313.96,4315.88
2026.06.16 06:00,4315.84,4324.29,4313.43,4323.88
2026.06.16 07:00,4324.51,4335.60,4322.60,4335.17
2026.06.16 08:00,4335.14,4347.86,4332.84,4346.87
2026.06.16 09:00,4346.96,4348.25,4338.44,4345.20
2026.06.16 10:00,4345.21,4348.86,4342.17,4348.83
2026.06.16 11:00,4348.85,4349.25,4335.27,4340.94
2026.06.16 12:00,4340.94,4354.83,4337.35,4354.64
2026.06.16 13:00,4354.54,4354.75,4331.62,4331.79
2026.06.16 14:00,4332.03,4338.71,4313.28,4323.96
2026.06.16 15:00,4324.43,4343.38,4321.13,4335.26
2026.06.16 16:00,4335.30,4346.89,4334.90,4340.60
2026.06.16 17:00,4340.45,4341.14,4325.36,4340.28
2026.06.16 18:00,4340.30,4342.72,4336.17,4338.47
2026.06.16 19:00,4338.50,4342.84,4330.63,4333.93
2026.06.16 20:00,4333.04,4334.87,4329.54,4331.50
2026.06.16 22:00,4332.68,4335.85,4328.99,4335.40
2026.06.16 23:00,4335.37,4338.27,4329.61,4330.89
2026.06.17 00:00,4331.60,4341.70,4328.53,4337.08
2026.06.17 01:00,4336.77,4349.57,4334.38,4340.90
2026.06.17 02:00,4340.88,4344.51,4329.74,4331.58
2026.06.17 03:00,4331.45,4334.02,4328.68,4332.23
2026.06.17 04:00,4332.15,4334.10,4317.72,4326.72
2026.06.17 05:00,4326.79,4334.16,4321.19,4326.45
2026.06.17 06:00,4327.62,4331.80,4320.50,4331.68
2026.06.17 07:00,4331.54,4332.82,4324.70,4325.18
2026.06.17 08:00,4324.97,4327.82,4317.97,4324.76
2026.06.17 09:00,4324.71,4335.53,4321.31,4329.51
2026.06.17 10:00,4329.54,4335.06,4326.76,4331.41
2026.06.17 11:00,4331.44,4331.83,4320.95,4323.15
2026.06.17 12:00,4323.14,4335.24,4319.86,4333.64
2026.06.17 13:00,4333.60,4345.19,4324.11,4339.94
2026.06.17 14:00,4339.85,4363.88,4331.02,4344.50
2026.06.17 15:00,4344.74,4364.75,4343.94,4363.52
2026.06.17 16:00,4363.52,4366.45,4355.14,4359.45
2026.06.17 17:00,4359.50,4382.15,4355.42,4377.94
2026.06.17 18:00,4376.98,4377.00,4270.27,4286.24
2026.06.17 19:00,4286.02,4295.01,4218.96,4235.96
2026.06.17 20:00,4235.92,4269.67,4235.20,4257.24
2026.06.17 22:00,4250.66,4271.40,4250.66,4266.77
2026.06.17 23:00,4266.71,4283.79,4264.21,4277.92
2026.06.18 00:00,4277.95,4315.21,4276.58,4308.44
2026.06.18 01:00,4308.68,4328.55,4307.05,4317.81
2026.06.18 02:00,4318.02,4329.75,4310.48,4310.91
2026.06.18 03:00,4310.92,4322.63,4309.11,4319.69
2026.06.18 04:00,4320.00,4323.95,4309.79,4316.00
2026.06.18 05:00,4315.70,4324.60,4301.34,4308.10
2026.06.18 06:00,4308.16,4309.81,4296.28,4306.54
2026.06.18 07:00,4306.47,4309.38,4287.32,4288.64
2026.06.18 08:00,4288.81,4292.90,4265.58,4266.66
2026.06.18 09:00,4267.35,4273.20,4259.53,4268.69
2026.06.18 10:00,4268.42,4272.74,4254.88,4255.48
2026.06.18 11:00,4255.43,4255.70,4240.18,4242.02
2026.06.18 12:00,4241.96,4269.14,4240.53,4246.59
2026.06.18 13:00,4246.61,4276.51,4245.01,4256.59
2026.06.18 14:00,4256.12,4257.68,4237.06,4252.38
2026.06.18 15:00,4252.34,4254.67,4223.07,4226.75
2026.06.18 16:00,4226.55,4233.23,4214.05,4219.38
2026.06.18 17:00,4219.69,4233.02,4218.53,4230.28
2026.06.18 18:00,4230.39,4233.11,4218.20,4218.22
2026.06.18 19:00,4218.43,4218.96,4201.53,4216.93
2026.06.18 20:00,4217.67,4219.55,4207.93,4208.99
2026.06.18 22:00,4210.34,4213.47,4202.82,4207.37
2026.06.18 23:00,4207.37,4208.26,4186.84,4188.34
2026.06.19 00:00,4188.36,4198.01,4183.90,4190.29
2026.06.19 01:00,4190.72,4194.51,4184.07,4184.75
2026.06.19 02:00,4184.77,4186.21,4171.94,4176.26
2026.06.19 03:00,4176.88,4177.21,4145.88,4153.44
2026.06.19 04:00,4153.38,4155.02,4125.07,4125.73
2026.06.19 05:00,4125.73,4141.48,4121.80,4139.66
2026.06.19 06:00,4139.67,4150.40,4132.81,4147.56
2026.06.19 07:00,4147.58,4163.10,4147.58,4157.99
2026.06.19 08:00,4158.06,4178.48,4155.29,4169.06
2026.06.19 09:00,4169.08,4170.88,4160.98,4162.85
2026.06.19 10:00,4162.84,4163.08,4148.05,4149.70
2026.06.19 11:00,4149.71,4154.90,4141.87,4152.53
2026.06.19 12:00,4152.55,4180.02,4147.40,4179.05
2026.06.19 13:00,4179.45,4182.82,4150.62,4151.51
2026.06.19 14:00,4151.41,4154.38,4142.55,4149.22
2026.06.19 15:00,4149.22,4153.91,4147.62,4150.97
2026.06.19 16:00,4151.02,4157.81,4144.41,4155.55
2026.06.19 17:00,4155.71,4155.71,4155.71,4155.71
2026.06.21 22:00,4134.94,4159.63,4134.94,4156.26
2026.06.21 23:00,4156.15,4164.55,4136.50,4140.26
2026.06.22 00:00,4140.52,4200.84,4139.76,4200.79
2026.06.22 01:00,4201.33,4220.00,4189.70,4190.87
2026.06.22 02:00,4190.88,4200.14,4183.57,4188.54
2026.06.22 03:00,4188.53,4190.00,4170.71,4171.51
2026.06.22 04:00,4171.17,4182.14,4170.66,4181.74
2026.06.22 05:00,4181.59,4198.32,4179.37,4193.75
2026.06.22 06:00,4193.74,4207.31,4191.23,4197.52
2026.06.22 07:00,4198.03,4201.74,4188.82,4190.40
2026.06.22 08:00,4190.41,4197.64,4188.80,4197.33
2026.06.22 09:00,4197.76,4209.97,4196.00,4208.16
2026.06.22 10:00,4208.16,4214.12,4203.65,4204.66
2026.06.22 11:00,4204.66,4215.00,4201.49,4207.38
2026.06.22 12:00,4207.40,4211.71,4192.22,4193.36
2026.06.22 13:00,4193.34,4205.63,4182.95,4199.84
2026.06.22 14:00,4199.93,4210.66,4186.53,4198.25
2026.06.22 15:00,4198.46,4201.25,4169.78,4182.85
2026.06.22 16:00,4182.81,4192.69,4174.44,4189.77
2026.06.22 17:00,4190.10,4191.59,4177.08,4182.86
2026.06.22 18:00,4183.10,4192.78,4182.48,4191.23
2026.06.22 19:00,4191.40,4193.35,4184.14,4190.72
2026.06.22 20:00,4190.59,4193.72,4188.61,4191.34
2026.06.22 22:00,4190.62,4194.52,4188.51,4189.89
2026.06.22 23:00,4189.91,4195.29,4186.88,4187.54
2026.06.23 00:00,4187.82,4194.63,4178.36,4193.27
2026.06.23 01:00,4193.44,4198.16,4150.15,4161.24
2026.06.23 02:00,4161.41,4163.47,4146.61,4146.88
2026.06.23 03:00,4147.69,4149.63,4130.87,4143.98
2026.06.23 04:00,4144.27,4146.89,4113.82,4118.13
2026.06.23 05:00,4118.42,4137.31,4115.45,4121.13
2026.06.23 06:00,4121.15,4126.81,4110.43,4114.36
2026.06.23 07:00,4114.20,4124.72,4096.70,4098.76
2026.06.23 08:00,4098.90,4110.88,4090.97,4105.26
2026.06.23 09:00,4105.27,4122.25,4104.19,4122.25
2026.06.23 10:00,4122.25,4133.18,4119.67,4119.77
2026.06.23 11:00,4119.79,4131.72,4117.49,4123.28
2026.06.23 12:00,4122.83,4127.35,4111.73,4113.28
2026.06.23 13:00,4113.23,4140.36,4105.41,4135.70
2026.06.23 14:00,4135.45,4144.55,4122.98,4130.12
2026.06.23 15:00,4130.36,4141.53,4123.51,4138.61
2026.06.23 16:00,4138.60,4143.79,4131.56,4134.23
2026.06.23 17:00,4134.23,4139.69,4127.81,4127.98
2026.06.23 18:00,4127.97,4131.04,4112.85,4117.71
2026.06.23 19:00,4118.13,4125.92,4111.74,4111.74
2026.06.23 20:00,4111.52,4112.88,4107.43,4111.07
2026.06.23 22:00,4114.16,4118.60,4097.27,4104.38
2026.06.23 23:00,4104.39,4104.40,4080.94,4098.87
2026.06.24 00:00,4098.86,4112.01,4093.79,4097.34
2026.06.24 01:00,4097.32,4102.18,4068.58,4089.01
2026.06.24 02:00,4089.32,4095.82,4052.21,4061.11
2026.06.24 03:00,4061.32,4070.62,4050.46,4062.76
2026.06.24 04:00,4062.98,4067.11,4055.00,4064.48
2026.06.24 05:00,4064.38,4086.21,4060.74,4075.85
2026.06.24 06:00,4076.09,4097.53,4075.92,4087.11
2026.06.24 07:00,4086.40,4090.73,4073.69,4074.80
2026.06.24 08:00,4074.79,4087.53,4073.21,4076.24
2026.06.24 09:00,4076.44,4079.04,4064.14,4064.64
2026.06.24 10:00,4064.66,4066.86,4054.75,4055.61
2026.06.24 11:00,4055.62,4058.44,4037.57,4046.67
2026.06.24 12:00,4046.62,4048.80,3987.66,3987.66
2026.06.24 13:00,3987.90,4041.96,3964.57,4038.36
2026.06.24 14:00,4038.18,4041.02,4003.00,4008.00
2026.06.24 15:00,4008.57,4016.71,3997.26,4002.42
2026.06.24 16:00,4002.42,4022.17,3995.68,4006.63
2026.06.24 17:00,4006.72,4011.19,3972.72,3972.73
2026.06.24 18:00,3973.36,3994.19,3959.20,3981.42
2026.06.24 19:00,3981.34,3990.69,3973.54,3988.04
2026.06.24 20:00,3988.05,4002.73,3984.68,3999.30
2026.06.24 22:00,4001.20,4008.76,3992.99,3996.37
2026.06.24 23:00,3996.41,4018.62,3990.98,4012.36
2026.06.25 00:00,4013.18,4016.30,3978.57,3991.51
2026.06.25 01:00,3991.78,4005.76,3972.44,3976.67
2026.06.25 02:00,3976.72,3990.86,3963.77,3983.29
2026.06.25 03:00,3982.89,4001.10,3966.33,3995.53
2026.06.25 04:00,3995.74,3997.55,3983.66,3996.04
2026.06.25 05:00,3996.04,3999.93,3980.46,3986.40
2026.06.25 06:00,3986.41,3989.16,3974.11,3977.18
2026.06.25 07:00,3977.43,3989.77,3971.47,3987.89
2026.06.25 08:00,3988.13,4002.01,3984.29,3989.16
2026.06.25 09:00,3989.30,3997.59,3986.09,3988.06
2026.06.25 10:00,3988.20,3989.34,3981.38,3984.29
2026.06.25 11:00,3984.50,3987.72,3973.67,3980.00
2026.06.25 12:00,3980.62,4019.16,3978.92,4012.35
2026.06.25 13:00,4012.62,4033.97,4001.12,4002.27
2026.06.25 14:00,4003.33,4028.36,3999.15,4011.98
2026.06.25 15:00,4011.97,4042.67,4005.03,4041.15
2026.06.25 16:00,4041.17,4044.02,4023.82,4028.70
2026.06.25 17:00,4028.73,4036.65,4026.94,4034.69
2026.06.25 18:00,4034.75,4044.16,4026.67,4034.75
2026.06.25 19:00,4035.06,4043.75,4021.91,4026.80
2026.06.25 20:00,4026.44,4034.98,4024.29,4026.79
2026.06.25 22:00,4039.82,4039.82,4019.87,4026.34
2026.06.25 23:00,4026.04,4030.33,4012.54,4014.50
2026.06.26 00:00,4014.74,4024.33,4011.41,4020.25
2026.06.26 01:00,4020.50,4029.42,4014.31,4020.95
2026.06.26 02:00,4021.54,4023.26,3983.07,3990.73
2026.06.26 03:00,3990.51,4006.55,3986.63,4004.18
2026.06.26 04:00,4004.17,4015.29,3998.79,4011.31
2026.06.26 05:00,4011.70,4021.57,4005.85,4007.92
2026.06.26 06:00,4008.14,4033.18,4006.86,4032.05
2026.06.26 07:00,4032.09,4039.69,4026.70,4030.77
2026.06.26 08:00,4030.65,4037.78,4025.79,4030.95
2026.06.26 09:00,4030.97,4054.05,4029.60,4047.17
2026.06.26 10:00,4047.22,4054.72,4042.31,4054.67
2026.06.26 11:00,4054.66,4055.24,4042.70,4045.92
2026.06.26 12:00,4045.93,4061.47,4035.97,4059.03
2026.06.26 13:00,4059.57,4078.01,4043.38,4073.51
2026.06.26 14:00,4074.36,4092.95,4068.12,4080.53
2026.06.26 15:00,4080.50,4095.90,4075.73,4090.51
2026.06.26 16:00,4090.50,4093.48,4082.23,4085.04
2026.06.26 17:00,4085.08,4088.14,4073.68,4074.67
2026.06.26 18:00,4074.78,4078.80,4067.10,4067.28
2026.06.26 19:00,4067.36,4074.60,4064.54,4071.59
2026.06.26 20:00,4071.70,4090.46,4064.60,4087.78
2026.06.28 22:00,4080.28,4086.19,4053.27,4066.42
2026.06.28 23:00,4066.46,4070.24,4052.02,4062.62
2026.06.29 00:00,4062.72,4074.16,4048.27,4069.54
2026.06.29 01:00,4069.31,4074.51,4053.80,4061.23
2026.06.29 02:00,4061.27,4071.61,4058.46,4066.34
2026.06.29 03:00,4066.33,4075.57,4065.02,4068.94
2026.06.29 04:00,4068.91,4068.96,4049.64,4052.23
2026.06.29 05:00,4051.68,4057.39,4039.39,4054.42
2026.06.29 06:00,4054.96,4064.93,4053.56,4062.37
2026.06.29 07:00,4062.60,4068.45,4056.12,4061.64
2026.06.29 08:00,4061.26,4066.62,4043.69,4046.96
2026.06.29 09:00,4046.96,4055.18,4025.21,4031.52
2026.06.29 10:00,4031.52,4039.54,4027.49,4036.77
2026.06.29 11:00,4037.40,4042.25,4027.43,4039.18
2026.06.29 12:00,4039.15,4052.35,4037.62,4043.55
2026.06.29 13:00,4043.69,4051.64,4028.27,4032.16
2026.06.29 14:00,4032.78,4035.24,4000.73,4025.60
2026.06.29 15:00,4026.00,4030.32,4016.73,4026.95
2026.06.29 16:00,4026.94,4028.65,4018.74,4023.89
2026.06.29 17:00,4023.93,4032.03,4019.38,4020.99
2026.06.29 18:00,4021.01,4025.21,4011.98,4013.37
2026.06.29 19:00,4013.36,4019.49,4005.23,4015.85
2026.06.29 20:00,4015.02,4017.95,4012.71,4016.17
2026.06.29 22:00,4023.06,4023.48,4009.71,4014.15
2026.06.29 23:00,4014.68,4022.38,4013.54,4014.86
2026.06.30 00:00,4014.25,4015.13,3980.14,3987.28
2026.06.30 01:00,3987.13,3987.13,3942.00,3969.32
2026.06.30 02:00,3969.34,3973.11,3952.39,3962.74
2026.06.30 03:00,3962.87,3971.01,3960.21,3969.77
2026.06.30 04:00,3969.76,3998.02,3968.17,3985.50
2026.06.30 05:00,3985.51,3990.75,3975.25,3977.96
2026.06.30 06:00,3977.97,4033.91,3977.97,4029.78
2026.06.30 07:00,4029.84,4034.72,4023.86,4032.24
2026.06.30 08:00,4032.28,4037.59,4013.68,4015.57
2026.06.30 09:00,4015.24,4023.86,4012.41,4023.86
2026.06.30 10:00,4024.07,4031.30,4021.51,4029.86
2026.06.30 11:00,4029.88,4037.28,4025.43,4033.87
2026.06.30 12:00,4034.02,4034.38,4008.71,4009.89
2026.06.30 13:00,4009.53,4033.30,4009.48,4029.64
2026.06.30 14:00,4030.04,4063.35,4024.88,4037.39
2026.06.30 15:00,4037.36,4039.26,4022.18,4029.33
2026.06.30 16:00,4029.30,4033.88,4025.91,4026.11
2026.06.30 17:00,4026.12,4032.17,4020.75,4030.77
2026.06.30 18:00,4030.79,4033.77,4028.17,4028.51
2026.06.30 19:00,4028.51,4029.42,4014.77,4015.86
2026.06.30 20:00,4015.38,4020.95,4006.56,4007.88
2026.06.30 22:00,4016.84,4018.53,4010.91,4013.10
2026.06.30 23:00,4013.10,4018.23,4005.32,4005.75
2026.07.01 00:00,4005.72,4009.71,3993.26,3996.67
2026.07.01 01:00,3996.74,3999.64,3973.92,3977.76
2026.07.01 02:00,3977.74,3985.94,3970.14,3979.00
2026.07.01 03:00,3979.10,3986.83,3976.68,3980.46
2026.07.01 04:00,3980.46,3982.70,3972.29,3976.58
2026.07.01 05:00,3976.54,3978.80,3969.85,3973.91
2026.07.01 06:00,3973.78,3977.41,3963.13,3971.80
2026.07.01 07:00,3971.67,3978.24,3960.17,3975.93
2026.07.01 08:00,3975.67,3984.32,3969.38,3974.35
2026.07.01 09:00,3974.33,3985.83,3972.68,3984.37
2026.07.01 10:00,3984.34,3998.67,3981.37,3998.29
2026.07.01 11:00,3998.30,4035.39,3997.90,4030.39
2026.07.01 12:00,4030.55,4033.85,4019.73,4022.70
2026.07.01 13:00,4022.69,4107.94,4012.81,4089.71
2026.07.01 14:00,4091.07,4115.42,4082.87,4093.30
2026.07.01 15:00,4093.35,4094.49,4076.83,4081.11
2026.07.01 16:00,4081.10,4088.40,4070.46,4071.17
2026.07.01 17:00,4071.14,4073.52,4067.35,4068.18
2026.07.01 18:00,4068.15,4070.69,4057.83,4062.09
2026.07.01 19:00,4062.06,4068.24,4034.49,4038.83
2026.07.01 20:00,4038.87,4039.07,4028.53,4031.05
2026.07.01 22:00,4032.20,4045.03,4032.20,4044.93
2026.07.01 23:00,4044.91,4045.02,4033.29,4034.95
2026.07.02 00:00,4034.51,4052.33,4030.68,4051.69
2026.07.02 01:00,4051.70,4068.35,4045.19,4050.16
2026.07.02 02:00,4050.11,4060.83,4041.20,4057.14
2026.07.02 03:00,4057.02,4074.03,4055.38,4069.83
2026.07.02 04:00,4070.04,4072.82,4060.55,4060.63
2026.07.02 05:00,4060.63,4067.48,4053.23,4065.97
2026.07.02 06:00,4066.17,4079.65,4065.99,4073.26
2026.07.02 07:00,4073.17,4075.39,4060.71,4064.53
2026.07.02 08:00,4064.09,4079.88,4061.26,4076.03
2026.07.02 09:00,4076.00,4076.81,4063.87,4065.20
2026.07.02 10:00,4065.25,4068.55,4061.42,4066.19
2026.07.02 11:00,4066.22,4072.16,4057.33,4065.16
2026.07.02 12:00,4065.29,4140.27,4061.27,4117.43
2026.07.02 13:00,4117.85,4143.69,4109.50,4136.67
2026.07.02 14:00,4136.66,4138.09,4114.32,4128.51
2026.07.02 15:00,4128.81,4131.13,4114.68,4128.33
2026.07.02 16:00,4128.33,4130.08,4100.30,4117.99
2026.07.02 17:00,4117.82,4119.69,4105.67,4106.69
2026.07.02 18:00,4106.69,4126.92,4105.80,4122.54
2026.07.02 19:00,4122.54,4124.32,4108.09,4121.20
2026.07.02 20:00,4120.84,4124.98,4116.31,4122.54
2026.07.02 22:00,4126.51,4127.95,4122.40,4124.52
2026.07.02 23:00,4124.51,4133.74,4121.11,4126.08
2026.07.03 00:00,4125.70,4150.74,4123.04,4147.18
2026.07.03 01:00,4147.14,4195.31,4146.62,4182.16
2026.07.03 02:00,4182.18,4186.76,4176.47,4183.45
2026.07.03 03:00,4183.25,4184.50,4175.17,4175.91
2026.07.03 04:00,4175.91,4182.70,4173.03,4178.74
2026.07.03 05:00,4178.75,4181.77,4169.17,4171.09
2026.07.03 06:00,4171.19,4174.34,4160.40,4173.02
2026.07.03 07:00,4173.03,4181.53,4169.21,4176.58
2026.07.03 08:00,4177.51,4186.38,4176.79,4180.92
2026.07.03 09:00,4180.97,4181.53,4168.48,4171.93
2026.07.03 10:00,4171.84,4180.99,4170.73,4177.01
2026.07.03 11:00,4177.00,4186.18,4175.48,4180.86
2026.07.03 12:00,4180.94,4183.09,4172.14,4176.76
2026.07.03 13:00,4176.89,4179.18,4163.57,4164.62
2026.07.03 14:00,4164.54,4171.02,4155.36,4169.71
2026.07.03 15:00,4169.72,4174.28,4164.41,4164.82
2026.07.03 16:00,4164.73,4176.29,4162.71,4174.80
2026.07.05 22:00,4181.75,4191.39,4171.32,4188.23
2026.07.05 23:00,4188.33,4201.62,4177.73,4183.05
2026.07.06 00:00,4183.08,4188.86,4170.58,4180.17
2026.07.06 01:00,4179.45,4202.60,4172.62,4185.96
2026.07.06 02:00,4186.25,4187.71,4168.54,4174.02
2026.07.06 03:00,4173.88,4176.25,4160.96,4165.12
2026.07.06 04:00,4165.11,4166.51,4157.45,4159.54
2026.07.06 05:00,4159.64,4160.84,4144.71,4147.86
2026.07.06 06:00,4147.88,4159.39,4145.83,4150.19
2026.07.06 07:00,4150.56,4166.12,4147.12,4164.36
2026.07.06 08:00,4164.66,4165.92,4147.02,4150.40
2026.07.06 09:00,4150.38,4151.11,4136.63,4143.13
2026.07.06 10:00,4143.13,4155.69,4141.98,4154.80
2026.07.06 11:00,4155.21,4159.45,4151.42,4155.15
2026.07.06 12:00,4155.25,4158.37,4131.40,4139.53
2026.07.06 13:00,4139.79,4150.33,4136.65,4140.81
2026.07.06 14:00,4140.76,4147.07,4128.46,4138.05
2026.07.06 15:00,4138.30,4151.82,4137.45,4148.22
2026.07.06 16:00,4148.23,4156.10,4140.19,4154.92
2026.07.06 17:00,4154.92,4161.48,4150.25,4161.28
2026.07.06 18:00,4161.35,4167.35,4155.31,4163.78
2026.07.06 19:00,4163.79,4165.24,4158.78,4163.66
2026.07.06 20:00,4163.87,4165.41,4160.67,4164.75
2026.07.06 22:00,4160.61,4168.33,4160.61,4164.17
2026.07.06 23:00,4164.22,4165.52,4156.88,4157.29
2026.07.07 00:00,4157.17,4162.61,4145.32,4145.99
2026.07.07 01:00,4145.99,4147.94,4125.93,4141.80
2026.07.07 02:00,4141.80,4145.14,4131.28,4136.54
2026.07.07 03:00,4136.58,4139.96,4124.29,4131.00
2026.07.07 04:00,4131.03,4141.15,4125.80,4126.53
2026.07.07 05:00,4126.58,4131.14,4116.70,4123.82
2026.07.07 06:00,4123.55,4132.86,4121.45,4130.34
2026.07.07 07:00,4130.35,4133.38,4124.30,4124.63
2026.07.07 08:00,4124.29,4139.05,4121.79,4125.92
2026.07.07 09:00,4125.91,4133.63,4119.77,4131.03
2026.07.07 10:00,4131.08,4138.78,4131.05,4135.58
2026.07.07 11:00,4135.75,4158.10,4131.75,4156.80
2026.07.07 12:00,4157.10,4174.88,4154.62,4172.17
2026.07.07 13:00,4172.23,4180.28,4156.03,4158.56
2026.07.07 14:00,4158.52,4163.44,4143.57,4154.19
2026.07.07 15:00,4154.25,4155.49,4135.81,4138.97
2026.07.07 16:00,4138.98,4147.12,4137.04,4144.94
2026.07.07 17:00,4144.95,4148.06,4140.52,4144.42
2026.07.07 18:00,4144.59,4145.08,4125.07,4126.84
2026.07.07 19:00,4126.66,4127.52,4092.21,4114.51
2026.07.07 20:00,4113.41,4115.77,4103.37,4105.58
2026.07.07 22:00,4097.06,4106.19,4093.88,4098.27
2026.07.07 23:00,4098.27,4107.84,4095.84,4098.46
2026.07.08 00:00,4098.26,4126.57,4096.87,4111.45
2026.07.08 01:00,4111.78,4117.75,4096.40,4111.15
2026.07.08 02:00,4111.22,4124.78,4106.01,4114.52
2026.07.08 03:00,4114.46,4131.03,4114.46,4123.35
2026.07.08 04:00,4123.36,4128.73,4120.52,4124.98
2026.07.08 05:00,4124.99,4133.85,4121.16,4127.70
2026.07.08 06:00,4127.70,4133.54,4122.08,4123.53
2026.07.08 07:00,4123.39,4127.13,4114.76,4120.99
2026.07.08 08:00,4120.97,4121.09,4052.43,4056.56
2026.07.08 09:00,4056.60,4060.81,4041.33,4043.24
2026.07.08 10:00,4043.73,4058.24,4040.58,4052.86
2026.07.08 11:00,4052.87,4072.39,4041.46,4061.90
2026.07.08 12:00,4062.07,4086.27,4058.67,4071.97
2026.07.08 13:00,4072.06,4082.87,4065.28,4070.72
2026.07.08 14:00,4070.58,4071.29,4033.66,4040.80
2026.07.08 15:00,4041.30,4043.71,4021.71,4034.20
2026.07.08 16:00,4034.15,4064.27,4033.16,4063.57
2026.07.08 17:00,4063.74,4076.25,4059.59,4065.73
2026.07.08 18:00,4065.45,4091.30,4063.51,4084.24
2026.07.08 19:00,4084.62,4091.06,4078.31,4079.96
2026.07.08 20:00,4079.35,4083.24,4071.38,4074.77
2026.07.08 22:00,4073.86,4079.81,4072.45,4076.50
2026.07.08 23:00,4076.74,4077.70,4071.84,4076.15
2026.07.09 00:00,4076.13,4089.58,4070.28,4073.84
2026.07.09 01:00,4073.83,4078.61,4062.25,4072.67
2026.07.09 02:00,4072.79,4082.43,4064.31,4064.87
2026.07.09 03:00,4064.89,4067.38,4054.18,4063.96
2026.07.09 04:00,4064.01,4064.44,4056.44,4064.22
2026.07.09 05:00,4064.21,4084.14,4063.63,4081.95
2026.07.09 06:00,4081.96,4107.95,4081.43,4107.91
2026.07.09 07:00,4107.95,4111.08,4101.53,4107.87
2026.07.09 08:00,4108.25,4117.61,4105.27,4108.21
2026.07.09 09:00,4108.20,4112.23,4103.13,4106.28
2026.07.09 10:00,4106.22,4109.85,4093.86,4098.98
2026.07.09 11:00,4098.95,4110.49,4097.77,4108.57
2026.07.09 12:00,4108.95,4122.47,4105.01,4107.61
2026.07.09 13:00,4107.60,4129.44,4106.73,4121.91
2026.07.09 14:00,4121.84,4135.87,4114.22,4127.66
2026.07.09 15:00,4127.68,4132.65,4124.79,4126.80
2026.07.09 16:00,4127.02,4137.85,4125.59,4127.93
2026.07.09 17:00,4128.06,4137.89,4124.94,4136.10
2026.07.09 18:00,4136.03,4136.25,4121.39,4124.42
2026.07.09 19:00,4124.26,4126.85,4118.83,4122.55
2026.07.09 20:00,4122.66,4125.44,4120.52,4123.36
2026.07.09 22:00,4125.58,4127.39,4121.46,4121.70
2026.07.09 23:00,4121.70,4125.08,4120.98,4123.33
2026.07.10 00:00,4123.42,4128.17,4114.43,4126.41
2026.07.10 01:00,4126.33,4130.90,4108.80,4116.82
2026.07.10 02:00,4117.04,4128.95,4116.09,4127.64
2026.07.10 03:00,4127.59,4134.68,4119.31,4120.14
2026.07.10 04:00,4120.14,4120.95,4112.06,4115.07
2026.07.10 05:00,4114.99,4117.04,4108.29,4116.68
2026.07.10 06:00,4116.67,4119.91,4111.02,4111.61
2026.07.10 07:00,4111.58,4115.21,4104.17,4108.84
2026.07.10 08:00,4108.84,4109.38,4094.71,4097.74
2026.07.10 09:00,4097.66,4105.33,4094.31,4104.23
2026.07.10 10:00,4104.36,4112.54,4104.23,4104.50
2026.07.10 11:00,4104.35,4108.03,4096.03,4102.23
2026.07.10 12:00,4102.27,4117.19,4097.44,4100.64
2026.07.10 13:00,4100.63,4106.55,4085.60,4099.78
2026.07.10 14:00,4100.10,4108.82,4072.62,4092.64
2026.07.10 15:00,4093.13,4113.37,4091.26,4112.97
2026.07.10 16:00,4112.94,4115.33,4104.30,4104.42
2026.07.10 17:00,4104.32,4106.69,4100.38,4100.70
2026.07.10 18:00,4100.73,4105.20,4098.01,4101.10
2026.07.10 19:00,4101.05,4108.88,4097.70,4108.46
2026.07.10 20:00,4108.51,4120.83,4108.32,4120.35
2026.07.12 22:00,4086.40,4103.55,4070.23,4076.59
2026.07.12 23:00,4076.60,4084.68,4068.53,4084.35
2026.07.13 00:00,4084.39,4090.96,4061.11,4073.93
2026.07.13 01:00,4073.91,4089.62,4065.37,4072.22
2026.07.13 02:00,4072.48,4077.35,4064.73,4068.59
2026.07.13 03:00,4068.68,4069.28,4052.95,4060.34
2026.07.13 04:00,4060.35,4060.35,4050.23,4058.70
2026.07.13 05:00,4058.79,4072.91,4052.16,4053.74
2026.07.13 06:00,4053.57,4063.43,4043.73,4055.56
2026.07.13 07:00,4055.42,4064.98,4048.83,4064.48
2026.07.13 08:00,4064.66,4080.56,4063.07,4074.49
2026.07.13 09:00,4074.50,4076.52,4068.11,4068.17
2026.07.13 10:00,4068.13,4070.44,4047.03,4060.44
2026.07.13 11:00,4060.55,4068.11,4054.89,4056.32
2026.07.13 12:00,4056.33,4067.25,4053.48,4067.22
2026.07.13 13:00,4067.30,4067.46,4042.02,4042.97
2026.07.13 14:00,4042.99,4046.71,4000.19,4015.25
2026.07.13 15:00,4015.28,4020.12,4010.26,4015.90
2026.07.13 16:00,4015.80,4017.78,3986.52,3993.13
2026.07.13 17:00,3993.13,4001.73,3992.05,3993.11
2026.07.13 18:00,3993.13,4004.96,3986.67,4001.37
2026.07.13 19:00,4001.93,4004.38,3993.40,4002.20
2026.07.13 20:00,4001.85,4006.06,3996.81,4001.50
2026.07.13 22:00,4005.30,4006.47,4000.74,4000.83
2026.07.13 23:00,4000.85,4002.92,3992.71,4001.04
2026.07.14 00:00,4001.69,4007.12,3983.72,4004.08
2026.07.14 01:00,4004.19,4011.97,3992.24,4010.31
2026.07.14 02:00,4010.49,4018.88,4005.89,4012.14
2026.07.14 03:00,4012.17,4018.92,4011.04,4016.75
2026.07.14 04:00,4016.80,4023.20,4013.39,4020.16
2026.07.14 05:00,4020.37,4033.95,4019.60,4031.28
2026.07.14 06:00,4031.24,4033.06,4021.65,4023.77
2026.07.14 07:00,4023.72,4029.71,4020.05,4020.61
2026.07.14 08:00,4020.79,4023.72,4014.52,4015.79
2026.07.14 09:00,4015.80,4024.20,4013.72,4021.63
2026.07.14 10:00,4021.77,4022.70,4015.06,4021.56
2026.07.14 11:00,4021.56,4031.75,4015.39,4031.17
2026.07.14 12:00,4031.07,4101.28,4023.15,4076.21
2026.07.14 13:00,4076.34,4088.49,4070.81,4076.62
2026.07.14 14:00,4076.61,4089.98,4070.63,4085.13
2026.07.14 15:00,4085.22,4100.34,4064.56,4066.13
2026.07.14 16:00,4066.14,4066.85,4057.63,4061.46
2026.07.14 17:00,4061.46,4064.91,4054.42,4062.69
2026.07.14 18:00,4062.69,4062.98,4042.75,4054.04
2026.07.14 19:00,4054.07,4057.16,4047.48,4055.51
2026.07.14 20:00,4055.72,4055.72,4049.18,4051.99
2026.07.14 22:00,4052.89,4053.64,4048.45,4048.85
2026.07.14 23:00,4048.87,4055.95,4046.72,4052.90
2026.07.15 00:00,4052.90,4060.37,4049.83,4058.89
2026.07.15 01:00,4059.65,4061.89,4035.53,4037.24
2026.07.15 02:00,4037.10,4042.05,4029.09,4035.18
2026.07.15 03:00,4035.19,4040.19,4028.06,4031.10
2026.07.15 04:00,4031.15,4034.94,4028.13,4033.02
2026.07.15 05:00,4033.33,4036.45,4022.07,4034.59
2026.07.15 06:00,4034.65,4035.43,4021.07,4031.99
2026.07.15 07:00,4031.82,4034.18,4019.63,4024.32
2026.07.15 08:00,4024.34,4032.98,4017.32,4031.08
2026.07.15 09:00,4031.26,4034.13,4025.44,4030.14
2026.07.15 10:00,4030.14,4035.84,4026.49,4028.06
2026.07.15 11:00,4028.05,4040.01,4027.51,4038.22
2026.07.15 12:00,4038.37,4071.37,4035.86,4067.68
2026.07.15 13:00,4068.28,4073.97,4054.10,4061.35
2026.07.15 14:00,4061.55,4065.94,4053.26,4060.31
2026.07.15 15:00,4060.93,4062.79,4039.50,4046.94
2026.07.15 16:00,4046.82,4047.72,4026.89,4033.75
2026.07.15 17:00,4033.69,4065.89,4032.94,4062.16
2026.07.15 18:00,4062.18,4081.12,4057.98,4059.04
2026.07.15 19:00,4059.11,4062.80,4047.84,4056.83
2026.07.15 20:00,4056.68,4063.05,4055.08,4060.21
2026.07.15 22:00,4065.16,4066.08,4058.24,4059.57
2026.07.15 23:00,4059.47,4061.97,4055.61,4057.71
2026.07.16 00:00,4057.69,4061.05,4043.74,4044.50
2026.07.16 01:00,4044.58,4050.42,4033.79,4038.92
2026.07.16 02:00,4039.00,4039.99,4024.45,4031.43
2026.07.16 03:00,4031.32,4036.79,4027.64,4036.19
2026.07.16 04:00,4036.50,4037.69,4031.82,4033.05
2026.07.16 05:00,4033.02,4033.82,4025.52,4027.23
2026.07.16 06:00,4027.22,4036.38,4022.68,4030.51
2026.07.16 07:00,4030.49,4031.69,4022.98,4030.67
2026.07.16 08:00,4030.49,4036.38,4025.13,4035.19
2026.07.16 09:00,4035.26,4037.39,4030.38,4031.82
2026.07.16 10:00,4031.67,4034.61,4028.57,4029.45
2026.07.16 11:00,4029.41,4042.28,4021.24,4038.37
2026.07.16 12:00,4038.86,4043.23,3990.40,3992.35
2026.07.16 13:00,3991.98,4008.23,3973.81,3990.07
2026.07.16 14:00,3990.07,4006.53,3987.05,3997.72
2026.07.16 15:00,3997.87,4016.68,3989.28,4006.88
2026.07.16 16:00,4006.89,4007.51,3982.29,3991.94
2026.07.16 17:00,3992.20,3992.82,3979.96,3984.49
2026.07.16 18:00,3984.65,3990.28,3976.45,3980.24
2026.07.16 19:00,3980.25,3985.99,3969.24,3979.72
2026.07.16 20:00,3979.23,3980.06,3971.72,3975.95
2026.07.16 22:00,3977.47,3980.15,3973.16,3978.21
2026.07.16 23:00,3978.22,3986.30,3975.43,3985.86
2026.07.17 00:00,3985.87,3991.89,3980.56,3991.81
2026.07.17 01:00,3991.83,3996.02,3979.12,3983.05
2026.07.17 02:00,3983.31,3987.21,3970.66,3979.03
2026.07.17 03:00,3979.09,4008.10,3978.69,3991.29
2026.07.17 04:00,3991.23,3991.54,3980.12,3981.70
2026.07.17 05:00,3981.55,3991.32,3975.32,3984.96
2026.07.17 06:00,3984.94,4007.09,3984.94,3999.29
2026.07.17 07:00,3998.92,4002.49,3992.63,3992.63
2026.07.17 08:00,3992.59,3999.75,3987.81,3994.10
2026.07.17 09:00,3993.95,4002.32,3992.69,3997.96
2026.07.17 10:00,3998.21,3998.97,3990.45,3990.74
2026.07.17 11:00,3991.18,3998.61,3989.92,3994.11
2026.07.17 12:00,3993.96,3995.40,3963.99,3966.00
2026.07.17 13:00,3966.07,4003.21,3959.56,3997.14
2026.07.17 14:00,3997.00,4004.28,3990.26,4001.14
2026.07.17 15:00,4001.09,4021.05,3997.76,4018.99
2026.07.17 16:00,4019.13,4023.63,4011.16,4014.87
2026.07.17 17:00,4015.20,4019.12,4008.28,4009.94
2026.07.17 18:00,4010.14,4016.10,4006.53,4011.19
2026.07.17 19:00,4011.18,4016.45,4002.20,4015.34
2026.07.17 20:00,4015.40,4018.35,4008.63,4018.03
2026.07.19 22:00,4001.76,4007.54,3993.35,3994.73
2026.07.19 23:00,3994.80,3995.97,3989.36,3995.46
2026.07.20 00:00,3995.45,4009.87,3982.72,4008.46
2026.07.20 01:00,4008.74,4020.51,3995.72,4002.09
2026.07.20 02:00,4002.30,4028.59,4001.27,4021.82
2026.07.20 03:00,4021.75,4027.77,4018.55,4024.00
2026.07.20 04:00,4024.00,4026.57,4018.40,4018.78
2026.07.20 05:00,4018.86,4020.99,4005.36,4008.60
2026.07.20 06:00,4008.70,4011.66,4002.91,4003.77
2026.07.20 07:00,4003.75,4021.71,4002.09,4016.87
2026.07.20 08:00,4017.17,4030.39,4017.17,4018.90
2026.07.20 09:00,4018.78,4023.20,4014.87,4021.10
2026.07.20 10:00,4021.00,4025.50,4018.16,4024.04
2026.07.20 11:00,4024.12,4040.40,4019.76,4025.23
2026.07.20 12:00,4025.08,4025.08,4006.35,4008.10
2026.07.20 13:00,4007.86,4017.25,4005.64,4005.68
2026.07.20 14:00,4005.53,4013.26,3998.22,4006.03
2026.07.20 15:00,4006.03,4019.35,4004.36,4011.72
2026.07.20 16:00,4011.72,4018.28,4001.92,4009.72
2026.07.20 17:00,4009.71,4012.87,4003.66,4005.12
2026.07.20 18:00,4005.16,4011.68,4003.27,4007.26
2026.07.20 19:00,4007.24,4017.80,4004.23,4006.80
2026.07.20 20:00,4006.52,4009.30,4005.66,4008.05
2026.07.20 22:00,4010.00,4010.60,3999.69,4000.30
2026.07.20 23:00,4000.54,4010.31,4000.09,4009.82
2026.07.21 00:00,4010.06,4027.04,4003.74,4024.78
2026.07.21 01:00,4024.84,4035.72,4018.41,4023.11
2026.07.21 02:00,4023.18,4043.81,4021.98,4037.96
2026.07.21 03:00,4037.93,4051.43,4036.81,4046.86
2026.07.21 04:00,4046.91,4051.52,4043.69,4049.55
2026.07.21 05:00,4049.54,4067.83,4046.35,4060.80
2026.07.21 06:00,4061.44,4083.96,4061.44,4078.65
2026.07.21 07:00,4078.33,4080.05,4067.63,4071.30
2026.07.21 08:00,4071.35,4072.44,4059.12,4062.75
2026.07.21 09:00,4062.77,4069.56,4061.02,4065.94
2026.07.21 10:00,4065.94,4070.09,4060.86,4062.94
2026.07.21 11:00,4062.96,4063.62,4054.39,4055.86
2026.07.21 12:00,4055.91,4063.61,4051.11,4054.00
2026.07.21 13:00,4054.00,4061.58,4044.45,4053.10
2026.07.21 14:00,4053.11,4073.67,4051.73,4068.32
2026.07.21 15:00,4068.19,4083.23,4065.51,4074.09
2026.07.21 16:00,4074.06,4079.00,4069.84,4071.42
2026.07.21 17:00,4071.47,4072.71,4066.75,4068.53
2026.07.21 18:00,4068.52,4086.36,4067.61,4082.18
2026.07.21 19:00,4082.27,4085.42,4080.01,4084.34
2026.07.21 20:00,4084.66,4086.16,4076.65,4077.40
2026.07.21 22:00,4079.83,4084.88,4077.03,4080.36
2026.07.21 23:00,4080.37,4082.98,4079.20,4080.55
2026.07.22 00:00,4080.96,4101.93,4076.70,4097.36
2026.07.22 01:00,4097.68,4123.38,4096.70,4122.04
2026.07.22 02:00,4122.04,4130.72,4118.89,4130.50
2026.07.22 03:00,4130.48,4141.59,4129.25,4130.78
2026.07.22 04:00,4130.78,4131.12,4124.71,4126.91
2026.07.22 05:00,4126.90,4133.90,4123.10,4130.95
2026.07.22 06:00,4130.95,4135.19,4113.37,4116.45
2026.07.22 07:00,4116.85,4122.90,4109.17,4110.55
2026.07.22 08:00,4110.48,4120.02,4110.48,4118.23
2026.07.22 09:00,4118.45,4122.22,4113.24,4114.96
2026.07.22 10:00,4115.04,4121.71,4114.96,4117.45
2026.07.22 11:00,4117.45,4122.91,4112.50,4122.50
2026.07.22 12:00,4122.75,4134.35,4107.08,4112.78
2026.07.22 13:00,4112.79,4155.88,4112.51,4154.66
2026.07.22 14:00,4154.71,4163.33,4144.05,4148.46
2026.07.22 15:00,4148.53,4165.91,4148.53,4159.29
2026.07.22 16:00,4159.30,4159.41,4144.37,4146.76
2026.07.22 17:00,4146.75,4147.77,4138.28,4142.32
2026.07.22 18:00,4142.41,4142.63,4131.89,4135.97
2026.07.22 19:00,4135.97,4137.12,4128.90,4131.64
2026.07.22 20:00,4131.92,4137.71,4128.32,4130.40
2026.07.22 22:00,4119.43,4135.85,4113.65,4121.65
2026.07.22 23:00,4121.90,4133.89,4115.74,4133.29
2026.07.23 00:00,4133.30,4134.61,4125.06,4132.12
2026.07.23 01:00,4132.05,4140.74,4114.23,4117.78
2026.07.23 02:00,4117.69,4128.42,4112.12,4127.88
2026.07.23 03:00,4127.98,4132.83,4124.00,4124.62
2026.07.23 04:00,4124.61,4130.18,4119.97,4121.11
2026.07.23 05:00,4121.10,4130.20,4119.56,4123.98
2026.07.23 06:00,4124.32,4128.09,4116.82,4118.43
2026.07.23 07:00,4118.63,4119.28,4090.14,4095.32
2026.07.23 08:00,4096.15,4097.58,4086.96,4093.14
2026.07.23 09:00,4093.32,4099.29,4088.41,4089.75
2026.07.23 10:00,4089.81,4095.15,4086.07,4093.12
2026.07.23 11:00,4093.12,4093.71,4073.15,4085.56
2026.07.23 12:00,4085.45,4085.77,4060.92,4061.71
2026.07.23 13:00,4061.89,4067.29,4040.51,4042.99
2026.07.23 14:00,4043.19,4061.62,4040.05,4057.84
2026.07.23 15:00,4057.80,4059.37,4042.26,4048.55
2026.07.23 16:00,4049.04,4051.66,4045.76,4051.32
2026.07.23 17:00,4051.45,4054.49,4041.53,4041.67
2026.07.23 18:00,4041.72,4048.23,4040.69,4045.99
2026.07.23 19:00,4046.11,4050.87,4042.91,4049.39
2026.07.23 20:00,4049.71,4051.06,4047.34,4049.58
2026.07.23 22:00,4050.01,4050.28,4048.33,4049.48
2026.07.23 23:00,4049.48,4050.53,4046.56,4046.97
2026.07.24 00:00,4047.11,4050.51,4041.12,4049.74
2026.07.24 01:00,4049.81,4050.23,4039.80,4043.48
2026.07.24 02:00,4043.51,4048.29,4023.07,4024.59
2026.07.24 03:00,4024.72,4033.49,4023.13,4029.16
2026.07.24 04:00,4029.14,4030.26,4025.49,4026.91
2026.07.24 05:00,4027.15,4032.05,4021.91,4022.94
2026.07.24 06:00,4022.95,4038.92,4022.89,4035.56
2026.07.24 07:00,4035.41,4053.53,4034.98,4048.31
2026.07.24 08:00,4048.30,4058.52,4045.04,4057.41
2026.07.24 09:00,4057.49,4060.55,4051.69,4059.68
2026.07.24 10:00,4059.68,4063.73,4057.09,4059.98
2026.07.24 11:00,4059.92,4063.25,4051.33,4057.68
2026.07.24 12:00,4058.22,4060.07,4051.61,4056.01
2026.07.24 13:00,4055.89,4068.56,4044.57,4067.27
2026.07.24 14:00,4067.47,4069.90,4055.81,4063.11
2026.07.24 15:00,4063.22,4081.94,4061.74,4077.23
2026.07.24 16:00,4077.26,4078.05,4064.08,4066.95
2026.07.24 17:00,4067.14,4069.76,4062.93,4063.27
2026.07.24 18:00,4063.50,4064.35,4051.03,4054.28
2026.07.24 19:00,4054.32,4057.82,4049.12,4053.61
2026.07.24 20:00,4053.24,4056.22,4051.50,4052.58
2026.07.26 22:00,4088.27,4096.89,4083.17,4089.45
2026.07.26 23:00,4089.57,4096.20,4083.61,4094.07
2026.07.27 00:00,4093.91,4115.97,4090.69,4100.62
2026.07.27 01:00,4100.57,4112.37,4096.87,4109.98
2026.07.27 02:00,4110.48,4110.80,4093.57,4093.57
2026.07.27 03:00,4093.56,4095.71,4085.04,4090.82
2026.07.27 04:00,4091.01,4092.77,4086.96,4090.14
2026.07.27 05:00,4090.11,4094.60,4084.32,4092.94
2026.07.27 06:00,4093.00,4099.15,4091.17,4095.98
2026.07.27 07:00,4095.79,4105.83,4088.44,4088.73
2026.07.27 08:00,4088.67,4096.76,4087.06,4095.09
2026.07.27 09:00,4095.08,4100.28,4090.41,4096.13
2026.07.27 10:00,4096.06,4102.29,4086.44,4099.44
2026.07.27 11:00,4099.44,4104.03,4093.66,4093.77
2026.07.27 12:00,4093.81,4097.52,4081.63,4083.58
2026.07.27 13:00,4083.64,4089.36,4070.44,4074.05
2026.07.27 14:00,4074.33,4078.99,4065.27,4076.16
2026.07.27 15:00,4076.21,4079.57,4071.68,4078.37
2026.07.27 16:00,4078.34,4093.74,4077.78,4082.26
2026.07.27 17:00,4082.25,4082.25,4070.51,4076.28
2026.07.27 18:00,4076.46,4079.31,4072.90,4077.83
2026.07.27 19:00,4077.83,4089.21,4076.09,4083.22
2026.07.27 20:00,4083.39,4083.96,4075.30,4076.83
2026.07.27 22:00,4079.21,4082.01,4070.88,4074.07
2026.07.27 23:00,4074.11,4074.92,4069.81,4073.21
2026.07.28 00:00,4073.06,4074.01,4057.72,4057.95
2026.07.28 01:00,4057.89,4060.19,4042.49,4045.04
2026.07.28 02:00,4045.07,4048.82,4040.66,4041.96
2026.07.28 03:00,4041.99,4051.07,4040.23,4049.34
2026.07.28 04:00,4049.34,4049.50,4041.55,4042.06
2026.07.28 05:00,4042.05,4046.35,4034.84,4045.12
2026.07.28 06:00,4045.12,4052.27,4042.86,4048.25
2026.07.28 07:00,4048.22,4052.24,4046.08,4047.20
2026.07.28 08:00,4047.20,4055.07,4041.57,4045.37
2026.07.28 09:00,4045.40,4045.80,4019.51,4023.42
2026.07.28 10:00,4023.14,4028.37,4016.96,4026.47
2026.07.28 11:00,4026.42,4032.26,4022.94,4027.98
2026.07.28 12:00,4028.47,4038.04,4022.74,4029.36
2026.07.28 13:00,4029.39,4035.98,4020.22,4021.96
2026.07.28 14:00,4021.99,4033.42,4011.42,4024.31
2026.07.28 15:00,4024.81,4046.93,4022.01,4046.04
2026.07.28 16:00,4046.03,4046.33,4036.56,4037.42
2026.07.28 17:00,4037.41,4041.41,4025.75,4027.74
2026.07.28 18:00,4027.98,4030.27,4021.62,4022.87
2026.07.28 19:00,4022.86,4027.86,4021.81,4026.40
2026.07.28 20:00,4025.73,4030.38,4022.52,4028.70
2026.07.28 22:00,4025.00,4030.38,4013.81,4018.22
2026.07.28 23:00,4018.22,4026.17,4015.05,4024.92
2026.07.29 00:00,4024.93,4029.78,4017.60,4021.79
2026.07.29 01:00,4021.74,4030.35,4010.27,4025.82
2026.07.29 02:00,4026.10,4037.70,4023.01,4029.38
2026.07.29 03:00,4029.16,4032.59,4023.12,4023.50
2026.07.29 04:00,4023.53,4027.65,4020.55,4027.17
2026.07.29 05:00,4027.44,4039.96,4026.57,4032.92
2026.07.29 06:00,4032.90,4044.65,4032.90,4041.02
2026.07.29 07:00,4041.00,4047.59,4041.00,4043.67
2026.07.29 08:00,4043.61,4044.26,4035.59,4037.44
2026.07.29 09:00,4038.19,4038.19,4031.19,4032.50
2026.07.29 10:00,4032.52,4034.31,4025.92,4027.48
2026.07.29 11:00,4027.40,4036.03,4024.87,4032.64
2026.07.29 12:00,4032.73,4033.24,4009.18,4022.52
2026.07.29 13:00,4022.62,4026.31,4002.42,4007.07
2026.07.29 14:00,4007.10,4009.99,3995.87,4004.77
2026.07.29 15:00,4004.68,4013.65,4003.37,4009.76
2026.07.29 16:00,4009.70,4032.73,4007.54,4027.14
2026.07.29 17:00,4027.22,4050.41,4027.22,4044.01
2026.07.29 18:00,4043.98,4109.64,4042.84,4106.98
2026.07.29 19:00,4106.67,4116.43,4044.31,4044.73
2026.07.29 20:00,4045.75,4070.01,4042.76,4067.43
2026.07.29 22:00,4064.39,4090.44,4064.29,4088.44
2026.07.29 23:00,4088.43,4100.25,4084.30,4084.42
2026.07.30 00:00,4084.54,4086.44,4064.82,4072.10
2026.07.30 01:00,4072.08,4092.80,4070.63,4084.50
2026.07.30 02:00,4084.54,4090.27,4063.42,4063.58
2026.07.30 03:00,4063.61,4069.96,4050.69,4058.72
2026.07.30 04:00,4058.73,4060.03,4044.41,4045.94
2026.07.30 05:00,4046.00,4051.13,4028.38,4033.53
2026.07.30 06:00,4033.57,4040.35,4029.30,4036.66
2026.07.30 07:00,4036.65,4051.27,4035.51,4038.79
2026.07.30 08:00,4039.24,4072.84,4036.59,4061.31
2026.07.30 09:00,4061.42,4072.92,4060.24,4063.27
2026.07.30 10:00,4063.32,4082.84,4062.97,4078.01
2026.07.30 11:00,4077.80,4082.63,4075.64,4077.62
2026.07.30 12:00,4077.57,4086.62,4067.16,4068.83
2026.07.30 13:00,4068.84,4112.70,4065.08,4112.25
2026.07.30 14:00,4112.02,4120.12,4086.93,4099.94
2026.07.30 15:00,4100.12,4110.01,4083.05,4108.02
2026.07.30 16:00,4107.97,4119.04,4106.50,4110.57
2026.07.30 17:00,4110.57,4111.08,4098.35,4102.53
2026.07.30 18:00,4102.61,4107.66,4098.71,4099.70
2026.07.30 19:00,4099.63,4115.16,4098.70,4111.64
2026.07.30 20:00,4112.03,4117.29,4099.06,4102.95
2026.07.30 22:00,4104.03,4111.19,4102.44,4109.08
2026.07.30 23:00,4109.06,4111.58,4102.17,4105.75
2026.07.31 00:00,4105.93,4106.94,4090.41,4094.61
2026.07.31 01:00,4094.58,4101.52,4081.88,4084.16
2026.07.31 02:00,4084.40,4090.27,4074.13,4076.07
2026.07.31 03:00,4075.87,4079.31,4071.97,4074.97
2026.07.31 04:00,4074.95,4081.24,4073.36,4079.92
2026.07.31 05:00,4079.92,4083.04,4073.27,4074.26
2026.07.31 06:00,4074.29,4087.41,4072.73,4077.50
2026.07.31 07:00,4077.46,4079.10,4067.45,4067.61
2026.07.31 08:00,4067.59,4067.61,4054.29,4060.87
2026.07.31 09:00,4060.67,4063.83,4050.20,4054.99
2026.07.31 10:00,4054.93,4058.24,4051.91,4054.35
2026.07.31 11:00,4054.37,4060.92,4050.65,4053.98
2026.07.31 12:00,4053.94,4059.24,4040.90,4040.92
2026.07.31 13:00,4041.02,4046.65,4021.94,4025.35
2026.07.31 14:00,4024.87,4050.12,4021.02,4048.75
2026.07.31 15:00,4048.77,4052.46,4036.59,4045.45
2026.07.31 16:00,4045.44,4049.79,4041.16,4043.25
2026.07.31 17:00,4043.18,4054.62,4041.46,4053.66
2026.07.31 18:00,4053.71,4055.08,4047.07,4050.66
2026.07.31 19:00,4050.70,4055.41,4046.88,4050.91
2026.07.31 20:00,4050.86,4052.93,4040.97,4041.78
2026.08.02 22:00,4075.04,4082.65,4063.28,4063.50
2026.08.02 23:00,4063.50,4074.85,4063.06,4074.85
2026.08.03 00:00,4074.74,4078.87,4055.68,4057.04
2026.08.03 01:00,4057.05,4063.07,4047.33,4056.51
2026.08.03 02:00,4056.58,4066.93,4052.00,4062.38
2026.08.03 03:00,4062.20,4067.78,4059.16,4064.89
2026.08.03 04:00,4064.89,4071.73,4063.76,4063.76
2026.08.03 05:00,4063.79,4069.71,4054.04,4068.81
2026.08.03 06:00,4068.85,4071.76,4060.56,4063.79
2026.08.03 07:00,4063.38,4065.10,4052.06,4060.99
2026.08.03 08:00,4060.95,4062.32,4054.18,4059.34
2026.08.03 09:00,4059.34,4062.05,4046.59,4055.21
2026.08.03 10:00,4055.27,4057.01,4046.15,4049.24
2026.08.03 11:00,4049.23,4062.97,4045.52,4062.37
2026.08.03 12:00,4062.36,4064.38,4042.11,4047.57
2026.08.03 13:00,4047.66,4053.36,4019.01,4032.39
2026.08.03 14:00,4030.78,4039.16,4026.57,4036.17
2026.08.03 15:00,4036.16,4040.81,4030.34,4036.19
2026.08.03 16:00,4035.94,4039.13,4034.57,4036.83
2026.08.03 17:00,4036.83,4037.63,4030.17,4030.47
2026.08.03 18:00,4030.47,4044.89,4029.60,4043.33
2026.08.03 19:00,4043.46,4055.65,4043.46,4051.95
2026.08.03 20:00,4051.91,4058.07,4050.09,4054.50
2026.08.03 22:00,4050.77,4054.70,4049.03,4052.78
2026.08.03 23:00,4052.73,4054.90,4050.06,4053.69
2026.08.04 00:00,4053.78,4069.20,4048.63,4049.21
2026.08.04 01:00,4048.52,4061.63,4042.51,4058.64
2026.08.04 02:00,4058.75,4064.85,4055.58,4058.76
2026.08.04 03:00,4058.63,4061.54,4052.04,4052.36
2026.08.04 04:00,4052.36,4066.02,4051.04,4063.73
2026.08.04 05:00,4063.74,4067.61,4057.20,4061.76
2026.08.04 06:00,4061.78,4066.13,4055.62,4063.40
2026.08.04 07:00,4063.59,4066.60,4060.74,4065.38
2026.08.04 08:00,4065.38,4072.70,4054.47,4054.96
2026.08.04 09:00,4054.78,4055.29,4046.18,4049.74
2026.08.04 10:00,4049.76,4060.44,4045.46,4053.70
2026.08.04 11:00,4053.70,4084.06,4052.28,4074.96
2026.08.04 12:00,4074.90,4084.24,4060.86,4070.79
2026.08.04 13:00,4071.08,4093.68,4061.25,4084.08
2026.08.04 14:00,4083.99,4091.65,4074.26,4083.47
2026.08.04 15:00,4083.34,4088.67,4074.71,4087.16
2026.08.04 16:00,4087.21,4093.51,4083.00,4093.24
2026.08.04 17:00,4093.04,4106.22,4086.01,4086.01
2026.08.04 18:00,4085.89,4088.83,4075.12,4079.75
2026.08.04 19:00,4079.80,4084.65,4076.29,4078.31
2026.08.04 20:00,4078.56,4080.20,4074.58,4077.53
2026.08.04 22:00,4078.48,4085.70,4075.56,4075.56
2026.08.04 23:00,4075.85,4076.96,4065.40,4072.42
2026.08.05 00:00,4072.41,4083.39,4070.38,4082.35
2026.08.05 01:00,4081.99,4102.47,4077.67,4101.29
2026.08.05 02:00,4101.32,4135.12,4095.43,4129.06
2026.08.05 03:00,4129.02,4136.37,4126.89,4128.23
2026.08.05 04:00,4128.16,4141.27,4128.16,4135.41
2026.08.05 05:00,4135.41,4172.75,4134.65,4161.41
2026.08.05 06:00,4161.42,4178.37,4160.11,4177.55
2026.08.05 07:00,4177.91,4179.42,4162.23,4170.76
2026.08.05 08:00,4170.76,4172.51,4158.92,4160.33
2026.08.05 09:00,4160.41,4167.14,4153.00,4157.88
2026.08.05 10:00,4157.84,4161.32,4150.08,4161.28
2026.08.05 11:00,4161.28,4192.43,4160.77,4188.79
2026.08.05 12:00,4188.99,4213.37,4183.16,4183.79
2026.08.05 13:00,4183.61,4206.61,4183.61,4205.75
2026.08.05 14:00,4205.88,4247.45,4203.46,4244.08
2026.08.05 15:00,4244.05,4265.01,4232.33,4232.63
2026.08.05 16:00,4232.67,4247.27,4224.65,4242.17
2026.08.05 17:00,4242.24,4252.26,4236.76,4250.16
2026.08.05 18:00,4249.73,4267.52,4249.09,4260.76
2026.08.05 19:00,4260.67,4262.01,4246.29,4247.46
2026.08.05 20:00,4246.93,4249.55,4242.94,4247.23
2026.08.05 22:00,4247.38,4253.95,4245.58,4249.90
2026.08.05 23:00,4250.07,4281.79,4249.04,4278.02
2026.08.06 00:00,4277.64,4300.15,4264.43,4294.62
2026.08.06 01:00,4294.97,4302.40,4272.90,4286.44
2026.08.06 02:00,4285.81,4303.97,4274.93,4278.49
2026.08.06 03:00,4278.49,4280.83,4260.52,4265.52
2026.08.06 04:00,4265.59,4267.12,4252.90,4262.09
2026.08.06 05:00,4261.98,4268.45,4247.08,4267.16
2026.08.06 06:00,4267.16,4268.46,4249.28,4256.03
2026.08.06 07:00,4255.81,4265.23,4252.47,4262.64
2026.08.06 08:00,4262.79,4278.70,4260.19,4278.09
2026.08.06 09:00,4278.10,4284.62,4271.29,4272.97
2026.08.06 10:00,4272.95,4273.52,4264.60,4270.68
2026.08.06 11:00,4270.69,4273.21,4254.10,4263.22
2026.08.06 12:00,4263.50,4270.64,4248.96,4250.11
2026.08.06 13:00,4250.02,4274.04,4230.72,4267.03
2026.08.06 14:00,4267.02,4275.12,4260.03,4272.89
2026.08.06 15:00,4272.94,4274.15,4229.53,4233.49
2026.08.06 16:00,4233.50,4242.88,4223.34,4241.33
2026.08.06 17:00,4241.34,4248.02,4238.38,4247.10
2026.08.06 18:00,4247.11,4249.53,4240.60,4243.31
2026.08.06 19:00,4243.37,4251.15,4232.96,4248.83
2026.08.06 20:00,4248.79,4250.05,4234.67,4239.73
2026.08.06 22:00,4241.11,4243.35,4235.70,4240.68
2026.08.06 23:00,4240.35,4253.14,4240.16,4252.23
2026.08.07 00:00,4251.70,4252.60,4229.56,4232.65
2026.08.07 01:00,4232.60,4259.19,4231.73,4256.69
2026.08.07 02:00,4256.61,4261.53,4247.09,4250.17
2026.08.07 03:00,4250.13,4266.15,4249.56,4265.98
2026.08.07 04:00,4266.01,4268.99,4260.63,4264.89
2026.08.07 05:00,4264.85,4280.41,4261.85,4278.55
2026.08.07 06:00,4278.54,4298.58,4278.36,4297.13
2026.08.07 07:00,4296.98,4297.69,4282.80,4289.96
2026.08.07 08:00,4289.64,4316.28,4288.99,4305.96
2026.08.07 09:00,4305.96,4319.93,4302.12,4316.00
2026.08.07 10:00,4315.97,4320.58,4307.96,4316.77
2026.08.07 11:00,4316.89,4327.44,4316.73,4321.12
2026.08.07 12:00,4321.13,4371.67,4300.10,4360.91
2026.08.07 13:00,4360.98,4367.74,4339.11,4348.01
2026.08.07 14:00,4348.01,4352.68,4327.46,4341.35
2026.08.07 15:00,4341.35,4358.22,4339.69,4340.83
2026.08.07 16:00,4340.79,4349.39,4329.02,4329.03
2026.08.07 17:00,4329.01,4342.91,4327.65,4340.10
2026.08.07 18:00,4340.10,4342.84,4332.08,4335.40
2026.08.07 19:00,4335.23,4350.29,4335.23,4343.84
2026.08.07 20:00,4343.86,4345.10,4335.84,4342.06
2026.08.09 22:00,4339.15,4352.31,4333.63,4341.50
2026.08.09 23:00,4341.52,4348.92,4332.05,4333.18
2026.08.10 00:00,4333.09,4346.96,4330.67,4332.23
2026.08.10 01:00,4332.08,4340.47,4313.37,4322.47
2026.08.10 02:00,4322.41,4332.35,4318.69,4319.57
2026.08.10 03:00,4319.53,4329.77,4317.62,4326.54
2026.08.10 04:00,4326.54,4339.49,4323.09,4339.45
2026.08.10 05:00,4339.33,4352.08,4331.62,4347.56
2026.08.10 06:00,4347.23,4359.61,4341.78,4358.05
2026.08.10 07:00,4358.00,4361.89,4350.02,4355.27
2026.08.10 08:00,4355.36,4356.56,4343.83,4346.76
2026.08.10 09:00,4346.55,4349.90,4340.79,4341.09
2026.08.10 10:00,4341.02,4343.99,4335.37,4335.66
2026.08.10 11:00,4335.86,4339.23,4328.82,4334.91
2026.08.10 12:00,4334.75,4337.34,4324.11,4332.40
2026.08.10 13:00,4332.18,4339.76,4316.61,4317.73
2026.08.10 14:00,4317.76,4351.79,4317.76,4345.35
2026.08.10 15:00,4345.37,4359.35,4343.44,4358.26
2026.08.10 16:00,4358.34,4364.52,4350.29,4356.68
2026.08.10 17:00,4356.67,4365.27,4351.68,4360.12
2026.08.10 18:00,4360.10,4382.83,4359.84,4378.40
2026.08.10 19:00,4378.38,4395.04,4378.38,4388.35
2026.08.10 20:00,4388.56,4391.91,4385.78,4389.18
2026.08.10 22:00,4389.45,4400.63,4387.39,4398.75
2026.08.10 23:00,4399.64,4402.50,4394.58,4402.36
2026.08.11 00:00,4402.31,4419.18,4396.10,4409.27
2026.08.11 01:00,4409.61,4433.77,4393.66,4429.55
2026.08.11 02:00,4429.49,4434.95,4407.95,4410.83
2026.08.11 03:00,4410.81,4421.44,4409.77,4416.70
2026.08.11 04:00,4416.71,4420.13,4403.43,4408.78
2026.08.11 05:00,4408.78,4408.88,4367.43,4375.19
2026.08.11 06:00,4375.22,4382.54,4359.89,4366.14
2026.08.11 07:00,4366.19,4367.59,4356.65,4357.42
2026.08.11 08:00,4357.63,4376.49,4356.98,4368.98
2026.08.11 09:00,4369.04,4375.41,4367.45,4372.30
2026.08.11 10:00,4372.43,4382.39,4371.10,4382.25
2026.08.11 11:00,4382.24,4392.83,4380.33,4387.64
2026.08.11 12:00,4387.63,4399.94,4383.84,4392.34
2026.08.11 13:00,4392.36,4404.08,4384.44,4389.23
2026.08.11 14:00,4389.25,4397.85,4381.29,4394.01
2026.08.11 15:00,4394.00,4398.70,4369.14,4383.64
2026.08.11 16:00,4383.67,4385.67,4378.34,4383.38
2026.08.11 17:00,4383.28,4385.59,4368.88,4369.07
2026.08.11 18:00,4369.02,4372.61,4360.15,4371.44
2026.08.11 19:00,4371.44,4374.11,4361.18,4370.61
2026.08.11 20:00,4370.19,4370.93,4367.02,4368.50
2026.08.11 22:00,4370.98,4378.32,4367.14,4368.85
2026.08.11 23:00,4369.56,4374.44,4362.46,4371.41
2026.08.12 00:00,4371.40,4383.55,4366.37,4380.45
2026.08.12 01:00,4380.41,4397.28,4378.27,4396.31
2026.08.12 02:00,4396.38,4414.27,4394.15,4411.28
2026.08.12 03:00,4411.25,4415.77,4400.68,4402.12
2026.08.12 04:00,4402.10,4403.08,4395.31,4400.90
2026.08.12 05:00,4400.87,4404.67,4383.89,4391.46
2026.08.12 06:00,4391.09,4406.23,4385.10,4403.33
2026.08.12 07:00,4403.39,4409.90,4398.10,4406.24
2026.08.12 08:00,4406.09,4410.38,4401.61,4401.68
2026.08.12 09:00,4401.79,4423.88,4401.75,4415.71
2026.08.12 10:00,4415.71,4420.80,4407.38,4412.59
2026.08.12 11:00,4412.59,4416.62,4407.76,4412.59
2026.08.12 12:00,4412.65,4437.94,4381.20,4437.29
2026.08.12 13:00,4437.37,4441.28,4408.33,4427.51
2026.08.12 14:00,4427.66,4439.62,4416.29,4421.86
2026.08.12 15:00,4421.88,4429.91,4410.96,4420.87
2026.08.12 16:00,4420.87,4426.36,4396.61,4401.56
2026.08.12 17:00,4401.50,4411.38,4398.94,4399.22
2026.08.12 18:00,4399.30,4417.76,4396.32,4412.89
2026.08.12 19:00,4412.94,4418.21,4408.18,4413.84
2026.08.12 20:00,4413.07,4413.68,4406.53,4408.49
2026.08.12 22:00,4410.48,4411.27,4398.25,4402.32
2026.08.12 23:00,4402.13,4414.27,4401.68,4414.27
2026.08.13 00:00,4414.47,4449.63,4412.95,4427.82
2026.08.13 01:00,4427.20,4435.19,4406.13,4408.36
2026.08.13 02:00,4408.16,4413.94,4398.93,4406.98
2026.08.13 03:00,4407.06,4412.10,4398.60,4400.15
2026.08.13 04:00,4400.09,4400.32,4391.63,4397.66
2026.08.13 05:00,4397.69,4407.12,4380.45,4383.01
2026.08.13 06:00,4382.90,4385.44,4368.95,4380.51
2026.08.13 07:00,4380.78,4381.56,4369.19,4369.83
2026.08.13 08:00,4369.47,4379.21,4363.95,4375.76
2026.08.13 09:00,4375.74,4384.75,4372.41,4384.45
2026.08.13 10:00,4384.45,4393.67,4381.33,4392.00
2026.08.13 11:00,4392.05,4396.50,4382.80,4387.56
2026.08.13 12:00,4387.68,4401.79,4380.85,4401.72
2026.08.13 13:00,4401.97,4401.97,4370.70,4372.58
2026.08.13 14:00,4372.94,4386.81,4357.36,4383.52
2026.08.13 15:00,4383.58,4385.51,4357.54,4364.99
2026.08.13 16:00,4365.03,4368.26,4351.20,4366.95
2026.08.13 17:00,4367.08,4373.21,4355.53,4355.85
2026.08.13 18:00,4355.93,4363.47,4354.60,4356.89
2026.08.13 19:00,4357.07,4358.81,4343.50,4350.31
2026.08.13 20:00,4349.81,4352.09,4346.85,4350.53
2026.08.13 22:00,4353.71,4362.63,4351.85,4354.72
2026.08.13 23:00,4354.76,4363.94,4349.18,4356.65
2026.08.14 00:00,4356.52,4361.93,4329.53,4340.90
2026.08.14 01:00,4340.88,4341.35,4312.26,4318.03
2026.08.14 02:00,4318.36,4322.67,4310.87,4315.57
2026.08.14 03:00,4315.65,4327.97,4313.64,4323.47
2026.08.14 04:00,4323.54,4327.67,4322.65,4326.79
2026.08.14 05:00,4326.88,4333.47,4310.96,4333.47
2026.08.14 06:00,4333.44,4336.51,4327.86,4335.69
2026.08.14 07:00,4335.59,4345.13,4329.60,4343.59
2026.08.14 08:00,4343.67,4349.65,4341.86,4348.56
2026.08.14 09:00,4348.26,4357.36,4346.05,4357.02
2026.08.14 10:00,4357.05,4358.58,4348.20,4349.28
2026.08.14 11:00,4349.28,4369.27,4348.46,4369.14
2026.08.14 12:00,4369.13,4386.75,4365.83,4373.59
2026.08.14 13:00,4373.57,4396.90,4370.20,4384.07
2026.08.14 14:00,4384.41,4394.51,4378.71,4381.29
2026.08.14 15:00,4381.34,4394.61,4379.02,4391.52
2026.08.14 16:00,4391.47,4396.55,4380.20,4385.82
2026.08.14 17:00,4385.91,4386.31,4376.18,4378.32
2026.08.14 18:00,4378.34,4382.62,4370.74,4373.38
2026.08.14 19:00,4373.11,4379.79,4372.20,4376.04
2026.08.14 20:00,4374.52,4376.76,4371.43,4376.55
