time,open,high,low,close
2026.06.25 20:45,4026.29,4027.01,4024.29,4026.79
2026.06.25 22:00,4039.82,4039.82,4021.72,4022.89
2026.06.25 22:15,4023.40,4025.96,4019.87,4024.78
2026.06.25 22:30,4024.71,4036.52,4024.32,4028.60
2026.06.25 22:45,4028.60,4030.25,4022.00,4026.34
2026.06.25 23:00,4026.04,4027.06,4021.48,4023.47
2026.06.25 23:15,4023.42,4030.23,4022.53,4029.75
2026.06.25 23:30,4029.75,4030.33,4021.05,4024.22
2026.06.25 23:45,4024.24,4024.24,4012.54,4014.50
2026.06.26 00:00,4014.74,4019.70,4011.41,4019.60
2026.06.26 00:15,4019.16,4023.39,4012.38,4015.42
2026.06.26 00:30,4015.42,4019.73,4012.42,4019.08
2026.06.26 00:45,4019.11,4024.33,4015.57,4020.25
2026.06.26 01:00,4020.50,4029.42,4014.31,4019.81
2026.06.26 01:15,4019.76,4026.38,4017.78,4022.70
2026.06.26 01:30,4022.78,4025.32,4016.24,4020.57
2026.06.26 01:45,4020.54,4022.82,4014.51,4020.95
2026.06.26 02:00,4021.54,4023.26,4013.44,4015.13
2026.06.26 02:15,4015.06,4016.65,4003.93,4007.32
2026.06.26 02:30,4007.66,4009.14,3991.30,3992.31
2026.06.26 02:45,3992.27,3995.37,3983.07,3990.73
2026.06.26 03:00,3990.51,3999.71,3986.63,3997.67
2026.06.26 03:15,3997.69,3999.86,3992.58,3995.34
2026.06.26 03:30,3995.35,4001.16,3993.12,4000.21
2026.06.26 03:45,4000.24,4006.55,3997.36,4004.18
2026.06.26 04:00,4004.17,4009.40,3998.79,4008.45
2026.06.26 04:15,4008.46,4011.97,4006.10,4007.40
2026.06.26 04:30,4007.42,4008.35,4001.70,4007.97
2026.06.26 04:45,4008.11,4015.29,4007.17,4011.31
2026.06.26 05:00,4011.70,4015.11,4006.53,4015.11
2026.06.26 05:15,4015.28,4019.21,4011.81,4016.64
2026.06.26 05:30,4016.64,4021.57,4010.96,4011.31
2026.06.26 05:45,4011.36,4015.28,4005.85,4007.92
2026.06.26 06:00,4008.14,4011.64,4006.86,4009.51
2026.06.26 06:15,4009.50,4024.74,4008.36,4024.26
2026.06.26 06:30,4024.26,4027.37,4020.95,4025.27
2026.06.26 06:45,4025.18,4033.18,4022.05,4032.05
2026.06.26 07:00,4032.09,4033.74,4026.70,4027.39
2026.06.26 07:15,4027.38,4039.69,4026.99,4037.87
2026.06.26 07:30,4037.92,4038.78,4031.01,4031.42
2026.06.26 07:45,4031.43,4032.18,4027.92,4030.77
2026.06.26 08:00,4030.65,4033.12,4025.79,4030.96
2026.06.26 08:15,4031.02,4035.82,4029.85,4035.75
2026.06.26 08:30,4035.43,4036.08,4032.40,4035.67
2026.06.26 08:45,4035.55,4037.78,4029.70,4030.95
2026.06.26 09:00,4030.97,4041.56,4029.60,4039.45
2026.06.26 09:15,4039.43,4050.62,4034.46,4048.25
2026.06.26 09:30,4047.71,4054.05,4045.27,4048.09
2026.06.26 09:45,4048.09,4053.97,4045.46,4047.17
2026.06.26 10:00,4047.22,4052.15,4044.51,4050.99
2026.06.26 10:15,4050.92,4051.50,4042.31,4048.04
2026.06.26 10:30,4048.19,4054.37,4046.83,4048.51
2026.06.26 10:45,4048.53,4054.72,4047.98,4054.67
2026.06.26 11:00,4054.66,4055.24,4047.21,4047.33
2026.06.26 11:15,4047.05,4053.72,4046.25,4052.65
2026.06.26 11:30,4052.93,4054.96,4046.22,4046.70
2026.06.26 11:45,4046.66,4048.48,4042.70,4045.92
2026.06.26 12:00,4045.93,4050.83,4043.71,4049.11
2026.06.26 12:15,4049.11,4051.53,4042.02,4046.61
2026.06.26 12:30,4046.27,4049.27,4035.97,4040.30
2026.06.26 12:45,4040.27,4061.47,4039.29,4059.03
2026.06.26 13:00,4059.57,4065.93,4043.58,4050.57
2026.06.26 13:15,4050.49,4058.61,4043.38,4057.12
2026.06.26 13:30,4057.03,4062.28,4045.09,4062.28
2026.06.26 13:45,4062.64,4078.01,4058.68,4073.51
2026.06.26 14:00,4074.36,4085.07,4068.12,4084.08
2026.06.26 14:15,4084.04,4092.95,4083.11,4084.36
2026.06.26 14:30,4084.50,4084.90,4076.37,4082.58
2026.06.26 14:45,4082.58,4091.68,4080.48,4080.53
2026.06.26 15:00,4080.50,4083.17,4075.73,4079.49
2026.06.26 15:15,4079.53,4084.44,4077.97,4084.15
2026.06.26 15:30,4084.28,4095.46,4081.78,4095.02
2026.06.26 15:45,4095.04,4095.90,4083.37,4090.51
2026.06.26 16:00,4090.50,4092.86,4088.33,4091.19
2026.06.26 16:15,4091.19,4093.48,4083.19,4086.73
2026.06.26 16:30,4086.81,4093.06,4082.23,4084.48
2026.06.26 16:45,4084.86,4086.69,4082.84,4085.04
2026.06.26 17:00,4085.08,4088.14,4082.52,4083.40
2026.06.26 17:15,4083.52,4085.10,4080.31,4081.41
2026.06.26 17:30,4081.67,4083.29,4074.22,4076.71
2026.06.26 17:45,4076.67,4077.72,4073.68,4074.67
2026.06.26 18:00,4074.78,4078.80,4072.36,4076.81
2026.06.26 18:15,4076.87,4076.94,4071.53,4073.48
2026.06.26 18:30,4073.60,4075.45,4071.81,4072.56
2026.06.26 18:45,4072.53,4072.53,4067.10,4067.28
2026.06.26 19:00,4067.36,4069.96,4064.54,4069.47
2026.06.26 19:15,4069.46,4069.60,4064.56,4066.38
2026.06.26 19:30,4066.37,4070.77,4065.70,4068.66
2026.06.26 19:45,4068.63,4074.60,4066.95,4071.59
2026.06.26 20:00,4071.70,4072.38,4064.60,4067.81
2026.06.26 20:15,4067.84,4072.96,4066.30,4072.10
2026.06.26 20:30,4071.96,4072.01,4067.03,4070.75
2026.06.26 20:45,4070.70,4090.46,4070.26,4087.78
2026.06.28 22:00,4080.28,4086.19,4067.10,4070.28
2026.06.28 22:15,4070.70,4070.70,4053.27,4057.27
2026.06.28 22:30,4056.42,4065.37,4056.03,4063.29
2026.06.28 22:45,4063.30,4069.39,4062.30,4066.42
2026.06.28 23:00,4066.46,4070.24,4065.27,4065.58
2026.06.28 23:15,4065.65,4065.65,4055.40,4056.90
2026.06.28 23:30,4056.91,4062.59,4052.02,4062.59
2026.06.28 23:45,4062.58,4066.18,4061.23,4062.62
2026.06.29 00:00,4062.72,4064.77,4053.70,4058.81
2026.06.29 00:15,4058.76,4062.11,4048.27,4048.27
2026.06.29 00:30,4048.58,4069.94,4048.58,4069.46
2026.06.29 00:45,4069.17,4074.16,4063.04,4069.54
2026.06.29 01:00,4069.31,4074.51,4053.80,4054.77
2026.06.29 01:15,4054.78,4065.99,4054.68,4059.27
2026.06.29 01:30,4059.21,4066.59,4055.77,4063.53
2026.06.29 01:45,4063.52,4063.79,4054.96,4061.23
2026.06.29 02:00,4061.27,4070.39,4059.47,4060.98
2026.06.29 02:15,4060.98,4070.63,4060.41,4068.86
2026.06.29 02:30,4068.95,4071.61,4058.46,4060.38
2026.06.29 02:45,4060.58,4069.38,4058.99,4066.34
2026.06.29 03:00,4066.33,4070.94,4065.02,4069.06
2026.06.29 03:15,4069.06,4075.57,4067.43,4072.41
2026.06.29 03:30,4072.41,4073.23,4065.69,4067.85
2026.06.29 03:45,4067.94,4071.87,4066.31,4068.94
2026.06.29 04:00,4068.91,4068.96,4064.22,4065.55
2026.06.29 04:15,4065.57,4066.51,4062.16,4065.14
2026.06.29 04:30,4065.09,4065.44,4052.86,4057.10
2026.06.29 04:45,4057.10,4057.71,4049.64,4052.23
2026.06.29 05:00,4051.68,4057.39,4047.33,4055.94
2026.06.29 05:15,4055.92,4057.31,4048.02,4049.36
2026.06.29 05:30,4049.27,4051.38,4039.39,4050.42
2026.06.29 05:45,4050.44,4056.90,4047.31,4054.42
2026.06.29 06:00,4054.96,4064.12,4053.56,4059.77
2026.06.29 06:15,4059.76,4063.07,4056.12,4060.87
2026.06.29 06:30,4060.51,4061.93,4055.10,4061.24
2026.06.29 06:45,4061.24,4064.93,4059.93,4062.37
2026.06.29 07:00,4062.60,4062.60,4056.12,4059.18
2026.06.29 07:15,4059.14,4066.28,4058.16,4066.01
2026.06.29 07:30,4066.06,4066.26,4061.05,4062.64
2026.06.29 07:45,4062.69,4068.45,4060.81,4061.64
2026.06.29 08:00,4061.26,4065.84,4060.59,4063.92
2026.06.29 08:15,4063.86,4065.41,4060.60,4061.21
2026.06.29 08:30,4061.19,4066.62,4054.75,4055.74
2026.06.29 08:45,4055.74,4057.31,4043.69,4046.96
2026.06.29 09:00,4046.96,4055.18,4045.30,4050.09
2026.06.29 09:15,4049.93,4053.37,4045.23,4047.31
2026.06.29 09:30,4047.30,4050.59,4040.74,4043.54
2026.06.29 09:45,4043.62,4043.95,4025.21,4031.52
2026.06.29 10:00,4031.52,4039.54,4027.49,4038.42
2026.06.29 10:15,4038.38,4038.67,4032.70,4037.32
2026.06.29 10:30,4037.29,4038.65,4031.89,4034.58
2026.06.29 10:45,4034.24,4038.21,4032.63,4036.77
2026.06.29 11:00,4037.40,4038.52,4032.54,4034.44
2026.06.29 11:15,4034.29,4035.89,4027.43,4031.97
2026.06.29 11:30,4031.96,4038.20,4029.91,4035.27
2026.06.29 11:45,4035.20,4042.25,4034.84,4039.18
2026.06.29 12:00,4039.15,4052.35,4038.14,4047.65
2026.06.29 12:15,4047.67,4049.61,4037.71,4038.40
2026.06.29 12:30,4038.39,4047.05,4037.62,4044.84
2026.06.29 12:45,4044.81,4047.74,4042.43,4043.55
2026.06.29 13:00,4043.69,4051.64,4043.60,4047.18
2026.06.29 13:15,4047.04,4049.68,4038.42,4038.42
2026.06.29 13:30,4037.93,4044.52,4033.99,4038.50
2026.06.29 13:45,4038.27,4040.48,4028.27,4032.16
2026.06.29 14:00,4032.78,4035.24,4008.53,4008.84
2026.06.29 14:15,4008.50,4028.31,4000.73,4024.89
2026.06.29 14:30,4024.89,4028.14,4020.12,4020.98
2026.06.29 14:45,4021.45,4030.34,4018.00,4025.60
2026.06.29 15:00,4026.00,4026.32,4019.28,4021.86
2026.06.29 15:15,4021.87,4027.57,4016.73,4024.31
2026.06.29 15:30,4024.42,4026.51,4017.64,4022.69
2026.06.29 15:45,4022.70,4030.32,4022.16,4026.95
2026.06.29 16:00,4026.94,4028.65,4023.58,4023.67
2026.06.29 16:15,4023.67,4026.52,4021.90,4023.66
2026.06.29 16:30,4023.68,4024.34,4018.74,4021.31
2026.06.29 16:45,4021.40,4027.96,4020.68,4023.89
2026.06.29 17:00,4023.93,4032.03,4023.30,4029.03
2026.06.29 17:15,4028.97,4030.76,4022.47,4023.93
2026.06.29 17:30,4023.90,4024.49,4020.81,4021.96
2026.06.29 17:45,4022.04,4022.56,4019.38,4020.99
2026.06.29 18:00,4021.01,4024.32,4020.43,4024.01
2026.06.29 18:15,4024.03,4025.21,4020.33,4021.04
2026.06.29 18:30,4020.97,4021.54,4019.49,4020.78
2026.06.29 18:45,4020.82,4020.98,4011.98,4013.37
2026.06.29 19:00,4013.36,4014.61,4008.10,4008.22
2026.06.29 19:15,4007.86,4017.15,4005.23,4017.14
2026.06.29 19:30,4017.09,4019.49,4016.41,4017.88
2026.06.29 19:45,4017.89,4018.41,4012.62,4015.85
2026.06.29 20:00,4015.02,4015.77,4012.71,4014.34
2026.06.29 20:15,4014.37,4017.95,4014.34,4017.73
2026.06.29 20:30,4017.77,4017.77,4014.51,4015.72
2026.06.29 20:45,4015.67,4017.25,4014.63,4016.17
2026.06.29 22:00,4023.06,4023.48,4017.02,4018.50
2026.06.29 22:15,4018.52,4020.53,4015.36,4015.99
2026.06.29 22:30,4015.72,4015.78,4010.49,4010.49
2026.06.29 22:45,4010.46,4016.87,4009.71,4014.15
2026.06.29 23:00,4014.68,4021.41,4014.25,4020.80
2026.06.29 23:15,4020.81,4022.38,4015.97,4016.71
2026.06.29 23:30,4016.69,4021.81,4014.58,4015.15
2026.06.29 23:45,4015.15,4018.01,4013.54,4014.86
2026.06.30 00:00,4014.25,4015.13,4003.37,4010.41
2026.06.30 00:15,4010.27,4011.20,4004.05,4006.19
2026.06.30 00:30,4006.25,4006.67,3991.00,3991.91
2026.06.30 00:45,3991.83,3993.95,3980.14,3987.28
2026.06.30 01:00,3987.13,3987.13,3942.00,3957.93
2026.06.30 01:15,3957.93,3980.68,3950.19,3978.99
2026.06.30 01:30,3978.98,3979.44,3965.99,3968.86
2026.06.30 01:45,3968.89,3973.35,3961.36,3969.32
2026.06.30 02:00,3969.34,3973.11,3952.39,3957.46
2026.06.30 02:15,3957.41,3965.26,3956.05,3961.84
2026.06.30 02:30,3961.44,3964.07,3954.26,3959.62
2026.06.30 02:45,3959.88,3970.45,3959.23,3962.74
2026.06.30 03:00,3962.87,3969.56,3962.55,3966.32
2026.06.30 03:15,3966.33,3970.95,3963.12,3965.63
2026.06.30 03:30,3965.67,3966.87,3960.21,3963.25
2026.06.30 03:45,3963.21,3971.01,3963.12,3969.77
2026.06.30 04:00,3969.76,3974.98,3968.17,3972.54
2026.06.30 04:15,3972.14,3983.44,3972.00,3982.62
2026.06.30 04:30,3982.43,3998.02,3982.43,3988.49
2026.06.30 04:45,3988.49,3991.31,3983.67,3985.50
2026.06.30 05:00,3985.51,3990.75,3983.93,3984.80
2026.06.30 05:15,3984.78,3987.59,3979.64,3982.80
2026.06.30 05:30,3982.60,3984.96,3975.25,3979.43
2026.06.30 05:45,3979.40,3981.76,3976.32,3977.96
2026.06.30 06:00,3977.97,3989.45,3977.97,3987.73
2026.06.30 06:15,3987.85,4013.32,3984.06,4012.02
2026.06.30 06:30,4011.88,4033.91,4011.16,4024.80
2026.06.30 06:45,4023.83,4032.99,4023.83,4029.78
2026.06.30 07:00,4029.84,4030.06,4023.86,4025.75
2026.06.30 07:15,4025.77,4034.72,4025.37,4028.55
2026.06.30 07:30,4028.56,4031.88,4026.24,4028.80
2026.06.30 07:45,4028.47,4033.06,4025.58,4032.24
2026.06.30 08:00,4032.28,4037.59,4021.96,4024.24
2026.06.30 08:15,4024.21,4026.20,4020.24,4025.94
2026.06.30 08:30,4025.93,4026.77,4015.52,4017.90
2026.06.30 08:45,4018.01,4019.54,4013.68,4015.57
2026.06.30 09:00,4015.24,4021.67,4014.71,4018.38
2026.06.30 09:15,4018.38,4022.83,4016.23,4017.36
2026.06.30 09:30,4017.39,4018.70,4012.41,4018.48
2026.06.30 09:45,4018.61,4023.86,4018.23,4023.86
2026.06.30 10:00,4024.07,4026.56,4021.51,4025.76
2026.06.30 10:15,4025.79,4028.66,4023.89,4028.47
2026.06.30 10:30,4028.45,4029.91,4025.27,4028.05
2026.06.30 10:45,4028.21,4031.30,4026.25,4029.86
2026.06.30 11:00,4029.88,4033.59,4025.43,4033.49
2026.06.30 11:15,4033.54,4034.16,4029.89,4031.73
2026.06.30 11:30,4031.86,4035.07,4028.60,4034.54
2026.06.30 11:45,4034.54,4037.28,4030.25,4033.87
2026.06.30 12:00,4034.02,4034.38,4026.03,4026.61
2026.06.30 12:15,4026.51,4028.60,4014.87,4016.83
2026.06.30 12:30,4016.78,4021.80,4012.69,4018.72
2026.06.30 12:45,4018.16,4018.39,4008.71,4009.89
2026.06.30 13:00,4009.53,4025.83,4009.48,4023.50
2026.06.30 13:15,4023.49,4033.30,4019.07,4023.63
2026.06.30 13:30,4024.00,4027.39,4013.22,4025.12
2026.06.30 13:45,4024.94,4032.53,4022.04,4029.64
2026.06.30 14:00,4030.04,4048.53,4024.88,4043.57
2026.06.30 14:15,4043.37,4063.35,4043.07,4054.25
2026.06.30 14:30,4054.39,4058.64,4044.89,4051.05
2026.06.30 14:45,4051.03,4051.03,4037.37,4037.39
2026.06.30 15:00,4037.36,4039.26,4032.38,4036.01
2026.06.30 15:15,4035.65,4035.89,4022.18,4028.13
2026.06.30 15:30,4028.52,4031.33,4026.90,4029.48
2026.06.30 15:45,4029.46,4034.56,4028.93,4029.33
2026.06.30 16:00,4029.30,4030.30,4025.91,4029.89
2026.06.30 16:15,4029.90,4031.45,4027.83,4029.61
2026.06.30 16:30,4029.47,4032.17,4027.35,4031.42
2026.06.30 16:45,4031.41,4033.88,4025.97,4026.11
2026.06.30 17:00,4026.12,4027.85,4020.75,4023.15
2026.06.30 17:15,4023.18,4028.03,4021.62,4025.34
2026.06.30 17:30,4025.44,4029.77,4025.44,4029.44
2026.06.30 17:45,4029.35,4032.17,4029.13,4030.77
2026.06.30 18:00,4030.79,4033.77,4030.79,4032.37
2026.06.30 18:15,4032.40,4032.91,4030.40,4031.38
2026.06.30 18:30,4031.51,4031.56,4028.17,4030.84
2026.06.30 18:45,4030.86,4032.47,4028.41,4028.51
2026.06.30 19:00,4028.51,4029.42,4023.53,4024.03
2026.06.30 19:15,4024.06,4025.06,4021.14,4021.14
2026.06.30 19:30,4021.17,4023.12,4020.79,4022.09
2026.06.30 19:45,4021.99,4022.62,4014.77,4015.86
2026.06.30 20:00,4015.38,4020.68,4013.92,4019.90
2026.06.30 20:15,4019.90,4020.95,4012.42,4012.95
2026.06.30 20:30,4012.96,4013.68,4010.29,4011.21
2026.06.30 20:45,4011.11,4011.70,4006.56,4007.88
2026.06.30 22:00,4016.84,4018.53,4010.91,4014.69
2026.06.30 22:15,4014.93,4016.60,4012.17,4013.87
2026.06.30 22:30,4013.74,4017.88,4013.22,4014.20
2026.06.30 22:45,4014.09,4016.18,4011.13,4013.10
2026.06.30 23:00,4013.10,4018.23,4011.01,4014.08
2026.06.30 23:15,4014.09,4015.16,4008.17,4011.12
2026.06.30 23:30,4011.00,4012.50,4008.78,4009.24
2026.06.30 23:45,4009.21,4010.04,4005.32,4005.75
2026.07.01 00:00,4005.72,4009.71,4005.52,4008.38
2026.07.01 00:15,4008.37,4009.05,4001.43,4001.75
2026.07.01 00:30,4001.88,4005.62,3996.16,3996.38
2026.07.01 00:45,3996.37,3999.39,3993.26,3996.67
2026.07.01 01:00,3996.74,3999.64,3979.13,3984.32
2026.07.01 01:15,3984.46,3985.88,3975.55,3985.48
2026.07.01 01:30,3985.63,3988.42,3975.27,3978.69
2026.07.01 01:45,3978.88,3981.85,3973.92,3977.76
2026.07.01 02:00,3977.74,3979.69,3970.14,3976.50
2026.07.01 02:15,3976.44,3982.13,3975.76,3980.87
2026.07.01 02:30,3980.86,3985.94,3978.91,3982.83
2026.07.01 02:45,3983.03,3985.22,3978.41,3979.00
2026.07.01 03:00,3979.10,3985.48,3978.81,3983.40
2026.07.01 03:15,3983.38,3986.83,3980.17,3981.37
2026.07.01 03:30,3981.36,3982.14,3976.68,3977.45
2026.07.01 03:45,3977.42,3980.51,3976.77,3980.46
2026.07.01 04:00,3980.46,3980.95,3974.05,3976.21
2026.07.01 04:15,3976.08,3978.02,3974.32,3977.52
2026.07.01 04:30,3977.39,3980.62,3972.29,3974.50
2026.07.01 04:45,3974.41,3982.70,3974.32,3976.58
2026.07.01 05:00,3976.54,3977.03,3969.85,3971.88
2026.07.01 05:15,3971.87,3975.07,3970.03,3972.61
2026.07.01 05:30,3972.67,3978.67,3970.39,3974.57
2026.07.01 05:45,3974.55,3978.80,3973.48,3973.91
2026.07.01 06:00,3973.78,3977.41,3963.61,3965.14
2026.07.01 06:15,3965.15,3969.63,3963.13,3967.27
2026.07.01 06:30,3967.49,3973.47,3963.33,3971.72
2026.07.01 06:45,3971.72,3973.47,3969.06,3971.80
2026.07.01 07:00,3971.67,3973.73,3960.38,3961.51
2026.07.01 07:15,3961.38,3971.79,3960.17,3964.26
2026.07.01 07:30,3964.26,3971.09,3960.61,3970.97
2026.07.01 07:45,3970.96,3978.24,3968.99,3975.93
2026.07.01 08:00,3975.67,3976.14,3969.38,3974.14
2026.07.01 08:15,3974.16,3984.32,3974.09,3978.75
2026.07.01 08:30,3978.75,3979.62,3972.35,3976.89
2026.07.01 08:45,3976.89,3977.31,3971.27,3974.35
2026.07.01 09:00,3974.33,3977.48,3972.68,3975.75
2026.07.01 09:15,3975.67,3980.29,3975.51,3978.68
2026.07.01 09:30,3978.54,3982.47,3977.55,3981.59
2026.07.01 09:45,3981.67,3985.83,3981.67,3984.37
2026.07.01 10:00,3984.34,3989.43,3982.92,3984.15
2026.07.01 10:15,3984.39,3987.31,3981.37,3987.08
2026.07.01 10:30,3987.05,3994.24,3986.47,3987.28
2026.07.01 10:45,3987.21,3998.67,3986.95,3998.29
2026.07.01 11:00,3998.30,4019.29,3997.90,4015.87
2026.07.01 11:15,4015.96,4028.13,4015.14,4026.68
2026.07.01 11:30,4026.77,4031.66,4023.16,4029.24
2026.07.01 11:45,4029.24,4035.39,4028.72,4030.39
2026.07.01 12:00,4030.55,4033.85,4019.73,4021.25
2026.07.01 12:15,4021.25,4030.36,4021.25,4026.32
2026.07.01 12:30,4025.84,4033.04,4023.41,4026.37
2026.07.01 12:45,4026.49,4028.88,4022.58,4022.70
2026.07.01 13:00,4022.69,4024.79,4012.81,4021.31
2026.07.01 13:15,4021.30,4047.09,4021.30,4047.09
2026.07.01 13:30,4046.96,4099.44,4041.83,4098.04
2026.07.01 13:45,4098.14,4107.94,4085.05,4089.71
2026.07.01 14:00,4091.07,4101.51,4082.87,4092.83
2026.07.01 14:15,4092.93,4106.76,4089.48,4100.60
2026.07.01 14:30,4100.73,4115.42,4092.01,4092.93
2026.07.01 14:45,4093.18,4094.97,4086.47,4093.30
2026.07.01 15:00,4093.35,4094.49,4081.99,4085.16
2026.07.01 15:15,4085.12,4092.02,4078.51,4083.87
2026.07.01 15:30,4083.60,4084.01,4076.83,4082.47
2026.07.01 15:45,4082.47,4087.89,4079.51,4081.11
2026.07.01 16:00,4081.10,4088.40,4081.10,4082.58
2026.07.01 16:15,4082.38,4085.10,4080.59,4081.40
2026.07.01 16:30,4082.78,4083.23,4072.80,4074.40
2026.07.01 16:45,4074.79,4076.20,4070.46,4071.17
2026.07.01 17:00,4071.14,4073.52,4067.81,4071.21
2026.07.01 17:15,4071.25,4071.96,4067.77,4067.99
2026.07.01 17:30,4068.07,4073.18,4067.96,4070.84
2026.07.01 17:45,4070.85,4072.31,4067.35,4068.18
2026.07.01 18:00,4068.15,4070.69,4067.22,4070.04
2026.07.01 18:15,4068.81,4069.09,4061.19,4061.22
2026.07.01 18:30,4061.95,4065.96,4061.38,4062.91
2026.07.01 18:45,4062.88,4063.07,4057.83,4062.09
2026.07.01 19:00,4062.06,4068.24,4061.70,4065.41
2026.07.01 19:15,4065.42,4066.13,4056.56,4058.83
2026.07.01 19:30,4058.81,4059.67,4052.98,4053.78
2026.07.01 19:45,4053.80,4054.22,4034.49,4038.83
2026.07.01 20:00,4038.87,4038.87,4028.53,4035.40
2026.07.01 20:15,4035.41,4039.07,4034.50,4038.35
2026.07.01 20:30,4038.37,4038.95,4033.30,4033.87
2026.07.01 20:45,4033.91,4035.78,4030.21,4031.05
2026.07.01 22:00,4032.20,4041.15,4032.20,4036.78
2026.07.01 22:15,4036.80,4039.13,4035.04,4038.27
2026.07.01 22:30,4038.27,4040.52,4036.89,4039.89
2026.07.01 22:45,4039.86,4045.03,4039.84,4044.93
2026.07.01 23:00,4044.91,4045.02,4037.49,4037.64
2026.07.01 23:15,4038.01,4039.35,4033.84,4037.11
2026.07.01 23:30,4037.10,4040.40,4034.59,4035.65
2026.07.01 23:45,4035.65,4036.80,4033.29,4034.95
2026.07.02 00:00,4034.51,4045.95,4030.68,4044.77
2026.07.02 00:15,4044.45,4048.35,4040.13,4046.33
2026.07.02 00:30,4046.59,4046.59,4038.00,4039.23
2026.07.02 00:45,4039.23,4052.33,4039.23,4051.69
2026.07.02 01:00,4051.70,4068.35,4050.67,4065.06
2026.07.02 01:15,4065.00,4065.51,4050.01,4053.10
2026.07.02 01:30,4053.11,4055.31,4046.19,4047.66
2026.07.02 01:45,4047.37,4056.22,4045.19,4050.16
2026.07.02 02:00,4050.11,4050.95,4041.20,4048.04
2026.07.02 02:15,4048.01,4054.67,4047.83,4051.47
2026.07.02 02:30,4051.15,4056.82,4047.71,4056.14
2026.07.02 02:45,4056.20,4060.83,4054.39,4057.14
2026.07.02 03:00,4057.02,4059.66,4055.38,4057.42
2026.07.02 03:15,4057.42,4067.08,4057.42,4065.29
2026.07.02 03:30,4065.33,4067.62,4062.01,4065.55
2026.07.02 03:45,4065.43,4074.03,4062.92,4069.83
2026.07.02 04:00,4070.04,4072.82,4068.13,4070.00
2026.07.02 04:15,4070.13,4070.30,4064.01,4065.45
2026.07.02 04:30,4065.45,4066.36,4061.37,4063.24
2026.07.02 04:45,4063.22,4065.03,4060.55,4060.63
2026.07.02 05:00,4060.63,4061.14,4054.40,4055.53
2026.07.02 05:15,4055.36,4062.04,4054.55,4057.31
2026.07.02 05:30,4057.34,4066.08,4053.23,4061.69
2026.07.02 05:45,4061.61,4067.48,4059.90,4065.97
2026.07.02 06:00,4066.17,4075.57,4066.17,4068.34
2026.07.02 06:15,4068.30,4079.65,4067.13,4074.12
2026.07.02 06:30,4074.22,4076.70,4065.99,4068.07
2026.07.02 06:45,4068.08,4076.37,4066.68,4073.26
2026.07.02 07:00,4073.17,4074.05,4067.14,4067.78
2026.07.02 07:15,4067.68,4068.31,4060.71,4062.32
2026.07.02 07:30,4062.23,4075.39,4060.79,4074.43
2026.07.02 07:45,4074.49,4074.89,4063.60,4064.53
2026.07.02 08:00,4064.09,4073.81,4061.26,4069.77
2026.07.02 08:15,4069.75,4077.75,4068.69,4074.90
2026.07.02 08:30,4074.91,4077.72,4072.05,4075.21
2026.07.02 08:45,4075.40,4079.88,4073.10,4076.03
2026.07.02 09:00,4076.00,4076.81,4069.35,4072.15
2026.07.02 09:15,4072.18,4073.60,4066.10,4067.47
2026.07.02 09:30,4067.47,4072.02,4063.87,4069.23
2026.07.02 09:45,4069.21,4072.18,4064.45,4065.20
2026.07.02 10:00,4065.25,4066.43,4062.43,4063.18
2026.07.02 10:15,4063.19,4067.80,4061.93,4066.07
2026.07.02 10:30,4066.18,4068.55,4063.05,4064.56
2026.07.02 10:45,4064.56,4067.94,4061.42,4066.19
2026.07.02 11:00,4066.22,4066.85,4057.33,4063.19
2026.07.02 11:15,4063.21,4067.15,4062.57,4065.39
2026.07.02 11:30,4065.68,4071.51,4063.31,4070.98
2026.07.02 11:45,4071.03,4072.16,4065.16,4065.16
2026.07.02 12:00,4065.29,4073.34,4061.27,4064.09
2026.07.02 12:15,4064.00,4069.55,4061.58,4064.45
2026.07.02 12:30,4074.23,4140.27,4074.23,4132.54
2026.07.02 12:45,4132.64,4133.81,4112.16,4117.43
2026.07.02 13:00,4117.85,4129.65,4115.51,4123.96
2026.07.02 13:15,4124.09,4124.44,4109.50,4112.90
2026.07.02 13:30,4113.39,4138.25,4110.13,4134.58
2026.07.02 13:45,4134.68,4143.69,4132.45,4136.67
2026.07.02 14:00,4136.66,4138.09,4123.97,4128.30
2026.07.02 14:15,4128.50,4136.06,4114.32,4116.36
2026.07.02 14:30,4116.23,4125.38,4114.65,4118.51
2026.07.02 14:45,4118.79,4129.73,4115.66,4128.51
2026.07.02 15:00,4128.81,4130.88,4114.68,4126.51
2026.07.02 15:15,4126.88,4131.13,4120.61,4122.36
2026.07.02 15:30,4122.47,4130.77,4122.47,4125.29
2026.07.02 15:45,4125.27,4129.90,4124.15,4128.33
2026.07.02 16:00,4128.33,4130.08,4121.87,4123.26
2026.07.02 16:15,4123.26,4123.77,4115.36,4116.27
2026.07.02 16:30,4116.18,4116.54,4100.30,4114.66
2026.07.02 16:45,4114.57,4120.08,4113.97,4117.99
2026.07.02 17:00,4117.82,4119.67,4113.37,4117.87
2026.07.02 17:15,4117.97,4119.69,4111.41,4112.47
2026.07.02 17:30,4112.46,4114.29,4106.12,4107.15
2026.07.02 17:45,4107.26,4110.18,4105.67,4106.69
2026.07.02 18:00,4106.69,4123.61,4105.80,4119.02
2026.07.02 18:15,4119.10,4123.06,4115.58,4123.06
2026.07.02 18:30,4122.85,4126.92,4121.21,4121.21
2026.07.02 18:45,4121.06,4124.20,4119.89,4122.54
2026.07.02 19:00,4122.54,4124.32,4113.22,4114.39
2026.07.02 19:15,4114.41,4114.84,4108.09,4112.44
2026.07.02 19:30,4112.47,4114.65,4111.02,4113.33
2026.07.02 19:45,4113.50,4123.86,4112.67,4121.20
2026.07.02 20:00,4120.84,4122.34,4116.31,4119.83
2026.07.02 20:15,4119.87,4124.98,4119.04,4123.37
2026.07.02 20:30,4123.49,4124.93,4120.67,4120.67
2026.07.02 20:45,4120.77,4124.13,4118.57,4122.54
2026.07.02 22:00,4126.51,4127.95,4124.42,4124.46
2026.07.02 22:15,4124.46,4125.30,4122.40,4124.33
2026.07.02 22:30,4124.29,4126.25,4122.58,4123.02
2026.07.02 22:45,4123.01,4126.23,4122.73,4124.52
2026.07.02 23:00,4124.51,4127.07,4124.31,4125.29
2026.07.02 23:15,4125.34,4130.19,4124.21,4129.76
2026.07.02 23:30,4129.76,4133.74,4121.11,4125.05
2026.07.02 23:45,4124.75,4131.40,4124.32,4126.08
2026.07.03 00:00,4125.70,4136.76,4123.04,4134.83
2026.07.03 00:15,4134.94,4140.74,4131.87,4137.29
2026.07.03 00:30,4137.15,4139.54,4133.18,4136.28
2026.07.03 00:45,4136.27,4150.74,4135.45,4147.18
2026.07.03 01:00,4147.14,4179.21,4146.62,4176.06
2026.07.03 01:15,4176.07,4194.02,4173.98,4187.48
2026.07.03 01:30,4187.39,4195.31,4179.22,4179.70
2026.07.03 01:45,4179.67,4183.95,4175.23,4182.16
2026.07.03 02:00,4182.18,4184.07,4177.05,4179.39
2026.07.03 02:15,4179.40,4181.07,4176.47,4179.07
2026.07.03 02:30,4179.18,4186.76,4178.07,4183.20
2026.07.03 02:45,4183.21,4186.57,4178.78,4183.45
2026.07.03 03:00,4183.25,4184.50,4179.69,4182.73
2026.07.03 03:15,4182.64,4183.54,4179.25,4181.32
2026.07.03 03:30,4181.34,4183.05,4177.27,4177.32
2026.07.03 03:45,4177.32,4179.23,4175.17,4175.91
2026.07.03 04:00,4175.91,4178.71,4173.03,4177.62
2026.07.03 04:15,4177.62,4182.70,4176.61,4178.42
2026.07.03 04:30,4178.44,4178.61,4175.26,4177.13
2026.07.03 04:45,4177.13,4178.77,4174.49,4178.74
2026.07.03 05:00,4178.75,4181.08,4176.95,4178.25
2026.07.03 05:15,4178.26,4179.12,4173.03,4175.93
2026.07.03 05:30,4175.98,4181.77,4173.09,4174.94
2026.07.03 05:45,4175.10,4176.36,4169.17,4171.09
2026.07.03 06:00,4171.19,4171.51,4162.07,4162.30
2026.07.03 06:15,4162.38,4166.93,4160.40,4164.76
2026.07.03 06:30,4164.72,4173.51,4164.35,4171.01
2026.07.03 06:45,4171.02,4174.34,4170.21,4173.02
2026.07.03 07:00,4173.03,4181.04,4171.24,4174.04
2026.07.03 07:15,4173.94,4175.70,4169.21,4175.24
2026.07.03 07:30,4175.19,4179.64,4173.78,4179.32
2026.07.03 07:45,4179.42,4181.53,4174.74,4176.58
2026.07.03 08:00,4177.51,4185.66,4177.51,4183.87
2026.07.03 08:15,4183.86,4185.29,4181.16,4183.05
2026.07.03 08:30,4182.91,4186.38,4180.58,4184.00
2026.07.03 08:45,4183.98,4185.32,4176.79,4180.92
2026.07.03 09:00,4180.97,4181.53,4175.82,4180.33
2026.07.03 09:15,4180.31,4180.35,4171.18,4171.83
2026.07.03 09:30,4171.88,4172.91,4168.48,4172.05
2026.07.03 09:45,4172.05,4174.95,4171.51,4171.93
2026.07.03 10:00,4171.84,4180.64,4170.73,4179.71
2026.07.03 10:15,4179.69,4180.99,4177.95,4178.38
2026.07.03 10:30,4178.37,4178.94,4175.46,4177.59
2026.07.03 10:45,4177.60,4178.52,4174.63,4177.01
2026.07.03 11:00,4177.00,4183.67,4175.48,4183.29
2026.07.03 11:15,4183.27,4185.94,4182.58,4182.98
2026.07.03 11:30,4182.95,4185.80,4182.53,4185.26
2026.07.03 11:45,4185.27,4186.18,4178.51,4180.86
2026.07.03 12:00,4180.94,4183.09,4177.83,4177.92
2026.07.03 12:15,4177.92,4178.16,4172.14,4174.64
2026.07.03 12:30,4174.66,4177.46,4172.82,4174.85
2026.07.03 12:45,4174.84,4177.47,4172.21,4176.76
2026.07.03 13:00,4176.89,4179.18,4164.42,4166.53
2026.07.03 13:15,4166.49,4172.08,4166.49,4171.36
2026.07.03 13:30,4171.47,4171.57,4164.97,4166.90
2026.07.03 13:45,4166.87,4168.72,4163.57,4164.62
2026.07.03 14:00,4164.54,4167.00,4155.36,4162.08
2026.07.03 14:15,4162.09,4166.69,4161.17,4166.11
2026.07.03 14:30,4166.08,4167.07,4163.36,4163.73
2026.07.03 14:45,4163.80,4171.02,4163.59,4169.71
2026.07.03 15:00,4169.72,4174.04,4168.56,4172.14
2026.07.03 15:15,4172.09,4174.28,4166.90,4167.37
2026.07.03 15:30,4167.25,4168.75,4165.98,4167.62
2026.07.03 15:45,4167.63,4168.84,4164.41,4164.82
2026.07.03 16:00,4164.73,4165.65,4163.03,4164.06
2026.07.03 16:15,4164.00,4167.49,4162.71,4166.58
2026.07.03 16:30,4166.58,4170.33,4166.58,4170.01
2026.07.03 16:45,4170.07,4176.29,4169.56,4174.80
2026.07.05 22:00,4181.75,4185.58,4171.32,4181.09
2026.07.05 22:15,4181.07,4185.62,4177.30,4184.70
2026.07.05 22:30,4184.74,4191.39,4182.74,4188.62
2026.07.05 22:45,4188.56,4189.84,4183.28,4188.23
2026.07.05 23:00,4188.33,4191.33,4186.82,4187.45
2026.07.05 23:15,4187.43,4201.62,4186.62,4200.23
2026.07.05 23:30,4200.23,4201.29,4193.57,4196.31
2026.07.05 23:45,4196.30,4197.10,4177.73,4183.05
2026.07.06 00:00,4183.08,4185.25,4170.58,4174.86
2026.07.06 00:15,4174.77,4181.45,4171.07,4174.49
2026.07.06 00:30,4174.54,4187.32,4174.12,4185.88
2026.07.06 00:45,4185.85,4188.86,4175.07,4180.17
2026.07.06 01:00,4179.45,4192.50,4172.62,4188.73
2026.07.06 01:15,4188.72,4192.69,4180.57,4189.41
2026.07.06 01:30,4190.39,4200.34,4187.46,4198.11
2026.07.06 01:45,4198.09,4202.60,4185.05,4185.96
2026.07.06 02:00,4186.25,4187.71,4176.95,4180.79
2026.07.06 02:15,4180.56,4185.93,4175.81,4177.57
2026.07.06 02:30,4177.53,4178.52,4168.54,4172.33
2026.07.06 02:45,4172.50,4175.85,4169.95,4174.02
2026.07.06 03:00,4173.88,4176.25,4165.45,4166.53
2026.07.06 03:15,4166.51,4167.76,4162.52,4165.96
2026.07.06 03:30,4165.53,4169.01,4161.61,4162.75
2026.07.06 03:45,4162.75,4166.62,4160.96,4165.12
2026.07.06 04:00,4165.11,4166.51,4161.01,4163.38
2026.07.06 04:15,4163.38,4164.44,4160.16,4161.20
2026.07.06 04:30,4161.19,4162.30,4157.45,4160.07
2026.07.06 04:45,4160.08,4160.97,4158.02,4159.54
2026.07.06 05:00,4159.64,4160.84,4151.21,4152.03
2026.07.06 05:15,4152.03,4154.24,4150.48,4152.66
2026.07.06 05:30,4152.60,4160.25,4149.68,4155.20
2026.07.06 05:45,4155.19,4156.74,4144.71,4147.86
2026.07.06 06:00,4147.88,4152.09,4145.83,4151.88
2026.07.06 06:15,4151.84,4156.56,4147.76,4156.40
2026.07.06 06:30,4156.11,4159.39,4153.22,4155.70
2026.07.06 06:45,4155.67,4156.66,4148.93,4150.19
2026.07.06 07:00,4150.56,4153.32,4147.12,4150.86
2026.07.06 07:15,4150.77,4155.60,4150.20,4152.81
2026.07.06 07:30,4152.80,4164.16,4151.09,4163.43
2026.07.06 07:45,4163.54,4166.12,4162.01,4164.36
2026.07.06 08:00,4164.66,4165.92,4157.05,4157.90
2026.07.06 08:15,4157.94,4158.37,4153.48,4155.35
2026.07.06 08:30,4155.24,4155.85,4148.47,4148.92
2026.07.06 08:45,4149.06,4152.77,4147.02,4150.40
2026.07.06 09:00,4150.38,4151.11,4147.81,4149.64
2026.07.06 09:15,4149.52,4149.71,4141.47,4143.55
2026.07.06 09:30,4143.17,4143.20,4136.63,4139.36
2026.07.06 09:45,4139.33,4144.57,4139.06,4143.13
2026.07.06 10:00,4143.13,4148.38,4141.98,4148.17
2026.07.06 10:15,4148.20,4150.62,4147.38,4148.74
2026.07.06 10:30,4148.77,4155.48,4148.65,4154.30
2026.07.06 10:45,4154.30,4155.69,4152.34,4154.80
2026.07.06 11:00,4155.21,4156.20,4151.42,4154.72
2026.07.06 11:15,4154.88,4159.45,4153.61,4154.90
2026.07.06 11:30,4154.88,4158.63,4152.50,4153.48
2026.07.06 11:45,4153.59,4155.79,4151.87,4155.15
2026.07.06 12:00,4155.25,4158.37,4153.65,4155.98
2026.07.06 12:15,4156.00,4157.44,4145.16,4145.68
2026.07.06 12:30,4145.69,4146.16,4131.40,4133.27
2026.07.06 12:45,4133.36,4142.62,4133.12,4139.53
2026.07.06 13:00,4139.79,4148.32,4137.05,4141.23
2026.07.06 13:15,4141.27,4148.66,4138.58,4142.19
2026.07.06 13:30,4142.37,4150.33,4141.96,4149.17
2026.07.06 13:45,4149.22,4149.47,4136.65,4140.81
2026.07.06 14:00,4140.76,4147.07,4133.48,4140.54
2026.07.06 14:15,4140.54,4140.67,4132.49,4137.10
2026.07.06 14:30,4137.08,4141.69,4128.46,4130.07
2026.07.06 14:45,4130.11,4138.08,4128.98,4138.05
2026.07.06 15:00,4138.30,4146.39,4137.45,4139.68
2026.07.06 15:15,4139.61,4150.83,4138.60,4150.50
2026.07.06 15:30,4150.56,4151.82,4147.10,4149.84
2026.07.06 15:45,4150.00,4150.46,4144.77,4148.22
2026.07.06 16:00,4148.23,4148.31,4140.35,4140.46
2026.07.06 16:15,4140.71,4146.22,4140.19,4145.49
2026.07.06 16:30,4145.50,4150.20,4145.18,4149.27
2026.07.06 16:45,4149.30,4156.10,4148.73,4154.92
2026.07.06 17:00,4154.92,4156.14,4152.39,4153.46
2026.07.06 17:15,4153.46,4159.35,4150.25,4155.37
2026.07.06 17:30,4155.55,4159.15,4154.84,4156.63
2026.07.06 17:45,4156.50,4161.48,4156.21,4161.28
2026.07.06 18:00,4161.35,4161.81,4155.31,4157.95
2026.07.06 18:15,4158.14,4163.02,4158.14,4161.66
2026.07.06 18:30,4161.75,4167.35,4159.68,4164.05
2026.07.06 18:45,4164.07,4165.10,4162.02,4163.78
2026.07.06 19:00,4163.79,4165.24,4158.94,4159.33
2026.07.06 19:15,4159.32,4163.21,4158.78,4162.76
2026.07.06 19:30,4162.86,4163.00,4159.71,4161.11
2026.07.06 19:45,4161.09,4165.04,4161.09,4163.66
2026.07.06 20:00,4163.87,4164.47,4160.91,4160.91
2026.07.06 20:15,4160.90,4163.23,4160.67,4162.88
2026.07.06 20:30,4162.88,4164.72,4162.64,4162.94
2026.07.06 20:45,4163.04,4165.41,4162.92,4164.75
2026.07.06 22:00,4160.61,4167.53,4160.61,4165.91
2026.07.06 22:15,4165.91,4167.24,4165.00,4165.93
2026.07.06 22:30,4166.21,4168.33,4166.08,4167.21
2026.07.06 22:45,4167.20,4167.70,4164.08,4164.17
2026.07.06 23:00,4164.22,4165.52,4163.00,4165.42
2026.07.06 23:15,4165.44,4165.52,4162.90,4163.32
2026.07.06 23:30,4163.15,4165.17,4160.85,4161.87
2026.07.06 23:45,4161.87,4163.63,4156.88,4157.29
2026.07.07 00:00,4157.17,4158.21,4152.73,4155.94
2026.07.07 00:15,4156.04,4160.49,4151.91,4159.72
2026.07.07 00:30,4159.73,4162.61,4148.37,4149.57
2026.07.07 00:45,4149.47,4153.71,4145.32,4145.99
2026.07.07 01:00,4145.99,4147.94,4137.77,4141.57
2026.07.07 01:15,4141.61,4142.75,4125.93,4132.57
2026.07.07 01:30,4132.57,4142.05,4132.11,4142.00
2026.07.07 01:45,4142.02,4146.16,4140.57,4141.80
2026.07.07 02:00,4141.80,4144.24,4137.71,4142.21
2026.07.07 02:15,4142.39,4145.14,4138.15,4140.53
2026.07.07 02:30,4140.36,4143.98,4136.31,4139.39
2026.07.07 02:45,4139.42,4139.55,4131.28,4136.54
2026.07.07 03:00,4136.58,4139.96,4135.01,4136.58
2026.07.07 03:15,4136.45,4137.49,4129.14,4132.09
2026.07.07 03:30,4131.82,4134.73,4127.05,4129.48
2026.07.07 03:45,4129.49,4131.41,4124.29,4131.00
2026.07.07 04:00,4131.03,4141.15,4130.28,4136.28
2026.07.07 04:15,4136.27,4137.18,4130.79,4132.16
2026.07.07 04:30,4132.12,4132.25,4128.60,4128.61
2026.07.07 04:45,4128.60,4131.08,4125.80,4126.53
2026.07.07 05:00,4126.58,4131.14,4122.07,4122.24
2026.07.07 05:15,4122.25,4128.38,4120.85,4128.21
2026.07.07 05:30,4128.23,4128.23,4116.70,4122.36
2026.07.07 05:45,4122.34,4127.04,4120.20,4123.82
2026.07.07 06:00,4123.55,4129.25,4121.45,4123.40
2026.07.07 06:15,4123.43,4129.50,4123.27,4126.78
2026.07.07 06:30,4126.69,4132.30,4124.78,4132.28
2026.07.07 06:45,4132.31,4132.86,4128.34,4130.34
2026.07.07 07:00,4130.35,4131.11,4124.30,4129.51
2026.07.07 07:15,4129.32,4132.06,4125.99,4126.55
2026.07.07 07:30,4126.52,4130.98,4125.74,4130.04
2026.07.07 07:45,4129.94,4133.38,4124.39,4124.63
2026.07.07 08:00,4124.29,4139.05,4124.29,4136.92
2026.07.07 08:15,4136.92,4138.60,4133.97,4138.53
2026.07.07 08:30,4138.53,4138.88,4128.83,4131.00
2026.07.07 08:45,4130.72,4130.72,4121.79,4125.92
2026.07.07 09:00,4125.91,4128.82,4124.36,4127.44
2026.07.07 09:15,4127.49,4130.82,4119.77,4121.43
2026.07.07 09:30,4121.56,4133.63,4121.54,4132.81
2026.07.07 09:45,4132.85,4133.00,4125.00,4131.03
2026.07.07 10:00,4131.08,4134.96,4131.05,4132.43
2026.07.07 10:15,4132.48,4138.78,4132.02,4137.32
2026.07.07 10:30,4137.29,4137.38,4134.53,4135.50
2026.07.07 10:45,4135.50,4136.96,4133.39,4135.58
2026.07.07 11:00,4135.75,4136.12,4131.75,4133.13
2026.07.07 11:15,4133.17,4144.88,4132.95,4143.05
2026.07.07 11:30,4142.93,4148.85,4139.54,4148.35
2026.07.07 11:45,4148.23,4158.10,4147.00,4156.80
2026.07.07 12:00,4157.10,4174.43,4154.62,4173.20
2026.07.07 12:15,4173.20,4174.88,4163.03,4165.95
2026.07.07 12:30,4165.95,4168.16,4161.72,4166.41
2026.07.07 12:45,4166.37,4172.59,4164.26,4172.17
2026.07.07 13:00,4172.23,4178.16,4160.11,4171.33
2026.07.07 13:15,4171.33,4172.35,4164.21,4166.26
2026.07.07 13:30,4166.49,4180.28,4163.60,4177.43
2026.07.07 13:45,4177.45,4179.82,4156.03,4158.56
2026.07.07 14:00,4158.52,4163.44,4151.06,4152.20
2026.07.07 14:15,4152.06,4159.67,4151.14,4158.08
2026.07.07 14:30,4158.09,4159.11,4143.57,4152.24
2026.07.07 14:45,4152.15,4157.55,4151.84,4154.19
2026.07.07 15:00,4154.25,4155.49,4148.18,4148.56
2026.07.07 15:15,4148.54,4148.78,4141.69,4142.93
2026.07.07 15:30,4142.99,4148.26,4142.21,4146.51
2026.07.07 15:45,4146.51,4147.93,4135.81,4138.97
2026.07.07 16:00,4138.98,4143.47,4137.04,4141.01
2026.07.07 16:15,4140.94,4147.12,4140.74,4146.22
2026.07.07 16:30,4145.99,4146.51,4142.52,4143.18
2026.07.07 16:45,4143.22,4146.57,4140.94,4144.94
2026.07.07 17:00,4144.95,4146.79,4142.10,4142.89
2026.07.07 17:15,4142.91,4146.52,4140.52,4145.88
2026.07.07 17:30,4145.86,4148.06,4144.54,4147.01
2026.07.07 17:45,4147.08,4147.24,4142.95,4144.42
2026.07.07 18:00,4144.59,4145.08,4140.82,4142.23
2026.07.07 18:15,4142.26,4144.10,4140.14,4141.59
2026.07.07 18:30,4141.44,4142.32,4136.14,4141.85
2026.07.07 18:45,4141.97,4142.42,4125.07,4126.84
2026.07.07 19:00,4126.66,4127.52,4103.18,4105.65
2026.07.07 19:15,4105.69,4106.76,4092.21,4103.41
2026.07.07 19:30,4103.40,4114.88,4103.40,4109.10
2026.07.07 19:45,4109.29,4117.58,4108.04,4114.51
2026.07.07 20:00,4113.41,4115.77,4112.26,4112.93
2026.07.07 20:15,4112.80,4113.08,4106.38,4110.75
2026.07.07 20:30,4110.74,4111.01,4104.38,4105.75
2026.07.07 20:45,4105.93,4106.86,4103.37,4105.58
2026.07.07 22:00,4097.06,4106.19,4093.88,4104.04
2026.07.07 22:15,4103.96,4104.06,4099.43,4099.45
2026.07.07 22:30,4099.76,4102.57,4098.83,4101.06
2026.07.07 22:45,4101.03,4101.04,4095.90,4098.27
2026.07.07 23:00,4098.27,4107.84,4096.09,4105.91
2026.07.07 23:15,4105.99,4106.49,4101.09,4104.86
2026.07.07 23:30,4104.86,4105.35,4097.35,4098.21
2026.07.07 23:45,4098.23,4101.21,4095.84,4098.46
2026.07.08 00:00,4098.26,4103.85,4096.87,4100.04
2026.07.08 00:15,4100.15,4107.80,4098.93,4105.41
2026.07.08 00:30,4105.45,4126.57,4103.88,4123.19
2026.07.08 00:45,4123.20,4125.08,4111.24,4111.45
2026.07.08 01:00,4111.78,4117.75,4098.44,4108.40
2026.07.08 01:15,4108.40,4110.17,4102.11,4102.67
2026.07.08 01:30,4102.66,4105.79,4096.40,4103.19
2026.07.08 01:45,4103.19,4112.80,4102.29,4111.15
2026.07.08 02:00,4111.22,4117.95,4106.01,4112.25
2026.07.08 02:15,4112.21,4124.78,4112.04,4118.92
2026.07.08 02:30,4118.87,4120.90,4116.29,4120.13
2026.07.08 02:45,4120.13,4120.65,4113.35,4114.52
2026.07.08 03:00,4114.46,4130.66,4114.46,4127.98
2026.07.08 03:15,4128.09,4130.71,4124.68,4129.79
2026.07.08 03:30,4129.83,4131.03,4125.50,4126.57
2026.07.08 03:45,4126.56,4129.00,4122.62,4123.35
2026.07.08 04:00,4123.36,4128.73,4121.57,4124.33
2026.07.08 04:15,4124.32,4127.20,4120.52,4125.84
2026.07.08 04:30,4125.86,4128.00,4122.15,4125.00
2026.07.08 04:45,4124.93,4126.79,4123.66,4124.98
2026.07.08 05:00,4124.99,4133.85,4124.75,4125.74
2026.07.08 05:15,4125.56,4129.28,4121.87,4121.89
2026.07.08 05:30,4122.02,4131.55,4121.16,4128.18
2026.07.08 05:45,4128.20,4129.91,4124.78,4127.70
2026.07.08 06:00,4127.70,4131.58,4122.08,4131.37
2026.07.08 06:15,4131.39,4133.54,4128.73,4129.81
2026.07.08 06:30,4129.54,4129.76,4124.53,4126.47
2026.07.08 06:45,4126.48,4127.06,4123.36,4123.53
2026.07.08 07:00,4123.39,4125.14,4116.40,4117.90
2026.07.08 07:15,4117.90,4121.17,4114.76,4120.34
2026.07.08 07:30,4120.25,4127.04,4118.12,4127.04
2026.07.08 07:45,4127.13,4127.13,4118.99,4120.99
2026.07.08 08:00,4120.97,4121.09,4116.43,4117.64
2026.07.08 08:15,4117.66,4120.85,4080.76,4088.78
2026.07.08 08:30,4088.71,4091.96,4060.60,4065.65
2026.07.08 08:45,4065.45,4075.76,4052.43,4056.56
2026.07.08 09:00,4056.60,4056.64,4050.28,4055.74
2026.07.08 09:15,4055.60,4060.81,4053.80,4056.53
2026.07.08 09:30,4056.42,4058.44,4044.78,4048.26
2026.07.08 09:45,4048.40,4052.67,4041.33,4043.24
2026.07.08 10:00,4043.73,4048.22,4040.58,4044.37
2026.07.08 10:15,4044.60,4055.68,4043.25,4050.72
2026.07.08 10:30,4050.55,4058.24,4049.98,4057.19
2026.07.08 10:45,4057.03,4058.12,4052.83,4052.86
2026.07.08 11:00,4052.87,4056.96,4048.22,4050.67
2026.07.08 11:15,4050.52,4054.36,4047.65,4050.18
2026.07.08 11:30,4049.98,4065.67,4041.46,4064.12
2026.07.08 11:45,4063.30,4072.39,4059.16,4061.90
2026.07.08 12:00,4062.07,4073.57,4058.67,4071.86
2026.07.08 12:15,4072.08,4077.48,4065.71,4070.74
2026.07.08 12:30,4070.70,4078.13,4067.96,4078.03
2026.07.08 12:45,4078.16,4086.27,4070.87,4071.97
2026.07.08 13:00,4072.06,4082.87,4069.84,4072.41
2026.07.08 13:15,4072.11,4075.79,4065.28,4066.60
2026.07.08 13:30,4067.22,4080.19,4067.01,4073.15
2026.07.08 13:45,4073.17,4079.10,4068.30,4070.72
2026.07.08 14:00,4070.58,4071.29,4056.93,4057.31
2026.07.08 14:15,4057.33,4065.25,4051.35,4060.09
2026.07.08 14:30,4059.95,4061.15,4035.29,4036.24
2026.07.08 14:45,4036.22,4046.15,4033.66,4040.80
2026.07.08 15:00,4041.30,4043.71,4033.58,4033.58
2026.07.08 15:15,4033.77,4035.84,4026.26,4030.98
2026.07.08 15:30,4030.82,4033.25,4021.71,4032.79
2026.07.08 15:45,4032.46,4038.22,4029.87,4034.20
2026.07.08 16:00,4034.15,4042.52,4033.16,4039.20
2026.07.08 16:15,4039.15,4044.61,4037.69,4043.63
2026.07.08 16:30,4043.47,4057.35,4039.42,4056.46
2026.07.08 16:45,4056.35,4064.27,4053.44,4063.57
2026.07.08 17:00,4063.74,4070.24,4059.59,4065.16
2026.07.08 17:15,4064.89,4073.73,4063.41,4072.84
2026.07.08 17:30,4072.95,4076.25,4068.84,4069.82
2026.07.08 17:45,4069.84,4070.22,4064.28,4065.73
2026.07.08 18:00,4065.45,4075.53,4063.51,4075.08
2026.07.08 18:15,4075.11,4075.11,4067.47,4069.57
2026.07.08 18:30,4069.90,4079.30,4067.09,4079.27
2026.07.08 18:45,4079.30,4091.30,4078.81,4084.24
2026.07.08 19:00,4084.62,4090.84,4084.57,4087.52
2026.07.08 19:15,4087.19,4088.45,4084.73,4088.08
2026.07.08 19:30,4088.23,4091.06,4083.25,4084.02
2026.07.08 19:45,4084.02,4084.18,4078.31,4079.96
2026.07.08 20:00,4079.35,4083.24,4075.99,4078.75
2026.07.08 20:15,4078.86,4079.54,4074.07,4076.69
2026.07.08 20:30,4076.66,4078.38,4071.38,4074.72
2026.07.08 20:45,4074.74,4079.60,4074.01,4074.77
2026.07.08 22:00,4073.86,4079.70,4072.45,4077.03
2026.07.08 22:15,4077.09,4078.82,4073.44,4074.26
2026.07.08 22:30,4074.33,4079.15,4073.57,4076.36
2026.07.08 22:45,4076.27,4079.81,4076.15,4076.50
2026.07.08 23:00,4076.74,4077.39,4073.84,4076.93
2026.07.08 23:15,4076.93,4077.70,4075.32,4077.52
2026.07.08 23:30,4077.53,4077.53,4073.47,4075.17
2026.07.08 23:45,4075.18,4077.53,4071.84,4076.15
2026.07.09 00:00,4076.13,4087.38,4076.13,4087.38
2026.07.09 00:15,4087.37,4089.58,4073.93,4077.94
2026.07.09 00:30,4077.94,4081.57,4075.40,4076.95
2026.07.09 00:45,4076.93,4078.93,4070.28,4073.84
2026.07.09 01:00,4073.83,4078.61,4065.17,4074.06
2026.07.09 01:15,4074.03,4076.45,4066.54,4066.60
2026.07.09 01:30,4066.82,4074.99,4062.25,4073.27
2026.07.09 01:45,4073.27,4075.94,4068.85,4072.67
2026.07.09 02:00,4072.79,4079.33,4071.98,4078.39
2026.07.09 02:15,4078.33,4082.43,4076.69,4080.29
2026.07.09 02:30,4080.30,4081.51,4070.13,4070.80
2026.07.09 02:45,4070.69,4071.65,4064.31,4064.87
2026.07.09 03:00,4064.89,4067.38,4055.24,4058.91
2026.07.09 03:15,4058.83,4060.87,4054.18,4058.21
2026.07.09 03:30,4058.12,4063.15,4056.37,4061.83
2026.07.09 03:45,4061.98,4063.96,4061.05,4063.96
2026.07.09 04:00,4064.01,4064.42,4058.75,4060.45
2026.07.09 04:15,4060.44,4060.82,4057.29,4058.77
2026.07.09 04:30,4058.79,4064.35,4056.44,4057.78
2026.07.09 04:45,4057.80,4064.44,4056.57,4064.22
2026.07.09 05:00,4064.21,4075.86,4063.63,4073.47
2026.07.09 05:15,4073.22,4073.52,4066.70,4072.16
2026.07.09 05:30,4072.17,4077.04,4064.72,4075.51
2026.07.09 05:45,4075.50,4084.14,4073.76,4081.95
2026.07.09 06:00,4081.96,4099.50,4081.43,4091.98
2026.07.09 06:15,4091.82,4103.08,4091.37,4102.07
2026.07.09 06:30,4102.23,4106.90,4095.99,4102.83
2026.07.09 06:45,4102.79,4107.95,4102.30,4107.91
2026.07.09 07:00,4107.95,4110.02,4101.53,4101.53
2026.07.09 07:15,4101.54,4109.91,4101.54,4108.92
2026.07.09 07:30,4108.84,4110.83,4103.67,4109.03
2026.07.09 07:45,4109.09,4111.08,4104.67,4107.87
2026.07.09 08:00,4108.25,4110.50,4105.27,4108.05
2026.07.09 08:15,4108.05,4117.61,4107.79,4114.69
2026.07.09 08:30,4114.69,4116.44,4110.05,4113.45
2026.07.09 08:45,4113.52,4113.68,4107.73,4108.21
2026.07.09 09:00,4108.20,4109.49,4105.84,4108.53
2026.07.09 09:15,4108.54,4112.23,4107.47,4108.39
2026.07.09 09:30,4108.12,4109.86,4103.18,4103.83
2026.07.09 09:45,4103.63,4107.40,4103.13,4106.28
2026.07.09 10:00,4106.22,4109.85,4104.14,4105.02
2026.07.09 10:15,4105.13,4106.44,4103.98,4104.26
2026.07.09 10:30,4104.05,4105.35,4102.41,4103.33
2026.07.09 10:45,4103.35,4104.33,4093.86,4098.98
2026.07.09 11:00,4098.95,4104.92,4097.77,4104.85
2026.07.09 11:15,4104.86,4107.10,4099.10,4100.36
2026.07.09 11:30,4100.34,4109.33,4098.89,4106.19
2026.07.09 11:45,4106.25,4110.49,4104.39,4108.57
2026.07.09 12:00,4108.95,4119.76,4105.94,4112.68
2026.07.09 12:15,4112.81,4113.41,4105.01,4107.62
2026.07.09 12:30,4106.31,4122.47,4106.31,4113.03
2026.07.09 12:45,4113.06,4114.45,4107.51,4107.61
2026.07.09 13:00,4107.60,4120.98,4106.73,4120.51
2026.07.09 13:15,4120.57,4126.94,4118.55,4125.93
2026.07.09 13:30,4126.38,4129.44,4119.65,4127.41
2026.07.09 13:45,4127.37,4127.56,4117.78,4121.91
2026.07.09 14:00,4121.84,4135.87,4120.33,4122.20
2026.07.09 14:15,4122.21,4125.45,4114.22,4124.58
2026.07.09 14:30,4124.69,4126.54,4120.62,4123.98
2026.07.09 14:45,4124.15,4127.93,4118.12,4127.66
2026.07.09 15:00,4127.68,4130.74,4124.79,4124.99
2026.07.09 15:15,4125.08,4130.64,4124.92,4127.85
2026.07.09 15:30,4127.99,4131.26,4126.29,4130.11
2026.07.09 15:45,4130.32,4132.65,4126.34,4126.80
2026.07.09 16:00,4127.02,4131.18,4125.59,4130.23
2026.07.09 16:15,4130.24,4133.02,4128.81,4132.65
2026.07.09 16:30,4132.27,4137.85,4131.74,4133.19
2026.07.09 16:45,4133.28,4134.18,4127.93,4127.93
2026.07.09 17:00,4128.06,4128.75,4125.65,4127.17
2026.07.09 17:15,4127.38,4131.79,4124.94,4131.56
2026.07.09 17:30,4131.65,4134.19,4129.14,4132.12
2026.07.09 17:45,4132.13,4137.89,4131.94,4136.10
2026.07.09 18:00,4136.03,4136.25,4127.38,4128.58
2026.07.09 18:15,4128.65,4128.65,4123.00,4123.85
2026.07.09 18:30,4123.85,4125.33,4121.39,4125.26
2026.07.09 18:45,4125.25,4125.36,4122.36,4124.42
2026.07.09 19:00,4124.26,4126.85,4122.87,4124.28
2026.07.09 19:15,4124.27,4125.44,4120.64,4120.84
2026.07.09 19:30,4120.87,4122.51,4118.83,4120.18
2026.07.09 19:45,4120.15,4123.39,4119.91,4122.55
2026.07.09 20:00,4122.66,4123.98,4120.68,4121.34
2026.07.09 20:15,4121.43,4122.40,4120.52,4121.00
2026.07.09 20:30,4120.99,4125.44,4120.71,4124.38
2026.07.09 20:45,4124.32,4124.38,4122.97,4123.36
2026.07.09 22:00,4125.58,4127.39,4122.37,4123.60
2026.07.09 22:15,4123.56,4124.74,4122.44,4123.15
2026.07.09 22:30,4123.22,4124.63,4122.35,4123.63
2026.07.09 22:45,4123.63,4124.12,4121.46,4121.70
2026.07.09 23:00,4121.70,4124.39,4121.43,4123.75
2026.07.09 23:15,4123.73,4125.08,4121.41,4122.16
2026.07.09 23:30,4122.16,4122.88,4120.98,4122.66
2026.07.09 23:45,4122.66,4124.34,4121.60,4123.33
2026.07.10 00:00,4123.42,4125.56,4119.74,4122.08
2026.07.10 00:15,4122.10,4123.55,4116.90,4119.41
2026.07.10 00:30,4119.42,4123.87,4114.43,4123.08
2026.07.10 00:45,4123.08,4128.17,4121.31,4126.41
2026.07.10 01:00,4126.33,4130.90,4118.78,4124.88
2026.07.10 01:15,4124.87,4127.26,4120.23,4121.55
2026.07.10 01:30,4121.44,4123.39,4109.02,4111.63
2026.07.10 01:45,4111.64,4121.12,4108.80,4116.82
2026.07.10 02:00,4117.04,4128.71,4116.09,4124.69
2026.07.10 02:15,4124.73,4127.88,4121.75,4125.68
2026.07.10 02:30,4125.74,4128.52,4122.22,4125.66
2026.07.10 02:45,4125.66,4128.95,4123.35,4127.64
2026.07.10 03:00,4127.59,4134.68,4125.89,4126.50
2026.07.10 03:15,4126.50,4128.21,4120.55,4125.15
2026.07.10 03:30,4125.15,4127.72,4121.17,4121.52
2026.07.10 03:45,4121.51,4122.22,4119.31,4120.14
2026.07.10 04:00,4120.14,4120.90,4116.68,4120.90
2026.07.10 04:15,4120.78,4120.95,4112.06,4117.30
2026.07.10 04:30,4117.34,4119.51,4116.60,4118.99
2026.07.10 04:45,4119.00,4119.02,4114.83,4115.07
2026.07.10 05:00,4114.99,4116.23,4113.27,4113.91
2026.07.10 05:15,4113.90,4116.91,4112.92,4114.11
2026.07.10 05:30,4114.01,4115.19,4108.96,4113.94
2026.07.10 05:45,4113.82,4117.04,4108.29,4116.68
2026.07.10 06:00,4116.67,4119.04,4114.69,4114.96
2026.07.10 06:15,4115.04,4119.91,4113.73,4114.48
2026.07.10 06:30,4114.47,4116.01,4111.02,4111.45
2026.07.10 06:45,4111.45,4114.27,4111.20,4111.61
2026.07.10 07:00,4111.58,4113.58,4108.88,4111.45
2026.07.10 07:15,4111.45,4115.21,4108.56,4112.36
2026.07.10 07:30,4112.36,4114.40,4105.29,4106.40
2026.07.10 07:45,4106.72,4109.81,4104.17,4108.84
2026.07.10 08:00,4108.84,4109.38,4103.93,4107.19
2026.07.10 08:15,4107.12,4108.55,4103.39,4104.23
2026.07.10 08:30,4104.20,4105.47,4099.31,4101.68
2026.07.10 08:45,4101.69,4101.71,4094.71,4097.74
2026.07.10 09:00,4097.66,4100.68,4094.31,4100.68
2026.07.10 09:15,4100.59,4103.32,4099.82,4102.60
2026.07.10 09:30,4102.39,4103.89,4098.34,4102.78
2026.07.10 09:45,4102.88,4105.33,4102.21,4104.23
2026.07.10 10:00,4104.36,4108.37,4104.23,4106.07
2026.07.10 10:15,4106.33,4112.54,4106.16,4109.39
2026.07.10 10:30,4109.39,4110.42,4106.18,4108.97
2026.07.10 10:45,4108.96,4108.96,4104.32,4104.50
2026.07.10 11:00,4104.35,4107.90,4104.33,4106.23
2026.07.10 11:15,4106.23,4108.03,4099.97,4099.97
2026.07.10 11:30,4100.05,4107.38,4096.03,4106.62
2026.07.10 11:45,4106.52,4107.85,4102.01,4102.23
2026.07.10 12:00,4102.27,4117.19,4100.91,4114.87
2026.07.10 12:15,4114.68,4116.22,4103.33,4105.90
2026.07.10 12:30,4106.18,4106.89,4097.44,4098.30
2026.07.10 12:45,4098.04,4104.80,4097.83,4100.64
2026.07.10 13:00,4100.63,4106.05,4098.64,4104.20
2026.07.10 13:15,4104.32,4106.55,4085.60,4087.25
2026.07.10 13:30,4087.32,4102.49,4086.96,4098.37
2026.07.10 13:45,4098.46,4105.37,4097.25,4099.78
2026.07.10 14:00,4100.10,4103.40,4097.53,4099.99
2026.07.10 14:15,4099.99,4108.82,4097.38,4105.35
2026.07.10 14:30,4105.73,4107.73,4072.62,4099.15
2026.07.10 14:45,4098.90,4107.32,4091.56,4092.64
2026.07.10 15:00,4093.13,4100.78,4091.26,4097.40
2026.07.10 15:15,4097.35,4107.49,4097.30,4102.00
2026.07.10 15:30,4102.11,4106.78,4101.43,4106.27
2026.07.10 15:45,4106.25,4113.37,4105.66,4112.97
2026.07.10 16:00,4112.94,4114.76,4107.95,4110.07
2026.07.10 16:15,4110.21,4114.35,4107.23,4114.28
2026.07.10 16:30,4114.20,4115.33,4108.92,4108.97
2026.07.10 16:45,4109.01,4109.60,4104.30,4104.42
2026.07.10 17:00,4104.32,4105.35,4102.22,4103.80
2026.07.10 17:15,4103.81,4106.67,4103.68,4105.49
2026.07.10 17:30,4105.51,4106.69,4103.19,4103.78
2026.07.10 17:45,4103.89,4105.01,4100.38,4100.70
2026.07.10 18:00,4100.73,4104.85,4099.97,4104.66
2026.07.10 18:15,4104.84,4105.20,4102.08,4102.85
2026.07.10 18:30,4103.05,4103.65,4098.59,4098.84
2026.07.10 18:45,4098.83,4101.46,4098.01,4101.10
2026.07.10 19:00,4101.05,4102.29,4097.70,4101.50
2026.07.10 19:15,4101.49,4103.13,4101.15,4101.68
2026.07.10 19:30,4101.84,4103.52,4100.41,4102.43
2026.07.10 19:45,4102.44,4108.88,4102.31,4108.46
2026.07.10 20:00,4108.51,4114.91,4108.32,4112.13
2026.07.10 20:15,4112.00,4112.69,4110.64,4111.24
2026.07.10 20:30,4111.24,4112.44,4110.33,4111.75
2026.07.10 20:45,4111.75,4120.83,4111.50,4120.35
2026.07.12 22:00,4086.40,4103.55,4080.73,4081.32
2026.07.12 22:15,4081.36,4087.98,4080.08,4084.32
2026.07.12 22:30,4084.32,4086.49,4078.24,4078.52
2026.07.12 22:45,4078.47,4080.74,4070.23,4076.59
2026.07.12 23:00,4076.60,4076.61,4068.53,4070.14
2026.07.12 23:15,4070.02,4074.76,4068.68,4074.60
2026.07.12 23:30,4074.60,4079.02,4071.75,4077.64
2026.07.12 23:45,4077.60,4084.68,4075.53,4084.35
2026.07.13 00:00,4084.39,4090.96,4080.84,4086.78
2026.07.13 00:15,4086.75,4087.78,4074.37,4074.61
2026.07.13 00:30,4074.58,4075.19,4061.11,4073.07
2026.07.13 00:45,4073.08,4077.13,4068.66,4073.93
2026.07.13 01:00,4073.91,4080.98,4065.37,4079.49
2026.07.13 01:15,4079.49,4081.88,4071.12,4079.67
2026.07.13 01:30,4079.74,4089.62,4077.64,4084.42
2026.07.13 01:45,4084.43,4087.95,4067.55,4072.22
2026.07.13 02:00,4072.48,4074.85,4070.03,4072.06
2026.07.13 02:15,4072.18,4074.14,4066.45,4067.09
2026.07.13 02:30,4067.32,4077.35,4064.73,4072.62
2026.07.13 02:45,4072.59,4072.88,4068.28,4068.59
2026.07.13 03:00,4068.68,4069.28,4052.95,4058.02
2026.07.13 03:15,4057.98,4062.35,4057.98,4061.77
2026.07.13 03:30,4061.85,4062.35,4057.03,4057.67
2026.07.13 03:45,4057.78,4060.92,4057.54,4060.34
2026.07.13 04:00,4060.35,4060.35,4052.32,4054.47
2026.07.13 04:15,4054.50,4057.75,4050.23,4055.50
2026.07.13 04:30,4055.41,4057.55,4053.08,4053.97
2026.07.13 04:45,4053.97,4059.04,4052.55,4058.70
2026.07.13 05:00,4058.79,4072.91,4054.77,4069.39
2026.07.13 05:15,4069.43,4069.43,4057.39,4058.00
2026.07.13 05:30,4058.10,4065.51,4052.16,4063.50
2026.07.13 05:45,4063.51,4064.12,4052.67,4053.74
2026.07.13 06:00,4053.57,4056.08,4043.73,4050.70
2026.07.13 06:15,4050.69,4061.00,4050.58,4060.84
2026.07.13 06:30,4061.03,4063.43,4058.54,4060.11
2026.07.13 06:45,4060.09,4060.46,4051.97,4055.56
2026.07.13 07:00,4055.42,4061.16,4048.83,4055.44
2026.07.13 07:15,4055.52,4058.98,4055.52,4058.72
2026.07.13 07:30,4058.67,4062.71,4056.11,4057.30
2026.07.13 07:45,4057.37,4064.98,4055.98,4064.48
2026.07.13 08:00,4064.66,4074.73,4063.07,4073.82
2026.07.13 08:15,4073.86,4080.56,4073.60,4073.97
2026.07.13 08:30,4074.04,4076.33,4071.77,4075.69
2026.07.13 08:45,4075.45,4078.34,4072.16,4074.49
2026.07.13 09:00,4074.50,4076.07,4072.62,4074.26
2026.07.13 09:15,4074.41,4076.52,4071.35,4072.65
2026.07.13 09:30,4072.56,4073.81,4069.45,4072.64
2026.07.13 09:45,4072.64,4073.46,4068.11,4068.17
2026.07.13 10:00,4068.13,4070.44,4066.76,4067.62
2026.07.13 10:15,4067.61,4069.31,4064.30,4065.00
2026.07.13 10:30,4064.96,4068.10,4047.03,4052.12
2026.07.13 10:45,4051.45,4061.39,4047.97,4060.44
2026.07.13 11:00,4060.55,4067.86,4058.12,4063.99
2026.07.13 11:15,4063.97,4064.95,4058.13,4062.76
2026.07.13 11:30,4062.72,4068.11,4062.00,4065.11
2026.07.13 11:45,4065.15,4065.59,4054.89,4056.32
2026.07.13 12:00,4056.33,4060.25,4053.48,4056.13
2026.07.13 12:15,4056.21,4063.43,4055.08,4058.92
2026.07.13 12:30,4058.67,4063.87,4058.67,4062.68
2026.07.13 12:45,4062.82,4067.25,4062.79,4067.22
2026.07.13 13:00,4067.30,4067.46,4059.17,4061.71
2026.07.13 13:15,4061.71,4065.80,4058.48,4062.12
2026.07.13 13:30,4062.14,4063.83,4051.45,4054.76
2026.07.13 13:45,4054.56,4058.13,4042.02,4042.97
2026.07.13 14:00,4042.99,4046.71,4029.70,4035.71
2026.07.13 14:15,4035.57,4037.09,4002.48,4016.72
2026.07.13 14:30,4016.73,4016.73,4000.19,4005.38
2026.07.13 14:45,4005.18,4015.25,4001.86,4015.25
2026.07.13 15:00,4015.28,4017.48,4010.83,4014.74
2026.07.13 15:15,4014.69,4020.12,4013.13,4016.39
2026.07.13 15:30,4016.44,4017.55,4012.25,4013.36
2026.07.13 15:45,4013.30,4015.90,4010.26,4015.90
2026.07.13 16:00,4015.80,4017.78,4012.57,4013.85
2026.07.13 16:15,4013.89,4013.89,4000.51,4003.60
2026.07.13 16:30,4003.69,4004.47,3990.67,4000.54
2026.07.13 16:45,4000.50,4002.56,3986.52,3993.13
2026.07.13 17:00,3993.13,3998.85,3992.11,3997.46
2026.07.13 17:15,3997.78,4001.73,3996.61,3998.83
2026.07.13 17:30,3998.83,4000.78,3996.22,3996.91
2026.07.13 17:45,3996.99,3999.26,3992.05,3993.11
2026.07.13 18:00,3993.13,3995.03,3989.87,3993.74
2026.07.13 18:15,3993.70,3996.72,3986.67,3995.14
2026.07.13 18:30,3995.13,4000.60,3993.99,4000.04
2026.07.13 18:45,4000.07,4004.96,3998.19,4001.37
2026.07.13 19:00,4001.93,4004.38,3997.72,3997.94
2026.07.13 19:15,3997.95,4000.65,3996.80,3998.24
2026.07.13 19:30,3998.18,4000.86,3993.40,3999.08
2026.07.13 19:45,3998.94,4002.30,3996.84,4002.20
2026.07.13 20:00,4001.85,4006.06,3998.52,3998.67
2026.07.13 20:15,3998.66,4000.15,3996.81,3999.76
2026.07.13 20:30,3999.71,4000.40,3997.24,4000.05
2026.07.13 20:45,4000.05,4002.28,3998.03,4001.50
2026.07.13 22:00,4005.30,4006.47,4000.78,4003.99
2026.07.13 22:15,4004.02,4005.79,4004.01,4004.38
2026.07.13 22:30,4004.11,4005.39,4002.84,4003.76
2026.07.13 22:45,4003.76,4004.86,4000.74,4000.83
2026.07.13 23:00,4000.85,4002.92,3999.48,4000.14
2026.07.13 23:15,4000.12,4000.45,3996.85,3997.35
2026.07.13 23:30,3997.34,3997.34,3993.55,3995.42
2026.07.13 23:45,3995.41,4001.80,3992.71,4001.04
2026.07.14 00:00,4001.69,4004.60,3983.72,3995.37
2026.07.14 00:15,3995.33,3996.89,3985.48,3995.24
2026.07.14 00:30,3995.28,4007.11,3994.34,4002.51
2026.07.14 00:45,4002.78,4007.12,4000.62,4004.08
2026.07.14 01:00,4004.19,4004.19,3992.24,3995.11
2026.07.14 01:15,3995.16,4004.71,3995.05,3997.74
2026.07.14 01:30,3997.83,4004.02,3992.71,4001.92
2026.07.14 01:45,4001.92,4011.97,3998.75,4010.31
2026.07.14 02:00,4010.49,4017.64,4005.89,4016.69
2026.07.14 02:15,4016.57,4018.79,4013.74,4017.79
2026.07.14 02:30,4017.81,4018.88,4010.53,4010.68
2026.07.14 02:45,4010.83,4013.82,4008.98,4012.14
2026.07.14 03:00,4012.17,4016.48,4012.03,4013.64
2026.07.14 03:15,4014.01,4018.68,4011.04,4017.89
2026.07.14 03:30,4017.92,4018.92,4013.70,4015.23
2026.07.14 03:45,4015.24,4018.00,4014.52,4016.75
2026.07.14 04:00,4016.80,4018.66,4013.39,4015.56
2026.07.14 04:15,4015.69,4017.24,4013.92,4015.56
2026.07.14 04:30,4015.55,4023.20,4015.55,4020.55
2026.07.14 04:45,4020.47,4021.14,4016.01,4020.16
2026.07.14 05:00,4020.37,4023.79,4019.60,4022.96
2026.07.14 05:15,4023.06,4023.88,4019.94,4022.64
2026.07.14 05:30,4022.66,4033.95,4022.61,4031.99
2026.07.14 05:45,4031.97,4032.52,4028.97,4031.28
2026.07.14 06:00,4031.24,4033.06,4028.63,4030.86
2026.07.14 06:15,4030.95,4031.06,4022.85,4022.85
2026.07.14 06:30,4023.01,4026.20,4021.65,4025.10
2026.07.14 06:45,4025.16,4026.37,4022.89,4023.77
2026.07.14 07:00,4023.72,4028.85,4020.73,4024.67
2026.07.14 07:15,4024.42,4029.71,4024.41,4026.29
2026.07.14 07:30,4026.14,4029.49,4022.82,4023.55
2026.07.14 07:45,4023.59,4026.03,4020.05,4020.61
2026.07.14 08:00,4020.79,4022.35,4014.52,4017.17
2026.07.14 08:15,4017.19,4022.93,4017.19,4021.68
2026.07.14 08:30,4021.67,4023.72,4018.65,4019.22
2026.07.14 08:45,4019.15,4020.72,4015.75,4015.79
2026.07.14 09:00,4015.80,4024.20,4013.73,4020.52
2026.07.14 09:15,4020.54,4021.54,4015.01,4015.72
2026.07.14 09:30,4015.75,4017.97,4013.72,4017.31
2026.07.14 09:45,4017.14,4023.78,4016.43,4021.63
2026.07.14 10:00,4021.77,4022.11,4016.80,4018.08
2026.07.14 10:15,4018.09,4019.94,4015.60,4017.73
2026.07.14 10:30,4017.75,4020.01,4015.06,4018.95
2026.07.14 10:45,4018.95,4022.70,4017.98,4021.56
2026.07.14 11:00,4021.56,4023.88,4015.39,4022.82
2026.07.14 11:15,4022.75,4028.29,4020.48,4024.90
2026.07.14 11:30,4024.88,4030.20,4024.51,4027.97
2026.07.14 11:45,4027.97,4031.75,4025.71,4031.17
2026.07.14 12:00,4031.07,4035.63,4025.18,4025.86
2026.07.14 12:15,4025.76,4030.75,4023.15,4028.33
2026.07.14 12:30,4028.33,4101.28,4028.33,4092.52
2026.07.14 12:45,4093.27,4095.12,4068.94,4076.21
2026.07.14 13:00,4076.34,4083.16,4070.81,4074.86
2026.07.14 13:15,4074.79,4086.13,4072.12,4081.42
2026.07.14 13:30,4081.60,4088.49,4075.79,4087.49
2026.07.14 13:45,4087.32,4087.32,4074.24,4076.62
2026.07.14 14:00,4076.61,4085.04,4072.56,4082.24
2026.07.14 14:15,4082.24,4084.97,4070.63,4076.87
2026.07.14 14:30,4076.86,4089.98,4073.18,4080.03
2026.07.14 14:45,4080.03,4087.46,4077.62,4085.13
2026.07.14 15:00,4085.22,4100.34,4078.73,4090.15
2026.07.14 15:15,4090.14,4090.92,4082.50,4084.79
2026.07.14 15:30,4084.72,4086.76,4066.94,4073.98
2026.07.14 15:45,4074.07,4076.39,4064.56,4066.13
2026.07.14 16:00,4066.14,4066.85,4057.97,4062.97
2026.07.14 16:15,4062.85,4064.83,4057.82,4059.28
2026.07.14 16:30,4059.31,4062.64,4057.63,4060.91
2026.07.14 16:45,4060.74,4062.10,4057.69,4061.46
2026.07.14 17:00,4061.46,4064.44,4055.45,4056.58
2026.07.14 17:15,4056.57,4063.92,4054.42,4062.72
2026.07.14 17:30,4062.82,4064.91,4059.45,4059.64
2026.07.14 17:45,4059.66,4063.73,4058.23,4062.69
2026.07.14 18:00,4062.69,4062.69,4059.59,4061.54
2026.07.14 18:15,4061.55,4062.98,4056.52,4058.36
2026.07.14 18:30,4058.33,4059.43,4042.75,4046.41
2026.07.14 18:45,4046.46,4054.47,4044.80,4054.04
2026.07.14 19:00,4054.07,4057.16,4052.29,4056.47
2026.07.14 19:15,4056.47,4056.83,4051.23,4051.49
2026.07.14 19:30,4051.52,4052.69,4047.48,4052.35
2026.07.14 19:45,4052.34,4056.77,4051.55,4055.51
2026.07.14 20:00,4055.72,4055.72,4053.62,4053.64
2026.07.14 20:15,4053.64,4054.42,4052.09,4052.80
2026.07.14 20:30,4052.93,4053.30,4049.61,4050.42
2026.07.14 20:45,4050.12,4053.05,4049.18,4051.99
2026.07.14 22:00,4052.89,4053.64,4048.85,4050.58
2026.07.14 22:15,4050.60,4051.95,4049.17,4051.63
2026.07.14 22:30,4051.57,4052.58,4048.88,4050.40
2026.07.14 22:45,4050.40,4050.56,4048.45,4048.85
2026.07.14 23:00,4048.87,4050.05,4046.91,4047.48
2026.07.14 23:15,4047.48,4053.80,4046.72,4053.80
2026.07.14 23:30,4053.75,4055.95,4051.43,4054.55
2026.07.14 23:45,4054.59,4054.95,4051.92,4052.90
2026.07.15 00:00,4052.90,4056.00,4049.83,4051.19
2026.07.15 00:15,4051.17,4058.04,4050.82,4058.04
2026.07.15 00:30,4058.15,4058.49,4052.09,4054.48
2026.07.15 00:45,4054.47,4060.37,4054.14,4058.89
2026.07.15 01:00,4059.65,4061.89,4055.13,4055.61
2026.07.15 01:15,4055.59,4057.19,4052.55,4054.27
2026.07.15 01:30,4054.24,4054.54,4036.45,4038.64
2026.07.15 01:45,4038.80,4042.36,4035.53,4037.24
2026.07.15 02:00,4037.10,4042.05,4034.02,4036.55
2026.07.15 02:15,4036.54,4036.74,4029.09,4032.98
2026.07.15 02:30,4033.00,4041.76,4032.65,4041.57
2026.07.15 02:45,4041.59,4041.80,4034.33,4035.18
2026.07.15 03:00,4035.19,4040.19,4032.81,4033.96
2026.07.15 03:15,4033.93,4035.18,4030.09,4030.90
2026.07.15 03:30,4030.83,4035.58,4028.06,4029.22
2026.07.15 03:45,4029.23,4033.38,4029.09,4031.10
2026.07.15 04:00,4031.15,4033.12,4029.96,4031.41
2026.07.15 04:15,4031.36,4034.94,4030.79,4033.53
2026.07.15 04:30,4033.51,4034.91,4028.13,4030.09
2026.07.15 04:45,4030.18,4034.23,4030.18,4033.02
2026.07.15 05:00,4033.33,4035.87,4025.04,4025.98
2026.07.15 05:15,4025.91,4028.49,4024.69,4024.95
2026.07.15 05:30,4024.98,4036.45,4022.07,4029.56
2026.07.15 05:45,4029.63,4034.59,4027.29,4034.59
2026.07.15 06:00,4034.65,4035.43,4027.08,4027.46
2026.07.15 06:15,4027.39,4028.54,4021.07,4026.30
2026.07.15 06:30,4026.35,4032.92,4022.56,4032.40
2026.07.15 06:45,4032.39,4033.61,4029.66,4031.99
2026.07.15 07:00,4031.82,4034.18,4028.17,4029.26
2026.07.15 07:15,4029.26,4029.75,4019.94,4024.41
2026.07.15 07:30,4023.88,4026.82,4019.63,4022.70
2026.07.15 07:45,4022.71,4026.62,4021.24,4024.32
2026.07.15 08:00,4024.34,4025.78,4017.32,4017.82
2026.07.15 08:15,4017.97,4026.72,4017.97,4026.25
2026.07.15 08:30,4026.63,4029.14,4024.56,4028.50
2026.07.15 08:45,4028.48,4032.98,4027.57,4031.08
2026.07.15 09:00,4031.26,4034.13,4029.46,4030.19
2026.07.15 09:15,4030.34,4032.71,4026.95,4027.32
2026.07.15 09:30,4027.39,4029.49,4025.44,4027.25
2026.07.15 09:45,4027.24,4030.24,4026.08,4030.14
2026.07.15 10:00,4030.14,4035.84,4028.65,4033.65
2026.07.15 10:15,4033.63,4035.36,4026.49,4028.78
2026.07.15 10:30,4028.75,4033.96,4028.34,4031.05
2026.07.15 10:45,4031.07,4031.14,4027.00,4028.06
2026.07.15 11:00,4028.05,4032.81,4027.78,4030.23
2026.07.15 11:15,4030.28,4031.15,4027.51,4030.64
2026.07.15 11:30,4030.64,4039.28,4029.22,4037.40
2026.07.15 11:45,4037.66,4040.01,4035.55,4038.22
2026.07.15 12:00,4038.37,4042.43,4035.86,4037.80
2026.07.15 12:15,4037.89,4040.71,4037.48,4039.64
2026.07.15 12:30,4039.39,4066.00,4039.39,4063.01
2026.07.15 12:45,4062.59,4071.37,4060.97,4067.68
2026.07.15 13:00,4068.28,4073.97,4061.73,4061.73
2026.07.15 13:15,4061.51,4066.38,4054.10,4055.89
2026.07.15 13:30,4055.84,4063.03,4055.70,4061.11
2026.07.15 13:45,4061.11,4066.24,4054.90,4061.35
2026.07.15 14:00,4061.55,4065.57,4059.93,4064.17
2026.07.15 14:15,4064.34,4065.94,4055.52,4058.16
2026.07.15 14:30,4058.37,4063.89,4056.87,4057.15
2026.07.15 14:45,4057.19,4060.83,4053.26,4060.31
2026.07.15 15:00,4060.93,4062.79,4043.19,4044.00
2026.07.15 15:15,4043.99,4049.69,4039.50,4049.09
2026.07.15 15:30,4048.94,4050.40,4044.75,4049.52
2026.07.15 15:45,4049.48,4050.77,4046.37,4046.94
2026.07.15 16:00,4046.82,4047.72,4037.30,4038.23
2026.07.15 16:15,4038.18,4040.68,4032.93,4034.68
2026.07.15 16:30,4034.70,4036.86,4026.89,4028.63
2026.07.15 16:45,4028.57,4037.92,4027.61,4033.75
2026.07.15 17:00,4033.69,4039.06,4032.94,4035.82
2026.07.15 17:15,4035.82,4048.04,4033.11,4047.44
2026.07.15 17:30,4047.41,4062.94,4047.11,4062.24
2026.07.15 17:45,4062.25,4065.89,4060.30,4062.16
2026.07.15 18:00,4062.18,4069.99,4061.68,4067.81
2026.07.15 18:15,4067.82,4074.96,4066.64,4074.14
2026.07.15 18:30,4074.27,4081.12,4067.63,4067.63
2026.07.15 18:45,4067.58,4068.48,4057.98,4059.04
2026.07.15 19:00,4059.11,4062.80,4057.19,4060.86
2026.07.15 19:15,4060.84,4061.32,4052.84,4055.89
2026.07.15 19:30,4056.33,4057.45,4047.84,4050.92
2026.07.15 19:45,4050.92,4056.83,4050.53,4056.83
2026.07.15 20:00,4056.68,4058.33,4055.08,4057.37
2026.07.15 20:15,4057.46,4062.04,4057.24,4061.27
2026.07.15 20:30,4061.26,4063.05,4060.26,4061.61
2026.07.15 20:45,4061.28,4062.84,4059.85,4060.21
2026.07.15 22:00,4065.16,4066.08,4060.85,4063.37
2026.07.15 22:15,4063.47,4064.11,4061.28,4062.13
2026.07.15 22:30,4062.26,4062.32,4059.00,4060.03
2026.07.15 22:45,4060.04,4061.31,4058.24,4059.57
2026.07.15 23:00,4059.47,4061.97,4058.84,4060.22
2026.07.15 23:15,4060.28,4060.33,4056.98,4057.68
2026.07.15 23:30,4057.68,4059.18,4055.61,4057.67
2026.07.15 23:45,4057.67,4060.65,4056.16,4057.71
2026.07.16 00:00,4057.69,4059.32,4054.78,4056.27
2026.07.16 00:15,4056.25,4060.18,4054.96,4058.30
2026.07.16 00:30,4058.32,4061.05,4053.98,4055.06
2026.07.16 00:45,4054.90,4060.91,4043.74,4044.50
2026.07.16 01:00,4044.58,4050.42,4041.04,4045.12
2026.07.16 01:15,4045.15,4045.23,4033.79,4036.71
2026.07.16 01:30,4036.63,4045.87,4036.53,4042.04
2026.07.16 01:45,4042.04,4043.73,4037.12,4038.92
2026.07.16 02:00,4039.00,4039.99,4031.14,4032.45
2026.07.16 02:15,4032.43,4034.75,4028.78,4034.49
2026.07.16 02:30,4034.40,4035.64,4024.45,4027.67
2026.07.16 02:45,4027.59,4032.40,4024.92,4031.43
2026.07.16 03:00,4031.32,4032.97,4029.12,4029.71
2026.07.16 03:15,4029.72,4033.87,4027.64,4033.81
2026.07.16 03:30,4033.86,4036.18,4032.48,4035.31
2026.07.16 03:45,4035.34,4036.79,4034.09,4036.19
2026.07.16 04:00,4036.50,4037.69,4031.83,4036.78
2026.07.16 04:15,4036.79,4036.80,4031.82,4033.76
2026.07.16 04:30,4033.92,4035.21,4031.93,4032.51
2026.07.16 04:45,4032.49,4035.12,4032.14,4033.05
2026.07.16 05:00,4033.02,4033.82,4029.28,4030.65
2026.07.16 05:15,4030.66,4032.85,4026.61,4027.53
2026.07.16 05:30,4027.51,4032.93,4025.52,4032.24
2026.07.16 05:45,4032.28,4032.76,4025.53,4027.23
2026.07.16 06:00,4027.22,4036.38,4026.97,4032.12
2026.07.16 06:15,4032.06,4032.81,4027.85,4030.28
2026.07.16 06:30,4029.94,4030.57,4022.68,4026.89
2026.07.16 06:45,4026.89,4031.33,4026.28,4030.51
2026.07.16 07:00,4030.49,4030.49,4025.62,4026.22
2026.07.16 07:15,4026.21,4026.82,4023.65,4024.40
2026.07.16 07:30,4024.24,4028.21,4022.98,4026.01
2026.07.16 07:45,4025.99,4031.69,4025.82,4030.67
2026.07.16 08:00,4030.49,4034.00,4025.28,4025.67
2026.07.16 08:15,4025.61,4033.58,4025.13,4032.20
2026.07.16 08:30,4032.33,4035.44,4031.96,4033.53
2026.07.16 08:45,4033.58,4036.38,4033.04,4035.19
2026.07.16 09:00,4035.26,4037.30,4035.18,4036.77
2026.07.16 09:15,4036.88,4037.39,4030.86,4033.00
2026.07.16 09:30,4033.00,4034.94,4030.38,4034.19
2026.07.16 09:45,4034.22,4036.19,4031.58,4031.82
2026.07.16 10:00,4031.67,4032.63,4029.62,4031.60
2026.07.16 10:15,4031.64,4034.61,4031.54,4033.19
2026.07.16 10:30,4033.20,4034.49,4031.53,4033.02
2026.07.16 10:45,4033.00,4033.14,4028.57,4029.45
2026.07.16 11:00,4029.41,4030.10,4026.42,4027.92
2026.07.16 11:15,4027.93,4027.93,4021.24,4024.31
2026.07.16 11:30,4024.22,4035.92,4023.44,4034.75
2026.07.16 11:45,4034.73,4042.28,4027.93,4038.37
2026.07.16 12:00,4038.86,4043.23,4027.66,4031.69
2026.07.16 12:15,4031.69,4032.11,4012.78,4025.46
2026.07.16 12:30,4023.69,4029.45,4000.43,4002.67
2026.07.16 12:45,4002.65,4008.77,3990.40,3992.35
2026.07.16 13:00,3991.98,3996.68,3973.81,3992.17
2026.07.16 13:15,3992.18,4005.99,3991.23,4005.46
2026.07.16 13:30,4005.45,4008.23,3981.63,3986.25
2026.07.16 13:45,3986.52,3996.92,3986.19,3990.07
2026.07.16 14:00,3990.07,3997.12,3987.05,3988.72
2026.07.16 14:15,3988.94,4000.44,3987.53,3999.20
2026.07.16 14:30,3999.15,4004.64,3995.50,4004.64
2026.07.16 14:45,4004.67,4006.53,3992.42,3997.72
2026.07.16 15:00,3997.87,3998.56,3989.28,3992.73
2026.07.16 15:15,3992.71,4016.68,3992.54,4011.29
2026.07.16 15:30,4011.19,4016.10,4007.56,4010.35
2026.07.16 15:45,4010.26,4013.01,4005.38,4006.88
2026.07.16 16:00,4006.89,4007.51,3989.87,3989.87
2026.07.16 16:15,3989.46,3991.56,3982.29,3987.42
2026.07.16 16:30,3987.39,3992.42,3986.91,3991.92
2026.07.16 16:45,3991.85,3996.84,3989.24,3991.94
2026.07.16 17:00,3992.20,3992.82,3984.53,3985.74
2026.07.16 17:15,3985.66,3988.63,3982.71,3987.57
2026.07.16 17:30,3987.34,3988.55,3979.96,3981.48
2026.07.16 17:45,3981.73,3987.46,3981.03,3984.49
2026.07.16 18:00,3984.65,3989.23,3983.58,3985.19
2026.07.16 18:15,3985.12,3990.28,3984.33,3986.34
2026.07.16 18:30,3986.29,3986.29,3976.45,3983.04
2026.07.16 18:45,3982.95,3984.77,3979.39,3980.24
2026.07.16 19:00,3980.25,3985.99,3978.96,3980.50
2026.07.16 19:15,3980.40,3983.94,3978.56,3978.85
2026.07.16 19:30,3978.82,3979.47,3969.24,3975.68
2026.07.16 19:45,3975.59,3982.35,3972.91,3979.72
2026.07.16 20:00,3979.23,3980.06,3974.39,3974.86
2026.07.16 20:15,3974.84,3975.17,3971.72,3974.68
2026.07.16 20:30,3974.88,3976.19,3973.36,3974.43
2026.07.16 20:45,3974.06,3976.56,3974.06,3975.95
2026.07.16 22:00,3977.47,3980.15,3975.91,3976.13
2026.07.16 22:15,3976.67,3977.46,3974.69,3976.38
2026.07.16 22:30,3976.35,3976.79,3973.41,3973.41
2026.07.16 22:45,3973.41,3978.23,3973.16,3978.21
2026.07.16 23:00,3978.22,3980.19,3975.43,3980.00
2026.07.16 23:15,3979.95,3980.53,3977.61,3978.30
2026.07.16 23:30,3978.41,3981.76,3975.56,3981.39
2026.07.16 23:45,3981.38,3986.30,3976.53,3985.86
2026.07.17 00:00,3985.87,3987.23,3983.03,3983.08
2026.07.17 00:15,3983.71,3990.85,3983.65,3984.71
2026.07.17 00:30,3984.69,3984.94,3980.56,3981.91
2026.07.17 00:45,3981.86,3991.89,3981.42,3991.81
2026.07.17 01:00,3991.83,3994.92,3987.32,3992.01
2026.07.17 01:15,3992.02,3996.02,3987.87,3990.88
2026.07.17 01:30,3990.88,3995.24,3988.78,3991.31
2026.07.17 01:45,3991.16,3992.56,3979.12,3983.05
2026.07.17 02:00,3983.31,3987.21,3979.70,3980.78
2026.07.17 02:15,3980.77,3984.27,3980.34,3983.01
2026.07.17 02:30,3982.98,3984.01,3970.66,3974.76
2026.07.17 02:45,3974.84,3979.95,3974.27,3979.03
2026.07.17 03:00,3979.09,3992.45,3978.69,3988.60
2026.07.17 03:15,3988.59,4008.10,3988.59,4000.98
2026.07.17 03:30,4000.88,4001.24,3995.89,3997.39
2026.07.17 03:45,3997.87,3998.49,3990.50,3991.29
2026.07.17 04:00,3991.23,3991.54,3987.25,3988.67
2026.07.17 04:15,3988.71,3990.08,3985.14,3986.17
2026.07.17 04:30,3986.14,3988.03,3980.12,3981.84
2026.07.17 04:45,3981.84,3984.48,3980.18,3981.70
2026.07.17 05:00,3981.55,3982.67,3977.16,3979.50
2026.07.17 05:15,3979.51,3981.51,3975.32,3979.80
2026.07.17 05:30,3979.74,3990.30,3978.42,3986.66
2026.07.17 05:45,3986.67,3991.32,3981.81,3984.96
2026.07.17 06:00,3984.94,4000.66,3984.94,3999.58
2026.07.17 06:15,3999.74,4005.90,3997.76,4004.20
2026.07.17 06:30,4003.69,4007.09,3995.64,3996.14
2026.07.17 06:45,3996.13,4001.47,3995.90,3999.29
2026.07.17 07:00,3998.92,4002.49,3993.29,3996.43
2026.07.17 07:15,3996.42,3999.20,3994.02,3996.23
2026.07.17 07:30,3996.24,3998.55,3994.10,3998.54
2026.07.17 07:45,3998.54,3998.57,3992.63,3992.63
2026.07.17 08:00,3992.59,3999.75,3991.34,3993.08
2026.07.17 08:15,3993.08,3994.97,3988.11,3992.29
2026.07.17 08:30,3992.34,3993.32,3987.81,3993.24
2026.07.17 08:45,3993.27,3999.34,3991.62,3994.10
2026.07.17 09:00,3993.95,3998.43,3992.69,3997.82
2026.07.17 09:15,3998.22,4002.32,3995.55,3998.98
2026.07.17 09:30,3999.20,3999.62,3995.20,3995.62
2026.07.17 09:45,3995.63,3998.53,3994.67,3997.96
2026.07.17 10:00,3998.21,3998.63,3994.81,3997.16
2026.07.17 10:15,3997.16,3998.97,3994.31,3996.03
2026.07.17 10:30,3995.80,3997.38,3993.87,3996.29
2026.07.17 10:45,3996.29,3997.14,3990.45,3990.74
2026.07.17 11:00,3991.18,3994.18,3990.33,3991.63
2026.07.17 11:15,3991.44,3995.92,3989.92,3995.56
2026.07.17 11:30,3995.59,3996.39,3991.36,3991.97
2026.07.17 11:45,3991.95,3998.61,3991.35,3994.11
2026.07.17 12:00,3993.96,3995.40,3988.33,3989.82
2026.07.17 12:15,3990.15,3992.17,3984.22,3987.18
2026.07.17 12:30,3987.17,3988.17,3965.39,3969.49
2026.07.17 12:45,3969.50,3973.06,3963.99,3966.00
2026.07.17 13:00,3966.07,3975.80,3959.56,3970.03
2026.07.17 13:15,3970.04,3974.97,3967.04,3968.22
2026.07.17 13:30,3968.18,4003.21,3963.82,3984.91
2026.07.17 13:45,3985.17,3997.42,3981.07,3997.14
2026.07.17 14:00,3997.00,4000.46,3990.26,3994.53
2026.07.17 14:15,3995.11,4004.28,3993.62,3998.49
2026.07.17 14:30,3998.48,3999.60,3992.01,3997.64
2026.07.17 14:45,3997.63,4001.27,3992.82,4001.14
2026.07.17 15:00,4001.09,4013.92,3997.76,4005.86
2026.07.17 15:15,4005.71,4013.13,4004.47,4013.13
2026.07.17 15:30,4013.37,4015.97,4009.40,4015.45
2026.07.17 15:45,4015.29,4021.05,4013.71,4018.99
2026.07.17 16:00,4019.13,4020.30,4011.16,4017.94
2026.07.17 16:15,4017.96,4023.63,4016.89,4018.61
2026.07.17 16:30,4018.61,4019.22,4012.76,4017.31
2026.07.17 16:45,4017.32,4020.52,4014.57,4014.87
2026.07.17 17:00,4015.20,4019.12,4013.26,4013.31
2026.07.17 17:15,4013.30,4015.80,4012.43,4013.85
2026.07.17 17:30,4013.66,4014.41,4009.70,4010.87
2026.07.17 17:45,4010.85,4013.17,4008.28,4009.94
2026.07.17 18:00,4010.14,4012.82,4007.61,4010.33
2026.07.17 18:15,4010.34,4016.04,4008.94,4015.36
2026.07.17 18:30,4014.87,4016.10,4007.15,4008.10
2026.07.17 18:45,4008.10,4012.13,4006.53,4011.19
2026.07.17 19:00,4011.18,4011.34,4004.32,4005.90
2026.07.17 19:15,4005.78,4006.63,4002.20,4005.23
2026.07.17 19:30,4005.38,4009.93,4004.88,4009.79
2026.07.17 19:45,4009.80,4016.45,4009.27,4015.34
2026.07.17 20:00,4015.40,4015.54,4012.02,4012.05
2026.07.17 20:15,4012.15,4012.46,4008.81,4010.83
2026.07.17 20:30,4010.74,4013.63,4008.63,4013.40
2026.07.17 20:45,4013.52,4018.35,4013.23,4018.03
2026.07.19 22:00,4001.76,4007.54,3994.77,3996.54
2026.07.19 22:15,3995.93,4000.21,3994.80,3994.89
2026.07.19 22:30,3994.84,3999.21,3993.35,3996.78
2026.07.19 22:45,3996.73,3998.29,3994.61,3994.73
2026.07.19 23:00,3994.80,3995.42,3990.69,3991.05
2026.07.19 23:15,3991.04,3993.83,3990.51,3993.02
2026.07.19 23:30,3993.22,3994.11,3989.93,3992.35
2026.07.19 23:45,3992.35,3995.97,3989.36,3995.46
2026.07.20 00:00,3995.45,3998.75,3982.72,3995.93
2026.07.20 00:15,3995.93,4005.48,3993.75,4003.76
2026.07.20 00:30,4003.68,4007.24,3998.42,3998.62
2026.07.20 00:45,3998.62,4009.87,3998.49,4008.46
2026.07.20 01:00,4008.74,4020.51,4005.84,4010.03
2026.07.20 01:15,4010.00,4010.20,3999.73,4002.99
2026.07.20 01:30,4002.96,4005.58,3995.72,3996.96
2026.07.20 01:45,3997.06,4004.24,3996.91,4002.09
2026.07.20 02:00,4002.30,4009.83,4001.27,4006.17
2026.07.20 02:15,4006.24,4008.66,4004.00,4006.81
2026.07.20 02:30,4006.81,4016.07,4005.95,4014.74
2026.07.20 02:45,4014.81,4028.59,4013.96,4021.82
2026.07.20 03:00,4021.75,4024.27,4018.55,4024.13
2026.07.20 03:15,4024.13,4026.60,4021.59,4022.06
2026.07.20 03:30,4022.25,4027.77,4018.68,4027.10
2026.07.20 03:45,4027.25,4027.69,4022.72,4024.00
2026.07.20 04:00,4024.00,4026.57,4021.37,4021.40
2026.07.20 04:15,4021.42,4025.45,4021.33,4025.18
2026.07.20 04:30,4025.19,4025.26,4022.13,4022.94
2026.07.20 04:45,4022.94,4022.94,4018.40,4018.78
2026.07.20 05:00,4018.86,4020.99,4011.68,4013.75
2026.07.20 05:15,4013.59,4014.74,4009.87,4010.71
2026.07.20 05:30,4010.80,4014.34,4007.86,4009.84
2026.07.20 05:45,4009.80,4010.66,4005.36,4008.60
2026.07.20 06:00,4008.70,4011.66,4006.74,4007.40
2026.07.20 06:15,4007.41,4009.42,4003.92,4004.76
2026.07.20 06:30,4004.76,4006.37,4002.91,4004.75
2026.07.20 06:45,4004.76,4007.42,4003.22,4003.77
2026.07.20 07:00,4003.75,4006.74,4002.09,4004.16
2026.07.20 07:15,4004.15,4008.59,4002.15,4006.68
2026.07.20 07:30,4006.65,4020.94,4006.54,4020.94
2026.07.20 07:45,4021.39,4021.71,4015.69,4016.87
2026.07.20 08:00,4017.17,4025.42,4017.17,4024.04
2026.07.20 08:15,4024.04,4030.39,4021.76,4021.93
2026.07.20 08:30,4021.88,4024.77,4018.84,4021.70
2026.07.20 08:45,4021.70,4022.66,4017.40,4018.90
2026.07.20 09:00,4018.78,4020.91,4015.31,4019.34
2026.07.20 09:15,4019.28,4021.96,4015.49,4016.32
2026.07.20 09:30,4016.14,4020.84,4014.87,4019.11
2026.07.20 09:45,4019.10,4023.20,4017.49,4021.10
2026.07.20 10:00,4021.00,4021.66,4018.16,4020.69
2026.07.20 10:15,4020.70,4023.17,4018.75,4021.79
2026.07.20 10:30,4021.67,4024.11,4021.11,4022.10
2026.07.20 10:45,4022.09,4025.50,4020.85,4024.04
2026.07.20 11:00,4024.12,4027.16,4019.76,4021.97
2026.07.20 11:15,4022.17,4023.73,4019.86,4022.12
2026.07.20 11:30,4022.13,4040.40,4021.43,4032.41
2026.07.20 11:45,4032.18,4032.18,4024.96,4025.23
2026.07.20 12:00,4025.08,4025.08,4011.39,4012.65
2026.07.20 12:15,4012.33,4014.70,4006.77,4012.83
2026.07.20 12:30,4012.86,4014.66,4006.35,4009.96
2026.07.20 12:45,4009.98,4015.56,4007.96,4008.10
2026.07.20 13:00,4007.86,4013.77,4007.86,4008.65
2026.07.20 13:15,4008.62,4012.44,4006.91,4008.49
2026.07.20 13:30,4008.74,4017.25,4008.14,4012.93
2026.07.20 13:45,4013.00,4013.21,4005.64,4005.68
2026.07.20 14:00,4005.53,4007.82,3998.22,3998.69
2026.07.20 14:15,3998.80,4006.62,3998.28,4006.62
2026.07.20 14:30,4006.67,4010.74,4005.95,4007.28
2026.07.20 14:45,4007.10,4013.26,4005.02,4006.03
2026.07.20 15:00,4006.03,4019.35,4004.36,4014.28
2026.07.20 15:15,4014.02,4016.52,4011.13,4016.40
2026.07.20 15:30,4016.38,4016.73,4010.20,4012.77
2026.07.20 15:45,4012.81,4016.30,4011.69,4011.72
2026.07.20 16:00,4011.72,4018.28,4011.30,4013.66
2026.07.20 16:15,4013.69,4014.30,4010.72,4012.43
2026.07.20 16:30,4012.49,4012.60,4001.92,4009.48
2026.07.20 16:45,4009.30,4010.42,4007.04,4009.72
2026.07.20 17:00,4009.71,4012.23,4009.47,4010.09
2026.07.20 17:15,4010.06,4012.87,4008.81,4011.98
2026.07.20 17:30,4012.00,4012.84,4007.68,4007.90
2026.07.20 17:45,4007.90,4007.91,4003.66,4005.12
2026.07.20 18:00,4005.16,4010.71,4005.16,4008.63
2026.07.20 18:15,4008.63,4011.68,4003.27,4006.72
2026.07.20 18:30,4006.56,4007.34,4004.33,4006.35
2026.07.20 18:45,4006.29,4008.61,4005.26,4007.26
2026.07.20 19:00,4007.24,4007.98,4004.29,4004.54
2026.07.20 19:15,4004.52,4012.73,4004.23,4012.73
2026.07.20 19:30,4012.39,4017.80,4005.24,4005.72
2026.07.20 19:45,4005.72,4009.83,4005.48,4006.80
2026.07.20 20:00,4006.52,4009.16,4005.66,4007.60
2026.07.20 20:15,4007.63,4009.04,4007.03,4008.11
2026.07.20 20:30,4008.12,4009.30,4007.36,4008.72
2026.07.20 20:45,4008.57,4008.79,4007.18,4008.05
2026.07.20 22:00,4010.00,4010.60,4006.03,4006.91
2026.07.20 22:15,4006.90,4010.44,4004.97,4009.70
2026.07.20 22:30,4009.69,4009.69,4002.90,4004.12
2026.07.20 22:45,4004.11,4008.13,3999.69,4000.30
2026.07.20 23:00,4000.54,4009.73,4000.09,4003.08
2026.07.20 23:15,4003.06,4007.21,4003.02,4003.57
2026.07.20 23:30,4003.40,4008.44,4003.37,4007.49
2026.07.20 23:45,4007.49,4010.31,4004.17,4009.82
2026.07.21 00:00,4010.06,4012.45,4003.74,4010.53
2026.07.21 00:15,4010.56,4018.40,4007.82,4014.99
2026.07.21 00:30,4014.95,4023.79,4014.28,4022.38
2026.07.21 00:45,4022.37,4027.04,4021.90,4024.78
2026.07.21 01:00,4024.84,4029.71,4018.41,4028.85
2026.07.21 01:15,4028.89,4035.72,4026.26,4028.02
2026.07.21 01:30,4028.04,4030.72,4023.02,4024.36
2026.07.21 01:45,4024.33,4028.12,4021.36,4023.11
2026.07.21 02:00,4023.18,4026.53,4021.98,4024.31
2026.07.21 02:15,4024.28,4029.90,4021.98,4028.80
2026.07.21 02:30,4028.74,4043.81,4028.17,4035.42
2026.07.21 02:45,4035.61,4038.22,4030.94,4037.96
2026.07.21 03:00,4037.93,4042.13,4037.68,4037.72
2026.07.21 03:15,4038.05,4051.43,4036.81,4047.40
2026.07.21 03:30,4047.38,4049.48,4041.80,4041.84
2026.07.21 03:45,4041.79,4047.38,4041.79,4046.86
2026.07.21 04:00,4046.91,4051.52,4045.66,4045.93
2026.07.21 04:15,4045.93,4046.73,4043.69,4044.61
2026.07.21 04:30,4044.64,4047.50,4044.23,4046.90
2026.07.21 04:45,4046.91,4049.60,4045.41,4049.55
2026.07.21 05:00,4049.54,4051.68,4046.35,4051.44
2026.07.21 05:15,4051.31,4056.34,4048.02,4054.37
2026.07.21 05:30,4054.37,4066.48,4054.37,4065.90
2026.07.21 05:45,4066.18,4067.83,4060.80,4060.80
2026.07.21 06:00,4061.44,4072.36,4061.44,4071.26
2026.07.21 06:15,4071.33,4074.35,4068.33,4072.31
2026.07.21 06:30,4072.69,4080.60,4071.86,4077.11
2026.07.21 06:45,4077.09,4083.96,4077.09,4078.65
2026.07.21 07:00,4078.33,4080.05,4071.73,4072.08
2026.07.21 07:15,4072.09,4073.34,4068.30,4069.53
2026.07.21 07:30,4069.52,4075.25,4067.63,4071.40
2026.07.21 07:45,4071.40,4072.45,4069.82,4071.30
2026.07.21 08:00,4071.35,4072.44,4065.56,4067.96
2026.07.21 08:15,4067.96,4068.56,4063.01,4063.31
2026.07.21 08:30,4063.50,4065.08,4060.93,4062.14
2026.07.21 08:45,4062.20,4063.53,4059.12,4062.75
2026.07.21 09:00,4062.77,4066.65,4062.77,4065.10
2026.07.21 09:15,4065.13,4068.29,4062.60,4062.73
2026.07.21 09:30,4062.73,4065.48,4061.02,4062.35
2026.07.21 09:45,4062.34,4069.56,4062.07,4065.94
2026.07.21 10:00,4065.94,4068.30,4060.86,4066.24
2026.07.21 10:15,4066.28,4069.21,4064.92,4066.69
2026.07.21 10:30,4066.83,4070.09,4066.53,4067.05
2026.07.21 10:45,4067.06,4068.44,4062.51,4062.94
2026.07.21 11:00,4062.96,4063.62,4055.45,4058.46
2026.07.21 11:15,4058.45,4059.68,4056.18,4057.95
2026.07.21 11:30,4058.20,4061.12,4055.51,4056.00
2026.07.21 11:45,4055.81,4058.38,4054.39,4055.86
2026.07.21 12:00,4055.91,4060.73,4055.85,4059.35
2026.07.21 12:15,4059.36,4063.05,4055.79,4061.48
2026.07.21 12:30,4061.64,4063.61,4051.11,4053.85
2026.07.21 12:45,4053.83,4061.97,4052.81,4054.00
2026.07.21 13:00,4054.00,4060.32,4053.94,4059.64
2026.07.21 13:15,4059.65,4061.58,4050.26,4050.91
2026.07.21 13:30,4050.94,4057.30,4044.87,4046.47
2026.07.21 13:45,4046.35,4053.53,4044.45,4053.10
2026.07.21 14:00,4053.11,4065.87,4051.73,4065.82
2026.07.21 14:15,4065.64,4069.33,4061.04,4069.33
2026.07.21 14:30,4069.19,4073.67,4062.24,4067.46
2026.07.21 14:45,4067.50,4070.62,4066.24,4068.32
2026.07.21 15:00,4068.19,4073.66,4065.51,4073.34
2026.07.21 15:15,4073.25,4079.05,4073.24,4076.73
2026.07.21 15:30,4076.74,4083.23,4075.50,4075.81
2026.07.21 15:45,4075.85,4078.10,4072.21,4074.09
2026.07.21 16:00,4074.06,4079.00,4073.58,4078.33
2026.07.21 16:15,4078.35,4078.40,4073.97,4075.59
2026.07.21 16:30,4075.61,4076.25,4071.13,4071.92
2026.07.21 16:45,4071.92,4073.23,4069.84,4071.42
2026.07.21 17:00,4071.47,4072.45,4069.32,4070.43
2026.07.21 17:15,4070.40,4072.71,4068.92,4072.14
2026.07.21 17:30,4072.16,4072.21,4066.85,4068.06
2026.07.21 17:45,4068.07,4068.53,4066.75,4068.53
2026.07.21 18:00,4068.52,4072.19,4067.61,4071.36
2026.07.21 18:15,4071.39,4086.36,4071.10,4083.67
2026.07.21 18:30,4083.75,4085.53,4081.22,4082.42
2026.07.21 18:45,4082.33,4083.29,4079.22,4082.18
2026.07.21 19:00,4082.27,4085.42,4080.01,4080.77
2026.07.21 19:15,4081.52,4085.20,4081.16,4084.02
2026.07.21 19:30,4084.42,4084.98,4081.86,4083.21
2026.07.21 19:45,4083.22,4085.28,4082.81,4084.34
2026.07.21 20:00,4084.66,4086.16,4083.32,4084.27
2026.07.21 20:15,4084.28,4084.43,4081.53,4082.63
2026.07.21 20:30,4082.62,4085.26,4080.41,4080.92
2026.07.21 20:45,4080.87,4080.87,4076.65,4077.40
2026.07.21 22:00,4079.83,4080.82,4077.03,4078.90
2026.07.21 22:15,4078.92,4083.07,4078.12,4082.60
2026.07.21 22:30,4082.63,4084.88,4082.51,4083.90
2026.07.21 22:45,4083.90,4084.28,4078.17,4080.36
2026.07.21 23:00,4080.37,4081.85,4079.44,4081.23
2026.07.21 23:15,4081.21,4082.43,4080.89,4081.16
2026.07.21 23:30,4081.16,4082.28,4079.26,4080.40
2026.07.21 23:45,4080.40,4082.98,4079.20,4080.55
2026.07.22 00:00,4080.96,4092.63,4076.70,4092.11
2026.07.22 00:15,4092.11,4098.59,4092.11,4098.01
2026.07.22 00:30,4098.04,4101.93,4089.63,4092.67
2026.07.22 00:45,4092.59,4099.02,4091.55,4097.36
2026.07.22 01:00,4097.68,4121.34,4096.70,4121.19
2026.07.22 01:15,4121.02,4121.54,4111.86,4115.41
2026.07.22 01:30,4115.42,4122.71,4112.87,4121.54
2026.07.22 01:45,4122.03,4123.38,4117.34,4122.04
2026.07.22 02:00,4122.04,4123.04,4118.89,4121.86
2026.07.22 02:15,4121.86,4125.92,4119.89,4124.17
2026.07.22 02:30,4124.16,4130.34,4122.20,4128.17
2026.07.22 02:45,4128.20,4130.72,4126.23,4130.50
2026.07.22 03:00,4130.48,4140.57,4129.25,4137.23
2026.07.22 03:15,4137.21,4141.59,4136.71,4138.15
2026.07.22 03:30,4138.15,4138.19,4132.38,4133.44
2026.07.22 03:45,4133.47,4134.18,4130.00,4130.78
2026.07.22 04:00,4130.78,4131.12,4126.21,4126.89
2026.07.22 04:15,4126.89,4129.48,4126.87,4128.70
2026.07.22 04:30,4128.71,4128.91,4124.71,4127.20
2026.07.22 04:45,4127.20,4127.51,4125.14,4126.91
2026.07.22 05:00,4126.90,4129.89,4125.86,4128.46
2026.07.22 05:15,4128.48,4128.60,4123.10,4123.62
2026.07.22 05:30,4123.48,4133.90,4123.10,4132.34
2026.07.22 05:45,4132.38,4133.00,4128.03,4130.95
2026.07.22 06:00,4130.95,4135.19,4129.34,4129.74
2026.07.22 06:15,4129.74,4131.82,4113.97,4117.33
2026.07.22 06:30,4117.70,4120.16,4114.83,4118.66
2026.07.22 06:45,4118.65,4120.48,4113.37,4116.45
2026.07.22 07:00,4116.85,4117.20,4111.97,4116.38
2026.07.22 07:15,4116.38,4122.33,4115.93,4119.64
2026.07.22 07:30,4119.53,4122.90,4110.94,4112.23
2026.07.22 07:45,4112.53,4114.23,4109.17,4110.55
2026.07.22 08:00,4110.48,4115.88,4110.48,4114.55
2026.07.22 08:15,4114.62,4117.75,4113.36,4117.31
2026.07.22 08:30,4117.35,4119.04,4114.15,4114.48
2026.07.22 08:45,4114.63,4120.02,4113.26,4118.23
2026.07.22 09:00,4118.45,4122.11,4117.80,4121.64
2026.07.22 09:15,4121.63,4122.22,4117.87,4118.61
2026.07.22 09:30,4118.48,4121.59,4114.28,4115.93
2026.07.22 09:45,4115.93,4117.80,4113.24,4114.96
2026.07.22 10:00,4115.04,4119.89,4114.96,4117.38
2026.07.22 10:15,4117.49,4121.71,4116.37,4119.25
2026.07.22 10:30,4119.27,4119.85,4115.95,4116.99
2026.07.22 10:45,4116.99,4120.17,4116.12,4117.45
2026.07.22 11:00,4117.45,4120.84,4115.12,4119.16
2026.07.22 11:15,4119.16,4122.91,4117.51,4118.54
2026.07.22 11:30,4118.55,4120.49,4112.50,4115.06
2026.07.22 11:45,4115.10,4122.89,4114.83,4122.50
2026.07.22 12:00,4122.75,4127.25,4121.75,4126.92
2026.07.22 12:15,4127.30,4132.97,4124.82,4132.61
2026.07.22 12:30,4132.80,4134.35,4124.65,4127.15
2026.07.22 12:45,4127.14,4127.51,4107.08,4112.78
2026.07.22 13:00,4112.79,4125.72,4112.51,4125.62
2026.07.22 13:15,4125.50,4134.80,4124.95,4131.76
2026.07.22 13:30,4131.75,4146.59,4131.75,4142.63
2026.07.22 13:45,4142.69,4155.88,4142.62,4154.66
2026.07.22 14:00,4154.71,4163.33,4153.41,4156.48
2026.07.22 14:15,4156.46,4156.46,4144.39,4146.18
2026.07.22 14:30,4146.29,4152.87,4146.29,4150.91
2026.07.22 14:45,4150.88,4152.83,4144.05,4148.46
2026.07.22 15:00,4148.53,4158.41,4148.53,4157.46
2026.07.22 15:15,4157.45,4161.28,4153.24,4157.14
2026.07.22 15:30,4157.13,4160.81,4155.69,4159.85
2026.07.22 15:45,4159.85,4165.91,4158.36,4159.29
2026.07.22 16:00,4159.30,4159.41,4153.15,4154.37
2026.07.22 16:15,4154.38,4155.44,4147.71,4149.07
2026.07.22 16:30,4149.08,4151.22,4144.37,4146.98
2026.07.22 16:45,4147.53,4148.88,4144.58,4146.76
2026.07.22 17:00,4146.75,4147.77,4143.09,4145.28
2026.07.22 17:15,4145.16,4146.94,4142.64,4145.96
2026.07.22 17:30,4145.85,4147.38,4138.28,4140.45
2026.07.22 17:45,4140.47,4143.60,4140.35,4142.32
2026.07.22 18:00,4142.41,4142.63,4136.67,4138.02
2026.07.22 18:15,4137.92,4139.63,4134.65,4135.09
2026.07.22 18:30,4135.17,4136.12,4131.89,4135.74
2026.07.22 18:45,4135.46,4138.73,4135.26,4135.97
2026.07.22 19:00,4135.97,4137.12,4132.96,4133.98
2026.07.22 19:15,4133.88,4135.27,4131.66,4134.37
2026.07.22 19:30,4134.23,4136.12,4132.50,4133.86
2026.07.22 19:45,4133.99,4135.20,4128.90,4131.64
2026.07.22 20:00,4131.92,4135.38,4130.32,4134.45
2026.07.22 20:15,4134.33,4137.71,4133.79,4136.60
2026.07.22 20:30,4136.59,4137.43,4130.77,4130.79
2026.07.22 20:45,4130.84,4131.04,4128.32,4130.40
2026.07.22 22:00,4119.43,4135.85,4113.65,4123.86
2026.07.22 22:15,4124.60,4128.91,4120.85,4128.68
2026.07.22 22:30,4128.70,4129.61,4119.89,4121.48
2026.07.22 22:45,4121.46,4126.62,4120.52,4121.65
2026.07.22 23:00,4121.90,4124.70,4115.74,4123.73
2026.07.22 23:15,4123.66,4123.94,4119.03,4119.80
2026.07.22 23:30,4119.85,4124.40,4118.93,4123.55
2026.07.22 23:45,4123.55,4133.89,4122.92,4133.29
2026.07.23 00:00,4133.30,4134.26,4126.10,4126.81
2026.07.23 00:15,4126.75,4134.61,4126.74,4129.11
2026.07.23 00:30,4129.11,4132.05,4127.12,4127.91
2026.07.23 00:45,4127.71,4133.20,4125.06,4132.12
2026.07.23 01:00,4132.05,4139.06,4129.81,4135.63
2026.07.23 01:15,4135.63,4140.74,4134.24,4137.22
2026.07.23 01:30,4137.30,4139.08,4122.75,4122.89
2026.07.23 01:45,4121.64,4123.56,4114.23,4117.78
2026.07.23 02:00,4117.69,4118.76,4112.12,4117.56
2026.07.23 02:15,4117.60,4117.92,4113.23,4116.05
2026.07.23 02:30,4116.17,4122.19,4113.77,4122.09
2026.07.23 02:45,4122.00,4128.42,4121.42,4127.88
2026.07.23 03:00,4127.98,4128.89,4124.04,4126.90
2026.07.23 03:15,4127.04,4132.83,4126.57,4130.41
2026.07.23 03:30,4130.45,4131.01,4125.97,4128.72
2026.07.23 03:45,4128.75,4128.75,4124.00,4124.62
2026.07.23 04:00,4124.61,4127.53,4122.43,4127.53
2026.07.23 04:15,4127.57,4129.67,4125.04,4129.66
2026.07.23 04:30,4129.57,4130.18,4123.05,4123.09
2026.07.23 04:45,4123.11,4124.20,4119.97,4121.11
2026.07.23 05:00,4121.10,4124.88,4119.56,4124.35
2026.07.23 05:15,4124.35,4125.37,4119.94,4125.37
2026.07.23 05:30,4125.64,4128.42,4123.79,4127.69
2026.07.23 05:45,4127.69,4130.20,4120.57,4123.98
2026.07.23 06:00,4124.32,4128.09,4121.22,4123.07
2026.07.23 06:15,4122.91,4127.63,4121.24,4121.92
2026.07.23 06:30,4121.97,4123.68,4116.82,4119.91
2026.07.23 06:45,4119.87,4122.20,4117.71,4118.43
2026.07.23 07:00,4118.63,4119.28,4101.95,4106.64
2026.07.23 07:15,4106.54,4111.79,4105.40,4108.30
2026.07.23 07:30,4108.31,4108.65,4091.33,4095.44
2026.07.23 07:45,4095.62,4096.72,4090.14,4095.32
2026.07.23 08:00,4096.15,4097.58,4090.16,4091.36
2026.07.23 08:15,4091.36,4092.35,4088.56,4091.80
2026.07.23 08:30,4091.52,4093.66,4088.75,4092.36
2026.07.23 08:45,4092.36,4094.70,4086.96,4093.14
2026.07.23 09:00,4093.32,4099.29,4092.63,4094.85
2026.07.23 09:15,4094.80,4096.94,4089.34,4091.36
2026.07.23 09:30,4091.46,4092.74,4088.55,4091.74
2026.07.23 09:45,4091.88,4094.12,4088.41,4089.75
2026.07.23 10:00,4089.81,4091.56,4087.87,4090.73
2026.07.23 10:15,4090.70,4092.38,4086.07,4089.77
2026.07.23 10:30,4089.76,4092.75,4086.53,4089.26
2026.07.23 10:45,4089.27,4095.15,4087.16,4093.12
2026.07.23 11:00,4093.12,4093.71,4086.96,4087.60
2026.07.23 11:15,4087.60,4089.14,4080.90,4084.26
2026.07.23 11:30,4084.28,4084.28,4073.15,4078.64
2026.07.23 11:45,4078.41,4088.83,4077.79,4085.56
2026.07.23 12:00,4085.45,4085.77,4081.10,4081.29
2026.07.23 12:15,4081.36,4082.96,4070.29,4075.09
2026.07.23 12:30,4075.00,4075.00,4064.48,4068.79
2026.07.23 12:45,4069.05,4069.18,4060.92,4061.71
2026.07.23 13:00,4061.89,4063.37,4040.51,4040.82
2026.07.23 13:15,4040.82,4059.10,4040.71,4058.91
2026.07.23 13:30,4058.71,4067.29,4055.46,4056.30
2026.07.23 13:45,4056.22,4058.86,4042.71,4042.99
2026.07.23 14:00,4043.19,4051.32,4040.05,4047.93
2026.07.23 14:15,4047.76,4056.72,4042.31,4056.28
2026.07.23 14:30,4056.11,4059.93,4051.63,4056.92
2026.07.23 14:45,4056.90,4061.62,4055.91,4057.84
2026.07.23 15:00,4057.80,4059.37,4049.25,4051.29
2026.07.23 15:15,4050.98,4056.69,4045.53,4046.71
2026.07.23 15:30,4046.76,4053.07,4042.26,4047.95
2026.07.23 15:45,4047.93,4050.87,4046.65,4048.55
2026.07.23 16:00,4049.04,4050.78,4047.25,4050.04
2026.07.23 16:15,4050.24,4051.48,4045.76,4049.91
2026.07.23 16:30,4049.92,4050.98,4046.91,4049.71
2026.07.23 16:45,4049.74,4051.66,4047.94,4051.32
2026.07.23 17:00,4051.45,4054.49,4046.79,4047.14
2026.07.23 17:15,4047.17,4050.39,4046.14,4047.13
2026.07.23 17:30,4047.11,4049.01,4041.77,4042.72
2026.07.23 17:45,4042.72,4044.25,4041.53,4041.67
2026.07.23 18:00,4041.72,4044.07,4040.70,4041.74
2026.07.23 18:15,4041.75,4044.99,4040.69,4044.39
2026.07.23 18:30,4044.38,4047.88,4044.36,4046.39
2026.07.23 18:45,4046.39,4048.23,4044.51,4045.99
2026.07.23 19:00,4046.11,4048.40,4042.91,4043.17
2026.07.23 19:15,4043.14,4049.06,4043.05,4048.05
2026.07.23 19:30,4048.09,4050.78,4045.66,4045.74
2026.07.23 19:45,4045.79,4050.87,4044.86,4049.39
2026.07.23 20:00,4049.71,4051.06,4048.15,4049.39
2026.07.23 20:15,4049.41,4050.43,4047.34,4050.08
2026.07.23 20:30,4050.10,4050.59,4048.81,4049.81
2026.07.23 20:45,4049.71,4049.92,4047.35,4049.58
2026.07.23 22:00,4050.01,4050.18,4048.33,4048.84
2026.07.23 22:15,4049.16,4050.06,4049.11,4049.86
2026.07.23 22:30,4049.85,4050.28,4048.71,4049.28
2026.07.23 22:45,4049.30,4050.26,4048.43,4049.48
2026.07.23 23:00,4049.48,4049.72,4047.36,4048.37
2026.07.23 23:15,4048.34,4049.84,4047.10,4048.99
2026.07.23 23:30,4049.12,4050.53,4047.01,4048.12
2026.07.23 23:45,4048.12,4049.60,4046.56,4046.97
2026.07.24 00:00,4047.11,4049.84,4041.17,4041.51
2026.07.24 00:15,4041.50,4047.94,4041.12,4046.54
2026.07.24 00:30,4046.51,4050.03,4044.76,4049.14
2026.07.24 00:45,4049.14,4050.51,4048.25,4049.74
2026.07.24 01:00,4049.81,4050.00,4039.80,4042.31
2026.07.24 01:15,4042.33,4045.82,4041.40,4042.68
2026.07.24 01:30,4042.67,4050.23,4041.48,4049.82
2026.07.24 01:45,4049.85,4050.00,4041.29,4043.48
2026.07.24 02:00,4043.51,4045.85,4040.92,4045.59
2026.07.24 02:15,4045.64,4048.29,4042.57,4046.43
2026.07.24 02:30,4046.43,4048.00,4041.24,4041.52
2026.07.24 02:45,4041.51,4041.70,4023.07,4024.59
2026.07.24 03:00,4024.72,4032.20,4023.13,4031.75
2026.07.24 03:15,4031.75,4033.49,4028.06,4030.21
2026.07.24 03:30,4030.17,4033.09,4030.17,4031.51
2026.07.24 03:45,4031.50,4032.04,4028.28,4029.16
2026.07.24 04:00,4029.14,4030.21,4026.98,4028.07
2026.07.24 04:15,4028.07,4030.26,4027.55,4029.67
2026.07.24 04:30,4029.67,4030.19,4025.87,4026.81
2026.07.24 04:45,4026.80,4028.70,4025.49,4026.91
2026.07.24 05:00,4027.15,4032.05,4025.18,4027.52
2026.07.24 05:15,4027.31,4029.73,4022.28,4026.12
2026.07.24 05:30,4026.05,4031.43,4023.89,4024.74
2026.07.24 05:45,4024.67,4029.15,4021.91,4022.94
2026.07.24 06:00,4022.95,4031.23,4022.89,4030.87
2026.07.24 06:15,4030.87,4038.92,4029.29,4036.54
2026.07.24 06:30,4036.49,4037.08,4033.19,4033.81
2026.07.24 06:45,4033.81,4038.51,4031.59,4035.56
2026.07.24 07:00,4035.41,4047.32,4034.98,4045.35
2026.07.24 07:15,4045.89,4050.58,4043.99,4048.64
2026.07.24 07:30,4048.63,4053.53,4045.78,4048.32
2026.07.24 07:45,4048.32,4049.57,4046.00,4048.31
2026.07.24 08:00,4048.30,4048.99,4045.10,4046.73
2026.07.24 08:15,4046.58,4052.40,4045.04,4052.37
2026.07.24 08:30,4052.45,4055.44,4048.72,4054.63
2026.07.24 08:45,4054.66,4058.52,4052.23,4057.41
2026.07.24 09:00,4057.49,4060.55,4053.17,4054.03
2026.07.24 09:15,4054.03,4056.50,4052.37,4052.84
2026.07.24 09:30,4052.93,4056.07,4051.69,4055.56
2026.07.24 09:45,4055.62,4059.74,4054.57,4059.68
2026.07.24 10:00,4059.68,4061.36,4057.67,4058.07
2026.07.24 10:15,4058.04,4063.53,4057.45,4061.87
2026.07.24 10:30,4061.76,4063.73,4058.04,4058.23
2026.07.24 10:45,4058.35,4060.13,4057.09,4059.98
2026.07.24 11:00,4059.92,4063.25,4058.41,4061.14
2026.07.24 11:15,4061.06,4061.88,4058.96,4058.96
2026.07.24 11:30,4058.99,4060.26,4055.15,4055.16
2026.07.24 11:45,4055.27,4061.44,4051.33,4057.68
2026.07.24 12:00,4058.22,4058.44,4052.26,4056.46
2026.07.24 12:15,4056.45,4060.07,4054.74,4059.53
2026.07.24 12:30,4059.21,4059.52,4051.93,4055.03
2026.07.24 12:45,4055.03,4056.23,4051.61,4056.01
2026.07.24 13:00,4055.89,4058.20,4044.57,4048.04
2026.07.24 13:15,4047.96,4049.22,4044.75,4046.27
2026.07.24 13:30,4046.27,4056.55,4044.69,4052.22
2026.07.24 13:45,4052.17,4068.56,4048.61,4067.27
2026.07.24 14:00,4067.47,4069.90,4057.19,4058.78
2026.07.24 14:15,4058.79,4069.28,4055.81,4066.02
2026.07.24 14:30,4066.18,4067.96,4059.11,4060.20
2026.07.24 14:45,4060.19,4066.39,4058.45,4063.11
2026.07.24 15:00,4063.22,4076.49,4061.74,4074.66
2026.07.24 15:15,4074.61,4081.94,4071.85,4074.92
2026.07.24 15:30,4074.91,4079.52,4071.77,4071.82
2026.07.24 15:45,4072.01,4077.74,4070.91,4077.23
2026.07.24 16:00,4077.26,4077.40,4074.37,4074.80
2026.07.24 16:15,4074.84,4078.05,4073.51,4073.76
2026.07.24 16:30,4073.64,4073.95,4066.63,4067.61
2026.07.24 16:45,4067.59,4067.64,4064.08,4066.95
2026.07.24 17:00,4067.14,4068.28,4062.93,4064.09
2026.07.24 17:15,4064.08,4069.76,4063.58,4068.29
2026.07.24 17:30,4068.17,4069.72,4066.12,4066.47
2026.07.24 17:45,4066.47,4067.04,4062.96,4063.27
2026.07.24 18:00,4063.50,4064.35,4061.21,4061.56
2026.07.24 18:15,4061.55,4062.87,4054.93,4055.18
2026.07.24 18:30,4055.42,4056.79,4051.03,4052.02
2026.07.24 18:45,4052.03,4055.76,4051.71,4054.28
2026.07.24 19:00,4054.32,4056.23,4052.05,4052.19
2026.07.24 19:15,4052.18,4052.26,4049.12,4051.44
2026.07.24 19:30,4051.42,4057.82,4051.22,4056.77
2026.07.24 19:45,4056.84,4057.35,4052.71,4053.61
2026.07.24 20:00,4053.24,4055.15,4052.18,4052.43
2026.07.24 20:15,4052.47,4054.63,4052.02,4053.59
2026.07.24 20:30,4053.59,4055.95,4051.50,4055.36
2026.07.24 20:45,4055.37,4056.22,4052.05,4052.58
2026.07.26 22:00,4088.27,4096.89,4083.17,4087.92
2026.07.26 22:15,4087.92,4089.95,4083.85,4086.43
2026.07.26 22:30,4085.93,4092.85,4085.52,4091.05
2026.07.26 22:45,4091.05,4093.54,4088.87,4089.45
2026.07.26 23:00,4089.57,4091.18,4084.45,4084.73
2026.07.26 23:15,4084.72,4086.24,4083.61,4084.71
2026.07.26 23:30,4084.72,4089.16,4084.53,4088.91
2026.07.26 23:45,4088.92,4096.20,4088.30,4094.07
2026.07.27 00:00,4093.91,4115.97,4093.91,4115.59
2026.07.27 00:15,4115.59,4115.59,4090.69,4094.41
2026.07.27 00:30,4094.32,4102.29,4093.58,4099.78
2026.07.27 00:45,4099.71,4109.14,4099.04,4100.62
2026.07.27 01:00,4100.57,4112.37,4100.57,4107.03
2026.07.27 01:15,4107.12,4109.05,4096.87,4099.77
2026.07.27 01:30,4099.80,4104.19,4097.85,4102.60
2026.07.27 01:45,4102.85,4109.98,4102.68,4109.98
2026.07.27 02:00,4110.48,4110.80,4103.36,4105.43
2026.07.27 02:15,4105.43,4105.79,4101.90,4102.96
2026.07.27 02:30,4103.05,4103.05,4095.48,4096.44
2026.07.27 02:45,4096.33,4097.51,4093.57,4093.57
2026.07.27 03:00,4093.56,4095.71,4089.07,4091.82
2026.07.27 03:15,4091.89,4093.41,4085.24,4085.46
2026.07.27 03:30,4085.45,4090.67,4085.04,4089.67
2026.07.27 03:45,4089.59,4091.09,4088.42,4090.82
2026.07.27 04:00,4091.01,4092.77,4088.58,4090.03
2026.07.27 04:15,4090.02,4090.33,4086.96,4088.89
2026.07.27 04:30,4088.90,4092.22,4088.90,4090.30
2026.07.27 04:45,4090.30,4091.20,4089.15,4090.14
2026.07.27 05:00,4090.11,4094.60,4088.56,4094.60
2026.07.27 05:15,4094.60,4094.60,4086.04,4086.89
2026.07.27 05:30,4086.60,4090.10,4085.67,4087.94
2026.07.27 05:45,4087.93,4093.54,4084.32,4092.94
2026.07.27 06:00,4093.00,4096.28,4091.53,4094.28
2026.07.27 06:15,4094.28,4096.37,4091.17,4095.95
2026.07.27 06:30,4095.90,4099.15,4094.18,4098.51
2026.07.27 06:45,4098.54,4098.81,4094.97,4095.98
2026.07.27 07:00,4095.79,4101.81,4095.79,4101.81
2026.07.27 07:15,4101.80,4105.83,4099.75,4103.13
2026.07.27 07:30,4103.07,4103.52,4095.77,4097.18
2026.07.27 07:45,4097.17,4099.06,4088.44,4088.73
2026.07.27 08:00,4088.67,4092.99,4087.06,4091.19
2026.07.27 08:15,4091.11,4092.39,4088.79,4090.85
2026.07.27 08:30,4090.73,4092.77,4087.32,4091.25
2026.07.27 08:45,4091.33,4096.76,4090.79,4095.09
2026.07.27 09:00,4095.08,4098.29,4093.03,4093.85
2026.07.27 09:15,4093.84,4095.71,4091.05,4091.42
2026.07.27 09:30,4091.56,4094.60,4090.41,4094.11
2026.07.27 09:45,4094.11,4100.28,4093.73,4096.13
2026.07.27 10:00,4096.06,4096.46,4086.44,4090.76
2026.07.27 10:15,4090.76,4093.84,4089.09,4092.99
2026.07.27 10:30,4092.99,4101.89,4092.94,4100.25
2026.07.27 10:45,4100.30,4102.29,4098.70,4099.44
2026.07.27 11:00,4099.44,4104.03,4096.93,4101.90
2026.07.27 11:15,4102.04,4103.24,4096.84,4096.84
2026.07.27 11:30,4096.93,4099.89,4094.64,4095.56
2026.07.27 11:45,4095.44,4097.10,4093.66,4093.77
2026.07.27 12:00,4093.81,4097.52,4086.25,4087.46
2026.07.27 12:15,4087.51,4088.91,4081.78,4086.67
2026.07.27 12:30,4086.60,4088.58,4083.08,4086.61
2026.07.27 12:45,4086.58,4088.82,4081.63,4083.58
2026.07.27 13:00,4083.64,4088.68,4080.90,4084.77
2026.07.27 13:15,4084.90,4087.07,4075.94,4075.96
2026.07.27 13:30,4076.22,4088.99,4075.44,4086.57
2026.07.27 13:45,4086.71,4089.36,4070.44,4074.05
2026.07.27 14:00,4074.33,4078.99,4071.05,4076.81
2026.07.27 14:15,4077.33,4078.46,4067.08,4068.12
2026.07.27 14:30,4068.23,4070.48,4065.27,4068.68
2026.07.27 14:45,4068.99,4077.20,4068.99,4076.16
2026.07.27 15:00,4076.21,4076.37,4071.68,4075.87
2026.07.27 15:15,4075.74,4079.13,4074.48,4076.37
2026.07.27 15:30,4076.37,4077.84,4072.58,4075.97
2026.07.27 15:45,4076.01,4079.57,4074.51,4078.37
2026.07.27 16:00,4078.34,4084.68,4077.78,4081.31
2026.07.27 16:15,4081.33,4088.65,4079.60,4085.05
2026.07.27 16:30,4085.14,4093.74,4085.01,4088.15
2026.07.27 16:45,4088.26,4088.34,4080.67,4082.26
2026.07.27 17:00,4082.25,4082.25,4070.51,4073.47
2026.07.27 17:15,4073.47,4076.71,4072.28,4074.69
2026.07.27 17:30,4074.67,4075.94,4072.11,4074.39
2026.07.27 17:45,4074.39,4077.07,4073.23,4076.28
2026.07.27 18:00,4076.46,4079.14,4076.01,4076.61
2026.07.27 18:15,4076.58,4076.88,4074.09,4076.75
2026.07.27 18:30,4076.72,4078.77,4072.90,4076.14
2026.07.27 18:45,4076.14,4079.31,4075.01,4077.83
2026.07.27 19:00,4077.83,4081.69,4076.09,4080.17
2026.07.27 19:15,4080.25,4088.55,4079.39,4085.67
2026.07.27 19:30,4085.67,4087.13,4083.79,4086.83
2026.07.27 19:45,4086.85,4089.21,4082.33,4083.22
2026.07.27 20:00,4083.39,4083.96,4081.42,4082.10
2026.07.27 20:15,4082.09,4082.10,4078.20,4078.62
2026.07.27 20:30,4078.57,4079.04,4075.77,4077.06
2026.07.27 20:45,4077.10,4077.23,4075.30,4076.83
2026.07.27 22:00,4079.21,4082.01,4076.55,4076.79
2026.07.27 22:15,4076.96,4076.96,4070.88,4072.12
2026.07.27 22:30,4072.26,4074.92,4072.26,4074.77
2026.07.27 22:45,4074.81,4074.81,4073.48,4074.07
2026.07.27 23:00,4074.11,4074.92,4071.74,4073.98
2026.07.27 23:15,4073.98,4074.49,4071.91,4072.99
2026.07.27 23:30,4072.71,4073.54,4071.50,4071.95
2026.07.27 23:45,4071.95,4073.26,4069.81,4073.21
2026.07.28 00:00,4073.06,4074.01,4061.96,4067.02
2026.07.28 00:15,4066.78,4067.33,4059.28,4062.01
2026.07.28 00:30,4062.01,4066.11,4060.44,4065.40
2026.07.28 00:45,4065.40,4065.40,4057.72,4057.95
2026.07.28 01:00,4057.89,4060.19,4053.88,4057.98
2026.07.28 01:15,4057.93,4059.03,4046.38,4047.21
2026.07.28 01:30,4047.20,4050.33,4043.51,4048.81
2026.07.28 01:45,4048.80,4048.81,4042.49,4045.04
2026.07.28 02:00,4045.07,4047.46,4042.36,4046.34
2026.07.28 02:15,4046.34,4048.82,4045.24,4046.09
2026.07.28 02:30,4046.10,4047.83,4041.45,4044.17
2026.07.28 02:45,4044.17,4045.39,4040.66,4041.96
2026.07.28 03:00,4041.99,4047.18,4040.23,4045.78
2026.07.28 03:15,4045.78,4049.25,4045.24,4047.62
2026.07.28 03:30,4047.35,4051.07,4047.23,4048.23
2026.07.28 03:45,4048.24,4050.63,4047.98,4049.34
2026.07.28 04:00,4049.34,4049.50,4043.41,4043.88
2026.07.28 04:15,4043.92,4047.84,4043.49,4045.50
2026.07.28 04:30,4045.55,4047.73,4043.83,4047.58
2026.07.28 04:45,4047.58,4047.86,4041.55,4042.06
2026.07.28 05:00,4042.05,4043.89,4039.98,4042.22
2026.07.28 05:15,4042.22,4043.68,4040.79,4043.08
2026.07.28 05:30,4042.73,4045.52,4034.84,4041.48
2026.07.28 05:45,4041.53,4046.35,4039.72,4045.12
2026.07.28 06:00,4045.12,4047.69,4042.86,4044.10
2026.07.28 06:15,4044.10,4048.83,4043.86,4047.51
2026.07.28 06:30,4047.73,4052.27,4046.84,4049.71
2026.07.28 06:45,4049.64,4051.30,4047.84,4048.25
2026.07.28 07:00,4048.22,4051.08,4047.39,4048.77
2026.07.28 07:15,4048.73,4052.24,4048.54,4050.04
2026.07.28 07:30,4050.10,4050.90,4048.32,4049.30
2026.07.28 07:45,4049.25,4049.71,4046.08,4047.20
2026.07.28 08:00,4047.20,4055.07,4043.04,4044.31
2026.07.28 08:15,4044.28,4051.06,4044.20,4049.43
2026.07.28 08:30,4049.69,4049.69,4041.78,4043.07
2026.07.28 08:45,4043.07,4046.05,4041.57,4045.37
2026.07.28 09:00,4045.40,4045.80,4040.57,4040.80
2026.07.28 09:15,4040.86,4044.01,4038.95,4040.25
2026.07.28 09:30,4040.24,4040.27,4029.53,4033.25
2026.07.28 09:45,4033.22,4034.19,4019.51,4023.42
2026.07.28 10:00,4023.14,4026.90,4020.46,4024.12
2026.07.28 10:15,4023.93,4025.72,4016.96,4017.57
2026.07.28 10:30,4017.46,4023.50,4017.17,4022.42
2026.07.28 10:45,4022.37,4028.37,4022.19,4026.47
2026.07.28 11:00,4026.42,4028.71,4022.94,4023.79
2026.07.28 11:15,4023.79,4032.26,4023.79,4027.48
2026.07.28 11:30,4027.39,4031.39,4026.38,4027.10
2026.07.28 11:45,4027.04,4028.18,4023.88,4027.98
2026.07.28 12:00,4028.47,4028.61,4022.74,4027.64
2026.07.28 12:15,4027.71,4034.84,4025.99,4034.41
2026.07.28 12:30,4034.48,4034.87,4026.22,4033.49
2026.07.28 12:45,4033.69,4038.04,4028.32,4029.36
2026.07.28 13:00,4029.39,4035.39,4029.36,4032.80
2026.07.28 13:15,4032.83,4035.98,4028.42,4028.93
2026.07.28 13:30,4028.90,4032.78,4020.22,4025.14
2026.07.28 13:45,4025.31,4028.91,4021.50,4021.96
2026.07.28 14:00,4021.99,4033.42,4021.80,4025.68
2026.07.28 14:15,4025.81,4026.65,4011.42,4022.17
2026.07.28 14:30,4022.12,4025.13,4018.75,4022.52
2026.07.28 14:45,4022.52,4029.42,4021.15,4024.31
2026.07.28 15:00,4024.81,4036.16,4022.01,4033.57
2026.07.28 15:15,4033.56,4040.76,4031.81,4035.45
2026.07.28 15:30,4035.65,4041.98,4032.28,4041.36
2026.07.28 15:45,4041.37,4046.93,4041.14,4046.04
2026.07.28 16:00,4046.03,4046.33,4042.05,4044.69
2026.07.28 16:15,4044.66,4045.68,4041.96,4042.01
2026.07.28 16:30,4042.03,4043.69,4040.29,4040.47
2026.07.28 16:45,4040.43,4040.98,4036.56,4037.42
2026.07.28 17:00,4037.41,4040.94,4035.44,4036.89
2026.07.28 17:15,4036.89,4041.41,4035.12,4037.47
2026.07.28 17:30,4037.67,4037.67,4027.58,4028.18
2026.07.28 17:45,4028.18,4029.41,4025.75,4027.74
2026.07.28 18:00,4027.98,4030.27,4027.02,4028.12
2026.07.28 18:15,4028.12,4029.87,4025.82,4026.98
2026.07.28 18:30,4027.04,4027.39,4022.96,4023.99
2026.07.28 18:45,4024.04,4025.90,4021.62,4022.87
2026.07.28 19:00,4022.86,4025.59,4022.30,4023.93
2026.07.28 19:15,4023.92,4024.98,4021.81,4023.06
2026.07.28 19:30,4023.09,4027.58,4022.94,4026.02
2026.07.28 19:45,4026.36,4027.86,4025.27,4026.40
2026.07.28 20:00,4025.73,4025.73,4022.52,4023.62
2026.07.28 20:15,4023.54,4027.64,4023.53,4027.16
2026.07.28 20:30,4027.34,4030.09,4027.34,4029.93
2026.07.28 20:45,4029.94,4030.38,4026.43,4028.70
2026.07.28 22:00,4025.00,4030.38,4024.37,4024.41
2026.07.28 22:15,4024.62,4025.12,4017.23,4020.85
2026.07.28 22:30,4020.84,4021.06,4013.81,4018.24
2026.07.28 22:45,4018.20,4019.58,4015.28,4018.22
2026.07.28 23:00,4018.22,4023.05,4016.33,4021.98
2026.07.28 23:15,4022.01,4022.08,4015.05,4018.55
2026.07.28 23:30,4018.55,4023.36,4017.33,4022.94
2026.07.28 23:45,4022.86,4026.17,4019.00,4024.92
2026.07.29 00:00,4024.93,4026.06,4017.60,4020.54
2026.07.29 00:15,4020.51,4029.78,4020.51,4022.55
2026.07.29 00:30,4022.46,4027.68,4021.36,4025.91
2026.07.29 00:45,4025.90,4025.94,4020.27,4021.79
2026.07.29 01:00,4021.74,4021.74,4010.27,4013.02
2026.07.29 01:15,4012.87,4020.08,4011.59,4018.26
2026.07.29 01:30,4018.18,4030.35,4015.03,4027.61
2026.07.29 01:45,4027.64,4028.26,4021.85,4025.82
2026.07.29 02:00,4026.10,4029.08,4023.01,4028.15
2026.07.29 02:15,4028.13,4035.24,4026.21,4032.89
2026.07.29 02:30,4032.93,4037.70,4030.58,4034.90
2026.07.29 02:45,4034.90,4035.11,4029.01,4029.38
2026.07.29 03:00,4029.16,4032.59,4027.21,4027.71
2026.07.29 03:15,4027.70,4028.76,4025.43,4026.92
2026.07.29 03:30,4026.90,4029.43,4024.44,4026.00
2026.07.29 03:45,4026.03,4026.91,4023.12,4023.50
2026.07.29 04:00,4023.53,4024.81,4021.27,4021.71
2026.07.29 04:15,4021.71,4025.52,4020.55,4023.41
2026.07.29 04:30,4023.26,4027.31,4023.26,4027.11
2026.07.29 04:45,4027.32,4027.65,4023.53,4027.17
2026.07.29 05:00,4027.44,4031.56,4026.57,4030.33
2026.07.29 05:15,4030.36,4031.13,4027.00,4030.37
2026.07.29 05:30,4030.37,4039.45,4029.67,4039.05
2026.07.29 05:45,4039.14,4039.96,4031.45,4032.92
2026.07.29 06:00,4032.90,4038.15,4032.90,4037.26
2026.07.29 06:15,4037.26,4042.89,4035.72,4040.82
2026.07.29 06:30,4040.97,4044.65,4040.78,4042.66
2026.07.29 06:45,4042.66,4042.80,4039.65,4041.02
2026.07.29 07:00,4041.00,4046.41,4041.00,4045.26
2026.07.29 07:15,4045.23,4047.59,4044.08,4045.84
2026.07.29 07:30,4046.06,4047.38,4044.69,4045.87
2026.07.29 07:45,4045.87,4046.81,4042.52,4043.67
2026.07.29 08:00,4043.61,4044.26,4039.02,4039.05
2026.07.29 08:15,4039.04,4042.05,4035.59,4037.12
2026.07.29 08:30,4037.15,4039.02,4035.61,4038.03
2026.07.29 08:45,4038.07,4040.01,4036.92,4037.44
2026.07.29 09:00,4038.19,4038.19,4035.37,4036.22
2026.07.29 09:15,4036.21,4037.43,4033.39,4033.66
2026.07.29 09:30,4033.66,4034.83,4031.19,4034.22
2026.07.29 09:45,4034.23,4036.22,4031.84,4032.50
2026.07.29 10:00,4032.52,4034.00,4030.78,4031.82
2026.07.29 10:15,4031.79,4033.21,4030.11,4032.99
2026.07.29 10:30,4032.83,4034.31,4026.24,4027.35
2026.07.29 10:45,4027.28,4028.61,4025.92,4027.48
2026.07.29 11:00,4027.40,4029.59,4024.87,4029.57
2026.07.29 11:15,4029.57,4033.34,4028.34,4032.63
2026.07.29 11:30,4032.67,4032.79,4030.05,4030.84
2026.07.29 11:45,4030.84,4036.03,4030.46,4032.64
2026.07.29 12:00,4032.73,4033.24,4026.17,4026.99
2026.07.29 12:15,4026.97,4027.47,4012.78,4013.05
2026.07.29 12:30,4012.94,4022.43,4009.18,4020.92
2026.07.29 12:45,4020.92,4023.53,4018.85,4022.52
2026.07.29 13:00,4022.62,4026.31,4014.96,4015.61
2026.07.29 13:15,4015.61,4022.96,4013.67,4014.43
2026.07.29 13:30,4014.36,4017.79,4010.06,4013.59
2026.07.29 13:45,4013.30,4015.95,4002.42,4007.07
2026.07.29 14:00,4007.10,4008.49,3995.87,3999.01
2026.07.29 14:15,3999.40,4009.99,3998.86,4005.30
2026.07.29 14:30,4005.38,4009.10,3998.92,4001.06
2026.07.29 14:45,4001.00,4005.64,3998.24,4004.77
2026.07.29 15:00,4004.68,4009.71,4003.37,4006.76
2026.07.29 15:15,4006.88,4011.14,4003.63,4010.49
2026.07.29 15:30,4010.60,4013.42,4007.04,4010.49
2026.07.29 15:45,4010.17,4013.65,4008.18,4009.76
2026.07.29 16:00,4009.70,4015.51,4007.54,4009.46
2026.07.29 16:15,4009.46,4017.46,4007.78,4016.51
2026.07.29 16:30,4016.25,4018.89,4014.83,4016.90
2026.07.29 16:45,4016.87,4032.73,4015.11,4027.14
2026.07.29 17:00,4027.22,4050.37,4027.22,4041.96
2026.07.29 17:15,4041.94,4050.41,4037.18,4039.04
2026.07.29 17:30,4038.80,4047.18,4036.28,4045.64
2026.07.29 17:45,4045.65,4047.95,4041.33,4044.01
2026.07.29 18:00,4043.98,4085.97,4042.84,4080.94
2026.07.29 18:15,4081.01,4083.62,4063.75,4067.56
2026.07.29 18:30,4067.65,4086.71,4052.24,4083.25
2026.07.29 18:45,4083.32,4109.64,4082.14,4106.98
2026.07.29 19:00,4106.67,4116.43,4090.06,4099.63
2026.07.29 19:15,4099.58,4104.43,4080.95,4083.76
2026.07.29 19:30,4084.29,4088.23,4065.48,4069.21
2026.07.29 19:45,4069.21,4071.84,4044.31,4044.73
2026.07.29 20:00,4045.75,4055.84,4042.76,4051.96
2026.07.29 20:15,4051.96,4057.26,4043.79,4055.56
2026.07.29 20:30,4055.49,4069.19,4053.94,4067.11
2026.07.29 20:45,4066.97,4070.01,4063.44,4067.43
2026.07.29 22:00,4064.39,4077.64,4064.29,4076.33
2026.07.29 22:15,4076.34,4077.56,4072.52,4074.89
2026.07.29 22:30,4074.89,4081.33,4072.88,4081.33
2026.07.29 22:45,4081.55,4090.44,4079.70,4088.44
2026.07.29 23:00,4088.43,4100.25,4088.28,4091.41
2026.07.29 23:15,4091.52,4094.84,4090.30,4093.41
2026.07.29 23:30,4093.41,4094.44,4089.31,4090.04
2026.07.29 23:45,4090.09,4093.02,4084.30,4084.42
2026.07.30 00:00,4084.54,4086.44,4078.98,4081.28
2026.07.30 00:15,4081.21,4083.50,4072.66,4075.18
2026.07.30 00:30,4075.18,4076.80,4064.93,4066.01
2026.07.30 00:45,4066.01,4072.77,4064.82,4072.10
2026.07.30 01:00,4072.08,4092.80,4070.63,4075.46
2026.07.30 01:15,4075.38,4084.54,4073.14,4081.09
2026.07.30 01:30,4081.19,4089.50,4080.58,4086.62
2026.07.30 01:45,4086.58,4090.81,4083.72,4084.50
2026.07.30 02:00,4084.54,4090.27,4082.26,4082.42
2026.07.30 02:15,4082.44,4083.54,4079.82,4082.57
2026.07.30 02:30,4082.63,4082.63,4073.52,4076.72
2026.07.30 02:45,4076.73,4076.92,4063.42,4063.58
2026.07.30 03:00,4063.61,4069.96,4060.46,4062.83
2026.07.30 03:15,4062.87,4063.74,4052.43,4053.73
2026.07.30 03:30,4053.77,4055.79,4050.69,4052.34
2026.07.30 03:45,4052.34,4059.73,4052.15,4058.72
2026.07.30 04:00,4058.73,4060.03,4052.89,4053.27
2026.07.30 04:15,4053.25,4055.21,4050.98,4054.04
2026.07.30 04:30,4054.04,4054.04,4047.64,4048.67
2026.07.30 04:45,4048.64,4051.86,4044.41,4045.94
2026.07.30 05:00,4046.00,4046.00,4041.62,4045.72
2026.07.30 05:15,4045.80,4047.17,4037.59,4046.80
2026.07.30 05:30,4046.50,4051.13,4028.38,4033.25
2026.07.30 05:45,4033.27,4038.30,4030.00,4033.53
2026.07.30 06:00,4033.57,4039.32,4031.13,4032.21
2026.07.30 06:15,4032.23,4039.21,4029.30,4032.98
2026.07.30 06:30,4032.98,4038.17,4031.10,4035.57
2026.07.30 06:45,4035.67,4040.35,4034.19,4036.66
2026.07.30 07:00,4036.65,4047.79,4035.51,4046.61
2026.07.30 07:15,4046.61,4051.27,4042.97,4045.85
2026.07.30 07:30,4045.82,4047.12,4036.03,4045.79
2026.07.30 07:45,4045.80,4046.48,4038.03,4038.79
2026.07.30 08:00,4039.24,4055.98,4036.59,4053.12
2026.07.30 08:15,4053.11,4068.32,4052.12,4064.53
2026.07.30 08:30,4064.27,4072.84,4062.89,4065.65
2026.07.30 08:45,4065.65,4070.85,4059.37,4061.31
2026.07.30 09:00,4061.42,4068.77,4060.24,4065.83
2026.07.30 09:15,4065.98,4072.26,4064.46,4067.45
2026.07.30 09:30,4067.38,4069.10,4060.50,4065.43
2026.07.30 09:45,4065.44,4072.92,4062.25,4063.27
2026.07.30 10:00,4063.32,4074.59,4062.97,4068.22
2026.07.30 10:15,4068.31,4077.54,4067.50,4076.17
2026.07.30 10:30,4076.34,4082.59,4075.19,4081.09
2026.07.30 10:45,4081.10,4082.84,4077.96,4078.01
2026.07.30 11:00,4077.80,4082.63,4077.50,4079.64
2026.07.30 11:15,4079.62,4081.81,4076.50,4077.40
2026.07.30 11:30,4078.55,4079.32,4076.14,4077.36
2026.07.30 11:45,4077.35,4080.53,4075.64,4077.62
2026.07.30 12:00,4077.57,4082.40,4074.57,4078.72
2026.07.30 12:15,4078.67,4081.10,4071.60,4076.82
2026.07.30 12:30,4077.28,4086.62,4071.72,4077.10
2026.07.30 12:45,4077.16,4079.23,4067.16,4068.83
2026.07.30 13:00,4068.84,4076.61,4065.08,4076.61
2026.07.30 13:15,4076.62,4083.94,4072.03,4080.13
2026.07.30 13:30,4080.13,4098.58,4074.83,4088.75
2026.07.30 13:45,4088.88,4112.70,4085.54,4112.25
2026.07.30 14:00,4112.02,4120.12,4093.90,4098.19
2026.07.30 14:15,4098.07,4100.03,4086.93,4096.09
2026.07.30 14:30,4096.04,4111.15,4094.68,4110.68
2026.07.30 14:45,4110.69,4113.05,4096.49,4099.94
2026.07.30 15:00,4100.12,4100.12,4083.05,4085.47
2026.07.30 15:15,4085.42,4097.08,4084.78,4095.96
2026.07.30 15:30,4095.93,4106.73,4092.53,4105.25
2026.07.30 15:45,4105.25,4110.01,4103.51,4108.02
2026.07.30 16:00,4107.97,4115.76,4107.59,4114.05
2026.07.30 16:15,4113.99,4119.04,4113.51,4115.81
2026.07.30 16:30,4115.94,4116.22,4108.16,4108.39
2026.07.30 16:45,4108.45,4110.57,4106.50,4110.57
2026.07.30 17:00,4110.57,4111.08,4104.72,4104.74
2026.07.30 17:15,4104.78,4108.03,4098.35,4101.53
2026.07.30 17:30,4100.81,4107.73,4099.84,4105.83
2026.07.30 17:45,4105.90,4108.27,4101.05,4102.53
2026.07.30 18:00,4102.61,4106.63,4102.58,4106.32
2026.07.30 18:15,4106.27,4106.62,4100.65,4103.33
2026.07.30 18:30,4103.37,4107.66,4102.85,4104.74
2026.07.30 18:45,4104.74,4105.11,4098.71,4099.70
2026.07.30 19:00,4099.63,4105.57,4098.70,4104.56
2026.07.30 19:15,4104.61,4114.79,4102.88,4112.67
2026.07.30 19:30,4112.72,4115.16,4111.34,4112.13
2026.07.30 19:45,4111.95,4112.74,4109.08,4111.64
2026.07.30 20:00,4112.03,4117.29,4109.96,4113.90
2026.07.30 20:15,4113.98,4114.81,4111.67,4111.88
2026.07.30 20:30,4112.24,4112.24,4102.30,4102.69
2026.07.30 20:45,4102.69,4103.77,4099.06,4102.95
2026.07.30 22:00,4104.03,4107.45,4102.44,4106.53
2026.07.30 22:15,4106.51,4108.24,4106.33,4107.54
2026.07.30 22:30,4107.55,4110.35,4106.86,4110.25
2026.07.30 22:45,4110.25,4111.19,4108.93,4109.08
2026.07.30 23:00,4109.06,4111.58,4106.41,4107.21
2026.07.30 23:15,4107.21,4107.34,4104.02,4104.16
2026.07.30 23:30,4104.16,4107.17,4102.17,4105.98
2026.07.30 23:45,4106.07,4109.93,4105.32,4105.75
2026.07.31 00:00,4105.93,4106.94,4100.47,4101.16
2026.07.31 00:15,4101.16,4103.63,4096.02,4096.33
2026.07.31 00:30,4096.25,4097.39,4090.41,4092.92
2026.07.31 00:45,4092.97,4095.84,4090.52,4094.61
2026.07.31 01:00,4094.58,4101.52,4088.67,4088.88
2026.07.31 01:15,4088.89,4094.87,4086.49,4091.89
2026.07.31 01:30,4091.90,4091.90,4083.76,4085.52
2026.07.31 01:45,4085.51,4089.32,4081.88,4084.16
2026.07.31 02:00,4084.40,4090.27,4081.54,4085.44
2026.07.31 02:15,4085.43,4085.43,4081.43,4082.09
2026.07.31 02:30,4081.99,4084.22,4075.34,4075.34
2026.07.31 02:45,4075.38,4078.22,4074.13,4076.07
2026.07.31 03:00,4075.87,4076.20,4071.97,4073.38
2026.07.31 03:15,4073.36,4075.99,4072.20,4075.16
2026.07.31 03:30,4075.20,4079.31,4074.94,4076.42
2026.07.31 03:45,4076.51,4077.47,4074.21,4074.97
2026.07.31 04:00,4074.95,4076.89,4073.36,4076.73
2026.07.31 04:15,4076.69,4079.93,4074.46,4079.88
2026.07.31 04:30,4079.92,4081.24,4079.16,4079.19
2026.07.31 04:45,4079.14,4079.99,4074.66,4079.92
2026.07.31 05:00,4079.92,4083.04,4079.71,4079.78
2026.07.31 05:15,4079.75,4082.92,4079.44,4080.83
2026.07.31 05:30,4081.00,4081.43,4075.85,4076.33
2026.07.31 05:45,4076.33,4076.37,4073.27,4074.26
2026.07.31 06:00,4074.29,4082.71,4072.73,4082.29
2026.07.31 06:15,4082.29,4087.41,4081.04,4084.80
2026.07.31 06:30,4084.83,4084.93,4077.09,4077.99
2026.07.31 06:45,4077.86,4081.28,4076.39,4077.50
2026.07.31 07:00,4077.46,4078.97,4075.34,4077.45
2026.07.31 07:15,4077.45,4079.10,4072.02,4072.55
2026.07.31 07:30,4072.60,4073.64,4068.07,4072.08
2026.07.31 07:45,4072.19,4074.26,4067.45,4067.61
2026.07.31 08:00,4067.59,4067.61,4061.08,4062.08
2026.07.31 08:15,4062.06,4067.07,4057.97,4058.48
2026.07.31 08:30,4058.50,4061.49,4054.29,4059.22
2026.07.31 08:45,4059.13,4064.18,4057.78,4060.87
2026.07.31 09:00,4060.67,4063.83,4055.20,4056.60
2026.07.31 09:15,4056.64,4057.26,4051.24,4052.14
2026.07.31 09:30,4052.09,4054.46,4050.20,4052.98
2026.07.31 09:45,4053.03,4057.03,4052.24,4054.99
2026.07.31 10:00,4054.93,4058.24,4053.14,4055.82
2026.07.31 10:15,4055.89,4055.96,4051.91,4053.08
2026.07.31 10:30,4052.84,4056.37,4052.83,4054.67
2026.07.31 10:45,4054.67,4056.98,4053.57,4054.35
2026.07.31 11:00,4054.37,4059.30,4052.00,4056.91
2026.07.31 11:15,4056.97,4060.92,4054.07,4058.67
2026.07.31 11:30,4058.67,4058.70,4050.65,4051.96
2026.07.31 11:45,4051.93,4055.34,4051.16,4053.98
2026.07.31 12:00,4053.94,4059.24,4052.41,4059.09
2026.07.31 12:15,4059.08,4059.19,4049.92,4050.30
2026.07.31 12:30,4050.32,4051.43,4042.47,4044.50
2026.07.31 12:45,4044.66,4046.30,4040.90,4040.92
2026.07.31 13:00,4041.02,4042.60,4034.81,4036.12
2026.07.31 13:15,4036.18,4046.65,4035.53,4042.50
2026.07.31 13:30,4042.23,4043.75,4022.36,4024.93
2026.07.31 13:45,4024.89,4032.08,4021.94,4025.35
2026.07.31 14:00,4024.87,4032.27,4021.02,4031.09
2026.07.31 14:15,4031.38,4040.01,4029.85,4038.72
2026.07.31 14:30,4038.75,4042.94,4036.59,4041.33
2026.07.31 14:45,4041.34,4050.12,4040.91,4048.75
2026.07.31 15:00,4048.77,4050.53,4042.63,4046.87
2026.07.31 15:15,4046.78,4052.46,4040.05,4041.09
2026.07.31 15:30,4041.06,4043.47,4036.59,4042.07
2026.07.31 15:45,4042.06,4046.66,4039.83,4045.45
2026.07.31 16:00,4045.44,4046.79,4041.22,4046.19
2026.07.31 16:15,4046.23,4048.31,4043.14,4047.19
2026.07.31 16:30,4047.19,4049.79,4041.16,4042.40
2026.07.31 16:45,4042.34,4044.96,4042.06,4043.25
2026.07.31 17:00,4043.18,4046.29,4041.46,4045.47
2026.07.31 17:15,4045.57,4053.19,4044.74,4050.57
2026.07.31 17:30,4050.42,4053.08,4047.57,4051.82
2026.07.31 17:45,4051.78,4054.62,4050.20,4053.66
2026.07.31 18:00,4053.71,4055.08,4047.07,4048.05
2026.07.31 18:15,4048.06,4051.56,4047.60,4050.97
2026.07.31 18:30,4050.79,4051.59,4047.85,4049.39
2026.07.31 18:45,4049.37,4051.50,4048.07,4050.66
2026.07.31 19:00,4050.70,4052.80,4046.88,4047.92
2026.07.31 19:15,4047.92,4050.44,4047.03,4050.42
2026.07.31 19:30,4050.32,4054.49,4048.87,4054.03
2026.07.31 19:45,4054.03,4055.41,4050.03,4050.91
2026.07.31 20:00,4050.86,4051.62,4045.11,4047.54
2026.07.31 20:15,4047.75,4048.79,4046.32,4048.00
2026.07.31 20:30,4047.83,4052.93,4047.15,4051.06
2026.07.31 20:45,4051.12,4052.16,4040.97,4041.78
2026.08.02 22:00,4075.04,4082.65,4068.41,4076.37
2026.08.02 22:15,4076.20,4077.13,4063.88,4065.86
2026.08.02 22:30,4065.87,4068.18,4063.96,4066.73
2026.08.02 22:45,4066.70,4067.08,4063.28,4063.50
2026.08.02 23:00,4063.50,4066.87,4063.06,4066.37
2026.08.02 23:15,4066.37,4072.49,4066.19,4071.99
2026.08.02 23:30,4072.04,4072.33,4067.87,4069.50
2026.08.02 23:45,4069.73,4074.85,4068.15,4074.85
2026.08.03 00:00,4074.74,4078.87,4069.93,4071.98
2026.08.03 00:15,4071.97,4072.81,4061.38,4064.20
2026.08.03 00:30,4063.98,4069.84,4056.84,4058.09
2026.08.03 00:45,4058.12,4060.62,4055.68,4057.04
2026.08.03 01:00,4057.05,4063.07,4051.48,4052.24
2026.08.03 01:15,4052.27,4055.02,4047.33,4052.79
2026.08.03 01:30,4052.79,4056.80,4047.42,4051.05
2026.08.03 01:45,4051.38,4057.35,4049.93,4056.51
2026.08.03 02:00,4056.58,4060.87,4053.09,4055.66
2026.08.03 02:15,4055.66,4060.65,4052.00,4057.90
2026.08.03 02:30,4057.97,4060.54,4052.37,4059.51
2026.08.03 02:45,4059.27,4066.93,4058.36,4062.38
2026.08.03 03:00,4062.20,4065.32,4060.87,4064.23
2026.08.03 03:15,4064.23,4067.78,4061.50,4063.77
2026.08.03 03:30,4063.69,4064.74,4060.50,4060.52
2026.08.03 03:45,4060.52,4066.64,4059.16,4064.89
2026.08.03 04:00,4064.89,4068.13,4064.33,4066.51
2026.08.03 04:15,4066.50,4070.90,4066.04,4068.10
2026.08.03 04:30,4068.11,4071.03,4068.11,4070.36
2026.08.03 04:45,4070.36,4071.73,4063.76,4063.76
2026.08.03 05:00,4063.79,4065.21,4056.67,4057.36
2026.08.03 05:15,4057.34,4062.66,4054.04,4060.26
2026.08.03 05:30,4060.00,4064.55,4055.14,4063.34
2026.08.03 05:45,4063.34,4069.71,4058.77,4068.81
2026.08.03 06:00,4068.85,4071.07,4065.90,4065.90
2026.08.03 06:15,4065.89,4071.76,4065.39,4068.38
2026.08.03 06:30,4068.38,4068.78,4060.56,4065.39
2026.08.03 06:45,4065.39,4066.82,4062.70,4063.79
2026.08.03 07:00,4063.38,4065.10,4059.53,4061.39
2026.08.03 07:15,4061.39,4061.81,4052.06,4057.95
2026.08.03 07:30,4057.95,4061.04,4056.51,4059.50
2026.08.03 07:45,4059.49,4063.20,4058.24,4060.99
2026.08.03 08:00,4060.95,4062.04,4058.33,4061.60
2026.08.03 08:15,4061.60,4062.32,4054.18,4055.91
2026.08.03 08:30,4055.92,4060.57,4054.66,4058.33
2026.08.03 08:45,4058.34,4060.78,4057.53,4059.34
2026.08.03 09:00,4059.34,4062.05,4057.16,4061.37
2026.08.03 09:15,4061.33,4061.35,4052.00,4052.50
2026.08.03 09:30,4052.71,4054.69,4046.59,4053.46
2026.08.03 09:45,4053.44,4057.99,4053.35,4055.21
2026.08.03 10:00,4055.27,4057.01,4053.07,4056.20
2026.08.03 10:15,4056.19,4056.81,4051.87,4053.36
2026.08.03 10:30,4053.36,4053.57,4048.59,4049.11
2026.08.03 10:45,4049.08,4050.55,4046.15,4049.24
2026.08.03 11:00,4049.23,4052.75,4047.45,4049.68
2026.08.03 11:15,4049.60,4049.78,4045.52,4048.22
2026.08.03 11:30,4048.34,4054.81,4047.80,4053.49
2026.08.03 11:45,4053.49,4062.97,4052.56,4062.37
2026.08.03 12:00,4062.36,4064.38,4054.62,4055.76
2026.08.03 12:15,4055.76,4056.36,4048.54,4050.69
2026.08.03 12:30,4050.74,4052.80,4042.11,4044.87
2026.08.03 12:45,4044.82,4048.79,4043.21,4047.57
2026.08.03 13:00,4047.66,4053.36,4038.70,4038.70
2026.08.03 13:15,4038.70,4040.30,4031.47,4034.18
2026.08.03 13:30,4033.93,4035.44,4019.01,4031.88
2026.08.03 13:45,4032.03,4035.21,4028.15,4032.39
2026.08.03 14:00,4030.78,4036.07,4026.57,4033.14
2026.08.03 14:15,4033.26,4035.88,4029.84,4032.38
2026.08.03 14:30,4032.32,4038.03,4031.86,4036.31
2026.08.03 14:45,4036.56,4039.16,4033.66,4036.17
2026.08.03 15:00,4036.16,4037.01,4030.34,4033.23
2026.08.03 15:15,4033.18,4038.29,4030.64,4032.66
2026.08.03 15:30,4032.82,4038.60,4030.93,4036.66
2026.08.03 15:45,4036.77,4040.81,4035.32,4036.19
2026.08.03 16:00,4035.94,4037.47,4034.57,4036.45
2026.08.03 16:15,4036.30,4038.62,4034.84,4036.88
2026.08.03 16:30,4036.89,4039.13,4035.47,4038.56
2026.08.03 16:45,4038.59,4038.68,4035.63,4036.83
2026.08.03 17:00,4036.83,4037.47,4033.21,4034.20
2026.08.03 17:15,4034.19,4037.63,4033.84,4034.27
2026.08.03 17:30,4034.52,4036.82,4033.99,4035.91
2026.08.03 17:45,4035.92,4036.25,4030.17,4030.47
2026.08.03 18:00,4030.47,4038.40,4029.60,4034.94
2026.08.03 18:15,4034.94,4038.86,4034.88,4037.82
2026.08.03 18:30,4037.79,4041.37,4036.47,4041.37
2026.08.03 18:45,4041.36,4044.89,4040.40,4043.33
2026.08.03 19:00,4043.46,4049.41,4043.46,4046.15
2026.08.03 19:15,4046.15,4054.17,4046.13,4052.82
2026.08.03 19:30,4052.97,4055.65,4051.88,4053.93
2026.08.03 19:45,4053.79,4055.39,4051.55,4051.95
2026.08.03 20:00,4051.91,4052.77,4050.09,4052.41
2026.08.03 20:15,4052.42,4055.76,4051.29,4054.21
2026.08.03 20:30,4054.22,4058.07,4053.83,4056.10
2026.08.03 20:45,4056.33,4057.04,4054.37,4054.50
2026.08.03 22:00,4050.77,4054.70,4049.03,4051.23
2026.08.03 22:15,4051.22,4052.40,4050.68,4051.96
2026.08.03 22:30,4051.86,4053.36,4051.47,4052.76
2026.08.03 22:45,4052.77,4053.45,4051.23,4052.78
2026.08.03 23:00,4052.73,4054.90,4050.06,4051.31
2026.08.03 23:15,4051.30,4054.51,4050.50,4051.55
2026.08.03 23:30,4051.55,4052.48,4050.95,4052.19
2026.08.03 23:45,4052.30,4053.75,4051.17,4053.69
2026.08.04 00:00,4053.78,4069.20,4053.06,4063.58
2026.08.04 00:15,4063.58,4064.30,4058.04,4058.92
2026.08.04 00:30,4058.96,4060.61,4055.49,4056.25
2026.08.04 00:45,4056.30,4057.93,4048.63,4049.21
2026.08.04 01:00,4048.52,4050.45,4042.51,4046.77
2026.08.04 01:15,4046.78,4052.27,4046.78,4049.10
2026.08.04 01:30,4049.11,4060.09,4048.26,4059.09
2026.08.04 01:45,4059.10,4061.63,4056.46,4058.64
2026.08.04 02:00,4058.75,4061.04,4055.66,4058.17
2026.08.04 02:15,4058.17,4059.74,4055.71,4056.60
2026.08.04 02:30,4056.75,4064.85,4055.58,4061.66
2026.08.04 02:45,4061.66,4062.20,4057.99,4058.76
2026.08.04 03:00,4058.63,4060.47,4056.33,4058.04
2026.08.04 03:15,4057.90,4061.54,4057.60,4057.71
2026.08.04 03:30,4057.69,4058.68,4052.58,4052.77
2026.08.04 03:45,4052.77,4055.37,4052.04,4052.36
2026.08.04 04:00,4052.36,4056.76,4051.04,4056.74
2026.08.04 04:15,4056.94,4061.53,4055.83,4061.34
2026.08.04 04:30,4061.34,4064.03,4060.46,4062.62
2026.08.04 04:45,4062.63,4066.02,4062.41,4063.73
2026.08.04 05:00,4063.74,4064.41,4057.20,4057.88
2026.08.04 05:15,4057.86,4063.83,4057.32,4063.14
2026.08.04 05:30,4063.18,4067.61,4059.13,4062.57
2026.08.04 05:45,4062.76,4064.23,4058.59,4061.76
2026.08.04 06:00,4061.78,4066.13,4061.67,4064.14
2026.08.04 06:15,4064.14,4064.78,4059.42,4059.71
2026.08.04 06:30,4059.71,4060.02,4055.62,4060.02
2026.08.04 06:45,4059.99,4063.60,4058.68,4063.40
2026.08.04 07:00,4063.59,4065.72,4060.74,4060.93
2026.08.04 07:15,4060.96,4065.47,4060.78,4062.88
2026.08.04 07:30,4062.89,4066.60,4061.35,4062.77
2026.08.04 07:45,4062.83,4066.01,4062.13,4065.38
2026.08.04 08:00,4065.38,4072.70,4064.51,4068.02
2026.08.04 08:15,4067.96,4068.56,4060.22,4063.30
2026.08.04 08:30,4063.25,4064.33,4058.36,4059.30
2026.08.04 08:45,4059.53,4059.53,4054.47,4054.96
2026.08.04 09:00,4054.78,4055.29,4048.44,4050.58
2026.08.04 09:15,4050.40,4051.98,4048.65,4050.22
2026.08.04 09:30,4050.23,4051.23,4046.18,4050.24
2026.08.04 09:45,4050.27,4050.81,4047.38,4049.74
2026.08.04 10:00,4049.76,4049.78,4046.88,4048.89
2026.08.04 10:15,4048.87,4049.86,4045.46,4048.93
2026.08.04 10:30,4049.06,4053.95,4046.43,4052.58
2026.08.04 10:45,4052.57,4060.44,4052.42,4053.70
2026.08.04 11:00,4053.70,4058.67,4052.28,4056.61
2026.08.04 11:15,4056.62,4060.89,4055.45,4060.72
2026.08.04 11:30,4060.79,4070.28,4059.82,4069.55
2026.08.04 11:45,4069.63,4084.06,4067.02,4074.96
2026.08.04 12:00,4074.90,4075.66,4060.86,4062.03
2026.08.04 12:15,4062.03,4070.28,4061.10,4068.05
2026.08.04 12:30,4068.21,4084.24,4068.21,4077.96
2026.08.04 12:45,4078.05,4079.24,4069.45,4070.79
2026.08.04 13:00,4071.08,4071.53,4061.25,4063.90
2026.08.04 13:15,4063.74,4090.79,4062.26,4078.43
2026.08.04 13:30,4078.86,4091.62,4075.91,4083.35
2026.08.04 13:45,4083.34,4093.68,4081.68,4084.08
2026.08.04 14:00,4083.99,4091.35,4083.18,4089.97
2026.08.04 14:15,4089.99,4091.65,4080.60,4083.79
2026.08.04 14:30,4083.76,4086.61,4074.26,4079.66
2026.08.04 14:45,4079.67,4084.72,4077.70,4083.47
2026.08.04 15:00,4083.34,4085.52,4079.63,4084.01
2026.08.04 15:15,4084.00,4084.33,4074.71,4078.35
2026.08.04 15:30,4078.31,4087.23,4076.45,4083.83
2026.08.04 15:45,4083.91,4088.67,4082.72,4087.16
2026.08.04 16:00,4087.21,4088.35,4084.33,4084.96
2026.08.04 16:15,4085.02,4089.69,4083.00,4087.55
2026.08.04 16:30,4087.55,4089.35,4084.83,4089.01
2026.08.04 16:45,4089.06,4093.51,4088.65,4093.24
2026.08.04 17:00,4093.04,4106.22,4092.35,4099.87
2026.08.04 17:15,4099.96,4101.07,4094.29,4094.68
2026.08.04 17:30,4094.64,4096.06,4091.64,4095.32
2026.08.04 17:45,4095.30,4096.38,4086.01,4086.01
2026.08.04 18:00,4085.89,4088.83,4084.84,4088.61
2026.08.04 18:15,4088.46,4088.70,4084.26,4084.55
2026.08.04 18:30,4084.45,4085.65,4076.17,4076.47
2026.08.04 18:45,4076.46,4081.12,4075.12,4079.75
2026.08.04 19:00,4079.80,4084.13,4078.67,4081.64
2026.08.04 19:15,4081.65,4084.65,4079.29,4080.11
2026.08.04 19:30,4080.11,4082.41,4078.80,4081.29
2026.08.04 19:45,4081.22,4082.13,4076.29,4078.31
2026.08.04 20:00,4078.56,4080.20,4078.26,4078.93
2026.08.04 20:15,4078.94,4078.94,4074.58,4075.31
2026.08.04 20:30,4075.24,4078.46,4075.22,4077.48
2026.08.04 20:45,4077.30,4078.09,4075.96,4077.53
2026.08.04 22:00,4078.48,4080.48,4076.38,4076.89
2026.08.04 22:15,4076.78,4079.85,4075.70,4079.69
2026.08.04 22:30,4079.78,4085.70,4079.22,4083.91
2026.08.04 22:45,4083.88,4084.46,4075.56,4075.56
2026.08.04 23:00,4075.85,4076.96,4068.50,4073.34
2026.08.04 23:15,4073.39,4074.61,4065.40,4067.09
2026.08.04 23:30,4067.11,4069.95,4065.90,4069.13
2026.08.04 23:45,4069.13,4073.46,4069.12,4072.42
2026.08.05 00:00,4072.41,4074.06,4070.38,4071.67
2026.08.05 00:15,4071.71,4078.82,4071.30,4078.52
2026.08.05 00:30,4078.52,4082.94,4077.99,4078.12
2026.08.05 00:45,4078.12,4083.39,4077.78,4082.35
2026.08.05 01:00,4081.99,4086.82,4077.67,4085.73
2026.08.05 01:15,4085.76,4088.51,4082.60,4084.57
2026.08.05 01:30,4084.54,4092.99,4080.12,4092.99
2026.08.05 01:45,4092.95,4102.47,4092.69,4101.29
2026.08.05 02:00,4101.32,4102.77,4096.35,4099.68
2026.08.05 02:15,4099.83,4108.20,4095.43,4103.41
2026.08.05 02:30,4103.82,4128.56,4101.40,4128.23
2026.08.05 02:45,4128.11,4135.12,4124.70,4129.06
2026.08.05 03:00,4129.02,4135.98,4126.89,4135.71
2026.08.05 03:15,4135.82,4136.37,4129.80,4130.19
2026.08.05 03:30,4130.34,4130.70,4127.46,4128.46
2026.08.05 03:45,4128.45,4130.16,4127.43,4128.23
2026.08.05 04:00,4128.16,4141.27,4128.16,4138.46
2026.08.05 04:15,4138.46,4140.99,4137.71,4138.47
2026.08.05 04:30,4138.47,4138.71,4133.27,4134.47
2026.08.05 04:45,4134.31,4135.96,4132.43,4135.41
2026.08.05 05:00,4135.41,4138.05,4134.65,4137.16
2026.08.05 05:15,4137.16,4142.00,4135.55,4139.47
2026.08.05 05:30,4139.73,4159.28,4139.62,4157.20
2026.08.05 05:45,4157.23,4172.75,4156.98,4161.41
2026.08.05 06:00,4161.42,4174.09,4160.11,4173.09
2026.08.05 06:15,4173.11,4173.25,4161.08,4168.74
2026.08.05 06:30,4168.61,4178.15,4166.95,4175.56
2026.08.05 06:45,4175.63,4178.37,4172.45,4177.55
2026.08.05 07:00,4177.91,4179.42,4166.17,4166.22
2026.08.05 07:15,4166.21,4169.23,4163.13,4164.20
2026.08.05 07:30,4164.25,4166.53,4162.23,4166.53
2026.08.05 07:45,4166.55,4171.93,4164.15,4170.76
2026.08.05 08:00,4170.76,4172.51,4164.87,4165.43
2026.08.05 08:15,4165.35,4168.04,4162.06,4164.45
2026.08.05 08:30,4164.45,4167.05,4161.52,4166.12
2026.08.05 08:45,4165.89,4166.21,4158.92,4160.33
2026.08.05 09:00,4160.41,4167.14,4160.35,4162.87
2026.08.05 09:15,4162.88,4162.88,4155.16,4157.56
2026.08.05 09:30,4157.54,4159.07,4154.40,4158.00
2026.08.05 09:45,4157.99,4159.08,4153.00,4157.88
2026.08.05 10:00,4157.84,4157.84,4150.21,4151.00
2026.08.05 10:15,4150.99,4158.34,4150.08,4156.59
2026.08.05 10:30,4156.62,4157.72,4153.72,4154.95
2026.08.05 10:45,4155.34,4161.32,4153.94,4161.28
2026.08.05 11:00,4161.28,4170.90,4160.77,4170.77
2026.08.05 11:15,4170.78,4180.45,4169.28,4175.85
2026.08.05 11:30,4176.09,4188.45,4174.01,4184.71
2026.08.05 11:45,4184.75,4192.43,4182.85,4188.79
2026.08.05 12:00,4188.99,4199.78,4188.77,4197.15
2026.08.05 12:15,4197.12,4213.37,4197.12,4205.14
2026.08.05 12:30,4205.14,4208.84,4192.70,4194.59
2026.08.05 12:45,4194.72,4195.59,4183.16,4183.79
2026.08.05 13:00,4183.61,4196.95,4183.61,4187.83
2026.08.05 13:15,4187.84,4197.93,4185.63,4196.94
2026.08.05 13:30,4197.13,4204.65,4192.57,4197.60
2026.08.05 13:45,4197.90,4206.61,4189.49,4205.75
2026.08.05 14:00,4205.88,4234.74,4203.46,4229.42
2026.08.05 14:15,4229.22,4240.18,4226.70,4236.88
2026.08.05 14:30,4237.00,4243.27,4228.70,4243.08
2026.08.05 14:45,4243.03,4247.45,4233.25,4244.08
2026.08.05 15:00,4244.05,4260.66,4242.89,4257.91
2026.08.05 15:15,4257.68,4265.01,4250.14,4257.25
2026.08.05 15:30,4257.24,4259.59,4252.30,4255.71
2026.08.05 15:45,4255.72,4255.72,4232.33,4232.63
2026.08.05 16:00,4232.67,4236.06,4224.65,4234.13
2026.08.05 16:15,4234.13,4241.62,4232.61,4241.26
2026.08.05 16:30,4241.26,4246.81,4238.98,4244.46
2026.08.05 16:45,4244.75,4247.27,4238.27,4242.17
2026.08.05 17:00,4242.24,4244.21,4239.12,4241.95
2026.08.05 17:15,4241.88,4246.31,4236.76,4244.67
2026.08.05 17:30,4244.40,4250.58,4240.79,4248.18
2026.08.05 17:45,4248.17,4252.26,4247.37,4250.16
2026.08.05 18:00,4249.73,4257.42,4249.09,4253.08
2026.08.05 18:15,4253.08,4267.52,4252.98,4262.90
2026.08.05 18:30,4262.91,4263.53,4254.53,4259.23
2026.08.05 18:45,4259.24,4263.42,4257.93,4260.76
2026.08.05 19:00,4260.67,4262.01,4256.05,4258.04
2026.08.05 19:15,4258.14,4258.14,4250.44,4252.80
2026.08.05 19:30,4252.97,4253.90,4248.32,4253.12
2026.08.05 19:45,4253.03,4253.35,4246.29,4247.46
2026.08.05 20:00,4246.93,4249.47,4246.61,4249.05
2026.08.05 20:15,4249.18,4249.55,4245.45,4246.13
2026.08.05 20:30,4246.08,4249.35,4245.04,4245.31
2026.08.05 20:45,4245.31,4247.53,4242.94,4247.23
2026.08.05 22:00,4247.38,4253.95,4245.58,4247.54
2026.08.05 22:15,4247.44,4248.85,4246.93,4248.00
2026.08.05 22:30,4248.00,4250.14,4247.59,4248.16
2026.08.05 22:45,4248.07,4250.22,4247.68,4249.90
2026.08.05 23:00,4250.07,4258.15,4249.04,4256.09
2026.08.05 23:15,4256.03,4263.92,4255.93,4263.36
2026.08.05 23:30,4263.39,4281.79,4260.99,4280.60
2026.08.05 23:45,4280.60,4280.60,4272.00,4278.02
2026.08.06 00:00,4277.64,4277.64,4264.43,4270.57
2026.08.06 00:15,4270.72,4284.34,4270.72,4274.01
2026.08.06 00:30,4273.90,4290.98,4273.90,4286.36
2026.08.06 00:45,4286.62,4300.15,4286.04,4294.62
2026.08.06 01:00,4294.97,4302.40,4280.15,4284.65
2026.08.06 01:15,4284.64,4287.88,4272.90,4275.99
2026.08.06 01:30,4276.00,4297.10,4275.76,4287.61
2026.08.06 01:45,4287.63,4297.24,4283.45,4286.44
2026.08.06 02:00,4285.81,4303.97,4283.49,4295.05
2026.08.06 02:15,4295.02,4299.87,4291.74,4292.03
2026.08.06 02:30,4291.82,4292.16,4280.98,4285.66
2026.08.06 02:45,4285.64,4287.03,4274.93,4278.49
2026.08.06 03:00,4278.49,4280.83,4273.75,4274.07
2026.08.06 03:15,4273.86,4273.88,4260.80,4266.05
2026.08.06 03:30,4266.07,4266.65,4261.44,4262.70
2026.08.06 03:45,4262.73,4265.67,4260.52,4265.52
2026.08.06 04:00,4265.59,4267.12,4262.08,4263.20
2026.08.06 04:15,4263.20,4263.74,4252.90,4255.13
2026.08.06 04:30,4255.28,4261.04,4255.28,4258.94
2026.08.06 04:45,4258.99,4262.79,4258.24,4262.09
2026.08.06 05:00,4261.98,4265.17,4256.46,4259.39
2026.08.06 05:15,4259.33,4259.41,4253.02,4253.79
2026.08.06 05:30,4253.86,4265.99,4247.08,4263.61
2026.08.06 05:45,4263.65,4268.45,4262.02,4267.16
2026.08.06 06:00,4267.16,4268.46,4256.59,4260.49
2026.08.06 06:15,4260.29,4261.11,4254.46,4257.45
2026.08.06 06:30,4257.44,4257.86,4249.28,4256.62
2026.08.06 06:45,4256.56,4258.02,4250.90,4256.03
2026.08.06 07:00,4255.81,4263.62,4253.20,4263.14
2026.08.06 07:15,4263.03,4265.23,4258.18,4261.77
2026.08.06 07:30,4261.78,4261.88,4254.70,4254.82
2026.08.06 07:45,4255.00,4262.81,4252.47,4262.64
2026.08.06 08:00,4262.79,4269.32,4260.19,4268.82
2026.08.06 08:15,4268.66,4270.45,4263.48,4267.76
2026.08.06 08:30,4267.66,4274.81,4266.36,4273.00
2026.08.06 08:45,4273.03,4278.70,4270.30,4278.09
2026.08.06 09:00,4278.10,4283.49,4275.96,4279.74
2026.08.06 09:15,4279.99,4284.62,4278.52,4283.22
2026.08.06 09:30,4283.21,4284.11,4271.76,4271.79
2026.08.06 09:45,4271.95,4276.10,4271.29,4272.97
2026.08.06 10:00,4272.95,4273.52,4268.53,4269.48
2026.08.06 10:15,4269.48,4270.85,4267.11,4269.13
2026.08.06 10:30,4269.13,4269.62,4264.60,4265.42
2026.08.06 10:45,4265.27,4271.39,4264.79,4270.68
2026.08.06 11:00,4270.69,4273.21,4266.47,4268.92
2026.08.06 11:15,4269.05,4271.31,4260.52,4264.05
2026.08.06 11:30,4264.17,4266.85,4259.68,4260.54
2026.08.06 11:45,4260.70,4263.32,4254.10,4263.22
2026.08.06 12:00,4263.50,4265.62,4255.54,4256.09
2026.08.06 12:15,4256.10,4262.75,4253.20,4261.43
2026.08.06 12:30,4261.58,4270.64,4258.13,4266.96
2026.08.06 12:45,4266.93,4267.48,4248.96,4250.11
2026.08.06 13:00,4250.02,4255.63,4230.72,4238.31
2026.08.06 13:15,4238.23,4248.09,4235.90,4247.52
2026.08.06 13:30,4247.55,4274.04,4245.87,4270.16
2026.08.06 13:45,4270.10,4270.16,4262.20,4267.03
2026.08.06 14:00,4267.02,4275.12,4264.02,4268.05
2026.08.06 14:15,4268.07,4268.90,4260.03,4265.32
2026.08.06 14:30,4265.96,4274.68,4265.81,4273.45
2026.08.06 14:45,4273.47,4274.67,4262.80,4272.89
2026.08.06 15:00,4272.94,4274.15,4261.82,4263.66
2026.08.06 15:15,4263.58,4263.72,4250.50,4254.75
2026.08.06 15:30,4254.74,4255.40,4245.63,4251.40
2026.08.06 15:45,4251.38,4251.41,4229.53,4233.49
2026.08.06 16:00,4233.50,4242.88,4230.90,4232.70
2026.08.06 16:15,4232.57,4232.88,4223.34,4230.05
2026.08.06 16:30,4230.00,4235.96,4230.00,4233.38
2026.08.06 16:45,4233.48,4242.44,4231.67,4241.33
2026.08.06 17:00,4241.34,4244.45,4239.32,4240.83
2026.08.06 17:15,4240.91,4242.60,4238.38,4241.64
2026.08.06 17:30,4241.57,4243.46,4238.42,4241.92
2026.08.06 17:45,4241.86,4248.02,4240.32,4247.10
2026.08.06 18:00,4247.11,4248.97,4244.08,4246.74
2026.08.06 18:15,4246.79,4249.53,4246.13,4246.60
2026.08.06 18:30,4246.60,4247.67,4240.60,4241.71
2026.08.06 18:45,4241.72,4245.50,4240.64,4243.31
2026.08.06 19:00,4243.37,4251.15,4242.96,4247.19
2026.08.06 19:15,4247.33,4248.45,4235.15,4237.28
2026.08.06 19:30,4237.30,4239.48,4232.96,4234.44
2026.08.06 19:45,4234.53,4250.56,4234.51,4248.83
2026.08.06 20:00,4248.79,4250.05,4242.75,4244.47
2026.08.06 20:15,4244.66,4245.50,4239.86,4241.84
2026.08.06 20:30,4241.84,4242.40,4235.06,4235.30
2026.08.06 20:45,4235.18,4241.78,4234.67,4239.73
2026.08.06 22:00,4241.11,4241.49,4235.70,4238.81
2026.08.06 22:15,4238.86,4243.35,4238.85,4242.27
2026.08.06 22:30,4242.27,4243.30,4238.91,4239.27
2026.08.06 22:45,4239.27,4242.73,4238.78,4240.68
2026.08.06 23:00,4240.35,4245.56,4240.16,4245.11
2026.08.06 23:15,4245.11,4245.97,4243.00,4245.13
2026.08.06 23:30,4245.13,4248.61,4244.81,4246.55
2026.08.06 23:45,4246.60,4253.14,4245.71,4252.23
2026.08.07 00:00,4251.70,4252.60,4243.30,4244.57
2026.08.07 00:15,4244.72,4246.07,4239.09,4243.72
2026.08.07 00:30,4243.89,4243.89,4230.16,4234.66
2026.08.07 00:45,4234.65,4236.74,4229.56,4232.65
2026.08.07 01:00,4232.60,4246.63,4231.73,4244.09
2026.08.07 01:15,4244.25,4250.12,4240.10,4243.28
2026.08.07 01:30,4243.30,4258.56,4239.13,4256.65
2026.08.07 01:45,4256.39,4259.19,4251.92,4256.69
2026.08.07 02:00,4256.61,4261.53,4255.96,4258.62
2026.08.07 02:15,4258.63,4261.09,4257.45,4260.49
2026.08.07 02:30,4260.79,4261.40,4249.71,4249.74
2026.08.07 02:45,4249.63,4255.89,4247.09,4250.17
2026.08.07 03:00,4250.13,4259.14,4249.56,4254.64
2026.08.07 03:15,4254.65,4258.62,4251.76,4258.60
2026.08.07 03:30,4258.53,4261.10,4257.55,4260.61
2026.08.07 03:45,4260.61,4266.15,4259.10,4265.98
2026.08.07 04:00,4266.01,4268.99,4262.10,4265.88
2026.08.07 04:15,4265.88,4268.20,4261.82,4264.89
2026.08.07 04:30,4264.99,4268.30,4260.63,4263.85
2026.08.07 04:45,4263.92,4267.13,4262.20,4264.89
2026.08.07 05:00,4264.85,4271.08,4261.85,4269.29
2026.08.07 05:15,4269.24,4270.54,4264.60,4266.43
2026.08.07 05:30,4266.45,4277.21,4265.99,4271.35
2026.08.07 05:45,4271.35,4280.41,4271.35,4278.55
2026.08.07 06:00,4278.54,4291.05,4278.36,4286.59
2026.08.07 06:15,4286.48,4291.11,4283.05,4283.24
2026.08.07 06:30,4283.23,4295.02,4280.03,4292.04
2026.08.07 06:45,4291.93,4298.58,4288.58,4297.13
2026.08.07 07:00,4296.98,4297.69,4290.16,4291.12
2026.08.07 07:15,4291.13,4292.52,4284.63,4285.36
2026.08.07 07:30,4285.17,4288.59,4283.80,4284.97
2026.08.07 07:45,4284.95,4291.00,4282.80,4289.96
2026.08.07 08:00,4289.64,4300.45,4288.99,4299.67
2026.08.07 08:15,4299.73,4300.57,4293.20,4294.69
2026.08.07 08:30,4294.69,4316.28,4294.04,4308.93
2026.08.07 08:45,4308.96,4311.27,4303.19,4305.96
2026.08.07 09:00,4305.96,4307.19,4304.43,4305.89
2026.08.07 09:15,4305.88,4310.67,4304.69,4306.62
2026.08.07 09:30,4306.67,4318.26,4302.12,4317.26
2026.08.07 09:45,4317.32,4319.93,4314.30,4316.00
2026.08.07 10:00,4315.97,4319.22,4307.96,4308.16
2026.08.07 10:15,4308.16,4314.31,4308.09,4313.59
2026.08.07 10:30,4313.68,4318.13,4313.09,4316.76
2026.08.07 10:45,4316.87,4320.58,4316.23,4316.77
2026.08.07 11:00,4316.89,4326.05,4316.73,4320.14
2026.08.07 11:15,4320.15,4327.17,4317.02,4325.03
2026.08.07 11:30,4325.04,4327.44,4320.79,4322.71
2026.08.07 11:45,4322.69,4326.80,4320.76,4321.12
2026.08.07 12:00,4321.13,4325.19,4314.77,4315.09
2026.08.07 12:15,4314.96,4317.02,4300.10,4307.41
2026.08.07 12:30,4307.88,4370.46,4307.88,4367.02
2026.08.07 12:45,4366.96,4371.67,4355.70,4360.91
2026.08.07 13:00,4360.98,4363.54,4345.99,4347.64
2026.08.07 13:15,4347.72,4357.83,4339.11,4356.44
2026.08.07 13:30,4356.21,4367.74,4350.65,4358.46
2026.08.07 13:45,4358.45,4359.73,4342.38,4348.01
2026.08.07 14:00,4348.01,4348.88,4327.46,4334.30
2026.08.07 14:15,4334.25,4352.68,4330.47,4348.74
2026.08.07 14:30,4348.75,4350.50,4342.35,4343.75
2026.08.07 14:45,4343.81,4348.79,4340.28,4341.35
2026.08.07 15:00,4341.35,4355.89,4340.20,4355.29
2026.08.07 15:15,4355.19,4358.22,4351.10,4351.12
2026.08.07 15:30,4351.27,4353.81,4347.00,4349.43
2026.08.07 15:45,4349.46,4351.73,4339.69,4340.83
2026.08.07 16:00,4340.79,4349.39,4338.45,4346.95
2026.08.07 16:15,4347.34,4349.24,4334.27,4337.38
2026.08.07 16:30,4337.40,4341.95,4332.62,4338.54
2026.08.07 16:45,4338.53,4342.10,4329.02,4329.03
2026.08.07 17:00,4329.01,4338.23,4327.65,4335.35
2026.08.07 17:15,4335.47,4342.05,4333.63,4339.51
2026.08.07 17:30,4339.47,4339.92,4329.69,4336.08
2026.08.07 17:45,4336.05,4342.91,4334.81,4340.10
2026.08.07 18:00,4340.10,4342.84,4334.74,4334.87
2026.08.07 18:15,4335.16,4337.84,4332.08,4334.43
2026.08.07 18:30,4334.32,4338.87,4333.31,4334.15
2026.08.07 18:45,4334.19,4337.39,4333.07,4335.40
2026.08.07 19:00,4335.23,4345.53,4335.23,4343.48
2026.08.07 19:15,4343.46,4350.29,4342.96,4348.34
2026.08.07 19:30,4348.50,4348.79,4344.31,4347.77
2026.08.07 19:45,4347.80,4349.33,4340.04,4343.84
2026.08.07 20:00,4343.86,4345.10,4337.89,4342.29
2026.08.07 20:15,4342.32,4342.80,4337.05,4337.65
2026.08.07 20:30,4337.65,4342.06,4335.84,4341.31
2026.08.07 20:45,4340.88,4342.78,4338.87,4342.06
2026.08.09 22:00,4339.15,4352.31,4333.63,4343.56
2026.08.09 22:15,4343.61,4344.74,4338.38,4343.64
2026.08.09 22:30,4343.63,4345.11,4340.08,4340.41
2026.08.09 22:45,4340.32,4344.05,4340.05,4341.50
2026.08.09 23:00,4341.52,4347.51,4341.20,4346.43
2026.08.09 23:15,4346.45,4348.92,4343.96,4346.18
2026.08.09 23:30,4346.15,4347.32,4340.01,4342.26
2026.08.09 23:45,4342.15,4343.19,4332.05,4333.18
2026.08.10 00:00,4333.09,4346.96,4332.59,4344.25
2026.08.10 00:15,4344.30,4345.54,4337.24,4337.49
2026.08.10 00:30,4337.51,4339.20,4333.61,4334.27
2026.08.10 00:45,4334.34,4337.35,4330.67,4332.23
2026.08.10 01:00,4332.08,4340.47,4322.01,4323.06
2026.08.10 01:15,4323.07,4328.17,4316.42,4316.45
2026.08.10 01:30,4316.16,4320.77,4313.37,4317.36
2026.08.10 01:45,4317.36,4323.98,4316.07,4322.47
2026.08.10 02:00,4322.41,4325.65,4318.84,4324.46
2026.08.10 02:15,4324.48,4332.11,4323.40,4330.77
2026.08.10 02:30,4330.77,4332.35,4323.04,4326.46
2026.08.10 02:45,4326.42,4327.16,4318.69,4319.57
2026.08.10 03:00,4319.53,4321.00,4317.62,4319.87
2026.08.10 03:15,4320.05,4328.10,4319.52,4327.12
2026.08.10 03:30,4327.09,4329.77,4324.73,4325.11
2026.08.10 03:45,4325.05,4327.85,4324.44,4326.54
2026.08.10 04:00,4326.54,4332.64,4323.09,4332.63
2026.08.10 04:15,4332.27,4337.42,4330.42,4334.60
2026.08.10 04:30,4334.59,4336.14,4329.78,4332.10
2026.08.10 04:45,4332.14,4339.49,4331.90,4339.45
2026.08.10 05:00,4339.33,4339.57,4333.47,4334.88
2026.08.10 05:15,4334.92,4336.36,4332.83,4333.77
2026.08.10 05:30,4333.72,4344.24,4331.62,4343.51
2026.08.10 05:45,4343.39,4352.08,4340.55,4347.56
2026.08.10 06:00,4347.23,4349.94,4341.78,4347.12
2026.08.10 06:15,4347.13,4349.52,4342.56,4348.16
2026.08.10 06:30,4348.09,4355.71,4345.85,4355.08
2026.08.10 06:45,4355.10,4359.61,4354.93,4358.05
2026.08.10 07:00,4358.00,4358.69,4350.02,4351.00
2026.08.10 07:15,4351.06,4358.80,4350.38,4355.00
2026.08.10 07:30,4354.97,4359.76,4352.47,4359.28
2026.08.10 07:45,4359.23,4361.89,4354.78,4355.27
2026.08.10 08:00,4355.36,4356.15,4351.53,4354.19
2026.08.10 08:15,4354.51,4356.24,4352.27,4355.57
2026.08.10 08:30,4355.51,4356.56,4345.67,4346.21
2026.08.10 08:45,4346.26,4348.92,4343.83,4346.76
2026.08.10 09:00,4346.55,4349.90,4345.57,4349.50
2026.08.10 09:15,4349.56,4349.62,4344.89,4346.90
2026.08.10 09:30,4346.91,4346.91,4340.86,4344.10
2026.08.10 09:45,4344.10,4345.18,4340.79,4341.09
2026.08.10 10:00,4341.02,4341.45,4339.10,4340.61
2026.08.10 10:15,4340.73,4343.97,4339.22,4343.49
2026.08.10 10:30,4343.45,4343.99,4337.70,4337.74
2026.08.10 10:45,4338.01,4340.46,4335.37,4335.66
2026.08.10 11:00,4335.86,4336.52,4329.81,4331.45
2026.08.10 11:15,4331.42,4336.23,4328.82,4335.24
2026.08.10 11:30,4334.52,4339.23,4334.40,4337.20
2026.08.10 11:45,4337.17,4337.71,4332.00,4334.91
2026.08.10 12:00,4334.75,4337.34,4331.02,4331.62
2026.08.10 12:15,4331.80,4332.37,4324.11,4327.56
2026.08.10 12:30,4327.51,4332.31,4326.15,4328.95
2026.08.10 12:45,4328.99,4335.48,4328.69,4332.40
2026.08.10 13:00,4332.18,4337.70,4325.92,4337.15
2026.08.10 13:15,4337.20,4337.57,4329.15,4335.03
2026.08.10 13:30,4334.93,4339.76,4329.94,4330.74
2026.08.10 13:45,4330.72,4331.80,4316.61,4317.73
2026.08.10 14:00,4317.76,4331.00,4317.76,4330.26
2026.08.10 14:15,4329.99,4347.91,4328.46,4345.39
2026.08.10 14:30,4345.38,4351.79,4344.75,4349.42
2026.08.10 14:45,4349.42,4350.64,4342.45,4345.35
2026.08.10 15:00,4345.37,4351.92,4343.44,4347.03
2026.08.10 15:15,4346.90,4352.10,4346.16,4349.10
2026.08.10 15:30,4349.09,4351.83,4347.82,4350.05
2026.08.10 15:45,4350.14,4359.35,4348.49,4358.26
2026.08.10 16:00,4358.34,4364.52,4356.71,4361.25
2026.08.10 16:15,4361.28,4364.42,4360.82,4362.51
2026.08.10 16:30,4362.52,4362.88,4350.29,4351.66
2026.08.10 16:45,4351.59,4356.80,4351.52,4356.68
2026.08.10 17:00,4356.67,4358.05,4351.68,4357.06
2026.08.10 17:15,4357.04,4361.03,4356.28,4361.01
2026.08.10 17:30,4361.08,4365.27,4359.46,4360.16
2026.08.10 17:45,4360.17,4361.17,4357.58,4360.12
2026.08.10 18:00,4360.10,4365.19,4359.84,4362.93
2026.08.10 18:15,4362.91,4367.06,4361.44,4365.75
2026.08.10 18:30,4365.70,4382.83,4365.06,4379.57
2026.08.10 18:45,4379.57,4379.72,4373.31,4378.40
2026.08.10 19:00,4378.38,4382.71,4378.38,4381.90
2026.08.10 19:15,4381.87,4391.44,4381.28,4390.53
2026.08.10 19:30,4390.83,4393.74,4384.22,4388.10
2026.08.10 19:45,4388.13,4395.04,4387.22,4388.35
2026.08.10 20:00,4388.56,4390.47,4385.78,4389.19
2026.08.10 20:15,4389.19,4391.85,4386.46,4390.87
2026.08.10 20:30,4390.88,4391.91,4389.82,4389.82
2026.08.10 20:45,4389.69,4390.57,4388.54,4389.18
2026.08.10 22:00,4389.45,4392.89,4387.39,4391.31
2026.08.10 22:15,4391.22,4393.29,4390.90,4391.89
2026.08.10 22:30,4391.89,4395.95,4391.87,4395.10
2026.08.10 22:45,4395.10,4400.63,4395.10,4398.75
2026.08.10 23:00,4399.64,4401.67,4395.66,4397.27
2026.08.10 23:15,4397.26,4397.35,4394.58,4395.25
2026.08.10 23:30,4395.27,4398.82,4395.18,4398.63
2026.08.10 23:45,4398.63,4402.50,4396.34,4402.36
2026.08.11 00:00,4402.31,4408.75,4396.10,4404.79
2026.08.11 00:15,4405.26,4416.02,4404.36,4413.94
2026.08.11 00:30,4414.01,4414.01,4407.38,4413.86
2026.08.11 00:45,4414.05,4419.18,4408.29,4409.27
2026.08.11 01:00,4409.61,4415.14,4393.66,4414.27
2026.08.11 01:15,4414.43,4419.90,4412.51,4419.18
2026.08.11 01:30,4419.22,4422.05,4415.02,4415.02
2026.08.11 01:45,4415.06,4433.77,4414.56,4429.55
2026.08.11 02:00,4429.49,4434.41,4421.88,4433.59
2026.08.11 02:15,4433.74,4434.95,4425.89,4428.38
2026.08.11 02:30,4428.39,4429.01,4413.73,4418.28
2026.08.11 02:45,4418.35,4418.92,4407.95,4410.83
2026.08.11 03:00,4410.81,4415.16,4409.77,4413.40
2026.08.11 03:15,4413.38,4420.69,4412.84,4420.12
2026.08.11 03:30,4420.26,4421.44,4415.75,4415.92
2026.08.11 03:45,4416.32,4418.69,4414.09,4416.70
2026.08.11 04:00,4416.71,4419.37,4412.24,4413.87
2026.08.11 04:15,4413.87,4415.65,4409.81,4415.29
2026.08.11 04:30,4415.13,4420.13,4408.32,4409.94
2026.08.11 04:45,4409.94,4411.14,4403.43,4408.78
2026.08.11 05:00,4408.78,4408.88,4399.45,4402.07
2026.08.11 05:15,4402.07,4402.08,4390.89,4392.37
2026.08.11 05:30,4392.31,4392.31,4372.58,4377.01
2026.08.11 05:45,4376.95,4378.09,4367.43,4375.19
2026.08.11 06:00,4375.22,4382.54,4371.56,4372.69
2026.08.11 06:15,4372.77,4375.99,4362.11,4363.32
2026.08.11 06:30,4363.40,4369.17,4359.90,4363.62
2026.08.11 06:45,4363.93,4367.30,4359.89,4366.14
2026.08.11 07:00,4366.19,4367.59,4361.24,4363.26
2026.08.11 07:15,4363.26,4365.83,4357.65,4362.92
2026.08.11 07:30,4363.07,4364.72,4356.78,4358.26
2026.08.11 07:45,4358.54,4361.43,4356.65,4357.42
2026.08.11 08:00,4357.63,4366.56,4356.98,4364.88
2026.08.11 08:15,4364.96,4369.57,4359.11,4368.98
2026.08.11 08:30,4369.05,4375.86,4368.66,4374.64
2026.08.11 08:45,4374.69,4376.49,4368.98,4368.98
2026.08.11 09:00,4369.04,4372.80,4367.45,4372.35
2026.08.11 09:15,4372.37,4375.41,4370.63,4371.81
2026.08.11 09:30,4371.65,4374.83,4370.13,4370.45
2026.08.11 09:45,4370.38,4374.52,4370.24,4372.30
2026.08.11 10:00,4372.43,4375.90,4371.10,4373.08
2026.08.11 10:15,4373.04,4381.73,4372.31,4378.21
2026.08.11 10:30,4378.21,4380.85,4376.84,4377.55
2026.08.11 10:45,4377.55,4382.39,4377.45,4382.25
2026.08.11 11:00,4382.24,4392.83,4380.33,4391.33
2026.08.11 11:15,4391.52,4392.22,4385.11,4387.20
2026.08.11 11:30,4387.52,4387.90,4382.93,4385.71
2026.08.11 11:45,4386.23,4389.73,4384.85,4387.64
2026.08.11 12:00,4387.63,4397.42,4383.84,4396.76
2026.08.11 12:15,4396.94,4399.58,4387.50,4391.12
2026.08.11 12:30,4391.23,4398.44,4388.68,4398.44
2026.08.11 12:45,4398.47,4399.94,4392.09,4392.34
2026.08.11 13:00,4392.36,4400.86,4391.84,4393.76
2026.08.11 13:15,4393.47,4400.76,4389.53,4397.90
2026.08.11 13:30,4397.98,4401.66,4388.92,4399.72
2026.08.11 13:45,4399.88,4404.08,4384.44,4389.23
2026.08.11 14:00,4389.25,4389.85,4381.29,4386.85
2026.08.11 14:15,4386.91,4390.12,4381.61,4383.88
2026.08.11 14:30,4383.92,4395.16,4383.92,4393.34
2026.08.11 14:45,4393.33,4397.85,4391.72,4394.01
2026.08.11 15:00,4394.00,4398.70,4389.21,4392.12
2026.08.11 15:15,4392.03,4392.03,4381.92,4386.61
2026.08.11 15:30,4386.60,4386.78,4369.14,4375.83
2026.08.11 15:45,4375.83,4383.67,4374.99,4383.64
2026.08.11 16:00,4383.67,4384.65,4378.60,4379.37
2026.08.11 16:15,4379.48,4383.30,4378.34,4382.89
2026.08.11 16:30,4382.78,4385.67,4379.18,4384.65
2026.08.11 16:45,4384.64,4385.34,4380.93,4383.38
2026.08.11 17:00,4383.28,4385.59,4380.99,4380.99
2026.08.11 17:15,4380.98,4384.25,4378.86,4381.40
2026.08.11 17:30,4381.30,4381.86,4374.24,4376.15
2026.08.11 17:45,4376.17,4377.41,4368.88,4369.07
2026.08.11 18:00,4369.02,4369.02,4360.15,4363.62
2026.08.11 18:15,4363.69,4367.15,4360.63,4361.35
2026.08.11 18:30,4361.21,4371.68,4361.10,4371.01
2026.08.11 18:45,4370.99,4372.61,4369.98,4371.44
2026.08.11 19:00,4371.44,4372.09,4363.34,4363.61
2026.08.11 19:15,4363.68,4370.75,4361.18,4370.32
2026.08.11 19:30,4370.49,4374.11,4367.22,4367.58
2026.08.11 19:45,4367.54,4373.17,4366.23,4370.61
2026.08.11 20:00,4370.19,4370.93,4368.38,4370.20
2026.08.11 20:15,4370.22,4370.87,4367.56,4370.14
2026.08.11 20:30,4370.24,4370.39,4367.39,4367.57
2026.08.11 20:45,4367.54,4369.19,4367.02,4368.50
2026.08.11 22:00,4370.98,4375.40,4370.68,4373.94
2026.08.11 22:15,4373.93,4376.97,4373.27,4376.52
2026.08.11 22:30,4376.52,4377.94,4375.16,4376.26
2026.08.11 22:45,4376.27,4378.32,4367.14,4368.85
2026.08.11 23:00,4369.56,4369.73,4362.46,4366.48
2026.08.11 23:15,4366.48,4374.44,4365.14,4372.66
2026.08.11 23:30,4372.68,4372.72,4366.58,4367.81
2026.08.11 23:45,4367.81,4371.70,4367.81,4371.41
2026.08.12 00:00,4371.40,4379.28,4366.37,4378.09
2026.08.12 00:15,4377.86,4381.04,4374.03,4380.68
2026.08.12 00:30,4380.60,4383.55,4379.32,4382.73
2026.08.12 00:45,4382.81,4383.05,4377.53,4380.45
2026.08.12 01:00,4380.41,4390.63,4378.27,4390.30
2026.08.12 01:15,4390.30,4393.90,4386.61,4390.39
2026.08.12 01:30,4390.43,4393.08,4385.17,4393.00
2026.08.12 01:45,4392.97,4397.28,4391.03,4396.31
2026.08.12 02:00,4396.38,4404.64,4394.15,4401.85
2026.08.12 02:15,4401.65,4403.60,4399.33,4402.08
2026.08.12 02:30,4402.09,4408.13,4397.73,4405.52
2026.08.12 02:45,4405.43,4414.27,4405.26,4411.28
2026.08.12 03:00,4411.25,4415.77,4408.55,4410.61
2026.08.12 03:15,4410.62,4410.66,4404.45,4407.19
2026.08.12 03:30,4407.19,4408.56,4401.28,4401.29
2026.08.12 03:45,4401.29,4403.67,4400.68,4402.12
2026.08.12 04:00,4402.10,4403.08,4396.53,4397.30
2026.08.12 04:15,4397.30,4399.15,4395.31,4398.91
2026.08.12 04:30,4398.91,4399.91,4395.31,4399.86
2026.08.12 04:45,4399.84,4402.16,4399.14,4400.90
2026.08.12 05:00,4400.87,4404.67,4400.07,4401.04
2026.08.12 05:15,4400.71,4400.71,4392.48,4392.57
2026.08.12 05:30,4392.52,4396.83,4387.90,4388.03
2026.08.12 05:45,4387.88,4393.92,4383.89,4391.46
2026.08.12 06:00,4391.09,4392.98,4385.10,4386.89
2026.08.12 06:15,4386.96,4390.41,4385.60,4389.76
2026.08.12 06:30,4389.63,4397.30,4388.31,4394.33
2026.08.12 06:45,4394.43,4406.23,4394.42,4403.33
2026.08.12 07:00,4403.39,4405.93,4400.87,4401.44
2026.08.12 07:15,4401.43,4402.63,4398.10,4402.30
2026.08.12 07:30,4402.30,4408.41,4401.31,4407.76
2026.08.12 07:45,4407.79,4409.90,4404.68,4406.24
2026.08.12 08:00,4406.09,4410.38,4405.74,4408.50
2026.08.12 08:15,4408.35,4409.31,4405.49,4406.80
2026.08.12 08:30,4406.87,4407.35,4404.33,4405.91
2026.08.12 08:45,4405.96,4405.96,4401.61,4401.68
2026.08.12 09:00,4401.79,4413.03,4401.75,4412.89
2026.08.12 09:15,4412.75,4423.88,4412.29,4413.14
2026.08.12 09:30,4413.10,4416.95,4411.88,4413.59
2026.08.12 09:45,4413.77,4416.32,4410.72,4415.71
2026.08.12 10:00,4415.71,4419.14,4414.52,4417.78
2026.08.12 10:15,4417.78,4420.80,4417.34,4419.48
2026.08.12 10:30,4419.49,4419.61,4412.74,4414.63
2026.08.12 10:45,4414.60,4415.59,4407.38,4412.59
2026.08.12 11:00,4412.59,4415.07,4407.90,4408.08
2026.08.12 11:15,4407.76,4416.62,4407.76,4414.94
2026.08.12 11:30,4414.93,4415.77,4410.12,4413.20
2026.08.12 11:45,4413.16,4415.29,4412.44,4412.59
2026.08.12 12:00,4412.65,4412.95,4406.23,4408.59
2026.08.12 12:15,4408.50,4423.94,4404.62,4423.94
2026.08.12 12:30,4425.96,4437.94,4381.20,4428.61
2026.08.12 12:45,4428.47,4437.69,4417.07,4437.29
2026.08.12 13:00,4437.37,4441.28,4421.07,4421.89
2026.08.12 13:15,4421.82,4428.85,4414.61,4418.31
2026.08.12 13:30,4418.21,4420.59,4408.33,4416.51
2026.08.12 13:45,4416.56,4433.89,4415.43,4427.51
2026.08.12 14:00,4427.66,4434.73,4421.12,4431.72
2026.08.12 14:15,4431.75,4439.62,4429.93,4431.41
2026.08.12 14:30,4431.43,4435.80,4416.29,4424.89
2026.08.12 14:45,4424.92,4432.34,4416.49,4421.86
2026.08.12 15:00,4421.88,4429.91,4414.76,4426.68
2026.08.12 15:15,4426.57,4427.96,4419.60,4421.34
2026.08.12 15:30,4421.36,4425.25,4416.68,4418.02
2026.08.12 15:45,4418.02,4422.14,4410.96,4420.87
2026.08.12 16:00,4420.87,4425.53,4416.70,4423.27
2026.08.12 16:15,4423.45,4426.36,4422.29,4423.21
2026.08.12 16:30,4423.09,4423.80,4409.30,4410.77
2026.08.12 16:45,4410.77,4411.13,4396.61,4401.56
2026.08.12 17:00,4401.50,4407.46,4399.92,4403.42
2026.08.12 17:15,4403.71,4409.63,4401.94,4406.34
2026.08.12 17:30,4406.52,4411.38,4401.24,4401.89
2026.08.12 17:45,4401.91,4405.45,4398.94,4399.22
2026.08.12 18:00,4399.30,4406.47,4396.32,4405.66
2026.08.12 18:15,4405.79,4410.99,4404.50,4408.35
2026.08.12 18:30,4408.38,4413.50,4407.94,4413.36
2026.08.12 18:45,4413.43,4417.76,4412.68,4412.89
2026.08.12 19:00,4412.94,4418.21,4412.79,4416.26
2026.08.12 19:15,4416.26,4417.82,4415.59,4416.52
2026.08.12 19:30,4416.52,4416.59,4411.22,4413.10
2026.08.12 19:45,4413.00,4413.85,4408.18,4413.84
2026.08.12 20:00,4413.07,4413.68,4408.64,4408.90
2026.08.12 20:15,4408.88,4409.79,4406.53,4407.82
2026.08.12 20:30,4407.69,4408.65,4406.69,4407.88
2026.08.12 20:45,4407.93,4408.81,4406.56,4408.49
2026.08.12 22:00,4410.48,4411.27,4402.40,4403.04
2026.08.12 22:15,4403.03,4403.10,4398.25,4399.29
2026.08.12 22:30,4399.27,4401.66,4398.68,4399.97
2026.08.12 22:45,4399.97,4402.86,4399.77,4402.32
2026.08.12 23:00,4402.13,4405.79,4401.68,4405.48
2026.08.12 23:15,4405.52,4409.67,4405.52,4408.23
2026.08.12 23:30,4408.23,4410.31,4407.25,4408.41
2026.08.12 23:45,4408.54,4414.27,4407.85,4414.27
2026.08.13 00:00,4414.47,4421.99,4412.95,4419.08
2026.08.13 00:15,4419.08,4437.36,4419.08,4428.27
2026.08.13 00:30,4428.21,4449.63,4424.54,4440.02
2026.08.13 00:45,4440.03,4440.05,4423.98,4427.82
2026.08.13 01:00,4427.20,4435.19,4422.74,4430.01
2026.08.13 01:15,4429.94,4435.15,4419.07,4419.31
2026.08.13 01:30,4419.23,4430.06,4417.71,4419.15
2026.08.13 01:45,4419.14,4419.14,4406.13,4408.36
2026.08.13 02:00,4408.16,4413.94,4405.47,4410.58
2026.08.13 02:15,4410.58,4412.33,4405.93,4406.42
2026.08.13 02:30,4406.40,4410.08,4398.93,4410.08
2026.08.13 02:45,4410.22,4410.45,4405.47,4406.98
2026.08.13 03:00,4407.06,4412.10,4404.07,4406.93
2026.08.13 03:15,4406.93,4410.02,4405.54,4409.07
2026.08.13 03:30,4409.10,4410.35,4405.37,4405.79
2026.08.13 03:45,4405.82,4407.51,4398.60,4400.15
2026.08.13 04:00,4400.09,4400.32,4391.63,4394.37
2026.08.13 04:15,4394.38,4399.04,4392.44,4398.08
2026.08.13 04:30,4398.08,4399.42,4395.12,4395.71
2026.08.13 04:45,4395.76,4398.75,4395.22,4397.66
2026.08.13 05:00,4397.69,4404.60,4393.06,4404.32
2026.08.13 05:15,4404.36,4407.12,4400.80,4406.28
2026.08.13 05:30,4406.50,4406.93,4386.68,4387.70
2026.08.13 05:45,4387.58,4389.16,4380.45,4383.01
2026.08.13 06:00,4382.90,4385.44,4375.18,4375.91
2026.08.13 06:15,4375.81,4378.69,4374.16,4375.86
2026.08.13 06:30,4375.90,4378.45,4368.95,4374.02
2026.08.13 06:45,4374.03,4381.40,4373.96,4380.51
2026.08.13 07:00,4380.78,4381.56,4374.98,4376.75
2026.08.13 07:15,4376.94,4377.53,4373.61,4376.33
2026.08.13 07:30,4376.33,4378.56,4372.03,4378.37
2026.08.13 07:45,4378.44,4378.62,4369.19,4369.83
2026.08.13 08:00,4369.47,4370.42,4363.95,4365.88
2026.08.13 08:15,4365.83,4373.38,4364.86,4372.44
2026.08.13 08:30,4372.58,4375.65,4371.80,4373.47
2026.08.13 08:45,4373.43,4379.21,4373.31,4375.76
2026.08.13 09:00,4375.74,4378.22,4372.41,4376.91
2026.08.13 09:15,4376.78,4382.19,4376.14,4379.82
2026.08.13 09:30,4379.84,4381.63,4378.72,4379.94
2026.08.13 09:45,4379.94,4384.75,4378.42,4384.45
2026.08.13 10:00,4384.45,4385.20,4381.33,4381.43
2026.08.13 10:15,4381.44,4387.48,4381.44,4387.02
2026.08.13 10:30,4387.00,4390.45,4384.52,4390.31
2026.08.13 10:45,4390.39,4393.67,4388.12,4392.00
2026.08.13 11:00,4392.05,4394.23,4388.42,4394.17
2026.08.13 11:15,4394.14,4396.50,4387.95,4388.06
2026.08.13 11:30,4387.96,4389.72,4383.68,4383.96
2026.08.13 11:45,4383.74,4387.97,4382.80,4387.56
2026.08.13 12:00,4387.68,4391.54,4385.63,4389.03
2026.08.13 12:15,4389.02,4392.14,4383.98,4390.80
2026.08.13 12:30,4390.75,4400.72,4380.85,4392.00
2026.08.13 12:45,4392.00,4401.79,4391.59,4401.72
2026.08.13 13:00,4401.97,4401.97,4391.04,4393.64
2026.08.13 13:15,4393.74,4395.25,4383.98,4384.97
2026.08.13 13:30,4385.06,4389.71,4375.13,4379.68
2026.08.13 13:45,4379.38,4382.74,4370.70,4372.58
2026.08.13 14:00,4372.94,4378.85,4366.62,4370.63
2026.08.13 14:15,4370.66,4378.09,4367.52,4367.56
2026.08.13 14:30,4367.69,4381.63,4357.36,4381.05
2026.08.13 14:45,4381.11,4386.81,4381.11,4383.52
2026.08.13 15:00,4383.58,4385.51,4368.23,4369.52
2026.08.13 15:15,4369.53,4373.81,4363.40,4364.93
2026.08.13 15:30,4365.08,4371.44,4357.54,4368.18
2026.08.13 15:45,4368.22,4370.69,4363.33,4364.99
2026.08.13 16:00,4365.03,4367.27,4353.93,4355.23
2026.08.13 16:15,4355.35,4362.74,4351.20,4362.71
2026.08.13 16:30,4362.47,4366.92,4362.47,4365.59
2026.08.13 16:45,4365.53,4368.26,4364.01,4366.95
2026.08.13 17:00,4367.08,4373.21,4365.07,4371.31
2026.08.13 17:15,4371.31,4371.72,4362.32,4362.95
2026.08.13 17:30,4362.99,4364.27,4355.53,4357.09
2026.08.13 17:45,4357.09,4359.89,4355.64,4355.85
2026.08.13 18:00,4355.93,4362.60,4355.83,4361.87
2026.08.13 18:15,4361.88,4363.47,4354.62,4357.41
2026.08.13 18:30,4357.45,4360.21,4356.29,4357.80
2026.08.13 18:45,4357.82,4358.10,4354.60,4356.89
2026.08.13 19:00,4357.07,4358.81,4346.13,4346.74
2026.08.13 19:15,4346.63,4351.70,4343.50,4351.60
2026.08.13 19:30,4351.59,4354.07,4349.68,4351.26
2026.08.13 19:45,4351.26,4351.33,4347.59,4350.31
2026.08.13 20:00,4349.81,4350.42,4346.85,4350.20
2026.08.13 20:15,4350.22,4352.09,4349.28,4351.54
2026.08.13 20:30,4351.52,4351.62,4347.93,4349.44
2026.08.13 20:45,4349.44,4351.45,4348.59,4350.53
2026.08.13 22:00,4353.71,4356.85,4351.85,4354.05
2026.08.13 22:15,4354.05,4357.73,4352.79,4357.05
2026.08.13 22:30,4357.01,4362.63,4355.64,4360.38
2026.08.13 22:45,4360.42,4361.07,4353.29,4354.72
2026.08.13 23:00,4354.76,4360.38,4349.18,4360.38
2026.08.13 23:15,4360.44,4362.94,4356.99,4362.94
2026.08.13 23:30,4363.25,4363.41,4358.56,4360.14
2026.08.13 23:45,4360.24,4363.94,4356.50,4356.65
2026.08.14 00:00,4356.52,4361.93,4350.42,4352.12
2026.08.14 00:15,4352.05,4352.07,4339.41,4339.41
2026.08.14 00:30,4339.34,4346.86,4334.40,4339.68
2026.08.14 00:45,4339.63,4342.65,4329.53,4340.90
2026.08.14 01:00,4340.88,4341.35,4322.17,4323.91
2026.08.14 01:15,4324.09,4325.90,4315.00,4319.45
2026.08.14 01:30,4319.46,4321.39,4313.27,4319.37
2026.08.14 01:45,4319.47,4323.16,4312.26,4318.03
2026.08.14 02:00,4318.36,4322.67,4310.87,4312.30
2026.08.14 02:15,4312.34,4318.19,4312.34,4312.84
2026.08.14 02:30,4312.94,4322.52,4311.53,4321.04
2026.08.14 02:45,4321.09,4321.83,4312.66,4315.57
2026.08.14 03:00,4315.65,4323.68,4313.64,4319.98
2026.08.14 03:15,4320.17,4326.11,4319.86,4325.74
2026.08.14 03:30,4325.69,4327.97,4325.13,4325.60
2026.08.14 03:45,4325.70,4326.67,4323.46,4323.47
2026.08.14 04:00,4323.54,4327.21,4322.65,4326.06
2026.08.14 04:15,4325.91,4327.67,4324.98,4325.03
2026.08.14 04:30,4325.02,4326.33,4323.38,4325.18
2026.08.14 04:45,4325.02,4326.79,4323.80,4326.79
2026.08.14 05:00,4326.88,4326.88,4319.52,4320.13
2026.08.14 05:15,4320.13,4320.24,4317.05,4318.30
2026.08.14 05:30,4317.71,4324.79,4310.96,4317.66
2026.08.14 05:45,4317.65,4333.47,4317.44,4333.47
2026.08.14 06:00,4333.44,4336.51,4329.67,4332.52
2026.08.14 06:15,4332.51,4333.59,4328.34,4329.27
2026.08.14 06:30,4329.11,4332.93,4327.86,4332.93
2026.08.14 06:45,4332.93,4335.77,4332.62,4335.69
2026.08.14 07:00,4335.59,4337.10,4331.10,4331.11
2026.08.14 07:15,4331.10,4336.32,4329.60,4331.85
2026.08.14 07:30,4331.86,4340.08,4331.58,4339.63
2026.08.14 07:45,4339.66,4345.13,4339.42,4343.59
2026.08.14 08:00,4343.67,4347.86,4341.86,4347.66
2026.08.14 08:15,4347.65,4349.06,4343.48,4345.65
2026.08.14 08:30,4345.61,4349.22,4343.46,4343.61
2026.08.14 08:45,4343.59,4349.65,4342.73,4348.56
2026.08.14 09:00,4348.26,4350.85,4346.05,4350.69
2026.08.14 09:15,4350.74,4354.10,4348.69,4351.69
2026.08.14 09:30,4351.69,4354.42,4350.05,4353.39
2026.08.14 09:45,4353.44,4357.36,4352.53,4357.02
2026.08.14 10:00,4357.05,4358.58,4353.77,4354.33
2026.08.14 10:15,4354.40,4355.13,4350.26,4351.25
2026.08.14 10:30,4351.25,4351.86,4348.20,4351.84
2026.08.14 10:45,4351.84,4353.43,4348.42,4349.28
2026.08.14 11:00,4349.28,4351.55,4348.46,4350.57
2026.08.14 11:15,4350.55,4356.94,4350.55,4356.67
2026.08.14 11:30,4356.69,4363.39,4356.41,4362.32
2026.08.14 11:45,4362.32,4369.27,4360.92,4369.14
2026.08.14 12:00,4369.13,4376.58,4365.83,4371.64
2026.08.14 12:15,4371.66,4380.57,4369.55,4380.08
2026.08.14 12:30,4380.06,4386.75,4372.12,4372.53
2026.08.14 12:45,4372.69,4377.74,4370.86,4373.59
2026.08.14 13:00,4373.57,4380.92,4370.20,4375.03
2026.08.14 13:15,4375.13,4386.38,4375.13,4384.34
2026.08.14 13:30,4384.64,4396.90,4383.56,4393.59
2026.08.14 13:45,4393.80,4394.61,4382.82,4384.07
2026.08.14 14:00,4384.41,4392.95,4384.27,4390.45
2026.08.14 14:15,4390.45,4394.51,4385.16,4390.64
2026.08.14 14:30,4390.77,4391.44,4381.44,4384.24
2026.08.14 14:45,4384.26,4384.36,4378.71,4381.29
2026.08.14 15:00,4381.34,4393.98,4381.05,4392.07
2026.08.14 15:15,4392.07,4393.61,4379.02,4384.64
2026.08.14 15:30,4384.80,4389.93,4383.86,4389.46
2026.08.14 15:45,4389.46,4394.61,4389.30,4391.52
2026.08.14 16:00,4391.47,4396.55,4388.73,4389.65
2026.08.14 16:15,4389.59,4392.90,4386.88,4387.45
2026.08.14 16:30,4387.46,4388.91,4380.20,4385.68
2026.08.14 16:45,4385.68,4387.30,4384.78,4385.82
2026.08.14 17:00,4385.91,4386.31,4380.27,4382.20
2026.08.14 17:15,4382.22,4384.60,4379.20,4379.37
2026.08.14 17:30,4379.44,4382.63,4376.92,4377.64
2026.08.14 17:45,4377.60,4378.97,4376.18,4378.32
2026.08.14 18:00,4378.34,4381.60,4376.38,4377.09
2026.08.14 18:15,4377.22,4380.29,4376.96,4379.26
2026.08.14 18:30,4379.26,4382.62,4376.28,4376.33
2026.08.14 18:45,4376.34,4376.77,4370.74,4373.38
2026.08.14 19:00,4373.11,4377.06,4372.20,4375.86
2026.08.14 19:15,4375.59,4377.82,4374.57,4377.21
2026.08.14 19:30,4377.25,4378.07,4375.50,4375.50
2026.08.14 19:45,4375.50,4379.79,4373.41,4376.04
2026.08.14 20:00,4374.52,4375.17,4371.43,4372.62
2026.08.14 20:15,4372.62,4374.77,4372.41,4374.57
2026.08.14 20:30,4374.51,4376.76,4373.54,4375.53
2026.08.14 20:45,4375.48,4376.66,4374.84,4376.55
