time,open,high,low,close
2017.09.22 00:00,1291.98,1298.14,1291.30,1296.39
2017.09.22 04:00,1296.39,1298.73,1295.90,1296.68
2017.09.22 08:00,1296.68,1297.70,1294.68,1295.42
2017.09.22 12:00,1295.44,1298.51,1293.46,1296.05
2017.09.22 16:00,1295.96,1297.16,1294.11,1296.95
2017.09.22 20:00,1297.03,1297.29,1295.61,1296.93
2017.09.24 20:00,1293.50,1293.96,1289.81,1292.09
2017.09.25 00:00,1292.05,1294.14,1291.44,1293.50
2017.09.25 04:00,1293.50,1294.73,1290.89,1291.86
2017.09.25 08:00,1291.96,1296.49,1291.60,1293.80
2017.09.25 12:00,1293.80,1306.89,1290.78,1304.95
2017.09.25 16:00,1305.05,1311.51,1304.28,1310.35
2017.09.25 20:00,1310.35,1311.90,1308.00,1308.39
2017.09.26 00:00,1308.39,1313.70,1308.05,1313.14
2017.09.26 04:00,1313.15,1313.39,1305.06,1305.19
2017.09.26 08:00,1305.19,1307.29,1300.49,1302.13
2017.09.26 12:00,1302.16,1302.93,1298.56,1300.40
2017.09.26 16:00,1300.40,1301.70,1293.53,1295.76
2017.09.26 20:00,1295.77,1296.12,1292.35,1293.34
2017.09.27 00:00,1293.30,1296.20,1290.73,1294.73
2017.09.27 04:00,1294.74,1295.70,1291.07,1292.74
2017.09.27 08:00,1292.74,1293.26,1286.56,1289.60
2017.09.27 12:00,1289.60,1289.99,1282.57,1285.51
2017.09.27 16:00,1285.49,1289.14,1283.32,1283.86
2017.09.27 20:00,1283.86,1284.18,1281.50,1283.57
2017.09.28 00:00,1283.57,1284.96,1280.78,1281.19
2017.09.28 04:00,1281.18,1282.80,1277.76,1281.47
2017.09.28 08:00,1281.57,1285.76,1280.76,1284.99
2017.09.28 12:00,1284.98,1286.29,1282.04,1284.19
2017.09.28 16:00,1284.17,1288.80,1284.10,1286.22
2017.09.28 20:00,1286.18,1287.74,1286.13,1287.00
2017.09.29 00:00,1286.99,1287.89,1283.90,1284.95
2017.09.29 04:00,1284.94,1289.32,1283.63,1288.23
2017.09.29 08:00,1288.21,1289.93,1286.65,1287.43
2017.09.29 12:00,1287.44,1290.34,1281.74,1284.04
2017.09.29 16:00,1284.04,1284.61,1279.65,1280.18
2017.09.29 20:00,1280.18,1280.81,1276.18,1279.45
2017.10.01 20:00,1278.17,1278.74,1277.35,1277.97
2017.10.02 00:00,1277.96,1277.96,1274.16,1275.06
2017.10.02 04:00,1275.06,1275.68,1271.22,1272.39
2017.10.02 08:00,1272.39,1274.88,1271.98,1272.62
2017.10.02 12:00,1272.63,1277.26,1272.16,1274.96
2017.10.02 16:00,1274.92,1275.87,1271.18,1271.28
2017.10.02 20:00,1271.27,1272.24,1269.69,1271.15
2017.10.03 00:00,1271.14,1273.08,1268.34,1269.64
2017.10.03 04:00,1269.64,1272.43,1268.64,1269.94
2017.10.03 08:00,1269.94,1271.76,1269.61,1270.46
2017.10.03 12:00,1270.46,1274.73,1269.31,1273.76
2017.10.03 16:00,1273.76,1274.54,1271.06,1271.95
2017.10.03 20:00,1271.95,1272.57,1270.64,1272.47
2017.10.04 00:00,1272.46,1276.17,1272.46,1275.37
2017.10.04 04:00,1275.37,1278.53,1275.24,1275.98
2017.10.04 08:00,1275.98,1281.63,1274.96,1281.03
2017.10.04 12:00,1281.03,1282.22,1270.64,1273.53
2017.10.04 16:00,1273.52,1276.30,1271.87,1275.30
2017.10.04 20:00,1275.30,1275.62,1273.70,1274.02
2017.10.05 00:00,1274.03,1275.24,1273.07,1274.49
2017.10.05 04:00,1274.49,1276.25,1273.34,1275.36
2017.10.05 08:00,1275.36,1279.01,1275.30,1276.73
2017.10.05 12:00,1276.72,1278.94,1272.51,1272.83
2017.10.05 16:00,1272.82,1273.78,1267.48,1268.54
2017.10.05 20:00,1268.52,1269.29,1266.64,1269.11
2017.10.06 00:00,1269.11,1269.69,1267.80,1268.36
2017.10.06 04:00,1268.36,1269.20,1267.14,1268.47
2017.10.06 08:00,1268.47,1270.23,1267.94,1268.64
2017.10.06 12:00,1268.63,1275.71,1260.67,1274.48
2017.10.06 16:00,1274.48,1275.22,1272.09,1274.67
2017.10.06 20:00,1274.67,1276.55,1274.67,1276.20
2017.10.08 20:00,1276.61,1277.44,1276.51,1276.65
2017.10.09 00:00,1276.65,1284.97,1275.33,1282.34
2017.10.09 04:00,1282.36,1285.50,1279.68,1279.99
2017.10.09 08:00,1279.98,1284.18,1279.84,1282.95
2017.10.09 12:00,1283.03,1283.30,1279.47,1280.95
2017.10.09 16:00,1280.96,1285.20,1280.33,1284.79
2017.10.09 20:00,1284.83,1284.85,1283.13,1283.22
2017.10.10 00:00,1283.22,1288.20,1282.17,1286.67
2017.10.10 04:00,1286.68,1288.73,1285.65,1287.00
2017.10.10 08:00,1286.98,1292.53,1286.98,1292.15
2017.10.10 12:00,1292.19,1294.23,1288.28,1291.38
2017.10.10 16:00,1291.38,1292.02,1288.13,1288.43
2017.10.10 20:00,1288.39,1289.97,1286.36,1289.66
2017.10.11 00:00,1289.64,1291.66,1286.70,1287.48
2017.10.11 04:00,1287.48,1290.06,1287.15,1289.28
2017.10.11 08:00,1289.28,1290.91,1288.57,1290.31
2017.10.11 12:00,1290.32,1291.27,1286.89,1288.17
2017.10.11 16:00,1288.18,1293.51,1284.57,1292.65
2017.10.11 20:00,1292.73,1293.29,1290.98,1292.45
2017.10.12 00:00,1292.45,1295.49,1291.90,1294.97
2017.10.12 04:00,1294.98,1297.49,1294.50,1296.86
2017.10.12 08:00,1296.88,1297.08,1293.78,1295.06
2017.10.12 12:00,1295.07,1295.86,1289.73,1292.35
2017.10.12 16:00,1292.30,1295.21,1292.17,1293.55
2017.10.12 20:00,1293.54,1294.43,1292.76,1294.00
2017.10.13 00:00,1294.01,1296.77,1293.51,1296.09
2017.10.13 04:00,1296.11,1298.48,1295.45,1295.78
2017.10.13 08:00,1295.83,1296.33,1291.82,1292.52
2017.10.13 12:00,1292.51,1302.68,1291.06,1300.10
2017.10.13 16:00,1300.17,1303.81,1300.07,1303.73
2017.10.13 20:00,1303.76,1303.77,1302.65,1303.46
2017.10.15 20:00,1301.94,1304.29,1301.90,1304.22
2017.10.16 00:00,1304.27,1304.53,1301.11,1302.44
2017.10.16 04:00,1302.44,1305.90,1301.93,1305.31
2017.10.16 08:00,1305.30,1306.07,1303.70,1305.94
2017.10.16 12:00,1305.96,1306.04,1302.77,1303.60
2017.10.16 16:00,1303.62,1303.97,1290.57,1294.67
2017.10.16 20:00,1294.67,1295.88,1294.11,1295.07
2017.10.17 00:00,1295.07,1295.27,1292.46,1293.14
2017.10.17 04:00,1293.15,1293.18,1288.01,1290.41
2017.10.17 08:00,1290.41,1290.61,1287.51,1289.38
2017.10.17 12:00,1289.37,1289.47,1281.57,1284.31
2017.10.17 16:00,1284.30,1287.51,1284.03,1285.68
2017.10.17 20:00,1285.68,1286.58,1284.73,1286.01
2017.10.18 00:00,1286.03,1288.91,1285.74,1286.85
2017.10.18 04:00,1286.86,1286.96,1282.40,1283.09
2017.10.18 08:00,1283.08,1283.77,1278.88,1279.08
2017.10.18 12:00,1279.07,1283.53,1277.01,1281.09
2017.10.18 16:00,1281.06,1282.49,1280.41,1280.81
2017.10.18 20:00,1280.81,1281.12,1280.15,1280.37
2017.10.19 00:00,1280.37,1281.99,1276.74,1278.70
2017.10.19 04:00,1278.69,1285.65,1276.76,1285.16
2017.10.19 08:00,1285.16,1287.85,1282.60,1286.76
2017.10.19 12:00,1286.76,1290.07,1284.23,1287.68
2017.10.19 16:00,1287.69,1289.47,1285.56,1288.33
2017.10.19 20:00,1288.37,1291.10,1287.40,1290.11
2017.10.20 00:00,1290.11,1290.64,1282.72,1284.56
2017.10.20 04:00,1284.56,1285.29,1280.14,1281.09
2017.10.20 08:00,1281.11,1284.71,1279.25,1283.55
2017.10.20 12:00,1283.58,1284.42,1278.41,1279.57
2017.10.20 16:00,1279.56,1281.94,1278.00,1280.11
2017.10.20 20:00,1280.17,1281.48,1279.77,1280.09
2017.10.22 20:00,1277.76,1278.16,1274.31,1275.02
2017.10.23 00:00,1275.07,1277.71,1274.32,1276.45
2017.10.23 04:00,1276.45,1277.17,1274.06,1275.45
2017.10.23 08:00,1275.49,1276.74,1274.59,1275.36
2017.10.23 12:00,1275.37,1280.82,1272.61,1278.87
2017.10.23 16:00,1278.87,1283.30,1278.71,1282.41
2017.10.23 20:00,1282.36,1282.90,1281.54,1282.68
2017.10.24 00:00,1282.67,1283.68,1280.33,1282.60
2017.10.24 04:00,1282.60,1283.20,1278.85,1279.30
2017.10.24 08:00,1279.39,1280.02,1276.29,1276.70
2017.10.24 12:00,1276.68,1278.43,1273.76,1276.06
2017.10.24 16:00,1276.07,1281.35,1275.52,1277.34
2017.10.24 20:00,1277.35,1277.75,1275.50,1275.78
2017.10.25 00:00,1275.74,1276.65,1271.68,1273.04
2017.10.25 04:00,1273.05,1274.51,1272.24,1272.93
2017.10.25 08:00,1272.99,1274.12,1271.31,1273.84
2017.10.25 12:00,1273.83,1279.32,1271.04,1276.21
2017.10.25 16:00,1276.22,1279.98,1275.70,1277.56
2017.10.25 20:00,1277.57,1279.58,1277.04,1279.33
2017.10.26 00:00,1279.30,1281.11,1278.44,1279.76
2017.10.26 04:00,1279.78,1282.45,1276.67,1277.04
2017.10.26 08:00,1277.13,1279.25,1275.39,1275.73
2017.10.26 12:00,1275.76,1280.02,1271.89,1273.70
2017.10.26 16:00,1273.71,1273.89,1265.81,1266.94
2017.10.26 20:00,1267.01,1267.95,1266.10,1267.24
2017.10.27 00:00,1267.17,1268.64,1265.45,1268.11
2017.10.27 04:00,1268.07,1268.19,1264.80,1267.37
2017.10.27 08:00,1267.39,1269.06,1265.84,1266.52
2017.10.27 12:00,1266.51,1272.77,1263.78,1270.90
2017.10.27 16:00,1270.89,1273.82,1269.83,1272.86
2017.10.27 20:00,1272.94,1274.09,1272.94,1273.73
2017.10.29 20:00,1272.64,1273.96,1272.05,1272.44
2017.10.30 00:00,1272.44,1272.90,1270.80,1271.44
2017.10.30 04:00,1271.42,1271.85,1269.00,1269.77
2017.10.30 08:00,1269.76,1272.53,1269.26,1270.76
2017.10.30 12:00,1270.76,1275.25,1269.78,1274.42
2017.10.30 16:00,1274.42,1278.84,1274.33,1275.60
2017.10.30 20:00,1275.67,1277.51,1275.50,1277.18
2017.10.31 00:00,1277.18,1277.50,1274.97,1275.69
2017.10.31 04:00,1275.70,1278.17,1275.05,1276.98
2017.10.31 08:00,1276.97,1277.60,1272.30,1273.72
2017.10.31 12:00,1273.71,1274.48,1267.74,1269.80
2017.10.31 16:00,1269.80,1272.12,1268.49,1270.73
2017.10.31 20:00,1270.72,1271.34,1269.78,1269.98
2017.11.01 00:00,1269.98,1270.36,1268.01,1270.21
2017.11.01 04:00,1270.13,1277.11,1269.51,1275.69
2017.11.01 08:00,1275.67,1280.89,1274.91,1276.68
2017.11.01 12:00,1276.70,1279.88,1272.39,1276.69
2017.11.01 16:00,1276.72,1279.04,1273.48,1275.36
2017.11.01 20:00,1275.33,1277.11,1273.64,1275.42
2017.11.02 00:00,1275.41,1281.42,1275.21,1280.16
2017.11.02 04:00,1280.16,1280.59,1276.21,1277.20
2017.11.02 08:00,1277.21,1277.28,1273.39,1274.79
2017.11.02 12:00,1274.78,1284.15,1273.63,1278.78
2017.11.02 16:00,1278.80,1279.08,1274.97,1276.26
2017.11.02 20:00,1276.24,1277.80,1275.59,1277.71
2017.11.03 00:00,1277.71,1278.76,1276.26,1276.73
2017.11.03 04:00,1276.74,1277.79,1274.57,1274.98
2017.11.03 08:00,1274.96,1276.06,1273.58,1274.47
2017.11.03 12:00,1274.46,1279.33,1265.57,1268.66
2017.11.03 16:00,1268.67,1270.32,1267.34,1270.11
2017.11.03 20:00,1270.10,1270.68,1269.47,1269.70
2017.11.05 20:00,1269.26,1270.85,1268.98,1270.56
2017.11.06 00:00,1270.56,1270.67,1266.13,1269.55
2017.11.06 04:00,1269.54,1270.72,1267.64,1269.08
2017.11.06 08:00,1269.08,1272.46,1269.08,1272.27
2017.11.06 12:00,1272.31,1274.34,1270.49,1273.02
2017.11.06 16:00,1273.02,1282.96,1272.82,1280.72
2017.11.06 20:00,1280.72,1281.88,1277.58,1280.06
2017.11.07 00:00,1280.07,1280.77,1278.55,1279.67
2017.11.07 04:00,1279.67,1279.96,1278.07,1278.93
2017.11.07 08:00,1278.93,1279.50,1275.28,1276.18
2017.11.07 12:00,1276.15,1280.09,1271.96,1275.89
2017.11.07 16:00,1275.86,1276.63,1273.41,1276.43
2017.11.07 20:00,1276.44,1278.27,1271.79,1277.67
2017.11.08 00:00,1277.67,1278.01,1276.27,1277.65
2017.11.08 04:00,1277.64,1279.21,1275.98,1277.69
2017.11.08 08:00,1277.67,1282.40,1277.60,1279.55
2017.11.08 12:00,1279.57,1285.77,1278.70,1283.67
2017.11.08 16:00,1283.71,1287.24,1281.89,1282.19
2017.11.08 20:00,1282.20,1282.74,1277.72,1281.92
2017.11.09 00:00,1281.92,1282.25,1279.96,1281.30
2017.11.09 04:00,1281.33,1285.21,1281.19,1284.38
2017.11.09 08:00,1284.38,1288.23,1282.94,1287.06
2017.11.09 12:00,1287.05,1288.15,1282.01,1282.32
2017.11.09 16:00,1282.32,1287.95,1282.32,1287.87
2017.11.09 20:00,1287.83,1288.50,1282.00,1286.07
2017.11.10 00:00,1286.07,1287.09,1285.20,1285.83
2017.11.10 04:00,1285.82,1286.13,1283.40,1283.81
2017.11.10 08:00,1283.77,1285.26,1282.63,1283.88
2017.11.10 12:00,1283.89,1285.87,1283.55,1283.70
2017.11.10 16:00,1283.73,1284.33,1273.48,1275.28
2017.11.10 20:00,1275.26,1276.26,1275.00,1275.89
2017.11.12 20:00,1274.98,1275.67,1273.91,1275.26
2017.11.13 00:00,1275.25,1276.60,1274.87,1275.85
2017.11.13 04:00,1275.82,1277.72,1275.47,1276.55
2017.11.13 08:00,1276.64,1279.51,1276.04,1278.80
2017.11.13 12:00,1278.80,1279.35,1276.19,1278.87
2017.11.13 16:00,1278.83,1279.82,1277.84,1278.96
2017.11.13 20:00,1278.93,1278.95,1273.85,1277.87
2017.11.14 00:00,1277.87,1278.14,1275.55,1276.37
2017.11.14 04:00,1276.32,1277.28,1276.11,1276.26
2017.11.14 08:00,1276.27,1276.29,1270.02,1273.08
2017.11.14 12:00,1272.98,1282.36,1271.05,1278.60
2017.11.14 16:00,1278.60,1283.61,1278.19,1281.32
2017.11.14 20:00,1281.32,1281.80,1274.54,1280.94
2017.11.15 00:00,1280.95,1283.32,1280.28,1281.69
2017.11.15 04:00,1281.66,1283.30,1280.47,1282.83
2017.11.15 08:00,1282.79,1286.24,1282.51,1285.48
2017.11.15 12:00,1285.52,1289.22,1277.82,1278.46
2017.11.15 16:00,1278.45,1278.94,1276.82,1277.97
2017.11.15 20:00,1277.96,1279.65,1274.38,1279.43
2017.11.16 00:00,1279.47,1279.58,1277.59,1278.46
2017.11.16 04:00,1278.47,1278.55,1275.16,1275.98
2017.11.16 08:00,1276.03,1279.32,1276.03,1278.24
2017.11.16 12:00,1278.22,1281.69,1276.46,1280.05
2017.11.16 16:00,1280.07,1281.19,1277.32,1278.46
2017.11.16 20:00,1278.46,1279.35,1275.03,1279.31
2017.11.17 00:00,1279.28,1284.05,1278.93,1283.17
2017.11.17 04:00,1283.17,1283.64,1281.12,1282.04
2017.11.17 08:00,1282.04,1284.28,1281.39,1283.05
2017.11.17 12:00,1283.06,1287.45,1281.63,1287.14
2017.11.17 16:00,1287.11,1296.94,1287.11,1293.89
2017.11.17 20:00,1293.88,1295.40,1293.81,1294.16
2017.11.19 20:00,1293.54,1294.81,1291.84,1293.58
2017.11.20 00:00,1293.59,1294.17,1291.15,1291.63
2017.11.20 04:00,1291.64,1292.39,1290.08,1291.02
2017.11.20 08:00,1291.02,1292.57,1290.23,1290.72
2017.11.20 12:00,1290.76,1293.59,1284.44,1285.28
2017.11.20 16:00,1285.29,1286.08,1274.75,1276.39
2017.11.20 20:00,1276.41,1279.37,1272.90,1279.35
2017.11.21 00:00,1279.37,1280.45,1278.63,1280.17
2017.11.21 04:00,1280.16,1281.17,1279.41,1280.01
2017.11.21 08:00,1280.03,1281.44,1277.82,1277.90
2017.11.21 12:00,1277.90,1284.75,1276.29,1281.59
2017.11.21 16:00,1281.58,1283.71,1279.88,1280.79
2017.11.21 20:00,1280.79,1282.04,1279.46,1281.99
2017.11.22 00:00,1282.03,1282.43,1279.11,1279.88
2017.11.22 04:00,1279.88,1284.52,1279.78,1283.42
2017.11.22 08:00,1283.41,1286.12,1282.23,1283.72
2017.11.22 12:00,1283.70,1290.12,1283.18,1288.59
2017.11.22 16:00,1288.57,1294.67,1288.57,1294.16
2017.11.22 20:00,1294.18,1294.36,1290.50,1290.92
2017.11.23 00:00,1290.93,1291.58,1289.58,1289.77
2017.11.23 04:00,1289.77,1290.73,1288.66,1289.39
2017.11.23 08:00,1289.42,1293.58,1287.36,1291.75
2017.11.23 12:00,1291.74,1292.82,1289.25,1291.28
2017.11.23 16:00,1291.30,1291.54,1290.73,1291.09
2017.11.23 20:00,1291.07,1291.57,1290.60,1291.33
2017.11.24 00:00,1291.38,1293.28,1289.68,1291.79
2017.11.24 04:00,1291.80,1292.40,1289.63,1291.21
2017.11.24 08:00,1291.19,1291.71,1286.01,1287.27
2017.11.24 12:00,1287.27,1291.34,1287.23,1288.77
2017.11.24 16:00,1288.75,1289.21,1287.71,1288.46
2017.11.26 20:00,1288.34,1288.39,1287.30,1287.41
2017.11.27 00:00,1287.43,1290.24,1286.78,1289.85
2017.11.27 04:00,1289.89,1291.39,1289.63,1290.84
2017.11.27 08:00,1290.85,1295.53,1290.70,1294.33
2017.11.27 12:00,1294.33,1299.24,1292.30,1295.17
2017.11.27 16:00,1295.19,1297.62,1294.08,1295.14
2017.11.27 20:00,1295.19,1295.23,1293.66,1294.49
2017.11.28 00:00,1294.52,1296.79,1293.31,1294.22
2017.11.28 04:00,1294.21,1294.86,1292.68,1292.99
2017.11.28 08:00,1292.99,1295.15,1292.46,1294.55
2017.11.28 12:00,1294.55,1297.24,1290.74,1295.00
2017.11.28 16:00,1295.00,1297.01,1291.70,1292.20
2017.11.28 20:00,1292.19,1294.14,1288.99,1294.00
2017.11.29 00:00,1294.00,1296.07,1292.96,1295.57
2017.11.29 04:00,1295.57,1296.68,1294.97,1295.85
2017.11.29 08:00,1295.86,1296.55,1293.66,1294.61
2017.11.29 12:00,1294.66,1295.08,1283.23,1285.43
2017.11.29 16:00,1285.44,1286.24,1282.06,1284.62
2017.11.29 20:00,1284.63,1285.26,1281.68,1284.14
2017.11.30 00:00,1284.14,1285.31,1283.06,1284.28
2017.11.30 04:00,1284.27,1284.50,1281.88,1282.54
2017.11.30 08:00,1282.61,1283.27,1279.71,1281.22
2017.11.30 12:00,1281.24,1282.08,1276.34,1279.36
2017.11.30 16:00,1279.38,1279.57,1270.40,1274.79
2017.11.30 20:00,1274.77,1276.00,1273.48,1274.97
2017.12.01 00:00,1274.98,1276.80,1273.98,1275.47
2017.12.01 04:00,1275.44,1276.34,1274.24,1275.30
2017.12.01 08:00,1275.28,1278.22,1275.04,1276.27
2017.12.01 12:00,1276.29,1276.62,1271.68,1274.38
2017.12.01 16:00,1274.39,1289.33,1274.26,1282.36
2017.12.01 20:00,1282.36,1282.72,1279.69,1280.39
2017.12.03 20:00,1274.31,1275.48,1272.51,1273.92
2017.12.04 00:00,1273.92,1275.91,1273.88,1274.50
2017.12.04 04:00,1274.50,1275.03,1272.60,1273.90
2017.12.04 08:00,1273.91,1275.52,1271.18,1273.63
2017.12.04 12:00,1273.63,1277.16,1272.33,1275.31
2017.12.04 16:00,1275.32,1276.35,1273.13,1275.34
2017.12.04 20:00,1275.31,1277.06,1273.10,1276.63
2017.12.05 00:00,1276.54,1277.03,1274.81,1275.39
2017.12.05 04:00,1275.40,1276.43,1274.33,1275.64
2017.12.05 08:00,1275.62,1276.83,1274.65,1275.88
2017.12.05 12:00,1275.83,1275.86,1263.71,1264.06
2017.12.05 16:00,1264.04,1266.26,1261.03,1265.82
2017.12.05 20:00,1265.81,1267.47,1264.27,1266.24
2017.12.06 00:00,1266.24,1266.80,1264.22,1266.40
2017.12.06 04:00,1266.41,1269.04,1265.90,1268.18
2017.12.06 08:00,1268.16,1269.28,1267.06,1267.64
2017.12.06 12:00,1267.62,1268.38,1263.07,1263.54
2017.12.06 16:00,1263.49,1265.39,1262.62,1263.77
2017.12.06 20:00,1263.78,1265.02,1261.95,1264.14
2017.12.07 00:00,1264.05,1264.11,1262.02,1263.64
2017.12.07 04:00,1263.63,1263.76,1256.22,1258.94
2017.12.07 08:00,1258.85,1258.85,1254.79,1255.85
2017.12.07 12:00,1255.83,1256.45,1252.40,1252.71
2017.12.07 16:00,1252.70,1254.47,1245.84,1246.09
2017.12.07 20:00,1246.04,1248.17,1243.99,1247.11
2017.12.08 00:00,1247.10,1249.50,1247.06,1249.25
2017.12.08 04:00,1249.25,1249.70,1248.32,1249.37
2017.12.08 08:00,1249.37,1249.38,1245.34,1246.66
2017.12.08 12:00,1246.65,1252.37,1244.03,1247.74
2017.12.08 16:00,1247.76,1248.82,1246.33,1248.52
2017.12.08 20:00,1248.53,1249.11,1247.71,1248.18
2017.12.10 20:00,1248.29,1249.18,1247.46,1248.57
2017.12.11 00:00,1248.57,1249.09,1246.96,1248.62
2017.12.11 04:00,1248.62,1251.20,1248.12,1249.78
2017.12.11 08:00,1249.78,1251.56,1248.86,1250.29
2017.12.11 12:00,1250.26,1251.46,1246.38,1247.51
2017.12.11 16:00,1247.52,1247.83,1240.90,1241.53
2017.12.11 20:00,1241.53,1243.00,1240.85,1242.85
2017.12.12 00:00,1242.85,1244.81,1242.62,1244.28
2017.12.12 04:00,1244.25,1246.24,1243.73,1243.85
2017.12.12 08:00,1243.84,1244.67,1243.03,1243.15
2017.12.12 12:00,1243.17,1243.74,1236.52,1237.21
2017.12.12 16:00,1237.23,1243.75,1236.71,1243.06
2017.12.12 20:00,1243.16,1247.90,1242.49,1243.43
2017.12.13 00:00,1243.43,1245.27,1242.48,1244.07
2017.12.13 04:00,1244.06,1244.53,1241.82,1241.84
2017.12.13 08:00,1241.84,1242.58,1240.64,1241.07
2017.12.13 12:00,1241.06,1247.40,1240.31,1246.40
2017.12.13 16:00,1246.41,1256.87,1244.39,1256.87
2017.12.13 20:00,1256.84,1257.02,1252.59,1254.06
2017.12.14 00:00,1254.02,1259.10,1253.40,1257.54
2017.12.14 04:00,1257.54,1258.77,1255.52,1255.96
2017.12.14 08:00,1255.98,1257.06,1253.70,1256.80
2017.12.14 12:00,1256.78,1258.52,1250.56,1253.74
2017.12.14 16:00,1253.74,1256.61,1251.80,1255.16
2017.12.14 20:00,1255.15,1255.23,1251.27,1253.57
2017.12.15 00:00,1253.55,1255.88,1253.14,1254.54
2017.12.15 04:00,1254.55,1256.97,1254.06,1256.79
2017.12.15 08:00,1256.79,1258.69,1256.15,1257.79
2017.12.15 12:00,1257.80,1261.87,1253.60,1254.39
2017.12.15 16:00,1254.42,1256.32,1253.43,1256.18
2017.12.15 20:00,1256.20,1256.79,1255.36,1255.78
2017.12.17 20:00,1253.70,1255.24,1253.68,1253.88
2017.12.18 00:00,1253.88,1255.52,1252.78,1254.79
2017.12.18 04:00,1254.79,1257.61,1254.75,1257.23
2017.12.18 08:00,1257.22,1259.59,1256.52,1259.29
2017.12.18 12:00,1259.29,1263.72,1256.81,1263.66
2017.12.18 16:00,1263.67,1263.99,1260.68,1261.36
2017.12.18 20:00,1261.37,1262.17,1260.17,1261.45
2017.12.19 00:00,1261.47,1262.33,1260.27,1261.89
2017.12.19 04:00,1261.89,1264.66,1261.86,1264.13
2017.12.19 08:00,1264.12,1265.00,1262.61,1263.67
2017.12.19 12:00,1263.67,1265.28,1260.31,1261.20
2017.12.19 16:00,1261.15,1261.85,1259.27,1261.70
2017.12.19 20:00,1261.68,1262.70,1259.72,1261.74
2017.12.20 00:00,1261.74,1264.92,1261.41,1264.09
2017.12.20 04:00,1264.08,1264.34,1262.68,1263.54
2017.12.20 08:00,1263.53,1266.43,1263.33,1265.26
2017.12.20 12:00,1265.24,1266.41,1262.16,1264.63
2017.12.20 16:00,1264.65,1267.88,1263.90,1265.92
2017.12.20 20:00,1265.92,1266.74,1263.08,1266.48
2017.12.21 00:00,1266.46,1268.33,1266.14,1267.51
2017.12.21 04:00,1267.51,1267.82,1264.90,1265.42
2017.12.21 08:00,1265.42,1266.04,1264.33,1265.07
2017.12.21 12:00,1265.07,1266.60,1262.91,1265.43
2017.12.21 16:00,1265.43,1267.85,1265.35,1266.84
2017.12.21 20:00,1266.84,1268.98,1263.99,1266.98
2017.12.22 00:00,1266.98,1267.19,1265.06,1265.98
2017.12.22 04:00,1265.97,1268.06,1265.87,1267.95
2017.12.22 08:00,1268.04,1269.24,1267.47,1268.45
2017.12.22 12:00,1268.44,1272.99,1267.71,1272.68
2017.12.22 16:00,1272.65,1276.15,1272.60,1274.83
2017.12.22 20:00,1274.84,1275.12,1273.88,1274.09
2017.12.24 20:00,1272.29,1272.29,1272.29,1272.29
2017.12.25 04:00,1272.29,1272.29,1272.29,1272.29
2017.12.25 08:00,1272.29,1272.29,1272.29,1272.29
2017.12.25 20:00,1272.29,1275.04,1272.29,1273.61
2017.12.26 00:00,1273.61,1279.13,1273.46,1278.28
2017.12.26 04:00,1278.28,1279.21,1277.71,1278.58
2017.12.26 08:00,1278.58,1278.59,1277.07,1277.50
2017.12.26 12:00,1277.51,1282.21,1277.39,1281.92
2017.12.26 16:00,1281.92,1283.80,1281.75,1282.70
2017.12.26 20:00,1282.67,1283.39,1281.17,1282.16
2017.12.27 00:00,1282.13,1282.96,1281.67,1281.82
2017.12.27 04:00,1281.82,1285.00,1281.38,1284.94
2017.12.27 08:00,1284.98,1286.38,1284.18,1284.64
2017.12.27 12:00,1284.63,1287.62,1283.07,1286.37
2017.12.27 16:00,1286.38,1288.96,1285.43,1288.73
2017.12.27 20:00,1288.72,1288.79,1285.52,1287.69
2017.12.28 00:00,1287.68,1290.00,1287.20,1289.51
2017.12.28 04:00,1289.52,1292.97,1289.47,1292.58
2017.12.28 08:00,1292.58,1293.29,1291.18,1292.89
2017.12.28 12:00,1292.89,1295.02,1289.25,1293.91
2017.12.28 16:00,1293.91,1295.23,1293.52,1294.78
2017.12.28 20:00,1294.79,1295.00,1290.60,1294.14
2017.12.29 00:00,1294.15,1296.28,1294.01,1295.51
2017.12.29 04:00,1295.53,1296.15,1294.73,1295.23
2017.12.29 08:00,1295.23,1297.61,1295.23,1297.16
2017.12.29 12:00,1297.15,1303.89,1296.38,1302.62
2017.12.29 16:00,1302.60,1307.57,1302.41,1303.17
2017.12.29 20:00,1303.16,1303.90,1302.65,1303.03
2018.01.02 00:00,1306.80,1307.48,1304.22,1306.47
2018.01.02 04:00,1306.47,1310.31,1306.37,1309.43
2018.01.02 08:00,1309.43,1312.89,1308.56,1310.22
2018.01.02 12:00,1310.21,1314.58,1310.16,1312.43
2018.01.02 16:00,1312.44,1316.22,1311.24,1316.01
2018.01.02 20:00,1316.01,1321.46,1315.74,1320.25
2018.01.03 00:00,1320.30,1321.30,1311.92,1314.14
2018.01.03 04:00,1314.13,1315.48,1311.84,1313.71
2018.01.03 08:00,1313.71,1316.30,1313.50,1315.72
2018.01.03 12:00,1315.69,1317.95,1313.43,1316.64
2018.01.03 16:00,1316.64,1317.37,1307.54,1312.98
2018.01.03 20:00,1312.99,1316.71,1310.18,1311.19
2018.01.04 00:00,1311.17,1311.21,1305.94,1307.26
2018.01.04 04:00,1307.26,1311.45,1307.23,1310.69
2018.01.04 08:00,1310.69,1314.37,1310.55,1312.98
2018.01.04 12:00,1312.95,1319.93,1309.32,1319.82
2018.01.04 16:00,1319.77,1324.70,1317.05,1324.39
2018.01.04 20:00,1324.42,1325.99,1318.53,1320.97
2018.01.05 00:00,1320.96,1323.42,1320.68,1321.40
2018.01.05 04:00,1321.41,1321.94,1317.71,1318.30
2018.01.05 08:00,1318.31,1318.70,1316.40,1317.06
2018.01.05 12:00,1317.06,1322.86,1313.90,1319.10
2018.01.05 16:00,1319.11,1322.17,1318.40,1320.67
2018.01.05 20:00,1320.65,1320.78,1318.47,1320.43
2018.01.07 20:00,1320.71,1321.47,1319.25,1319.60
2018.01.08 00:00,1319.60,1322.16,1319.36,1320.37
2018.01.08 04:00,1320.38,1320.61,1315.80,1315.98
2018.01.08 08:00,1316.08,1321.11,1314.82,1320.46
2018.01.08 12:00,1320.46,1320.89,1317.35,1319.82
2018.01.08 16:00,1319.84,1319.84,1315.93,1319.17
2018.01.08 20:00,1319.14,1320.47,1316.00,1318.05
2018.01.09 00:00,1318.06,1319.55,1315.87,1319.04
2018.01.09 04:00,1319.05,1320.23,1316.79,1317.41
2018.01.09 08:00,1317.43,1317.67,1313.31,1315.01
2018.01.09 12:00,1315.00,1315.97,1309.01,1311.92
2018.01.09 16:00,1311.91,1315.78,1310.09,1313.75
2018.01.09 20:00,1313.75,1314.39,1308.20,1310.39
2018.01.10 00:00,1310.39,1312.52,1308.24,1310.60
2018.01.10 04:00,1310.61,1311.73,1309.14,1311.34
2018.01.10 08:00,1311.33,1326.42,1311.32,1323.82
2018.01.10 12:00,1323.87,1325.51,1315.39,1319.31
2018.01.10 16:00,1319.35,1319.60,1315.74,1319.29
2018.01.10 20:00,1319.24,1320.41,1313.22,1317.80
2018.01.11 00:00,1317.80,1320.83,1317.29,1319.16
2018.01.11 04:00,1319.17,1319.54,1315.72,1316.77
2018.01.11 08:00,1316.77,1320.22,1316.58,1319.23
2018.01.11 12:00,1319.22,1323.41,1317.80,1321.08
2018.01.11 16:00,1321.09,1323.99,1320.57,1323.20
2018.01.11 20:00,1323.21,1323.32,1317.95,1322.82
2018.01.12 00:00,1322.82,1327.33,1322.80,1327.32
2018.01.12 04:00,1327.30,1330.37,1326.84,1327.76
2018.01.12 08:00,1327.76,1333.14,1326.64,1331.31
2018.01.12 12:00,1331.32,1333.10,1324.57,1331.33
2018.01.12 16:00,1331.33,1339.39,1330.07,1337.57
2018.01.12 20:00,1337.58,1339.34,1337.28,1338.19
2018.01.14 20:00,1336.55,1338.13,1335.96,1336.96
2018.01.15 00:00,1336.97,1342.09,1336.53,1341.07
2018.01.15 04:00,1341.07,1344.58,1340.19,1343.05
2018.01.15 08:00,1343.04,1343.84,1340.47,1341.63
2018.01.15 12:00,1341.64,1342.51,1339.08,1341.15
2018.01.15 16:00,1341.12,1341.65,1339.95,1339.98
2018.01.15 20:00,1339.95,1342.32,1339.17,1341.55
2018.01.16 00:00,1341.54,1341.99,1338.26,1340.62
2018.01.16 04:00,1340.62,1341.60,1338.20,1339.35
2018.01.16 08:00,1339.35,1339.85,1332.33,1335.08
2018.01.16 12:00,1335.05,1337.19,1332.04,1335.52
2018.01.16 16:00,1335.52,1340.16,1333.42,1338.80
2018.01.16 20:00,1338.79,1341.10,1336.14,1340.76
2018.01.17 00:00,1340.76,1344.00,1336.52,1337.55
2018.01.17 04:00,1337.57,1339.37,1333.12,1334.26
2018.01.17 08:00,1334.27,1338.96,1334.26,1337.17
2018.01.17 12:00,1337.23,1337.25,1333.98,1336.18
2018.01.17 16:00,1336.13,1340.50,1329.65,1329.65
2018.01.17 20:00,1329.70,1330.54,1324.05,1328.57
2018.01.18 00:00,1328.58,1329.64,1324.30,1325.58
2018.01.18 04:00,1325.58,1329.99,1325.23,1327.83
2018.01.18 08:00,1327.85,1331.46,1327.21,1329.42
2018.01.18 12:00,1329.34,1331.99,1327.42,1329.69
2018.01.18 16:00,1329.69,1332.80,1326.25,1328.72
2018.01.18 20:00,1328.70,1329.38,1321.82,1327.97
2018.01.19 00:00,1327.97,1331.91,1326.89,1331.49
2018.01.19 04:00,1331.53,1335.40,1330.70,1334.95
2018.01.19 08:00,1335.03,1337.99,1333.69,1334.45
2018.01.19 12:00,1334.46,1335.95,1332.38,1333.18
2018.01.19 16:00,1333.18,1335.28,1332.88,1334.48
2018.01.19 20:00,1334.54,1334.58,1332.27,1332.59
2018.01.21 20:00,1333.84,1335.70,1331.99,1334.81
2018.01.22 00:00,1334.81,1334.99,1330.41,1331.28
2018.01.22 04:00,1331.27,1332.18,1328.47,1331.41
2018.01.22 08:00,1331.41,1334.62,1330.15,1332.66
2018.01.22 12:00,1332.68,1335.63,1330.97,1334.70
2018.01.22 16:00,1334.67,1334.85,1330.94,1332.95
2018.01.22 20:00,1332.98,1334.93,1330.56,1333.20
2018.01.23 00:00,1333.20,1337.16,1333.16,1335.97
2018.01.23 04:00,1336.05,1338.26,1335.25,1336.72
2018.01.23 08:00,1336.80,1338.83,1335.59,1336.71
2018.01.23 12:00,1336.71,1338.60,1331.38,1338.16
2018.01.23 16:00,1338.15,1340.40,1336.29,1340.40
2018.01.23 20:00,1340.66,1342.25,1339.88,1341.83
2018.01.24 00:00,1341.83,1342.04,1339.52,1341.00
2018.01.24 04:00,1341.01,1343.89,1340.09,1343.24
2018.01.24 08:00,1343.24,1350.90,1343.22,1349.48
2018.01.24 12:00,1349.37,1355.68,1348.76,1353.48
2018.01.24 16:00,1353.67,1361.70,1351.33,1358.05
2018.01.24 20:00,1358.04,1360.11,1355.74,1356.14
2018.01.25 00:00,1356.19,1364.11,1355.95,1363.29
2018.01.25 04:00,1363.21,1366.06,1359.42,1361.13
2018.01.25 08:00,1361.13,1361.13,1356.43,1359.27
2018.01.25 12:00,1359.27,1361.33,1353.48,1357.69
2018.01.25 16:00,1357.61,1364.73,1342.46,1347.74
2018.01.25 20:00,1347.74,1351.37,1344.03,1346.83
2018.01.26 00:00,1346.93,1353.81,1345.89,1351.98
2018.01.26 04:00,1351.97,1356.99,1351.08,1355.71
2018.01.26 08:00,1355.73,1357.05,1350.30,1350.35
2018.01.26 12:00,1350.44,1353.84,1348.83,1352.06
2018.01.26 16:00,1351.99,1354.29,1348.98,1350.49
2018.01.26 20:00,1350.45,1350.80,1348.72,1349.45
2018.01.28 20:00,1349.81,1351.17,1348.93,1351.17
2018.01.29 00:00,1351.09,1352.37,1346.37,1349.08
2018.01.29 04:00,1349.18,1349.28,1346.30,1347.56
2018.01.29 08:00,1347.57,1348.72,1344.33,1346.48
2018.01.29 12:00,1346.43,1347.07,1340.33,1341.41
2018.01.29 16:00,1341.22,1344.66,1337.61,1342.97
2018.01.29 20:00,1342.98,1343.40,1340.55,1341.25
2018.01.30 00:00,1341.16,1341.52,1334.83,1337.42
2018.01.30 04:00,1337.51,1338.50,1334.45,1336.18
2018.01.30 08:00,1336.16,1346.19,1335.33,1345.20
2018.01.30 12:00,1345.19,1348.92,1340.81,1341.42
2018.01.30 16:00,1341.42,1342.40,1335.77,1340.10
2018.01.30 20:00,1340.14,1340.39,1336.26,1338.52
2018.01.31 00:00,1338.52,1342.71,1336.51,1341.27
2018.01.31 04:00,1341.28,1344.88,1340.22,1342.60
2018.01.31 08:00,1342.64,1343.89,1341.23,1342.52
2018.01.31 12:00,1342.54,1345.17,1341.44,1342.41
2018.01.31 16:00,1342.42,1344.41,1332.77,1343.27
2018.01.31 20:00,1343.47,1347.58,1342.73,1345.25
2018.02.01 00:00,1345.27,1347.03,1341.52,1343.96
2018.02.01 04:00,1343.96,1345.19,1338.12,1338.74
2018.02.01 08:00,1338.70,1341.47,1337.26,1337.67
2018.02.01 12:00,1337.66,1344.56,1337.55,1342.20
2018.02.01 16:00,1342.21,1346.73,1340.85,1346.73
2018.02.01 20:00,1346.72,1350.60,1346.59,1348.65
2018.02.02 00:00,1348.65,1350.06,1346.44,1348.47
2018.02.02 04:00,1348.48,1349.29,1346.55,1348.61
2018.02.02 08:00,1348.61,1348.97,1344.10,1344.85
2018.02.02 12:00,1344.80,1346.96,1327.47,1330.35
2018.02.02 16:00,1330.34,1336.59,1327.55,1329.55
2018.02.02 20:00,1329.53,1332.46,1328.37,1330.42
2018.02.04 20:00,1331.98,1333.83,1329.48,1332.54
2018.02.05 00:00,1332.52,1333.60,1329.01,1330.24
2018.02.05 04:00,1330.26,1333.37,1329.85,1332.23
2018.02.05 08:00,1332.19,1338.56,1332.19,1336.62
2018.02.05 12:00,1336.63,1337.72,1332.85,1335.52
2018.02.05 16:00,1335.48,1337.21,1333.30,1334.54
2018.02.05 20:00,1334.52,1341.51,1333.92,1340.44
2018.02.06 00:00,1340.35,1346.10,1335.91,1343.73
2018.02.06 04:00,1343.78,1345.47,1341.70,1343.18
2018.02.06 08:00,1343.18,1344.69,1339.14,1342.66
2018.02.06 12:00,1342.65,1342.87,1326.42,1328.32
2018.02.06 16:00,1328.22,1332.60,1325.86,1326.48
2018.02.06 20:00,1326.52,1327.21,1320.22,1325.38
2018.02.07 00:00,1325.35,1330.77,1324.34,1329.15
2018.02.07 04:00,1329.11,1332.27,1328.33,1329.89
2018.02.07 08:00,1329.89,1330.92,1327.06,1328.38
2018.02.07 12:00,1328.38,1328.38,1319.68,1320.84
2018.02.07 16:00,1320.94,1323.40,1311.47,1314.54
2018.02.07 20:00,1314.59,1319.13,1313.49,1319.08
2018.02.08 00:00,1319.14,1319.23,1312.68,1313.14
2018.02.08 04:00,1313.09,1313.63,1309.71,1312.38
2018.02.08 08:00,1312.39,1313.24,1309.17,1310.81
2018.02.08 12:00,1310.85,1316.87,1307.06,1314.34
2018.02.08 16:00,1314.44,1322.08,1314.10,1317.57
2018.02.08 20:00,1317.62,1322.66,1316.97,1322.09
2018.02.09 00:00,1322.04,1322.04,1316.05,1317.27
2018.02.09 04:00,1317.27,1320.55,1316.92,1317.59
2018.02.09 08:00,1317.59,1317.60,1313.59,1314.63
2018.02.09 12:00,1314.58,1318.09,1311.10,1315.54
2018.02.09 16:00,1315.51,1319.10,1312.03,1314.41
2018.02.09 20:00,1314.36,1315.75,1312.92,1314.53
2018.02.11 20:00,1314.81,1316.95,1314.12,1316.28
2018.02.12 00:00,1316.29,1326.46,1316.01,1324.21
2018.02.12 04:00,1324.28,1324.54,1321.45,1321.54
2018.02.12 08:00,1321.49,1322.85,1319.92,1320.79
2018.02.12 12:00,1320.79,1325.37,1317.41,1324.48
2018.02.12 16:00,1324.57,1326.13,1322.34,1322.55
2018.02.12 20:00,1322.60,1324.87,1321.33,1322.53
2018.02.13 00:00,1322.58,1324.20,1321.57,1323.98
2018.02.13 04:00,1323.96,1328.73,1323.96,1327.26
2018.02.13 08:00,1327.26,1330.95,1326.50,1327.73
2018.02.13 12:00,1327.63,1329.72,1322.91,1328.64
2018.02.13 16:00,1328.64,1329.59,1326.48,1328.24
2018.02.13 20:00,1328.24,1332.97,1328.24,1331.79
2018.02.14 00:00,1331.86,1336.95,1330.94,1336.21
2018.02.14 04:00,1336.22,1336.26,1331.43,1331.88
2018.02.14 08:00,1331.86,1333.06,1329.63,1330.30
2018.02.14 12:00,1330.30,1349.34,1318.72,1348.31
2018.02.14 16:00,1348.33,1355.58,1345.70,1353.74
2018.02.14 20:00,1353.73,1354.97,1349.68,1353.78
2018.02.15 00:00,1353.78,1355.15,1350.69,1354.34
2018.02.15 04:00,1354.36,1355.21,1352.18,1354.71
2018.02.15 08:00,1354.70,1357.10,1350.43,1351.01
2018.02.15 12:00,1351.10,1354.40,1348.56,1352.13
2018.02.15 16:00,1352.09,1354.99,1348.68,1354.84
2018.02.15 20:00,1354.84,1355.17,1353.10,1353.90
2018.02.16 00:00,1353.90,1357.12,1352.44,1356.57
2018.02.16 04:00,1356.58,1359.93,1355.47,1357.68
2018.02.16 08:00,1357.72,1361.71,1357.57,1358.08
2018.02.16 12:00,1358.07,1358.33,1351.06,1355.53
2018.02.16 16:00,1355.53,1356.62,1344.71,1347.66
2018.02.16 20:00,1347.65,1349.23,1345.80,1348.71
2018.02.18 20:00,1347.16,1349.79,1347.12,1348.08
2018.02.19 00:00,1348.07,1351.33,1347.14,1348.84
2018.02.19 04:00,1348.83,1349.15,1346.28,1348.34
2018.02.19 08:00,1348.33,1348.87,1346.41,1348.28
2018.02.19 12:00,1348.19,1348.83,1345.88,1348.37
2018.02.19 16:00,1348.38,1348.57,1346.21,1346.61
2018.02.19 20:00,1346.60,1348.19,1344.93,1345.28
2018.02.20 00:00,1345.30,1346.59,1340.35,1341.26
2018.02.20 04:00,1341.33,1341.86,1337.93,1338.80
2018.02.20 08:00,1338.80,1340.20,1336.61,1339.71
2018.02.20 12:00,1339.76,1343.16,1335.44,1337.95
2018.02.20 16:00,1337.92,1338.43,1328.46,1329.84
2018.02.20 20:00,1329.84,1331.80,1328.68,1329.90
2018.02.21 00:00,1330.13,1330.72,1325.64,1326.49
2018.02.21 04:00,1326.49,1328.34,1325.35,1325.75
2018.02.21 08:00,1325.65,1329.95,1325.42,1328.20
2018.02.21 12:00,1328.01,1332.90,1327.32,1330.10
2018.02.21 16:00,1330.09,1336.15,1325.78,1326.35
2018.02.21 20:00,1326.33,1327.11,1322.40,1326.84
2018.02.22 00:00,1326.84,1326.86,1322.94,1323.93
2018.02.22 04:00,1323.84,1324.77,1320.94,1321.96
2018.02.22 08:00,1321.95,1324.19,1321.14,1323.26
2018.02.22 12:00,1323.23,1331.28,1322.11,1328.29
2018.02.22 16:00,1328.34,1332.07,1328.03,1330.68
2018.02.22 20:00,1330.64,1332.15,1330.19,1330.48
2018.02.23 00:00,1330.48,1331.14,1328.07,1328.45
2018.02.23 04:00,1328.46,1328.84,1325.82,1327.31
2018.02.23 08:00,1327.30,1330.73,1327.19,1330.64
2018.02.23 12:00,1330.64,1331.62,1326.76,1328.97
2018.02.23 16:00,1328.98,1330.56,1327.33,1329.10
2018.02.23 20:00,1329.09,1330.29,1328.88,1329.01
2018.02.25 20:00,1327.51,1329.97,1326.68,1327.05
2018.02.26 00:00,1327.08,1338.04,1327.05,1336.86
2018.02.26 04:00,1336.94,1340.98,1336.38,1339.35
2018.02.26 08:00,1339.39,1340.72,1337.73,1337.94
2018.02.26 12:00,1337.85,1338.64,1330.41,1332.48
2018.02.26 16:00,1332.49,1333.32,1330.14,1332.85
2018.02.26 20:00,1332.88,1333.63,1331.11,1332.21
2018.02.27 00:00,1332.20,1336.74,1331.87,1333.14
2018.02.27 04:00,1333.20,1334.57,1331.46,1333.78
2018.02.27 08:00,1333.83,1334.73,1332.01,1332.44
2018.02.27 12:00,1332.34,1333.04,1315.88,1318.04
2018.02.27 16:00,1318.03,1319.19,1313.45,1317.76
2018.02.27 20:00,1317.77,1318.96,1317.19,1317.50
2018.02.28 00:00,1317.48,1318.97,1315.54,1317.44
2018.02.28 04:00,1317.40,1319.40,1316.96,1318.23
2018.02.28 08:00,1318.23,1321.31,1316.97,1319.48
2018.02.28 12:00,1319.50,1322.46,1316.07,1318.66
2018.02.28 16:00,1318.68,1321.13,1316.23,1318.27
2018.02.28 20:00,1318.33,1319.45,1317.08,1317.38
2018.03.01 00:00,1317.37,1318.01,1314.65,1315.48
2018.03.01 04:00,1315.49,1316.07,1312.53,1313.37
2018.03.01 08:00,1313.37,1313.39,1310.05,1310.66
2018.03.01 12:00,1310.57,1311.46,1302.82,1305.85
2018.03.01 16:00,1305.85,1316.19,1303.91,1316.10
2018.03.01 20:00,1316.11,1321.11,1314.77,1317.03
2018.03.02 00:00,1317.03,1318.35,1315.24,1316.81
2018.03.02 04:00,1316.81,1319.11,1315.92,1317.26
2018.03.02 08:00,1317.28,1323.99,1315.72,1321.93
2018.03.02 12:00,1321.99,1325.40,1319.76,1320.22
2018.03.02 16:00,1320.25,1323.73,1317.56,1322.75
2018.03.02 20:00,1322.76,1323.26,1320.36,1321.95
2018.03.04 20:00,1323.18,1324.25,1321.54,1323.07
2018.03.05 00:00,1323.08,1327.13,1322.40,1326.78
2018.03.05 04:00,1326.78,1327.76,1324.72,1326.65
2018.03.05 08:00,1326.64,1327.67,1323.41,1323.67
2018.03.05 12:00,1323.63,1324.19,1319.72,1321.57
2018.03.05 16:00,1321.48,1322.41,1317.56,1319.75
2018.03.05 20:00,1319.73,1321.51,1318.55,1320.89
2018.03.06 00:00,1320.93,1323.07,1320.92,1322.20
2018.03.06 04:00,1322.18,1324.28,1320.53,1320.66
2018.03.06 08:00,1320.67,1328.05,1320.57,1327.74
2018.03.06 12:00,1327.66,1336.55,1326.69,1336.10
2018.03.06 16:00,1336.12,1338.48,1332.27,1334.85
2018.03.06 20:00,1334.95,1340.51,1333.23,1339.07
2018.03.07 00:00,1339.04,1340.34,1334.22,1335.06
2018.03.07 04:00,1335.06,1335.23,1332.12,1332.39
2018.03.07 08:00,1332.39,1333.75,1330.60,1331.05
2018.03.07 12:00,1331.06,1332.43,1326.75,1327.15
2018.03.07 16:00,1327.05,1327.94,1322.23,1323.57
2018.03.07 20:00,1323.47,1326.29,1322.87,1324.47
2018.03.08 00:00,1324.47,1328.06,1323.59,1327.88
2018.03.08 04:00,1327.88,1328.99,1326.66,1328.29
2018.03.08 08:00,1328.29,1328.49,1324.01,1324.96
2018.03.08 12:00,1324.81,1326.80,1319.05,1319.38
2018.03.08 16:00,1319.45,1322.59,1319.16,1322.06
2018.03.08 20:00,1321.98,1322.65,1320.16,1320.94
2018.03.09 00:00,1320.95,1321.27,1316.88,1317.88
2018.03.09 04:00,1317.88,1319.48,1316.99,1318.78
2018.03.09 08:00,1318.78,1320.91,1317.98,1320.10
2018.03.09 12:00,1320.20,1324.13,1312.95,1322.39
2018.03.09 16:00,1322.44,1325.16,1320.97,1323.38
2018.03.09 20:00,1323.49,1323.69,1321.89,1323.42
2018.03.11 20:00,1322.93,1323.46,1322.67,1323.13
2018.03.12 00:00,1323.13,1323.99,1321.24,1323.00
2018.03.12 04:00,1322.97,1324.16,1321.44,1322.17
2018.03.12 08:00,1322.09,1322.67,1315.10,1315.74
2018.03.12 12:00,1315.74,1319.83,1315.74,1318.18
2018.03.12 16:00,1318.15,1323.98,1317.77,1323.70
2018.03.12 20:00,1323.76,1325.66,1322.65,1324.97
2018.03.13 00:00,1324.99,1325.30,1320.81,1321.29
2018.03.13 04:00,1321.34,1321.44,1317.71,1317.87
2018.03.13 08:00,1317.88,1319.58,1317.01,1319.01
2018.03.13 12:00,1319.02,1327.61,1314.69,1326.40
2018.03.13 16:00,1326.40,1328.26,1325.25,1325.90
2018.03.13 20:00,1326.00,1326.55,1325.34,1326.31
2018.03.14 00:00,1326.34,1329.15,1324.03,1327.90
2018.03.14 04:00,1327.86,1330.03,1324.65,1324.85
2018.03.14 08:00,1324.78,1326.48,1323.45,1326.24
2018.03.14 12:00,1326.24,1328.50,1321.46,1324.62
2018.03.14 16:00,1324.62,1325.89,1323.49,1325.15
2018.03.14 20:00,1325.20,1325.57,1323.59,1325.26
2018.03.15 00:00,1325.27,1327.45,1325.02,1326.60
2018.03.15 04:00,1326.62,1327.89,1324.36,1324.82
2018.03.15 08:00,1324.83,1325.02,1321.86,1322.28
2018.03.15 12:00,1322.27,1323.43,1315.83,1316.43
2018.03.15 16:00,1316.43,1319.37,1314.94,1316.47
2018.03.15 20:00,1316.46,1316.74,1315.45,1315.89
2018.03.16 00:00,1315.89,1317.00,1313.75,1316.29
2018.03.16 04:00,1316.37,1318.71,1316.06,1318.04
2018.03.16 08:00,1318.04,1321.70,1317.87,1320.51
2018.03.16 12:00,1320.53,1320.78,1309.69,1313.08
2018.03.16 16:00,1313.11,1314.53,1312.24,1313.54
2018.03.16 20:00,1313.54,1314.12,1313.09,1313.64
2018.03.18 20:00,1313.13,1313.74,1312.81,1313.16
2018.03.19 00:00,1313.06,1313.07,1310.16,1312.00
2018.03.19 04:00,1312.02,1312.62,1307.75,1308.88
2018.03.19 08:00,1308.88,1313.02,1308.43,1310.12
2018.03.19 12:00,1310.11,1319.04,1309.95,1318.14
2018.03.19 16:00,1318.10,1319.60,1316.65,1316.87
2018.03.19 20:00,1316.77,1318.29,1316.31,1317.07
2018.03.20 00:00,1317.05,1317.44,1315.63,1316.43
2018.03.20 04:00,1316.42,1316.94,1314.40,1315.28
2018.03.20 08:00,1315.08,1316.44,1311.75,1311.77
2018.03.20 12:00,1311.83,1313.24,1307.21,1311.48
2018.03.20 16:00,1311.50,1313.21,1309.38,1310.49
2018.03.20 20:00,1310.44,1311.79,1309.90,1310.04
2018.03.21 00:00,1310.07,1314.48,1309.86,1314.04
2018.03.21 04:00,1314.00,1316.83,1312.77,1316.50
2018.03.21 08:00,1316.44,1317.87,1313.98,1315.25
2018.03.21 12:00,1315.31,1326.56,1315.10,1324.94
2018.03.21 16:00,1324.94,1336.57,1319.22,1333.38
2018.03.21 20:00,1333.46,1333.49,1331.08,1332.04
2018.03.22 00:00,1332.04,1334.97,1329.46,1330.58
2018.03.22 04:00,1330.58,1332.87,1327.42,1331.83
2018.03.22 08:00,1331.99,1333.86,1327.84,1329.85
2018.03.22 12:00,1329.82,1332.29,1326.87,1328.67
2018.03.22 16:00,1328.68,1330.23,1324.76,1328.40
2018.03.22 20:00,1328.34,1333.42,1328.17,1332.75
2018.03.23 00:00,1332.75,1339.05,1331.74,1338.45
2018.03.23 04:00,1338.45,1343.10,1337.54,1339.46
2018.03.23 08:00,1339.48,1343.05,1338.30,1341.16
2018.03.23 12:00,1341.15,1350.12,1340.49,1349.92
2018.03.23 16:00,1349.41,1350.20,1345.44,1345.50
2018.03.23 20:00,1345.51,1348.43,1345.51,1347.03
2018.03.25 20:00,1350.19,1350.34,1348.22,1348.31
2018.03.26 00:00,1348.31,1349.39,1345.70,1348.01
2018.03.26 04:00,1348.01,1348.77,1343.51,1346.10
2018.03.26 08:00,1346.10,1349.73,1345.11,1349.00
2018.03.26 12:00,1348.97,1355.94,1347.25,1355.22
2018.03.26 16:00,1355.25,1355.67,1351.79,1352.87
2018.03.26 20:00,1352.85,1353.91,1352.15,1352.92
2018.03.27 00:00,1352.85,1354.53,1350.89,1354.03
2018.03.27 04:00,1354.04,1356.86,1352.07,1354.35
2018.03.27 08:00,1354.36,1354.56,1344.57,1345.83
2018.03.27 12:00,1345.87,1345.93,1339.86,1342.98
2018.03.27 16:00,1342.98,1345.90,1342.02,1344.46
2018.03.27 20:00,1344.47,1345.56,1343.83,1345.49
2018.03.28 00:00,1345.46,1347.03,1344.46,1346.28
2018.03.28 04:00,1346.29,1346.30,1338.95,1341.92
2018.03.28 08:00,1341.97,1342.59,1336.02,1336.93
2018.03.28 12:00,1336.85,1337.02,1328.69,1328.89
2018.03.28 16:00,1328.89,1329.06,1323.49,1325.79
2018.03.28 20:00,1325.74,1326.95,1324.41,1326.58
2018.03.29 00:00,1326.57,1328.21,1324.73,1327.55
2018.03.29 04:00,1327.48,1328.34,1322.91,1324.79
2018.03.29 08:00,1324.78,1326.57,1323.25,1325.19
2018.03.29 12:00,1325.12,1325.64,1321.20,1322.56
2018.03.29 16:00,1322.56,1326.48,1321.97,1326.48
2018.03.29 20:00,1326.36,1326.36,1324.69,1324.70
2018.04.01 20:00,1326.19,1327.50,1326.08,1326.65
2018.04.02 00:00,1326.65,1330.34,1325.80,1329.33
2018.04.02 04:00,1329.33,1332.47,1328.42,1332.10
2018.04.02 08:00,1332.11,1334.99,1331.18,1333.51
2018.04.02 12:00,1333.56,1339.08,1332.67,1338.53
2018.04.02 16:00,1338.61,1344.86,1337.97,1342.16
2018.04.02 20:00,1342.19,1342.20,1340.29,1341.59
2018.04.03 00:00,1341.56,1342.49,1337.28,1337.99
2018.04.03 04:00,1337.99,1342.04,1337.47,1338.55
2018.04.03 08:00,1338.54,1338.67,1336.13,1337.74
2018.04.03 12:00,1337.78,1341.17,1328.92,1332.09
2018.04.03 16:00,1332.09,1334.87,1330.21,1331.58
2018.04.03 20:00,1331.60,1333.48,1331.58,1333.20
2018.04.04 00:00,1333.21,1335.14,1331.51,1334.64
2018.04.04 04:00,1334.64,1339.93,1333.05,1339.59
2018.04.04 08:00,1339.58,1347.14,1339.57,1346.77
2018.04.04 12:00,1346.75,1348.14,1334.18,1334.52
2018.04.04 16:00,1334.56,1337.21,1332.24,1333.36
2018.04.04 20:00,1333.37,1334.43,1332.79,1333.50
2018.04.05 00:00,1333.43,1333.83,1329.85,1330.60
2018.04.05 04:00,1330.59,1330.59,1324.47,1326.67
2018.04.05 08:00,1326.66,1330.74,1325.56,1328.76
2018.04.05 12:00,1328.77,1329.78,1322.75,1325.21
2018.04.05 16:00,1325.17,1326.66,1324.57,1326.63
2018.04.05 20:00,1326.65,1332.26,1326.08,1330.96
2018.04.06 00:00,1330.97,1333.36,1329.17,1330.33
2018.04.06 04:00,1330.32,1330.49,1320.31,1324.56
2018.04.06 08:00,1324.55,1326.31,1322.57,1322.98
2018.04.06 12:00,1322.99,1335.39,1320.50,1332.32
2018.04.06 16:00,1332.33,1334.04,1330.30,1333.20
2018.04.08 20:00,1333.68,1334.12,1331.80,1332.51
2018.04.09 00:00,1332.52,1333.43,1329.83,1332.52
2018.04.09 04:00,1332.53,1333.52,1328.58,1329.72
2018.04.09 08:00,1329.71,1329.94,1326.90,1329.62
2018.04.09 12:00,1329.61,1334.57,1329.26,1333.41
2018.04.09 16:00,1333.41,1337.98,1332.24,1337.22
2018.04.09 20:00,1337.27,1337.76,1335.18,1336.50
2018.04.10 00:00,1336.56,1338.12,1332.84,1334.36
2018.04.10 04:00,1334.29,1337.79,1331.12,1337.29
2018.04.10 08:00,1337.28,1338.99,1334.27,1336.50
2018.04.10 12:00,1336.49,1340.98,1335.63,1338.66
2018.04.10 16:00,1338.65,1342.65,1338.40,1340.55
2018.04.10 20:00,1340.56,1342.08,1339.12,1341.81
2018.04.11 00:00,1341.79,1342.76,1339.78,1341.51
2018.04.11 04:00,1341.52,1345.41,1341.03,1344.85
2018.04.11 08:00,1344.85,1351.43,1342.56,1348.60
2018.04.11 12:00,1348.60,1365.27,1348.36,1361.28
2018.04.11 16:00,1361.31,1362.43,1347.63,1351.12
2018.04.11 20:00,1351.12,1353.50,1350.95,1352.93
2018.04.12 00:00,1352.93,1353.17,1349.21,1351.13
2018.04.12 04:00,1351.12,1352.23,1348.39,1348.87
2018.04.12 08:00,1348.83,1350.15,1343.84,1345.03
2018.04.12 12:00,1345.03,1346.91,1335.73,1338.03
2018.04.12 16:00,1338.04,1339.96,1333.80,1335.40
2018.04.12 20:00,1335.39,1338.56,1334.73,1337.82
2018.04.13 00:00,1337.82,1340.89,1336.53,1340.39
2018.04.13 04:00,1340.33,1341.00,1336.27,1339.85
2018.04.13 08:00,1339.84,1341.88,1334.77,1336.45
2018.04.13 12:00,1336.60,1346.57,1335.61,1345.19
2018.04.13 16:00,1345.20,1347.15,1342.91,1344.42
2018.04.15 20:00,1342.28,1345.70,1342.20,1343.84
2018.04.16 00:00,1343.84,1348.73,1343.25,1347.32
2018.04.16 04:00,1347.32,1347.64,1341.14,1345.00
2018.04.16 08:00,1345.01,1345.90,1342.37,1343.39
2018.04.16 12:00,1343.37,1350.51,1342.88,1347.24
2018.04.16 16:00,1347.23,1349.25,1345.47,1346.11
2018.04.16 20:00,1346.08,1348.50,1345.31,1348.09
2018.04.17 00:00,1348.09,1349.40,1343.79,1345.05
2018.04.17 04:00,1345.06,1348.89,1341.32,1342.91
2018.04.17 08:00,1342.92,1343.95,1340.66,1342.10
2018.04.17 12:00,1342.11,1344.84,1337.68,1344.44
2018.04.17 16:00,1344.49,1347.74,1343.81,1347.30
2018.04.17 20:00,1347.33,1347.58,1345.74,1346.30
2018.04.18 00:00,1346.30,1346.78,1343.34,1344.76
2018.04.18 04:00,1344.75,1346.42,1342.30,1346.08
2018.04.18 08:00,1346.10,1350.99,1343.43,1350.11
2018.04.18 12:00,1350.05,1355.68,1348.29,1350.95
2018.04.18 16:00,1350.99,1352.33,1347.52,1348.50
2018.04.18 20:00,1348.52,1351.46,1348.49,1350.58
2018.04.19 00:00,1350.67,1353.04,1348.02,1351.98
2018.04.19 04:00,1351.98,1354.68,1350.81,1352.92
2018.04.19 08:00,1352.94,1353.14,1344.99,1350.62
2018.04.19 12:00,1350.62,1350.71,1340.95,1342.61
2018.04.19 16:00,1342.61,1346.98,1342.18,1345.90
2018.04.19 20:00,1345.89,1346.45,1344.41,1344.45
2018.04.20 00:00,1344.46,1345.73,1341.66,1343.14
2018.04.20 04:00,1343.15,1344.48,1340.49,1341.22
2018.04.20 08:00,1341.21,1342.76,1339.34,1340.50
2018.04.20 12:00,1340.51,1344.25,1334.98,1338.03
2018.04.20 16:00,1338.03,1338.83,1335.14,1335.57
2018.04.22 20:00,1333.02,1334.72,1332.64,1332.92
2018.04.23 00:00,1332.94,1334.85,1332.34,1334.25
2018.04.23 04:00,1334.24,1335.46,1331.31,1331.90
2018.04.23 08:00,1331.89,1332.21,1326.75,1328.67
2018.04.23 12:00,1328.65,1328.73,1322.25,1322.60
2018.04.23 16:00,1322.60,1325.40,1322.14,1324.96
2018.04.23 20:00,1324.95,1325.35,1323.86,1324.57
2018.04.24 00:00,1324.47,1328.10,1322.13,1326.66
2018.04.24 04:00,1326.65,1328.54,1324.50,1325.57
2018.04.24 08:00,1325.55,1327.96,1324.92,1326.68
2018.04.24 12:00,1326.67,1330.74,1323.45,1329.25
2018.04.24 16:00,1329.23,1332.66,1328.52,1331.53
2018.04.24 20:00,1331.51,1332.07,1330.02,1331.67
2018.04.25 00:00,1331.68,1331.68,1327.92,1328.12
2018.04.25 04:00,1328.12,1328.58,1323.23,1323.62
2018.04.25 08:00,1323.61,1325.74,1320.35,1320.74
2018.04.25 12:00,1320.69,1322.88,1318.82,1321.25
2018.04.25 16:00,1321.26,1323.94,1320.62,1322.79
2018.04.25 20:00,1322.74,1323.49,1322.07,1322.66
2018.04.26 00:00,1322.77,1324.66,1322.00,1323.73
2018.04.26 04:00,1323.73,1326.58,1323.10,1323.62
2018.04.26 08:00,1323.54,1325.75,1321.35,1323.04
2018.04.26 12:00,1323.01,1325.71,1315.30,1316.46
2018.04.26 16:00,1316.37,1318.00,1316.21,1317.81
2018.04.26 20:00,1317.83,1318.30,1316.63,1318.00
2018.04.27 00:00,1318.00,1318.23,1315.62,1317.53
2018.04.27 04:00,1317.52,1317.89,1315.42,1317.51
2018.04.27 08:00,1317.48,1320.93,1316.31,1318.48
2018.04.27 12:00,1318.47,1323.81,1316.89,1321.73
2018.04.27 16:00,1321.72,1325.21,1321.28,1323.83
2018.04.29 20:00,1322.95,1323.80,1322.77,1323.38
2018.04.30 00:00,1323.39,1324.90,1321.18,1321.24
2018.04.30 04:00,1321.25,1322.33,1316.74,1317.74
2018.04.30 08:00,1317.74,1318.00,1312.71,1313.73
2018.04.30 12:00,1313.67,1316.60,1310.21,1315.36
2018.04.30 16:00,1315.27,1320.50,1314.21,1314.47
2018.04.30 20:00,1314.59,1316.29,1314.59,1315.19
2018.05.01 00:00,1315.20,1315.26,1312.03,1312.34
2018.05.01 04:00,1312.38,1312.65,1310.35,1310.75
2018.05.01 08:00,1310.73,1311.10,1307.59,1308.42
2018.05.01 12:00,1308.47,1310.32,1301.73,1305.98
2018.05.01 16:00,1305.98,1308.00,1304.71,1305.05
2018.05.01 20:00,1305.03,1305.96,1303.46,1305.57
2018.05.02 00:00,1305.58,1311.94,1305.51,1310.85
2018.05.02 04:00,1310.86,1311.66,1307.71,1309.97
2018.05.02 08:00,1309.94,1311.31,1308.74,1309.35
2018.05.02 12:00,1309.37,1310.66,1304.08,1306.86
2018.05.02 16:00,1306.77,1313.42,1303.92,1304.56
2018.05.02 20:00,1304.57,1306.48,1304.21,1305.88
2018.05.03 00:00,1305.77,1310.45,1305.60,1308.65
2018.05.03 04:00,1308.66,1310.43,1306.48,1309.28
2018.05.03 08:00,1309.28,1318.04,1308.36,1317.70
2018.05.03 12:00,1317.72,1318.06,1312.48,1313.89
2018.05.03 16:00,1313.84,1315.05,1310.74,1311.24
2018.05.03 20:00,1311.26,1313.64,1311.26,1312.85
2018.05.04 00:00,1312.86,1314.39,1311.33,1313.54
2018.05.04 04:00,1313.53,1313.79,1309.48,1310.21
2018.05.04 08:00,1310.22,1311.95,1308.61,1311.39
2018.05.04 12:00,1311.37,1315.37,1307.99,1311.49
2018.05.04 16:00,1311.48,1315.01,1310.58,1313.99
2018.05.06 20:00,1314.84,1315.35,1314.32,1314.68
2018.05.07 00:00,1314.54,1318.93,1314.45,1317.44
2018.05.07 04:00,1317.45,1317.55,1311.83,1313.18
2018.05.07 08:00,1313.18,1314.90,1310.89,1310.99
2018.05.07 12:00,1310.98,1315.59,1310.25,1313.94
2018.05.07 16:00,1313.92,1314.81,1312.90,1314.29
2018.05.07 20:00,1314.32,1316.16,1313.76,1315.82
2018.05.08 00:00,1315.80,1317.05,1311.77,1312.15
2018.05.08 04:00,1312.12,1314.83,1310.75,1313.96
2018.05.08 08:00,1313.94,1314.17,1308.60,1311.18
2018.05.08 12:00,1311.18,1311.98,1306.09,1310.69
2018.05.08 16:00,1310.70,1317.81,1310.63,1314.44
2018.05.08 20:00,1314.46,1316.77,1314.09,1316.39
2018.05.09 00:00,1316.45,1316.59,1310.14,1310.80
2018.05.09 04:00,1310.77,1311.31,1304.29,1306.18
2018.05.09 08:00,1306.18,1312.35,1305.19,1311.40
2018.05.09 12:00,1311.38,1317.44,1310.94,1313.37
2018.05.09 16:00,1313.38,1313.89,1310.89,1311.81
2018.05.09 20:00,1311.80,1313.55,1311.54,1312.46
2018.05.10 00:00,1312.39,1315.74,1311.08,1313.96
2018.05.10 04:00,1313.95,1315.53,1310.77,1311.78
2018.05.10 08:00,1311.69,1318.19,1311.53,1317.76
2018.05.10 12:00,1317.82,1322.83,1316.25,1319.30
2018.05.10 16:00,1319.33,1322.22,1318.84,1320.57
2018.05.10 20:00,1320.60,1321.69,1320.40,1321.11
2018.05.11 00:00,1321.06,1322.15,1319.13,1319.93
2018.05.11 04:00,1319.92,1321.97,1318.48,1321.51
2018.05.11 08:00,1321.45,1325.74,1321.42,1325.58
2018.05.11 12:00,1325.67,1325.94,1320.41,1321.96
2018.05.11 16:00,1321.98,1322.55,1318.27,1319.12
2018.05.13 20:00,1318.88,1320.25,1318.79,1320.16
2018.05.14 00:00,1320.38,1322.32,1319.98,1320.31
2018.05.14 04:00,1320.30,1321.60,1319.11,1321.26
2018.05.14 08:00,1321.27,1321.77,1318.28,1318.87
2018.05.14 12:00,1318.95,1321.19,1317.99,1319.59
2018.05.14 16:00,1319.61,1320.06,1313.03,1313.48
2018.05.14 20:00,1313.48,1314.27,1312.98,1313.80
2018.05.15 00:00,1313.66,1314.88,1313.23,1313.80
2018.05.15 04:00,1313.80,1313.96,1310.69,1310.90
2018.05.15 08:00,1310.89,1311.37,1306.20,1306.96
2018.05.15 12:00,1306.95,1307.01,1291.93,1293.81
2018.05.15 16:00,1293.85,1294.30,1288.71,1292.27
2018.05.15 20:00,1292.35,1293.57,1290.11,1292.84
2018.05.16 00:00,1292.85,1294.65,1291.31,1294.19
2018.05.16 04:00,1294.18,1296.91,1293.30,1295.52
2018.05.16 08:00,1295.54,1295.91,1286.68,1288.75
2018.05.16 12:00,1288.76,1291.75,1286.40,1289.77
2018.05.16 16:00,1289.80,1293.70,1289.39,1290.54
2018.05.16 20:00,1290.53,1292.01,1290.27,1291.76
2018.05.17 00:00,1291.68,1294.39,1289.61,1292.06
2018.05.17 04:00,1292.09,1293.19,1288.08,1290.16
2018.05.17 08:00,1290.18,1290.53,1285.33,1288.43
2018.05.17 12:00,1288.42,1291.46,1287.22,1288.71
2018.05.17 16:00,1288.71,1291.78,1288.61,1291.09
2018.05.17 20:00,1291.11,1291.22,1289.26,1289.53
2018.05.18 00:00,1289.51,1290.43,1287.83,1288.75
2018.05.18 04:00,1288.76,1291.14,1288.15,1289.60
2018.05.18 08:00,1289.58,1289.87,1286.27,1288.68
2018.05.18 12:00,1288.71,1292.94,1286.06,1291.42
2018.05.18 16:00,1291.43,1294.18,1291.27,1291.73
2018.05.20 20:00,1290.63,1291.84,1290.35,1291.15
2018.05.21 00:00,1290.99,1291.22,1288.42,1288.51
2018.05.21 04:00,1288.50,1288.73,1282.07,1282.81
2018.05.21 08:00,1282.82,1285.83,1282.31,1284.93
2018.05.21 12:00,1284.93,1290.33,1284.16,1289.48
2018.05.21 16:00,1289.46,1292.87,1288.83,1292.21
2018.05.21 20:00,1292.27,1293.43,1291.98,1292.53
2018.05.22 00:00,1292.51,1293.33,1289.90,1290.42
2018.05.22 04:00,1290.40,1292.70,1287.94,1292.55
2018.05.22 08:00,1292.56,1295.92,1292.56,1295.29
2018.05.22 12:00,1295.14,1296.16,1290.86,1292.52
2018.05.22 16:00,1292.51,1294.33,1290.98,1291.71
2018.05.22 20:00,1291.71,1293.84,1290.93,1293.49
2018.05.23 00:00,1293.48,1295.53,1292.00,1292.99
2018.05.23 04:00,1293.00,1293.53,1289.22,1293.26
2018.05.23 08:00,1293.26,1297.91,1291.78,1296.63
2018.05.23 12:00,1296.66,1296.66,1287.96,1291.75
2018.05.23 16:00,1291.76,1295.02,1288.97,1293.23
2018.05.23 20:00,1293.33,1295.28,1292.91,1294.94
2018.05.24 00:00,1294.94,1295.91,1293.74,1295.05
2018.05.24 04:00,1295.06,1297.52,1292.77,1295.93
2018.05.24 08:00,1295.94,1297.96,1295.53,1296.00
2018.05.24 12:00,1295.99,1306.62,1295.99,1304.68
2018.05.24 16:00,1304.66,1306.14,1303.59,1304.49
2018.05.24 20:00,1304.49,1305.45,1303.95,1304.35
2018.05.25 00:00,1304.32,1304.77,1301.61,1302.38
2018.05.25 04:00,1302.40,1304.16,1301.77,1303.43
2018.05.25 08:00,1303.43,1306.69,1303.41,1304.36
2018.05.25 12:00,1304.41,1307.79,1302.37,1304.13
2018.05.25 16:00,1304.12,1304.70,1300.38,1300.38
2018.05.25 20:00,1300.81,1301.52,1300.18,1301.47
2018.05.27 20:00,1297.52,1299.47,1296.89,1298.82
2018.05.28 00:00,1298.82,1299.78,1297.31,1298.71
2018.05.28 04:00,1298.69,1299.08,1295.53,1297.48
2018.05.28 08:00,1297.47,1299.27,1296.39,1299.09
2018.05.28 12:00,1299.10,1300.28,1296.90,1298.64
2018.05.28 16:00,1298.65,1298.65,1297.67,1297.82
2018.05.28 20:00,1297.41,1298.78,1297.21,1298.06
2018.05.29 00:00,1298.09,1301.33,1297.38,1297.49
2018.05.29 04:00,1297.55,1299.78,1296.01,1297.18
2018.05.29 08:00,1297.16,1306.49,1297.07,1302.21
2018.05.29 12:00,1302.11,1304.17,1293.61,1302.69
2018.05.29 16:00,1302.80,1304.63,1298.87,1300.13
2018.05.29 20:00,1300.12,1302.90,1298.27,1302.13
2018.05.30 00:00,1302.12,1302.73,1298.44,1298.76
2018.05.30 04:00,1298.74,1300.50,1295.89,1297.59
2018.05.30 08:00,1297.52,1299.79,1296.56,1297.56
2018.05.30 12:00,1297.56,1302.69,1297.38,1301.92
2018.05.30 16:00,1301.93,1304.34,1300.40,1302.17
2018.05.30 20:00,1302.11,1303.35,1301.05,1302.55
2018.05.31 00:00,1302.55,1304.78,1301.19,1302.60
2018.05.31 04:00,1302.58,1306.45,1301.90,1305.54
2018.05.31 08:00,1305.56,1305.97,1303.10,1304.65
2018.05.31 12:00,1304.67,1306.26,1298.73,1301.01
2018.05.31 16:00,1301.01,1302.38,1299.27,1299.41
2018.05.31 20:00,1299.45,1300.18,1297.78,1299.45
2018.06.01 00:00,1299.45,1300.61,1297.76,1298.53
2018.06.01 04:00,1298.53,1300.01,1297.87,1299.22
2018.06.01 08:00,1299.21,1300.10,1294.33,1295.00
2018.06.01 12:00,1294.92,1298.99,1289.39,1296.42
2018.06.01 16:00,1296.43,1297.28,1292.38,1293.12
2018.06.01 20:00,1293.03,1293.94,1292.82,1293.12
2018.06.03 20:00,1293.39,1294.54,1292.52,1292.76
2018.06.04 00:00,1292.73,1294.09,1292.10,1293.68
2018.06.04 04:00,1293.67,1294.53,1290.30,1292.91
2018.06.04 08:00,1292.81,1296.82,1292.59,1296.60
2018.06.04 12:00,1296.65,1298.02,1292.94,1294.03
2018.06.04 16:00,1294.02,1294.09,1291.73,1291.85
2018.06.04 20:00,1291.85,1292.48,1291.38,1291.54
2018.06.05 00:00,1291.50,1292.67,1290.81,1291.99
2018.06.05 04:00,1291.99,1293.99,1289.80,1291.80
2018.06.05 08:00,1291.82,1293.05,1290.32,1291.40
2018.06.05 12:00,1291.41,1297.60,1290.64,1297.13
2018.06.05 16:00,1297.15,1300.54,1295.70,1296.75
2018.06.05 20:00,1296.72,1297.79,1295.90,1296.91
2018.06.06 00:00,1296.91,1298.21,1296.79,1297.45
2018.06.06 04:00,1297.46,1299.41,1296.40,1298.24
2018.06.06 08:00,1298.24,1298.48,1293.80,1296.01
2018.06.06 12:00,1295.99,1301.74,1295.27,1299.85
2018.06.06 16:00,1299.85,1300.11,1294.83,1297.10
2018.06.06 20:00,1297.20,1298.20,1296.02,1297.32
2018.06.07 00:00,1297.32,1297.65,1295.53,1296.97
2018.06.07 04:00,1297.00,1299.15,1295.97,1298.55
2018.06.07 08:00,1298.55,1299.75,1297.51,1299.74
2018.06.07 12:00,1299.74,1303.14,1294.90,1298.09
2018.06.07 16:00,1298.07,1299.65,1296.45,1296.94
2018.06.07 20:00,1296.94,1297.74,1296.52,1297.32
2018.06.08 00:00,1297.28,1297.54,1295.87,1296.59
2018.06.08 04:00,1296.59,1298.46,1293.86,1298.39
2018.06.08 08:00,1298.40,1300.55,1297.44,1298.03
2018.06.08 12:00,1298.00,1299.55,1297.14,1298.77
2018.06.08 16:00,1298.76,1299.43,1298.03,1298.50
2018.06.08 20:00,1298.48,1299.02,1298.35,1298.98
2018.06.10 20:00,1298.72,1299.78,1298.72,1299.16
2018.06.11 00:00,1299.04,1301.27,1298.46,1299.39
2018.06.11 04:00,1299.39,1299.53,1296.53,1296.78
2018.06.11 08:00,1296.78,1297.17,1294.13,1296.94
2018.06.11 12:00,1296.98,1302.17,1296.81,1301.25
2018.06.11 16:00,1301.26,1301.40,1298.94,1300.40
2018.06.11 20:00,1300.46,1300.54,1297.81,1298.21
2018.06.12 00:00,1298.19,1299.80,1296.78,1297.48
2018.06.12 04:00,1297.50,1298.52,1296.40,1298.02
2018.06.12 08:00,1298.02,1298.75,1296.85,1297.82
2018.06.12 12:00,1297.82,1299.73,1293.29,1298.02
2018.06.12 16:00,1297.97,1298.12,1294.45,1296.15
2018.06.12 20:00,1296.16,1296.24,1295.32,1295.48
2018.06.13 00:00,1295.49,1296.08,1294.68,1295.35
2018.06.13 04:00,1295.35,1295.82,1293.67,1293.93
2018.06.13 08:00,1293.90,1295.17,1292.64,1293.94
2018.06.13 12:00,1293.95,1298.99,1293.95,1297.76
2018.06.13 16:00,1297.75,1301.23,1292.71,1300.07
2018.06.13 20:00,1300.07,1300.13,1298.99,1299.38
2018.06.14 00:00,1299.47,1300.07,1297.54,1299.19
2018.06.14 04:00,1299.21,1303.43,1298.86,1303.04
2018.06.14 08:00,1303.02,1305.79,1301.87,1303.30
2018.06.14 12:00,1303.23,1309.26,1301.73,1304.41
2018.06.14 16:00,1304.50,1305.09,1301.79,1302.59
2018.06.14 20:00,1302.59,1303.11,1301.88,1302.41
2018.06.15 00:00,1302.31,1303.03,1300.25,1301.29
2018.06.15 04:00,1301.30,1301.92,1297.47,1299.97
2018.06.15 08:00,1299.95,1301.19,1297.60,1298.25
2018.06.15 12:00,1298.22,1299.43,1276.80,1277.81
2018.06.15 16:00,1277.80,1280.64,1275.45,1280.45
2018.06.15 20:00,1280.57,1280.57,1278.94,1279.51
2018.06.17 20:00,1279.96,1281.26,1279.40,1280.96
2018.06.18 00:00,1280.96,1282.43,1279.07,1280.39
2018.06.18 04:00,1280.39,1281.07,1278.54,1280.06
2018.06.18 08:00,1280.06,1282.25,1279.03,1279.24
2018.06.18 12:00,1279.26,1281.82,1277.87,1278.14
2018.06.18 16:00,1278.16,1280.37,1277.05,1278.45
2018.06.18 20:00,1278.44,1281.58,1278.13,1281.28
2018.06.19 00:00,1281.23,1284.00,1280.63,1283.81
2018.06.19 04:00,1283.77,1284.06,1279.10,1281.95
2018.06.19 08:00,1281.98,1282.58,1272.17,1272.59
2018.06.19 12:00,1272.59,1276.80,1270.44,1275.56
2018.06.19 16:00,1275.55,1277.48,1274.83,1275.48
2018.06.19 20:00,1275.52,1275.79,1274.21,1275.01
2018.06.20 00:00,1275.02,1276.33,1273.12,1273.75
2018.06.20 04:00,1273.76,1275.04,1273.04,1273.60
2018.06.20 08:00,1273.60,1274.52,1271.11,1274.28
2018.06.20 12:00,1274.29,1276.42,1272.97,1274.31
2018.06.20 16:00,1274.27,1274.44,1268.40,1269.45
2018.06.20 20:00,1269.46,1269.56,1267.47,1269.45
2018.06.21 00:00,1269.45,1270.01,1264.85,1265.97
2018.06.21 04:00,1265.97,1266.03,1261.95,1265.00
2018.06.21 08:00,1264.94,1265.18,1262.18,1264.21
2018.06.21 12:00,1264.19,1268.99,1261.35,1267.59
2018.06.21 16:00,1267.53,1270.11,1267.27,1267.43
2018.06.21 20:00,1267.42,1268.04,1266.65,1267.39
2018.06.22 00:00,1267.39,1269.17,1266.72,1267.93
2018.06.22 04:00,1267.94,1271.18,1267.35,1268.91
2018.06.22 08:00,1268.89,1270.38,1267.82,1269.73
2018.06.22 12:00,1269.71,1270.85,1266.91,1268.53
2018.06.22 16:00,1268.56,1270.46,1268.29,1270.21
2018.06.22 20:00,1270.19,1270.43,1268.94,1269.25
2018.06.24 20:00,1271.22,1271.68,1270.90,1270.98
2018.06.25 00:00,1271.00,1272.57,1266.98,1267.67
2018.06.25 04:00,1267.64,1267.87,1264.48,1267.43
2018.06.25 08:00,1267.40,1270.55,1266.40,1269.42
2018.06.25 12:00,1269.44,1270.35,1265.67,1266.36
2018.06.25 16:00,1266.36,1267.99,1264.75,1265.48
2018.06.25 20:00,1265.50,1266.73,1265.15,1266.02
2018.06.26 00:00,1266.50,1267.65,1263.14,1264.36
2018.06.26 04:00,1264.36,1264.59,1260.55,1260.82
2018.06.26 08:00,1260.84,1260.84,1255.55,1256.39
2018.06.26 12:00,1256.39,1262.14,1254.76,1260.91
2018.06.26 16:00,1260.92,1261.23,1257.01,1258.97
2018.06.26 20:00,1258.97,1259.27,1258.07,1258.20
2018.06.27 00:00,1258.20,1259.51,1253.42,1255.87
2018.06.27 04:00,1255.86,1258.39,1254.20,1258.15
2018.06.27 08:00,1258.17,1260.08,1255.40,1259.31
2018.06.27 12:00,1259.31,1259.31,1252.62,1254.39
2018.06.27 16:00,1254.39,1255.22,1250.78,1251.89
2018.06.27 20:00,1251.88,1253.05,1251.73,1252.92
2018.06.28 00:00,1252.88,1254.10,1252.10,1252.82
2018.06.28 04:00,1252.83,1253.20,1248.72,1249.81
2018.06.28 08:00,1249.82,1253.21,1248.37,1252.29
2018.06.28 12:00,1252.28,1254.23,1249.22,1250.29
2018.06.28 16:00,1250.36,1250.81,1245.95,1248.23
2018.06.28 20:00,1248.24,1249.41,1247.55,1248.57
2018.06.29 00:00,1248.56,1249.64,1246.20,1249.62
2018.06.29 04:00,1249.59,1252.73,1249.57,1249.90
2018.06.29 08:00,1249.88,1251.92,1249.08,1251.30
2018.06.29 12:00,1251.30,1252.87,1248.58,1252.38
2018.06.29 16:00,1252.39,1255.63,1251.31,1252.51
2018.06.29 20:00,1252.50,1253.34,1252.08,1252.57
2018.07.01 20:00,1253.08,1254.19,1252.86,1253.43
2018.07.02 00:00,1253.36,1253.61,1250.52,1250.98
2018.07.02 04:00,1250.94,1251.54,1247.63,1247.88
2018.07.02 08:00,1247.88,1249.41,1247.81,1249.22
2018.07.02 12:00,1249.20,1250.76,1243.45,1243.71
2018.07.02 16:00,1243.72,1244.58,1239.68,1240.03
2018.07.02 20:00,1240.00,1242.94,1240.00,1242.18
2018.07.03 00:00,1242.18,1242.54,1237.96,1239.73
2018.07.03 04:00,1239.74,1245.24,1237.95,1245.20
2018.07.03 08:00,1245.20,1248.12,1244.13,1247.82
2018.07.03 12:00,1247.81,1256.86,1247.28,1256.56
2018.07.03 16:00,1256.55,1256.78,1251.92,1252.80
2018.07.03 20:00,1252.82,1255.12,1251.92,1254.91
2018.07.04 00:00,1254.93,1260.47,1254.80,1256.95
2018.07.04 04:00,1256.95,1261.09,1256.15,1257.99
2018.07.04 08:00,1257.98,1258.26,1254.03,1254.75
2018.07.04 12:00,1254.78,1256.99,1254.50,1256.19
2018.07.04 16:00,1256.20,1258.47,1255.90,1257.49
2018.07.05 00:00,1256.95,1258.08,1255.38,1256.05
2018.07.05 04:00,1256.08,1257.38,1253.32,1253.33
2018.07.05 08:00,1253.34,1254.65,1251.30,1253.79
2018.07.05 12:00,1253.88,1259.75,1253.45,1257.17
2018.07.05 16:00,1257.16,1258.02,1254.59,1257.06
2018.07.05 20:00,1257.12,1258.76,1256.29,1257.29
2018.07.06 00:00,1257.30,1257.84,1252.80,1253.81
2018.07.06 04:00,1253.83,1256.97,1253.67,1255.80
2018.07.06 08:00,1255.80,1256.36,1253.68,1254.19
2018.07.06 12:00,1254.19,1258.81,1253.71,1254.12
2018.07.06 16:00,1254.12,1255.65,1253.99,1255.01
2018.07.06 20:00,1255.02,1255.17,1254.50,1254.78
2018.07.08 20:00,1255.81,1256.54,1255.67,1256.43
2018.07.09 00:00,1256.26,1259.30,1255.49,1258.91
2018.07.09 04:00,1258.89,1262.19,1258.54,1261.02
2018.07.09 08:00,1261.08,1265.87,1260.24,1264.90
2018.07.09 12:00,1264.91,1265.77,1259.93,1260.08
2018.07.09 16:00,1260.16,1260.84,1257.95,1258.21
2018.07.09 20:00,1258.24,1258.55,1257.17,1258.38
2018.07.10 00:00,1258.37,1260.36,1257.75,1259.10
2018.07.10 04:00,1259.17,1259.65,1255.11,1256.67
2018.07.10 08:00,1256.67,1256.92,1247.36,1248.72
2018.07.10 12:00,1248.63,1256.43,1248.62,1255.99
2018.07.10 16:00,1256.00,1256.38,1254.11,1255.47
2018.07.10 20:00,1255.52,1256.90,1254.95,1255.96
2018.07.11 00:00,1255.94,1255.96,1249.08,1250.81
2018.07.11 04:00,1250.84,1253.02,1250.11,1252.70
2018.07.11 08:00,1252.76,1253.44,1248.33,1248.79
2018.07.11 12:00,1248.79,1252.58,1245.86,1247.07
2018.07.11 16:00,1247.05,1247.35,1241.92,1242.18
2018.07.11 20:00,1242.22,1243.26,1241.55,1242.69
2018.07.12 00:00,1242.69,1243.94,1241.32,1243.67
2018.07.12 04:00,1243.68,1246.36,1242.26,1245.51
2018.07.12 08:00,1245.52,1246.04,1242.48,1244.47
2018.07.12 12:00,1244.49,1248.55,1243.43,1247.45
2018.07.12 16:00,1247.44,1247.89,1245.37,1246.98
2018.07.12 20:00,1246.99,1247.21,1245.73,1246.01
2018.07.13 00:00,1245.98,1248.12,1245.69,1246.30
2018.07.13 04:00,1246.26,1246.60,1241.19,1241.76
2018.07.13 08:00,1241.79,1242.49,1237.83,1237.90
2018.07.13 12:00,1237.89,1243.65,1236.71,1242.08
2018.07.13 16:00,1242.11,1242.86,1240.71,1241.59
2018.07.13 20:00,1241.53,1241.63,1240.93,1241.37
2018.07.15 20:00,1241.69,1242.18,1241.10,1241.15
2018.07.16 00:00,1241.13,1244.48,1240.91,1243.40
2018.07.16 04:00,1243.47,1245.55,1241.86,1242.86
2018.07.16 08:00,1242.88,1244.95,1242.72,1243.62
2018.07.16 12:00,1243.69,1244.16,1238.55,1239.64
2018.07.16 16:00,1239.63,1241.27,1238.33,1241.18
2018.07.16 20:00,1241.18,1241.37,1240.12,1240.71
2018.07.17 00:00,1240.70,1241.65,1237.51,1241.57
2018.07.17 04:00,1241.55,1244.43,1240.52,1243.91
2018.07.17 08:00,1243.88,1245.00,1239.80,1240.04
2018.07.17 12:00,1239.99,1241.20,1226.10,1227.54
2018.07.17 16:00,1227.47,1228.85,1226.46,1227.77
2018.07.17 20:00,1227.70,1228.37,1226.73,1227.18
2018.07.18 00:00,1227.18,1229.13,1226.63,1227.76
2018.07.18 04:00,1227.76,1227.76,1222.37,1223.67
2018.07.18 08:00,1223.66,1223.94,1221.10,1222.70
2018.07.18 12:00,1222.71,1227.45,1222.19,1225.99
2018.07.18 16:00,1225.99,1228.42,1225.79,1227.73
2018.07.18 20:00,1227.76,1227.90,1226.37,1227.38
2018.07.19 00:00,1227.38,1228.48,1223.54,1224.96
2018.07.19 04:00,1224.95,1225.36,1218.00,1218.73
2018.07.19 08:00,1218.75,1220.09,1214.83,1215.89
2018.07.19 12:00,1215.89,1218.60,1211.56,1216.15
2018.07.19 16:00,1216.17,1228.95,1216.10,1222.65
2018.07.19 20:00,1222.68,1223.78,1222.19,1223.50
2018.07.20 00:00,1223.45,1224.12,1215.71,1218.86
2018.07.20 04:00,1218.84,1224.63,1218.66,1223.32
2018.07.20 08:00,1223.29,1226.73,1222.51,1224.74
2018.07.20 12:00,1224.74,1232.11,1223.79,1229.09
2018.07.20 16:00,1229.11,1232.26,1228.80,1230.63
2018.07.20 20:00,1230.63,1231.80,1230.60,1231.66
2018.07.22 20:00,1231.91,1233.39,1231.55,1232.87
2018.07.23 00:00,1232.77,1235.06,1231.28,1232.38
2018.07.23 04:00,1232.38,1232.75,1228.71,1230.97
2018.07.23 08:00,1230.98,1232.63,1228.07,1231.44
2018.07.23 12:00,1231.41,1231.86,1223.87,1225.10
2018.07.23 16:00,1225.10,1226.21,1222.26,1224.95
2018.07.23 20:00,1224.93,1225.01,1223.52,1224.27
2018.07.24 00:00,1224.25,1224.86,1220.45,1221.89
2018.07.24 04:00,1221.95,1225.54,1218.14,1224.19
2018.07.24 08:00,1224.19,1228.16,1223.10,1227.84
2018.07.24 12:00,1227.82,1229.52,1224.22,1224.39
2018.07.24 16:00,1224.34,1226.32,1223.97,1225.24
2018.07.24 20:00,1225.24,1225.65,1224.15,1225.18
2018.07.25 00:00,1225.17,1227.43,1223.26,1224.16
2018.07.25 04:00,1224.14,1228.09,1223.64,1226.19
2018.07.25 08:00,1226.19,1233.13,1225.52,1232.29
2018.07.25 12:00,1232.29,1234.16,1227.80,1228.47
2018.07.25 16:00,1228.46,1233.30,1228.08,1232.02
2018.07.25 20:00,1232.10,1233.25,1231.09,1233.09
2018.07.26 00:00,1233.10,1235.22,1230.95,1231.31
2018.07.26 04:00,1231.34,1231.76,1226.95,1227.91
2018.07.26 08:00,1227.92,1229.09,1226.83,1228.05
2018.07.26 12:00,1228.02,1230.43,1225.70,1226.33
2018.07.26 16:00,1226.33,1227.13,1222.37,1222.76
2018.07.26 20:00,1222.77,1224.34,1222.20,1224.16
2018.07.27 00:00,1224.13,1224.69,1222.13,1223.83
2018.07.27 04:00,1223.86,1225.36,1222.69,1224.22
2018.07.27 08:00,1224.24,1224.26,1217.55,1219.45
2018.07.27 12:00,1219.45,1227.36,1218.91,1226.58
2018.07.27 16:00,1226.57,1227.02,1222.47,1223.15
2018.07.27 20:00,1223.17,1223.70,1222.33,1222.83
2018.07.29 20:00,1223.15,1223.65,1222.08,1222.49
2018.07.30 00:00,1222.48,1224.00,1219.22,1220.28
2018.07.30 04:00,1220.24,1222.32,1219.01,1222.12
2018.07.30 08:00,1222.12,1223.60,1221.19,1222.09
2018.07.30 12:00,1222.04,1225.07,1221.04,1223.59
2018.07.30 16:00,1223.61,1223.72,1221.26,1221.27
2018.07.30 20:00,1221.26,1222.63,1221.23,1222.56
2018.07.31 00:00,1222.54,1223.35,1220.37,1221.25
2018.07.31 04:00,1221.25,1222.84,1218.09,1218.66
2018.07.31 08:00,1218.70,1220.89,1217.67,1220.27
2018.07.31 12:00,1220.28,1224.46,1214.01,1223.97
2018.07.31 16:00,1223.98,1228.54,1223.51,1224.62
2018.07.31 20:00,1224.59,1224.85,1223.31,1223.92
2018.08.01 00:00,1223.93,1224.76,1220.99,1221.81
2018.08.01 04:00,1221.82,1222.04,1219.95,1221.27
2018.08.01 08:00,1221.27,1224.65,1221.23,1222.39
2018.08.01 12:00,1222.41,1223.59,1216.61,1219.00
2018.08.01 16:00,1218.99,1221.90,1215.80,1216.20
2018.08.01 20:00,1216.20,1218.00,1215.70,1217.81
2018.08.02 00:00,1217.59,1221.11,1217.30,1219.61
2018.08.02 04:00,1219.56,1220.51,1217.09,1217.45
2018.08.02 08:00,1217.43,1218.35,1213.25,1214.37
2018.08.02 12:00,1214.34,1218.35,1213.10,1213.94
2018.08.02 16:00,1213.93,1214.92,1208.50,1209.23
2018.08.02 20:00,1209.19,1209.76,1207.09,1208.40
2018.08.03 00:00,1208.40,1210.38,1206.54,1207.77
2018.08.03 04:00,1207.73,1208.21,1204.66,1204.75
2018.08.03 08:00,1204.56,1212.85,1204.52,1211.74
2018.08.03 12:00,1211.74,1220.00,1210.32,1217.70
2018.08.03 16:00,1217.68,1218.25,1213.18,1213.62
2018.08.03 20:00,1213.60,1213.96,1213.16,1213.45
2018.08.05 20:00,1213.72,1215.13,1213.59,1214.85
2018.08.06 00:00,1214.76,1217.86,1213.81,1216.07
2018.08.06 04:00,1216.07,1216.17,1211.29,1212.27
2018.08.06 08:00,1212.29,1213.09,1208.34,1208.73
2018.08.06 12:00,1208.65,1211.62,1207.35,1210.64
2018.08.06 16:00,1210.68,1210.80,1207.37,1207.47
2018.08.06 20:00,1207.48,1208.82,1206.60,1208.74
2018.08.07 00:00,1208.72,1210.03,1207.81,1209.86
2018.08.07 04:00,1209.85,1213.85,1209.38,1210.57
2018.08.07 08:00,1210.52,1216.13,1210.25,1215.10
2018.08.07 12:00,1215.12,1215.50,1210.67,1212.47
2018.08.07 16:00,1212.48,1212.64,1208.56,1210.16
2018.08.07 20:00,1210.17,1212.63,1210.15,1212.42
2018.08.08 00:00,1212.45,1214.09,1210.88,1213.19
2018.08.08 04:00,1213.20,1215.83,1212.40,1214.62
2018.08.08 08:00,1214.61,1214.94,1209.48,1209.71
2018.08.08 12:00,1209.71,1212.92,1206.52,1209.90
2018.08.08 16:00,1209.92,1214.02,1209.29,1213.49
2018.08.08 20:00,1213.52,1214.02,1213.18,1213.33
2018.08.09 00:00,1213.33,1215.49,1212.31,1214.94
2018.08.09 04:00,1214.94,1216.32,1210.76,1211.69
2018.08.09 08:00,1211.64,1215.88,1211.01,1214.54
2018.08.09 12:00,1214.54,1217.28,1212.98,1213.86
2018.08.09 16:00,1213.89,1213.95,1211.34,1211.99
2018.08.09 20:00,1211.97,1212.62,1211.41,1212.14
2018.08.10 00:00,1212.11,1213.36,1211.61,1212.13
2018.08.10 04:00,1212.13,1212.93,1205.76,1208.96
2018.08.10 08:00,1208.98,1214.19,1207.28,1213.43
2018.08.10 12:00,1213.46,1217.07,1210.71,1212.10
2018.08.10 16:00,1212.08,1212.90,1210.49,1211.28
2018.08.10 20:00,1211.28,1211.84,1210.97,1211.26
2018.08.12 20:00,1212.54,1213.85,1211.97,1212.30
2018.08.13 00:00,1212.41,1212.66,1207.30,1207.74
2018.08.13 04:00,1207.75,1209.61,1203.63,1204.53
2018.08.13 08:00,1204.50,1206.00,1194.85,1198.81
2018.08.13 12:00,1198.83,1202.95,1194.73,1196.20
2018.08.13 16:00,1196.21,1196.24,1191.66,1193.46
2018.08.13 20:00,1193.45,1194.84,1192.63,1192.82
2018.08.14 00:00,1192.82,1196.21,1192.51,1195.11
2018.08.14 04:00,1195.20,1196.10,1193.32,1195.41
2018.08.14 08:00,1195.40,1195.70,1193.97,1195.15
2018.08.14 12:00,1195.15,1198.72,1194.76,1196.60
2018.08.14 16:00,1196.60,1196.81,1192.07,1194.32
2018.08.14 20:00,1194.32,1194.63,1193.23,1193.90
2018.08.15 00:00,1193.90,1194.17,1187.96,1188.08
2018.08.15 04:00,1188.05,1189.49,1186.48,1187.92
2018.08.15 08:00,1187.95,1188.49,1183.86,1186.75
2018.08.15 12:00,1186.75,1187.57,1176.33,1176.51
2018.08.15 16:00,1176.51,1178.94,1173.12,1174.63
2018.08.15 20:00,1174.63,1176.38,1173.33,1173.79
2018.08.16 00:00,1173.79,1173.86,1160.16,1172.74
2018.08.16 04:00,1172.71,1178.67,1171.56,1176.94
2018.08.16 08:00,1176.94,1181.98,1176.67,1180.65
2018.08.16 12:00,1180.63,1181.68,1174.79,1179.36
2018.08.16 16:00,1179.37,1179.82,1173.51,1173.76
2018.08.16 20:00,1173.75,1175.97,1173.41,1175.36
2018.08.17 00:00,1175.36,1179.28,1171.91,1176.29
2018.08.17 04:00,1176.30,1177.68,1173.48,1176.79
2018.08.17 08:00,1176.82,1179.83,1175.09,1176.58
2018.08.17 12:00,1176.57,1180.49,1175.46,1178.05
2018.08.17 16:00,1178.06,1184.41,1176.47,1184.24
2018.08.17 20:00,1184.24,1185.02,1183.12,1184.64
2018.08.19 20:00,1183.32,1183.85,1182.98,1183.59
2018.08.20 00:00,1183.50,1186.58,1182.92,1185.70
2018.08.20 04:00,1185.68,1188.55,1185.26,1187.95
2018.08.20 08:00,1187.92,1189.78,1185.96,1186.40
2018.08.20 12:00,1186.38,1188.60,1184.72,1186.69
2018.08.20 16:00,1186.67,1190.86,1186.57,1190.14
2018.08.20 20:00,1190.13,1191.31,1189.51,1191.19
2018.08.21 00:00,1191.18,1194.69,1191.10,1194.16
2018.08.21 04:00,1194.14,1196.37,1193.65,1193.98
2018.08.21 08:00,1193.97,1195.83,1192.12,1192.61
2018.08.21 12:00,1192.62,1192.70,1187.68,1189.52
2018.08.21 16:00,1189.52,1194.68,1188.97,1193.84
2018.08.21 20:00,1193.84,1197.02,1193.84,1196.05
2018.08.22 00:00,1196.04,1197.78,1194.64,1195.42
2018.08.22 04:00,1195.47,1195.93,1192.57,1194.08
2018.08.22 08:00,1194.07,1200.29,1193.08,1199.36
2018.08.22 12:00,1199.35,1201.58,1194.49,1195.92
2018.08.22 16:00,1195.93,1198.90,1194.47,1196.47
2018.08.22 20:00,1196.54,1196.95,1194.93,1195.12
2018.08.23 00:00,1195.11,1195.50,1190.29,1191.19
2018.08.23 04:00,1191.19,1192.95,1186.34,1189.08
2018.08.23 08:00,1189.08,1191.17,1186.67,1189.68
2018.08.23 12:00,1189.73,1192.92,1188.50,1189.03
2018.08.23 16:00,1189.02,1189.26,1183.89,1185.23
2018.08.23 20:00,1185.24,1185.80,1184.09,1184.51
2018.08.24 00:00,1184.52,1187.93,1183.13,1186.90
2018.08.24 04:00,1186.87,1190.16,1186.77,1189.03
2018.08.24 08:00,1188.99,1193.33,1188.94,1191.98
2018.08.24 12:00,1191.97,1208.58,1191.78,1208.41
2018.08.24 16:00,1208.42,1208.42,1204.52,1205.42
2018.08.24 20:00,1205.55,1206.22,1205.03,1205.73
2018.08.26 20:00,1206.55,1207.94,1206.12,1207.76
2018.08.27 00:00,1207.85,1207.85,1203.54,1207.14
2018.08.27 04:00,1207.16,1207.46,1204.22,1204.51
2018.08.27 08:00,1204.51,1206.08,1203.15,1206.04
2018.08.27 12:00,1206.09,1212.38,1205.26,1209.42
2018.08.27 16:00,1209.41,1211.21,1208.08,1210.38
2018.08.27 20:00,1210.37,1211.30,1210.12,1211.08
2018.08.28 00:00,1211.10,1212.45,1208.06,1209.15
2018.08.28 04:00,1209.11,1212.41,1208.48,1210.89
2018.08.28 08:00,1210.87,1214.29,1210.62,1212.57
2018.08.28 12:00,1212.57,1214.18,1206.89,1208.75
2018.08.28 16:00,1208.77,1208.91,1199.65,1201.19
2018.08.28 20:00,1201.13,1202.70,1200.15,1202.69
2018.08.29 00:00,1202.69,1204.73,1201.66,1204.29
2018.08.29 04:00,1204.28,1205.82,1201.43,1202.61
2018.08.29 08:00,1202.61,1205.03,1201.77,1202.22
2018.08.29 12:00,1202.28,1206.69,1202.11,1204.22
2018.08.29 16:00,1204.21,1206.46,1204.21,1206.32
2018.08.29 20:00,1206.30,1207.84,1206.21,1207.20
2018.08.30 00:00,1207.20,1207.28,1203.51,1204.28
2018.08.30 04:00,1204.29,1205.13,1200.45,1203.31
2018.08.30 08:00,1203.31,1205.38,1201.30,1204.16
2018.08.30 12:00,1204.14,1206.81,1196.32,1199.19
2018.08.30 16:00,1199.20,1200.93,1197.76,1200.39
2018.08.30 20:00,1200.38,1200.51,1199.50,1199.92
2018.08.31 00:00,1199.88,1203.04,1198.61,1202.70
2018.08.31 04:00,1202.72,1208.34,1202.66,1208.01
2018.08.31 08:00,1208.01,1208.85,1202.68,1204.05
2018.08.31 12:00,1203.96,1205.01,1199.31,1200.18
2018.08.31 16:00,1200.18,1202.49,1198.30,1199.37
2018.08.31 20:00,1199.36,1201.03,1199.13,1200.97
2018.09.02 20:00,1199.72,1200.07,1198.77,1199.14
2018.09.03 00:00,1199.14,1200.65,1195.69,1199.65
2018.09.03 04:00,1199.68,1202.96,1198.92,1202.26
2018.09.03 08:00,1202.33,1203.85,1199.55,1199.87
2018.09.03 12:00,1199.96,1202.29,1198.73,1200.89
2018.09.03 16:00,1200.87,1201.52,1200.86,1200.93
2018.09.03 20:00,1201.06,1201.70,1200.65,1200.79
2018.09.04 00:00,1200.80,1202.00,1199.11,1199.71
2018.09.04 04:00,1199.70,1201.21,1193.94,1194.83
2018.09.04 08:00,1194.82,1196.60,1191.76,1194.18
2018.09.04 12:00,1194.18,1195.54,1189.64,1191.73
2018.09.04 16:00,1191.76,1194.58,1191.18,1193.20
2018.09.04 20:00,1193.20,1193.38,1190.76,1192.03
2018.09.05 00:00,1192.13,1194.60,1190.90,1193.61
2018.09.05 04:00,1193.58,1195.89,1191.90,1193.27
2018.09.05 08:00,1193.26,1195.47,1192.71,1193.60
2018.09.05 12:00,1193.61,1198.38,1193.51,1196.74
2018.09.05 16:00,1196.75,1197.32,1195.10,1196.99
2018.09.05 20:00,1196.99,1197.75,1196.08,1197.12
2018.09.06 00:00,1197.11,1199.91,1197.11,1198.20
2018.09.06 04:00,1198.19,1199.62,1195.82,1198.99
2018.09.06 08:00,1199.02,1206.41,1198.94,1204.82
2018.09.06 12:00,1204.82,1206.95,1196.73,1199.00
2018.09.06 16:00,1199.00,1201.19,1197.78,1199.58
2018.09.06 20:00,1199.55,1201.38,1199.48,1201.14
2018.09.07 00:00,1201.15,1203.51,1199.24,1200.50
2018.09.07 04:00,1200.53,1202.09,1198.31,1199.86
2018.09.07 08:00,1199.77,1202.28,1199.51,1201.32
2018.09.07 12:00,1201.29,1202.08,1193.45,1197.07
2018.09.07 16:00,1197.10,1197.99,1193.83,1196.18
2018.09.07 20:00,1196.18,1196.58,1195.53,1195.68
2018.09.09 20:00,1195.09,1196.33,1194.98,1196.13
2018.09.10 00:00,1196.16,1196.31,1194.03,1194.39
2018.09.10 04:00,1194.38,1196.08,1191.70,1195.33
2018.09.10 08:00,1195.34,1195.99,1191.97,1192.72
2018.09.10 12:00,1192.80,1198.49,1191.53,1196.75
2018.09.10 16:00,1196.76,1197.09,1193.77,1195.43
2018.09.10 20:00,1195.44,1195.94,1194.93,1195.07
2018.09.11 00:00,1195.07,1196.21,1193.09,1193.98
2018.09.11 04:00,1194.01,1197.16,1193.37,1195.98
2018.09.11 08:00,1195.98,1196.79,1193.06,1194.24
2018.09.11 12:00,1194.23,1196.05,1187.72,1195.66
2018.09.11 16:00,1195.66,1197.73,1195.01,1196.15
2018.09.11 20:00,1196.22,1199.37,1196.18,1196.99
2018.09.12 00:00,1197.05,1198.25,1193.51,1194.12
2018.09.12 04:00,1194.12,1196.54,1192.72,1196.33
2018.09.12 08:00,1196.33,1197.73,1193.26,1194.08
2018.09.12 12:00,1194.07,1204.30,1192.97,1202.29
2018.09.12 16:00,1202.28,1208.47,1202.28,1206.16
2018.09.12 20:00,1206.15,1206.77,1205.70,1206.21
2018.09.13 00:00,1206.19,1207.21,1204.07,1205.65
2018.09.13 04:00,1205.65,1206.69,1203.39,1205.55
2018.09.13 08:00,1205.56,1207.22,1204.16,1205.97
2018.09.13 12:00,1205.97,1212.64,1201.52,1202.84
2018.09.13 16:00,1202.85,1204.31,1200.20,1201.94
2018.09.13 20:00,1202.01,1202.84,1201.22,1202.13
2018.09.14 00:00,1202.13,1205.81,1202.01,1205.36
2018.09.14 04:00,1205.35,1208.55,1204.17,1207.66
2018.09.14 08:00,1207.62,1208.16,1204.25,1204.57
2018.09.14 12:00,1204.57,1206.75,1195.85,1197.08
2018.09.14 16:00,1197.05,1197.16,1192.94,1193.97
2018.09.14 20:00,1194.00,1194.46,1193.04,1193.57
2018.09.16 20:00,1194.23,1194.44,1193.09,1193.44
2018.09.17 00:00,1193.44,1195.87,1192.82,1195.28
2018.09.17 04:00,1195.28,1197.30,1194.05,1196.79
2018.09.17 08:00,1196.79,1198.64,1195.94,1197.57
2018.09.17 12:00,1197.56,1204.76,1197.46,1202.93
2018.09.17 16:00,1202.94,1203.03,1199.87,1200.46
2018.09.17 20:00,1200.45,1201.31,1197.69,1198.39
2018.09.18 00:00,1198.45,1199.72,1197.00,1198.90
2018.09.18 04:00,1198.89,1200.74,1195.84,1197.51
2018.09.18 08:00,1197.53,1203.05,1197.53,1202.21
2018.09.18 12:00,1202.22,1203.53,1197.71,1199.17
2018.09.18 16:00,1199.19,1199.67,1196.95,1198.35
2018.09.18 20:00,1198.35,1199.77,1198.04,1199.54
2018.09.19 00:00,1199.54,1201.10,1198.18,1201.10
2018.09.19 04:00,1201.10,1204.59,1200.79,1203.00
2018.09.19 08:00,1203.00,1204.26,1202.12,1202.88
2018.09.19 12:00,1202.88,1206.20,1201.23,1203.55
2018.09.19 16:00,1203.54,1204.71,1202.50,1203.50
2018.09.19 20:00,1203.53,1204.17,1203.35,1203.95
2018.09.20 00:00,1203.94,1206.59,1203.09,1205.19
2018.09.20 04:00,1205.18,1206.21,1202.22,1202.24
2018.09.20 08:00,1202.29,1205.74,1201.30,1205.62
2018.09.20 12:00,1205.60,1208.40,1203.05,1203.63
2018.09.20 16:00,1203.62,1207.91,1203.43,1207.20
2018.09.20 20:00,1207.20,1207.78,1206.74,1207.43
2018.09.21 00:00,1207.29,1210.01,1207.29,1209.14
2018.09.21 04:00,1209.13,1211.03,1208.19,1208.77
2018.09.21 08:00,1208.75,1209.22,1204.18,1204.55
2018.09.21 12:00,1204.55,1205.17,1191.82,1196.16
2018.09.21 16:00,1196.22,1198.98,1195.88,1198.92
2018.09.21 20:00,1198.91,1199.65,1198.70,1199.32
2018.09.23 20:00,1197.78,1198.51,1197.10,1197.97
2018.09.24 00:00,1197.97,1198.29,1195.88,1196.85
2018.09.24 04:00,1196.92,1198.77,1194.43,1197.56
2018.09.24 08:00,1197.47,1200.37,1197.21,1199.79
2018.09.24 12:00,1199.83,1204.11,1197.80,1201.54
2018.09.24 16:00,1201.55,1201.73,1198.45,1198.84
2018.09.24 20:00,1198.87,1199.45,1198.45,1199.33
2018.09.25 00:00,1199.33,1199.44,1197.09,1198.36
2018.09.25 04:00,1198.36,1200.75,1198.23,1199.68
2018.09.25 08:00,1199.68,1201.95,1198.32,1201.35
2018.09.25 12:00,1201.37,1203.31,1200.32,1201.24
2018.09.25 16:00,1201.25,1201.85,1200.00,1200.98
2018.09.25 20:00,1200.93,1201.94,1200.71,1201.24
2018.09.26 00:00,1200.87,1202.31,1199.93,1201.76
2018.09.26 04:00,1201.83,1202.45,1198.82,1200.12
2018.09.26 08:00,1200.11,1200.69,1197.00,1197.44
2018.09.26 12:00,1197.44,1198.02,1193.72,1194.70
2018.09.26 16:00,1194.73,1200.18,1190.52,1194.57
2018.09.26 20:00,1194.56,1196.63,1194.12,1196.52
2018.09.27 00:00,1196.50,1198.61,1195.42,1198.07
2018.09.27 04:00,1198.08,1198.41,1194.47,1196.29
2018.09.27 08:00,1196.29,1197.41,1192.92,1193.46
2018.09.27 12:00,1193.47,1193.82,1181.90,1184.20
2018.09.27 16:00,1184.14,1185.36,1182.95,1184.19
2018.09.27 20:00,1184.20,1184.26,1182.43,1183.59
2018.09.28 00:00,1183.19,1185.19,1183.02,1184.98
2018.09.28 04:00,1184.98,1185.51,1180.73,1182.68
2018.09.28 08:00,1182.68,1184.85,1181.77,1183.35
2018.09.28 12:00,1183.35,1193.56,1182.46,1192.54
2018.09.28 16:00,1192.55,1193.81,1190.70,1191.67
2018.09.28 20:00,1191.72,1192.05,1191.02,1191.95
2018.09.30 20:00,1191.48,1192.18,1190.70,1190.91
2018.10.01 00:00,1191.00,1191.21,1188.11,1188.90
2018.10.01 04:00,1188.93,1189.62,1185.79,1186.86
2018.10.01 08:00,1186.81,1187.96,1184.60,1187.11
2018.10.01 12:00,1187.10,1192.09,1185.18,1188.22
2018.10.01 16:00,1188.17,1190.18,1187.81,1189.54
2018.10.01 20:00,1189.57,1190.12,1188.49,1189.03
2018.10.02 00:00,1189.03,1191.78,1188.75,1191.40
2018.10.02 04:00,1191.39,1194.54,1191.34,1193.12
2018.10.02 08:00,1193.09,1194.71,1189.15,1190.72
2018.10.02 12:00,1190.79,1208.21,1190.56,1204.77
2018.10.02 16:00,1204.77,1206.00,1201.40,1203.24
2018.10.02 20:00,1203.23,1205.69,1202.71,1205.59
2018.10.03 00:00,1205.73,1208.28,1205.50,1206.81
2018.10.03 04:00,1206.84,1207.28,1202.89,1203.76
2018.10.03 08:00,1203.80,1205.17,1201.83,1202.48
2018.10.03 12:00,1202.49,1205.22,1198.07,1199.95
2018.10.03 16:00,1199.93,1200.37,1196.96,1198.45
2018.10.03 20:00,1198.48,1198.89,1196.60,1197.96
2018.10.04 00:00,1198.08,1198.90,1196.14,1196.47
2018.10.04 04:00,1196.48,1200.47,1195.99,1200.04
2018.10.04 08:00,1200.04,1202.93,1198.00,1202.21
2018.10.04 12:00,1202.20,1206.75,1200.34,1201.15
2018.10.04 16:00,1201.18,1202.12,1196.90,1199.27
2018.10.04 20:00,1199.34,1200.32,1198.67,1199.13
2018.10.05 00:00,1199.13,1200.15,1197.80,1198.85
2018.10.05 04:00,1198.92,1199.78,1197.26,1199.19
2018.10.05 08:00,1199.26,1203.40,1198.25,1202.64
2018.10.05 12:00,1202.55,1205.80,1199.59,1201.13
2018.10.05 16:00,1201.12,1204.07,1200.31,1203.10
2018.10.05 20:00,1203.09,1203.96,1202.65,1202.67
2018.10.07 20:00,1203.18,1204.01,1202.91,1203.82
2018.10.08 00:00,1203.83,1204.08,1195.36,1196.70
2018.10.08 04:00,1196.71,1197.28,1193.91,1193.96
2018.10.08 08:00,1193.96,1195.04,1193.01,1194.34
2018.10.08 12:00,1194.31,1194.38,1183.67,1185.67
2018.10.08 16:00,1185.68,1188.95,1184.85,1188.92
2018.10.08 20:00,1188.90,1190.71,1187.46,1190.71
2018.10.09 00:00,1190.65,1191.40,1189.15,1191.03
2018.10.09 04:00,1191.00,1191.91,1188.46,1189.07
2018.10.09 08:00,1189.07,1190.30,1185.13,1186.80
2018.10.09 12:00,1186.79,1190.45,1183.30,1189.18
2018.10.09 16:00,1189.17,1190.62,1187.10,1190.20
2018.10.09 20:00,1190.18,1190.48,1188.97,1189.88
2018.10.10 00:00,1189.85,1191.34,1188.71,1189.52
2018.10.10 04:00,1189.47,1191.06,1187.96,1188.84
2018.10.10 08:00,1188.84,1189.69,1185.69,1186.36
2018.10.10 12:00,1186.37,1190.13,1185.33,1189.34
2018.10.10 16:00,1189.37,1193.64,1188.71,1193.03
2018.10.10 20:00,1192.97,1194.76,1192.56,1193.93
2018.10.11 00:00,1193.95,1195.11,1191.28,1193.39
2018.10.11 04:00,1193.38,1198.26,1191.81,1197.55
2018.10.11 08:00,1197.56,1205.63,1196.87,1203.80
2018.10.11 12:00,1203.81,1220.72,1202.97,1219.52
2018.10.11 16:00,1219.52,1226.31,1218.29,1222.82
2018.10.11 20:00,1222.88,1225.23,1221.12,1221.30
2018.10.12 00:00,1221.36,1222.14,1217.66,1220.36
2018.10.12 04:00,1220.36,1221.33,1215.83,1218.59
2018.10.12 08:00,1218.58,1222.19,1216.23,1221.64
2018.10.12 12:00,1221.74,1223.44,1216.32,1219.66
2018.10.12 16:00,1219.66,1220.58,1217.29,1217.93
2018.10.12 20:00,1217.89,1218.24,1217.49,1217.78
2018.10.14 20:00,1218.91,1220.29,1218.91,1219.27
2018.10.15 00:00,1219.25,1222.15,1219.25,1221.78
2018.10.15 04:00,1221.78,1229.17,1221.29,1227.23
2018.10.15 08:00,1227.21,1233.27,1227.21,1228.92
2018.10.15 12:00,1228.90,1232.02,1224.23,1228.23
2018.10.15 16:00,1228.22,1228.94,1224.94,1225.42
2018.10.15 20:00,1225.43,1227.69,1225.28,1226.80
2018.10.16 00:00,1226.75,1228.58,1225.50,1226.61
2018.10.16 04:00,1226.62,1229.74,1225.02,1229.38
2018.10.16 08:00,1229.38,1230.38,1226.39,1230.02
2018.10.16 12:00,1230.07,1232.42,1227.39,1228.29
2018.10.16 16:00,1228.30,1229.04,1224.32,1224.74
2018.10.16 20:00,1224.75,1225.86,1223.36,1224.96
2018.10.17 00:00,1224.77,1225.78,1221.62,1221.84
2018.10.17 04:00,1221.83,1223.99,1220.64,1221.88
2018.10.17 08:00,1221.86,1228.14,1221.86,1225.86
2018.10.17 12:00,1225.89,1229.50,1225.05,1226.53
2018.10.17 16:00,1226.51,1227.44,1222.74,1223.45
2018.10.17 20:00,1223.51,1223.87,1221.74,1222.25
2018.10.18 00:00,1222.25,1223.92,1221.52,1223.63
2018.10.18 04:00,1223.66,1224.15,1218.69,1222.55
2018.10.18 08:00,1222.56,1224.80,1221.43,1224.57
2018.10.18 12:00,1224.56,1230.12,1221.13,1229.37
2018.10.18 16:00,1229.35,1230.09,1224.55,1225.06
2018.10.18 20:00,1225.07,1226.39,1225.06,1225.84
2018.10.19 00:00,1226.24,1228.74,1225.15,1227.24
2018.10.19 04:00,1227.30,1229.51,1223.12,1226.88
2018.10.19 08:00,1226.88,1229.04,1225.67,1228.34
2018.10.19 12:00,1228.34,1230.77,1226.05,1226.82
2018.10.19 16:00,1226.82,1228.25,1225.53,1226.39
2018.10.19 20:00,1226.38,1226.85,1226.07,1226.17
2018.10.21 20:00,1227.23,1227.64,1226.74,1227.33
2018.10.22 00:00,1227.35,1229.56,1226.24,1228.23
2018.10.22 04:00,1228.23,1228.35,1225.29,1225.61
2018.10.22 08:00,1225.61,1225.68,1222.31,1222.68
2018.10.22 12:00,1222.63,1224.47,1220.13,1221.47
2018.10.22 16:00,1221.44,1223.65,1221.09,1222.78
2018.10.22 20:00,1222.77,1222.93,1221.47,1222.35
2018.10.23 00:00,1222.45,1224.47,1221.91,1223.68
2018.10.23 04:00,1223.67,1232.58,1223.38,1232.10
2018.10.23 08:00,1232.11,1238.38,1232.10,1236.83
2018.10.23 12:00,1236.81,1239.75,1231.33,1233.40
2018.10.23 16:00,1233.40,1233.97,1229.77,1230.08
2018.10.23 20:00,1230.09,1231.97,1229.95,1230.98
2018.10.24 00:00,1230.93,1233.62,1230.90,1231.32
2018.10.24 04:00,1231.31,1233.39,1230.01,1231.68
2018.10.24 08:00,1231.62,1232.16,1227.91,1227.91
2018.10.24 12:00,1227.88,1233.04,1225.65,1228.40
2018.10.24 16:00,1228.50,1233.25,1227.36,1232.68
2018.10.24 20:00,1232.69,1235.27,1231.83,1235.24
2018.10.25 00:00,1235.20,1237.90,1235.07,1237.39
2018.10.25 04:00,1237.40,1239.21,1230.12,1231.94
2018.10.25 08:00,1231.94,1233.65,1231.18,1232.01
2018.10.25 12:00,1232.01,1235.43,1228.29,1229.74
2018.10.25 16:00,1229.75,1230.66,1228.11,1230.18
2018.10.25 20:00,1230.18,1233.14,1230.18,1231.78
2018.10.26 00:00,1231.72,1232.95,1230.06,1232.29
2018.10.26 04:00,1232.28,1236.74,1231.15,1236.42
2018.10.26 08:00,1236.42,1238.56,1234.56,1235.34
2018.10.26 12:00,1235.33,1243.41,1232.10,1240.11
2018.10.26 16:00,1240.11,1240.13,1232.13,1233.96
2018.10.26 20:00,1233.98,1234.21,1232.98,1233.40
2018.10.28 20:00,1233.27,1234.05,1232.78,1232.84
2018.10.29 00:00,1232.79,1235.37,1231.84,1233.56
2018.10.29 04:00,1233.56,1233.98,1230.08,1230.76
2018.10.29 08:00,1230.68,1231.65,1227.69,1228.82
2018.10.29 12:00,1228.80,1231.97,1228.76,1230.30
2018.10.29 16:00,1230.32,1230.81,1224.35,1229.15
2018.10.29 20:00,1229.19,1230.29,1228.83,1230.11
2018.10.30 00:00,1230.10,1230.60,1226.44,1227.90
2018.10.30 04:00,1227.89,1228.75,1223.85,1224.15
2018.10.30 08:00,1224.13,1224.74,1219.91,1221.16
2018.10.30 12:00,1221.15,1226.53,1221.04,1224.42
2018.10.30 16:00,1224.36,1224.82,1222.35,1223.61
2018.10.30 20:00,1223.62,1224.06,1222.34,1222.58
2018.10.31 00:00,1222.58,1222.58,1215.49,1217.74
2018.10.31 04:00,1217.66,1218.71,1215.61,1215.67
2018.10.31 08:00,1215.64,1218.72,1214.78,1218.55
2018.10.31 12:00,1218.57,1218.69,1211.99,1216.67
2018.10.31 16:00,1216.66,1217.28,1212.54,1216.80
2018.10.31 20:00,1216.81,1216.82,1214.46,1216.03
2018.11.01 00:00,1216.03,1218.13,1215.92,1217.80
2018.11.01 04:00,1217.82,1224.59,1217.49,1224.34
2018.11.01 08:00,1224.33,1226.77,1222.44,1225.02
2018.11.01 12:00,1225.01,1233.63,1225.00,1230.63
2018.11.01 16:00,1230.62,1237.34,1230.53,1233.18
2018.11.01 20:00,1233.27,1234.42,1232.66,1232.99
2018.11.02 00:00,1232.99,1234.41,1231.15,1232.30
2018.11.02 04:00,1232.28,1234.90,1230.92,1233.99
2018.11.02 08:00,1234.01,1236.39,1233.04,1235.32
2018.11.02 12:00,1235.22,1236.42,1229.74,1231.50
2018.11.02 16:00,1231.50,1233.51,1230.39,1233.08
2018.11.02 20:00,1233.09,1233.28,1232.73,1232.74
2018.11.04 20:00,1233.03,1234.22,1232.63,1234.09
2018.11.05 00:00,1234.13,1235.17,1231.54,1232.07
2018.11.05 04:00,1232.07,1233.46,1230.62,1232.52
2018.11.05 08:00,1232.66,1234.36,1230.87,1232.12
2018.11.05 12:00,1232.13,1233.27,1226.88,1231.38
2018.11.05 16:00,1231.37,1231.55,1228.83,1230.16
2018.11.05 20:00,1230.22,1231.78,1230.09,1231.06
2018.11.06 00:00,1231.06,1231.58,1228.98,1229.38
2018.11.06 04:00,1229.42,1231.97,1228.69,1231.91
2018.11.06 08:00,1231.89,1235.91,1231.75,1235.79
2018.11.06 12:00,1235.79,1235.90,1227.76,1229.01
2018.11.06 16:00,1229.00,1229.10,1223.48,1225.82
2018.11.06 20:00,1225.82,1227.93,1225.65,1227.93
2018.11.07 00:00,1227.92,1232.19,1223.03,1229.60
2018.11.07 04:00,1229.59,1231.69,1227.76,1230.50
2018.11.07 08:00,1230.53,1236.39,1230.45,1232.89
2018.11.07 12:00,1232.85,1233.22,1226.35,1227.85
2018.11.07 16:00,1227.85,1229.01,1225.84,1227.55
2018.11.07 20:00,1227.62,1227.72,1225.29,1226.05
2018.11.08 00:00,1225.84,1226.86,1223.70,1224.08
2018.11.08 04:00,1224.08,1226.00,1221.36,1225.04
2018.11.08 08:00,1225.10,1225.57,1221.89,1223.31
2018.11.08 12:00,1223.31,1226.26,1220.17,1224.17
2018.11.08 16:00,1224.16,1226.90,1221.30,1221.60
2018.11.08 20:00,1221.40,1223.95,1220.95,1223.06
2018.11.09 00:00,1223.06,1223.20,1218.40,1218.44
2018.11.09 04:00,1218.44,1220.59,1217.87,1219.79
2018.11.09 08:00,1219.77,1221.73,1218.07,1219.01
2018.11.09 12:00,1219.01,1219.13,1209.31,1212.14
2018.11.09 16:00,1212.20,1212.93,1206.77,1209.21
2018.11.09 20:00,1209.22,1209.86,1208.39,1209.83
2018.11.11 20:00,1209.70,1210.76,1209.18,1210.74
2018.11.12 00:00,1210.76,1211.47,1208.95,1210.11
2018.11.12 04:00,1210.08,1210.61,1203.91,1204.72
2018.11.12 08:00,1204.62,1207.73,1204.06,1206.83
2018.11.12 12:00,1206.83,1207.74,1202.52,1203.82
2018.11.12 16:00,1203.92,1204.50,1200.96,1200.99
2018.11.12 20:00,1200.99,1202.37,1200.16,1202.33
2018.11.13 00:00,1202.37,1205.21,1201.55,1204.58
2018.11.13 04:00,1204.58,1205.04,1202.23,1202.79
2018.11.13 08:00,1202.85,1203.46,1196.31,1198.49
2018.11.13 12:00,1198.49,1204.27,1198.13,1203.60
2018.11.13 16:00,1203.64,1204.41,1199.82,1200.26
2018.11.13 20:00,1200.26,1203.62,1199.66,1203.07
2018.11.14 00:00,1203.16,1204.55,1201.64,1203.64
2018.11.14 04:00,1203.66,1203.78,1201.53,1201.88
2018.11.14 08:00,1201.89,1201.89,1197.70,1199.87
2018.11.14 12:00,1199.85,1203.29,1198.54,1201.82
2018.11.14 16:00,1201.83,1216.56,1201.16,1211.62
2018.11.14 20:00,1211.57,1212.76,1210.25,1210.99
2018.11.15 00:00,1210.99,1211.89,1208.31,1210.69
2018.11.15 04:00,1210.70,1213.68,1210.41,1212.03
2018.11.15 08:00,1212.04,1216.45,1209.09,1210.41
2018.11.15 12:00,1210.35,1215.83,1208.06,1213.46
2018.11.15 16:00,1213.45,1215.16,1211.40,1214.40
2018.11.15 20:00,1214.41,1214.52,1212.93,1213.95
2018.11.16 00:00,1213.98,1216.81,1213.94,1214.89
2018.11.16 04:00,1214.88,1216.02,1214.15,1215.00
2018.11.16 08:00,1215.01,1218.32,1214.83,1216.29
2018.11.16 12:00,1216.29,1225.29,1215.54,1220.92
2018.11.16 16:00,1220.91,1223.58,1220.52,1221.51
2018.11.16 20:00,1221.55,1222.22,1221.27,1221.74
2018.11.18 20:00,1222.34,1222.71,1221.58,1222.53
2018.11.19 00:00,1222.53,1223.57,1220.40,1220.57
2018.11.19 04:00,1220.56,1220.95,1218.01,1220.74
2018.11.19 08:00,1220.73,1223.07,1218.59,1221.84
2018.11.19 12:00,1221.83,1223.92,1219.15,1222.66
2018.11.19 16:00,1222.66,1225.18,1221.43,1223.93
2018.11.19 20:00,1223.93,1224.51,1223.18,1224.13
2018.11.20 00:00,1224.03,1224.03,1221.29,1221.80
2018.11.20 04:00,1221.81,1225.42,1221.14,1224.69
2018.11.20 08:00,1224.68,1226.02,1221.59,1224.36
2018.11.20 12:00,1224.35,1228.76,1220.43,1223.39
2018.11.20 16:00,1223.40,1224.31,1219.97,1221.28
2018.11.20 20:00,1221.27,1222.36,1220.77,1221.67
2018.11.21 00:00,1221.55,1221.89,1219.76,1220.66
2018.11.21 04:00,1220.65,1223.63,1220.09,1222.87
2018.11.21 08:00,1222.85,1225.46,1222.25,1223.40
2018.11.21 12:00,1223.41,1230.04,1222.54,1226.97
2018.11.21 16:00,1227.02,1227.84,1225.01,1226.82
2018.11.21 20:00,1226.75,1226.97,1224.84,1225.76
2018.11.22 00:00,1226.06,1227.71,1224.87,1226.92
2018.11.22 04:00,1226.95,1228.37,1226.18,1227.19
2018.11.22 08:00,1227.22,1229.08,1226.53,1228.53
2018.11.22 12:00,1228.52,1228.80,1226.72,1227.58
2018.11.22 16:00,1227.58,1227.96,1226.98,1227.34
2018.11.23 00:00,1227.40,1228.22,1226.31,1228.03
2018.11.23 04:00,1228.02,1228.56,1222.94,1224.14
2018.11.23 08:00,1224.15,1224.49,1220.92,1221.44
2018.11.23 12:00,1221.44,1225.29,1220.35,1222.86
2018.11.23 16:00,1222.88,1223.75,1222.19,1222.75
2018.11.25 20:00,1223.49,1224.41,1223.31,1224.38
2018.11.26 00:00,1223.78,1224.88,1222.25,1224.00
2018.11.26 04:00,1223.99,1227.27,1223.47,1227.27
2018.11.26 08:00,1227.28,1228.06,1225.28,1226.34
2018.11.26 12:00,1226.32,1226.58,1222.42,1222.97
2018.11.26 16:00,1222.94,1223.55,1221.75,1222.04
2018.11.26 20:00,1222.05,1222.94,1221.75,1222.65
2018.11.27 00:00,1222.70,1223.32,1220.94,1221.56
2018.11.27 04:00,1221.58,1223.03,1219.70,1220.16
2018.11.27 08:00,1220.13,1224.93,1219.54,1223.55
2018.11.27 12:00,1223.55,1225.26,1214.59,1214.96
2018.11.27 16:00,1214.95,1215.29,1211.90,1213.43
2018.11.27 20:00,1213.34,1215.17,1212.91,1214.51
2018.11.28 00:00,1214.51,1215.40,1213.65,1214.60
2018.11.28 04:00,1214.60,1215.04,1212.66,1212.97
2018.11.28 08:00,1212.98,1215.16,1212.42,1214.71
2018.11.28 12:00,1214.70,1215.50,1211.24,1212.90
2018.11.28 16:00,1212.86,1226.56,1212.76,1222.47
2018.11.28 20:00,1222.46,1222.53,1220.19,1221.05
2018.11.29 00:00,1221.05,1224.16,1220.72,1223.53
2018.11.29 04:00,1223.52,1227.11,1223.32,1226.13
2018.11.29 08:00,1226.12,1227.34,1224.64,1225.19
2018.11.29 12:00,1225.19,1228.23,1224.29,1227.70
2018.11.29 16:00,1227.71,1229.00,1222.28,1224.14
2018.11.29 20:00,1224.15,1224.86,1223.44,1224.29
2018.11.30 00:00,1224.27,1225.50,1223.57,1224.86
2018.11.30 04:00,1224.84,1225.11,1223.77,1224.39
2018.11.30 08:00,1224.41,1224.50,1220.81,1222.34
2018.11.30 12:00,1222.32,1223.07,1216.68,1218.91
2018.11.30 16:00,1218.90,1222.98,1218.32,1220.92
2018.11.30 20:00,1220.95,1222.47,1220.66,1222.15
2018.12.02 20:00,1220.87,1223.61,1220.87,1222.11
2018.12.03 00:00,1222.12,1224.96,1221.30,1224.86
2018.12.03 04:00,1224.87,1232.24,1224.83,1231.63
2018.12.03 08:00,1231.61,1232.05,1228.00,1229.03
2018.12.03 12:00,1229.02,1234.90,1227.87,1233.01
2018.12.03 16:00,1233.00,1234.80,1230.72,1231.07
2018.12.03 20:00,1231.08,1231.66,1230.01,1231.21
2018.12.04 00:00,1230.83,1235.98,1230.52,1235.52
2018.12.04 04:00,1235.53,1238.38,1235.31,1236.68
2018.12.04 08:00,1236.68,1241.14,1236.16,1239.13
2018.12.04 12:00,1239.12,1241.94,1237.72,1238.31
2018.12.04 16:00,1238.30,1241.38,1236.71,1237.74
2018.12.04 20:00,1237.73,1239.25,1237.65,1238.74
2018.12.05 00:00,1238.56,1238.56,1234.61,1235.48
2018.12.05 04:00,1235.49,1235.99,1233.43,1234.14
2018.12.05 08:00,1234.12,1237.87,1233.32,1237.38
2018.12.05 12:00,1237.35,1238.71,1235.51,1237.33
2018.12.05 16:00,1237.33,1239.05,1236.02,1236.50
2018.12.05 20:00,1236.55,1238.62,1236.52,1238.29
2018.12.06 00:00,1238.31,1240.80,1237.32,1239.32
2018.12.06 04:00,1239.32,1240.25,1234.78,1235.02
2018.12.06 08:00,1235.06,1237.79,1234.77,1236.41
2018.12.06 12:00,1236.40,1244.33,1235.63,1241.56
2018.12.06 16:00,1241.61,1243.22,1237.04,1238.00
2018.12.06 20:00,1237.23,1238.31,1237.23,1237.43
2018.12.07 00:00,1237.42,1240.59,1237.40,1240.00
2018.12.07 04:00,1240.01,1240.49,1238.00,1240.12
2018.12.07 08:00,1240.12,1242.88,1239.33,1241.30
2018.12.07 12:00,1241.34,1246.80,1239.59,1245.15
2018.12.07 16:00,1245.16,1250.05,1244.11,1249.80
2018.12.07 20:00,1249.81,1250.03,1248.00,1248.24
2018.12.09 20:00,1249.74,1250.91,1248.88,1249.03
2018.12.10 00:00,1249.07,1250.33,1247.66,1248.94
2018.12.10 04:00,1248.94,1250.04,1247.00,1247.60
2018.12.10 08:00,1247.56,1248.87,1245.55,1245.66
2018.12.10 12:00,1245.65,1247.28,1243.46,1245.12
2018.12.10 16:00,1245.24,1247.04,1241.62,1242.99
2018.12.10 20:00,1242.99,1245.02,1242.98,1244.17
2018.12.11 00:00,1243.95,1246.27,1243.63,1245.83
2018.12.11 04:00,1245.82,1247.75,1245.63,1247.29
2018.12.11 08:00,1247.30,1249.51,1246.37,1247.35
2018.12.11 12:00,1247.29,1248.75,1243.29,1243.74
2018.12.11 16:00,1243.73,1245.11,1241.04,1242.31
2018.12.11 20:00,1242.28,1243.62,1242.28,1243.15
2018.12.12 00:00,1243.57,1246.12,1243.13,1244.83
2018.12.12 04:00,1244.83,1245.00,1242.17,1242.30
2018.12.12 08:00,1242.29,1245.05,1242.02,1244.43
2018.12.12 12:00,1244.34,1246.81,1243.06,1246.03
2018.12.12 16:00,1246.00,1247.22,1243.92,1245.22
2018.12.12 20:00,1245.23,1246.71,1245.09,1246.15
2018.12.13 00:00,1245.87,1245.97,1243.95,1244.67
2018.12.13 04:00,1244.67,1246.73,1244.22,1246.13
2018.12.13 08:00,1246.12,1246.61,1241.36,1241.97
2018.12.13 12:00,1241.98,1244.19,1240.15,1242.26
2018.12.13 16:00,1242.26,1243.85,1241.85,1241.92
2018.12.13 20:00,1241.93,1243.12,1241.62,1242.49
2018.12.14 00:00,1242.47,1243.06,1241.65,1242.05
2018.12.14 04:00,1242.05,1242.16,1237.42,1238.60
2018.12.14 08:00,1238.60,1239.82,1237.66,1238.26
2018.12.14 12:00,1238.27,1238.68,1232.92,1236.10
2018.12.14 16:00,1236.10,1240.37,1235.90,1238.61
2018.12.14 20:00,1238.63,1239.34,1237.54,1238.46
2018.12.16 20:00,1239.07,1239.07,1236.00,1237.18
2018.12.17 00:00,1237.12,1238.10,1235.80,1237.77
2018.12.17 04:00,1237.78,1239.05,1236.43,1238.91
2018.12.17 08:00,1238.91,1240.31,1237.62,1239.94
2018.12.17 12:00,1239.93,1242.74,1239.32,1242.60
2018.12.17 16:00,1242.62,1248.11,1242.17,1245.69
2018.12.17 20:00,1245.68,1246.80,1245.15,1245.93
2018.12.18 00:00,1245.96,1248.83,1245.43,1248.44
2018.12.18 04:00,1248.48,1248.97,1245.07,1247.92
2018.12.18 08:00,1247.91,1250.37,1247.55,1249.00
2018.12.18 12:00,1248.99,1249.23,1245.94,1246.63
2018.12.18 16:00,1246.66,1249.93,1246.21,1248.85
2018.12.18 20:00,1248.91,1250.04,1248.57,1249.49
2018.12.19 00:00,1249.82,1251.08,1248.51,1250.54
2018.12.19 04:00,1250.55,1251.33,1249.37,1249.79
2018.12.19 08:00,1249.78,1251.38,1246.81,1248.36
2018.12.19 12:00,1248.35,1258.02,1247.18,1254.43
2018.12.19 16:00,1254.41,1256.70,1242.00,1244.09
2018.12.19 20:00,1244.10,1244.98,1241.75,1244.11
2018.12.20 00:00,1243.79,1245.78,1242.75,1244.59
2018.12.20 04:00,1244.58,1248.75,1244.17,1248.56
2018.12.20 08:00,1248.57,1257.03,1248.34,1256.04
2018.12.20 12:00,1256.02,1262.04,1253.61,1256.36
2018.12.20 16:00,1256.36,1266.47,1255.88,1262.59
2018.12.20 20:00,1262.68,1264.03,1259.88,1262.01
2018.12.21 00:00,1262.01,1262.63,1259.93,1260.35
2018.12.21 04:00,1260.35,1261.71,1258.72,1261.47
2018.12.21 08:00,1261.47,1262.76,1256.18,1260.19
2018.12.21 12:00,1260.20,1262.08,1256.90,1259.12
2018.12.21 16:00,1259.11,1259.99,1253.93,1255.39
2018.12.21 20:00,1255.39,1255.86,1254.85,1255.39
2018.12.23 20:00,1257.17,1259.07,1257.17,1258.92
2018.12.24 00:00,1258.92,1264.11,1258.81,1264.03
2018.12.24 04:00,1264.03,1264.34,1262.12,1262.60
2018.12.24 08:00,1262.58,1265.33,1259.32,1260.98
2018.12.24 12:00,1260.98,1267.24,1260.83,1265.89
2018.12.24 16:00,1265.89,1269.54,1265.14,1268.20
2018.12.25 20:00,1269.10,1271.22,1267.20,1267.32
2018.12.26 00:00,1267.32,1272.95,1264.29,1272.42
2018.12.26 04:00,1272.42,1274.70,1271.28,1272.94
2018.12.26 08:00,1272.93,1274.29,1271.67,1273.07
2018.12.26 12:00,1273.04,1278.78,1271.04,1278.19
2018.12.26 16:00,1278.18,1279.09,1265.81,1266.51
2018.12.26 20:00,1266.44,1269.82,1264.66,1269.17
2018.12.27 00:00,1269.16,1272.32,1268.96,1269.33
2018.12.27 04:00,1269.34,1270.04,1266.67,1266.77
2018.12.27 08:00,1266.78,1273.76,1266.74,1271.07
2018.12.27 12:00,1271.06,1276.74,1270.79,1274.62
2018.12.27 16:00,1274.64,1278.93,1273.36,1276.02
2018.12.27 20:00,1276.09,1276.79,1274.08,1274.73
2018.12.28 00:00,1274.94,1278.44,1274.29,1277.89
2018.12.28 04:00,1277.89,1281.39,1277.18,1280.89
2018.12.28 08:00,1280.89,1282.13,1276.00,1278.66
2018.12.28 12:00,1278.57,1279.54,1276.03,1278.30
2018.12.28 16:00,1278.32,1280.88,1276.85,1279.45
2018.12.28 20:00,1279.45,1280.51,1279.32,1279.90
2018.12.30 20:00,1280.38,1280.59,1278.96,1279.79
2018.12.31 00:00,1279.78,1280.60,1277.44,1277.54
2018.12.31 04:00,1277.55,1281.12,1277.45,1281.12
2018.12.31 08:00,1281.12,1284.06,1280.54,1283.56
2018.12.31 12:00,1283.49,1284.02,1278.41,1280.48
2018.12.31 16:00,1280.46,1282.41,1278.19,1281.46
2018.12.31 20:00,1281.58,1282.42,1281.31,1282.07
2019.01.01 20:00,1282.53,1282.53,1280.75,1281.25
2019.01.02 00:00,1281.25,1283.40,1278.78,1282.29
2019.01.02 04:00,1282.28,1287.37,1282.07,1285.53
2019.01.02 08:00,1285.44,1288.73,1284.97,1286.46
2019.01.02 12:00,1286.46,1287.34,1282.36,1285.79
2019.01.02 16:00,1285.79,1287.70,1278.71,1281.55
2019.01.02 20:00,1281.55,1290.13,1280.79,1285.87
2019.01.03 00:00,1285.83,1289.69,1285.18,1287.91
2019.01.03 04:00,1287.90,1292.33,1287.74,1289.66
2019.01.03 08:00,1289.64,1290.72,1286.23,1287.21
2019.01.03 12:00,1287.26,1291.31,1284.59,1289.76
2019.01.03 16:00,1289.77,1293.45,1288.35,1293.35
2019.01.03 20:00,1293.35,1295.23,1292.27,1295.19
2019.01.04 00:00,1295.20,1298.53,1294.56,1295.60
2019.01.04 04:00,1295.57,1296.31,1293.04,1294.73
2019.01.04 08:00,1294.60,1295.34,1289.45,1291.29
2019.01.04 12:00,1291.30,1291.75,1276.64,1283.57
2019.01.04 16:00,1283.61,1286.19,1282.47,1284.33
2019.01.04 20:00,1284.33,1285.86,1284.12,1285.03
2019.01.06 20:00,1284.82,1286.27,1284.18,1284.26
2019.01.07 00:00,1284.25,1289.80,1282.68,1288.84
2019.01.07 04:00,1288.85,1291.93,1288.59,1291.42
2019.01.07 08:00,1291.42,1292.39,1289.85,1290.93
2019.01.07 12:00,1290.86,1295.05,1287.66,1288.85
2019.01.07 16:00,1288.85,1288.98,1286.19,1288.38
2019.01.07 20:00,1288.41,1289.63,1286.81,1288.88
2019.01.08 00:00,1288.87,1290.20,1283.36,1283.84
2019.01.08 04:00,1283.83,1284.74,1281.67,1282.76
2019.01.08 08:00,1282.79,1284.06,1282.13,1283.35
2019.01.08 12:00,1283.35,1286.33,1279.40,1285.04
2019.01.08 16:00,1285.03,1287.00,1283.88,1285.10
2019.01.08 20:00,1285.10,1285.33,1284.33,1285.16
2019.01.09 00:00,1285.15,1287.13,1283.25,1283.30
2019.01.09 04:00,1283.30,1283.64,1281.25,1282.47
2019.01.09 08:00,1282.44,1283.35,1280.15,1281.63
2019.01.09 12:00,1281.62,1291.80,1280.13,1290.08
2019.01.09 16:00,1290.09,1293.42,1287.74,1291.68
2019.01.09 20:00,1291.65,1293.86,1291.45,1292.93
2019.01.10 00:00,1292.93,1297.06,1291.63,1296.90
2019.01.10 04:00,1296.91,1297.04,1294.82,1295.52
2019.01.10 08:00,1295.45,1297.01,1291.60,1293.10
2019.01.10 12:00,1293.10,1294.62,1289.14,1290.07
2019.01.10 16:00,1290.11,1290.14,1286.51,1287.53
2019.01.10 20:00,1287.52,1288.08,1286.17,1287.98
2019.01.11 00:00,1287.97,1291.71,1287.56,1291.35
2019.01.11 04:00,1291.35,1294.61,1291.16,1293.63
2019.01.11 08:00,1293.65,1295.14,1291.20,1291.51
2019.01.11 12:00,1291.51,1293.51,1287.00,1290.28
2019.01.11 16:00,1290.28,1290.92,1287.79,1288.10
2019.01.11 20:00,1288.12,1288.48,1287.18,1288.16
2019.01.13 20:00,1287.62,1288.62,1287.39,1288.12
2019.01.14 00:00,1288.12,1292.70,1287.97,1290.98
2019.01.14 04:00,1290.97,1293.47,1290.20,1293.19
2019.01.14 08:00,1293.11,1295.87,1292.07,1295.65
2019.01.14 12:00,1295.58,1295.73,1288.47,1290.49
2019.01.14 16:00,1290.51,1292.33,1289.34,1291.89
2019.01.14 20:00,1291.89,1292.54,1291.06,1291.54
2019.01.15 00:00,1291.53,1293.38,1290.41,1291.33
2019.01.15 04:00,1291.27,1291.61,1289.40,1289.64
2019.01.15 08:00,1289.64,1291.25,1287.55,1291.16
2019.01.15 12:00,1291.16,1294.70,1288.35,1291.18
2019.01.15 16:00,1291.20,1291.20,1286.74,1290.34
2019.01.15 20:00,1290.35,1290.84,1288.69,1289.61
2019.01.16 00:00,1289.61,1291.19,1288.35,1288.81
2019.01.16 04:00,1288.79,1292.72,1288.79,1289.73
2019.01.16 08:00,1289.74,1291.71,1288.42,1288.74
2019.01.16 12:00,1288.74,1294.91,1287.92,1292.99
2019.01.16 16:00,1292.98,1294.96,1292.22,1293.22
2019.01.16 20:00,1293.22,1294.11,1292.51,1292.97
2019.01.17 00:00,1293.18,1295.33,1291.97,1292.50
2019.01.17 04:00,1292.50,1293.13,1291.32,1292.91
2019.01.17 08:00,1292.90,1295.01,1292.25,1294.05
2019.01.17 12:00,1294.06,1294.52,1288.78,1290.36
2019.01.17 16:00,1290.41,1293.26,1289.58,1290.80
2019.01.17 20:00,1290.79,1292.49,1290.65,1292.31
2019.01.18 00:00,1292.42,1292.43,1290.37,1291.73
2019.01.18 04:00,1291.74,1292.21,1289.90,1290.12
2019.01.18 08:00,1290.12,1290.19,1283.63,1284.81
2019.01.18 12:00,1284.80,1286.51,1281.23,1283.33
2019.01.18 16:00,1283.34,1284.37,1281.94,1282.05
2019.01.18 20:00,1282.05,1282.30,1280.65,1281.08
2019.01.20 20:00,1281.67,1283.26,1281.67,1282.61
2019.01.21 00:00,1282.61,1283.56,1281.60,1281.81
2019.01.21 04:00,1281.81,1283.47,1281.07,1282.55
2019.01.21 08:00,1282.49,1282.67,1277.52,1278.34
2019.01.21 12:00,1278.38,1280.98,1276.80,1280.39
2019.01.21 16:00,1280.42,1280.80,1279.87,1280.19
2019.01.22 00:00,1279.72,1280.31,1277.81,1278.86
2019.01.22 04:00,1278.87,1281.54,1277.43,1281.25
2019.01.22 08:00,1281.24,1284.83,1281.05,1282.67
2019.01.22 12:00,1282.64,1284.27,1279.30,1280.28
2019.01.22 16:00,1280.29,1285.44,1280.29,1285.24
2019.01.22 20:00,1285.24,1285.34,1283.61,1284.58
2019.01.23 00:00,1284.60,1285.67,1283.08,1283.98
2019.01.23 04:00,1283.98,1285.23,1283.28,1284.55
2019.01.23 08:00,1284.59,1286.52,1284.16,1285.45
2019.01.23 12:00,1285.46,1285.61,1278.67,1282.12
2019.01.23 16:00,1282.11,1285.87,1281.95,1283.54
2019.01.23 20:00,1283.55,1283.87,1282.53,1283.77
2019.01.24 00:00,1283.77,1284.81,1282.76,1282.92
2019.01.24 04:00,1282.93,1283.22,1279.91,1280.18
2019.01.24 08:00,1280.19,1280.73,1278.37,1279.73
2019.01.24 12:00,1279.72,1283.88,1276.81,1282.28
2019.01.24 16:00,1282.27,1283.17,1279.38,1279.94
2019.01.24 20:00,1279.96,1281.82,1279.88,1281.33
2019.01.25 00:00,1281.41,1283.09,1279.93,1281.81
2019.01.25 04:00,1281.83,1284.98,1281.60,1284.61
2019.01.25 08:00,1284.60,1285.15,1282.43,1284.59
2019.01.25 12:00,1284.56,1299.25,1283.49,1297.49
2019.01.25 16:00,1297.51,1300.27,1296.43,1298.53
2019.01.25 20:00,1298.53,1299.52,1297.97,1299.51
2019.01.27 20:00,1302.93,1303.07,1299.96,1300.08
2019.01.28 00:00,1300.10,1303.28,1299.50,1302.70
2019.01.28 04:00,1302.67,1304.43,1301.13,1301.81
2019.01.28 08:00,1301.80,1302.43,1299.61,1299.62
2019.01.28 12:00,1299.63,1303.82,1297.69,1302.53
2019.01.28 16:00,1302.54,1304.21,1301.92,1302.60
2019.01.28 20:00,1302.58,1304.05,1302.10,1303.90
2019.01.29 00:00,1303.98,1304.52,1302.72,1303.75
2019.01.29 04:00,1303.76,1307.64,1302.95,1307.60
2019.01.29 08:00,1307.59,1309.28,1306.86,1307.66
2019.01.29 12:00,1307.67,1311.73,1306.22,1310.88
2019.01.29 16:00,1310.88,1311.94,1308.64,1310.99
2019.01.29 20:00,1311.00,1311.87,1310.73,1310.78
2019.01.30 00:00,1310.78,1314.11,1310.59,1313.22
2019.01.30 04:00,1313.22,1315.49,1313.07,1314.62
2019.01.30 08:00,1314.60,1315.93,1312.75,1313.35
2019.01.30 12:00,1313.35,1314.12,1309.42,1312.19
2019.01.30 16:00,1312.19,1323.35,1309.06,1319.91
2019.01.30 20:00,1319.91,1321.11,1317.26,1319.30
2019.01.31 00:00,1319.30,1320.75,1317.49,1319.33
2019.01.31 04:00,1319.26,1321.88,1318.60,1320.47
2019.01.31 08:00,1320.46,1323.73,1319.99,1323.37
2019.01.31 12:00,1323.38,1326.27,1322.00,1322.17
2019.01.31 16:00,1322.17,1322.88,1318.75,1320.95
2019.01.31 20:00,1321.13,1321.53,1319.23,1321.07
2019.02.01 00:00,1321.07,1321.85,1317.55,1318.56
2019.02.01 04:00,1318.57,1319.10,1316.64,1318.15
2019.02.01 08:00,1318.18,1322.02,1317.78,1321.45
2019.02.01 12:00,1321.45,1323.54,1316.16,1318.27
2019.02.01 16:00,1318.29,1318.58,1316.20,1317.60
2019.02.01 20:00,1317.59,1319.42,1317.53,1318.21
2019.02.03 20:00,1318.04,1319.06,1316.56,1317.17
2019.02.04 00:00,1317.16,1317.51,1313.41,1313.99
2019.02.04 04:00,1314.00,1314.14,1311.88,1313.61
2019.02.04 08:00,1313.61,1313.66,1310.42,1310.83
2019.02.04 12:00,1310.83,1314.64,1308.67,1313.89
2019.02.04 16:00,1313.90,1315.25,1313.13,1313.57
2019.02.04 20:00,1313.57,1313.72,1311.48,1311.78
2019.02.05 00:00,1311.76,1314.79,1311.25,1314.76
2019.02.05 04:00,1314.76,1315.32,1312.75,1313.02
2019.02.05 08:00,1313.01,1314.62,1310.74,1314.55
2019.02.05 12:00,1314.50,1316.88,1312.95,1314.62
2019.02.05 16:00,1314.65,1315.46,1312.70,1314.39
2019.02.05 20:00,1314.38,1315.33,1314.15,1314.97
2019.02.06 00:00,1315.06,1315.81,1312.71,1314.34
2019.02.06 04:00,1314.24,1315.27,1312.93,1314.97
2019.02.06 08:00,1314.98,1315.61,1312.06,1312.21
2019.02.06 12:00,1312.20,1315.18,1311.57,1312.14
2019.02.06 16:00,1312.15,1312.95,1306.81,1307.03
2019.02.06 20:00,1307.09,1307.75,1305.71,1306.64
2019.02.07 00:00,1306.61,1307.83,1303.50,1304.03
2019.02.07 04:00,1304.02,1305.42,1302.79,1304.47
2019.02.07 08:00,1304.47,1307.35,1303.29,1306.70
2019.02.07 12:00,1306.66,1311.95,1305.52,1308.87
2019.02.07 16:00,1308.98,1311.60,1308.73,1310.49
2019.02.07 20:00,1310.47,1311.25,1309.62,1310.47
2019.02.08 00:00,1310.48,1310.62,1308.33,1308.75
2019.02.08 04:00,1308.65,1309.67,1307.79,1309.00
2019.02.08 08:00,1308.99,1312.92,1308.50,1312.24
2019.02.08 12:00,1312.21,1315.45,1311.79,1313.72
2019.02.08 16:00,1313.71,1315.64,1313.46,1315.11
2019.02.08 20:00,1315.13,1315.30,1314.04,1314.25
2019.02.10 20:00,1313.98,1314.01,1313.40,1313.68
2019.02.11 00:00,1313.65,1314.87,1311.22,1311.79
2019.02.11 04:00,1311.78,1312.34,1310.55,1311.26
2019.02.11 08:00,1311.24,1311.39,1306.24,1307.68
2019.02.11 12:00,1307.68,1309.22,1303.71,1308.47
2019.02.11 16:00,1308.48,1310.36,1307.05,1308.40
2019.02.11 20:00,1308.38,1309.07,1307.54,1307.77
2019.02.12 00:00,1307.78,1309.44,1306.54,1307.60
2019.02.12 04:00,1307.61,1312.97,1307.57,1311.77
2019.02.12 08:00,1311.75,1313.86,1310.78,1313.61
2019.02.12 12:00,1313.63,1314.78,1308.28,1309.83
2019.02.12 16:00,1309.85,1312.67,1308.91,1310.90
2019.02.12 20:00,1310.91,1311.81,1309.84,1310.27
2019.02.13 00:00,1310.21,1313.08,1309.35,1313.04
2019.02.13 04:00,1313.03,1314.25,1311.39,1311.78
2019.02.13 08:00,1311.78,1313.37,1309.83,1311.07
2019.02.13 12:00,1311.05,1318.19,1308.18,1314.55
2019.02.13 16:00,1314.54,1314.99,1305.61,1306.58
2019.02.13 20:00,1306.59,1307.70,1305.05,1307.63
2019.02.14 00:00,1307.59,1309.23,1306.97,1308.36
2019.02.14 04:00,1308.37,1309.39,1307.36,1309.37
2019.02.14 08:00,1309.38,1309.79,1305.28,1306.09
2019.02.14 12:00,1306.07,1312.69,1302.60,1309.41
2019.02.14 16:00,1309.40,1314.34,1309.32,1312.88
2019.02.14 20:00,1312.89,1313.06,1311.71,1311.93
2019.02.15 00:00,1311.95,1313.30,1311.41,1312.51
2019.02.15 04:00,1312.54,1315.00,1311.86,1314.49
2019.02.15 08:00,1314.53,1319.20,1314.29,1318.45
2019.02.15 12:00,1318.45,1319.96,1314.22,1314.54
2019.02.15 16:00,1314.54,1321.86,1314.46,1321.41
2019.02.15 20:00,1321.37,1322.61,1320.91,1322.08
2019.02.17 20:00,1321.20,1321.70,1320.65,1321.14
2019.02.18 00:00,1321.19,1325.30,1320.87,1324.59
2019.02.18 04:00,1324.63,1324.69,1321.73,1321.96
2019.02.18 08:00,1321.97,1325.20,1321.32,1324.92
2019.02.18 12:00,1324.92,1327.62,1324.65,1326.01
2019.02.18 16:00,1325.95,1326.78,1325.51,1326.38
2019.02.18 20:00,1325.86,1326.68,1325.86,1326.43
2019.02.19 00:00,1326.43,1326.60,1324.20,1324.83
2019.02.19 04:00,1324.82,1326.01,1322.87,1325.90
2019.02.19 08:00,1325.90,1330.44,1325.55,1328.90
2019.02.19 12:00,1328.90,1339.42,1328.61,1338.22
2019.02.19 16:00,1338.20,1341.83,1336.10,1339.92
2019.02.19 20:00,1339.90,1341.10,1339.30,1339.59
2019.02.20 00:00,1339.58,1346.73,1339.31,1344.13
2019.02.20 04:00,1344.12,1344.14,1341.36,1342.52
2019.02.20 08:00,1342.57,1345.38,1341.60,1343.71
2019.02.20 12:00,1343.68,1345.86,1342.14,1344.81
2019.02.20 16:00,1344.81,1346.29,1336.84,1341.11
2019.02.20 20:00,1341.12,1341.74,1338.55,1340.63
2019.02.21 00:00,1340.63,1341.50,1337.48,1339.94
2019.02.21 04:00,1339.93,1340.85,1337.51,1338.99
2019.02.21 08:00,1339.00,1340.46,1332.04,1335.18
2019.02.21 12:00,1335.03,1337.28,1330.04,1332.17
2019.02.21 16:00,1332.13,1332.14,1324.15,1326.53
2019.02.21 20:00,1326.50,1326.53,1322.43,1325.85
2019.02.22 00:00,1325.86,1326.51,1324.12,1325.36
2019.02.22 04:00,1325.37,1326.66,1324.51,1326.39
2019.02.22 08:00,1326.40,1326.96,1321.51,1323.20
2019.02.22 12:00,1323.20,1330.71,1322.22,1329.38
2019.02.22 16:00,1329.40,1333.10,1327.68,1327.80
2019.02.22 20:00,1327.79,1328.71,1327.22,1328.59
2019.02.24 20:00,1328.78,1329.15,1326.81,1327.77
2019.02.25 00:00,1327.68,1331.83,1327.59,1331.34
2019.02.25 04:00,1331.33,1331.96,1329.05,1330.37
2019.02.25 08:00,1330.38,1331.23,1327.84,1330.52
2019.02.25 12:00,1330.53,1332.54,1325.16,1329.35
2019.02.25 16:00,1329.32,1329.41,1325.57,1328.08
2019.02.25 20:00,1328.06,1328.36,1327.04,1327.56
2019.02.26 00:00,1327.55,1330.16,1326.67,1329.09
2019.02.26 04:00,1329.08,1329.71,1324.67,1324.94
2019.02.26 08:00,1324.97,1327.49,1324.50,1325.17
2019.02.26 12:00,1325.15,1327.78,1323.52,1327.27
2019.02.26 16:00,1327.22,1329.54,1324.95,1329.32
2019.02.26 20:00,1329.32,1329.45,1328.29,1329.26
2019.02.27 00:00,1329.27,1329.90,1327.06,1327.27
2019.02.27 04:00,1327.27,1328.34,1326.39,1326.72
2019.02.27 08:00,1326.77,1328.17,1325.68,1326.97
2019.02.27 12:00,1326.96,1328.83,1322.11,1323.53
2019.02.27 16:00,1323.52,1323.90,1316.98,1319.07
2019.02.27 20:00,1319.06,1321.32,1318.71,1321.14
2019.02.28 00:00,1321.14,1321.23,1317.25,1318.89
2019.02.28 04:00,1318.88,1322.99,1318.18,1321.93
2019.02.28 08:00,1321.88,1327.27,1321.78,1325.97
2019.02.28 12:00,1325.97,1327.04,1313.01,1315.40
2019.02.28 16:00,1315.40,1316.61,1313.35,1313.68
2019.02.28 20:00,1313.71,1314.59,1312.63,1314.24
2019.03.01 00:00,1314.25,1315.22,1312.29,1313.19
2019.03.01 04:00,1313.18,1313.52,1308.37,1309.01
2019.03.01 08:00,1309.01,1310.64,1306.18,1308.86
2019.03.01 12:00,1308.87,1312.16,1304.26,1305.60
2019.03.01 16:00,1305.61,1305.85,1292.18,1293.39
2019.03.01 20:00,1293.35,1293.89,1290.29,1290.40
2019.03.03 20:00,1293.49,1296.23,1293.40,1295.25
2019.03.04 00:00,1295.27,1297.06,1293.50,1296.68
2019.03.04 04:00,1296.69,1296.86,1291.31,1291.32
2019.03.04 08:00,1291.31,1292.05,1285.11,1286.22
2019.03.04 12:00,1286.24,1289.52,1282.87,1285.57
2019.03.04 16:00,1285.58,1289.76,1285.58,1287.11
2019.03.04 20:00,1287.10,1287.71,1285.78,1287.09
2019.03.05 00:00,1287.08,1289.59,1285.61,1288.29
2019.03.05 04:00,1288.30,1288.98,1284.49,1285.12
2019.03.05 08:00,1285.07,1286.58,1283.50,1285.88
2019.03.05 12:00,1285.87,1287.79,1281.23,1284.21
2019.03.05 16:00,1284.17,1287.05,1282.54,1286.74
2019.03.05 20:00,1286.74,1288.33,1286.73,1287.94
2019.03.06 00:00,1287.95,1289.41,1285.95,1287.13
2019.03.06 04:00,1287.13,1290.96,1286.43,1289.15
2019.03.06 08:00,1289.17,1289.43,1284.91,1285.60
2019.03.06 12:00,1285.59,1288.50,1283.63,1286.25
2019.03.06 16:00,1286.26,1287.66,1285.05,1285.89
2019.03.06 20:00,1285.88,1287.57,1285.23,1287.13
2019.03.07 00:00,1287.14,1288.45,1286.40,1286.64
2019.03.07 04:00,1286.65,1286.86,1283.97,1284.38
2019.03.07 08:00,1284.38,1287.48,1280.85,1286.58
2019.03.07 12:00,1286.63,1288.98,1282.83,1286.75
2019.03.07 16:00,1286.74,1287.45,1284.26,1285.62
2019.03.07 20:00,1285.62,1286.65,1284.35,1286.00
2019.03.08 00:00,1286.00,1287.61,1285.21,1287.21
2019.03.08 04:00,1287.21,1294.61,1286.89,1293.86
2019.03.08 08:00,1293.85,1295.83,1292.32,1293.23
2019.03.08 12:00,1293.16,1300.74,1291.56,1297.04
2019.03.08 16:00,1296.97,1300.11,1296.93,1299.30
2019.03.08 20:00,1299.32,1300.63,1299.13,1299.86
2019.03.10 20:00,1296.61,1297.42,1296.60,1297.27
2019.03.11 00:00,1297.27,1298.38,1295.68,1297.29
2019.03.11 04:00,1297.28,1299.13,1295.53,1296.45
2019.03.11 08:00,1296.49,1297.68,1294.15,1294.92
2019.03.11 12:00,1294.89,1296.95,1291.01,1292.88
2019.03.11 16:00,1292.90,1293.81,1290.50,1293.80
2019.03.11 20:00,1293.79,1293.92,1292.04,1292.61
2019.03.12 00:00,1292.65,1296.96,1292.47,1296.26
2019.03.12 04:00,1296.13,1297.46,1294.37,1294.68
2019.03.12 08:00,1294.71,1297.88,1294.49,1296.29
2019.03.12 12:00,1296.30,1299.62,1295.56,1297.06
2019.03.12 16:00,1297.12,1302.17,1296.85,1301.62
2019.03.12 20:00,1301.63,1302.11,1300.93,1301.96
2019.03.13 00:00,1301.96,1305.81,1301.71,1304.93
2019.03.13 04:00,1304.93,1305.44,1303.73,1304.30
2019.03.13 08:00,1304.30,1309.13,1303.91,1307.65
2019.03.13 12:00,1307.60,1309.37,1305.95,1307.99
2019.03.13 16:00,1307.96,1311.25,1307.34,1310.70
2019.03.13 20:00,1310.71,1310.99,1309.00,1309.40
2019.03.14 00:00,1309.44,1309.80,1304.15,1304.26
2019.03.14 04:00,1304.26,1304.62,1301.64,1302.28
2019.03.14 08:00,1302.30,1303.18,1295.89,1297.40
2019.03.14 12:00,1297.38,1298.96,1292.83,1295.55
2019.03.14 16:00,1295.55,1297.10,1293.23,1295.94
2019.03.14 20:00,1295.93,1296.48,1295.77,1296.12
2019.03.15 00:00,1296.12,1299.94,1294.02,1298.13
2019.03.15 04:00,1298.13,1303.82,1297.11,1303.58
2019.03.15 08:00,1303.58,1304.42,1301.47,1304.15
2019.03.15 12:00,1304.16,1306.30,1300.67,1301.95
2019.03.15 16:00,1301.94,1303.21,1301.32,1301.92
2019.03.15 20:00,1301.92,1302.51,1301.41,1302.13
2019.03.17 20:00,1302.25,1302.35,1300.60,1300.61
2019.03.18 00:00,1300.63,1300.87,1298.20,1299.10
2019.03.18 04:00,1299.12,1304.17,1298.54,1304.08
2019.03.18 08:00,1304.07,1306.09,1303.31,1304.45
2019.03.18 12:00,1304.43,1306.72,1303.41,1304.13
2019.03.18 16:00,1304.15,1304.94,1301.06,1302.78
2019.03.18 20:00,1302.76,1303.95,1302.34,1303.48
2019.03.19 00:00,1303.48,1307.76,1303.44,1307.52
2019.03.19 04:00,1307.51,1307.85,1303.84,1304.62
2019.03.19 08:00,1304.62,1308.93,1303.75,1308.07
2019.03.19 12:00,1308.10,1310.87,1306.82,1307.59
2019.03.19 16:00,1307.67,1308.13,1305.87,1306.43
2019.03.19 20:00,1306.42,1307.03,1305.07,1306.24
2019.03.20 00:00,1306.20,1306.83,1303.83,1304.87
2019.03.20 04:00,1304.87,1306.58,1302.41,1303.42
2019.03.20 08:00,1303.42,1305.35,1301.65,1304.88
2019.03.20 12:00,1304.86,1309.63,1298.68,1300.59
2019.03.20 16:00,1300.59,1316.98,1299.75,1314.32
2019.03.20 20:00,1314.30,1315.64,1312.24,1315.44
2019.03.21 00:00,1315.42,1319.05,1314.44,1318.70
2019.03.21 04:00,1318.70,1320.35,1317.37,1318.95
2019.03.21 08:00,1318.94,1319.52,1314.59,1315.33
2019.03.21 12:00,1315.33,1318.53,1308.68,1310.55
2019.03.21 16:00,1310.55,1311.02,1303.31,1309.27
2019.03.21 20:00,1309.28,1309.45,1308.57,1308.57
2019.03.22 00:00,1308.58,1310.34,1306.85,1309.12
2019.03.22 04:00,1309.13,1313.04,1307.40,1312.57
2019.03.22 08:00,1312.59,1313.85,1309.39,1312.65
2019.03.22 12:00,1312.65,1314.94,1309.67,1313.27
2019.03.22 16:00,1313.27,1313.57,1311.15,1312.46
2019.03.22 20:00,1312.45,1313.59,1312.43,1313.27
2019.03.24 20:00,1312.53,1312.55,1311.64,1311.65
2019.03.25 00:00,1311.64,1315.86,1311.00,1315.38
2019.03.25 04:00,1315.37,1317.85,1314.95,1317.04
2019.03.25 08:00,1317.05,1319.11,1316.11,1317.87
2019.03.25 12:00,1317.87,1323.00,1317.72,1321.50
2019.03.25 16:00,1321.52,1324.54,1320.20,1322.23
2019.03.25 20:00,1322.23,1323.27,1321.20,1321.35
2019.03.26 00:00,1321.33,1322.20,1319.95,1320.44
2019.03.26 04:00,1320.44,1320.59,1315.75,1315.79
2019.03.26 08:00,1315.75,1317.71,1312.70,1313.68
2019.03.26 12:00,1313.68,1318.84,1312.87,1314.76
2019.03.26 16:00,1314.72,1317.30,1313.39,1315.72
2019.03.26 20:00,1315.82,1317.33,1315.14,1316.43
2019.03.27 00:00,1316.43,1318.49,1316.02,1316.37
2019.03.27 04:00,1316.38,1317.27,1312.89,1313.94
2019.03.27 08:00,1313.95,1319.28,1313.81,1317.34
2019.03.27 12:00,1317.32,1317.89,1308.75,1311.53
2019.03.27 16:00,1311.58,1312.52,1308.14,1309.09
2019.03.27 20:00,1309.18,1310.01,1308.84,1309.39
2019.03.28 00:00,1309.34,1311.03,1307.29,1309.86
2019.03.28 04:00,1309.86,1312.33,1308.98,1309.10
2019.03.28 08:00,1309.04,1309.91,1302.42,1303.24
2019.03.28 12:00,1303.22,1305.99,1290.36,1292.03
2019.03.28 16:00,1292.04,1292.25,1288.51,1290.61
2019.03.28 20:00,1290.69,1291.59,1290.04,1291.57
2019.03.29 00:00,1291.57,1292.68,1288.88,1289.36
2019.03.29 04:00,1289.35,1290.54,1286.76,1288.03
2019.03.29 08:00,1288.06,1293.79,1287.17,1293.23
2019.03.29 12:00,1293.22,1299.76,1293.22,1295.44
2019.03.29 16:00,1295.47,1296.28,1292.00,1292.19
2019.03.29 20:00,1292.19,1292.62,1291.92,1292.01
2019.03.31 20:00,1292.34,1292.43,1291.48,1291.79
2019.04.01 00:00,1291.80,1293.80,1290.31,1293.32
2019.04.01 04:00,1293.32,1293.86,1288.23,1289.69
2019.04.01 08:00,1289.64,1292.14,1289.22,1289.98
2019.04.01 12:00,1289.99,1297.01,1289.73,1290.86
2019.04.01 16:00,1290.87,1291.21,1286.69,1287.17
2019.04.01 20:00,1287.19,1288.06,1286.50,1287.40
2019.04.02 00:00,1287.51,1289.25,1286.27,1287.32
2019.04.02 04:00,1287.32,1289.54,1285.31,1286.33
2019.04.02 08:00,1286.31,1290.37,1285.92,1288.87
2019.04.02 12:00,1288.85,1291.90,1287.58,1289.84
2019.04.02 16:00,1289.83,1291.96,1288.92,1291.56
2019.04.02 20:00,1291.55,1292.58,1291.42,1291.74
2019.04.03 00:00,1291.48,1293.31,1290.19,1292.61
2019.04.03 04:00,1292.61,1293.71,1290.59,1291.49
2019.04.03 08:00,1291.47,1294.58,1291.24,1293.04
2019.04.03 12:00,1293.02,1294.26,1288.41,1290.27
2019.04.03 16:00,1290.27,1291.98,1289.85,1290.06
2019.04.03 20:00,1290.05,1292.02,1289.61,1291.83
2019.04.04 00:00,1292.09,1292.52,1290.34,1292.41
2019.04.04 04:00,1292.41,1293.53,1291.99,1292.76
2019.04.04 08:00,1292.77,1292.81,1288.73,1289.10
2019.04.04 12:00,1289.09,1289.56,1280.89,1287.81
2019.04.04 16:00,1287.80,1294.40,1287.59,1293.12
2019.04.04 20:00,1293.15,1293.56,1292.08,1292.18
2019.04.05 00:00,1292.19,1292.26,1287.53,1287.95
2019.04.05 04:00,1287.93,1290.90,1287.16,1290.22
2019.04.05 08:00,1290.30,1290.75,1287.00,1287.67
2019.04.05 12:00,1287.64,1293.22,1284.40,1291.99
2019.04.05 16:00,1291.99,1292.71,1291.20,1291.85
2019.04.05 20:00,1291.84,1292.22,1291.21,1291.51
2019.04.07 20:00,1293.11,1293.25,1291.46,1291.84
2019.04.08 00:00,1291.78,1296.75,1291.70,1296.06
2019.04.08 04:00,1296.07,1297.99,1295.97,1297.16
2019.04.08 08:00,1297.16,1298.38,1296.51,1298.28
2019.04.08 12:00,1298.27,1303.69,1296.32,1297.62
2019.04.08 16:00,1297.60,1298.36,1297.19,1297.96
2019.04.08 20:00,1297.98,1298.53,1297.34,1298.01
2019.04.09 00:00,1298.01,1300.03,1296.59,1299.49
2019.04.09 04:00,1299.50,1300.85,1297.11,1300.32
2019.04.09 08:00,1300.32,1302.93,1300.17,1301.75
2019.04.09 12:00,1301.73,1306.19,1301.65,1305.83
2019.04.09 16:00,1305.86,1306.16,1303.35,1304.26
2019.04.09 20:00,1304.27,1305.14,1303.91,1304.66
2019.04.10 00:00,1304.66,1304.81,1301.17,1302.68
2019.04.10 04:00,1302.68,1305.33,1302.02,1303.34
2019.04.10 08:00,1303.34,1304.93,1302.72,1303.67
2019.04.10 12:00,1303.70,1309.02,1300.91,1308.19
2019.04.10 16:00,1308.21,1310.56,1306.97,1308.05
2019.04.10 20:00,1308.00,1309.17,1307.71,1308.09
2019.04.11 00:00,1308.08,1308.34,1306.27,1306.63
2019.04.11 04:00,1306.63,1308.24,1304.71,1305.27
2019.04.11 08:00,1305.29,1305.29,1300.78,1300.95
2019.04.11 12:00,1300.92,1301.02,1293.31,1294.96
2019.04.11 16:00,1294.97,1295.06,1289.65,1291.42
2019.04.11 20:00,1291.42,1292.88,1291.42,1292.22
2019.04.12 00:00,1292.14,1294.03,1291.20,1291.98
2019.04.12 04:00,1291.97,1294.40,1291.45,1292.23
2019.04.12 08:00,1292.23,1295.75,1292.12,1292.50
2019.04.12 12:00,1292.52,1295.22,1290.55,1291.39
2019.04.12 16:00,1291.34,1292.52,1290.08,1290.31
2019.04.12 20:00,1290.32,1291.58,1290.31,1290.57
2019.04.14 20:00,1291.23,1291.29,1289.35,1289.78
2019.04.15 00:00,1289.79,1290.43,1286.93,1289.18
2019.04.15 04:00,1289.18,1289.53,1286.70,1287.02
2019.04.15 08:00,1287.02,1287.70,1284.95,1285.76
2019.04.15 12:00,1285.76,1289.47,1282.53,1288.67
2019.04.15 16:00,1288.67,1290.13,1287.71,1287.85
2019.04.15 20:00,1287.86,1288.74,1287.57,1288.37
2019.04.16 00:00,1288.37,1288.41,1284.75,1285.26
2019.04.16 04:00,1285.27,1287.39,1283.73,1284.87
2019.04.16 08:00,1284.88,1285.44,1282.46,1284.58
2019.04.16 12:00,1284.64,1284.85,1273.31,1275.69
2019.04.16 16:00,1275.69,1276.96,1272.95,1276.39
2019.04.16 20:00,1276.40,1277.19,1275.97,1276.66
2019.04.17 00:00,1276.62,1278.01,1274.88,1276.81
2019.04.17 04:00,1276.83,1279.79,1276.81,1278.91
2019.04.17 08:00,1278.91,1279.37,1274.62,1275.69
2019.04.17 12:00,1275.69,1277.86,1273.21,1274.26
2019.04.17 16:00,1274.26,1274.69,1273.03,1274.18
2019.04.17 20:00,1274.17,1274.59,1273.74,1274.21
2019.04.18 00:00,1274.21,1274.83,1271.65,1272.58
2019.04.18 04:00,1272.59,1276.14,1271.17,1275.26
2019.04.18 08:00,1275.27,1277.67,1274.49,1276.32
2019.04.18 12:00,1276.28,1276.93,1272.72,1273.84
2019.04.18 16:00,1273.85,1275.14,1272.55,1275.14
2019.04.18 20:00,1275.13,1275.68,1274.83,1275.60
2019.04.21 20:00,1276.43,1277.26,1275.98,1276.78
2019.04.22 00:00,1276.77,1279.81,1275.42,1278.37
2019.04.22 04:00,1278.37,1279.47,1276.46,1278.60
2019.04.22 08:00,1278.60,1279.78,1277.91,1278.27
2019.04.22 12:00,1278.27,1279.55,1273.87,1274.34
2019.04.22 16:00,1274.34,1275.92,1273.82,1274.90
2019.04.22 20:00,1274.89,1275.18,1274.28,1274.64
2019.04.23 00:00,1274.65,1276.51,1273.58,1275.25
2019.04.23 04:00,1275.20,1275.43,1272.09,1273.72
2019.04.23 08:00,1273.72,1274.44,1271.47,1272.10
2019.04.23 12:00,1272.08,1273.83,1266.35,1271.59
2019.04.23 16:00,1271.60,1273.12,1270.34,1272.07
2019.04.23 20:00,1272.06,1272.47,1271.30,1271.44
2019.04.24 00:00,1271.46,1272.13,1268.77,1269.68
2019.04.24 04:00,1269.69,1272.43,1269.25,1272.37
2019.04.24 08:00,1272.36,1274.15,1271.29,1273.94
2019.04.24 12:00,1273.91,1278.59,1270.17,1277.26
2019.04.24 16:00,1277.26,1277.61,1274.93,1275.83
2019.04.24 20:00,1275.82,1275.95,1273.85,1274.72
2019.04.25 00:00,1274.73,1276.81,1273.36,1276.40
2019.04.25 04:00,1276.40,1278.53,1274.79,1277.85
2019.04.25 08:00,1277.85,1278.09,1275.77,1276.04
2019.04.25 12:00,1276.03,1282.61,1275.20,1278.03
2019.04.25 16:00,1278.03,1278.65,1276.30,1277.31
2019.04.25 20:00,1277.31,1278.79,1276.93,1278.66
2019.04.26 00:00,1278.66,1281.06,1277.54,1279.67
2019.04.26 04:00,1279.68,1283.20,1279.52,1281.95
2019.04.26 08:00,1281.96,1282.67,1279.90,1281.18
2019.04.26 12:00,1281.19,1288.11,1274.22,1287.51
2019.04.26 16:00,1287.51,1288.68,1285.42,1285.45
2019.04.26 20:00,1285.48,1286.23,1285.47,1285.87
2019.04.28 20:00,1286.12,1286.70,1285.71,1285.88
2019.04.29 00:00,1285.90,1286.66,1284.92,1285.95
2019.04.29 04:00,1285.95,1285.96,1281.23,1281.42
2019.04.29 08:00,1281.41,1283.18,1279.97,1281.31
2019.04.29 12:00,1281.30,1284.36,1278.08,1278.47
2019.04.29 16:00,1278.49,1280.59,1278.17,1279.89
2019.04.29 20:00,1279.92,1280.69,1279.47,1280.41
2019.04.30 00:00,1280.42,1283.16,1280.41,1282.81
2019.04.30 04:00,1282.81,1284.20,1281.80,1283.66
2019.04.30 08:00,1283.66,1286.21,1283.29,1285.86
2019.04.30 12:00,1285.85,1285.87,1279.90,1283.46
2019.04.30 16:00,1283.46,1284.32,1282.75,1283.74
2019.04.30 20:00,1283.72,1283.93,1282.66,1283.17
2019.05.01 00:00,1283.15,1283.64,1279.43,1280.51
2019.05.01 04:00,1280.49,1281.16,1277.79,1280.84
2019.05.01 08:00,1280.75,1282.83,1280.69,1282.62
2019.05.01 12:00,1282.63,1285.20,1279.73,1282.04
2019.05.01 16:00,1282.04,1287.25,1272.97,1275.61
2019.05.01 20:00,1275.57,1277.83,1275.49,1277.08
2019.05.02 00:00,1277.10,1277.45,1272.76,1274.58
2019.05.02 04:00,1274.59,1274.77,1271.26,1271.59
2019.05.02 08:00,1271.59,1272.61,1270.28,1271.88
2019.05.02 12:00,1271.88,1273.00,1266.28,1271.55
2019.05.02 16:00,1271.53,1272.18,1270.19,1270.69
2019.05.02 20:00,1270.69,1271.20,1270.33,1270.76
2019.05.03 00:00,1270.76,1272.45,1270.48,1272.37
2019.05.03 04:00,1272.27,1272.81,1269.20,1270.42
2019.05.03 08:00,1270.43,1271.17,1269.37,1270.93
2019.05.03 12:00,1270.95,1282.56,1268.14,1279.44
2019.05.03 16:00,1279.43,1281.18,1278.08,1278.21
2019.05.03 20:00,1278.21,1279.13,1278.01,1279.04
2019.05.05 20:00,1283.20,1284.65,1281.72,1284.22
2019.05.06 00:00,1284.26,1285.17,1281.65,1283.50
2019.05.06 04:00,1283.50,1283.91,1280.92,1282.15
2019.05.06 08:00,1282.15,1283.26,1280.39,1280.79
2019.05.06 12:00,1280.74,1281.32,1277.01,1280.52
2019.05.06 16:00,1280.52,1282.96,1280.01,1280.12
2019.05.06 20:00,1280.13,1283.03,1280.02,1282.90
2019.05.07 00:00,1282.89,1283.28,1281.45,1283.08
2019.05.07 04:00,1283.08,1283.72,1280.71,1282.14
2019.05.07 08:00,1282.12,1282.41,1279.95,1280.18
2019.05.07 12:00,1280.19,1284.68,1278.19,1283.96
2019.05.07 16:00,1283.95,1286.08,1283.56,1284.31
2019.05.07 20:00,1284.33,1284.96,1284.16,1284.82
2019.05.08 00:00,1284.83,1287.22,1284.62,1286.68
2019.05.08 04:00,1286.68,1287.97,1285.34,1286.33
2019.05.08 08:00,1286.32,1290.52,1286.05,1288.61
2019.05.08 12:00,1288.56,1291.49,1280.61,1281.08
2019.05.08 16:00,1281.09,1281.49,1279.36,1280.87
2019.05.08 20:00,1280.87,1281.64,1280.30,1281.33
2019.05.09 00:00,1281.33,1282.80,1279.63,1281.22
2019.05.09 04:00,1281.22,1284.97,1280.97,1284.83
2019.05.09 08:00,1284.81,1285.57,1282.15,1282.47
2019.05.09 12:00,1282.48,1288.20,1280.29,1285.33
2019.05.09 16:00,1285.34,1286.23,1283.18,1283.86
2019.05.09 20:00,1283.86,1284.48,1283.37,1283.78
2019.05.10 00:00,1283.78,1285.44,1283.14,1285.04
2019.05.10 04:00,1285.03,1286.91,1283.29,1284.79
2019.05.10 08:00,1284.82,1286.32,1284.31,1285.70
2019.05.10 12:00,1285.70,1289.39,1284.34,1288.61
2019.05.10 16:00,1288.58,1288.85,1285.04,1286.03
2019.05.10 20:00,1286.01,1286.12,1285.61,1285.82
2019.05.12 20:00,1287.50,1288.07,1287.13,1287.23
2019.05.13 00:00,1287.25,1288.54,1283.51,1283.71
2019.05.13 04:00,1283.71,1285.06,1281.98,1283.82
2019.05.13 08:00,1283.80,1284.35,1282.71,1284.24
2019.05.13 12:00,1284.17,1299.67,1283.02,1297.90
2019.05.13 16:00,1297.88,1301.24,1297.78,1299.37
2019.05.13 20:00,1299.39,1301.73,1299.36,1301.72
2019.05.14 00:00,1301.72,1303.35,1298.14,1299.30
2019.05.14 04:00,1299.35,1299.99,1296.85,1298.41
2019.05.14 08:00,1298.39,1298.98,1295.91,1298.97
2019.05.14 12:00,1298.97,1299.54,1293.72,1294.37
2019.05.14 16:00,1294.36,1297.10,1294.19,1296.88
2019.05.14 20:00,1296.92,1297.39,1296.60,1297.05
2019.05.15 00:00,1297.05,1298.14,1295.31,1295.72
2019.05.15 04:00,1295.73,1296.91,1293.05,1296.61
2019.05.15 08:00,1296.61,1299.16,1296.24,1299.10
2019.05.15 12:00,1299.11,1300.87,1294.72,1296.17
2019.05.15 16:00,1296.18,1298.06,1295.64,1296.32
2019.05.15 20:00,1296.31,1297.16,1296.05,1296.50
2019.05.16 00:00,1296.54,1297.32,1295.11,1296.17
2019.05.16 04:00,1296.17,1298.71,1295.83,1298.56
2019.05.16 08:00,1298.56,1298.58,1293.70,1293.82
2019.05.16 12:00,1293.78,1294.94,1284.10,1284.76
2019.05.16 16:00,1284.75,1287.13,1284.71,1286.97
2019.05.16 20:00,1286.97,1286.99,1285.81,1285.91
2019.05.17 00:00,1285.84,1286.60,1284.81,1286.29
2019.05.17 04:00,1286.29,1288.92,1285.57,1286.00
2019.05.17 08:00,1286.00,1287.21,1284.44,1285.84
2019.05.17 12:00,1285.84,1286.63,1275.32,1276.99
2019.05.17 16:00,1277.00,1278.32,1274.87,1277.99
2019.05.17 20:00,1277.97,1278.10,1277.43,1277.58
2019.05.19 20:00,1278.13,1278.27,1277.00,1277.74
2019.05.20 00:00,1277.74,1278.73,1275.99,1276.86
2019.05.20 04:00,1276.86,1277.19,1274.77,1276.23
2019.05.20 08:00,1276.22,1277.03,1273.67,1276.24
2019.05.20 12:00,1276.24,1278.95,1275.25,1276.96
2019.05.20 16:00,1276.95,1278.44,1275.59,1277.90
2019.05.20 20:00,1277.92,1278.07,1277.40,1277.44
2019.05.21 00:00,1277.41,1277.46,1275.39,1275.62
2019.05.21 04:00,1275.64,1276.62,1274.25,1275.78
2019.05.21 08:00,1275.78,1276.34,1271.77,1272.11
2019.05.21 12:00,1272.10,1274.90,1269.50,1273.57
2019.05.21 16:00,1273.62,1274.83,1272.58,1274.69
2019.05.21 20:00,1274.70,1274.97,1274.35,1274.66
2019.05.22 00:00,1274.66,1275.33,1273.19,1273.99
2019.05.22 04:00,1273.99,1274.35,1272.49,1273.21
2019.05.22 08:00,1273.21,1276.49,1272.74,1275.94
2019.05.22 12:00,1275.92,1277.29,1273.14,1275.79
2019.05.22 16:00,1275.80,1276.55,1273.41,1273.80
2019.05.22 20:00,1273.77,1274.52,1273.29,1274.22
2019.05.23 00:00,1274.26,1274.66,1272.83,1273.05
2019.05.23 04:00,1273.02,1275.34,1272.86,1274.52
2019.05.23 08:00,1274.53,1277.91,1274.17,1277.28
2019.05.23 12:00,1277.23,1287.27,1276.89,1286.24
2019.05.23 16:00,1286.23,1286.79,1283.34,1283.67
2019.05.23 20:00,1283.67,1284.37,1283.36,1284.18
2019.05.24 00:00,1284.18,1284.53,1282.49,1283.89
2019.05.24 04:00,1283.89,1285.23,1282.74,1283.27
2019.05.24 08:00,1283.29,1283.34,1280.91,1282.16
2019.05.24 12:00,1282.16,1284.64,1280.77,1283.83
2019.05.24 16:00,1283.86,1285.05,1283.62,1284.77
2019.05.24 20:00,1284.73,1285.00,1284.53,1284.72
2019.05.26 20:00,1284.83,1285.01,1284.24,1284.74
2019.05.27 00:00,1284.72,1287.38,1283.77,1286.98
2019.05.27 04:00,1286.98,1287.32,1285.26,1285.56
2019.05.27 08:00,1285.56,1286.98,1285.55,1285.62
2019.05.27 12:00,1285.62,1286.40,1284.93,1284.99
2019.05.27 16:00,1284.99,1285.41,1284.88,1284.98
2019.05.27 20:00,1285.27,1286.00,1285.11,1285.78
2019.05.28 00:00,1285.78,1286.63,1282.66,1283.10
2019.05.28 04:00,1283.10,1284.29,1282.33,1283.41
2019.05.28 08:00,1283.41,1285.14,1282.58,1282.67
2019.05.28 12:00,1282.56,1282.87,1276.13,1279.51
2019.05.28 16:00,1279.51,1279.66,1277.60,1279.66
2019.05.28 20:00,1279.65,1280.33,1279.29,1279.89
2019.05.29 00:00,1279.90,1281.95,1279.08,1279.59
2019.05.29 04:00,1279.57,1285.26,1279.57,1284.94
2019.05.29 08:00,1284.89,1285.42,1282.44,1283.99
2019.05.29 12:00,1284.02,1285.52,1279.72,1283.19
2019.05.29 16:00,1283.22,1283.60,1279.18,1280.42
2019.05.29 20:00,1280.42,1280.50,1279.70,1279.89
2019.05.30 00:00,1279.88,1280.30,1277.24,1277.93
2019.05.30 04:00,1277.94,1278.40,1275.02,1276.34
2019.05.30 08:00,1276.43,1277.82,1275.83,1277.77
2019.05.30 12:00,1277.78,1289.15,1277.57,1287.33
2019.05.30 16:00,1287.32,1288.85,1285.78,1288.79
2019.05.30 20:00,1288.81,1290.63,1288.20,1290.44
2019.05.31 00:00,1290.45,1293.08,1290.36,1291.56
2019.05.31 04:00,1291.56,1295.70,1291.25,1295.16
2019.05.31 08:00,1295.14,1299.25,1293.90,1297.63
2019.05.31 12:00,1297.62,1304.41,1295.44,1301.76
2019.05.31 16:00,1301.76,1306.89,1301.56,1306.33
2019.05.31 20:00,1306.34,1306.34,1304.97,1305.41
2019.06.02 20:00,1308.32,1309.42,1307.03,1309.36
2019.06.03 00:00,1309.36,1312.81,1308.49,1311.92
2019.06.03 04:00,1311.91,1315.39,1309.22,1315.10
2019.06.03 08:00,1315.10,1318.23,1313.36,1317.02
2019.06.03 12:00,1317.02,1320.23,1312.74,1319.25
2019.06.03 16:00,1319.25,1327.96,1319.24,1325.43
2019.06.03 20:00,1325.45,1326.20,1324.48,1325.17
2019.06.04 00:00,1325.16,1327.27,1321.60,1322.58
2019.06.04 04:00,1322.58,1328.77,1322.14,1328.40
2019.06.04 08:00,1328.39,1329.06,1322.99,1323.38
2019.06.04 12:00,1323.36,1328.86,1319.97,1322.58
2019.06.04 16:00,1322.56,1328.29,1322.38,1326.50
2019.06.04 20:00,1326.47,1326.67,1324.66,1325.33
2019.06.05 00:00,1325.35,1327.56,1325.34,1326.66
2019.06.05 04:00,1326.66,1335.51,1325.58,1333.43
2019.06.05 08:00,1333.40,1340.08,1331.78,1334.93
2019.06.05 12:00,1334.98,1344.04,1326.99,1328.80
2019.06.05 16:00,1328.80,1330.73,1327.55,1329.22
2019.06.05 20:00,1329.22,1332.70,1329.22,1330.96
2019.06.06 00:00,1330.96,1331.50,1327.26,1331.30
2019.06.06 04:00,1331.30,1335.60,1330.29,1334.81
2019.06.06 08:00,1334.80,1337.29,1334.52,1336.62
2019.06.06 12:00,1336.63,1339.27,1333.01,1338.41
2019.06.06 16:00,1338.41,1339.76,1332.94,1333.81
2019.06.06 20:00,1333.78,1335.62,1332.85,1333.42
2019.06.07 00:00,1333.43,1334.31,1332.13,1333.12
2019.06.07 04:00,1333.03,1335.56,1330.28,1335.36
2019.06.07 08:00,1335.37,1336.13,1332.79,1335.58
2019.06.07 12:00,1335.59,1348.23,1335.32,1340.16
2019.06.07 16:00,1340.16,1344.00,1338.90,1341.29
2019.06.07 20:00,1341.33,1341.33,1340.16,1340.48
2019.06.09 20:00,1334.69,1335.90,1334.46,1335.04
2019.06.10 00:00,1335.07,1337.72,1328.84,1329.55
2019.06.10 04:00,1329.55,1329.84,1325.74,1325.99
2019.06.10 08:00,1325.96,1329.19,1325.12,1325.16
2019.06.10 12:00,1325.15,1330.12,1325.13,1328.10
2019.06.10 16:00,1328.12,1329.75,1325.29,1328.15
2019.06.10 20:00,1328.12,1329.50,1327.65,1329.31
2019.06.11 00:00,1329.30,1329.87,1327.61,1328.70
2019.06.11 04:00,1328.69,1329.27,1322.01,1322.91
2019.06.11 08:00,1322.83,1323.65,1319.87,1320.47
2019.06.11 12:00,1320.50,1326.87,1319.90,1325.77
2019.06.11 16:00,1325.77,1328.78,1325.77,1326.82
2019.06.11 20:00,1326.82,1327.80,1326.62,1327.78
2019.06.12 00:00,1327.78,1333.76,1326.00,1332.40
2019.06.12 04:00,1332.40,1337.84,1331.86,1337.38
2019.06.12 08:00,1337.36,1338.37,1334.33,1335.03
2019.06.12 12:00,1335.01,1336.16,1329.93,1335.40
2019.06.12 16:00,1335.40,1336.99,1331.75,1332.96
2019.06.12 20:00,1332.97,1333.67,1332.66,1333.58
2019.06.13 00:00,1333.59,1337.73,1332.39,1334.22
2019.06.13 04:00,1334.22,1338.30,1334.04,1336.97
2019.06.13 08:00,1336.95,1339.03,1334.95,1337.17
2019.06.13 12:00,1337.17,1340.46,1333.72,1339.10
2019.06.13 16:00,1339.09,1343.13,1338.81,1341.25
2019.06.13 20:00,1341.25,1344.61,1341.09,1344.48
2019.06.14 00:00,1344.47,1347.85,1341.87,1345.55
2019.06.14 04:00,1345.54,1358.17,1344.39,1354.86
2019.06.14 08:00,1354.81,1355.81,1352.05,1354.47
2019.06.14 12:00,1354.50,1355.37,1345.83,1349.68
2019.06.14 16:00,1349.71,1350.05,1337.77,1341.04
2019.06.14 20:00,1341.02,1341.73,1340.83,1341.43
2019.06.16 20:00,1341.17,1341.34,1338.55,1338.62
2019.06.17 00:00,1338.63,1343.50,1336.20,1342.26
2019.06.17 04:00,1342.28,1342.31,1334.31,1335.13
2019.06.17 08:00,1335.13,1337.01,1332.98,1335.83
2019.06.17 12:00,1335.85,1343.28,1335.80,1340.85
2019.06.17 16:00,1340.88,1341.67,1338.07,1339.98
2019.06.17 20:00,1339.98,1340.19,1338.99,1339.70
2019.06.18 00:00,1339.71,1342.09,1338.63,1340.94
2019.06.18 04:00,1340.93,1348.02,1340.81,1344.56
2019.06.18 08:00,1344.54,1351.02,1343.78,1350.81
2019.06.18 12:00,1350.74,1354.67,1339.35,1346.13
2019.06.18 16:00,1346.14,1348.73,1345.24,1346.06
2019.06.18 20:00,1346.06,1346.76,1344.57,1345.49
2019.06.19 00:00,1345.49,1346.90,1342.20,1344.29
2019.06.19 04:00,1344.29,1347.49,1342.88,1343.66
2019.06.19 08:00,1343.64,1343.95,1341.37,1342.16
2019.06.19 12:00,1342.15,1346.03,1342.11,1345.01
2019.06.19 16:00,1344.99,1356.10,1344.30,1355.23
2019.06.19 20:00,1355.21,1362.56,1354.29,1357.98
2019.06.20 00:00,1357.99,1393.84,1357.96,1380.76
2019.06.20 04:00,1380.74,1386.82,1378.18,1381.84
2019.06.20 08:00,1381.84,1383.34,1377.85,1381.20
2019.06.20 12:00,1381.33,1386.58,1379.58,1385.33
2019.06.20 16:00,1385.35,1393.40,1384.95,1389.48
2019.06.20 20:00,1389.52,1391.22,1386.66,1390.87
2019.06.21 00:00,1390.83,1411.86,1390.83,1404.95
2019.06.21 04:00,1404.96,1406.49,1382.51,1384.38
2019.06.21 08:00,1384.42,1400.29,1383.34,1395.17
2019.06.21 12:00,1395.25,1400.00,1389.21,1398.43
2019.06.21 16:00,1398.41,1400.61,1393.40,1398.96
2019.06.21 20:00,1398.98,1399.62,1398.50,1399.33
2019.06.23 20:00,1405.31,1407.38,1401.58,1406.84
2019.06.24 00:00,1406.99,1411.19,1402.72,1403.13
2019.06.24 04:00,1403.30,1406.45,1400.79,1402.47
2019.06.24 08:00,1402.53,1410.72,1402.08,1409.08
2019.06.24 12:00,1409.07,1417.31,1404.51,1413.81
2019.06.24 16:00,1413.83,1420.31,1412.87,1419.03
2019.06.24 20:00,1419.03,1425.85,1418.16,1425.28
2019.06.25 00:00,1425.26,1436.51,1422.95,1436.23
2019.06.25 04:00,1436.24,1439.11,1420.37,1432.06
2019.06.25 08:00,1432.08,1435.56,1427.24,1427.43
2019.06.25 12:00,1427.44,1436.30,1424.05,1429.68
2019.06.25 16:00,1429.70,1431.86,1411.93,1422.21
2019.06.25 20:00,1422.01,1424.32,1416.90,1418.42
2019.06.26 00:00,1418.49,1420.55,1403.38,1405.09
2019.06.26 04:00,1405.08,1409.94,1403.83,1409.37
2019.06.26 08:00,1409.34,1413.26,1402.14,1403.51
2019.06.26 12:00,1403.54,1415.25,1403.45,1413.96
2019.06.26 16:00,1414.04,1415.01,1408.04,1409.22
2019.06.26 20:00,1409.25,1411.49,1407.06,1410.69
2019.06.27 00:00,1410.78,1412.09,1405.36,1407.52
2019.06.27 04:00,1407.41,1408.45,1401.24,1402.39
2019.06.27 08:00,1402.32,1406.35,1401.46,1405.21
2019.06.27 12:00,1405.20,1408.29,1398.55,1405.86
2019.06.27 16:00,1405.90,1409.46,1404.89,1408.17
2019.06.27 20:00,1408.17,1412.01,1407.27,1411.07
2019.06.28 00:00,1411.06,1424.65,1410.69,1419.76
2019.06.28 04:00,1419.78,1421.62,1408.77,1414.69
2019.06.28 08:00,1414.69,1415.93,1412.34,1413.48
2019.06.28 12:00,1413.46,1414.96,1405.70,1411.48
2019.06.28 16:00,1411.49,1413.06,1408.27,1411.23
2019.06.28 20:00,1411.23,1411.27,1409.24,1409.29
2019.06.30 20:00,1395.97,1397.80,1391.68,1392.07
2019.07.01 00:00,1392.05,1397.05,1390.23,1391.95
2019.07.01 04:00,1391.95,1392.85,1381.79,1387.68
2019.07.01 08:00,1387.65,1393.31,1386.39,1392.02
2019.07.01 12:00,1391.93,1396.38,1387.72,1389.31
2019.07.01 16:00,1389.30,1391.80,1383.73,1384.40
2019.07.01 20:00,1384.31,1388.59,1382.86,1385.52
2019.07.02 00:00,1385.53,1391.46,1383.90,1388.50
2019.07.02 04:00,1388.50,1393.95,1388.49,1392.54
2019.07.02 08:00,1392.56,1394.45,1391.19,1392.72
2019.07.02 12:00,1392.74,1404.47,1389.85,1403.58
2019.07.02 16:00,1403.60,1416.27,1403.12,1413.30
2019.07.02 20:00,1413.32,1432.26,1412.96,1431.32
2019.07.03 00:00,1431.36,1437.64,1421.38,1424.14
2019.07.03 04:00,1424.13,1428.69,1422.34,1424.66
2019.07.03 08:00,1424.68,1426.34,1417.75,1419.31
2019.07.03 12:00,1419.31,1422.18,1412.03,1417.82
2019.07.03 16:00,1417.90,1419.14,1415.24,1417.95
2019.07.03 20:00,1417.85,1419.24,1415.53,1418.41
2019.07.04 00:00,1418.42,1421.68,1416.36,1419.10
2019.07.04 04:00,1419.09,1419.68,1410.22,1411.16
2019.07.04 08:00,1411.17,1416.17,1411.06,1414.59
2019.07.04 12:00,1414.58,1417.43,1412.75,1415.63
2019.07.04 16:00,1415.64,1416.27,1414.60,1415.32
2019.07.04 20:00,1415.28,1423.01,1415.19,1420.95
2019.07.05 00:00,1420.97,1421.38,1414.47,1418.23
2019.07.05 04:00,1418.21,1418.40,1412.16,1413.61
2019.07.05 08:00,1413.60,1416.22,1410.81,1411.61
2019.07.05 12:00,1411.60,1414.27,1386.80,1396.82
2019.07.05 16:00,1396.82,1402.60,1395.36,1400.86
2019.07.05 20:00,1400.86,1400.86,1398.24,1398.81
2019.07.07 20:00,1395.64,1397.20,1394.46,1395.70
2019.07.08 00:00,1395.65,1400.26,1395.25,1398.70
2019.07.08 04:00,1398.69,1407.63,1398.34,1406.39
2019.07.08 08:00,1406.40,1406.76,1403.67,1405.66
2019.07.08 12:00,1405.65,1407.06,1394.41,1394.79
2019.07.08 16:00,1394.78,1398.87,1391.76,1391.88
2019.07.08 20:00,1391.86,1395.72,1391.86,1394.33
2019.07.09 00:00,1394.35,1395.89,1390.83,1394.33
2019.07.09 04:00,1394.34,1396.49,1392.20,1392.66
2019.07.09 08:00,1392.65,1393.31,1385.71,1391.69
2019.07.09 12:00,1391.70,1400.01,1390.29,1397.75
2019.07.09 16:00,1397.73,1399.96,1395.59,1396.69
2019.07.09 20:00,1396.68,1397.70,1394.74,1395.29
2019.07.10 00:00,1395.30,1395.52,1391.34,1392.96
2019.07.10 04:00,1392.91,1394.33,1389.93,1391.96
2019.07.10 08:00,1391.94,1397.01,1391.67,1395.24
2019.07.10 12:00,1395.23,1411.44,1391.45,1410.13
2019.07.10 16:00,1410.12,1418.64,1409.03,1418.11
2019.07.10 20:00,1418.17,1422.50,1416.95,1421.99
2019.07.11 00:00,1421.99,1427.09,1420.34,1424.03
2019.07.11 04:00,1424.04,1424.92,1419.37,1422.25
2019.07.11 08:00,1422.25,1423.93,1417.92,1420.20
2019.07.11 12:00,1420.20,1420.77,1408.56,1412.02
2019.07.11 16:00,1412.02,1412.81,1403.57,1406.84
2019.07.11 20:00,1406.83,1407.27,1401.20,1404.00
2019.07.12 00:00,1404.01,1410.01,1403.64,1407.84
2019.07.12 04:00,1407.84,1412.41,1405.00,1410.08
2019.07.12 08:00,1410.08,1411.54,1404.22,1407.64
2019.07.12 12:00,1407.65,1410.23,1403.09,1408.16
2019.07.12 16:00,1408.15,1416.89,1408.07,1414.96
2019.07.12 20:00,1414.97,1416.16,1414.05,1415.28
2019.07.14 20:00,1417.45,1417.55,1412.63,1416.25
2019.07.15 00:00,1416.32,1417.32,1409.52,1411.97
2019.07.15 04:00,1411.98,1415.07,1410.12,1414.76
2019.07.15 08:00,1414.77,1417.14,1413.70,1414.03
2019.07.15 12:00,1414.10,1415.38,1407.74,1412.23
2019.07.15 16:00,1412.23,1415.26,1410.57,1415.09
2019.07.15 20:00,1415.13,1416.94,1413.34,1415.45
2019.07.16 00:00,1415.46,1416.19,1411.10,1413.23
2019.07.16 04:00,1413.22,1415.65,1412.15,1413.76
2019.07.16 08:00,1413.77,1416.29,1412.71,1414.16
2019.07.16 12:00,1414.13,1415.11,1404.21,1404.42
2019.07.16 16:00,1404.45,1413.18,1401.06,1403.46
2019.07.16 20:00,1403.39,1406.93,1403.27,1405.20
2019.07.17 00:00,1405.20,1406.94,1403.41,1404.85
2019.07.17 04:00,1404.85,1406.34,1403.46,1404.05
2019.07.17 08:00,1404.05,1404.89,1400.11,1404.69
2019.07.17 12:00,1404.68,1424.20,1404.10,1423.67
2019.07.17 16:00,1423.62,1426.39,1420.84,1426.39
2019.07.17 20:00,1426.39,1426.85,1424.16,1424.61
2019.07.18 00:00,1424.74,1428.21,1421.62,1422.70
2019.07.18 04:00,1422.66,1423.88,1419.13,1420.12
2019.07.18 08:00,1420.13,1423.18,1417.89,1421.48
2019.07.18 12:00,1421.51,1428.84,1414.64,1428.72
2019.07.18 16:00,1428.74,1448.11,1425.69,1445.91
2019.07.18 20:00,1445.83,1446.73,1442.18,1442.93
2019.07.19 00:00,1442.94,1445.28,1439.51,1443.01
2019.07.19 04:00,1442.99,1443.85,1436.54,1439.46
2019.07.19 08:00,1439.45,1440.82,1435.12,1437.55
2019.07.19 12:00,1437.50,1441.84,1423.16,1423.95
2019.07.19 16:00,1423.91,1429.03,1420.21,1425.48
2019.07.19 20:00,1425.49,1426.24,1424.36,1425.36
2019.07.21 20:00,1424.79,1426.26,1423.62,1425.13
2019.07.22 00:00,1425.12,1428.79,1422.25,1427.01
2019.07.22 04:00,1427.02,1430.03,1424.16,1427.70
2019.07.22 08:00,1427.68,1428.08,1424.60,1425.27
2019.07.22 12:00,1425.28,1429.10,1424.37,1426.55
2019.07.22 16:00,1426.55,1428.85,1423.78,1425.15
2019.07.22 20:00,1425.15,1425.39,1423.50,1423.74
2019.07.23 00:00,1423.70,1424.38,1415.92,1417.74
2019.07.23 04:00,1417.73,1420.17,1414.28,1419.93
2019.07.23 08:00,1419.93,1424.92,1417.07,1422.44
2019.07.23 12:00,1422.44,1430.11,1419.84,1422.90
2019.07.23 16:00,1422.90,1423.48,1416.11,1417.26
2019.07.23 20:00,1417.24,1418.04,1416.10,1417.08
2019.07.24 00:00,1417.11,1422.43,1416.56,1420.62
2019.07.24 04:00,1420.63,1424.56,1418.31,1423.68
2019.07.24 08:00,1423.65,1427.71,1423.12,1425.98
2019.07.24 12:00,1425.94,1429.44,1421.43,1422.32
2019.07.24 16:00,1422.34,1424.52,1420.55,1424.45
2019.07.24 20:00,1424.45,1426.19,1424.38,1425.30
2019.07.25 00:00,1425.30,1425.75,1421.73,1422.32
2019.07.25 04:00,1422.31,1426.26,1421.74,1425.57
2019.07.25 08:00,1425.57,1433.82,1425.08,1431.52
2019.07.25 12:00,1431.52,1433.47,1415.21,1417.99
2019.07.25 16:00,1418.06,1418.67,1411.13,1414.10
2019.07.25 20:00,1414.15,1415.97,1413.91,1415.07
2019.07.26 00:00,1415.09,1417.86,1413.82,1416.40
2019.07.26 04:00,1416.41,1419.89,1413.94,1419.46
2019.07.26 08:00,1419.47,1420.80,1417.34,1420.29
2019.07.26 12:00,1420.29,1424.82,1413.48,1418.74
2019.07.26 16:00,1418.77,1420.07,1416.54,1416.70
2019.07.26 20:00,1416.70,1418.83,1416.33,1418.37
2019.07.28 20:00,1419.61,1420.61,1419.32,1420.14
2019.07.29 00:00,1420.14,1424.35,1418.90,1420.58
2019.07.29 04:00,1420.57,1420.81,1417.50,1418.42
2019.07.29 08:00,1418.42,1420.86,1417.74,1420.56
2019.07.29 12:00,1420.56,1422.22,1414.85,1420.85
2019.07.29 16:00,1420.76,1428.11,1419.79,1425.86
2019.07.29 20:00,1425.85,1427.47,1424.20,1424.52
2019.07.30 00:00,1424.51,1425.94,1422.29,1424.96
2019.07.30 04:00,1424.96,1426.18,1422.73,1425.74
2019.07.30 08:00,1425.74,1429.84,1424.97,1429.16
2019.07.30 12:00,1429.16,1431.04,1424.88,1427.85
2019.07.30 16:00,1427.86,1433.26,1427.57,1431.07
2019.07.30 20:00,1431.08,1431.23,1430.50,1430.79
2019.07.31 00:00,1430.76,1431.96,1427.65,1428.19
2019.07.31 04:00,1428.20,1432.86,1427.82,1430.56
2019.07.31 08:00,1430.58,1432.10,1430.03,1431.02
2019.07.31 12:00,1430.97,1434.18,1426.65,1428.06
2019.07.31 16:00,1428.06,1430.91,1410.60,1412.43
2019.07.31 20:00,1412.43,1414.84,1410.62,1412.26
2019.08.01 00:00,1412.26,1412.27,1404.33,1410.16
2019.08.01 04:00,1410.15,1410.68,1404.28,1404.47
2019.08.01 08:00,1404.51,1408.27,1402.86,1403.79
2019.08.01 12:00,1403.78,1417.82,1400.55,1415.24
2019.08.01 16:00,1415.25,1446.04,1413.94,1445.91
2019.08.01 20:00,1445.84,1445.84,1435.47,1438.14
2019.08.02 00:00,1438.13,1442.29,1430.31,1431.02
2019.08.02 04:00,1431.01,1440.15,1431.00,1439.16
2019.08.02 08:00,1439.15,1439.37,1435.02,1437.99
2019.08.02 12:00,1437.91,1447.75,1431.01,1446.63
2019.08.02 16:00,1446.68,1447.98,1439.86,1441.05
2019.08.02 20:00,1440.97,1441.60,1439.39,1440.64
2019.08.04 20:00,1437.88,1440.18,1437.86,1439.65
2019.08.05 00:00,1439.64,1455.99,1438.74,1452.22
2019.08.05 04:00,1452.23,1459.77,1450.73,1456.41
2019.08.05 08:00,1456.37,1461.86,1455.46,1459.91
2019.08.05 12:00,1459.91,1469.67,1453.02,1463.53
2019.08.05 16:00,1463.54,1469.72,1459.79,1461.16
2019.08.05 20:00,1461.05,1474.77,1460.36,1473.95
2019.08.06 00:00,1473.95,1474.90,1460.10,1460.96
2019.08.06 04:00,1460.96,1465.24,1456.48,1461.32
2019.08.06 08:00,1461.27,1467.37,1460.20,1463.48
2019.08.06 12:00,1463.39,1473.80,1462.83,1469.50
2019.08.06 16:00,1469.49,1473.55,1468.30,1472.73
2019.08.06 20:00,1472.67,1477.29,1472.21,1476.78
2019.08.07 00:00,1476.79,1490.19,1474.57,1486.23
2019.08.07 04:00,1486.21,1491.24,1481.26,1485.45
2019.08.07 08:00,1485.45,1495.46,1485.06,1494.94
2019.08.07 12:00,1494.97,1510.35,1491.58,1506.68
2019.08.07 16:00,1506.64,1510.09,1493.92,1495.48
2019.08.07 20:00,1495.38,1502.05,1495.29,1501.67
2019.08.08 00:00,1501.67,1506.69,1491.71,1499.42
2019.08.08 04:00,1499.42,1503.75,1496.11,1497.51
2019.08.08 08:00,1497.44,1501.17,1494.97,1498.53
2019.08.08 12:00,1498.57,1499.64,1490.03,1497.58
2019.08.08 16:00,1497.58,1509.55,1494.23,1503.17
2019.08.08 20:00,1503.07,1505.63,1500.51,1504.21
2019.08.09 00:00,1504.22,1507.93,1499.06,1506.55
2019.08.09 04:00,1506.55,1508.08,1500.42,1502.38
2019.08.09 08:00,1502.34,1504.42,1501.22,1502.15
2019.08.09 12:00,1502.12,1505.92,1494.81,1504.17
2019.08.09 16:00,1504.19,1504.19,1495.07,1498.39
2019.08.09 20:00,1498.41,1498.64,1496.65,1497.14
2019.08.11 20:00,1496.40,1501.50,1496.28,1500.77
2019.08.12 00:00,1500.77,1501.10,1495.25,1496.93
2019.08.12 04:00,1496.93,1497.23,1487.98,1489.99
2019.08.12 08:00,1490.02,1508.54,1490.00,1506.68
2019.08.12 12:00,1506.68,1506.79,1499.85,1506.09
2019.08.12 16:00,1506.09,1519.27,1504.64,1511.91
2019.08.12 20:00,1511.87,1513.27,1510.83,1512.09
2019.08.13 00:00,1512.08,1518.29,1509.65,1516.59
2019.08.13 04:00,1516.61,1527.00,1515.46,1525.84
2019.08.13 08:00,1525.90,1535.00,1522.89,1525.80
2019.08.13 12:00,1525.78,1525.80,1479.94,1502.15
2019.08.13 16:00,1502.16,1505.88,1496.42,1502.64
2019.08.13 20:00,1502.77,1503.47,1499.20,1500.83
2019.08.14 00:00,1500.84,1503.95,1494.18,1502.10
2019.08.14 04:00,1502.09,1502.71,1496.65,1498.08
2019.08.14 08:00,1498.07,1518.28,1497.91,1515.61
2019.08.14 12:00,1515.65,1520.23,1505.97,1518.01
2019.08.14 16:00,1518.08,1524.01,1511.80,1513.70
2019.08.14 20:00,1513.79,1518.55,1509.22,1516.96
2019.08.15 00:00,1516.96,1524.25,1515.74,1520.57
2019.08.15 04:00,1520.56,1522.14,1508.01,1512.55
2019.08.15 08:00,1512.55,1522.77,1510.53,1515.05
2019.08.15 12:00,1515.22,1520.34,1508.92,1519.21
2019.08.15 16:00,1519.23,1526.98,1518.19,1523.26
2019.08.15 20:00,1523.29,1527.12,1521.86,1526.54
2019.08.16 00:00,1526.50,1528.03,1516.77,1521.04
2019.08.16 04:00,1521.05,1522.25,1513.01,1515.31
2019.08.16 08:00,1515.31,1515.34,1505.60,1513.75
2019.08.16 12:00,1513.76,1516.30,1503.53,1509.77
2019.08.16 16:00,1509.77,1517.03,1508.76,1513.83
2019.08.16 20:00,1513.88,1514.34,1511.31,1513.07
2019.08.18 20:00,1509.47,1511.05,1509.07,1509.21
2019.08.19 00:00,1509.20,1512.60,1504.93,1508.70
2019.08.19 04:00,1508.68,1509.55,1504.98,1505.76
2019.08.19 08:00,1505.74,1506.02,1493.26,1494.14
2019.08.19 12:00,1494.09,1503.43,1493.99,1502.38
2019.08.19 16:00,1502.39,1503.24,1493.62,1496.08
2019.08.19 20:00,1496.20,1496.89,1494.26,1496.10
2019.08.20 00:00,1496.11,1499.46,1494.36,1495.20
2019.08.20 04:00,1495.21,1500.21,1494.58,1499.53
2019.08.20 08:00,1499.52,1508.55,1499.37,1505.46
2019.08.20 12:00,1505.49,1507.43,1501.05,1503.49
2019.08.20 16:00,1503.49,1508.09,1503.35,1507.94
2019.08.20 20:00,1507.99,1507.99,1506.07,1506.19
2019.08.21 00:00,1506.18,1507.10,1502.00,1502.90
2019.08.21 04:00,1502.91,1504.44,1496.52,1497.32
2019.08.21 08:00,1497.32,1502.21,1497.16,1499.80
2019.08.21 12:00,1499.80,1505.96,1498.19,1502.86
2019.08.21 16:00,1502.81,1507.48,1500.12,1502.98
2019.08.21 20:00,1502.99,1502.99,1501.92,1502.61
2019.08.22 00:00,1502.61,1503.65,1499.89,1501.53
2019.08.22 04:00,1501.56,1502.26,1497.77,1498.50
2019.08.22 08:00,1498.50,1500.17,1492.48,1492.83
2019.08.22 12:00,1492.84,1504.57,1492.69,1500.73
2019.08.22 16:00,1500.71,1500.83,1497.60,1499.15
2019.08.22 20:00,1499.16,1499.69,1496.79,1497.49
2019.08.23 00:00,1497.48,1497.62,1494.33,1494.59
2019.08.23 04:00,1494.59,1497.31,1493.51,1496.12
2019.08.23 08:00,1496.12,1497.89,1494.76,1495.83
2019.08.23 12:00,1495.85,1529.51,1495.67,1528.07
2019.08.23 16:00,1528.03,1530.19,1522.68,1528.50
2019.08.23 20:00,1528.49,1528.64,1525.25,1526.65
2019.08.25 20:00,1547.42,1548.53,1543.37,1547.31
2019.08.26 00:00,1547.31,1549.15,1538.12,1539.23
2019.08.26 04:00,1539.22,1544.18,1528.18,1530.55
2019.08.26 08:00,1530.50,1533.31,1525.09,1531.44
2019.08.26 12:00,1531.46,1537.20,1526.13,1531.28
2019.08.26 16:00,1531.27,1531.92,1526.22,1528.85
2019.08.26 20:00,1528.87,1529.26,1526.63,1528.55
2019.08.27 00:00,1528.56,1530.21,1525.68,1529.00
2019.08.27 04:00,1529.02,1535.03,1527.51,1532.25
2019.08.27 08:00,1532.24,1532.97,1529.48,1531.07
2019.08.27 12:00,1531.07,1542.83,1528.43,1542.33
2019.08.27 16:00,1542.38,1544.61,1537.37,1542.89
2019.08.27 20:00,1542.87,1544.56,1542.06,1543.52
2019.08.28 00:00,1543.48,1544.68,1531.89,1536.17
2019.08.28 04:00,1536.18,1543.54,1535.28,1541.53
2019.08.28 08:00,1541.51,1545.93,1539.12,1545.36
2019.08.28 12:00,1545.42,1546.83,1533.78,1537.75
2019.08.28 16:00,1537.80,1542.66,1536.23,1539.39
2019.08.28 20:00,1539.37,1541.27,1538.02,1538.67
2019.08.29 00:00,1538.67,1543.30,1538.04,1542.78
2019.08.29 04:00,1542.84,1550.33,1540.89,1540.89
2019.08.29 08:00,1540.91,1542.26,1533.65,1537.41
2019.08.29 12:00,1537.36,1545.30,1535.61,1536.55
2019.08.29 16:00,1536.57,1537.35,1519.78,1528.62
2019.08.29 20:00,1528.55,1529.72,1526.32,1528.80
2019.08.30 00:00,1528.73,1528.75,1522.13,1524.32
2019.08.30 04:00,1524.35,1533.14,1522.89,1523.24
2019.08.30 08:00,1523.17,1527.29,1521.91,1524.05
2019.08.30 12:00,1524.04,1532.80,1523.95,1527.64
2019.08.30 16:00,1527.60,1528.22,1517.04,1524.17
2019.08.30 20:00,1524.10,1524.10,1519.60,1520.28
2019.09.01 20:00,1529.66,1529.70,1528.23,1529.15
2019.09.02 00:00,1529.11,1529.88,1522.75,1525.65
2019.09.02 04:00,1525.64,1526.48,1519.39,1522.34
2019.09.02 08:00,1522.31,1526.30,1520.79,1524.47
2019.09.02 12:00,1524.43,1529.63,1523.33,1527.61
2019.09.02 16:00,1527.60,1531.18,1527.32,1528.70
2019.09.02 20:00,1526.34,1527.05,1525.63,1526.29
2019.09.03 00:00,1526.28,1526.28,1521.63,1523.54
2019.09.03 04:00,1523.43,1531.32,1523.37,1530.67
2019.09.03 08:00,1530.67,1533.85,1529.07,1531.37
2019.09.03 12:00,1531.37,1549.72,1530.16,1548.79
2019.09.03 16:00,1548.82,1549.06,1542.13,1545.42
2019.09.03 20:00,1545.41,1550.09,1544.99,1549.10
2019.09.04 00:00,1549.06,1549.46,1540.13,1543.23
2019.09.04 04:00,1543.22,1544.15,1535.31,1536.52
2019.09.04 08:00,1536.52,1539.56,1533.83,1535.85
2019.09.04 12:00,1535.89,1549.06,1535.89,1547.13
2019.09.04 16:00,1547.13,1557.02,1546.60,1554.94
2019.09.04 20:00,1554.98,1555.21,1551.21,1551.21
2019.09.05 00:00,1551.21,1551.68,1541.84,1545.49
2019.09.05 04:00,1545.49,1550.18,1540.62,1542.25
2019.09.05 08:00,1542.22,1543.31,1538.22,1542.91
2019.09.05 12:00,1542.93,1544.70,1506.31,1517.71
2019.09.05 16:00,1517.72,1521.09,1515.32,1518.29
2019.09.05 20:00,1518.31,1519.38,1517.45,1518.42
2019.09.06 00:00,1518.48,1520.30,1512.70,1514.42
2019.09.06 04:00,1514.41,1519.38,1505.27,1509.64
2019.09.06 08:00,1509.64,1510.27,1502.86,1505.35
2019.09.06 12:00,1505.35,1527.92,1502.60,1521.10
2019.09.06 16:00,1521.09,1523.58,1504.46,1505.48
2019.09.06 20:00,1505.46,1507.53,1505.15,1506.63
2019.09.08 20:00,1506.94,1507.66,1504.63,1505.83
2019.09.09 00:00,1505.87,1512.54,1505.43,1509.65
2019.09.09 04:00,1509.64,1511.51,1504.93,1505.13
2019.09.09 08:00,1505.22,1514.06,1504.50,1511.41
2019.09.09 12:00,1511.43,1515.50,1497.59,1500.46
2019.09.09 16:00,1500.45,1506.65,1499.32,1499.82
2019.09.09 20:00,1499.80,1500.17,1495.66,1496.22
2019.09.10 00:00,1496.18,1497.36,1486.44,1489.95
2019.09.10 04:00,1489.95,1495.74,1487.77,1493.71
2019.09.10 08:00,1493.70,1496.81,1491.39,1491.88
2019.09.10 12:00,1491.89,1500.96,1488.78,1494.45
2019.09.10 16:00,1494.45,1496.54,1486.80,1486.80
2019.09.10 20:00,1486.77,1488.09,1484.53,1486.97
2019.09.11 00:00,1486.99,1492.95,1486.91,1491.03
2019.09.11 04:00,1491.05,1495.02,1489.08,1489.96
2019.09.11 08:00,1489.95,1494.76,1488.92,1491.15
2019.09.11 12:00,1491.14,1497.63,1486.84,1494.55
2019.09.11 16:00,1494.54,1498.24,1491.70,1495.80
2019.09.11 20:00,1495.79,1498.45,1491.80,1493.06
2019.09.12 00:00,1493.07,1494.92,1489.23,1493.49
2019.09.12 04:00,1493.54,1503.96,1493.09,1502.93
2019.09.12 08:00,1502.92,1514.02,1501.61,1512.67
2019.09.12 12:00,1512.60,1524.20,1500.90,1503.23
2019.09.12 16:00,1503.19,1504.90,1496.98,1499.10
2019.09.12 20:00,1499.14,1499.42,1495.80,1497.86
2019.09.13 00:00,1497.79,1501.04,1495.53,1497.62
2019.09.13 04:00,1497.62,1506.00,1496.67,1505.10
2019.09.13 08:00,1505.11,1509.62,1503.73,1508.21
2019.09.13 12:00,1508.21,1509.31,1489.32,1490.81
2019.09.13 16:00,1490.83,1493.67,1485.81,1486.89
2019.09.13 20:00,1486.89,1489.16,1486.60,1488.42
2019.09.15 20:00,1504.34,1508.10,1502.36,1506.12
2019.09.16 00:00,1506.10,1512.13,1502.67,1503.08
2019.09.16 04:00,1503.10,1507.08,1501.25,1503.70
2019.09.16 08:00,1503.68,1505.12,1498.99,1503.62
2019.09.16 12:00,1503.59,1506.62,1495.91,1504.54
2019.09.16 16:00,1504.52,1504.84,1496.94,1498.81
2019.09.16 20:00,1498.83,1499.38,1496.89,1498.07
2019.09.17 00:00,1498.06,1500.88,1496.94,1498.09
2019.09.17 04:00,1498.07,1499.01,1493.47,1497.81
2019.09.17 08:00,1497.90,1501.47,1495.93,1501.04
2019.09.17 12:00,1501.05,1505.93,1497.88,1504.88
2019.09.17 16:00,1504.87,1507.11,1501.28,1502.06
2019.09.17 20:00,1502.06,1502.29,1500.44,1500.86
2019.09.18 00:00,1500.82,1503.60,1500.54,1502.87
2019.09.18 04:00,1502.86,1503.44,1500.76,1501.66
2019.09.18 08:00,1501.66,1503.06,1499.48,1501.58
2019.09.18 12:00,1501.56,1511.05,1501.40,1507.86
2019.09.18 16:00,1507.81,1512.20,1484.34,1492.13
2019.09.18 20:00,1492.12,1494.21,1490.00,1491.14
2019.09.19 00:00,1491.11,1495.18,1488.95,1494.41
2019.09.19 04:00,1494.41,1498.20,1493.67,1494.74
2019.09.19 08:00,1494.74,1502.13,1494.70,1501.38
2019.09.19 12:00,1501.37,1504.47,1496.58,1498.52
2019.09.19 16:00,1498.53,1501.62,1496.90,1498.61
2019.09.19 20:00,1498.66,1499.87,1498.07,1499.65
2019.09.20 00:00,1499.62,1504.24,1498.37,1503.48
2019.09.20 04:00,1503.48,1506.81,1502.85,1503.37
2019.09.20 08:00,1503.38,1505.88,1499.78,1499.93
2019.09.20 12:00,1499.89,1505.02,1498.66,1502.27
2019.09.20 16:00,1502.29,1517.07,1501.33,1516.46
2019.09.20 20:00,1516.31,1517.00,1515.38,1516.65
2019.09.22 20:00,1513.50,1514.44,1512.79,1514.43
2019.09.23 00:00,1514.42,1519.57,1511.66,1516.68
2019.09.23 04:00,1516.67,1518.49,1511.55,1517.76
2019.09.23 08:00,1517.71,1521.22,1516.92,1519.16
2019.09.23 12:00,1519.14,1526.81,1516.35,1522.94
2019.09.23 16:00,1522.93,1526.00,1520.60,1524.74
2019.09.23 20:00,1524.68,1524.68,1519.54,1520.85
2019.09.24 00:00,1520.85,1522.20,1519.42,1521.21
2019.09.24 04:00,1521.20,1523.91,1519.37,1523.08
2019.09.24 08:00,1523.10,1523.83,1519.58,1520.69
2019.09.24 12:00,1520.69,1529.07,1515.68,1527.18
2019.09.24 16:00,1527.19,1535.65,1524.60,1532.76
2019.09.24 20:00,1532.78,1532.87,1530.90,1531.76
2019.09.25 00:00,1531.76,1535.12,1528.04,1529.94
2019.09.25 04:00,1529.94,1532.12,1527.63,1531.74
2019.09.25 08:00,1531.76,1532.86,1527.84,1528.21
2019.09.25 12:00,1528.22,1530.45,1508.36,1508.40
2019.09.25 16:00,1508.38,1509.81,1500.54,1504.29
2019.09.25 20:00,1504.53,1507.18,1503.35,1506.48
2019.09.26 00:00,1506.51,1510.19,1506.45,1508.90
2019.09.26 04:00,1508.98,1511.13,1505.45,1506.48
2019.09.26 08:00,1506.48,1510.29,1505.01,1505.61
2019.09.26 12:00,1505.61,1512.32,1500.88,1508.44
2019.09.26 16:00,1508.35,1509.41,1501.91,1504.37
2019.09.26 20:00,1504.36,1506.81,1503.78,1506.76
2019.09.27 00:00,1506.83,1507.42,1504.61,1506.71
2019.09.27 04:00,1506.71,1506.99,1496.10,1498.82
2019.09.27 08:00,1498.79,1499.67,1490.70,1494.86
2019.09.27 12:00,1494.90,1499.07,1486.89,1493.64
2019.09.27 16:00,1493.82,1503.10,1493.17,1496.36
2019.09.27 20:00,1496.36,1498.22,1496.36,1496.73
2019.09.29 20:00,1498.16,1498.51,1496.23,1496.26
2019.09.30 00:00,1496.33,1497.25,1491.10,1492.00
2019.09.30 04:00,1492.00,1494.43,1488.04,1490.29
2019.09.30 08:00,1490.30,1490.62,1481.96,1484.50
2019.09.30 12:00,1484.52,1487.44,1466.08,1468.27
2019.09.30 16:00,1468.26,1474.89,1464.49,1473.40
2019.09.30 20:00,1473.33,1474.05,1472.02,1473.64
2019.10.01 00:00,1473.62,1474.79,1462.65,1463.43
2019.10.01 04:00,1463.41,1466.53,1459.19,1461.54
2019.10.01 08:00,1461.47,1470.18,1459.09,1466.75
2019.10.01 12:00,1466.74,1485.03,1462.29,1484.36
2019.10.01 16:00,1484.39,1487.23,1477.58,1481.16
2019.10.01 20:00,1481.11,1482.41,1478.49,1481.54
2019.10.02 00:00,1481.56,1481.90,1476.90,1477.18
2019.10.02 04:00,1477.21,1484.11,1474.52,1481.49
2019.10.02 08:00,1481.49,1487.94,1479.27,1486.07
2019.10.02 12:00,1486.09,1502.80,1484.08,1498.34
2019.10.02 16:00,1498.32,1505.06,1497.70,1498.92
2019.10.02 20:00,1498.88,1500.82,1498.52,1500.04
2019.10.03 00:00,1500.00,1502.74,1497.83,1498.71
2019.10.03 04:00,1498.70,1503.58,1495.79,1498.60
2019.10.03 08:00,1498.53,1505.44,1497.74,1503.59
2019.10.03 12:00,1503.59,1519.45,1498.26,1510.33
2019.10.03 16:00,1510.31,1510.47,1505.42,1506.10
2019.10.03 20:00,1506.18,1509.59,1505.35,1508.87
2019.10.04 00:00,1508.87,1510.66,1507.49,1510.51
2019.10.04 04:00,1510.49,1510.52,1507.05,1508.43
2019.10.04 08:00,1508.43,1510.38,1507.66,1508.25
2019.10.04 12:00,1508.28,1514.47,1496.18,1503.68
2019.10.04 16:00,1503.70,1509.46,1502.77,1505.62
2019.10.04 20:00,1505.58,1505.72,1503.40,1504.62
2019.10.06 20:00,1506.04,1508.28,1505.43,1508.09
2019.10.07 00:00,1508.07,1509.30,1506.46,1506.77
2019.10.07 04:00,1506.76,1507.68,1500.41,1502.89
2019.10.07 08:00,1502.81,1503.64,1497.29,1498.87
2019.10.07 12:00,1499.01,1504.08,1495.76,1498.69
2019.10.07 16:00,1498.67,1500.32,1488.02,1492.93
2019.10.07 20:00,1492.88,1493.40,1491.55,1492.07
2019.10.08 00:00,1492.07,1493.94,1487.11,1491.32
2019.10.08 04:00,1491.32,1497.85,1488.67,1496.75
2019.10.08 08:00,1496.74,1506.83,1495.79,1505.96
2019.10.08 12:00,1505.97,1508.71,1501.03,1501.86
2019.10.08 16:00,1501.85,1509.75,1497.80,1505.96
2019.10.08 20:00,1505.91,1509.26,1505.09,1508.76
2019.10.09 00:00,1508.78,1508.78,1503.91,1505.56
2019.10.09 04:00,1505.56,1511.37,1505.04,1508.33
2019.10.09 08:00,1508.34,1508.42,1499.87,1501.88
2019.10.09 12:00,1501.90,1509.26,1501.89,1507.66
2019.10.09 16:00,1507.64,1512.26,1502.99,1507.11
2019.10.09 20:00,1507.11,1516.21,1504.96,1511.64
2019.10.10 00:00,1511.56,1514.06,1505.52,1508.91
2019.10.10 04:00,1508.92,1510.37,1504.28,1508.85
2019.10.10 08:00,1508.82,1509.89,1505.40,1508.38
2019.10.10 12:00,1508.34,1510.53,1491.72,1494.34
2019.10.10 16:00,1494.34,1499.71,1493.23,1494.03
2019.10.10 20:00,1494.17,1494.34,1491.16,1494.06
2019.10.11 00:00,1494.09,1497.22,1490.84,1495.40
2019.10.11 04:00,1495.36,1503.03,1493.84,1502.50
2019.10.11 08:00,1502.48,1503.17,1479.55,1482.88
2019.10.11 12:00,1482.75,1488.02,1474.00,1481.54
2019.10.11 16:00,1481.54,1486.90,1479.36,1485.89
2019.10.11 20:00,1485.77,1488.85,1485.31,1488.62
2019.10.13 20:00,1484.14,1485.38,1483.27,1484.66
2019.10.14 00:00,1484.71,1488.25,1483.75,1486.34
2019.10.14 04:00,1486.31,1490.23,1485.65,1489.99
2019.10.14 08:00,1489.99,1497.13,1488.83,1494.22
2019.10.14 12:00,1494.13,1494.47,1488.71,1492.37
2019.10.14 16:00,1492.38,1493.67,1490.53,1492.03
2019.10.14 20:00,1491.99,1493.12,1490.81,1491.24
2019.10.15 00:00,1491.31,1495.45,1491.23,1494.50
2019.10.15 04:00,1494.50,1494.69,1488.83,1492.70
2019.10.15 08:00,1492.70,1497.94,1491.53,1493.56
2019.10.15 12:00,1493.58,1494.30,1477.23,1481.32
2019.10.15 16:00,1481.38,1481.93,1479.01,1481.16
2019.10.15 20:00,1481.30,1481.96,1480.59,1481.94
2019.10.16 00:00,1481.95,1484.99,1480.85,1483.35
2019.10.16 04:00,1483.34,1485.81,1478.54,1483.44
2019.10.16 08:00,1483.49,1485.82,1479.37,1481.94
2019.10.16 12:00,1481.92,1491.57,1477.07,1488.08
2019.10.16 16:00,1488.08,1490.94,1486.03,1489.60
2019.10.16 20:00,1489.51,1490.98,1489.46,1490.05
2019.10.17 00:00,1490.10,1493.04,1487.54,1488.45
2019.10.17 04:00,1488.45,1491.82,1487.11,1487.73
2019.10.17 08:00,1487.73,1491.10,1483.44,1488.35
2019.10.17 12:00,1488.33,1496.39,1487.85,1496.38
2019.10.17 16:00,1496.38,1497.30,1491.08,1491.81
2019.10.17 20:00,1491.92,1493.51,1491.62,1492.85
2019.10.18 00:00,1492.79,1493.06,1490.72,1492.36
2019.10.18 04:00,1492.36,1492.97,1487.47,1488.06
2019.10.18 08:00,1488.02,1489.84,1484.90,1489.03
2019.10.18 12:00,1489.10,1493.42,1488.79,1491.15
2019.10.18 16:00,1491.12,1492.54,1489.81,1490.70
2019.10.18 20:00,1490.70,1490.81,1489.76,1490.31
2019.10.20 20:00,1491.24,1491.96,1490.79,1491.59
2019.10.21 00:00,1491.61,1492.04,1489.16,1490.40
2019.10.21 04:00,1490.34,1493.57,1488.25,1488.52
2019.10.21 08:00,1488.53,1492.49,1487.40,1490.02
2019.10.21 12:00,1490.07,1495.17,1483.38,1485.02
2019.10.21 16:00,1484.99,1486.53,1481.59,1484.03
2019.10.21 20:00,1484.01,1484.70,1483.65,1484.45
2019.10.22 00:00,1484.46,1484.94,1481.16,1484.60
2019.10.22 04:00,1484.60,1488.53,1484.42,1487.23
2019.10.22 08:00,1487.36,1488.71,1485.82,1486.90
2019.10.22 12:00,1487.01,1488.70,1483.10,1484.23
2019.10.22 16:00,1484.22,1488.66,1482.74,1487.55
2019.10.22 20:00,1487.60,1489.20,1487.27,1488.81
2019.10.23 00:00,1488.82,1490.60,1487.71,1489.21
2019.10.23 04:00,1489.21,1493.79,1488.13,1492.74
2019.10.23 08:00,1492.74,1495.05,1490.11,1492.09
2019.10.23 12:00,1492.09,1496.14,1491.29,1493.45
2019.10.23 16:00,1493.46,1494.33,1491.16,1491.80
2019.10.23 20:00,1491.83,1492.54,1491.13,1492.12
2019.10.24 00:00,1492.12,1493.58,1490.96,1492.35
2019.10.24 04:00,1492.35,1493.52,1487.97,1489.21
2019.10.24 08:00,1489.25,1491.25,1488.28,1490.43
2019.10.24 12:00,1490.44,1503.11,1490.31,1499.76
2019.10.24 16:00,1499.79,1504.00,1499.55,1502.17
2019.10.24 20:00,1502.04,1503.94,1502.03,1502.71
2019.10.25 00:00,1502.72,1502.90,1500.81,1502.60
2019.10.25 04:00,1502.62,1506.90,1502.34,1506.83
2019.10.25 08:00,1506.81,1509.86,1503.84,1509.01
2019.10.25 12:00,1509.00,1517.92,1503.62,1503.95
2019.10.25 16:00,1503.95,1506.20,1500.60,1505.61
2019.10.25 20:00,1505.60,1505.79,1504.15,1504.38
2019.10.27 20:00,1503.24,1504.16,1503.07,1504.01
2019.10.28 00:00,1504.01,1506.20,1503.60,1504.18
2019.10.28 04:00,1504.18,1508.19,1503.28,1505.23
2019.10.28 08:00,1505.14,1507.18,1502.88,1503.36
2019.10.28 12:00,1503.38,1505.08,1490.00,1490.32
2019.10.28 16:00,1490.30,1493.62,1490.09,1492.89
2019.10.28 20:00,1492.93,1493.89,1491.41,1491.75
2019.10.29 00:00,1491.74,1493.03,1490.21,1492.09
2019.10.29 04:00,1492.10,1494.47,1490.87,1494.03
2019.10.29 08:00,1494.09,1494.66,1484.34,1486.77
2019.10.29 12:00,1486.77,1492.49,1483.64,1491.09
2019.10.29 16:00,1490.89,1491.76,1487.54,1488.31
2019.10.29 20:00,1488.42,1489.11,1487.05,1487.28
2019.10.30 00:00,1487.30,1489.50,1487.00,1488.69
2019.10.30 04:00,1488.64,1490.13,1487.23,1488.98
2019.10.30 08:00,1488.97,1493.91,1488.40,1493.53
2019.10.30 12:00,1493.49,1495.62,1489.72,1494.63
2019.10.30 16:00,1494.67,1496.61,1481.19,1496.27
2019.10.30 20:00,1496.28,1496.61,1494.12,1495.21
2019.10.31 00:00,1495.29,1499.50,1493.95,1498.29
2019.10.31 04:00,1498.27,1500.51,1496.49,1500.24
2019.10.31 08:00,1500.21,1507.91,1499.12,1506.49
2019.10.31 12:00,1506.56,1514.20,1504.71,1509.55
2019.10.31 16:00,1509.67,1513.14,1509.25,1511.32
2019.10.31 20:00,1511.35,1512.83,1511.18,1512.24
2019.11.01 00:00,1512.40,1513.67,1510.14,1510.64
2019.11.01 04:00,1510.63,1512.48,1509.18,1512.46
2019.11.01 08:00,1512.44,1514.72,1508.80,1510.37
2019.11.01 12:00,1510.38,1515.94,1503.27,1510.56
2019.11.01 16:00,1510.52,1513.46,1507.04,1513.04
2019.11.01 20:00,1513.03,1514.28,1512.12,1514.12
2019.11.03 20:00,1513.53,1513.78,1512.27,1512.91
2019.11.04 00:00,1512.90,1513.78,1511.03,1512.13
2019.11.04 04:00,1512.13,1513.87,1510.43,1513.63
2019.11.04 08:00,1513.63,1514.01,1508.94,1512.47
2019.11.04 12:00,1512.47,1514.78,1508.16,1509.09
2019.11.04 16:00,1509.09,1509.82,1504.46,1508.27
2019.11.04 20:00,1508.26,1509.66,1506.24,1506.72
2019.11.05 00:00,1506.72,1507.81,1504.76,1505.00
2019.11.05 04:00,1505.00,1507.73,1502.50,1506.33
2019.11.05 08:00,1506.32,1507.17,1501.87,1503.80
2019.11.05 12:00,1503.82,1503.88,1485.17,1485.81
2019.11.05 16:00,1485.76,1486.59,1479.33,1483.68
2019.11.05 20:00,1483.68,1485.27,1482.43,1484.46
2019.11.06 00:00,1484.44,1487.37,1483.84,1486.89
2019.11.06 04:00,1486.91,1487.14,1483.89,1485.93
2019.11.06 08:00,1485.84,1488.82,1484.10,1485.65
2019.11.06 12:00,1485.65,1489.82,1482.99,1488.27
2019.11.06 16:00,1488.23,1493.58,1486.29,1491.00
2019.11.06 20:00,1490.91,1491.69,1489.84,1490.28
2019.11.07 00:00,1490.28,1491.94,1489.83,1491.36
2019.11.07 04:00,1491.34,1492.19,1484.81,1486.96
2019.11.07 08:00,1487.03,1488.17,1481.07,1483.54
2019.11.07 12:00,1483.53,1487.62,1468.02,1469.73
2019.11.07 16:00,1469.75,1471.56,1460.61,1467.80
2019.11.07 20:00,1467.83,1470.95,1467.16,1468.67
2019.11.08 00:00,1468.65,1469.58,1465.71,1469.15
2019.11.08 04:00,1469.14,1471.76,1468.11,1471.64
2019.11.08 08:00,1471.74,1472.96,1462.18,1462.23
2019.11.08 12:00,1462.20,1468.22,1456.25,1466.74
2019.11.08 16:00,1466.76,1468.26,1460.56,1461.91
2019.11.08 20:00,1461.93,1462.06,1458.87,1459.21
2019.11.10 20:00,1459.11,1461.14,1458.73,1461.03
2019.11.11 00:00,1461.08,1463.75,1460.15,1461.75
2019.11.11 04:00,1461.75,1465.23,1461.75,1464.79
2019.11.11 08:00,1464.79,1466.44,1462.60,1464.49
2019.11.11 12:00,1464.49,1465.15,1448.19,1449.02
2019.11.11 16:00,1448.99,1457.76,1448.84,1456.28
2019.11.11 20:00,1456.29,1457.16,1454.87,1455.62
2019.11.12 00:00,1455.61,1456.97,1454.79,1456.45
2019.11.12 04:00,1456.44,1456.83,1448.84,1451.95
2019.11.12 08:00,1452.21,1456.27,1449.00,1453.09
2019.11.12 12:00,1453.11,1455.53,1445.61,1451.91
2019.11.12 16:00,1451.92,1460.38,1450.28,1459.51
2019.11.12 20:00,1459.33,1459.42,1455.78,1458.35
2019.11.13 00:00,1458.35,1459.58,1457.19,1458.62
2019.11.13 04:00,1458.69,1463.06,1458.69,1460.69
2019.11.13 08:00,1460.59,1466.38,1457.80,1464.78
2019.11.13 12:00,1464.77,1466.68,1460.39,1465.42
2019.11.13 16:00,1465.42,1467.06,1460.80,1463.62
2019.11.13 20:00,1463.61,1464.45,1462.51,1463.52
2019.11.14 00:00,1463.53,1464.65,1461.14,1464.13
2019.11.14 04:00,1464.13,1467.87,1464.07,1466.48
2019.11.14 08:00,1466.49,1470.52,1465.90,1467.60
2019.11.14 12:00,1467.62,1470.38,1464.65,1469.43
2019.11.14 16:00,1469.46,1474.58,1469.24,1471.44
2019.11.14 20:00,1471.39,1471.60,1468.78,1469.24
2019.11.15 00:00,1469.32,1469.88,1465.55,1466.18
2019.11.15 04:00,1466.17,1466.81,1463.11,1464.38
2019.11.15 08:00,1464.37,1466.97,1462.43,1466.00
2019.11.15 12:00,1466.00,1469.16,1463.62,1468.51
2019.11.15 16:00,1468.59,1468.59,1464.79,1466.29
2019.11.15 20:00,1466.27,1467.49,1466.13,1466.69
2019.11.17 20:00,1467.25,1469.59,1467.24,1469.03
2019.11.18 00:00,1469.04,1469.45,1464.90,1465.96
2019.11.18 04:00,1465.96,1466.42,1461.84,1463.60
2019.11.18 08:00,1463.54,1463.63,1457.39,1459.25
2019.11.18 12:00,1459.30,1472.12,1456.40,1471.82
2019.11.18 16:00,1471.81,1473.97,1470.59,1471.49
2019.11.18 20:00,1471.44,1472.11,1470.28,1471.70
2019.11.19 00:00,1471.70,1475.33,1469.11,1470.42
2019.11.19 04:00,1470.40,1473.23,1468.95,1469.49
2019.11.19 08:00,1469.24,1471.14,1464.78,1467.54
2019.11.19 12:00,1467.54,1472.99,1465.27,1472.96
2019.11.19 16:00,1472.95,1475.15,1469.24,1473.11
2019.11.19 20:00,1473.10,1475.19,1471.56,1474.54
2019.11.20 00:00,1474.52,1475.25,1472.00,1474.49
2019.11.20 04:00,1474.50,1477.92,1472.74,1477.78
2019.11.20 08:00,1477.77,1478.87,1473.88,1474.11
2019.11.20 12:00,1474.11,1474.64,1465.98,1469.38
2019.11.20 16:00,1469.42,1475.47,1466.01,1471.33
2019.11.20 20:00,1471.25,1475.37,1470.84,1474.46
2019.11.21 00:00,1474.46,1475.65,1470.98,1471.56
2019.11.21 04:00,1471.57,1472.31,1468.84,1471.16
2019.11.21 08:00,1471.18,1474.46,1467.60,1469.43
2019.11.21 12:00,1469.54,1471.42,1463.13,1469.05
2019.11.21 16:00,1469.08,1469.61,1462.41,1464.61
2019.11.21 20:00,1464.62,1465.22,1464.01,1465.08
2019.11.22 00:00,1465.12,1465.66,1463.49,1464.94
2019.11.22 04:00,1464.88,1468.64,1464.67,1467.07
2019.11.22 08:00,1467.08,1473.21,1464.55,1471.31
2019.11.22 12:00,1471.32,1471.56,1461.37,1464.68
2019.11.22 16:00,1464.74,1467.75,1462.25,1462.95
2019.11.22 20:00,1463.00,1463.17,1462.31,1462.46
2019.11.24 20:00,1460.68,1461.21,1459.70,1460.48
2019.11.25 00:00,1460.48,1462.13,1459.65,1461.47
2019.11.25 04:00,1461.48,1461.82,1457.66,1459.26
2019.11.25 08:00,1459.26,1459.91,1456.48,1457.17
2019.11.25 12:00,1457.18,1461.36,1454.82,1458.47
2019.11.25 16:00,1458.45,1458.70,1454.74,1455.05
2019.11.25 20:00,1455.17,1455.44,1453.65,1453.91
2019.11.26 00:00,1453.86,1454.88,1451.69,1454.54
2019.11.26 04:00,1454.54,1457.26,1453.91,1455.57
2019.11.26 08:00,1455.61,1459.17,1454.95,1457.95
2019.11.26 12:00,1458.01,1460.43,1450.07,1458.63
2019.11.26 16:00,1458.65,1463.01,1458.55,1461.67
2019.11.26 20:00,1461.68,1462.55,1460.49,1460.52
2019.11.27 00:00,1460.52,1461.22,1458.98,1459.52
2019.11.27 04:00,1459.52,1460.27,1457.94,1458.36
2019.11.27 08:00,1458.36,1460.24,1457.45,1458.70
2019.11.27 12:00,1458.70,1458.99,1453.16,1455.32
2019.11.27 16:00,1455.28,1456.35,1452.59,1454.55
2019.11.27 20:00,1454.59,1457.56,1454.24,1456.85
2019.11.28 00:00,1456.89,1458.24,1455.64,1456.09
2019.11.28 04:00,1456.09,1457.48,1455.43,1456.87
2019.11.28 08:00,1456.84,1458.26,1455.87,1456.30
2019.11.28 12:00,1456.31,1456.60,1454.28,1455.73
2019.11.28 16:00,1455.75,1456.40,1454.95,1455.95
2019.11.28 20:00,1455.50,1456.45,1455.29,1456.08
2019.11.29 00:00,1456.07,1458.69,1455.17,1457.39
2019.11.29 04:00,1457.37,1459.24,1457.26,1458.37
2019.11.29 08:00,1458.31,1458.37,1455.76,1456.63
2019.11.29 12:00,1456.65,1463.04,1453.04,1461.51
2019.11.29 16:00,1461.50,1466.54,1460.85,1463.61
2019.11.29 20:00,1463.53,1463.53,1463.53,1463.53
2019.12.01 20:00,1464.11,1464.14,1461.61,1461.82
2019.12.02 00:00,1461.81,1461.81,1458.85,1459.02
2019.12.02 04:00,1459.02,1460.49,1458.31,1458.88
2019.12.02 08:00,1458.88,1458.99,1453.97,1458.69
2019.12.02 12:00,1458.74,1465.30,1457.11,1463.50
2019.12.02 16:00,1463.52,1465.05,1460.78,1462.33
2019.12.02 20:00,1462.32,1463.99,1461.01,1462.65
2019.12.03 00:00,1462.65,1463.95,1461.30,1461.62
2019.12.03 04:00,1461.62,1463.26,1459.84,1463.05
2019.12.03 08:00,1463.05,1470.85,1462.07,1469.84
2019.12.03 12:00,1469.85,1481.73,1467.81,1479.11
2019.12.03 16:00,1479.17,1481.29,1477.43,1478.49
2019.12.03 20:00,1478.50,1478.67,1476.01,1476.65
2019.12.04 00:00,1476.67,1480.15,1476.17,1478.98
2019.12.04 04:00,1478.95,1484.05,1478.55,1483.83
2019.12.04 08:00,1483.88,1484.01,1472.71,1475.63
2019.12.04 12:00,1475.65,1481.86,1471.47,1473.00
2019.12.04 16:00,1472.99,1475.18,1471.94,1474.15
2019.12.04 20:00,1474.18,1476.03,1474.02,1475.57
2019.12.05 00:00,1475.60,1476.41,1473.79,1475.92
2019.12.05 04:00,1475.92,1478.28,1473.87,1474.40
2019.12.05 08:00,1474.40,1476.85,1473.17,1474.89
2019.12.05 12:00,1474.91,1478.76,1472.89,1476.27
2019.12.05 16:00,1476.28,1480.32,1475.16,1476.34
2019.12.05 20:00,1476.33,1476.46,1475.11,1476.00
2019.12.06 00:00,1475.97,1476.44,1474.96,1475.83
2019.12.06 04:00,1475.82,1475.86,1471.48,1473.39
2019.12.06 08:00,1473.38,1476.32,1472.52,1475.55
2019.12.06 12:00,1475.55,1479.57,1459.50,1461.88
2019.12.06 16:00,1461.78,1462.15,1458.71,1459.97
2019.12.06 20:00,1459.98,1460.74,1459.53,1460.65
2019.12.08 20:00,1459.56,1460.02,1458.71,1459.99
2019.12.09 00:00,1460.02,1461.55,1459.10,1459.91
2019.12.09 04:00,1459.91,1462.55,1459.63,1462.14
2019.12.09 08:00,1462.17,1464.27,1461.13,1463.97
2019.12.09 12:00,1463.98,1465.38,1461.03,1461.75
2019.12.09 16:00,1461.73,1462.04,1459.23,1460.32
2019.12.09 20:00,1460.34,1462.06,1460.04,1461.10
2019.12.10 00:00,1461.04,1461.56,1460.10,1460.26
2019.12.10 04:00,1460.26,1463.35,1460.02,1462.28
2019.12.10 08:00,1462.33,1467.18,1462.33,1466.47
2019.12.10 12:00,1466.43,1469.14,1463.70,1464.55
2019.12.10 16:00,1464.56,1465.98,1462.39,1465.39
2019.12.10 20:00,1465.39,1465.39,1463.33,1463.84
2019.12.11 00:00,1463.86,1465.03,1463.46,1463.55
2019.12.11 04:00,1463.54,1465.62,1462.90,1465.31
2019.12.11 08:00,1465.34,1467.90,1462.72,1466.56
2019.12.11 12:00,1466.55,1471.26,1465.21,1469.76
2019.12.11 16:00,1469.74,1478.89,1467.45,1477.50
2019.12.11 20:00,1477.49,1478.32,1474.16,1474.60
2019.12.12 00:00,1474.62,1475.65,1474.10,1475.41
2019.12.12 04:00,1475.41,1475.43,1472.81,1473.60
2019.12.12 08:00,1473.60,1475.43,1472.06,1474.70
2019.12.12 12:00,1474.69,1486.71,1464.58,1466.72
2019.12.12 16:00,1466.69,1470.86,1463.91,1469.61
2019.12.12 20:00,1469.47,1470.31,1462.47,1465.08
2019.12.13 00:00,1465.21,1470.00,1464.80,1467.88
2019.12.13 04:00,1467.88,1470.04,1465.77,1469.38
2019.12.13 08:00,1469.43,1473.34,1468.07,1471.31
2019.12.13 12:00,1471.31,1475.43,1465.37,1472.47
2019.12.13 16:00,1472.45,1478.05,1471.84,1477.09
2019.12.13 20:00,1477.12,1477.17,1474.54,1475.89
2019.12.15 20:00,1474.71,1476.30,1473.75,1474.14
2019.12.16 00:00,1474.13,1475.41,1473.15,1474.72
2019.12.16 04:00,1474.70,1478.74,1474.59,1477.25
2019.12.16 08:00,1477.22,1478.11,1474.52,1476.80
2019.12.16 12:00,1476.80,1479.84,1474.75,1474.82
2019.12.16 16:00,1474.80,1476.77,1473.77,1476.22
2019.12.16 20:00,1476.22,1476.74,1474.83,1475.36
2019.12.17 00:00,1475.35,1476.66,1474.39,1476.33
2019.12.17 04:00,1476.33,1478.03,1475.97,1476.54
2019.12.17 08:00,1476.47,1480.51,1476.44,1479.19
2019.12.17 12:00,1479.17,1479.63,1474.21,1475.79
2019.12.17 16:00,1475.79,1478.37,1475.10,1475.54
2019.12.17 20:00,1475.54,1476.36,1475.12,1475.64
2019.12.18 00:00,1475.63,1476.67,1475.05,1476.57
2019.12.18 04:00,1476.57,1478.27,1476.15,1477.83
2019.12.18 08:00,1477.93,1479.29,1474.78,1476.86
2019.12.18 12:00,1476.83,1478.47,1470.47,1475.92
2019.12.18 16:00,1475.93,1476.61,1474.09,1475.12
2019.12.18 20:00,1475.11,1476.09,1474.72,1475.77
2019.12.19 00:00,1475.70,1477.93,1474.78,1477.86
2019.12.19 04:00,1477.85,1477.96,1475.70,1476.08
2019.12.19 08:00,1476.08,1476.62,1473.29,1474.56
2019.12.19 12:00,1474.56,1477.48,1473.66,1476.27
2019.12.19 16:00,1476.16,1481.65,1475.81,1479.74
2019.12.19 20:00,1479.67,1479.83,1478.29,1478.48
2019.12.20 00:00,1478.50,1479.58,1477.90,1478.60
2019.12.20 04:00,1478.59,1479.70,1478.08,1478.36
2019.12.20 08:00,1478.44,1478.57,1476.78,1477.48
2019.12.20 12:00,1477.47,1480.98,1477.44,1479.26
2019.12.20 16:00,1479.26,1479.43,1475.85,1478.01
2019.12.20 20:00,1477.99,1478.40,1477.29,1477.39
2019.12.22 20:00,1478.28,1478.67,1477.51,1478.53
2019.12.23 00:00,1478.54,1481.46,1478.41,1480.82
2019.12.23 04:00,1480.81,1485.08,1480.47,1483.56
2019.12.23 08:00,1483.57,1485.25,1482.29,1483.45
2019.12.23 12:00,1483.47,1484.82,1480.56,1483.68
2019.12.23 16:00,1483.69,1485.94,1482.30,1485.60
2019.12.23 20:00,1485.63,1486.11,1485.07,1485.45
2019.12.24 00:00,1485.50,1489.60,1484.38,1488.82
2019.12.24 04:00,1488.82,1491.33,1488.45,1489.96
2019.12.24 08:00,1489.94,1492.95,1489.39,1490.14
2019.12.24 12:00,1490.23,1499.39,1488.79,1498.63
2019.12.24 16:00,1498.63,1500.48,1498.15,1498.70
2019.12.25 20:00,1499.94,1500.30,1497.37,1499.45
2019.12.26 00:00,1499.56,1504.00,1497.80,1503.29
2019.12.26 04:00,1503.30,1505.54,1502.34,1502.86
2019.12.26 08:00,1502.86,1505.05,1502.74,1504.82
2019.12.26 12:00,1504.91,1512.57,1504.41,1512.10
2019.12.26 16:00,1512.11,1512.37,1506.62,1509.81
2019.12.26 20:00,1509.85,1511.95,1509.72,1511.18
2019.12.27 00:00,1511.18,1514.10,1509.20,1512.98
2019.12.27 04:00,1512.94,1513.46,1507.35,1508.54
2019.12.27 08:00,1508.61,1512.46,1508.23,1510.02
2019.12.27 12:00,1510.04,1512.81,1509.40,1511.44
2019.12.27 16:00,1511.45,1515.30,1511.21,1512.52
2019.12.27 20:00,1512.54,1512.69,1510.09,1510.32
2019.12.29 20:00,1511.49,1514.00,1511.06,1513.51
2019.12.30 00:00,1513.51,1515.80,1513.02,1515.01
2019.12.30 04:00,1515.02,1515.31,1512.88,1514.13
2019.12.30 08:00,1514.15,1514.15,1510.78,1510.90
2019.12.30 12:00,1510.90,1515.82,1510.90,1513.82
2019.12.30 16:00,1513.81,1516.10,1513.74,1515.57
2019.12.30 20:00,1515.49,1515.57,1514.46,1514.90
2019.12.31 00:00,1514.88,1522.00,1514.80,1521.92
2019.12.31 04:00,1521.93,1525.24,1521.91,1523.84
2019.12.31 08:00,1523.86,1524.81,1521.48,1521.88
2019.12.31 12:00,1521.86,1524.77,1516.64,1521.97
2019.12.31 16:00,1521.98,1522.89,1519.36,1519.73
2019.12.31 20:00,1519.75,1520.13,1517.42,1517.72
2020.01.01 20:00,1517.93,1521.25,1517.93,1518.36
2020.01.02 00:00,1518.35,1521.18,1517.22,1520.35
2020.01.02 04:00,1520.35,1521.44,1519.02,1519.20
2020.01.02 08:00,1519.20,1522.47,1518.46,1522.00
2020.01.02 12:00,1521.90,1531.33,1521.59,1529.16
2020.01.02 16:00,1529.19,1529.27,1522.82,1526.77
2020.01.02 20:00,1526.75,1529.12,1526.49,1528.77
2020.01.03 00:00,1528.79,1541.05,1528.77,1538.61
2020.01.03 04:00,1538.58,1543.91,1537.45,1543.45
2020.01.03 08:00,1543.46,1551.48,1542.93,1549.43
2020.01.03 12:00,1549.38,1551.03,1540.94,1548.87
2020.01.03 16:00,1548.88,1553.38,1546.20,1547.88
2020.01.03 20:00,1547.88,1548.88,1546.92,1548.38
2020.01.05 20:00,1559.16,1585.92,1559.16,1569.18
2020.01.06 00:00,1569.16,1580.04,1567.09,1578.10
2020.01.06 04:00,1578.08,1578.31,1570.22,1574.12
2020.01.06 08:00,1573.79,1579.33,1571.37,1578.92
2020.01.06 12:00,1578.77,1579.02,1560.96,1564.26
2020.01.06 16:00,1564.26,1568.56,1560.78,1564.82
2020.01.06 20:00,1564.85,1566.84,1563.60,1563.76
2020.01.07 00:00,1563.77,1565.58,1555.31,1559.02
2020.01.07 04:00,1559.02,1570.80,1558.02,1569.72
2020.01.07 08:00,1569.61,1570.49,1563.22,1567.63
2020.01.07 12:00,1567.60,1571.57,1563.88,1568.58
2020.01.07 16:00,1568.54,1573.12,1568.37,1571.25
2020.01.07 20:00,1571.23,1598.39,1569.68,1594.95
2020.01.08 00:00,1594.95,1611.36,1583.70,1590.73
2020.01.08 04:00,1590.71,1595.33,1585.91,1588.62
2020.01.08 08:00,1588.65,1588.95,1575.43,1577.21
2020.01.08 12:00,1577.20,1580.04,1568.10,1573.58
2020.01.08 16:00,1573.52,1573.52,1552.25,1554.09
2020.01.08 20:00,1554.16,1562.06,1553.23,1558.05
2020.01.09 00:00,1558.06,1561.31,1553.82,1558.77
2020.01.09 04:00,1558.77,1559.42,1540.21,1545.54
2020.01.09 08:00,1545.66,1549.36,1544.53,1548.43
2020.01.09 12:00,1548.25,1556.54,1544.84,1546.71
2020.01.09 16:00,1546.70,1555.08,1546.64,1552.71
2020.01.09 20:00,1552.63,1553.80,1549.76,1552.70
2020.01.10 00:00,1552.65,1552.65,1546.28,1546.38
2020.01.10 04:00,1546.35,1551.72,1545.73,1550.76
2020.01.10 08:00,1550.76,1552.42,1547.81,1550.62
2020.01.10 12:00,1550.64,1559.42,1546.83,1558.64
2020.01.10 16:00,1558.60,1561.03,1557.82,1558.82
2020.01.10 20:00,1558.92,1560.53,1558.77,1560.28
2020.01.12 20:00,1560.05,1561.36,1557.99,1559.23
2020.01.13 00:00,1559.26,1559.99,1554.31,1556.74
2020.01.13 04:00,1556.75,1556.86,1552.02,1552.73
2020.01.13 08:00,1552.75,1553.93,1546.62,1552.93
2020.01.13 12:00,1552.92,1556.14,1548.67,1551.52
2020.01.13 16:00,1551.52,1553.88,1548.22,1549.75
2020.01.13 20:00,1549.76,1550.48,1544.93,1545.25
2020.01.14 00:00,1545.26,1545.30,1535.92,1538.78
2020.01.14 04:00,1538.82,1543.09,1536.15,1543.09
2020.01.14 08:00,1543.06,1545.99,1541.81,1543.12
2020.01.14 12:00,1543.09,1547.00,1541.15,1543.00
2020.01.14 16:00,1542.98,1548.82,1542.07,1546.10
2020.01.14 20:00,1546.09,1550.01,1545.57,1549.55
2020.01.15 00:00,1549.53,1552.87,1546.38,1552.10
2020.01.15 04:00,1552.10,1553.89,1550.31,1552.76
2020.01.15 08:00,1552.78,1554.21,1551.40,1552.03
2020.01.15 12:00,1552.03,1557.01,1546.94,1548.96
2020.01.15 16:00,1548.99,1558.16,1548.75,1555.41
2020.01.15 20:00,1555.40,1557.00,1554.16,1556.32
2020.01.16 00:00,1556.34,1558.08,1555.41,1556.47
2020.01.16 04:00,1556.48,1556.48,1551.48,1553.52
2020.01.16 08:00,1553.41,1556.46,1551.94,1556.22
2020.01.16 12:00,1556.24,1557.44,1548.03,1550.83
2020.01.16 16:00,1550.75,1552.25,1549.01,1551.73
2020.01.16 20:00,1551.73,1553.95,1550.86,1552.22
2020.01.17 00:00,1552.23,1554.72,1549.40,1554.61
2020.01.17 04:00,1554.61,1556.99,1554.28,1555.52
2020.01.17 08:00,1555.56,1557.20,1554.10,1556.60
2020.01.17 12:00,1556.52,1560.72,1554.06,1556.26
2020.01.17 16:00,1556.26,1561.25,1555.87,1559.71
2020.01.17 20:00,1559.71,1560.95,1556.29,1556.67
2020.01.19 20:00,1557.17,1559.05,1556.34,1557.03
2020.01.20 00:00,1557.01,1558.89,1556.65,1558.89
2020.01.20 04:00,1558.88,1562.75,1558.88,1561.51
2020.01.20 08:00,1561.52,1561.73,1559.28,1560.10
2020.01.20 12:00,1560.11,1561.02,1558.46,1560.95
2020.01.20 16:00,1560.93,1561.22,1560.13,1560.67
2020.01.20 20:00,1560.82,1561.46,1559.93,1561.24
2020.01.21 00:00,1561.27,1568.60,1560.00,1566.83
2020.01.21 04:00,1566.84,1567.70,1558.33,1559.44
2020.01.21 08:00,1559.41,1561.54,1551.85,1555.67
2020.01.21 12:00,1555.73,1558.56,1546.35,1558.51
2020.01.21 16:00,1558.44,1559.99,1554.38,1558.26
2020.01.21 20:00,1558.27,1559.17,1555.62,1556.56
2020.01.22 00:00,1556.59,1557.59,1550.18,1552.05
2020.01.22 04:00,1552.05,1554.89,1550.56,1554.28
2020.01.22 08:00,1554.52,1559.24,1553.88,1555.78
2020.01.22 12:00,1555.75,1558.92,1554.55,1557.10
2020.01.22 16:00,1557.11,1558.47,1555.51,1557.65
2020.01.22 20:00,1557.65,1563.74,1557.39,1561.46
2020.01.23 00:00,1561.45,1563.52,1555.86,1558.80
2020.01.23 04:00,1558.78,1560.89,1553.40,1554.15
2020.01.23 08:00,1554.20,1556.97,1552.90,1552.91
2020.01.23 12:00,1552.91,1564.84,1551.92,1562.67
2020.01.23 16:00,1562.73,1567.92,1560.31,1562.83
2020.01.23 20:00,1562.87,1564.14,1560.85,1560.92
2020.01.24 00:00,1560.91,1562.70,1559.57,1561.71
2020.01.24 04:00,1561.75,1562.28,1559.36,1559.60
2020.01.24 08:00,1559.60,1562.99,1557.59,1559.13
2020.01.24 12:00,1559.14,1575.53,1556.54,1570.15
2020.01.24 16:00,1570.05,1575.77,1568.88,1571.15
2020.01.24 20:00,1571.03,1572.59,1569.56,1571.64
2020.01.26 20:00,1581.12,1588.59,1579.29,1582.75
2020.01.27 00:00,1582.75,1583.12,1577.33,1579.46
2020.01.27 04:00,1579.43,1580.92,1576.97,1578.07
2020.01.27 08:00,1578.09,1586.27,1575.87,1584.46
2020.01.27 12:00,1584.35,1585.99,1578.07,1583.77
2020.01.27 16:00,1583.77,1583.98,1577.08,1580.88
2020.01.27 20:00,1580.90,1583.21,1580.05,1581.10
2020.01.28 00:00,1581.10,1583.04,1579.55,1579.64
2020.01.28 04:00,1579.66,1580.62,1576.89,1577.15
2020.01.28 08:00,1577.22,1582.33,1577.22,1578.15
2020.01.28 12:00,1578.16,1578.86,1567.42,1570.22
2020.01.28 16:00,1570.23,1571.76,1567.10,1569.18
2020.01.28 20:00,1569.18,1570.22,1566.45,1568.48
2020.01.29 00:00,1568.50,1569.26,1563.36,1564.52
2020.01.29 04:00,1564.53,1569.16,1564.44,1568.09
2020.01.29 08:00,1568.12,1572.45,1567.28,1571.91
2020.01.29 12:00,1571.92,1574.46,1567.82,1569.80
2020.01.29 16:00,1569.82,1576.92,1568.79,1576.65
2020.01.29 20:00,1576.59,1577.96,1574.86,1577.06
2020.01.30 00:00,1577.06,1580.60,1576.04,1580.15
2020.01.30 04:00,1580.16,1582.54,1576.97,1581.60
2020.01.30 08:00,1581.53,1583.05,1578.43,1580.00
2020.01.30 12:00,1580.00,1585.24,1572.34,1583.66
2020.01.30 16:00,1583.65,1585.96,1577.38,1579.85
2020.01.30 20:00,1579.81,1579.95,1573.69,1575.16
2020.01.31 00:00,1575.17,1575.56,1570.95,1572.22
2020.01.31 04:00,1572.20,1576.71,1571.60,1576.44
2020.01.31 08:00,1576.51,1582.07,1576.18,1580.63
2020.01.31 12:00,1580.62,1589.06,1578.31,1588.23
2020.01.31 16:00,1588.09,1588.65,1581.02,1586.74
2020.01.31 20:00,1586.83,1589.34,1585.11,1586.45
2020.02.02 20:00,1593.36,1593.79,1587.56,1589.37
2020.02.03 00:00,1589.39,1590.02,1579.61,1580.33
2020.02.03 04:00,1580.22,1581.42,1573.85,1576.41
2020.02.03 08:00,1576.32,1581.22,1573.42,1578.16
2020.02.03 12:00,1578.17,1580.43,1569.85,1575.67
2020.02.03 16:00,1575.67,1579.70,1574.34,1577.75
2020.02.03 20:00,1577.74,1579.30,1575.56,1578.84
2020.02.04 00:00,1578.84,1579.56,1573.83,1575.49
2020.02.04 04:00,1575.49,1576.10,1570.63,1572.02
2020.02.04 08:00,1572.04,1573.20,1565.44,1570.14
2020.02.04 12:00,1570.14,1570.68,1551.22,1555.27
2020.02.04 16:00,1555.25,1556.08,1549.05,1552.59
2020.02.04 20:00,1552.59,1555.41,1552.31,1554.11
2020.02.05 00:00,1554.14,1557.59,1552.12,1557.30
2020.02.05 04:00,1557.30,1562.37,1556.90,1561.03
2020.02.05 08:00,1561.06,1561.97,1547.50,1554.90
2020.02.05 12:00,1554.91,1558.96,1549.68,1556.04
2020.02.05 16:00,1556.21,1559.61,1556.13,1557.04
2020.02.05 20:00,1556.92,1557.87,1554.63,1556.05
2020.02.06 00:00,1556.14,1558.14,1553.93,1554.36
2020.02.06 04:00,1554.36,1560.21,1552.51,1558.64
2020.02.06 08:00,1558.66,1567.59,1558.14,1564.75
2020.02.06 12:00,1564.77,1568.26,1561.59,1563.35
2020.02.06 16:00,1563.35,1567.11,1563.02,1567.02
2020.02.06 20:00,1566.99,1567.42,1565.71,1565.81
2020.02.07 00:00,1565.81,1569.17,1564.85,1566.64
2020.02.07 04:00,1566.63,1567.29,1562.84,1566.71
2020.02.07 08:00,1566.49,1569.88,1564.38,1568.56
2020.02.07 12:00,1568.56,1574.02,1560.72,1566.34
2020.02.07 16:00,1566.35,1573.22,1565.15,1572.09
2020.02.07 20:00,1572.08,1572.12,1570.04,1570.09
2020.02.09 20:00,1571.63,1576.62,1569.07,1574.83
2020.02.10 00:00,1574.83,1575.05,1567.98,1570.77
2020.02.10 04:00,1570.77,1572.82,1569.45,1571.95
2020.02.10 08:00,1571.96,1575.18,1570.76,1572.28
2020.02.10 12:00,1572.22,1575.70,1571.36,1574.11
2020.02.10 16:00,1574.00,1577.00,1573.72,1574.88
2020.02.10 20:00,1574.89,1574.97,1571.75,1571.97
2020.02.11 00:00,1571.97,1572.29,1566.92,1568.55
2020.02.11 04:00,1568.55,1569.94,1566.37,1568.48
2020.02.11 08:00,1568.56,1570.02,1565.81,1568.61
2020.02.11 12:00,1568.61,1574.04,1562.73,1564.02
2020.02.11 16:00,1563.97,1568.75,1562.10,1568.51
2020.02.11 20:00,1568.51,1569.53,1565.97,1567.11
2020.02.12 00:00,1567.00,1568.60,1565.74,1567.90
2020.02.12 04:00,1567.91,1568.40,1563.80,1565.28
2020.02.12 08:00,1565.30,1567.74,1562.03,1567.19
2020.02.12 12:00,1567.21,1567.71,1563.57,1567.11
2020.02.12 16:00,1567.13,1570.47,1565.16,1565.53
2020.02.12 20:00,1565.54,1571.45,1565.01,1569.84
2020.02.13 00:00,1569.72,1574.28,1569.12,1574.14
2020.02.13 04:00,1574.12,1575.76,1572.28,1575.17
2020.02.13 08:00,1575.17,1577.44,1573.25,1574.08
2020.02.13 12:00,1574.00,1578.28,1571.83,1575.95
2020.02.13 16:00,1575.94,1577.48,1574.34,1575.99
2020.02.13 20:00,1575.99,1577.74,1575.40,1577.32
2020.02.14 00:00,1577.25,1578.16,1573.05,1574.27
2020.02.14 04:00,1574.30,1576.40,1573.91,1575.43
2020.02.14 08:00,1575.34,1577.06,1574.49,1576.35
2020.02.14 12:00,1576.33,1582.86,1574.89,1581.46
2020.02.14 16:00,1581.48,1584.30,1580.51,1582.75
2020.02.14 20:00,1582.69,1583.08,1582.04,1582.55
2020.02.16 20:00,1582.18,1583.13,1580.44,1582.95
2020.02.17 00:00,1583.05,1583.76,1581.48,1582.47
2020.02.17 04:00,1582.48,1583.23,1579.70,1580.14
2020.02.17 08:00,1580.14,1581.40,1578.88,1580.40
2020.02.17 12:00,1580.40,1582.59,1580.39,1581.09
2020.02.17 16:00,1581.06,1582.34,1580.87,1581.15
2020.02.17 20:00,1584.26,1585.51,1582.44,1584.28
2020.02.18 00:00,1584.22,1587.11,1584.21,1586.86
2020.02.18 04:00,1586.86,1589.07,1585.01,1588.43
2020.02.18 08:00,1588.38,1589.35,1586.68,1587.84
2020.02.18 12:00,1587.86,1600.81,1586.42,1600.74
2020.02.18 16:00,1600.76,1605.08,1600.04,1601.50
2020.02.18 20:00,1601.46,1603.28,1600.47,1600.85
2020.02.19 00:00,1600.85,1604.73,1599.51,1601.51
2020.02.19 04:00,1601.53,1605.79,1601.28,1604.86
2020.02.19 08:00,1605.04,1611.27,1604.82,1609.10
2020.02.19 12:00,1609.13,1609.37,1602.38,1606.54
2020.02.19 16:00,1606.54,1610.08,1603.63,1606.49
2020.02.19 20:00,1606.51,1612.92,1605.97,1610.38
2020.02.20 00:00,1610.37,1612.04,1606.08,1610.19
2020.02.20 04:00,1610.18,1610.56,1603.89,1607.22
2020.02.20 08:00,1607.12,1617.80,1607.06,1617.53
2020.02.20 12:00,1617.55,1622.48,1613.68,1617.86
2020.02.20 16:00,1617.87,1623.69,1616.07,1619.88
2020.02.20 20:00,1619.87,1622.72,1619.19,1622.13
2020.02.21 00:00,1622.15,1625.09,1618.97,1624.95
2020.02.21 04:00,1624.95,1635.35,1624.64,1633.40
2020.02.21 08:00,1633.34,1636.47,1631.53,1635.30
2020.02.21 12:00,1635.29,1649.21,1633.52,1643.35
2020.02.21 16:00,1643.32,1648.45,1638.32,1644.12
2020.02.21 20:00,1644.12,1647.22,1643.37,1643.70
2020.02.23 20:00,1653.47,1680.18,1651.70,1665.50
2020.02.24 00:00,1665.52,1667.74,1658.57,1660.82
2020.02.24 04:00,1660.82,1673.37,1659.70,1672.47
2020.02.24 08:00,1672.53,1689.29,1671.92,1682.26
2020.02.24 12:00,1682.29,1684.21,1669.69,1674.57
2020.02.24 16:00,1674.77,1676.85,1650.91,1653.71
2020.02.24 20:00,1653.67,1663.87,1653.11,1653.91
2020.02.25 00:00,1653.94,1658.78,1642.81,1656.65
2020.02.25 04:00,1656.56,1657.46,1633.06,1640.71
2020.02.25 08:00,1640.75,1657.12,1640.13,1646.48
2020.02.25 12:00,1646.47,1658.43,1644.50,1654.67
2020.02.25 16:00,1654.70,1657.10,1641.67,1650.12
2020.02.25 20:00,1649.90,1651.89,1626.61,1639.84
2020.02.26 00:00,1639.77,1646.20,1636.88,1640.05
2020.02.26 04:00,1640.04,1647.95,1639.81,1644.28
2020.02.26 08:00,1644.29,1654.94,1643.83,1647.42
2020.02.26 12:00,1647.38,1648.17,1625.29,1637.79
2020.02.26 16:00,1637.89,1649.94,1636.58,1648.28
2020.02.26 20:00,1648.07,1649.06,1636.11,1643.59
2020.02.27 00:00,1643.49,1651.40,1642.96,1650.81
2020.02.27 04:00,1650.79,1652.64,1641.36,1648.14
2020.02.27 08:00,1648.14,1650.93,1644.17,1649.08
2020.02.27 12:00,1649.09,1660.34,1647.33,1651.89
2020.02.27 16:00,1651.96,1655.00,1638.17,1641.53
2020.02.27 20:00,1641.53,1649.47,1635.64,1645.71
2020.02.28 00:00,1645.72,1648.20,1638.90,1638.91
2020.02.28 04:00,1639.00,1642.31,1621.19,1627.74
2020.02.28 08:00,1627.73,1641.32,1623.86,1629.46
2020.02.28 12:00,1629.54,1629.77,1574.19,1583.72
2020.02.28 16:00,1583.63,1595.54,1563.05,1583.23
2020.02.28 20:00,1583.29,1587.85,1576.03,1578.61
2020.03.01 20:00,1591.64,1593.01,1575.30,1584.80
2020.03.02 00:00,1584.75,1606.60,1581.51,1598.86
2020.03.02 04:00,1598.89,1605.38,1596.00,1597.95
2020.03.02 08:00,1597.92,1610.95,1597.92,1606.42
2020.03.02 12:00,1606.42,1607.15,1590.96,1593.71
2020.03.02 16:00,1593.85,1601.45,1590.65,1595.00
2020.03.02 20:00,1595.03,1596.94,1584.01,1591.95
2020.03.03 00:00,1591.91,1600.27,1589.70,1597.92
2020.03.03 04:00,1597.92,1601.18,1593.51,1595.00
2020.03.03 08:00,1594.97,1604.51,1594.14,1603.03
2020.03.03 12:00,1602.96,1643.68,1599.70,1633.87
2020.03.03 16:00,1633.92,1649.24,1626.47,1626.57
2020.03.03 20:00,1626.52,1652.53,1626.45,1645.77
2020.03.04 00:00,1645.79,1647.58,1639.59,1641.81
2020.03.04 04:00,1641.85,1645.53,1631.86,1636.08
2020.03.04 08:00,1636.01,1645.19,1634.74,1643.90
2020.03.04 12:00,1643.99,1649.30,1636.91,1643.07
2020.03.04 16:00,1643.10,1644.54,1634.65,1640.22
2020.03.04 20:00,1640.27,1641.23,1634.98,1636.63
2020.03.05 00:00,1636.59,1640.84,1635.60,1639.50
2020.03.05 04:00,1639.50,1642.82,1637.16,1637.38
2020.03.05 08:00,1637.43,1648.68,1637.19,1647.86
2020.03.05 12:00,1647.82,1662.57,1646.01,1660.01
2020.03.05 16:00,1660.02,1672.07,1657.68,1671.70
2020.03.05 20:00,1671.74,1674.91,1669.90,1674.57
2020.03.06 00:00,1674.50,1676.49,1667.60,1668.96
2020.03.06 04:00,1668.95,1681.01,1667.82,1672.23
2020.03.06 08:00,1672.21,1689.93,1670.89,1686.03
2020.03.06 12:00,1686.03,1689.53,1644.21,1663.97
2020.03.06 16:00,1663.92,1687.33,1658.18,1686.94
2020.03.06 20:00,1686.73,1692.07,1666.09,1673.55
2020.03.08 20:00,1698.15,1702.72,1691.96,1700.09
2020.03.09 00:00,1700.09,1702.93,1674.37,1681.39
2020.03.09 04:00,1681.37,1685.20,1657.41,1681.38
2020.03.09 08:00,1681.45,1682.28,1661.85,1675.93
2020.03.09 12:00,1676.02,1685.76,1663.24,1664.99
2020.03.09 16:00,1665.00,1681.44,1661.87,1677.31
2020.03.09 20:00,1677.47,1679.80,1662.60,1666.39
2020.03.10 00:00,1666.39,1671.38,1661.63,1666.76
2020.03.10 04:00,1666.62,1668.17,1649.42,1662.09
2020.03.10 08:00,1662.15,1667.25,1655.82,1662.13
2020.03.10 12:00,1662.17,1667.51,1650.00,1654.66
2020.03.10 16:00,1654.42,1661.71,1641.77,1642.11
2020.03.10 20:00,1641.99,1654.79,1641.99,1652.30
2020.03.11 00:00,1652.34,1660.11,1650.58,1658.96
2020.03.11 04:00,1658.96,1666.62,1658.14,1662.47
2020.03.11 08:00,1662.47,1668.54,1656.42,1665.99
2020.03.11 12:00,1666.02,1671.16,1644.32,1649.78
2020.03.11 16:00,1649.76,1650.88,1633.01,1636.41
2020.03.11 20:00,1636.43,1644.22,1634.91,1643.70
2020.03.12 00:00,1643.68,1650.24,1630.95,1637.03
2020.03.12 04:00,1637.03,1642.77,1631.35,1640.04
2020.03.12 08:00,1640.00,1645.45,1632.72,1634.13
2020.03.12 12:00,1634.20,1634.80,1560.73,1566.35
2020.03.12 16:00,1566.44,1609.74,1565.87,1570.72
2020.03.12 20:00,1570.96,1584.29,1566.02,1576.72
2020.03.13 00:00,1576.76,1583.07,1551.34,1560.06
2020.03.13 04:00,1560.06,1594.19,1557.85,1591.69
2020.03.13 08:00,1591.67,1593.54,1577.21,1581.00
2020.03.13 12:00,1580.98,1597.90,1521.84,1534.79
2020.03.13 16:00,1534.80,1538.81,1504.77,1522.11
2020.03.13 20:00,1524.03,1532.92,1517.04,1529.32
2020.03.15 20:00,1546.21,1563.10,1541.76,1557.36
2020.03.16 00:00,1557.44,1560.65,1524.18,1547.93
2020.03.16 04:00,1547.93,1550.09,1529.52,1530.97
2020.03.16 08:00,1530.97,1541.96,1456.46,1461.80
2020.03.16 12:00,1462.05,1519.50,1451.58,1503.94
2020.03.16 16:00,1504.65,1513.56,1484.28,1508.86
2020.03.16 20:00,1509.05,1517.43,1496.86,1507.21
2020.03.17 00:00,1506.15,1519.25,1485.45,1500.79
2020.03.17 04:00,1500.67,1504.86,1482.64,1486.48
2020.03.17 08:00,1486.43,1488.05,1465.55,1472.66
2020.03.17 12:00,1472.77,1553.81,1472.25,1532.72
2020.03.17 16:00,1532.42,1541.09,1520.52,1529.77
2020.03.17 20:00,1529.71,1543.37,1526.73,1537.71
2020.03.18 00:00,1537.64,1539.34,1527.87,1532.36
2020.03.18 04:00,1532.23,1532.91,1494.76,1497.91
2020.03.18 08:00,1497.29,1516.13,1487.40,1514.89
2020.03.18 12:00,1516.69,1522.61,1486.02,1492.60
2020.03.18 16:00,1492.54,1502.79,1473.14,1494.69
2020.03.18 20:00,1495.05,1500.62,1482.20,1497.93
2020.03.19 00:00,1498.36,1498.52,1465.05,1469.36
2020.03.19 04:00,1469.36,1495.84,1464.27,1483.32
2020.03.19 08:00,1484.01,1488.30,1471.03,1473.90
2020.03.19 12:00,1473.47,1493.26,1465.52,1479.91
2020.03.19 16:00,1479.91,1480.73,1465.79,1467.92
2020.03.19 20:00,1467.57,1474.63,1465.80,1471.23
2020.03.20 00:00,1471.26,1486.66,1470.88,1483.76
2020.03.20 04:00,1483.76,1510.88,1480.40,1510.34
2020.03.20 08:00,1509.91,1515.76,1500.89,1503.41
2020.03.20 12:00,1503.41,1507.42,1485.92,1490.21
2020.03.20 16:00,1490.32,1493.28,1479.36,1489.22
2020.03.20 20:00,1489.23,1499.81,1486.59,1497.08
2020.03.22 20:00,1488.82,1497.18,1485.92,1491.43
2020.03.23 00:00,1491.53,1501.35,1485.73,1493.44
2020.03.23 04:00,1493.52,1495.96,1485.06,1490.20
2020.03.23 08:00,1490.27,1495.54,1486.46,1494.29
2020.03.23 12:00,1494.23,1543.85,1494.23,1542.70
2020.03.23 16:00,1542.67,1561.15,1540.49,1553.61
2020.03.23 20:00,1553.80,1567.39,1551.12,1566.83
2020.03.24 00:00,1566.75,1584.27,1560.50,1571.63
2020.03.24 04:00,1571.63,1578.57,1558.56,1570.29
2020.03.24 08:00,1570.81,1611.52,1567.36,1594.45
2020.03.24 12:00,1594.45,1620.35,1585.19,1614.21
2020.03.24 16:00,1614.45,1632.88,1607.14,1626.38
2020.03.24 20:00,1626.38,1637.59,1619.62,1634.39
2020.03.25 00:00,1631.54,1631.66,1605.93,1615.86
2020.03.25 04:00,1615.86,1616.97,1600.65,1602.01
2020.03.25 08:00,1602.10,1625.00,1597.38,1608.16
2020.03.25 12:00,1608.21,1618.08,1600.29,1612.17
2020.03.25 16:00,1611.53,1616.92,1607.56,1608.95
2020.03.25 20:00,1609.16,1616.67,1607.33,1609.55
2020.03.26 00:00,1609.91,1612.20,1595.56,1605.16
2020.03.26 04:00,1605.26,1606.95,1597.70,1605.47
2020.03.26 08:00,1605.21,1622.27,1600.96,1619.69
2020.03.26 12:00,1619.63,1638.04,1615.86,1627.68
2020.03.26 16:00,1627.01,1644.32,1614.17,1630.85
2020.03.26 20:00,1630.85,1632.49,1623.36,1625.89
2020.03.27 00:00,1625.85,1627.70,1619.26,1624.84
2020.03.27 04:00,1624.84,1628.06,1613.95,1621.62
2020.03.27 08:00,1621.62,1625.69,1613.84,1618.18
2020.03.27 12:00,1618.18,1628.96,1616.48,1624.32
2020.03.27 16:00,1623.73,1631.05,1619.41,1619.52
2020.03.27 20:00,1619.40,1622.69,1617.89,1621.58
2020.03.29 20:00,1625.69,1631.57,1624.49,1626.28
2020.03.30 00:00,1626.28,1628.34,1613.80,1617.17
2020.03.30 04:00,1617.16,1620.94,1610.71,1619.18
2020.03.30 08:00,1619.16,1627.27,1618.29,1620.02
2020.03.30 12:00,1620.02,1624.04,1615.43,1620.21
2020.03.30 16:00,1620.17,1622.65,1611.25,1622.59
2020.03.30 20:00,1622.39,1622.96,1614.57,1616.36
2020.03.31 00:00,1616.36,1619.46,1610.52,1614.23
2020.03.31 04:00,1614.23,1619.08,1612.50,1615.16
2020.03.31 08:00,1615.16,1615.69,1594.19,1601.58
2020.03.31 12:00,1601.65,1613.50,1601.65,1609.42
2020.03.31 16:00,1609.42,1609.42,1575.89,1576.36
2020.03.31 20:00,1576.66,1580.60,1574.34,1578.68
2020.04.01 00:00,1578.72,1584.85,1576.65,1584.41
2020.04.01 04:00,1584.32,1599.76,1583.71,1595.53
2020.04.01 08:00,1595.50,1597.79,1587.12,1588.42
2020.04.01 12:00,1587.81,1593.37,1572.35,1592.64
2020.04.01 16:00,1592.52,1593.68,1577.86,1588.83
2020.04.01 20:00,1588.83,1595.31,1586.65,1591.49
2020.04.02 00:00,1591.31,1593.09,1582.98,1585.25
2020.04.02 04:00,1585.24,1598.81,1583.18,1592.29
2020.04.02 08:00,1592.57,1595.66,1585.49,1595.35
2020.04.02 12:00,1595.59,1613.08,1595.29,1607.95
2020.04.02 16:00,1607.91,1619.48,1606.67,1614.00
2020.04.02 20:00,1613.75,1617.10,1609.18,1612.80
2020.04.03 00:00,1612.80,1614.04,1608.73,1613.24
2020.04.03 04:00,1613.24,1616.56,1606.74,1615.07
2020.04.03 08:00,1615.06,1620.12,1607.83,1619.27
2020.04.03 12:00,1619.26,1620.92,1605.78,1615.36
2020.04.03 16:00,1615.36,1625.31,1614.58,1620.69
2020.04.03 20:00,1621.31,1622.57,1615.12,1615.69
2020.04.05 20:00,1614.58,1620.27,1611.90,1619.24
2020.04.06 00:00,1618.97,1621.64,1614.95,1617.27
2020.04.06 04:00,1617.27,1632.99,1615.89,1631.12
2020.04.06 08:00,1631.77,1642.95,1628.03,1639.83
2020.04.06 12:00,1639.86,1651.06,1636.96,1647.11
2020.04.06 16:00,1646.32,1668.61,1645.42,1665.76
2020.04.06 20:00,1665.90,1673.15,1654.45,1664.45
2020.04.07 00:00,1662.30,1664.95,1654.28,1659.66
2020.04.07 04:00,1659.40,1668.68,1644.34,1645.43
2020.04.07 08:00,1645.89,1661.41,1643.96,1651.96
2020.04.07 12:00,1651.83,1662.20,1643.06,1655.07
2020.04.07 16:00,1655.07,1657.80,1643.04,1656.83
2020.04.07 20:00,1656.89,1656.98,1646.08,1647.98
2020.04.08 00:00,1647.98,1650.39,1642.47,1648.32
2020.04.08 04:00,1648.32,1654.90,1643.71,1650.47
2020.04.08 08:00,1650.40,1653.73,1642.40,1648.89
2020.04.08 12:00,1648.87,1656.32,1642.74,1647.88
2020.04.08 16:00,1647.88,1652.90,1644.49,1645.22
2020.04.08 20:00,1645.86,1647.64,1644.33,1647.15
2020.04.09 00:00,1647.09,1649.63,1645.85,1648.95
2020.04.09 04:00,1648.94,1659.80,1647.25,1658.41
2020.04.09 08:00,1658.48,1665.16,1655.11,1663.05
2020.04.09 12:00,1663.15,1685.13,1660.02,1683.96
2020.04.09 16:00,1683.97,1690.01,1675.11,1683.31
2020.04.09 20:00,1683.31,1685.39,1679.67,1684.25
2020.04.12 20:00,1685.58,1691.02,1684.22,1685.85
2020.04.13 00:00,1685.98,1690.88,1679.47,1682.31
2020.04.13 04:00,1682.25,1693.08,1681.89,1690.82
2020.04.13 08:00,1690.91,1692.81,1685.95,1691.80
2020.04.13 12:00,1691.29,1711.20,1686.37,1709.12
2020.04.13 16:00,1709.12,1722.44,1706.34,1716.75
2020.04.13 20:00,1716.74,1720.10,1712.10,1717.09
2020.04.14 00:00,1717.16,1725.56,1714.72,1720.17
2020.04.14 04:00,1720.19,1725.22,1708.86,1722.81
2020.04.14 08:00,1722.62,1727.19,1716.34,1720.46
2020.04.14 12:00,1720.86,1747.00,1720.80,1733.22
2020.04.14 16:00,1733.65,1738.93,1719.94,1727.85
2020.04.14 20:00,1727.72,1728.48,1721.57,1725.16
2020.04.15 00:00,1725.11,1731.08,1719.17,1720.38
2020.04.15 04:00,1720.36,1727.62,1707.70,1712.11
2020.04.15 08:00,1712.05,1725.01,1709.54,1722.60
2020.04.15 12:00,1722.55,1726.43,1710.95,1713.03
2020.04.15 16:00,1713.13,1723.59,1709.88,1721.24
2020.04.15 20:00,1721.43,1721.79,1713.56,1715.69
2020.04.16 00:00,1715.56,1719.58,1711.94,1714.31
2020.04.16 04:00,1714.39,1725.54,1713.36,1723.06
2020.04.16 08:00,1722.96,1736.87,1719.59,1736.86
2020.04.16 12:00,1736.80,1738.59,1717.53,1722.42
2020.04.16 16:00,1722.38,1724.42,1707.81,1718.10
2020.04.16 20:00,1717.92,1719.24,1707.58,1715.43
2020.04.17 00:00,1715.34,1718.61,1703.49,1705.23
2020.04.17 04:00,1705.29,1708.73,1684.98,1694.84
2020.04.17 08:00,1695.60,1697.12,1683.28,1689.28
2020.04.17 12:00,1689.10,1701.59,1683.55,1689.93
2020.04.17 16:00,1690.12,1690.12,1679.38,1683.51
2020.04.17 20:00,1683.74,1685.09,1680.52,1681.52
2020.04.19 20:00,1674.46,1677.85,1673.83,1675.91
2020.04.20 00:00,1675.89,1683.43,1671.42,1681.86
2020.04.20 04:00,1681.80,1685.02,1672.78,1674.22
2020.04.20 08:00,1673.54,1689.57,1673.13,1686.66
2020.04.20 12:00,1686.66,1699.72,1680.40,1699.19
2020.04.20 16:00,1699.16,1702.22,1685.42,1695.68
2020.04.20 20:00,1695.89,1698.02,1688.78,1690.91
2020.04.21 00:00,1690.91,1692.11,1686.61,1688.75
2020.04.21 04:00,1688.89,1697.76,1685.63,1695.72
2020.04.21 08:00,1695.72,1696.22,1659.68,1666.84
2020.04.21 12:00,1666.78,1690.16,1662.21,1677.34
2020.04.21 16:00,1677.34,1687.88,1671.22,1684.90
2020.04.21 20:00,1684.85,1689.66,1679.60,1687.78
2020.04.22 00:00,1687.88,1691.64,1681.55,1682.79
2020.04.22 04:00,1682.82,1698.87,1680.13,1692.61
2020.04.22 08:00,1692.49,1707.03,1691.61,1694.87
2020.04.22 12:00,1695.08,1711.79,1693.37,1710.12
2020.04.22 16:00,1710.16,1718.07,1708.08,1717.49
2020.04.22 20:00,1717.19,1718.63,1709.41,1711.26
2020.04.23 00:00,1711.25,1719.30,1708.02,1710.16
2020.04.23 04:00,1710.21,1718.50,1709.68,1717.49
2020.04.23 08:00,1717.51,1732.06,1717.50,1727.76
2020.04.23 12:00,1727.76,1738.38,1721.79,1729.90
2020.04.23 16:00,1729.95,1734.56,1720.96,1732.51
2020.04.23 20:00,1732.59,1734.02,1725.86,1728.34
2020.04.24 00:00,1728.34,1729.20,1720.99,1723.45
2020.04.24 04:00,1723.50,1731.19,1720.85,1729.18
2020.04.24 08:00,1729.18,1736.25,1725.11,1730.43
2020.04.24 12:00,1730.40,1735.87,1710.43,1712.67
2020.04.24 16:00,1712.66,1728.25,1712.39,1728.24
2020.04.24 20:00,1728.19,1728.68,1724.70,1726.57
2020.04.26 20:00,1722.54,1725.78,1722.02,1725.03
2020.04.27 00:00,1725.08,1726.93,1720.86,1721.90
2020.04.27 04:00,1721.88,1723.60,1713.10,1720.68
2020.04.27 08:00,1720.59,1723.60,1714.45,1714.99
2020.04.27 12:00,1714.63,1722.16,1706.14,1711.11
2020.04.27 16:00,1711.09,1718.38,1709.58,1717.53
2020.04.27 20:00,1717.65,1717.95,1707.32,1709.89
2020.04.28 00:00,1709.85,1710.40,1695.73,1698.27
2020.04.28 04:00,1698.31,1704.62,1692.00,1701.88
2020.04.28 08:00,1702.01,1714.69,1699.56,1709.58
2020.04.28 12:00,1709.61,1713.61,1693.24,1704.22
2020.04.28 16:00,1704.12,1711.14,1702.63,1708.77
2020.04.28 20:00,1708.72,1710.21,1703.67,1704.84
2020.04.29 00:00,1704.85,1712.19,1704.83,1710.15
2020.04.29 04:00,1710.11,1713.12,1704.14,1704.41
2020.04.29 08:00,1704.17,1709.44,1702.09,1709.09
2020.04.29 12:00,1709.05,1712.26,1697.96,1703.06
2020.04.29 16:00,1702.87,1716.47,1698.48,1715.19
2020.04.29 20:00,1715.16,1717.01,1710.95,1713.53
2020.04.30 00:00,1713.58,1714.62,1708.71,1712.66
2020.04.30 04:00,1712.57,1721.59,1710.63,1717.21
2020.04.30 08:00,1717.21,1719.57,1711.56,1716.38
2020.04.30 12:00,1716.43,1716.43,1693.11,1693.60
2020.04.30 16:00,1693.62,1696.40,1681.21,1686.25
2020.04.30 20:00,1686.58,1689.40,1681.85,1687.92
2020.05.01 00:00,1688.00,1690.32,1681.80,1687.85
2020.05.01 04:00,1687.85,1688.55,1670.40,1672.24
2020.05.01 08:00,1672.22,1685.77,1671.13,1680.02
2020.05.01 12:00,1679.93,1698.02,1675.60,1695.57
2020.05.01 16:00,1695.23,1705.41,1692.21,1699.08
2020.05.01 20:00,1698.91,1700.25,1697.84,1699.17
2020.05.03 20:00,1692.74,1699.52,1692.74,1699.41
2020.05.04 00:00,1699.30,1701.36,1695.35,1700.14
2020.05.04 04:00,1700.14,1706.84,1696.10,1703.63
2020.05.04 08:00,1703.73,1712.91,1702.46,1706.63
2020.05.04 12:00,1706.57,1709.96,1696.40,1707.92
2020.05.04 16:00,1707.92,1708.37,1701.76,1703.88
2020.05.04 20:00,1704.01,1704.04,1700.45,1703.60
2020.05.05 00:00,1703.56,1703.62,1696.39,1698.15
2020.05.05 04:00,1698.14,1704.11,1691.95,1698.34
2020.05.05 08:00,1698.34,1706.51,1695.18,1695.34
2020.05.05 12:00,1695.48,1705.05,1693.74,1701.66
2020.05.05 16:00,1701.67,1711.35,1698.33,1709.87
2020.05.05 20:00,1709.90,1709.90,1702.81,1703.71
2020.05.06 00:00,1703.79,1707.63,1700.60,1702.53
2020.05.06 04:00,1702.30,1707.87,1700.84,1706.48
2020.05.06 08:00,1706.38,1708.19,1699.20,1701.56
2020.05.06 12:00,1701.56,1704.24,1683.98,1689.40
2020.05.06 16:00,1689.33,1690.79,1682.95,1689.31
2020.05.06 20:00,1689.33,1689.91,1683.64,1689.84
2020.05.07 00:00,1689.72,1693.83,1689.53,1691.67
2020.05.07 04:00,1691.79,1692.74,1684.32,1689.10
2020.05.07 08:00,1689.10,1696.59,1689.05,1695.75
2020.05.07 12:00,1695.61,1710.56,1693.63,1708.55
2020.05.07 16:00,1708.58,1721.89,1707.88,1715.75
2020.05.07 20:00,1715.85,1719.25,1712.32,1714.14
2020.05.08 00:00,1714.16,1720.51,1711.20,1715.58
2020.05.08 04:00,1715.49,1720.08,1713.58,1719.50
2020.05.08 08:00,1719.47,1723.19,1716.34,1718.62
2020.05.08 12:00,1718.67,1722.20,1706.44,1715.16
2020.05.08 16:00,1715.16,1715.66,1701.78,1706.75
2020.05.08 20:00,1706.74,1706.91,1700.82,1701.41
2020.05.10 20:00,1704.02,1707.54,1703.19,1706.21
2020.05.11 00:00,1705.63,1712.07,1702.54,1707.60
2020.05.11 04:00,1707.63,1709.46,1702.50,1706.97
2020.05.11 08:00,1706.99,1708.27,1693.91,1701.19
2020.05.11 12:00,1701.26,1708.21,1692.00,1696.80
2020.05.11 16:00,1696.85,1699.29,1693.41,1696.83
2020.05.11 20:00,1697.01,1698.88,1696.52,1697.58
2020.05.12 00:00,1697.51,1701.93,1693.56,1700.38
2020.05.12 04:00,1700.38,1705.72,1698.09,1703.57
2020.05.12 08:00,1703.52,1707.16,1701.52,1704.47
2020.05.12 12:00,1704.57,1710.69,1698.83,1706.32
2020.05.12 16:00,1706.30,1707.23,1698.22,1701.81
2020.05.12 20:00,1702.52,1704.47,1699.18,1702.51
2020.05.13 00:00,1702.53,1706.51,1699.96,1702.54
2020.05.13 04:00,1702.54,1705.82,1700.58,1701.45
2020.05.13 08:00,1701.53,1708.76,1699.02,1708.18
2020.05.13 12:00,1708.18,1717.96,1702.63,1711.64
2020.05.13 16:00,1711.64,1717.76,1707.66,1717.32
2020.05.13 20:00,1717.11,1719.59,1714.35,1718.27
2020.05.14 00:00,1718.16,1719.28,1711.73,1713.51
2020.05.14 04:00,1713.29,1719.24,1710.87,1715.06
2020.05.14 08:00,1715.06,1718.85,1713.47,1715.83
2020.05.14 12:00,1715.92,1734.75,1711.21,1733.43
2020.05.14 16:00,1733.60,1736.39,1728.70,1732.71
2020.05.14 20:00,1732.46,1734.10,1729.47,1732.68
2020.05.15 00:00,1732.66,1734.43,1728.56,1732.10
2020.05.15 04:00,1731.91,1738.56,1730.13,1737.67
2020.05.15 08:00,1737.44,1737.44,1729.90,1732.26
2020.05.15 12:00,1732.17,1749.02,1731.89,1748.66
2020.05.15 16:00,1748.65,1751.01,1739.75,1743.93
2020.05.15 20:00,1743.73,1744.38,1741.57,1742.57
2020.05.17 20:00,1746.27,1759.71,1745.87,1758.12
2020.05.18 00:00,1758.04,1763.42,1753.61,1760.97
2020.05.18 04:00,1760.86,1764.47,1758.85,1761.92
2020.05.18 08:00,1761.93,1764.95,1758.61,1763.77
2020.05.18 12:00,1763.78,1764.43,1727.54,1734.46
2020.05.18 16:00,1734.64,1735.68,1727.63,1731.45
2020.05.18 20:00,1731.65,1734.89,1730.27,1734.69
2020.05.19 00:00,1734.69,1740.28,1733.84,1736.66
2020.05.19 04:00,1736.87,1738.78,1726.28,1731.39
2020.05.19 08:00,1731.47,1738.76,1730.05,1735.81
2020.05.19 12:00,1735.92,1745.71,1730.94,1740.63
2020.05.19 16:00,1740.72,1747.51,1739.46,1746.15
2020.05.19 20:00,1746.16,1746.90,1743.91,1746.04
2020.05.20 00:00,1746.04,1750.93,1743.97,1749.22
2020.05.20 04:00,1749.22,1752.82,1746.33,1749.54
2020.05.20 08:00,1749.46,1752.18,1746.57,1751.29
2020.05.20 12:00,1751.29,1753.36,1742.60,1747.56
2020.05.20 16:00,1747.56,1753.75,1746.15,1749.62
2020.05.20 20:00,1749.42,1750.10,1746.03,1747.43
2020.05.21 00:00,1747.43,1747.43,1737.76,1741.27
2020.05.21 04:00,1741.27,1743.78,1734.88,1735.63
2020.05.21 08:00,1735.63,1739.24,1731.10,1735.94
2020.05.21 12:00,1736.08,1741.52,1717.20,1724.37
2020.05.21 16:00,1724.37,1727.40,1721.01,1725.10
2020.05.21 20:00,1725.40,1727.32,1724.21,1725.88
2020.05.22 00:00,1725.91,1730.32,1724.39,1727.39
2020.05.22 04:00,1727.40,1737.16,1725.62,1736.11
2020.05.22 08:00,1736.10,1739.71,1730.02,1730.32
2020.05.22 12:00,1730.32,1738.25,1727.66,1731.26
2020.05.22 16:00,1731.26,1736.39,1731.19,1735.17
2020.05.22 20:00,1735.10,1736.06,1733.98,1735.37
2020.05.24 20:00,1731.81,1732.47,1730.03,1730.55
2020.05.25 00:00,1730.60,1731.21,1725.81,1728.59
2020.05.25 04:00,1728.40,1729.13,1723.83,1727.82
2020.05.25 08:00,1727.77,1730.76,1726.62,1728.36
2020.05.25 12:00,1728.36,1732.98,1721.95,1729.37
2020.05.25 16:00,1729.37,1730.36,1727.46,1727.65
2020.05.25 20:00,1726.71,1727.85,1725.64,1726.56
2020.05.26 00:00,1726.56,1735.26,1726.35,1734.69
2020.05.26 04:00,1734.95,1735.01,1726.44,1729.92
2020.05.26 08:00,1729.95,1730.41,1720.20,1725.93
2020.05.26 12:00,1726.19,1729.13,1709.16,1714.05
2020.05.26 16:00,1714.09,1715.14,1708.81,1711.57
2020.05.26 20:00,1711.53,1712.83,1708.94,1712.83
2020.05.27 00:00,1712.63,1715.90,1707.52,1708.31
2020.05.27 04:00,1708.48,1710.29,1704.99,1708.14
2020.05.27 08:00,1708.29,1710.28,1698.98,1700.96
2020.05.27 12:00,1700.96,1704.66,1693.62,1700.87
2020.05.27 16:00,1700.87,1715.18,1700.81,1713.17
2020.05.27 20:00,1713.23,1713.54,1707.97,1710.87
2020.05.28 00:00,1711.02,1715.08,1709.23,1714.41
2020.05.28 04:00,1714.35,1721.60,1714.21,1718.92
2020.05.28 08:00,1718.96,1726.01,1718.11,1720.86
2020.05.28 12:00,1720.99,1727.38,1719.48,1723.55
2020.05.28 16:00,1723.57,1724.38,1711.36,1716.46
2020.05.28 20:00,1718.60,1721.95,1717.47,1721.73
2020.05.29 00:00,1721.75,1722.26,1712.53,1719.78
2020.05.29 04:00,1719.88,1722.97,1716.70,1719.95
2020.05.29 08:00,1719.95,1729.83,1719.81,1729.62
2020.05.29 12:00,1729.55,1735.76,1726.22,1734.91
2020.05.29 16:00,1734.92,1737.46,1727.22,1731.30
2020.05.29 20:00,1731.11,1732.53,1729.59,1730.14
2020.05.31 20:00,1738.22,1740.07,1738.21,1739.71
2020.06.01 00:00,1739.72,1740.50,1731.84,1738.92
2020.06.01 04:00,1738.92,1744.50,1737.19,1740.01
2020.06.01 08:00,1740.16,1743.66,1729.31,1734.49
2020.06.01 12:00,1734.44,1741.24,1727.91,1740.41
2020.06.01 16:00,1740.39,1741.24,1734.78,1739.97
2020.06.01 20:00,1739.80,1743.12,1738.37,1741.66
2020.06.02 00:00,1741.76,1742.38,1736.29,1739.14
2020.06.02 04:00,1739.14,1739.93,1734.83,1735.62
2020.06.02 08:00,1735.51,1741.90,1734.73,1739.93
2020.06.02 12:00,1740.08,1745.07,1727.09,1729.61
2020.06.02 16:00,1729.56,1731.16,1721.20,1728.25
2020.06.02 20:00,1728.29,1731.74,1724.90,1726.46
2020.06.03 00:00,1726.39,1729.37,1720.91,1725.12
2020.06.03 04:00,1725.12,1726.44,1719.62,1720.47
2020.06.03 08:00,1720.60,1722.45,1714.25,1722.00
2020.06.03 12:00,1722.05,1726.11,1689.33,1699.73
2020.06.03 16:00,1699.75,1700.56,1694.04,1697.45
2020.06.03 20:00,1697.46,1700.80,1697.03,1700.36
2020.06.04 00:00,1700.46,1705.18,1697.74,1702.75
2020.06.04 04:00,1702.86,1705.18,1697.92,1702.15
2020.06.04 08:00,1702.19,1713.90,1701.80,1707.80
2020.06.04 12:00,1707.79,1718.06,1700.46,1713.79
2020.06.04 16:00,1713.83,1721.52,1713.16,1715.92
2020.06.04 20:00,1716.12,1717.18,1711.97,1712.27
2020.06.05 00:00,1712.30,1715.95,1707.14,1708.49
2020.06.05 04:00,1708.37,1712.45,1707.41,1709.41
2020.06.05 08:00,1709.40,1713.18,1701.87,1705.75
2020.06.05 12:00,1705.77,1705.93,1670.63,1677.93
2020.06.05 16:00,1677.89,1683.78,1677.21,1681.42
2020.06.05 20:00,1681.45,1684.96,1680.98,1684.00
2020.06.07 20:00,1679.08,1682.11,1677.82,1681.31
2020.06.08 00:00,1681.42,1688.93,1680.56,1688.32
2020.06.08 04:00,1688.26,1696.35,1687.13,1695.20
2020.06.08 08:00,1695.17,1697.42,1691.56,1691.91
2020.06.08 12:00,1692.01,1695.65,1686.33,1691.60
2020.06.08 16:00,1691.54,1700.67,1691.49,1698.69
2020.06.08 20:00,1698.37,1699.70,1696.05,1697.28
2020.06.09 00:00,1697.18,1704.74,1694.54,1695.33
2020.06.09 04:00,1695.33,1702.15,1692.26,1701.74
2020.06.09 08:00,1701.79,1711.10,1701.30,1707.62
2020.06.09 12:00,1707.66,1720.76,1704.48,1716.15
2020.06.09 16:00,1716.14,1717.26,1711.79,1715.08
2020.06.09 20:00,1715.13,1716.98,1712.09,1713.26
2020.06.10 00:00,1713.26,1718.67,1713.02,1715.07
2020.06.10 04:00,1715.11,1719.94,1714.91,1717.30
2020.06.10 08:00,1717.34,1724.21,1716.07,1723.64
2020.06.10 12:00,1723.67,1727.06,1713.52,1717.83
2020.06.10 16:00,1717.86,1739.68,1708.00,1738.30
2020.06.10 20:00,1738.35,1739.57,1732.72,1735.45
2020.06.11 00:00,1735.63,1737.28,1730.77,1731.64
2020.06.11 04:00,1731.69,1737.36,1726.88,1735.89
2020.06.11 08:00,1735.85,1736.56,1721.50,1727.45
2020.06.11 12:00,1727.76,1744.59,1723.80,1735.64
2020.06.11 16:00,1735.58,1737.71,1723.08,1727.82
2020.06.11 20:00,1727.68,1730.32,1726.35,1726.71
2020.06.12 00:00,1726.68,1729.47,1722.22,1726.10
2020.06.12 04:00,1726.10,1733.89,1726.10,1733.22
2020.06.12 08:00,1733.14,1737.57,1731.14,1736.42
2020.06.12 12:00,1736.55,1743.00,1730.62,1734.08
2020.06.12 16:00,1733.93,1734.95,1729.02,1731.16
2020.06.12 20:00,1731.02,1732.36,1729.98,1729.98
2020.06.14 20:00,1730.36,1733.53,1729.82,1732.75
2020.06.15 00:00,1732.75,1734.02,1726.80,1729.21
2020.06.15 04:00,1729.16,1729.16,1715.52,1721.48
2020.06.15 08:00,1721.42,1724.06,1707.90,1712.33
2020.06.15 12:00,1712.33,1722.90,1704.22,1720.54
2020.06.15 16:00,1720.45,1728.21,1717.96,1726.35
2020.06.15 20:00,1726.13,1727.56,1724.04,1724.10
2020.06.16 00:00,1724.10,1732.77,1724.10,1728.73
2020.06.16 04:00,1728.76,1729.94,1721.68,1727.46
2020.06.16 08:00,1727.36,1732.74,1725.96,1727.92
2020.06.16 12:00,1727.94,1730.30,1716.70,1725.47
2020.06.16 16:00,1725.58,1730.43,1724.10,1726.50
2020.06.16 20:00,1726.51,1727.77,1725.75,1726.45
2020.06.17 00:00,1726.47,1728.78,1722.77,1726.41
2020.06.17 04:00,1726.39,1729.43,1721.78,1723.98
2020.06.17 08:00,1724.00,1725.28,1713.05,1717.40
2020.06.17 12:00,1717.50,1729.09,1716.17,1724.50
2020.06.17 16:00,1724.51,1730.16,1723.69,1729.18
2020.06.17 20:00,1729.06,1729.17,1726.25,1727.58
2020.06.18 00:00,1727.33,1730.11,1723.66,1725.91
2020.06.18 04:00,1725.91,1728.86,1724.61,1727.25
2020.06.18 08:00,1727.25,1736.96,1719.08,1722.08
2020.06.18 12:00,1722.08,1727.10,1717.56,1722.51
2020.06.18 16:00,1722.57,1725.45,1722.39,1724.52
2020.06.18 20:00,1724.59,1725.25,1721.70,1723.27
2020.06.19 00:00,1723.27,1727.07,1722.29,1725.91
2020.06.19 04:00,1725.89,1732.90,1725.68,1731.94
2020.06.19 08:00,1731.94,1734.03,1727.52,1733.85
2020.06.19 12:00,1733.72,1745.26,1731.40,1742.16
2020.06.19 16:00,1742.20,1744.20,1739.10,1744.02
2020.06.19 20:00,1744.01,1744.01,1741.06,1743.04
2020.06.21 20:00,1745.51,1749.25,1744.89,1749.05
2020.06.22 00:00,1749.06,1758.57,1746.41,1752.41
2020.06.22 04:00,1752.41,1753.73,1743.03,1745.74
2020.06.22 08:00,1745.32,1750.15,1744.52,1747.98
2020.06.22 12:00,1748.02,1763.18,1745.35,1757.71
2020.06.22 16:00,1757.71,1759.04,1751.95,1755.04
2020.06.22 20:00,1755.31,1757.00,1753.83,1755.27
2020.06.23 00:00,1755.35,1760.22,1747.69,1751.51
2020.06.23 04:00,1751.51,1756.29,1747.41,1755.62
2020.06.23 08:00,1755.45,1759.03,1753.82,1757.84
2020.06.23 12:00,1757.84,1769.17,1756.71,1766.16
2020.06.23 16:00,1766.13,1770.67,1764.76,1770.19
2020.06.23 20:00,1770.01,1770.94,1766.14,1768.72
2020.06.24 00:00,1768.65,1773.31,1767.49,1767.89
2020.06.24 04:00,1767.86,1771.17,1765.34,1769.95
2020.06.24 08:00,1770.05,1779.28,1769.93,1777.91
2020.06.24 12:00,1777.91,1778.75,1761.74,1767.10
2020.06.24 16:00,1767.01,1768.27,1760.60,1765.14
2020.06.24 20:00,1765.47,1766.44,1760.74,1761.99
2020.06.25 00:00,1761.99,1765.87,1758.32,1763.77
2020.06.25 04:00,1763.82,1768.85,1759.53,1765.84
2020.06.25 08:00,1765.84,1766.86,1758.41,1759.29
2020.06.25 12:00,1759.25,1766.49,1755.38,1761.07
2020.06.25 16:00,1761.13,1764.81,1760.89,1763.56
2020.06.25 20:00,1763.68,1766.26,1762.00,1765.69
2020.06.26 00:00,1765.49,1766.11,1760.30,1760.58
2020.06.26 04:00,1760.59,1765.00,1758.04,1763.24
2020.06.26 08:00,1763.48,1766.66,1761.04,1762.36
2020.06.26 12:00,1762.44,1767.99,1747.41,1766.62
2020.06.26 16:00,1766.67,1771.92,1764.93,1771.19
2020.06.26 20:00,1771.13,1771.17,1768.49,1771.06
2020.06.28 20:00,1773.92,1774.65,1770.86,1771.46
2020.06.29 00:00,1771.44,1775.04,1767.58,1772.37
2020.06.29 04:00,1772.38,1774.97,1768.64,1769.02
2020.06.29 08:00,1769.05,1773.36,1767.11,1770.53
2020.06.29 12:00,1770.56,1774.06,1765.60,1771.47
2020.06.29 16:00,1771.35,1772.82,1767.41,1771.69
2020.06.29 20:00,1771.86,1773.57,1770.83,1772.88
2020.06.30 00:00,1772.92,1773.10,1768.74,1770.73
2020.06.30 04:00,1770.69,1773.72,1769.16,1773.47
2020.06.30 08:00,1773.57,1773.70,1765.00,1765.83
2020.06.30 12:00,1765.69,1785.85,1765.69,1782.89
2020.06.30 16:00,1782.83,1784.68,1779.40,1780.21
2020.06.30 20:00,1780.16,1784.37,1779.89,1782.99
2020.07.01 00:00,1782.91,1784.35,1780.36,1783.87
2020.07.01 04:00,1783.81,1789.11,1782.02,1787.85
2020.07.01 08:00,1788.02,1788.80,1776.88,1781.44
2020.07.01 12:00,1781.56,1784.05,1759.13,1766.86
2020.07.01 16:00,1766.82,1772.92,1765.28,1772.40
2020.07.01 20:00,1772.48,1772.64,1767.63,1768.22
2020.07.02 00:00,1768.36,1770.40,1765.71,1768.80
2020.07.02 04:00,1768.84,1770.29,1764.23,1768.98
2020.07.02 08:00,1769.07,1774.44,1768.82,1772.65
2020.07.02 12:00,1772.64,1779.52,1757.50,1778.07
2020.07.02 16:00,1778.06,1778.14,1773.90,1775.55
2020.07.02 20:00,1775.84,1776.33,1774.47,1775.61
2020.07.03 00:00,1775.49,1777.08,1773.09,1775.60
2020.07.03 04:00,1775.56,1776.83,1772.60,1775.57
2020.07.03 08:00,1775.61,1777.05,1773.60,1775.79
2020.07.03 12:00,1775.83,1776.31,1773.14,1775.06
2020.07.03 16:00,1775.11,1776.29,1774.32,1774.90
2020.07.05 20:00,1774.42,1776.06,1773.53,1775.35
2020.07.06 00:00,1775.33,1776.85,1769.97,1772.13
2020.07.06 04:00,1772.12,1777.93,1771.48,1776.00
2020.07.06 08:00,1776.05,1779.63,1774.10,1779.35
2020.07.06 12:00,1779.36,1786.95,1777.29,1783.62
2020.07.06 16:00,1783.68,1786.91,1781.67,1786.51
2020.07.06 20:00,1786.41,1786.87,1783.96,1785.84
2020.07.07 00:00,1785.88,1787.05,1782.65,1784.44
2020.07.07 04:00,1784.43,1785.10,1780.26,1780.76
2020.07.07 08:00,1780.68,1781.27,1773.56,1777.80
2020.07.07 12:00,1777.80,1796.45,1775.58,1795.17
2020.07.07 16:00,1795.30,1797.24,1793.77,1797.13
2020.07.07 20:00,1797.20,1797.20,1794.20,1794.34
2020.07.08 00:00,1794.34,1796.39,1791.69,1794.33
2020.07.08 04:00,1794.31,1796.17,1792.50,1796.16
2020.07.08 08:00,1796.16,1804.70,1796.11,1804.46
2020.07.08 12:00,1804.46,1818.10,1801.90,1811.39
2020.07.08 16:00,1811.40,1814.00,1806.69,1809.34
2020.07.08 20:00,1809.23,1810.09,1808.07,1809.09
2020.07.09 00:00,1809.09,1810.12,1805.99,1809.35
2020.07.09 04:00,1809.33,1814.05,1809.06,1812.66
2020.07.09 08:00,1812.68,1815.92,1805.71,1808.02
2020.07.09 12:00,1808.10,1815.45,1795.61,1801.08
2020.07.09 16:00,1800.98,1805.01,1797.91,1803.60
2020.07.09 20:00,1803.70,1804.20,1802.08,1803.81
2020.07.10 00:00,1803.79,1804.22,1799.29,1801.24
2020.07.10 04:00,1801.21,1801.79,1795.84,1799.36
2020.07.10 08:00,1799.40,1809.13,1799.40,1806.46
2020.07.10 12:00,1806.44,1810.76,1796.52,1797.95
2020.07.10 16:00,1797.95,1800.64,1794.20,1799.44
2020.07.10 20:00,1799.50,1799.50,1798.28,1798.64
2020.07.12 20:00,1800.60,1801.38,1799.67,1800.02
2020.07.13 00:00,1800.13,1804.86,1799.84,1803.27
2020.07.13 04:00,1803.27,1808.16,1802.82,1804.95
2020.07.13 08:00,1805.01,1809.98,1803.86,1809.10
2020.07.13 12:00,1809.09,1813.30,1801.99,1807.39
2020.07.13 16:00,1807.44,1811.66,1800.53,1802.25
2020.07.13 20:00,1802.76,1804.17,1800.99,1802.32
2020.07.14 00:00,1802.32,1802.42,1795.93,1797.64
2020.07.14 04:00,1797.76,1802.30,1796.24,1800.60
2020.07.14 08:00,1800.65,1801.97,1791.34,1800.25
2020.07.14 12:00,1800.51,1809.48,1795.27,1807.41
2020.07.14 16:00,1807.43,1810.84,1806.61,1810.46
2020.07.14 20:00,1810.26,1810.46,1807.97,1809.27
2020.07.15 00:00,1809.27,1811.23,1807.28,1808.93
2020.07.15 04:00,1808.93,1811.92,1805.68,1811.79
2020.07.15 08:00,1811.81,1814.66,1803.63,1805.21
2020.07.15 12:00,1805.21,1812.65,1802.42,1810.56
2020.07.15 16:00,1810.49,1813.22,1810.23,1812.23
2020.07.15 20:00,1812.39,1813.03,1810.11,1813.03
2020.07.16 00:00,1813.03,1813.23,1808.07,1809.78
2020.07.16 04:00,1809.78,1811.36,1805.47,1806.06
2020.07.16 08:00,1806.00,1808.11,1803.71,1805.68
2020.07.16 12:00,1805.58,1808.91,1803.25,1806.49
2020.07.16 16:00,1806.52,1807.61,1794.91,1795.26
2020.07.16 20:00,1795.27,1798.76,1795.27,1798.27
2020.07.17 00:00,1798.27,1799.45,1795.89,1799.02
2020.07.17 04:00,1799.02,1801.34,1798.22,1800.74
2020.07.17 08:00,1800.80,1806.25,1800.69,1805.88
2020.07.17 12:00,1805.91,1811.64,1805.23,1810.36
2020.07.17 16:00,1810.36,1811.96,1807.42,1810.20
2020.07.17 20:00,1810.06,1811.25,1809.14,1809.50
2020.07.19 20:00,1809.64,1810.72,1808.87,1809.05
2020.07.20 00:00,1809.02,1809.64,1805.71,1807.72
2020.07.20 04:00,1807.72,1810.93,1807.32,1810.08
2020.07.20 08:00,1810.10,1815.27,1809.29,1815.22
2020.07.20 12:00,1815.20,1820.52,1811.88,1816.58
2020.07.20 16:00,1816.51,1818.61,1815.24,1818.32
2020.07.20 20:00,1818.28,1818.71,1817.01,1817.96
2020.07.21 00:00,1818.00,1820.08,1815.82,1819.74
2020.07.21 04:00,1819.84,1824.05,1817.21,1822.27
2020.07.21 08:00,1822.28,1828.42,1821.48,1828.06
2020.07.21 12:00,1828.01,1841.48,1827.70,1839.67
2020.07.21 16:00,1839.62,1843.44,1838.21,1841.07
2020.07.21 20:00,1840.95,1847.55,1839.93,1843.15
2020.07.22 00:00,1843.18,1865.60,1842.66,1857.10
2020.07.22 04:00,1856.94,1861.12,1851.18,1854.30
2020.07.22 08:00,1854.21,1860.12,1846.33,1859.72
2020.07.22 12:00,1859.70,1864.58,1847.53,1863.98
2020.07.22 16:00,1864.16,1870.47,1861.82,1868.44
2020.07.22 20:00,1868.41,1871.96,1867.38,1869.99
2020.07.23 00:00,1870.00,1876.47,1863.68,1868.45
2020.07.23 04:00,1868.41,1876.27,1867.75,1875.96
2020.07.23 08:00,1875.96,1888.66,1875.53,1878.20
2020.07.23 12:00,1878.16,1898.34,1869.89,1896.63
2020.07.23 16:00,1896.70,1896.80,1879.14,1886.14
2020.07.23 20:00,1886.43,1888.39,1882.48,1885.77
2020.07.24 00:00,1885.53,1890.13,1881.36,1889.83
2020.07.24 04:00,1889.91,1896.93,1882.28,1896.46
2020.07.24 08:00,1896.46,1897.93,1887.24,1894.33
2020.07.24 12:00,1894.35,1906.52,1891.96,1900.23
2020.07.24 16:00,1900.22,1902.62,1898.94,1902.37
2020.07.24 20:00,1902.28,1902.28,1900.87,1900.87
2020.07.26 20:00,1906.63,1914.86,1905.34,1913.60
2020.07.27 00:00,1913.60,1944.48,1912.44,1931.73
2020.07.27 04:00,1931.64,1937.90,1929.67,1933.38
2020.07.27 08:00,1933.41,1945.12,1933.13,1940.14
2020.07.27 12:00,1940.22,1945.60,1931.09,1938.31
2020.07.27 16:00,1938.37,1940.97,1931.96,1938.84
2020.07.27 20:00,1938.76,1966.88,1937.03,1964.89
2020.07.28 00:00,1965.01,1980.97,1933.76,1943.63
2020.07.28 04:00,1943.66,1947.36,1907.36,1913.17
2020.07.28 08:00,1913.29,1935.58,1912.57,1929.27
2020.07.28 12:00,1929.27,1956.55,1923.40,1953.52
2020.07.28 16:00,1953.49,1961.01,1945.95,1955.42
2020.07.28 20:00,1955.55,1961.74,1950.13,1956.05
2020.07.29 00:00,1956.05,1963.73,1947.78,1952.95
2020.07.29 04:00,1952.94,1961.09,1949.65,1957.35
2020.07.29 08:00,1957.39,1959.46,1953.76,1956.43
2020.07.29 12:00,1956.44,1962.02,1941.45,1958.36
2020.07.29 16:00,1958.34,1980.70,1951.43,1969.51
2020.07.29 20:00,1969.57,1971.27,1965.63,1966.49
2020.07.30 00:00,1966.33,1970.63,1960.67,1965.02
2020.07.30 04:00,1964.90,1965.15,1947.27,1955.88
2020.07.30 08:00,1955.97,1959.36,1944.98,1953.35
2020.07.30 12:00,1953.36,1961.83,1939.56,1948.73
2020.07.30 16:00,1948.66,1956.21,1945.81,1955.95
2020.07.30 20:00,1955.94,1958.30,1953.10,1956.85
2020.07.31 00:00,1956.91,1971.45,1955.87,1969.32
2020.07.31 04:00,1969.32,1981.56,1966.33,1976.58
2020.07.31 08:00,1976.63,1978.23,1970.48,1974.49
2020.07.31 12:00,1974.87,1978.27,1959.83,1972.77
2020.07.31 16:00,1972.76,1974.94,1965.94,1974.15
2020.07.31 20:00,1974.14,1975.61,1971.97,1975.14
2020.08.02 20:00,1983.74,1984.36,1977.10,1981.91
2020.08.03 00:00,1981.81,1982.32,1969.83,1973.77
2020.08.03 04:00,1973.77,1977.50,1970.17,1973.06
2020.08.03 08:00,1973.15,1974.86,1965.79,1970.31
2020.08.03 12:00,1970.24,1976.50,1960.50,1968.37
2020.08.03 16:00,1968.37,1977.59,1966.54,1976.58
2020.08.03 20:00,1976.02,1976.90,1972.59,1975.29
2020.08.04 00:00,1975.36,1978.51,1971.61,1974.04
2020.08.04 04:00,1974.01,1978.92,1971.38,1977.77
2020.08.04 08:00,1977.69,1977.89,1968.27,1971.96
2020.08.04 12:00,1971.96,1996.59,1971.46,1995.07
2020.08.04 16:00,1995.14,2017.64,1992.59,2017.14
2020.08.04 20:00,2016.96,2030.93,2014.38,2030.89
2020.08.05 00:00,2030.99,2030.99,2009.59,2013.14
2020.08.05 04:00,2013.24,2039.75,2011.75,2033.66
2020.08.05 08:00,2033.57,2044.69,2028.86,2042.86
2020.08.05 12:00,2042.74,2055.68,2030.37,2043.57
2020.08.05 16:00,2043.40,2045.19,2028.81,2036.79
2020.08.05 20:00,2036.98,2039.31,2035.36,2036.60
2020.08.06 00:00,2036.44,2044.61,2034.49,2043.15
2020.08.06 04:00,2043.13,2053.90,2041.26,2043.40
2020.08.06 08:00,2043.32,2059.44,2040.99,2059.10
2020.08.06 12:00,2059.10,2069.65,2049.39,2057.83
2020.08.06 16:00,2057.89,2063.85,2053.58,2063.01
2020.08.06 20:00,2063.10,2071.26,2061.90,2069.21
2020.08.07 00:00,2069.23,2072.66,2054.57,2056.51
2020.08.07 04:00,2056.77,2064.48,2049.22,2064.48
2020.08.07 08:00,2064.56,2064.56,2051.29,2052.50
2020.08.07 12:00,2052.43,2063.64,2023.17,2027.99
2020.08.07 16:00,2028.14,2036.99,2015.54,2030.90
2020.08.07 20:00,2030.74,2035.48,2029.77,2034.63
2020.08.09 20:00,2025.54,2030.83,2025.32,2027.09
2020.08.10 00:00,2027.03,2036.01,2026.02,2029.54
2020.08.10 04:00,2029.44,2035.15,2027.30,2032.21
2020.08.10 08:00,2032.16,2035.35,2027.89,2031.20
2020.08.10 12:00,2031.05,2049.83,2028.37,2034.96
2020.08.10 16:00,2034.94,2035.56,2019.44,2024.75
2020.08.10 20:00,2024.77,2029.99,2024.61,2028.22
2020.08.11 00:00,2028.10,2028.10,2014.72,2020.35
2020.08.11 04:00,2020.33,2021.43,1990.25,1995.17
2020.08.11 08:00,1995.12,1997.50,1974.22,1978.09
2020.08.11 12:00,1978.07,1981.45,1937.79,1941.83
2020.08.11 16:00,1943.65,1950.00,1909.97,1916.15
2020.08.11 20:00,1916.17,1927.78,1901.28,1909.07
2020.08.12 00:00,1909.05,1925.62,1872.70,1885.22
2020.08.12 04:00,1885.17,1939.88,1864.19,1936.56
2020.08.12 08:00,1936.39,1949.27,1917.21,1929.21
2020.08.12 12:00,1928.82,1947.90,1922.49,1941.36
2020.08.12 16:00,1941.29,1949.17,1906.89,1907.84
2020.08.12 20:00,1907.79,1923.46,1907.79,1921.86
2020.08.13 00:00,1921.86,1942.63,1919.98,1935.18
2020.08.13 04:00,1935.30,1935.75,1921.64,1929.99
2020.08.13 08:00,1929.92,1939.53,1927.39,1931.68
2020.08.13 12:00,1931.78,1950.61,1920.17,1945.01
2020.08.13 16:00,1944.93,1966.27,1937.66,1952.56
2020.08.13 20:00,1952.43,1962.16,1950.18,1957.30
2020.08.14 00:00,1957.32,1961.50,1944.81,1948.74
2020.08.14 04:00,1948.88,1956.92,1938.78,1947.88
2020.08.14 08:00,1947.67,1953.11,1941.08,1948.44
2020.08.14 12:00,1948.44,1956.36,1939.71,1943.54
2020.08.14 16:00,1943.51,1947.11,1932.39,1942.97
2020.08.14 20:00,1942.97,1946.02,1942.73,1943.85
2020.08.16 20:00,1949.21,1949.34,1931.94,1932.50
2020.08.17 00:00,1932.44,1943.15,1929.36,1941.10
2020.08.17 04:00,1941.09,1956.94,1940.99,1954.52
2020.08.17 08:00,1954.52,1955.45,1947.65,1955.00
2020.08.17 12:00,1955.05,1989.01,1953.27,1985.50
2020.08.17 16:00,1985.59,1990.62,1979.54,1984.35
2020.08.17 20:00,1984.17,1985.58,1981.02,1983.79
2020.08.18 00:00,1983.77,1995.92,1980.71,1990.84
2020.08.18 04:00,1990.88,2010.11,1989.50,2005.31
2020.08.18 08:00,2005.33,2009.73,2001.25,2007.06
2020.08.18 12:00,2007.09,2015.59,1976.00,2002.32
2020.08.18 16:00,2002.27,2010.09,1999.99,2003.75
2020.08.18 20:00,2003.57,2006.07,1999.88,2005.21
2020.08.19 00:00,2005.21,2005.92,1989.76,1993.99
2020.08.19 04:00,1993.98,1994.43,1980.79,1988.08
2020.08.19 08:00,1988.01,1997.97,1981.33,1985.98
2020.08.19 12:00,1985.85,1995.36,1953.83,1963.08
2020.08.19 16:00,1963.14,1973.48,1934.65,1940.18
2020.08.19 20:00,1940.23,1941.15,1924.66,1927.66
2020.08.20 00:00,1927.66,1952.32,1924.93,1949.60
2020.08.20 04:00,1949.60,1955.30,1932.84,1934.40
2020.08.20 08:00,1934.40,1942.77,1925.32,1937.75
2020.08.20 12:00,1937.57,1951.62,1926.12,1946.57
2020.08.20 16:00,1946.55,1955.02,1937.40,1952.56
2020.08.20 20:00,1952.54,1953.42,1945.00,1952.74
2020.08.21 00:00,1952.75,1955.86,1940.62,1949.82
2020.08.21 04:00,1949.84,1951.55,1933.82,1941.06
2020.08.21 08:00,1941.12,1941.13,1915.02,1916.21
2020.08.21 12:00,1916.11,1945.69,1911.43,1939.29
2020.08.21 16:00,1939.28,1942.03,1932.03,1938.26
2020.08.21 20:00,1938.26,1941.22,1936.62,1939.80
2020.08.23 20:00,1937.31,1937.83,1934.27,1935.08
2020.08.24 00:00,1935.08,1936.86,1930.34,1931.84
2020.08.24 04:00,1931.74,1949.46,1930.63,1944.48
2020.08.24 08:00,1944.48,1950.92,1944.08,1950.06
2020.08.24 12:00,1950.06,1961.74,1927.45,1930.19
2020.08.24 16:00,1930.19,1934.37,1923.81,1927.08
2020.08.24 20:00,1927.04,1930.74,1924.49,1929.65
2020.08.25 00:00,1929.65,1937.46,1926.45,1936.10
2020.08.25 04:00,1936.12,1937.27,1929.29,1934.99
2020.08.25 08:00,1934.92,1935.53,1921.46,1925.38
2020.08.25 12:00,1925.34,1930.81,1914.28,1919.39
2020.08.25 16:00,1919.55,1929.40,1914.54,1929.20
2020.08.25 20:00,1929.20,1930.24,1926.46,1929.62
2020.08.26 00:00,1929.51,1931.45,1924.05,1925.52
2020.08.26 04:00,1925.51,1927.73,1913.90,1917.29
2020.08.26 08:00,1917.28,1924.02,1914.09,1917.67
2020.08.26 12:00,1917.70,1946.17,1902.78,1940.30
2020.08.26 16:00,1940.33,1954.22,1940.06,1952.15
2020.08.26 20:00,1952.20,1954.75,1950.12,1953.42
2020.08.27 00:00,1953.49,1953.86,1938.28,1942.70
2020.08.27 04:00,1942.67,1948.64,1936.91,1946.46
2020.08.27 08:00,1946.47,1946.79,1937.24,1940.78
2020.08.27 12:00,1940.80,1976.50,1909.97,1928.81
2020.08.27 16:00,1928.89,1935.06,1919.27,1929.77
2020.08.27 20:00,1929.77,1931.19,1926.43,1927.95
2020.08.28 00:00,1927.86,1941.00,1923.13,1940.81
2020.08.28 04:00,1940.81,1952.03,1938.85,1948.20
2020.08.28 08:00,1948.20,1964.16,1945.94,1962.23
2020.08.28 12:00,1962.24,1972.97,1950.80,1968.47
2020.08.28 16:00,1968.46,1973.80,1960.36,1963.26
2020.08.28 20:00,1963.49,1965.18,1962.50,1964.58
2020.08.30 20:00,1973.02,1976.49,1970.34,1973.16
2020.08.31 00:00,1973.10,1976.45,1967.43,1970.19
2020.08.31 04:00,1970.13,1971.59,1954.26,1958.48
2020.08.31 08:00,1958.53,1968.99,1956.44,1965.81
2020.08.31 12:00,1965.80,1974.00,1960.25,1968.97
2020.08.31 16:00,1969.02,1974.90,1966.32,1967.81
2020.08.31 20:00,1967.83,1969.42,1965.23,1967.80
2020.09.01 00:00,1967.82,1989.47,1967.45,1984.13
2020.09.01 04:00,1984.04,1992.29,1982.09,1992.02
2020.09.01 08:00,1991.99,1991.99,1983.99,1989.17
2020.09.01 12:00,1989.04,1991.71,1964.30,1973.21
2020.09.01 16:00,1973.25,1976.75,1963.23,1970.25
2020.09.01 20:00,1970.33,1972.97,1968.34,1972.55
2020.09.02 00:00,1972.57,1973.22,1958.94,1964.81
2020.09.02 04:00,1964.81,1967.58,1956.01,1961.82
2020.09.02 08:00,1961.91,1971.85,1956.98,1959.12
2020.09.02 12:00,1959.01,1968.84,1937.41,1943.98
2020.09.02 16:00,1943.98,1945.61,1933.06,1943.81
2020.09.02 20:00,1943.77,1945.47,1940.33,1944.65
2020.09.03 00:00,1944.56,1951.04,1941.78,1945.70
2020.09.03 04:00,1945.70,1946.60,1927.19,1935.83
2020.09.03 08:00,1935.73,1937.62,1927.34,1934.79
2020.09.03 12:00,1934.79,1945.83,1921.86,1926.25
2020.09.03 16:00,1926.30,1938.17,1924.52,1929.19
2020.09.03 20:00,1929.25,1932.33,1925.70,1928.09
2020.09.04 00:00,1927.91,1942.17,1927.88,1936.51
2020.09.04 04:00,1936.50,1939.86,1930.74,1935.73
2020.09.04 08:00,1935.71,1941.55,1933.50,1939.78
2020.09.04 12:00,1939.81,1947.47,1916.38,1920.76
2020.09.04 16:00,1920.77,1938.54,1918.82,1935.01
2020.09.04 20:00,1935.01,1935.01,1931.53,1933.35
2020.09.06 20:00,1936.57,1937.12,1933.95,1934.29
2020.09.07 00:00,1934.25,1941.28,1931.96,1935.53
2020.09.07 04:00,1935.45,1936.74,1927.81,1931.39
2020.09.07 08:00,1931.39,1934.13,1924.53,1928.33
2020.09.07 12:00,1928.39,1932.62,1924.77,1930.74
2020.09.07 16:00,1930.71,1930.71,1927.99,1928.17
2020.09.07 20:00,1930.81,1931.38,1929.25,1930.64
2020.09.08 00:00,1930.66,1932.08,1922.75,1923.73
2020.09.08 04:00,1923.72,1935.44,1923.46,1931.39
2020.09.08 08:00,1931.50,1932.30,1907.99,1915.82
2020.09.08 12:00,1915.84,1929.19,1906.63,1927.67
2020.09.08 16:00,1927.62,1940.84,1926.70,1930.80
2020.09.08 20:00,1930.92,1932.92,1927.77,1930.22
2020.09.09 00:00,1930.22,1930.68,1923.22,1930.14
2020.09.09 04:00,1930.16,1934.41,1923.95,1931.87
2020.09.09 08:00,1931.83,1934.21,1920.02,1925.83
2020.09.09 12:00,1925.82,1948.95,1924.72,1943.46
2020.09.09 16:00,1943.44,1950.83,1943.11,1948.39
2020.09.09 20:00,1948.36,1950.05,1946.14,1947.42
2020.09.10 00:00,1947.46,1950.79,1943.61,1946.66
2020.09.10 04:00,1946.61,1949.19,1942.36,1944.16
2020.09.10 08:00,1944.18,1952.08,1942.82,1947.45
2020.09.10 12:00,1947.35,1966.47,1945.07,1959.09
2020.09.10 16:00,1959.04,1960.45,1941.38,1942.81
2020.09.10 20:00,1942.96,1946.26,1941.73,1943.95
2020.09.11 00:00,1943.96,1949.25,1937.15,1940.50
2020.09.11 04:00,1940.59,1945.11,1937.76,1941.26
2020.09.11 08:00,1941.29,1948.12,1941.07,1944.62
2020.09.11 12:00,1944.66,1954.74,1941.49,1949.94
2020.09.11 16:00,1949.93,1949.97,1938.25,1942.30
2020.09.11 20:00,1942.32,1942.75,1939.52,1939.87
2020.09.13 20:00,1941.44,1943.15,1941.18,1942.84
2020.09.14 00:00,1942.86,1951.64,1939.89,1949.09
2020.09.14 04:00,1949.09,1949.32,1943.25,1945.49
2020.09.14 08:00,1945.51,1947.18,1940.06,1944.08
2020.09.14 12:00,1944.06,1962.42,1944.01,1958.59
2020.09.14 16:00,1958.51,1959.13,1953.16,1957.66
2020.09.14 20:00,1957.63,1958.72,1956.17,1957.20
2020.09.15 00:00,1957.10,1967.04,1955.11,1964.65
2020.09.15 04:00,1964.64,1969.27,1960.28,1962.06
2020.09.15 08:00,1962.10,1972.10,1961.81,1968.12
2020.09.15 12:00,1968.13,1970.46,1948.46,1951.69
2020.09.15 16:00,1951.75,1958.85,1951.42,1953.60
2020.09.15 20:00,1953.54,1955.15,1952.73,1953.83
2020.09.16 00:00,1953.84,1960.13,1949.88,1959.39
2020.09.16 04:00,1959.41,1966.15,1957.02,1964.45
2020.09.16 08:00,1964.43,1968.68,1961.67,1963.21
2020.09.16 12:00,1963.23,1973.45,1956.58,1966.91
2020.09.16 16:00,1966.91,1970.09,1952.71,1958.38
2020.09.16 20:00,1958.74,1960.92,1957.53,1959.78
2020.09.17 00:00,1959.52,1960.09,1937.77,1939.61
2020.09.17 04:00,1939.61,1947.26,1937.80,1944.68
2020.09.17 08:00,1944.72,1948.79,1936.96,1947.97
2020.09.17 12:00,1947.91,1949.56,1932.84,1943.84
2020.09.17 16:00,1943.84,1948.42,1942.24,1948.13
2020.09.17 20:00,1948.03,1948.99,1943.85,1947.12
2020.09.18 00:00,1947.11,1955.51,1946.78,1952.00
2020.09.18 04:00,1952.00,1955.14,1950.78,1953.83
2020.09.18 08:00,1953.83,1956.06,1948.82,1950.72
2020.09.18 12:00,1950.77,1955.67,1945.06,1952.85
2020.09.18 16:00,1952.85,1960.03,1949.68,1950.70
2020.09.18 20:00,1950.78,1951.47,1948.79,1950.24
2020.09.20 20:00,1950.18,1951.10,1947.95,1948.44
2020.09.21 00:00,1948.18,1955.54,1946.98,1953.22
2020.09.21 04:00,1953.21,1954.88,1947.71,1948.17
2020.09.21 08:00,1948.13,1948.53,1928.48,1932.93
2020.09.21 12:00,1932.88,1934.50,1882.71,1899.81
2020.09.21 16:00,1899.77,1912.01,1898.98,1911.34
2020.09.21 20:00,1911.22,1918.19,1910.34,1917.10
2020.09.22 00:00,1917.10,1919.92,1906.66,1911.60
2020.09.22 04:00,1911.60,1916.20,1894.57,1900.00
2020.09.22 08:00,1900.00,1908.11,1899.98,1906.31
2020.09.22 12:00,1906.23,1917.55,1896.81,1899.89
2020.09.22 16:00,1899.77,1907.04,1898.53,1902.45
2020.09.22 20:00,1902.45,1904.99,1897.61,1904.22
2020.09.23 00:00,1904.20,1905.29,1892.88,1893.04
2020.09.23 04:00,1893.00,1893.05,1874.53,1877.45
2020.09.23 08:00,1877.58,1894.95,1873.20,1883.40
2020.09.23 12:00,1883.50,1887.88,1864.08,1864.21
2020.09.23 16:00,1864.21,1868.56,1855.77,1862.02
2020.09.23 20:00,1861.89,1863.78,1853.88,1854.93
2020.09.24 00:00,1854.93,1868.86,1854.78,1856.05
2020.09.24 04:00,1855.95,1861.04,1848.90,1860.76
2020.09.24 08:00,1860.78,1861.36,1848.72,1858.07
2020.09.24 12:00,1858.10,1870.96,1850.93,1870.96
2020.09.24 16:00,1870.98,1877.02,1861.59,1868.70
2020.09.24 20:00,1868.57,1871.37,1866.44,1867.83
2020.09.25 00:00,1867.75,1870.67,1861.86,1869.19
2020.09.25 04:00,1869.07,1875.14,1866.06,1873.41
2020.09.25 08:00,1873.41,1873.82,1852.81,1858.55
2020.09.25 12:00,1858.46,1865.78,1852.38,1859.95
2020.09.25 16:00,1860.03,1866.74,1858.28,1862.78
2020.09.25 20:00,1862.75,1863.80,1859.71,1861.12
2020.09.27 20:00,1864.78,1865.02,1862.11,1862.65
2020.09.28 00:00,1862.56,1863.26,1857.66,1861.24
2020.09.28 04:00,1861.24,1863.90,1855.84,1858.42
2020.09.28 08:00,1858.38,1865.74,1849.41,1865.20
2020.09.28 12:00,1865.20,1876.98,1862.76,1872.98
2020.09.28 16:00,1872.97,1882.96,1872.48,1881.31
2020.09.28 20:00,1881.32,1883.72,1880.22,1882.65
2020.09.29 00:00,1882.64,1887.12,1881.10,1882.85
2020.09.29 04:00,1882.89,1884.72,1875.43,1883.14
2020.09.29 08:00,1883.17,1890.19,1880.36,1886.80
2020.09.29 12:00,1886.79,1892.94,1877.27,1890.05
2020.09.29 16:00,1890.07,1899.00,1889.43,1897.61
2020.09.29 20:00,1897.49,1899.30,1896.60,1896.87
2020.09.30 00:00,1896.85,1897.45,1887.79,1889.26
2020.09.30 04:00,1889.12,1892.01,1883.67,1887.54
2020.09.30 08:00,1887.53,1888.84,1881.50,1883.92
2020.09.30 12:00,1883.96,1902.22,1881.74,1896.05
2020.09.30 16:00,1895.99,1898.23,1885.24,1886.42
2020.09.30 20:00,1886.48,1888.76,1884.68,1887.67
2020.10.01 00:00,1887.61,1892.80,1884.63,1892.45
2020.10.01 04:00,1892.43,1900.24,1892.09,1897.03
2020.10.01 08:00,1896.99,1902.42,1893.21,1900.59
2020.10.01 12:00,1900.57,1911.94,1896.32,1910.66
2020.10.01 16:00,1910.66,1911.64,1903.83,1903.88
2020.10.01 20:00,1903.85,1906.52,1902.67,1903.16
2020.10.02 00:00,1902.94,1903.57,1891.28,1894.55
2020.10.02 04:00,1894.53,1917.04,1889.86,1909.62
2020.10.02 08:00,1909.55,1912.81,1905.16,1908.13
2020.10.02 12:00,1908.15,1911.82,1898.16,1900.56
2020.10.02 16:00,1900.49,1905.56,1898.55,1901.66
2020.10.02 20:00,1901.65,1901.96,1897.94,1898.62
2020.10.04 20:00,1900.23,1904.31,1899.67,1902.97
2020.10.05 00:00,1902.97,1903.07,1891.80,1892.67
2020.10.05 04:00,1892.62,1894.82,1886.99,1892.31
2020.10.05 08:00,1892.24,1903.09,1891.86,1901.99
2020.10.05 12:00,1901.90,1918.76,1901.90,1914.10
2020.10.05 16:00,1914.07,1917.25,1910.90,1910.95
2020.10.05 20:00,1911.15,1914.70,1911.13,1912.75
2020.10.06 00:00,1912.73,1914.48,1908.27,1911.98
2020.10.06 04:00,1911.98,1914.54,1908.41,1909.49
2020.10.06 08:00,1909.45,1917.94,1906.67,1917.53
2020.10.06 12:00,1917.54,1920.80,1901.72,1902.19
2020.10.06 16:00,1902.08,1906.44,1886.97,1887.89
2020.10.06 20:00,1888.18,1888.96,1874.63,1880.02
2020.10.07 00:00,1880.09,1884.08,1872.93,1882.86
2020.10.07 04:00,1882.92,1897.98,1881.88,1892.78
2020.10.07 08:00,1892.82,1894.85,1882.63,1888.60
2020.10.07 12:00,1888.60,1891.83,1879.18,1885.73
2020.10.07 16:00,1885.72,1888.77,1881.01,1887.01
2020.10.07 20:00,1887.10,1888.74,1886.20,1886.95
2020.10.08 00:00,1886.90,1889.18,1883.39,1885.28
2020.10.08 04:00,1885.23,1895.18,1884.35,1890.87
2020.10.08 08:00,1890.87,1894.47,1890.13,1892.52
2020.10.08 12:00,1892.36,1900.66,1883.36,1888.74
2020.10.08 16:00,1888.70,1894.39,1881.92,1894.39
2020.10.08 20:00,1894.28,1896.76,1893.05,1895.26
2020.10.09 00:00,1895.21,1912.87,1894.95,1910.85
2020.10.09 04:00,1910.86,1913.57,1905.68,1913.17
2020.10.09 08:00,1913.12,1918.12,1911.77,1913.09
2020.10.09 12:00,1913.23,1929.24,1912.96,1920.34
2020.10.09 16:00,1920.31,1929.58,1919.58,1928.80
2020.10.09 20:00,1928.80,1930.41,1927.88,1929.98
2020.10.11 20:00,1929.35,1933.15,1928.54,1929.07
2020.10.12 00:00,1929.08,1930.15,1921.47,1927.26
2020.10.12 04:00,1927.23,1931.87,1923.96,1926.14
2020.10.12 08:00,1926.16,1926.53,1918.39,1924.59
2020.10.12 12:00,1924.56,1928.42,1919.24,1923.06
2020.10.12 16:00,1923.05,1925.75,1920.15,1923.37
2020.10.12 20:00,1923.22,1925.40,1921.62,1925.07
2020.10.13 00:00,1924.99,1925.04,1910.54,1911.39
2020.10.13 04:00,1911.45,1920.65,1910.34,1918.54
2020.10.13 08:00,1918.53,1924.97,1917.98,1920.28
2020.10.13 12:00,1920.29,1924.01,1886.64,1894.62
2020.10.13 16:00,1894.27,1895.19,1888.75,1893.14
2020.10.13 20:00,1893.04,1893.78,1890.84,1893.38
2020.10.14 00:00,1892.99,1897.65,1882.52,1896.18
2020.10.14 04:00,1896.24,1897.91,1892.64,1895.53
2020.10.14 08:00,1895.54,1902.71,1894.44,1900.31
2020.10.14 12:00,1900.33,1912.91,1898.83,1903.22
2020.10.14 16:00,1903.18,1904.53,1899.60,1899.76
2020.10.14 20:00,1899.26,1902.17,1896.97,1898.26
2020.10.15 00:00,1898.23,1900.30,1892.08,1898.22
2020.10.15 04:00,1898.22,1903.55,1895.94,1902.36
2020.10.15 08:00,1902.29,1902.73,1889.91,1891.55
2020.10.15 12:00,1891.58,1906.83,1889.97,1903.58
2020.10.15 16:00,1903.58,1908.54,1901.75,1906.54
2020.10.15 20:00,1906.48,1908.88,1905.63,1906.37
2020.10.16 00:00,1906.16,1910.68,1904.87,1905.91
2020.10.16 04:00,1905.91,1909.92,1902.78,1909.28
2020.10.16 08:00,1909.28,1912.32,1905.89,1909.36
2020.10.16 12:00,1909.37,1913.90,1897.77,1901.48
2020.10.16 16:00,1901.48,1904.37,1899.09,1899.47
2020.10.16 20:00,1899.77,1900.11,1897.86,1898.69
2020.10.18 20:00,1900.57,1901.31,1898.60,1900.69
2020.10.19 00:00,1900.64,1902.80,1897.03,1901.00
2020.10.19 04:00,1901.05,1911.73,1900.17,1909.23
2020.10.19 08:00,1909.24,1913.82,1908.36,1912.08
2020.10.19 12:00,1912.27,1918.39,1902.84,1908.27
2020.10.19 16:00,1908.31,1910.41,1900.59,1900.85
2020.10.19 20:00,1900.81,1904.20,1900.81,1903.00
2020.10.20 00:00,1903.02,1904.15,1894.72,1900.94
2020.10.20 04:00,1901.01,1904.07,1898.75,1900.53
2020.10.20 08:00,1900.58,1908.15,1899.66,1905.18
2020.10.20 12:00,1905.18,1912.30,1897.60,1910.94
2020.10.20 16:00,1910.95,1914.06,1907.81,1909.78
2020.10.20 20:00,1909.71,1912.56,1906.66,1910.77
2020.10.21 00:00,1910.59,1920.46,1910.17,1917.60
2020.10.21 04:00,1917.60,1920.84,1914.86,1920.43
2020.10.21 08:00,1920.48,1922.76,1914.51,1916.15
2020.10.21 12:00,1916.78,1931.47,1916.59,1925.12
2020.10.21 16:00,1925.14,1929.31,1921.60,1924.55
2020.10.21 20:00,1924.47,1924.95,1920.20,1921.34
2020.10.22 00:00,1921.30,1922.17,1911.06,1913.90
2020.10.22 04:00,1913.73,1920.38,1913.13,1919.21
2020.10.22 08:00,1919.22,1919.76,1913.38,1914.18
2020.10.22 12:00,1914.20,1914.77,1894.70,1900.30
2020.10.22 16:00,1900.43,1905.45,1899.34,1905.20
2020.10.22 20:00,1905.08,1906.47,1903.69,1905.03
2020.10.23 00:00,1904.79,1907.70,1901.31,1906.41
2020.10.23 04:00,1906.39,1909.28,1902.61,1908.77
2020.10.23 08:00,1908.82,1912.73,1907.65,1910.49
2020.10.23 12:00,1910.49,1914.17,1894.42,1898.74
2020.10.23 16:00,1898.74,1905.50,1895.84,1903.76
2020.10.23 20:00,1903.69,1903.78,1901.40,1901.67
2020.10.25 20:00,1893.56,1899.69,1893.40,1898.52
2020.10.26 00:00,1898.54,1902.42,1896.39,1898.27
2020.10.26 04:00,1898.24,1902.06,1894.87,1900.34
2020.10.26 08:00,1900.19,1905.43,1896.15,1903.82
2020.10.26 12:00,1903.65,1908.52,1898.87,1904.34
2020.10.26 16:00,1904.30,1906.17,1900.30,1902.51
2020.10.26 20:00,1902.49,1903.37,1900.71,1902.23
2020.10.27 00:00,1902.20,1910.33,1901.90,1907.60
2020.10.27 04:00,1907.60,1910.37,1903.23,1904.17
2020.10.27 08:00,1904.19,1905.05,1897.88,1902.90
2020.10.27 12:00,1902.90,1911.28,1900.81,1908.51
2020.10.27 16:00,1908.51,1910.98,1906.32,1907.60
2020.10.27 20:00,1907.74,1908.18,1904.25,1905.23
2020.10.28 00:00,1905.16,1908.27,1902.47,1906.71
2020.10.28 04:00,1906.71,1910.83,1905.24,1906.18
2020.10.28 08:00,1905.98,1906.73,1890.70,1891.47
2020.10.28 12:00,1891.41,1891.72,1869.36,1882.39
2020.10.28 16:00,1882.31,1884.18,1876.01,1876.93
2020.10.28 20:00,1877.00,1879.80,1875.06,1879.61
2020.10.29 00:00,1879.37,1881.96,1875.74,1881.76
2020.10.29 04:00,1881.76,1884.93,1880.46,1881.26
2020.10.29 08:00,1881.24,1882.42,1871.74,1871.97
2020.10.29 12:00,1872.20,1876.69,1860.01,1867.86
2020.10.29 16:00,1868.41,1872.27,1866.13,1869.48
2020.10.29 20:00,1869.22,1870.53,1865.89,1868.41
2020.10.30 00:00,1868.40,1878.01,1864.55,1876.16
2020.10.30 04:00,1876.15,1877.04,1866.67,1871.38
2020.10.30 08:00,1871.56,1880.05,1868.96,1879.22
2020.10.30 12:00,1879.23,1889.76,1874.67,1879.44
2020.10.30 16:00,1879.23,1882.68,1877.43,1877.68
2020.10.30 20:00,1877.37,1879.09,1877.20,1878.76
2020.11.01 20:00,1878.05,1879.97,1875.35,1877.14
2020.11.02 00:00,1877.07,1885.61,1873.44,1882.40
2020.11.02 04:00,1882.41,1886.69,1879.81,1884.86
2020.11.02 08:00,1884.94,1889.93,1880.88,1888.59
2020.11.02 12:00,1888.40,1892.97,1885.80,1891.12
2020.11.02 16:00,1891.21,1895.09,1890.12,1894.27
2020.11.02 20:00,1894.24,1896.14,1893.56,1894.75
2020.11.03 00:00,1894.75,1898.59,1890.66,1892.95
2020.11.03 04:00,1892.95,1894.16,1886.95,1890.67
2020.11.03 08:00,1890.48,1900.76,1889.45,1899.13
2020.11.03 12:00,1899.17,1909.07,1898.97,1907.49
2020.11.03 16:00,1907.39,1910.53,1904.31,1906.81
2020.11.03 20:00,1906.73,1916.15,1905.55,1914.42
2020.11.04 00:00,1914.34,1916.34,1883.00,1896.81
2020.11.04 04:00,1896.82,1903.43,1887.92,1891.72
2020.11.04 08:00,1891.84,1902.50,1887.01,1902.34
2020.11.04 12:00,1902.14,1912.11,1896.37,1902.39
2020.11.04 16:00,1902.35,1903.10,1893.16,1899.47
2020.11.04 20:00,1899.57,1905.93,1897.41,1904.81
2020.11.05 00:00,1904.59,1909.70,1902.43,1907.28
2020.11.05 04:00,1907.28,1913.37,1905.52,1910.97
2020.11.05 08:00,1910.98,1920.74,1908.90,1919.28
2020.11.05 12:00,1919.19,1948.22,1916.95,1945.43
2020.11.05 16:00,1945.43,1952.71,1942.50,1949.69
2020.11.05 20:00,1949.68,1952.03,1944.25,1946.11
2020.11.06 00:00,1946.23,1947.33,1937.52,1937.83
2020.11.06 04:00,1937.84,1948.09,1935.58,1947.40
2020.11.06 08:00,1947.72,1958.07,1943.93,1955.60
2020.11.06 12:00,1955.53,1960.27,1941.22,1948.48
2020.11.06 16:00,1948.63,1955.20,1948.33,1951.86
2020.11.06 20:00,1951.89,1953.94,1951.12,1952.37
2020.11.08 20:00,1955.49,1959.91,1954.34,1958.45
2020.11.09 00:00,1958.51,1961.17,1952.61,1960.79
2020.11.09 04:00,1960.86,1965.45,1953.47,1956.90
2020.11.09 08:00,1956.88,1963.21,1934.87,1937.27
2020.11.09 12:00,1938.26,1938.26,1854.01,1860.90
2020.11.09 16:00,1860.83,1867.96,1850.51,1866.66
2020.11.09 20:00,1866.66,1871.39,1860.31,1870.82
2020.11.10 00:00,1870.86,1881.82,1867.46,1881.19
2020.11.10 04:00,1881.19,1890.36,1878.93,1885.40
2020.11.10 08:00,1885.39,1890.24,1867.43,1878.57
2020.11.10 12:00,1878.50,1885.31,1873.59,1882.21
2020.11.10 16:00,1882.35,1885.01,1874.66,1877.26
2020.11.10 20:00,1877.08,1879.41,1872.20,1876.70
2020.11.11 00:00,1876.77,1883.07,1876.42,1880.68
2020.11.11 04:00,1880.69,1884.46,1874.54,1876.60
2020.11.11 08:00,1876.59,1881.88,1869.89,1876.94
2020.11.11 12:00,1876.91,1878.87,1856.32,1862.68
2020.11.11 16:00,1862.60,1866.59,1860.76,1863.51
2020.11.11 20:00,1863.52,1868.12,1862.78,1865.53
2020.11.12 00:00,1865.57,1872.16,1862.65,1870.49
2020.11.12 04:00,1870.50,1872.62,1867.35,1868.71
2020.11.12 08:00,1868.70,1873.03,1863.42,1870.45
2020.11.12 12:00,1870.64,1883.77,1867.52,1878.91
2020.11.12 16:00,1878.90,1882.94,1874.24,1876.92
2020.11.12 20:00,1876.92,1877.31,1874.09,1875.76
2020.11.13 00:00,1875.76,1881.94,1874.00,1876.94
2020.11.13 04:00,1876.89,1880.33,1876.33,1878.95
2020.11.13 08:00,1878.87,1881.08,1875.81,1879.38
2020.11.13 12:00,1879.37,1896.69,1878.26,1891.81
2020.11.13 16:00,1891.83,1894.60,1884.66,1886.65
2020.11.13 20:00,1886.67,1888.26,1886.24,1888.25
2020.11.15 20:00,1888.78,1891.53,1886.73,1890.50
2020.11.16 00:00,1890.45,1899.00,1887.59,1895.74
2020.11.16 04:00,1895.70,1896.76,1887.50,1891.70
2020.11.16 08:00,1891.57,1895.14,1865.11,1869.43
2020.11.16 12:00,1869.42,1891.36,1866.31,1889.96
2020.11.16 16:00,1890.01,1895.98,1886.02,1886.20
2020.11.16 20:00,1886.29,1890.53,1885.18,1889.86
2020.11.17 00:00,1889.85,1892.41,1886.91,1890.40
2020.11.17 04:00,1890.40,1890.50,1884.30,1887.17
2020.11.17 08:00,1887.47,1892.66,1884.28,1888.78
2020.11.17 12:00,1888.74,1893.39,1884.66,1888.66
2020.11.17 16:00,1888.56,1889.01,1884.97,1886.77
2020.11.17 20:00,1886.77,1887.33,1876.97,1882.58
2020.11.18 00:00,1882.54,1883.20,1875.73,1878.27
2020.11.18 04:00,1878.30,1882.59,1876.57,1882.36
2020.11.18 08:00,1882.56,1884.74,1869.50,1871.76
2020.11.18 12:00,1871.76,1884.78,1864.67,1881.75
2020.11.18 16:00,1881.74,1882.76,1871.21,1874.19
2020.11.18 20:00,1874.07,1874.18,1868.97,1871.37
2020.11.19 00:00,1871.27,1872.77,1866.02,1867.92
2020.11.19 04:00,1867.92,1868.58,1858.37,1863.64
2020.11.19 08:00,1863.66,1865.52,1855.08,1862.46
2020.11.19 12:00,1862.50,1864.98,1852.67,1860.05
2020.11.19 16:00,1860.04,1867.58,1858.45,1865.34
2020.11.19 20:00,1865.23,1867.31,1860.82,1863.05
2020.11.20 00:00,1863.04,1867.60,1861.23,1864.83
2020.11.20 04:00,1864.85,1869.70,1860.87,1865.94
2020.11.20 08:00,1865.97,1869.33,1863.41,1866.00
2020.11.20 12:00,1866.00,1879.68,1863.93,1874.38
2020.11.20 16:00,1874.44,1875.23,1871.32,1873.60
2020.11.20 20:00,1873.67,1873.98,1872.03,1873.43
2020.11.22 20:00,1871.37,1872.07,1868.55,1872.03
2020.11.23 00:00,1871.86,1875.97,1870.44,1873.17
2020.11.23 04:00,1873.11,1875.97,1871.92,1874.69
2020.11.23 08:00,1874.81,1875.14,1863.45,1866.24
2020.11.23 12:00,1866.24,1869.08,1834.13,1834.70
2020.11.23 16:00,1834.60,1841.02,1830.96,1838.04
2020.11.23 20:00,1838.03,1840.40,1835.05,1835.59
2020.11.24 00:00,1835.83,1836.27,1821.32,1825.56
2020.11.24 04:00,1825.63,1832.92,1822.59,1827.58
2020.11.24 08:00,1827.98,1830.71,1805.90,1810.27
2020.11.24 12:00,1810.16,1815.88,1800.91,1805.54
2020.11.24 16:00,1805.40,1808.20,1802.83,1803.87
2020.11.24 20:00,1803.87,1810.90,1803.41,1809.08
2020.11.25 00:00,1809.13,1812.10,1803.26,1803.69
2020.11.25 04:00,1803.79,1811.03,1801.59,1810.07
2020.11.25 08:00,1809.96,1815.01,1806.45,1812.56
2020.11.25 12:00,1812.59,1817.68,1809.85,1810.49
2020.11.25 16:00,1810.55,1813.07,1804.39,1806.76
2020.11.25 20:00,1806.64,1809.65,1806.13,1808.25
2020.11.26 00:00,1808.35,1812.62,1807.21,1810.84
2020.11.26 04:00,1810.89,1818.16,1806.75,1814.96
2020.11.26 08:00,1815.10,1817.87,1811.03,1814.24
2020.11.26 12:00,1814.26,1815.20,1805.98,1809.73
2020.11.26 16:00,1809.84,1811.95,1807.84,1809.48
2020.11.26 20:00,1811.36,1811.61,1808.80,1809.12
2020.11.27 00:00,1809.05,1813.67,1807.27,1809.11
2020.11.27 04:00,1809.10,1811.03,1804.68,1809.86
2020.11.27 08:00,1810.00,1811.40,1805.32,1806.24
2020.11.27 12:00,1806.16,1807.85,1774.28,1782.03
2020.11.27 16:00,1781.95,1788.65,1781.74,1786.45
2020.11.29 20:00,1787.66,1789.69,1785.25,1786.68
2020.11.30 00:00,1786.71,1787.46,1764.53,1770.77
2020.11.30 04:00,1770.77,1783.70,1765.33,1781.09
2020.11.30 08:00,1781.66,1782.10,1764.59,1771.78
2020.11.30 12:00,1771.86,1778.56,1765.42,1773.04
2020.11.30 16:00,1773.09,1784.38,1771.40,1780.94
2020.11.30 20:00,1780.93,1781.26,1775.65,1778.62
2020.12.01 00:00,1778.67,1785.91,1776.75,1784.52
2020.12.01 04:00,1784.51,1791.84,1783.37,1791.06
2020.12.01 08:00,1790.79,1810.06,1789.30,1806.51
2020.12.01 12:00,1806.67,1815.12,1803.05,1810.29
2020.12.01 16:00,1810.32,1817.24,1807.41,1813.56
2020.12.01 20:00,1813.55,1815.05,1810.52,1811.20
2020.12.02 00:00,1811.20,1815.42,1808.77,1810.17
2020.12.02 04:00,1810.16,1816.77,1807.37,1815.58
2020.12.02 08:00,1815.65,1832.35,1813.82,1825.61
2020.12.02 12:00,1825.60,1826.91,1813.00,1826.45
2020.12.02 16:00,1826.50,1830.52,1824.81,1829.48
2020.12.02 20:00,1829.48,1831.79,1827.72,1830.54
2020.12.03 00:00,1830.50,1837.22,1826.10,1835.25
2020.12.03 04:00,1835.30,1842.60,1830.57,1842.33
2020.12.03 08:00,1842.30,1843.40,1834.75,1842.52
2020.12.03 12:00,1842.29,1843.82,1829.36,1831.02
2020.12.03 16:00,1831.05,1840.39,1823.70,1840.20
2020.12.03 20:00,1840.10,1842.14,1838.77,1839.76
2020.12.04 00:00,1839.76,1844.75,1837.93,1842.51
2020.12.04 04:00,1842.51,1844.18,1838.49,1839.88
2020.12.04 08:00,1839.58,1844.32,1837.76,1841.41
2020.12.04 12:00,1841.41,1848.09,1829.12,1832.13
2020.12.04 16:00,1832.06,1837.34,1830.55,1836.78
2020.12.04 20:00,1836.78,1837.52,1835.58,1836.28
2020.12.06 20:00,1837.88,1838.29,1833.12,1835.38
2020.12.07 00:00,1835.42,1839.63,1834.71,1837.65
2020.12.07 04:00,1837.72,1842.36,1836.73,1837.94
2020.12.07 08:00,1837.86,1838.79,1822.78,1830.42
2020.12.07 12:00,1830.45,1867.07,1829.08,1864.28
2020.12.07 16:00,1864.30,1868.49,1859.04,1859.50
2020.12.07 20:00,1859.50,1865.20,1858.00,1863.84
2020.12.08 00:00,1863.59,1870.19,1860.90,1869.48
2020.12.08 04:00,1869.48,1871.78,1864.66,1865.14
2020.12.08 08:00,1865.39,1867.10,1860.20,1861.36
2020.12.08 12:00,1861.43,1875.23,1861.33,1866.51
2020.12.08 16:00,1866.50,1873.28,1865.54,1870.26
2020.12.08 20:00,1870.26,1870.72,1869.08,1869.99
2020.12.09 00:00,1870.03,1870.48,1859.64,1860.96
2020.12.09 04:00,1860.76,1863.83,1855.60,1860.13
2020.12.09 08:00,1860.05,1866.08,1852.11,1853.65
2020.12.09 12:00,1853.77,1863.95,1837.30,1848.07
2020.12.09 16:00,1847.92,1851.09,1825.56,1833.27
2020.12.09 20:00,1833.27,1839.31,1832.65,1834.30
2020.12.10 00:00,1834.21,1842.32,1834.21,1838.04
2020.12.10 04:00,1838.04,1842.19,1834.15,1837.43
2020.12.10 08:00,1837.46,1838.52,1828.57,1835.03
2020.12.10 12:00,1834.99,1849.88,1832.56,1835.34
2020.12.10 16:00,1835.55,1838.02,1830.15,1835.49
2020.12.10 20:00,1835.49,1837.69,1834.30,1836.61
2020.12.11 00:00,1836.75,1840.57,1834.66,1837.14
2020.12.11 04:00,1837.11,1838.50,1832.64,1833.93
2020.12.11 08:00,1833.94,1839.49,1824.61,1832.93
2020.12.11 12:00,1832.93,1847.61,1830.65,1844.49
2020.12.11 16:00,1844.49,1846.60,1838.36,1838.78
2020.12.11 20:00,1838.70,1839.45,1837.77,1839.39
2020.12.13 20:00,1838.45,1838.92,1834.84,1837.95
2020.12.14 00:00,1837.70,1838.02,1834.24,1836.41
2020.12.14 04:00,1836.36,1836.61,1831.90,1833.13
2020.12.14 08:00,1832.87,1834.08,1819.53,1827.33
2020.12.14 12:00,1827.23,1838.91,1822.21,1826.30
2020.12.14 16:00,1826.29,1830.19,1822.28,1825.28
2020.12.14 20:00,1825.21,1829.19,1824.47,1827.36
2020.12.15 00:00,1827.31,1835.01,1825.40,1833.79
2020.12.15 04:00,1833.94,1843.59,1833.84,1842.62
2020.12.15 08:00,1842.62,1847.41,1839.81,1845.33
2020.12.15 12:00,1845.72,1855.32,1842.42,1848.25
2020.12.15 16:00,1848.25,1853.61,1844.68,1851.76
2020.12.15 20:00,1851.95,1854.62,1850.64,1852.23
2020.12.16 00:00,1852.39,1858.26,1850.88,1857.45
2020.12.16 04:00,1857.45,1858.26,1853.79,1854.16
2020.12.16 08:00,1854.12,1865.68,1853.10,1862.20
2020.12.16 12:00,1862.07,1862.18,1849.36,1857.20
2020.12.16 16:00,1857.29,1861.59,1844.81,1861.15
2020.12.16 20:00,1861.20,1865.45,1860.07,1864.36
2020.12.17 00:00,1864.31,1867.35,1861.98,1864.04
2020.12.17 04:00,1864.04,1874.73,1863.66,1874.72
2020.12.17 08:00,1874.73,1883.02,1872.14,1879.66
2020.12.17 12:00,1880.40,1896.06,1874.53,1890.97
2020.12.17 16:00,1890.96,1891.38,1882.55,1884.07
2020.12.17 20:00,1884.05,1885.53,1882.91,1883.53
2020.12.18 00:00,1883.49,1884.87,1878.42,1883.33
2020.12.18 04:00,1883.23,1886.66,1879.38,1880.76
2020.12.18 08:00,1880.74,1884.18,1877.36,1884.13
2020.12.18 12:00,1884.13,1889.51,1877.59,1885.89
2020.12.18 16:00,1885.98,1886.52,1878.78,1879.16
2020.12.18 20:00,1879.12,1881.10,1878.41,1880.91
2020.12.20 20:00,1881.55,1884.91,1881.06,1882.97
2020.12.21 00:00,1882.87,1899.34,1882.84,1895.18
2020.12.21 04:00,1895.18,1906.57,1892.88,1894.16
2020.12.21 08:00,1894.11,1898.96,1855.02,1878.32
2020.12.21 12:00,1878.45,1885.51,1870.82,1877.48
2020.12.21 16:00,1877.67,1882.88,1874.54,1878.02
2020.12.21 20:00,1878.00,1881.02,1874.00,1879.05
2020.12.22 00:00,1878.84,1884.18,1875.64,1880.17
2020.12.22 04:00,1880.17,1882.90,1866.68,1869.02
2020.12.22 08:00,1869.00,1874.95,1868.42,1872.33
2020.12.22 12:00,1872.33,1881.32,1861.03,1861.53
2020.12.22 16:00,1861.79,1868.09,1860.26,1864.61
2020.12.22 20:00,1864.68,1865.11,1858.89,1864.27
2020.12.23 00:00,1864.12,1867.46,1861.38,1864.64
2020.12.23 04:00,1864.64,1868.08,1863.02,1866.42
2020.12.23 08:00,1866.48,1872.26,1863.24,1864.81
2020.12.23 12:00,1864.79,1878.32,1857.56,1871.51
2020.12.23 16:00,1871.52,1875.17,1869.92,1871.47
2020.12.23 20:00,1871.56,1873.64,1869.73,1872.53
2020.12.24 00:00,1872.58,1879.91,1871.61,1876.20
2020.12.24 04:00,1876.20,1877.66,1874.12,1876.41
2020.12.24 08:00,1876.37,1880.48,1871.05,1876.24
2020.12.24 12:00,1876.28,1879.30,1869.61,1877.41
2020.12.24 16:00,1877.41,1881.51,1877.38,1879.56
2020.12.27 20:00,1883.84,1889.19,1883.43,1888.13
2020.12.28 00:00,1888.13,1900.11,1885.61,1895.08
2020.12.28 04:00,1895.08,1895.57,1877.49,1885.03
2020.12.28 08:00,1885.04,1886.39,1869.89,1872.70
2020.12.28 12:00,1872.40,1896.38,1872.03,1881.05
2020.12.28 16:00,1881.00,1882.48,1872.50,1876.05
2020.12.28 20:00,1876.06,1877.14,1872.54,1876.70
2020.12.29 00:00,1876.70,1881.91,1875.10,1879.52
2020.12.29 04:00,1879.57,1880.72,1875.41,1879.59
2020.12.29 08:00,1879.68,1883.39,1874.77,1877.14
2020.12.29 12:00,1877.19,1881.27,1871.72,1878.99
2020.12.29 16:00,1879.13,1886.34,1876.58,1878.57
2020.12.29 20:00,1878.57,1879.87,1876.90,1878.67
2020.12.30 00:00,1878.67,1885.10,1877.60,1884.20
2020.12.30 04:00,1884.10,1886.07,1878.30,1878.57
2020.12.30 08:00,1878.86,1881.08,1877.24,1878.36
2020.12.30 12:00,1878.38,1887.96,1876.11,1885.27
2020.12.30 16:00,1885.44,1891.94,1884.42,1889.69
2020.12.30 20:00,1889.80,1895.27,1889.50,1895.02
2020.12.31 00:00,1895.12,1899.63,1886.94,1888.97
2020.12.31 04:00,1888.95,1894.26,1885.34,1892.59
2020.12.31 08:00,1892.76,1895.93,1890.39,1893.96
2020.12.31 12:00,1893.97,1900.25,1891.70,1898.78
2020.12.31 16:00,1898.79,1900.27,1890.19,1896.81
2020.12.31 20:00,1896.81,1900.89,1896.27,1900.69
2021.01.03 20:00,1909.10,1914.80,1907.08,1913.06
2021.01.04 00:00,1913.04,1925.13,1909.95,1923.12
2021.01.04 04:00,1923.22,1925.48,1918.99,1924.71
2021.01.04 08:00,1924.88,1936.44,1924.55,1933.49
2021.01.04 12:00,1933.18,1944.34,1929.56,1942.96
2021.01.04 16:00,1942.94,1943.65,1932.58,1942.47
2021.01.04 20:00,1942.37,1945.45,1940.35,1941.65
2021.01.05 00:00,1941.65,1943.86,1934.27,1941.03
2021.01.05 04:00,1941.03,1943.89,1936.61,1939.61
2021.01.05 08:00,1939.58,1950.20,1939.41,1949.86
2021.01.05 12:00,1949.86,1952.52,1939.06,1943.51
2021.01.05 16:00,1943.48,1952.96,1942.75,1951.32
2021.01.05 20:00,1951.07,1953.11,1948.02,1950.17
2021.01.06 00:00,1950.17,1955.22,1942.00,1942.05
2021.01.06 04:00,1942.02,1949.34,1941.25,1947.78
2021.01.06 08:00,1947.78,1959.13,1945.57,1945.57
2021.01.06 12:00,1945.13,1948.49,1904.25,1909.71
2021.01.06 16:00,1909.71,1921.24,1900.86,1918.41
2021.01.06 20:00,1918.32,1924.38,1915.29,1924.11
2021.01.07 00:00,1923.80,1924.61,1914.66,1917.85
2021.01.07 04:00,1917.85,1927.59,1915.95,1920.69
2021.01.07 08:00,1920.64,1922.55,1908.94,1918.31
2021.01.07 12:00,1918.37,1919.72,1906.86,1913.65
2021.01.07 16:00,1913.62,1917.78,1909.12,1917.02
2021.01.07 20:00,1917.11,1918.01,1912.85,1916.46
2021.01.08 00:00,1916.39,1916.57,1908.53,1910.57
2021.01.08 04:00,1910.42,1911.59,1904.35,1904.78
2021.01.08 08:00,1904.74,1904.74,1879.64,1894.02
2021.01.08 12:00,1894.04,1894.44,1849.85,1862.79
2021.01.08 16:00,1862.81,1865.51,1828.93,1846.41
2021.01.08 20:00,1846.45,1849.23,1844.31,1847.57
2021.01.10 20:00,1846.17,1856.53,1841.48,1844.62
2021.01.11 00:00,1844.58,1849.28,1818.05,1830.78
2021.01.11 04:00,1830.79,1850.15,1827.08,1846.07
2021.01.11 08:00,1846.07,1855.30,1846.06,1849.34
2021.01.11 12:00,1849.39,1850.37,1829.09,1848.87
2021.01.11 16:00,1848.87,1851.61,1844.54,1846.80
2021.01.11 20:00,1846.94,1848.43,1844.48,1847.15
2021.01.12 00:00,1847.17,1851.86,1841.18,1849.73
2021.01.12 04:00,1849.63,1861.67,1848.65,1859.42
2021.01.12 08:00,1859.28,1863.72,1853.78,1860.08
2021.01.12 12:00,1860.44,1861.42,1837.45,1841.73
2021.01.12 16:00,1841.72,1857.21,1837.62,1854.20
2021.01.12 20:00,1854.20,1858.77,1852.41,1858.59
2021.01.13 00:00,1858.76,1862.83,1854.44,1859.19
2021.01.13 04:00,1859.14,1862.66,1857.07,1857.49
2021.01.13 08:00,1857.08,1858.03,1849.39,1852.61
2021.01.13 12:00,1852.50,1861.09,1849.92,1857.97
2021.01.13 16:00,1857.97,1859.71,1852.72,1853.47
2021.01.13 20:00,1853.42,1854.10,1845.69,1848.26
2021.01.14 00:00,1848.16,1852.13,1832.08,1839.08
2021.01.14 04:00,1839.13,1846.81,1836.08,1842.17
2021.01.14 08:00,1841.66,1845.14,1836.69,1842.26
2021.01.14 12:00,1842.26,1851.84,1837.50,1847.75
2021.01.14 16:00,1847.71,1857.34,1843.71,1844.24
2021.01.14 20:00,1844.24,1848.55,1844.23,1846.85
2021.01.15 00:00,1846.75,1855.56,1846.75,1851.90
2021.01.15 04:00,1851.72,1853.91,1846.68,1852.13
2021.01.15 08:00,1852.39,1856.58,1848.04,1848.94
2021.01.15 12:00,1848.95,1850.43,1824.77,1829.33
2021.01.15 16:00,1829.41,1833.22,1823.35,1828.45
2021.01.15 20:00,1828.45,1828.70,1825.28,1825.88
2021.01.17 20:00,1828.46,1829.22,1810.42,1810.44
2021.01.18 00:00,1810.63,1831.23,1810.33,1828.13
2021.01.18 04:00,1828.14,1840.70,1826.81,1834.78
2021.01.18 08:00,1834.59,1838.33,1829.92,1833.73
2021.01.18 12:00,1833.64,1837.86,1829.60,1836.86
2021.01.18 16:00,1836.74,1839.25,1835.79,1837.70
2021.01.18 20:00,1838.66,1839.14,1835.93,1837.17
2021.01.19 00:00,1837.11,1843.55,1836.23,1837.28
2021.01.19 04:00,1837.33,1841.54,1836.16,1837.76
2021.01.19 08:00,1838.14,1845.44,1837.93,1842.76
2021.01.19 12:00,1842.77,1843.31,1833.01,1839.29
2021.01.19 16:00,1839.29,1843.41,1837.06,1839.25
2021.01.19 20:00,1839.16,1841.64,1838.48,1840.93
2021.01.20 00:00,1840.71,1850.36,1839.42,1848.66
2021.01.20 04:00,1848.66,1856.37,1848.20,1855.92
2021.01.20 08:00,1855.93,1857.30,1848.53,1848.53
2021.01.20 12:00,1848.57,1870.31,1832.69,1866.84
2021.01.20 16:00,1866.81,1869.29,1862.11,1868.09
2021.01.20 20:00,1868.09,1871.98,1867.52,1869.82
2021.01.21 00:00,1869.82,1872.56,1866.91,1872.27
2021.01.21 04:00,1872.26,1875.00,1866.18,1867.44
2021.01.21 08:00,1867.38,1873.50,1866.56,1871.17
2021.01.21 12:00,1871.18,1872.38,1858.32,1864.02
2021.01.21 16:00,1864.02,1869.65,1862.04,1869.29
2021.01.21 20:00,1869.29,1871.41,1867.89,1869.54
2021.01.22 00:00,1869.55,1869.96,1859.94,1861.57
2021.01.22 04:00,1861.65,1864.10,1857.25,1861.03
2021.01.22 08:00,1861.03,1863.84,1845.80,1849.51
2021.01.22 12:00,1849.50,1857.07,1837.38,1855.94
2021.01.22 16:00,1855.99,1858.33,1852.50,1855.64
2021.01.22 20:00,1855.70,1856.58,1854.00,1854.01
2021.01.24 20:00,1856.09,1859.29,1856.09,1856.88
2021.01.25 00:00,1856.88,1859.92,1852.79,1853.80
2021.01.25 04:00,1853.80,1856.53,1849.87,1853.68
2021.01.25 08:00,1853.52,1865.92,1850.10,1863.05
2021.01.25 12:00,1862.98,1867.82,1849.82,1852.05
2021.01.25 16:00,1851.85,1859.13,1847.21,1855.06
2021.01.25 20:00,1854.96,1856.86,1853.52,1855.38
2021.01.26 00:00,1855.35,1861.31,1853.18,1860.28
2021.01.26 04:00,1860.18,1861.63,1850.03,1850.95
2021.01.26 08:00,1850.97,1857.18,1848.51,1852.79
2021.01.26 12:00,1852.78,1860.02,1849.90,1852.72
2021.01.26 16:00,1852.72,1855.10,1849.48,1851.62
2021.01.26 20:00,1851.62,1852.93,1849.71,1851.25
2021.01.27 00:00,1851.30,1851.30,1843.28,1845.44
2021.01.27 04:00,1845.49,1851.24,1845.42,1850.93
2021.01.27 08:00,1850.91,1853.04,1838.35,1841.41
2021.01.27 12:00,1841.24,1849.36,1831.41,1849.03
2021.01.27 16:00,1848.92,1850.58,1840.64,1841.43
2021.01.27 20:00,1841.62,1845.16,1838.97,1839.94
2021.01.28 00:00,1839.93,1840.49,1833.96,1837.86
2021.01.28 04:00,1837.87,1839.21,1834.08,1836.17
2021.01.28 08:00,1836.19,1843.55,1834.60,1840.59
2021.01.28 12:00,1840.61,1863.97,1837.63,1857.51
2021.01.28 16:00,1857.47,1859.74,1834.99,1843.77
2021.01.28 20:00,1843.71,1844.81,1840.88,1843.72
2021.01.29 00:00,1843.74,1845.27,1839.55,1842.01
2021.01.29 04:00,1841.92,1851.66,1840.95,1845.64
2021.01.29 08:00,1845.79,1863.18,1842.27,1862.11
2021.01.29 12:00,1862.28,1875.62,1852.59,1858.37
2021.01.29 16:00,1858.43,1860.53,1847.84,1849.85
2021.01.29 20:00,1849.86,1851.28,1842.78,1843.55
2021.01.31 20:00,1864.31,1866.76,1851.92,1855.82
2021.02.01 00:00,1855.76,1863.79,1849.17,1860.93
2021.02.01 04:00,1860.93,1867.17,1856.98,1861.46
2021.02.01 08:00,1861.41,1871.60,1856.39,1864.18
2021.02.01 12:00,1864.22,1869.45,1856.71,1860.18
2021.02.01 16:00,1860.11,1866.63,1857.78,1859.50
2021.02.01 20:00,1859.45,1862.48,1856.94,1857.50
2021.02.02 00:00,1857.62,1864.03,1854.04,1857.06
2021.02.02 04:00,1857.07,1857.44,1845.71,1848.39
2021.02.02 08:00,1848.26,1853.45,1841.82,1842.32
2021.02.02 12:00,1842.19,1847.25,1829.63,1832.99
2021.02.02 16:00,1833.06,1839.72,1831.65,1836.76
2021.02.02 20:00,1836.70,1839.20,1834.56,1836.40
2021.02.03 00:00,1836.44,1844.85,1836.44,1841.51
2021.02.03 04:00,1841.42,1842.82,1834.75,1837.05
2021.02.03 08:00,1837.11,1837.48,1832.56,1834.88
2021.02.03 12:00,1834.53,1842.11,1830.56,1833.60
2021.02.03 16:00,1833.62,1837.92,1832.55,1833.13
2021.02.03 20:00,1833.23,1834.69,1831.92,1834.18
2021.02.04 00:00,1834.16,1834.59,1821.06,1822.99
2021.02.04 04:00,1823.03,1827.15,1815.94,1825.21
2021.02.04 08:00,1824.99,1826.45,1810.31,1812.67
2021.02.04 12:00,1812.89,1819.49,1785.07,1786.57
2021.02.04 16:00,1786.59,1795.84,1785.86,1794.91
2021.02.04 20:00,1795.01,1795.91,1793.36,1795.80
2021.02.05 00:00,1795.55,1797.80,1791.98,1795.01
2021.02.05 04:00,1795.12,1800.13,1793.99,1798.61
2021.02.05 08:00,1798.69,1811.28,1798.17,1802.78
2021.02.05 12:00,1802.84,1808.62,1793.44,1805.74
2021.02.05 16:00,1805.84,1815.12,1805.84,1809.94
2021.02.05 20:00,1809.95,1812.46,1809.48,1811.04
2021.02.07 20:00,1814.81,1818.70,1814.79,1818.01
2021.02.08 00:00,1817.99,1818.83,1808.36,1810.71
2021.02.08 04:00,1810.72,1817.83,1810.30,1814.96
2021.02.08 08:00,1814.88,1823.12,1807.77,1820.75
2021.02.08 12:00,1820.76,1839.14,1818.47,1836.62
2021.02.08 16:00,1836.69,1838.31,1830.32,1832.13
2021.02.08 20:00,1832.10,1834.69,1828.80,1830.53
2021.02.09 00:00,1830.62,1842.41,1829.95,1839.57
2021.02.09 04:00,1839.55,1843.64,1838.10,1842.93
2021.02.09 08:00,1842.85,1848.55,1838.55,1843.59
2021.02.09 12:00,1843.66,1847.48,1832.11,1839.31
2021.02.09 16:00,1839.39,1839.86,1834.35,1837.48
2021.02.09 20:00,1837.48,1839.46,1834.92,1836.14
2021.02.10 00:00,1836.15,1845.20,1834.03,1843.24
2021.02.10 04:00,1843.23,1846.93,1840.92,1845.81
2021.02.10 08:00,1845.77,1846.29,1839.06,1840.87
2021.02.10 12:00,1840.89,1855.34,1835.79,1841.06
2021.02.10 16:00,1841.12,1846.24,1834.93,1843.24
2021.02.10 20:00,1843.01,1844.27,1840.78,1842.01
2021.02.11 00:00,1841.99,1842.11,1834.98,1837.53
2021.02.11 04:00,1837.52,1843.89,1835.15,1843.09
2021.02.11 08:00,1843.06,1845.86,1839.50,1841.79
2021.02.11 12:00,1841.77,1847.53,1837.65,1838.60
2021.02.11 16:00,1838.56,1839.35,1821.14,1824.37
2021.02.11 20:00,1824.41,1827.22,1823.42,1826.70
2021.02.12 00:00,1826.68,1827.85,1819.42,1821.91
2021.02.12 04:00,1821.93,1824.26,1816.44,1817.43
2021.02.12 08:00,1817.39,1821.79,1812.51,1818.70
2021.02.12 12:00,1818.73,1830.61,1810.51,1828.15
2021.02.12 16:00,1828.24,1829.37,1818.35,1819.22
2021.02.12 20:00,1819.17,1821.18,1817.33,1821.14
2021.02.14 20:00,1824.44,1826.10,1820.07,1820.88
2021.02.15 00:00,1820.98,1826.94,1819.96,1826.10
2021.02.15 04:00,1826.14,1826.46,1816.47,1817.04
2021.02.15 08:00,1817.07,1821.48,1816.01,1820.47
2021.02.15 12:00,1820.36,1824.15,1816.07,1818.03
2021.02.15 16:00,1817.97,1820.79,1816.98,1818.66
2021.02.15 20:00,1819.00,1819.51,1817.47,1818.67
2021.02.16 00:00,1818.67,1826.38,1818.02,1826.28
2021.02.16 04:00,1826.30,1826.36,1818.87,1820.59
2021.02.16 08:00,1820.59,1825.58,1815.40,1816.07
2021.02.16 12:00,1815.86,1818.79,1789.46,1813.65
2021.02.16 16:00,1813.65,1814.04,1793.22,1795.22
2021.02.16 20:00,1795.23,1796.21,1786.86,1788.20
2021.02.17 00:00,1788.38,1795.09,1786.59,1793.40
2021.02.17 04:00,1793.26,1793.89,1788.39,1789.94
2021.02.17 08:00,1789.86,1791.06,1783.66,1790.76
2021.02.17 12:00,1790.76,1793.39,1770.90,1773.62
2021.02.17 16:00,1773.66,1780.09,1769.66,1772.11
2021.02.17 20:00,1771.85,1778.57,1771.76,1778.09
2021.02.18 00:00,1777.94,1785.74,1776.97,1783.25
2021.02.18 04:00,1783.25,1784.51,1779.66,1782.04
2021.02.18 08:00,1782.04,1788.94,1778.96,1784.11
2021.02.18 12:00,1784.11,1789.37,1768.36,1777.30
2021.02.18 16:00,1778.29,1780.08,1772.84,1775.31
2021.02.18 20:00,1775.31,1777.15,1770.01,1771.63
2021.02.19 00:00,1771.26,1772.98,1760.59,1767.92
2021.02.19 04:00,1767.90,1777.52,1765.05,1773.90
2021.02.19 08:00,1773.88,1775.28,1767.83,1768.84
2021.02.19 12:00,1768.84,1791.51,1768.74,1785.88
2021.02.19 16:00,1785.88,1787.86,1777.33,1780.27
2021.02.19 20:00,1780.28,1782.63,1779.53,1781.73
2021.02.21 20:00,1782.05,1788.08,1781.26,1783.32
2021.02.22 00:00,1783.54,1789.62,1780.62,1783.73
2021.02.22 04:00,1783.70,1794.95,1783.52,1794.55
2021.02.22 08:00,1794.53,1799.18,1790.21,1795.17
2021.02.22 12:00,1795.02,1810.07,1793.41,1808.95
2021.02.22 16:00,1808.93,1812.58,1806.52,1808.06
2021.02.22 20:00,1808.03,1811.51,1806.20,1810.42
2021.02.23 00:00,1810.38,1815.85,1806.18,1813.08
2021.02.23 04:00,1813.05,1814.57,1808.21,1808.56
2021.02.23 08:00,1808.61,1811.45,1803.66,1809.13
2021.02.23 12:00,1809.07,1812.75,1795.68,1806.85
2021.02.23 16:00,1806.78,1809.34,1801.71,1803.66
2021.02.23 20:00,1803.66,1807.76,1803.66,1805.75
2021.02.24 00:00,1805.78,1813.84,1805.09,1808.81
2021.02.24 04:00,1808.86,1810.06,1804.45,1805.91
2021.02.24 08:00,1805.95,1810.05,1803.16,1808.50
2021.02.24 12:00,1808.62,1810.15,1783.59,1794.98
2021.02.24 16:00,1795.03,1804.34,1790.67,1797.15
2021.02.24 20:00,1797.22,1804.31,1797.18,1803.04
2021.02.25 00:00,1802.97,1804.15,1793.89,1796.64
2021.02.25 04:00,1796.67,1801.14,1790.56,1794.53
2021.02.25 08:00,1794.48,1795.17,1781.77,1786.37
2021.02.25 12:00,1786.55,1790.57,1769.80,1775.60
2021.02.25 16:00,1775.67,1783.02,1765.71,1773.24
2021.02.25 20:00,1772.61,1773.80,1769.24,1769.79
2021.02.26 00:00,1769.83,1775.69,1765.45,1772.76
2021.02.26 04:00,1772.79,1773.30,1755.33,1759.43
2021.02.26 08:00,1759.38,1770.01,1757.59,1760.01
2021.02.26 12:00,1759.84,1766.91,1724.63,1729.91
2021.02.26 16:00,1729.81,1732.32,1717.26,1727.32
2021.02.26 20:00,1727.12,1732.08,1726.84,1728.75
2021.02.28 20:00,1734.48,1739.79,1734.26,1739.13
2021.03.01 00:00,1739.13,1751.59,1737.24,1751.02
2021.03.01 04:00,1751.02,1759.72,1747.67,1753.55
2021.03.01 08:00,1753.41,1754.83,1741.82,1743.47
2021.03.01 12:00,1743.45,1747.50,1730.83,1738.80
2021.03.01 16:00,1738.78,1742.51,1720.42,1724.49
2021.03.01 20:00,1724.46,1725.26,1719.60,1724.81
2021.03.02 00:00,1724.89,1728.39,1707.25,1713.33
2021.03.02 04:00,1713.29,1724.22,1710.78,1717.82
2021.03.02 08:00,1717.97,1733.23,1715.43,1727.27
2021.03.02 12:00,1727.24,1736.27,1720.33,1725.29
2021.03.02 16:00,1725.31,1738.44,1724.03,1734.69
2021.03.02 20:00,1734.69,1740.40,1732.84,1736.47
2021.03.03 00:00,1736.47,1737.42,1729.93,1734.74
2021.03.03 04:00,1734.74,1735.88,1730.45,1733.35
2021.03.03 08:00,1733.35,1733.58,1721.47,1724.10
2021.03.03 12:00,1724.10,1726.69,1701.93,1715.94
2021.03.03 16:00,1715.93,1725.09,1712.00,1716.60
2021.03.03 20:00,1715.91,1717.09,1708.12,1710.43
2021.03.04 00:00,1710.42,1716.64,1708.76,1709.60
2021.03.04 04:00,1709.52,1721.18,1706.61,1717.89
2021.03.04 08:00,1717.58,1718.92,1706.22,1715.69
2021.03.04 12:00,1715.69,1723.11,1709.45,1718.72
2021.03.04 16:00,1718.66,1722.23,1690.66,1699.05
2021.03.04 20:00,1699.07,1699.26,1693.22,1694.24
2021.03.05 00:00,1694.25,1695.67,1687.33,1694.36
2021.03.05 04:00,1694.37,1700.36,1691.61,1696.61
2021.03.05 08:00,1696.61,1698.80,1690.97,1694.85
2021.03.05 12:00,1694.80,1707.66,1687.29,1696.95
2021.03.05 16:00,1697.12,1705.18,1694.35,1699.06
2021.03.05 20:00,1698.99,1700.46,1697.56,1698.80
2021.03.07 20:00,1705.02,1713.90,1704.09,1707.73
2021.03.08 00:00,1707.44,1714.18,1704.98,1705.59
2021.03.08 04:00,1705.65,1709.45,1697.03,1699.17
2021.03.08 08:00,1699.17,1700.61,1685.75,1685.75
2021.03.08 12:00,1685.74,1696.47,1679.38,1681.70
2021.03.08 16:00,1681.67,1685.12,1676.82,1685.09
2021.03.08 20:00,1685.08,1685.56,1680.47,1684.63
2021.03.09 00:00,1684.60,1691.50,1680.15,1689.31
2021.03.09 04:00,1689.28,1698.38,1687.14,1697.36
2021.03.09 08:00,1697.34,1711.55,1694.91,1708.94
2021.03.09 12:00,1708.96,1720.55,1702.55,1713.09
2021.03.09 16:00,1713.15,1719.64,1712.50,1716.97
2021.03.09 20:00,1717.05,1718.12,1714.00,1715.83
2021.03.10 00:00,1715.75,1719.49,1710.81,1712.54
2021.03.10 04:00,1712.61,1716.59,1709.58,1715.34
2021.03.10 08:00,1715.24,1715.47,1708.19,1711.93
2021.03.10 12:00,1711.78,1723.66,1710.54,1719.06
2021.03.10 16:00,1719.07,1726.00,1714.50,1723.94
2021.03.10 20:00,1723.92,1727.14,1723.40,1726.65
2021.03.11 00:00,1726.67,1734.57,1723.17,1731.78
2021.03.11 04:00,1731.78,1737.90,1730.76,1736.73
2021.03.11 08:00,1736.43,1739.78,1731.42,1733.34
2021.03.11 12:00,1733.29,1737.07,1719.24,1725.28
2021.03.11 16:00,1725.42,1728.26,1721.02,1724.70
2021.03.11 20:00,1724.68,1724.70,1721.25,1722.64
2021.03.12 00:00,1722.63,1727.94,1716.86,1718.33
2021.03.12 04:00,1718.33,1719.70,1707.53,1710.44
2021.03.12 08:00,1710.12,1711.25,1699.21,1703.23
2021.03.12 12:00,1703.22,1708.71,1699.47,1707.18
2021.03.12 16:00,1707.07,1725.27,1706.11,1722.57
2021.03.12 20:00,1722.39,1724.65,1721.30,1723.83
2021.03.14 20:00,1727.88,1728.06,1724.18,1725.28
2021.03.15 00:00,1725.22,1733.97,1724.85,1727.77
2021.03.15 04:00,1727.77,1727.87,1721.59,1722.64
2021.03.15 08:00,1722.66,1732.54,1722.66,1729.69
2021.03.15 12:00,1729.88,1734.48,1722.81,1727.14
2021.03.15 16:00,1727.10,1732.03,1726.70,1730.85
2021.03.15 20:00,1730.90,1732.07,1730.23,1730.67
2021.03.16 00:00,1730.67,1734.10,1729.58,1733.56
2021.03.16 04:00,1733.56,1737.19,1726.15,1730.14
2021.03.16 08:00,1730.11,1735.58,1728.82,1731.31
2021.03.16 12:00,1731.30,1741.13,1726.69,1728.88
2021.03.16 16:00,1728.86,1733.20,1727.83,1732.52
2021.03.16 20:00,1732.56,1732.57,1730.83,1731.64
2021.03.17 00:00,1731.57,1736.01,1729.60,1735.87
2021.03.17 04:00,1735.87,1737.96,1734.17,1735.26
2021.03.17 08:00,1735.34,1737.08,1727.88,1729.38
2021.03.17 12:00,1729.29,1734.62,1724.22,1727.23
2021.03.17 16:00,1727.09,1751.55,1725.79,1745.24
2021.03.17 20:00,1745.11,1749.21,1743.71,1748.41
2021.03.18 00:00,1748.37,1755.45,1747.56,1748.93
2021.03.18 04:00,1748.93,1752.81,1735.54,1739.53
2021.03.18 08:00,1739.53,1740.81,1727.72,1731.27
2021.03.18 12:00,1731.16,1733.49,1719.26,1730.48
2021.03.18 16:00,1730.51,1737.21,1730.06,1734.76
2021.03.18 20:00,1734.90,1736.66,1732.32,1735.19
2021.03.19 00:00,1735.12,1735.75,1728.47,1731.64
2021.03.19 04:00,1731.63,1745.33,1729.97,1741.67
2021.03.19 08:00,1741.67,1744.56,1734.92,1740.60
2021.03.19 12:00,1740.58,1743.69,1733.21,1740.01
2021.03.19 16:00,1740.00,1744.18,1738.41,1742.55
2021.03.19 20:00,1742.55,1746.70,1741.65,1744.89
2021.03.21 20:00,1738.05,1740.79,1737.94,1738.18
2021.03.22 00:00,1738.14,1741.26,1732.50,1740.65
2021.03.22 04:00,1740.65,1743.07,1727.30,1729.28
2021.03.22 08:00,1729.25,1739.04,1728.05,1736.24
2021.03.22 12:00,1736.22,1738.65,1730.52,1738.23
2021.03.22 16:00,1738.23,1741.03,1737.45,1739.47
2021.03.22 20:00,1739.48,1739.81,1738.06,1739.28
2021.03.23 00:00,1739.28,1740.46,1730.99,1735.65
2021.03.23 04:00,1735.65,1739.92,1735.18,1737.61
2021.03.23 08:00,1737.61,1742.54,1736.19,1739.00
2021.03.23 12:00,1738.96,1740.99,1724.95,1730.24
2021.03.23 16:00,1730.24,1730.24,1724.61,1727.09
2021.03.23 20:00,1727.20,1728.13,1726.17,1727.09
2021.03.24 00:00,1727.09,1734.44,1723.72,1731.71
2021.03.24 04:00,1731.70,1733.81,1727.14,1728.84
2021.03.24 08:00,1728.84,1735.90,1728.03,1730.16
2021.03.24 12:00,1730.16,1733.99,1728.31,1733.68
2021.03.24 16:00,1733.71,1738.38,1731.88,1733.04
2021.03.24 20:00,1733.00,1735.08,1732.99,1734.53
2021.03.25 00:00,1734.57,1739.13,1731.89,1735.26
2021.03.25 04:00,1735.26,1737.79,1730.69,1733.06
2021.03.25 08:00,1733.06,1734.05,1727.64,1728.39
2021.03.25 12:00,1728.39,1745.46,1724.87,1730.82
2021.03.25 16:00,1730.82,1732.51,1721.73,1726.79
2021.03.25 20:00,1726.72,1728.15,1726.33,1727.27
2021.03.26 00:00,1727.27,1729.79,1723.18,1724.87
2021.03.26 04:00,1724.87,1729.61,1723.82,1727.43
2021.03.26 08:00,1727.41,1732.01,1721.57,1725.08
2021.03.26 12:00,1725.08,1736.67,1723.95,1733.91
2021.03.26 16:00,1733.96,1734.56,1730.17,1731.75
2021.03.26 20:00,1731.75,1732.86,1731.52,1732.21
2021.03.28 20:00,1731.13,1731.79,1730.58,1731.06
2021.03.29 00:00,1731.06,1732.84,1726.31,1729.36
2021.03.29 04:00,1729.36,1729.76,1724.92,1726.27
2021.03.29 08:00,1726.27,1728.20,1723.75,1726.12
2021.03.29 12:00,1726.12,1727.97,1705.70,1711.67
2021.03.29 16:00,1711.67,1715.82,1709.72,1711.42
2021.03.29 20:00,1711.42,1712.65,1710.32,1711.93
2021.03.30 00:00,1711.97,1714.34,1704.65,1707.35
2021.03.30 04:00,1707.35,1708.49,1695.40,1697.33
2021.03.30 08:00,1697.33,1700.90,1686.17,1688.36
2021.03.30 12:00,1688.35,1690.46,1677.39,1686.89
2021.03.30 16:00,1686.89,1687.14,1681.55,1682.05
2021.03.30 20:00,1682.08,1685.50,1682.08,1685.46
2021.03.31 00:00,1685.50,1686.38,1677.83,1679.42
2021.03.31 04:00,1679.42,1688.74,1678.54,1684.10
2021.03.31 08:00,1684.10,1689.12,1682.60,1684.77
2021.03.31 12:00,1684.79,1708.63,1682.19,1708.10
2021.03.31 16:00,1708.11,1715.25,1706.44,1707.80
2021.03.31 20:00,1707.85,1709.06,1705.87,1707.44
2021.04.01 00:00,1707.40,1714.08,1705.70,1712.77
2021.04.01 04:00,1712.73,1719.82,1710.08,1718.44
2021.04.01 08:00,1718.39,1719.62,1710.36,1716.69
2021.04.01 12:00,1716.81,1730.02,1715.50,1728.33
2021.04.01 16:00,1728.30,1730.05,1725.19,1729.08
2021.04.01 20:00,1729.06,1730.51,1728.02,1729.99
2021.04.04 20:00,1728.25,1729.47,1726.90,1728.01
2021.04.05 00:00,1728.00,1729.82,1724.30,1724.90
2021.04.05 04:00,1724.90,1727.95,1721.23,1726.54
2021.04.05 08:00,1726.54,1728.44,1723.24,1724.88
2021.04.05 12:00,1724.88,1733.51,1721.84,1730.37
2021.04.05 16:00,1730.37,1730.64,1724.96,1728.04
2021.04.05 20:00,1728.09,1729.58,1727.28,1729.34
2021.04.06 00:00,1729.34,1735.41,1727.52,1733.47
2021.04.06 04:00,1733.47,1738.58,1727.73,1733.42
2021.04.06 08:00,1733.45,1736.99,1729.47,1736.25
2021.04.06 12:00,1736.25,1745.39,1734.09,1745.17
2021.04.06 16:00,1745.17,1745.35,1739.94,1742.50
2021.04.06 20:00,1742.49,1744.12,1742.13,1743.21
2021.04.07 00:00,1743.21,1743.31,1735.80,1738.19
2021.04.07 04:00,1738.19,1742.30,1736.20,1740.96
2021.04.07 08:00,1740.96,1741.16,1733.75,1734.52
2021.04.07 12:00,1734.52,1743.13,1730.64,1741.35
2021.04.07 16:00,1741.35,1742.47,1735.52,1737.31
2021.04.07 20:00,1737.33,1738.05,1735.28,1736.79
2021.04.08 00:00,1736.77,1739.75,1733.11,1738.60
2021.04.08 04:00,1738.60,1747.58,1738.60,1745.15
2021.04.08 08:00,1745.16,1751.19,1741.49,1749.71
2021.04.08 12:00,1749.71,1758.63,1746.29,1755.66
2021.04.08 16:00,1755.66,1757.61,1754.15,1755.81
2021.04.08 20:00,1755.81,1757.65,1753.95,1754.11
2021.04.09 00:00,1754.11,1757.28,1751.37,1753.11
2021.04.09 04:00,1753.12,1753.54,1744.00,1747.49
2021.04.09 08:00,1747.48,1748.87,1743.43,1744.75
2021.04.09 12:00,1744.77,1746.76,1731.19,1744.71
2021.04.09 16:00,1744.71,1746.30,1741.35,1742.96
2021.04.09 20:00,1742.96,1744.02,1742.46,1743.80
2021.04.11 20:00,1741.51,1742.52,1740.42,1741.64
2021.04.12 00:00,1741.50,1743.38,1736.69,1738.61
2021.04.12 04:00,1738.62,1742.07,1735.15,1739.08
2021.04.12 08:00,1739.08,1744.12,1737.06,1742.34
2021.04.12 12:00,1742.34,1744.94,1730.45,1732.11
2021.04.12 16:00,1732.12,1733.87,1727.39,1732.47
2021.04.12 20:00,1732.47,1733.17,1731.71,1731.91
2021.04.13 00:00,1731.90,1736.39,1728.00,1731.71
2021.04.13 04:00,1731.70,1732.14,1723.65,1727.59
2021.04.13 08:00,1727.59,1730.21,1724.56,1729.07
2021.04.13 12:00,1729.06,1748.96,1728.53,1743.74
2021.04.13 16:00,1743.74,1747.58,1741.72,1744.87
2021.04.13 20:00,1744.85,1746.89,1744.49,1746.60
2021.04.14 00:00,1746.58,1749.32,1743.50,1743.87
2021.04.14 04:00,1743.87,1748.62,1740.75,1744.69
2021.04.14 08:00,1744.69,1748.13,1741.64,1744.72
2021.04.14 12:00,1744.72,1747.04,1732.55,1736.54
2021.04.14 16:00,1736.53,1737.83,1733.99,1736.90
2021.04.14 20:00,1736.90,1736.97,1735.27,1736.60
2021.04.15 00:00,1736.61,1740.42,1734.30,1738.43
2021.04.15 04:00,1738.42,1747.82,1737.78,1745.54
2021.04.15 08:00,1745.56,1749.15,1744.25,1744.69
2021.04.15 12:00,1744.69,1769.60,1744.69,1766.50
2021.04.15 16:00,1766.49,1769.22,1763.68,1764.85
2021.04.15 20:00,1764.85,1765.01,1762.91,1763.84
2021.04.16 00:00,1763.86,1766.06,1759.68,1763.14
2021.04.16 04:00,1763.14,1766.16,1761.48,1764.17
2021.04.16 08:00,1764.17,1779.32,1762.66,1778.62
2021.04.16 12:00,1778.59,1783.75,1771.94,1778.81
2021.04.16 16:00,1778.81,1780.28,1774.40,1775.88
2021.04.16 20:00,1775.90,1777.06,1774.77,1776.33
2021.04.18 20:00,1775.28,1778.08,1774.74,1776.71
2021.04.19 00:00,1776.71,1783.54,1773.09,1777.30
2021.04.19 04:00,1777.30,1787.14,1775.28,1786.94
2021.04.19 08:00,1786.97,1790.03,1778.60,1782.08
2021.04.19 12:00,1782.08,1782.25,1766.70,1772.19
2021.04.19 16:00,1772.19,1772.80,1768.93,1770.89
2021.04.19 20:00,1770.89,1772.48,1769.88,1772.08
2021.04.20 00:00,1772.09,1775.68,1765.57,1773.24
2021.04.20 04:00,1773.24,1774.27,1767.18,1771.83
2021.04.20 08:00,1771.83,1775.56,1763.56,1773.22
2021.04.20 12:00,1773.21,1780.13,1766.02,1778.68
2021.04.20 16:00,1778.68,1780.37,1776.87,1777.29
2021.04.20 20:00,1777.34,1779.18,1776.22,1776.83
2021.04.21 00:00,1776.84,1784.65,1776.50,1782.01
2021.04.21 04:00,1782.01,1788.36,1780.30,1782.00
2021.04.21 08:00,1782.00,1784.22,1777.71,1782.85
2021.04.21 12:00,1782.85,1797.61,1781.78,1792.90
2021.04.21 16:00,1792.90,1795.20,1789.91,1794.46
2021.04.21 20:00,1794.46,1795.06,1793.46,1793.53
2021.04.22 00:00,1793.57,1797.82,1792.45,1793.36
2021.04.22 04:00,1793.37,1794.71,1788.22,1791.35
2021.04.22 08:00,1791.35,1792.21,1783.66,1786.17
2021.04.22 12:00,1786.17,1788.24,1779.23,1780.80
2021.04.22 16:00,1780.82,1783.93,1777.37,1783.56
2021.04.22 20:00,1783.55,1785.60,1782.97,1783.12
2021.04.23 00:00,1783.12,1789.71,1782.87,1786.01
2021.04.23 04:00,1786.01,1787.03,1781.59,1782.98
2021.04.23 08:00,1782.98,1791.71,1781.84,1791.05
2021.04.23 12:00,1791.05,1795.91,1769.98,1776.40
2021.04.23 16:00,1776.39,1779.28,1775.43,1776.34
2021.04.23 20:00,1776.35,1777.01,1775.80,1776.97
2021.04.25 20:00,1774.61,1775.60,1773.83,1774.83
2021.04.26 00:00,1774.83,1782.87,1774.80,1781.06
2021.04.26 04:00,1781.06,1783.48,1774.90,1778.57
2021.04.26 08:00,1778.57,1782.19,1774.84,1776.51
2021.04.26 12:00,1776.49,1780.21,1768.76,1778.87
2021.04.26 16:00,1778.86,1781.24,1777.81,1780.90
2021.04.26 20:00,1780.91,1782.40,1779.97,1780.01
2021.04.27 00:00,1780.02,1784.05,1773.68,1779.78
2021.04.27 04:00,1779.78,1783.38,1777.77,1778.17
2021.04.27 08:00,1778.17,1783.15,1775.97,1782.48
2021.04.27 12:00,1782.48,1785.52,1777.62,1778.09
2021.04.27 16:00,1778.09,1779.83,1775.40,1776.56
2021.04.27 20:00,1776.55,1777.07,1775.27,1775.43
2021.04.28 00:00,1775.42,1775.44,1766.39,1771.83
2021.04.28 04:00,1771.83,1772.07,1766.18,1769.38
2021.04.28 08:00,1769.41,1770.52,1763.37,1766.65
2021.04.28 12:00,1766.66,1775.84,1762.56,1774.42
2021.04.28 16:00,1774.44,1782.34,1770.32,1781.84
2021.04.28 20:00,1781.84,1783.99,1781.10,1783.87
2021.04.29 00:00,1783.87,1789.90,1783.40,1784.50
2021.04.29 04:00,1784.50,1785.88,1777.08,1781.19
2021.04.29 08:00,1781.19,1781.42,1772.11,1775.90
2021.04.29 12:00,1775.90,1781.33,1756.11,1766.95
2021.04.29 16:00,1766.95,1774.79,1766.48,1774.73
2021.04.29 20:00,1774.73,1774.89,1771.63,1773.18
2021.04.30 00:00,1773.18,1773.18,1765.40,1766.23
2021.04.30 04:00,1766.23,1773.19,1766.11,1768.89
2021.04.30 08:00,1768.94,1772.45,1766.60,1770.45
2021.04.30 12:00,1770.52,1772.23,1764.17,1767.12
2021.04.30 16:00,1767.12,1770.43,1765.63,1768.33
2021.04.30 20:00,1768.34,1769.19,1767.01,1768.50
2021.05.02 20:00,1767.91,1769.05,1767.47,1769.02
2021.05.03 00:00,1769.02,1775.63,1767.30,1774.82
2021.05.03 04:00,1774.81,1781.47,1772.28,1776.06
2021.05.03 08:00,1776.07,1782.64,1774.49,1780.92
2021.05.03 12:00,1780.94,1797.88,1779.23,1792.47
2021.05.03 16:00,1792.47,1794.40,1790.45,1791.70
2021.05.03 20:00,1791.72,1793.36,1791.31,1792.52
2021.05.04 00:00,1792.52,1793.12,1788.78,1789.69
2021.05.04 04:00,1789.68,1789.74,1783.86,1786.88
2021.05.04 08:00,1786.88,1790.50,1780.66,1783.55
2021.05.04 12:00,1783.51,1798.98,1773.69,1775.55
2021.05.04 16:00,1775.55,1780.06,1770.84,1778.18
2021.05.04 20:00,1778.18,1779.95,1777.86,1778.63
2021.05.05 00:00,1778.63,1783.32,1776.73,1782.65
2021.05.05 04:00,1782.65,1782.89,1775.37,1777.76
2021.05.05 08:00,1777.76,1780.08,1774.20,1778.29
2021.05.05 12:00,1778.29,1784.88,1770.37,1784.11
2021.05.05 16:00,1784.11,1786.16,1781.95,1786.12
2021.05.05 20:00,1786.08,1787.90,1784.58,1785.23
2021.05.06 00:00,1785.23,1790.05,1781.94,1789.72
2021.05.06 04:00,1789.72,1795.51,1787.85,1791.80
2021.05.06 08:00,1791.80,1795.75,1788.27,1793.72
2021.05.06 12:00,1793.75,1818.04,1790.74,1814.18
2021.05.06 16:00,1814.18,1816.49,1812.78,1815.27
2021.05.06 20:00,1815.28,1816.01,1813.99,1814.76
2021.05.07 00:00,1814.76,1822.20,1812.79,1820.52
2021.05.07 04:00,1820.52,1821.53,1817.26,1819.01
2021.05.07 08:00,1819.01,1823.06,1818.58,1820.06
2021.05.07 12:00,1820.05,1843.34,1817.27,1835.12
2021.05.07 16:00,1835.12,1835.24,1828.83,1832.02
2021.05.07 20:00,1832.09,1832.18,1829.87,1830.90
2021.05.09 20:00,1832.70,1836.85,1832.15,1836.35
2021.05.10 00:00,1836.22,1836.30,1829.94,1832.57
2021.05.10 04:00,1832.53,1839.11,1831.84,1834.80
2021.05.10 08:00,1834.80,1842.00,1834.12,1841.13
2021.05.10 12:00,1841.12,1845.45,1835.41,1841.69
2021.05.10 16:00,1841.69,1841.88,1833.91,1838.03
2021.05.10 20:00,1838.03,1838.67,1834.81,1836.13
2021.05.11 00:00,1836.15,1838.37,1831.28,1834.75
2021.05.11 04:00,1834.76,1838.05,1832.61,1835.11
2021.05.11 08:00,1835.11,1841.78,1834.24,1839.50
2021.05.11 12:00,1839.50,1841.71,1817.99,1833.37
2021.05.11 16:00,1833.37,1838.01,1832.83,1837.70
2021.05.11 20:00,1837.72,1838.32,1835.36,1835.44
2021.05.12 00:00,1835.44,1836.81,1825.93,1826.96
2021.05.12 04:00,1826.96,1835.65,1826.79,1833.10
2021.05.12 08:00,1833.10,1835.63,1830.05,1833.73
2021.05.12 12:00,1833.71,1843.64,1820.80,1824.29
2021.05.12 16:00,1824.29,1825.11,1818.94,1819.86
2021.05.12 20:00,1819.83,1820.55,1813.18,1817.57
2021.05.13 00:00,1817.57,1822.95,1813.19,1817.31
2021.05.13 04:00,1817.30,1822.26,1814.06,1814.67
2021.05.13 08:00,1814.68,1818.30,1808.72,1815.01
2021.05.13 12:00,1815.01,1827.05,1813.65,1825.25
2021.05.13 16:00,1825.27,1828.73,1821.66,1827.32
2021.05.13 20:00,1827.29,1828.41,1825.02,1825.02
2021.05.14 00:00,1825.02,1826.45,1819.77,1822.40
2021.05.14 04:00,1822.38,1836.28,1822.05,1833.23
2021.05.14 08:00,1833.25,1837.32,1831.76,1834.85
2021.05.14 12:00,1834.85,1841.18,1833.20,1839.59
2021.05.14 16:00,1839.59,1843.55,1837.69,1843.34
2021.05.14 20:00,1843.37,1845.87,1841.71,1843.19
2021.05.16 20:00,1845.51,1847.78,1844.80,1847.13
2021.05.17 00:00,1847.13,1853.01,1843.59,1851.34
2021.05.17 04:00,1851.32,1855.37,1851.30,1852.81
2021.05.17 08:00,1852.81,1853.66,1846.24,1847.21
2021.05.17 12:00,1847.23,1866.95,1843.99,1866.30
2021.05.17 16:00,1866.30,1868.42,1864.49,1865.61
2021.05.17 20:00,1865.60,1869.00,1865.28,1868.93
2021.05.18 00:00,1868.93,1873.80,1867.26,1868.16
2021.05.18 04:00,1868.16,1871.64,1866.73,1869.92
2021.05.18 08:00,1869.92,1870.49,1865.22,1870.11
2021.05.18 12:00,1870.16,1874.98,1863.15,1864.84
2021.05.18 16:00,1864.82,1870.02,1863.92,1868.91
2021.05.18 20:00,1868.87,1871.02,1868.36,1870.08
2021.05.19 00:00,1870.08,1871.50,1864.51,1868.65
2021.05.19 04:00,1868.65,1873.95,1865.93,1867.86
2021.05.19 08:00,1867.86,1869.84,1852.15,1855.83
2021.05.19 12:00,1855.82,1890.05,1855.19,1885.28
2021.05.19 16:00,1885.29,1885.30,1861.88,1870.65
2021.05.19 20:00,1870.63,1871.48,1864.72,1865.83
2021.05.20 00:00,1865.85,1877.53,1863.83,1875.77
2021.05.20 04:00,1875.77,1879.01,1870.50,1874.06
2021.05.20 08:00,1874.06,1876.44,1865.19,1871.21
2021.05.20 12:00,1871.20,1880.85,1867.50,1880.03
2021.05.20 16:00,1880.03,1883.81,1873.22,1878.52
2021.05.20 20:00,1878.51,1878.57,1873.85,1874.01
2021.05.21 00:00,1874.01,1876.67,1870.32,1874.46
2021.05.21 04:00,1874.46,1877.05,1872.70,1875.69
2021.05.21 08:00,1875.68,1880.17,1874.91,1878.61
2021.05.21 12:00,1878.61,1889.33,1870.33,1875.33
2021.05.21 16:00,1875.33,1881.77,1870.04,1879.53
2021.05.21 20:00,1879.54,1882.20,1879.01,1881.53
2021.05.23 20:00,1880.81,1883.83,1880.58,1883.49
2021.05.24 00:00,1883.49,1887.03,1879.76,1883.45
2021.05.24 04:00,1883.45,1886.27,1880.79,1881.84
2021.05.24 08:00,1881.84,1882.85,1875.15,1880.90
2021.05.24 12:00,1880.90,1886.22,1877.88,1884.52
2021.05.24 16:00,1884.52,1884.71,1881.75,1883.21
2021.05.24 20:00,1883.25,1883.63,1877.20,1877.42
2021.05.25 00:00,1877.40,1879.99,1872.70,1879.24
2021.05.25 04:00,1879.24,1887.21,1873.24,1883.07
2021.05.25 08:00,1883.07,1884.81,1879.81,1882.01
2021.05.25 12:00,1882.01,1895.97,1879.84,1892.22
2021.05.25 16:00,1892.23,1900.09,1890.84,1899.98
2021.05.25 20:00,1899.97,1900.21,1897.30,1898.24
2021.05.26 00:00,1898.26,1907.73,1896.93,1905.30
2021.05.26 04:00,1905.30,1910.22,1900.48,1909.27
2021.05.26 08:00,1909.27,1909.99,1903.62,1905.44
2021.05.26 12:00,1905.44,1912.70,1899.06,1902.52
2021.05.26 16:00,1902.52,1904.00,1890.68,1896.62
2021.05.26 20:00,1896.61,1897.66,1895.30,1896.14
2021.05.27 00:00,1896.14,1897.43,1892.13,1896.57
2021.05.27 04:00,1896.57,1903.61,1896.56,1899.74
2021.05.27 08:00,1899.73,1900.43,1891.58,1894.67
2021.05.27 12:00,1894.67,1898.77,1888.18,1893.31
2021.05.27 16:00,1893.31,1898.88,1890.20,1897.98
2021.05.27 20:00,1897.97,1898.51,1895.91,1898.00
2021.05.28 00:00,1898.00,1898.23,1892.89,1893.67
2021.05.28 04:00,1893.67,1894.27,1887.88,1890.58
2021.05.28 08:00,1890.56,1894.88,1890.16,1891.20
2021.05.28 12:00,1891.20,1900.57,1882.25,1895.67
2021.05.28 16:00,1895.65,1905.08,1895.65,1903.80
2021.05.28 20:00,1903.80,1905.92,1902.94,1903.53
2021.05.30 20:00,1903.74,1904.79,1903.22,1903.79
2021.05.31 00:00,1903.79,1910.59,1902.61,1908.41
2021.05.31 04:00,1908.41,1908.49,1903.41,1904.82
2021.05.31 08:00,1904.82,1907.02,1902.06,1904.65
2021.05.31 12:00,1904.65,1906.94,1903.62,1905.12
2021.05.31 16:00,1905.11,1906.72,1904.86,1905.91
2021.05.31 20:00,1907.61,1908.31,1907.01,1908.05
2021.06.01 00:00,1908.05,1914.43,1906.13,1911.45
2021.06.01 04:00,1911.45,1916.53,1909.83,1912.71
2021.06.01 08:00,1912.71,1912.89,1904.42,1908.99
2021.06.01 12:00,1908.99,1911.94,1892.35,1899.69
2021.06.01 16:00,1899.69,1903.87,1898.79,1899.85
2021.06.01 20:00,1899.90,1900.36,1898.26,1898.84
2021.06.02 00:00,1898.85,1902.19,1896.11,1897.91
2021.06.02 04:00,1897.91,1900.73,1895.12,1898.36
2021.06.02 08:00,1898.36,1901.20,1894.32,1901.16
2021.06.02 12:00,1901.11,1908.74,1900.52,1905.42
2021.06.02 16:00,1905.41,1908.96,1905.30,1908.89
2021.06.02 20:00,1908.89,1909.48,1907.40,1907.78
2021.06.03 00:00,1907.78,1909.59,1904.05,1905.00
2021.06.03 04:00,1905.00,1905.00,1890.59,1893.62
2021.06.03 08:00,1893.62,1898.10,1891.67,1892.51
2021.06.03 12:00,1892.51,1894.16,1865.28,1869.37
2021.06.03 16:00,1869.35,1874.02,1868.31,1871.39
2021.06.03 20:00,1871.43,1872.03,1870.30,1870.92
2021.06.04 00:00,1870.92,1871.96,1855.86,1870.01
2021.06.04 04:00,1870.01,1875.05,1865.53,1871.17
2021.06.04 08:00,1871.16,1872.20,1868.25,1871.16
2021.06.04 12:00,1871.16,1896.13,1868.67,1892.99
2021.06.04 16:00,1892.99,1893.17,1888.23,1891.88
2021.06.04 20:00,1891.91,1891.99,1890.74,1890.88
2021.06.06 20:00,1889.81,1890.24,1888.66,1889.28
2021.06.07 00:00,1889.28,1891.79,1884.93,1887.21
2021.06.07 04:00,1887.20,1887.51,1881.46,1884.53
2021.06.07 08:00,1884.53,1888.25,1882.08,1887.12
2021.06.07 12:00,1887.14,1894.71,1884.58,1893.86
2021.06.07 16:00,1894.06,1900.05,1894.06,1899.81
2021.06.07 20:00,1899.81,1900.08,1898.25,1898.70
2021.06.08 00:00,1898.67,1903.30,1895.56,1895.91
2021.06.08 04:00,1895.88,1898.40,1892.49,1892.63
2021.06.08 08:00,1892.64,1900.15,1889.67,1899.98
2021.06.08 12:00,1899.98,1903.66,1883.68,1891.20
2021.06.08 16:00,1891.20,1893.97,1890.80,1893.42
2021.06.08 20:00,1893.45,1894.97,1892.13,1893.34
2021.06.09 00:00,1893.32,1896.25,1891.40,1894.47
2021.06.09 04:00,1894.47,1895.61,1889.56,1892.14
2021.06.09 08:00,1892.14,1893.64,1887.28,1891.38
2021.06.09 12:00,1891.44,1898.93,1887.93,1891.46
2021.06.09 16:00,1891.44,1893.20,1888.65,1889.73
2021.06.09 20:00,1889.74,1889.87,1888.17,1888.68
2021.06.10 00:00,1888.68,1889.33,1884.22,1887.23
2021.06.10 04:00,1887.19,1888.00,1876.53,1877.47
2021.06.10 08:00,1877.47,1883.90,1876.00,1876.09
2021.06.10 12:00,1876.09,1894.07,1869.78,1893.72
2021.06.10 16:00,1893.71,1899.30,1891.80,1898.10
2021.06.10 20:00,1898.12,1899.89,1897.51,1898.34
2021.06.11 00:00,1898.26,1900.87,1897.34,1899.01
2021.06.11 04:00,1898.96,1903.00,1898.28,1899.33
2021.06.11 08:00,1899.31,1899.31,1887.34,1889.14
2021.06.11 12:00,1889.14,1891.69,1875.19,1880.24
2021.06.11 16:00,1880.22,1880.51,1874.42,1876.53
2021.06.11 20:00,1876.53,1877.52,1875.52,1877.44
2021.06.13 20:00,1875.41,1875.61,1873.18,1873.67
2021.06.14 00:00,1873.62,1873.85,1863.17,1865.45
2021.06.14 04:00,1865.45,1866.09,1856.83,1858.43
2021.06.14 08:00,1858.43,1861.50,1852.72,1853.77
2021.06.14 12:00,1853.77,1869.72,1844.69,1864.14
2021.06.14 16:00,1864.14,1866.14,1862.85,1866.05
2021.06.14 20:00,1866.07,1867.67,1865.43,1866.79
2021.06.15 00:00,1866.79,1867.77,1858.64,1863.47
2021.06.15 04:00,1863.46,1869.12,1863.37,1865.87
2021.06.15 08:00,1865.88,1866.43,1862.18,1864.14
2021.06.15 12:00,1864.10,1868.06,1855.79,1855.80
2021.06.15 16:00,1855.80,1859.27,1851.59,1859.23
2021.06.15 20:00,1859.22,1859.90,1857.20,1857.87
2021.06.16 00:00,1857.87,1858.39,1853.15,1857.90
2021.06.16 04:00,1857.90,1861.55,1856.90,1860.24
2021.06.16 08:00,1860.27,1860.56,1852.82,1854.92
2021.06.16 12:00,1854.92,1861.63,1854.06,1859.85
2021.06.16 16:00,1859.85,1862.94,1827.18,1828.11
2021.06.16 20:00,1828.11,1830.65,1803.24,1818.76
2021.06.17 00:00,1818.75,1825.17,1814.45,1822.21
2021.06.17 04:00,1822.21,1822.21,1805.29,1810.32
2021.06.17 08:00,1810.30,1811.69,1785.75,1788.45
2021.06.17 12:00,1788.43,1790.48,1767.24,1776.15
2021.06.17 16:00,1776.15,1781.91,1769.45,1772.10
2021.06.17 20:00,1772.10,1776.77,1769.61,1776.74
2021.06.18 00:00,1776.69,1786.36,1775.98,1785.82
2021.06.18 04:00,1785.83,1793.50,1782.04,1793.10
2021.06.18 08:00,1793.10,1797.22,1790.24,1794.02
2021.06.18 12:00,1794.11,1794.25,1769.02,1774.15
2021.06.18 16:00,1774.14,1776.41,1761.49,1761.91
2021.06.18 20:00,1761.92,1765.68,1760.89,1764.28
2021.06.20 20:00,1768.50,1770.05,1767.61,1769.30
2021.06.21 00:00,1769.26,1776.80,1768.52,1774.47
2021.06.21 04:00,1774.48,1780.02,1766.40,1778.60
2021.06.21 08:00,1778.58,1785.78,1777.85,1782.60
2021.06.21 12:00,1782.69,1786.56,1773.48,1783.35
2021.06.21 16:00,1783.36,1785.13,1782.02,1783.03
2021.06.21 20:00,1783.04,1786.59,1782.51,1783.52
2021.06.22 00:00,1783.52,1790.10,1782.78,1788.90
2021.06.22 04:00,1788.88,1789.06,1776.95,1777.88
2021.06.22 08:00,1777.89,1787.55,1776.42,1780.58
2021.06.22 12:00,1780.56,1783.28,1772.30,1776.60
2021.06.22 16:00,1776.61,1783.11,1775.87,1776.35
2021.06.22 20:00,1776.35,1779.60,1775.11,1777.57
2021.06.23 00:00,1777.57,1783.90,1777.16,1781.58
2021.06.23 04:00,1781.59,1783.39,1777.52,1781.82
2021.06.23 08:00,1781.80,1785.47,1780.96,1783.07
2021.06.23 12:00,1783.14,1794.93,1779.98,1786.70
2021.06.23 16:00,1786.68,1787.58,1773.31,1775.28
2021.06.23 20:00,1775.28,1779.61,1774.24,1777.34
2021.06.24 00:00,1777.29,1780.01,1774.25,1775.89
2021.06.24 04:00,1775.88,1778.41,1772.84,1777.21
2021.06.24 08:00,1777.20,1787.72,1776.80,1787.60
2021.06.24 12:00,1787.60,1788.00,1775.88,1778.40
2021.06.24 16:00,1778.40,1779.72,1773.80,1773.99
2021.06.24 20:00,1774.01,1776.16,1773.58,1775.24
2021.06.25 00:00,1775.24,1779.63,1773.66,1777.75
2021.06.25 04:00,1777.76,1783.42,1775.72,1782.58
2021.06.25 08:00,1782.55,1785.49,1781.30,1785.05
2021.06.25 12:00,1785.04,1790.32,1778.29,1779.09
2021.06.25 16:00,1779.10,1779.65,1776.30,1779.44
2021.06.25 20:00,1779.43,1781.49,1779.14,1781.19
2021.06.27 20:00,1782.79,1782.79,1781.40,1781.94
2021.06.28 00:00,1781.95,1781.96,1770.60,1779.23
2021.06.28 04:00,1779.23,1785.80,1778.95,1783.31
2021.06.28 08:00,1783.31,1783.31,1773.68,1774.63
2021.06.28 12:00,1774.62,1782.94,1773.41,1780.88
2021.06.28 16:00,1780.87,1781.15,1777.68,1779.35
2021.06.28 20:00,1779.34,1779.44,1776.91,1778.11
2021.06.29 00:00,1778.07,1778.14,1774.08,1775.17
2021.06.29 04:00,1775.14,1778.95,1772.40,1773.37
2021.06.29 08:00,1773.36,1773.51,1764.51,1770.79
2021.06.29 12:00,1770.78,1775.94,1750.61,1762.67
2021.06.29 16:00,1762.67,1765.92,1760.17,1761.09
2021.06.29 20:00,1761.00,1761.98,1760.47,1761.46
2021.06.30 00:00,1761.46,1764.64,1759.00,1761.10
2021.06.30 04:00,1761.09,1762.56,1755.57,1755.58
2021.06.30 08:00,1755.57,1761.86,1753.36,1760.55
2021.06.30 12:00,1760.62,1767.76,1754.88,1765.44
2021.06.30 16:00,1765.44,1774.37,1765.44,1769.86
2021.06.30 20:00,1769.82,1770.58,1767.67,1768.21
2021.07.01 00:00,1768.24,1776.14,1765.63,1776.01
2021.07.01 04:00,1776.01,1779.01,1773.12,1776.87
2021.07.01 08:00,1776.88,1779.74,1772.96,1776.79
2021.07.01 12:00,1776.78,1782.82,1768.30,1770.98
2021.07.01 16:00,1770.98,1776.79,1768.64,1776.13
2021.07.01 20:00,1776.11,1776.98,1775.17,1775.56
2021.07.02 00:00,1775.56,1779.78,1775.00,1778.90
2021.07.02 04:00,1778.91,1779.71,1774.26,1777.98
2021.07.02 08:00,1778.02,1788.75,1777.73,1785.91
2021.07.02 12:00,1785.91,1795.03,1775.77,1782.90
2021.07.02 16:00,1782.88,1791.78,1781.48,1787.84
2021.07.02 20:00,1787.84,1788.53,1786.04,1787.29
2021.07.04 20:00,1785.52,1786.97,1785.50,1786.22
2021.07.05 00:00,1786.21,1789.88,1784.47,1785.43
2021.07.05 04:00,1785.43,1793.08,1784.65,1792.63
2021.07.05 08:00,1792.62,1794.37,1789.21,1789.65
2021.07.05 12:00,1789.67,1793.22,1789.64,1790.89
2021.07.05 16:00,1790.89,1791.91,1789.98,1791.75
2021.07.05 20:00,1791.87,1792.14,1790.84,1791.25
2021.07.06 00:00,1791.25,1799.84,1790.95,1797.36
2021.07.06 04:00,1797.51,1809.12,1797.49,1807.43
2021.07.06 08:00,1807.43,1810.80,1802.31,1809.85
2021.07.06 12:00,1809.84,1815.02,1795.73,1796.67
2021.07.06 16:00,1796.67,1797.67,1790.07,1796.58
2021.07.06 20:00,1796.58,1797.35,1795.09,1795.56
2021.07.07 00:00,1795.55,1802.89,1793.86,1801.05
2021.07.07 04:00,1801.04,1806.70,1797.36,1805.45
2021.07.07 08:00,1805.42,1808.54,1803.30,1806.56
2021.07.07 12:00,1806.57,1809.79,1796.98,1803.52
2021.07.07 16:00,1803.52,1808.20,1800.58,1803.52
2021.07.07 20:00,1803.52,1805.54,1802.44,1803.34
2021.07.08 00:00,1803.34,1804.97,1796.38,1797.46
2021.07.08 04:00,1797.46,1810.92,1796.26,1807.32
2021.07.08 08:00,1807.33,1817.91,1805.28,1814.08
2021.07.08 12:00,1814.10,1818.34,1794.05,1796.71
2021.07.08 16:00,1796.71,1802.87,1796.21,1802.31
2021.07.08 20:00,1802.28,1804.50,1801.79,1803.72
2021.07.09 00:00,1803.75,1807.78,1799.29,1805.25
2021.07.09 04:00,1805.25,1806.00,1796.64,1804.58
2021.07.09 08:00,1804.60,1805.88,1798.24,1800.24
2021.07.09 12:00,1800.24,1811.60,1798.43,1807.89
2021.07.09 16:00,1807.89,1812.40,1807.77,1808.10
2021.07.09 20:00,1808.10,1808.92,1807.19,1808.14
2021.07.11 20:00,1807.83,1808.50,1806.33,1806.43
2021.07.12 00:00,1806.45,1810.83,1802.31,1802.97
2021.07.12 04:00,1802.96,1806.24,1798.91,1804.00
2021.07.12 08:00,1804.00,1805.03,1798.24,1800.09
2021.07.12 12:00,1800.05,1807.51,1792.05,1805.18
2021.07.12 16:00,1805.18,1807.53,1804.03,1806.32
2021.07.12 20:00,1806.39,1807.54,1805.10,1807.14
2021.07.13 00:00,1807.12,1812.76,1806.72,1809.37
2021.07.13 04:00,1809.37,1812.38,1806.08,1809.93
2021.07.13 08:00,1809.93,1810.03,1805.86,1809.42
2021.07.13 12:00,1809.42,1817.42,1798.23,1813.29
2021.07.13 16:00,1813.30,1813.98,1805.23,1808.50
2021.07.13 20:00,1808.46,1808.82,1805.60,1806.05
2021.07.14 00:00,1806.05,1813.54,1804.52,1812.65
2021.07.14 04:00,1812.63,1815.04,1809.78,1812.63
2021.07.14 08:00,1812.63,1817.80,1811.50,1816.87
2021.07.14 12:00,1816.91,1829.75,1816.51,1822.60
2021.07.14 16:00,1822.60,1827.37,1820.11,1827.34
2021.07.14 20:00,1827.34,1828.25,1825.58,1826.39
2021.07.15 00:00,1826.39,1829.13,1823.64,1825.56
2021.07.15 04:00,1825.56,1834.09,1825.41,1830.79
2021.07.15 08:00,1830.79,1833.00,1822.77,1825.78
2021.07.15 12:00,1825.78,1828.57,1820.24,1825.47
2021.07.15 16:00,1825.46,1830.26,1824.72,1828.48
2021.07.15 20:00,1828.47,1832.00,1828.25,1829.50
2021.07.16 00:00,1829.51,1831.50,1825.67,1827.45
2021.07.16 04:00,1827.48,1827.87,1820.91,1822.74
2021.07.16 08:00,1822.69,1824.68,1815.47,1817.91
2021.07.16 12:00,1817.87,1826.69,1809.61,1812.78
2021.07.16 16:00,1812.78,1817.14,1809.03,1810.36
2021.07.16 20:00,1810.35,1811.91,1810.07,1811.91
2021.07.18 20:00,1811.98,1815.90,1811.80,1815.72
2021.07.19 00:00,1815.50,1817.28,1811.08,1813.03
2021.07.19 04:00,1813.03,1815.31,1802.68,1805.94
2021.07.19 08:00,1805.94,1806.58,1799.24,1800.56
2021.07.19 12:00,1800.58,1815.49,1794.99,1808.27
2021.07.19 16:00,1808.28,1812.12,1805.67,1812.06
2021.07.19 20:00,1812.12,1813.28,1810.73,1811.47
2021.07.20 00:00,1811.49,1819.12,1811.45,1817.27
2021.07.20 04:00,1817.31,1818.17,1813.58,1813.90
2021.07.20 08:00,1813.88,1819.00,1811.63,1817.72
2021.07.20 12:00,1817.72,1824.95,1805.03,1807.47
2021.07.20 16:00,1807.50,1812.01,1807.05,1809.90
2021.07.20 20:00,1809.89,1810.72,1809.02,1809.78
2021.07.21 00:00,1809.76,1809.86,1805.13,1808.67
2021.07.21 04:00,1808.64,1813.71,1806.08,1807.37
2021.07.21 08:00,1807.37,1808.96,1799.82,1800.60
2021.07.21 12:00,1800.60,1805.76,1794.67,1804.14
2021.07.21 16:00,1804.14,1805.40,1801.88,1803.62
2021.07.21 20:00,1803.57,1804.39,1802.15,1802.58
2021.07.22 00:00,1802.59,1803.05,1797.30,1798.50
2021.07.22 04:00,1798.48,1803.34,1797.25,1800.55
2021.07.22 08:00,1800.55,1800.55,1792.74,1796.60
2021.07.22 12:00,1796.60,1808.04,1794.07,1807.18
2021.07.22 16:00,1807.23,1808.03,1804.40,1807.17
2021.07.22 20:00,1807.16,1808.40,1806.20,1807.17
2021.07.23 00:00,1807.17,1808.53,1802.25,1803.10
2021.07.23 04:00,1803.08,1810.29,1801.30,1809.24
2021.07.23 08:00,1809.24,1809.70,1789.19,1795.76
2021.07.23 12:00,1795.76,1804.95,1792.91,1802.69
2021.07.23 16:00,1802.69,1804.64,1800.82,1801.42
2021.07.23 20:00,1801.42,1802.55,1801.20,1802.09
2021.07.25 20:00,1800.83,1801.53,1800.02,1800.34
2021.07.26 00:00,1800.27,1807.30,1798.39,1806.66
2021.07.26 04:00,1806.65,1811.47,1804.52,1807.85
2021.07.26 08:00,1807.88,1809.91,1806.29,1807.86
2021.07.26 12:00,1807.91,1808.28,1796.31,1799.19
2021.07.26 16:00,1799.18,1800.40,1796.30,1797.49
2021.07.26 20:00,1797.49,1798.57,1796.50,1797.70
2021.07.27 00:00,1797.71,1799.83,1794.69,1799.30
2021.07.27 04:00,1799.29,1801.18,1793.61,1798.79
2021.07.27 08:00,1798.80,1799.53,1794.83,1798.59
2021.07.27 12:00,1798.60,1805.24,1794.61,1798.54
2021.07.27 16:00,1798.59,1802.08,1797.73,1800.31
2021.07.27 20:00,1800.31,1800.73,1798.51,1799.91
2021.07.28 00:00,1799.90,1807.38,1797.97,1806.25
2021.07.28 04:00,1806.26,1807.04,1801.83,1801.86
2021.07.28 08:00,1801.90,1802.51,1795.34,1796.55
2021.07.28 12:00,1796.55,1802.20,1794.49,1800.95
2021.07.28 16:00,1800.95,1809.79,1792.43,1808.78
2021.07.28 20:00,1808.85,1810.27,1806.62,1809.33
2021.07.29 00:00,1809.33,1817.50,1808.61,1815.01
2021.07.29 04:00,1815.01,1819.83,1814.52,1816.14
2021.07.29 08:00,1816.13,1828.13,1815.14,1825.03
2021.07.29 12:00,1825.01,1831.71,1823.32,1831.06
2021.07.29 16:00,1831.07,1832.62,1828.19,1828.68
2021.07.29 20:00,1828.75,1831.23,1827.68,1830.21
2021.07.30 00:00,1830.20,1830.44,1826.68,1828.60
2021.07.30 04:00,1828.59,1831.34,1825.87,1829.29
2021.07.30 08:00,1829.28,1829.96,1826.61,1827.63
2021.07.30 12:00,1827.62,1829.83,1820.46,1822.26
2021.07.30 16:00,1822.26,1822.35,1810.22,1814.41
2021.07.30 20:00,1814.42,1814.59,1813.20,1814.07
2021.08.01 20:00,1814.11,1814.11,1812.07,1813.92
2021.08.02 00:00,1813.90,1816.88,1808.44,1812.06
2021.08.02 04:00,1812.06,1813.33,1806.68,1808.08
2021.08.02 08:00,1808.11,1811.64,1806.36,1811.37
2021.08.02 12:00,1811.38,1816.43,1805.75,1814.54
2021.08.02 16:00,1814.58,1819.53,1812.68,1813.16
2021.08.02 20:00,1813.16,1814.28,1812.30,1812.48
2021.08.03 00:00,1812.49,1813.95,1809.41,1810.84
2021.08.03 04:00,1810.84,1812.48,1808.23,1809.73
2021.08.03 08:00,1809.72,1812.09,1808.45,1810.11
2021.08.03 12:00,1810.06,1814.60,1807.11,1809.30
2021.08.03 16:00,1809.31,1811.59,1808.77,1811.17
2021.08.03 20:00,1811.17,1811.24,1810.05,1811.13
2021.08.04 00:00,1811.13,1814.79,1808.94,1813.16
2021.08.04 04:00,1813.12,1815.11,1811.97,1814.54
2021.08.04 08:00,1814.54,1819.18,1810.77,1817.92
2021.08.04 12:00,1817.82,1831.72,1806.44,1811.16
2021.08.04 16:00,1811.18,1813.12,1810.11,1811.92
2021.08.04 20:00,1811.91,1812.48,1810.90,1811.63
2021.08.05 00:00,1811.63,1811.91,1808.91,1811.03
2021.08.05 04:00,1811.03,1814.60,1808.41,1813.68
2021.08.05 08:00,1813.59,1814.85,1808.36,1813.16
2021.08.05 12:00,1813.16,1813.79,1797.80,1804.22
2021.08.05 16:00,1804.21,1808.31,1803.36,1804.41
2021.08.05 20:00,1804.42,1804.89,1803.39,1803.50
2021.08.06 00:00,1803.50,1803.71,1799.28,1801.11
2021.08.06 04:00,1801.11,1801.99,1797.18,1800.00
2021.08.06 08:00,1800.00,1800.73,1794.68,1799.67
2021.08.06 12:00,1799.67,1801.42,1758.73,1762.00
2021.08.06 16:00,1762.00,1765.73,1758.68,1760.27
2021.08.06 20:00,1760.24,1763.96,1760.06,1763.67
2021.08.08 20:00,1698.85,1725.96,1684.16,1718.58
2021.08.09 00:00,1718.59,1741.82,1706.25,1738.11
2021.08.09 04:00,1738.12,1752.57,1737.39,1749.17
2021.08.09 08:00,1749.15,1749.67,1738.89,1744.13
2021.08.09 12:00,1744.22,1748.39,1726.19,1728.46
2021.08.09 16:00,1728.46,1731.62,1723.79,1728.80
2021.08.09 20:00,1728.80,1733.15,1728.49,1731.51
2021.08.10 00:00,1731.51,1737.50,1730.20,1737.37
2021.08.10 04:00,1737.37,1738.28,1732.71,1735.76
2021.08.10 08:00,1735.80,1735.82,1727.54,1732.75
2021.08.10 12:00,1732.77,1733.69,1717.76,1731.48
2021.08.10 16:00,1731.48,1732.43,1728.41,1729.25
2021.08.10 20:00,1729.25,1729.59,1727.36,1727.41
2021.08.11 00:00,1727.40,1735.16,1724.53,1733.88
2021.08.11 04:00,1733.88,1734.66,1729.01,1732.68
2021.08.11 08:00,1732.68,1738.44,1730.95,1737.60
2021.08.11 12:00,1737.62,1752.05,1734.60,1751.61
2021.08.11 16:00,1751.64,1754.39,1747.61,1752.80
2021.08.11 20:00,1752.77,1752.92,1750.96,1752.35
2021.08.12 00:00,1752.34,1753.59,1748.88,1750.65
2021.08.12 04:00,1750.68,1758.14,1750.54,1756.77
2021.08.12 08:00,1756.78,1757.60,1749.37,1749.50
2021.08.12 12:00,1749.50,1752.28,1741.57,1751.72
2021.08.12 16:00,1751.65,1753.90,1749.64,1753.48
2021.08.12 20:00,1753.48,1754.19,1752.47,1753.46
2021.08.13 00:00,1753.46,1756.81,1751.67,1755.21
2021.08.13 04:00,1755.23,1760.27,1754.46,1757.61
2021.08.13 08:00,1757.61,1761.67,1755.68,1759.23
2021.08.13 12:00,1759.24,1777.96,1756.93,1776.64
2021.08.13 16:00,1776.63,1779.25,1775.88,1778.78
2021.08.13 20:00,1778.77,1779.92,1777.93,1779.56
2021.08.15 20:00,1779.07,1780.01,1778.43,1778.87
2021.08.16 00:00,1778.80,1782.55,1776.66,1776.77
2021.08.16 04:00,1776.77,1777.73,1772.18,1774.81
2021.08.16 08:00,1774.81,1776.77,1771.07,1772.43
2021.08.16 12:00,1772.48,1789.57,1772.23,1786.36
2021.08.16 16:00,1786.35,1788.53,1785.73,1787.53
2021.08.16 20:00,1787.49,1788.56,1786.68,1787.67
2021.08.17 00:00,1787.67,1788.85,1784.57,1786.09
2021.08.17 04:00,1786.10,1795.37,1785.62,1792.87
2021.08.17 08:00,1792.88,1795.19,1790.74,1790.91
2021.08.17 12:00,1790.93,1794.56,1780.58,1782.70
2021.08.17 16:00,1782.71,1786.26,1782.12,1785.16
2021.08.17 20:00,1785.16,1786.64,1784.71,1786.18
2021.08.18 00:00,1786.19,1792.30,1785.08,1790.25
2021.08.18 04:00,1790.25,1793.76,1787.87,1790.24
2021.08.18 08:00,1790.25,1790.35,1782.95,1787.00
2021.08.18 12:00,1787.01,1791.20,1777.32,1783.83
2021.08.18 16:00,1783.84,1790.30,1780.50,1786.51
2021.08.18 20:00,1786.50,1788.89,1785.42,1787.47
2021.08.19 00:00,1787.44,1787.55,1774.46,1779.93
2021.08.19 04:00,1779.92,1782.77,1775.69,1781.47
2021.08.19 08:00,1781.47,1790.13,1777.82,1786.91
2021.08.19 12:00,1786.91,1792.37,1777.17,1783.09
2021.08.19 16:00,1783.09,1783.18,1776.42,1781.00
2021.08.19 20:00,1781.02,1781.73,1778.69,1779.03
2021.08.20 00:00,1779.01,1785.60,1778.95,1785.20
2021.08.20 04:00,1785.18,1788.38,1783.99,1785.42
2021.08.20 08:00,1785.42,1787.10,1779.85,1784.67
2021.08.20 12:00,1784.66,1786.65,1778.34,1784.88
2021.08.20 16:00,1784.88,1786.68,1781.81,1782.44
2021.08.20 20:00,1782.43,1782.54,1780.30,1781.17
2021.08.22 20:00,1778.21,1779.31,1777.32,1778.63
2021.08.23 00:00,1778.62,1788.67,1776.45,1786.97
2021.08.23 04:00,1786.97,1788.41,1784.28,1785.36
2021.08.23 08:00,1785.36,1793.06,1784.75,1790.84
2021.08.23 12:00,1790.84,1806.44,1789.80,1804.88
2021.08.23 16:00,1804.89,1805.83,1802.87,1804.04
2021.08.23 20:00,1803.98,1806.12,1803.77,1805.12
2021.08.24 00:00,1805.09,1805.32,1801.13,1801.52
2021.08.24 04:00,1801.52,1805.39,1801.08,1802.22
2021.08.24 08:00,1802.24,1805.99,1801.00,1804.51
2021.08.24 12:00,1804.49,1809.75,1801.55,1806.63
2021.08.24 16:00,1806.63,1807.32,1803.19,1803.20
2021.08.24 20:00,1803.20,1803.96,1801.19,1801.78
2021.08.25 00:00,1801.76,1802.60,1793.50,1794.84
2021.08.25 04:00,1794.85,1797.47,1791.75,1794.40
2021.08.25 08:00,1794.40,1796.29,1790.23,1794.18
2021.08.25 12:00,1794.21,1798.07,1782.37,1789.07
2021.08.25 16:00,1789.07,1792.93,1788.26,1790.83
2021.08.25 20:00,1790.85,1791.63,1789.81,1791.63
2021.08.26 00:00,1791.63,1792.01,1787.31,1787.84
2021.08.26 04:00,1787.84,1788.25,1783.61,1787.00
2021.08.26 08:00,1787.01,1790.24,1783.28,1788.50
2021.08.26 12:00,1788.50,1798.16,1780.05,1793.10
2021.08.26 16:00,1793.10,1794.18,1790.21,1792.70
2021.08.26 20:00,1792.68,1793.72,1791.28,1793.49
2021.08.27 00:00,1793.49,1799.25,1792.90,1798.14
2021.08.27 04:00,1798.11,1805.09,1797.66,1801.55
2021.08.27 08:00,1801.53,1801.73,1792.46,1796.61
2021.08.27 12:00,1796.62,1813.33,1785.07,1812.98
2021.08.27 16:00,1812.98,1819.21,1812.80,1819.00
2021.08.27 20:00,1819.00,1819.08,1816.38,1816.99
2021.08.29 20:00,1817.86,1818.92,1817.66,1818.50
2021.08.30 00:00,1818.51,1823.16,1813.37,1815.08
2021.08.30 04:00,1815.03,1818.13,1812.76,1815.07
2021.08.30 08:00,1814.89,1817.82,1813.74,1817.15
2021.08.30 12:00,1817.13,1817.79,1809.12,1810.18
2021.08.30 16:00,1810.20,1811.26,1807.74,1810.58
2021.08.30 20:00,1810.56,1811.20,1809.36,1810.42
2021.08.31 00:00,1810.32,1815.87,1809.73,1815.76
2021.08.31 04:00,1815.76,1819.17,1814.41,1815.38
2021.08.31 08:00,1815.36,1816.98,1811.92,1812.72
2021.08.31 12:00,1812.70,1815.77,1801.60,1807.83
2021.08.31 16:00,1807.90,1816.43,1807.54,1814.75
2021.08.31 20:00,1814.77,1815.51,1813.49,1814.48
2021.09.01 00:00,1814.48,1815.53,1810.33,1815.24
2021.09.01 04:00,1815.21,1816.97,1811.03,1811.32
2021.09.01 08:00,1811.32,1814.54,1809.25,1812.91
2021.09.01 12:00,1812.95,1819.99,1808.66,1815.42
2021.09.01 16:00,1815.42,1816.52,1811.99,1814.74
2021.09.01 20:00,1814.74,1814.74,1812.77,1813.11
2021.09.02 00:00,1813.09,1816.05,1811.14,1811.23
2021.09.02 04:00,1811.23,1815.27,1810.65,1814.71
2021.09.02 08:00,1814.71,1817.11,1813.09,1815.49
2021.09.02 12:00,1815.49,1816.32,1804.91,1809.01
2021.09.02 16:00,1809.01,1811.08,1806.96,1809.79
2021.09.02 20:00,1809.80,1810.27,1809.04,1809.51
2021.09.03 00:00,1809.52,1814.75,1808.94,1812.56
2021.09.03 04:00,1812.56,1814.38,1810.62,1811.18
2021.09.03 08:00,1811.18,1815.42,1811.08,1814.71
2021.09.03 12:00,1814.69,1833.92,1813.09,1829.34
2021.09.03 16:00,1829.24,1832.82,1828.11,1828.56
2021.09.03 20:00,1828.56,1828.91,1827.23,1827.60
2021.09.05 20:00,1828.60,1828.74,1827.48,1827.60
2021.09.06 00:00,1827.61,1828.44,1825.13,1825.89
2021.09.06 04:00,1825.87,1828.30,1825.46,1826.01
2021.09.06 08:00,1825.99,1826.93,1822.74,1823.88
2021.09.06 12:00,1823.88,1824.15,1821.42,1821.95
2021.09.06 16:00,1821.95,1823.51,1821.86,1823.37
2021.09.06 20:00,1822.60,1824.12,1822.56,1823.56
2021.09.07 00:00,1823.57,1827.27,1822.61,1823.18
2021.09.07 04:00,1823.17,1823.33,1815.55,1817.70
2021.09.07 08:00,1817.70,1817.70,1808.30,1811.00
2021.09.07 12:00,1810.79,1815.02,1792.34,1797.31
2021.09.07 16:00,1797.31,1798.82,1793.11,1793.58
2021.09.07 20:00,1793.61,1795.81,1793.30,1795.70
2021.09.08 00:00,1795.68,1801.06,1795.38,1798.07
2021.09.08 04:00,1798.07,1801.25,1794.26,1798.87
2021.09.08 08:00,1798.90,1799.90,1796.38,1796.95
2021.09.08 12:00,1796.95,1802.19,1782.37,1791.91
2021.09.08 16:00,1791.91,1793.43,1788.56,1788.75
2021.09.08 20:00,1788.74,1790.82,1788.58,1790.72
2021.09.09 00:00,1790.73,1790.78,1787.06,1788.29
2021.09.09 04:00,1788.29,1792.87,1786.61,1792.29
2021.09.09 08:00,1792.29,1800.93,1792.07,1798.92
2021.09.09 12:00,1798.94,1799.98,1783.79,1792.26
2021.09.09 16:00,1792.26,1799.13,1790.87,1796.02
2021.09.09 20:00,1796.05,1796.42,1793.88,1794.76
2021.09.10 00:00,1794.75,1799.90,1792.65,1798.13
2021.09.10 04:00,1798.13,1803.84,1796.19,1801.67
2021.09.10 08:00,1801.67,1803.32,1792.98,1797.62
2021.09.10 12:00,1797.62,1800.38,1789.69,1792.74
2021.09.10 16:00,1792.73,1793.67,1787.18,1787.83
2021.09.10 20:00,1787.83,1788.76,1787.36,1787.53
2021.09.12 20:00,1788.40,1788.58,1787.00,1787.36
2021.09.13 00:00,1787.35,1792.59,1783.67,1792.35
2021.09.13 04:00,1792.35,1793.64,1786.92,1789.93
2021.09.13 08:00,1789.93,1791.31,1787.66,1789.85
2021.09.13 12:00,1789.85,1798.36,1785.21,1795.27
2021.09.13 16:00,1795.26,1795.63,1791.03,1793.20
2021.09.13 20:00,1793.21,1793.64,1792.54,1793.01
2021.09.14 00:00,1793.01,1793.23,1789.74,1791.09
2021.09.14 04:00,1791.08,1794.83,1790.14,1790.58
2021.09.14 08:00,1790.56,1790.71,1782.19,1784.38
2021.09.14 12:00,1784.45,1808.61,1781.67,1805.73
2021.09.14 16:00,1805.74,1806.66,1802.95,1805.19
2021.09.14 20:00,1805.14,1805.38,1803.66,1803.72
2021.09.15 00:00,1803.72,1804.63,1801.36,1803.50
2021.09.15 04:00,1803.49,1804.29,1799.60,1801.95
2021.09.15 08:00,1801.96,1803.41,1798.91,1802.07
2021.09.15 12:00,1802.08,1806.86,1791.31,1793.89
2021.09.15 16:00,1793.90,1794.28,1790.72,1794.15
2021.09.15 20:00,1794.14,1795.31,1793.06,1795.09
2021.09.16 00:00,1795.11,1796.15,1790.97,1791.36
2021.09.16 04:00,1791.36,1792.22,1782.78,1785.80
2021.09.16 08:00,1785.89,1786.52,1771.08,1771.30
2021.09.16 12:00,1771.28,1773.21,1745.31,1754.83
2021.09.16 16:00,1754.81,1757.18,1753.10,1754.36
2021.09.16 20:00,1754.30,1754.70,1751.58,1753.84
2021.09.17 00:00,1753.87,1759.44,1753.84,1758.05
2021.09.17 04:00,1758.05,1765.42,1757.82,1761.45
2021.09.17 08:00,1761.45,1767.48,1758.19,1759.91
2021.09.17 12:00,1759.94,1763.54,1747.34,1752.69
2021.09.17 16:00,1752.69,1754.42,1750.07,1751.50
2021.09.17 20:00,1751.51,1754.55,1751.36,1754.46
2021.09.19 20:00,1754.08,1755.11,1752.21,1754.09
2021.09.20 00:00,1754.09,1754.55,1742.28,1746.31
2021.09.20 04:00,1746.26,1754.85,1745.03,1754.25
2021.09.20 08:00,1754.26,1760.16,1753.10,1755.74
2021.09.20 12:00,1755.67,1767.01,1754.22,1761.97
2021.09.20 16:00,1761.98,1764.93,1759.14,1763.78
2021.09.20 20:00,1763.78,1765.56,1763.78,1764.91
2021.09.21 00:00,1764.90,1766.07,1761.63,1761.90
2021.09.21 04:00,1761.90,1763.75,1757.90,1760.63
2021.09.21 08:00,1760.64,1768.29,1759.31,1767.83
2021.09.21 12:00,1767.84,1781.72,1766.65,1777.37
2021.09.21 16:00,1777.37,1778.24,1774.21,1775.20
2021.09.21 20:00,1775.20,1775.36,1773.86,1774.89
2021.09.22 00:00,1774.86,1779.19,1772.29,1777.60
2021.09.22 04:00,1777.60,1780.32,1775.82,1777.15
2021.09.22 08:00,1777.15,1777.92,1772.06,1772.48
2021.09.22 12:00,1772.48,1779.35,1771.48,1777.96
2021.09.22 16:00,1777.96,1787.20,1764.67,1768.53
2021.09.22 20:00,1768.53,1768.97,1766.29,1766.94
2021.09.23 00:00,1767.10,1767.66,1760.75,1764.15
2021.09.23 04:00,1764.15,1767.23,1760.25,1766.81
2021.09.23 08:00,1766.83,1776.51,1765.54,1773.21
2021.09.23 12:00,1773.19,1774.14,1745.79,1751.80
2021.09.23 16:00,1751.81,1753.26,1747.71,1748.78
2021.09.23 20:00,1748.79,1748.80,1737.84,1746.16
2021.09.24 00:00,1746.17,1752.85,1745.80,1752.27
2021.09.24 04:00,1752.27,1756.93,1750.67,1755.22
2021.09.24 08:00,1755.22,1757.97,1749.79,1749.80
2021.09.24 12:00,1749.83,1753.91,1740.43,1752.61
2021.09.24 16:00,1752.61,1753.76,1745.98,1746.75
2021.09.24 20:00,1746.72,1750.63,1746.39,1750.45
2021.09.26 20:00,1748.99,1749.87,1748.12,1749.47
2021.09.27 00:00,1749.48,1760.81,1749.14,1759.26
2021.09.27 04:00,1759.26,1760.71,1753.86,1753.92
2021.09.27 08:00,1753.89,1755.09,1744.85,1748.23
2021.09.27 12:00,1748.23,1758.00,1748.14,1751.09
2021.09.27 16:00,1751.10,1753.99,1749.86,1750.34
2021.09.27 20:00,1750.32,1751.64,1749.85,1751.28
2021.09.28 00:00,1751.24,1754.41,1747.13,1749.82
2021.09.28 04:00,1749.81,1751.86,1735.84,1743.83
2021.09.28 08:00,1743.81,1744.63,1731.80,1734.42
2021.09.28 12:00,1734.42,1741.26,1728.08,1736.59
2021.09.28 16:00,1736.59,1739.07,1732.80,1733.43
2021.09.28 20:00,1733.41,1735.31,1732.83,1735.31
2021.09.29 00:00,1735.34,1741.35,1733.27,1740.53
2021.09.29 04:00,1740.53,1742.17,1736.73,1740.06
2021.09.29 08:00,1740.02,1745.50,1738.29,1743.51
2021.09.29 12:00,1743.52,1743.58,1725.45,1730.67
2021.09.29 16:00,1730.64,1730.85,1721.63,1725.82
2021.09.29 20:00,1725.80,1729.34,1725.09,1728.80
2021.09.30 00:00,1728.82,1734.88,1728.77,1732.95
2021.09.30 04:00,1732.90,1733.63,1726.23,1731.70
2021.09.30 08:00,1731.68,1734.01,1722.18,1725.98
2021.09.30 12:00,1725.98,1764.19,1725.21,1757.97
2021.09.30 16:00,1757.97,1760.26,1754.56,1755.82
2021.09.30 20:00,1755.82,1757.58,1752.80,1753.08
2021.10.01 00:00,1753.09,1756.91,1750.56,1754.01
2021.10.01 04:00,1754.01,1757.26,1750.91,1753.11
2021.10.01 08:00,1753.16,1756.67,1751.31,1754.58
2021.10.01 12:00,1754.58,1764.28,1749.73,1761.54
2021.10.01 16:00,1761.58,1762.80,1757.25,1759.98
2021.10.01 20:00,1759.97,1760.76,1759.28,1760.39
2021.10.03 20:00,1763.90,1765.17,1762.78,1763.15
2021.10.04 00:00,1763.02,1765.67,1757.79,1758.78
2021.10.04 04:00,1758.78,1762.72,1753.04,1753.41
2021.10.04 08:00,1753.43,1755.43,1747.69,1753.47
2021.10.04 12:00,1753.54,1770.56,1748.45,1765.46
2021.10.04 16:00,1765.46,1770.23,1763.61,1768.79
2021.10.04 20:00,1768.77,1769.37,1767.36,1768.09
2021.10.05 00:00,1768.07,1768.34,1759.44,1759.96
2021.10.05 04:00,1759.96,1760.94,1755.23,1759.24
2021.10.05 08:00,1759.24,1760.15,1753.59,1757.04
2021.10.05 12:00,1757.09,1761.41,1748.59,1760.83
2021.10.05 16:00,1760.83,1763.04,1757.96,1760.21
2021.10.05 20:00,1760.21,1760.41,1758.99,1759.30
2021.10.06 00:00,1759.31,1759.39,1754.24,1755.58
2021.10.06 04:00,1755.63,1755.67,1747.26,1747.80
2021.10.06 08:00,1747.80,1756.82,1745.83,1754.36
2021.10.06 12:00,1754.41,1764.69,1753.49,1762.02
2021.10.06 16:00,1762.04,1765.09,1760.36,1764.36
2021.10.06 20:00,1764.34,1764.77,1762.37,1763.97
2021.10.07 00:00,1763.98,1764.19,1757.70,1760.09
2021.10.07 04:00,1760.09,1767.09,1756.00,1766.21
2021.10.07 08:00,1766.19,1766.29,1758.15,1761.44
2021.10.07 12:00,1761.44,1763.17,1751.93,1758.39
2021.10.07 16:00,1758.39,1759.89,1754.75,1755.47
2021.10.07 20:00,1755.47,1758.08,1754.25,1755.11
2021.10.08 00:00,1755.09,1760.57,1753.32,1759.24
2021.10.08 04:00,1759.24,1760.28,1754.36,1756.35
2021.10.08 08:00,1756.35,1763.22,1754.92,1761.69
2021.10.08 12:00,1761.73,1781.28,1755.45,1758.55
2021.10.08 16:00,1758.55,1760.20,1756.60,1757.03
2021.10.08 20:00,1757.05,1757.24,1755.97,1757.15
2021.10.10 20:00,1755.05,1755.60,1753.40,1753.95
2021.10.11 00:00,1753.96,1760.98,1753.82,1755.47
2021.10.11 04:00,1755.47,1757.76,1753.43,1757.16
2021.10.11 08:00,1757.16,1757.17,1752.29,1754.84
2021.10.11 12:00,1754.84,1760.15,1750.11,1757.50
2021.10.11 16:00,1757.50,1757.73,1753.28,1753.40
2021.10.11 20:00,1753.40,1754.56,1752.58,1753.26
2021.10.12 00:00,1753.41,1758.95,1750.69,1758.30
2021.10.12 04:00,1758.29,1762.64,1756.51,1756.72
2021.10.12 08:00,1756.72,1764.95,1756.43,1761.93
2021.10.12 12:00,1761.87,1769.31,1753.95,1760.77
2021.10.12 16:00,1760.78,1761.91,1757.94,1761.37
2021.10.12 20:00,1761.37,1761.47,1759.76,1760.41
2021.10.13 00:00,1760.41,1762.99,1759.49,1762.00
2021.10.13 04:00,1761.99,1765.74,1760.77,1765.09
2021.10.13 08:00,1765.09,1774.38,1765.01,1773.55
2021.10.13 12:00,1773.59,1796.14,1757.86,1794.48
2021.10.13 16:00,1794.48,1795.54,1790.64,1791.90
2021.10.13 20:00,1791.89,1793.41,1791.64,1791.73
2021.10.14 00:00,1791.70,1793.83,1786.67,1788.59
2021.10.14 04:00,1788.57,1795.04,1788.28,1793.98
2021.10.14 08:00,1793.98,1800.54,1793.74,1795.64
2021.10.14 12:00,1795.66,1799.66,1793.79,1798.25
2021.10.14 16:00,1798.25,1799.12,1795.86,1796.56
2021.10.14 20:00,1796.57,1797.16,1794.83,1795.42
2021.10.15 00:00,1795.41,1796.44,1793.80,1795.06
2021.10.15 04:00,1795.09,1795.32,1785.47,1786.69
2021.10.15 08:00,1786.70,1789.97,1777.57,1778.30
2021.10.15 12:00,1778.29,1779.06,1764.82,1768.45
2021.10.15 16:00,1768.45,1769.39,1766.52,1768.29
2021.10.15 20:00,1768.29,1768.50,1766.70,1767.47
2021.10.17 20:00,1768.52,1772.02,1767.90,1770.95
2021.10.18 00:00,1771.00,1772.08,1767.31,1767.74
2021.10.18 04:00,1767.76,1769.48,1761.88,1764.38
2021.10.18 08:00,1764.37,1766.85,1760.27,1763.05
2021.10.18 12:00,1763.08,1771.19,1761.54,1767.79
2021.10.18 16:00,1767.79,1767.87,1763.91,1764.16
2021.10.18 20:00,1764.16,1764.89,1762.94,1764.04
2021.10.19 00:00,1764.04,1774.95,1763.27,1774.74
2021.10.19 04:00,1774.74,1782.84,1773.73,1781.41
2021.10.19 08:00,1781.45,1782.94,1775.88,1780.47
2021.10.19 12:00,1780.48,1785.12,1769.45,1771.14
2021.10.19 16:00,1771.14,1771.42,1767.12,1770.18
2021.10.19 20:00,1770.19,1770.21,1768.20,1768.68
2021.10.20 00:00,1768.68,1774.61,1766.84,1774.04
2021.10.20 04:00,1774.04,1778.00,1773.29,1776.63
2021.10.20 08:00,1776.62,1781.81,1776.47,1779.57
2021.10.20 12:00,1779.58,1788.39,1774.84,1783.54
2021.10.20 16:00,1783.56,1787.56,1783.00,1785.31
2021.10.20 20:00,1785.30,1785.82,1780.80,1781.45
2021.10.21 00:00,1781.45,1789.45,1781.23,1786.43
2021.10.21 04:00,1786.43,1787.58,1780.83,1782.59
2021.10.21 08:00,1782.59,1787.91,1777.49,1778.36
2021.10.21 12:00,1778.37,1786.04,1776.48,1782.54
2021.10.21 16:00,1782.55,1784.87,1778.52,1783.93
2021.10.21 20:00,1783.94,1786.13,1781.96,1784.63
2021.10.22 00:00,1784.61,1788.08,1783.52,1787.05
2021.10.22 04:00,1787.05,1794.48,1786.09,1793.16
2021.10.22 08:00,1793.15,1795.05,1790.46,1792.35
2021.10.22 12:00,1792.36,1813.80,1782.87,1785.88
2021.10.22 16:00,1785.83,1798.58,1784.43,1794.22
2021.10.22 20:00,1794.22,1794.36,1791.97,1792.87
2021.10.24 20:00,1793.93,1794.42,1792.44,1794.38
2021.10.25 00:00,1794.49,1799.11,1792.26,1798.41
2021.10.25 04:00,1798.41,1801.16,1795.65,1799.02
2021.10.25 08:00,1799.04,1803.65,1798.51,1801.74
2021.10.25 12:00,1801.74,1810.04,1800.50,1808.12
2021.10.25 16:00,1808.12,1808.70,1805.06,1806.78
2021.10.25 20:00,1806.77,1808.33,1806.38,1807.87
2021.10.26 00:00,1807.84,1807.96,1802.70,1803.24
2021.10.26 04:00,1803.24,1806.54,1800.10,1800.54
2021.10.26 08:00,1800.56,1804.38,1799.91,1802.96
2021.10.26 12:00,1802.95,1804.59,1782.34,1789.84
2021.10.26 16:00,1789.84,1795.06,1789.80,1793.39
2021.10.26 20:00,1793.37,1794.29,1792.08,1793.59
2021.10.27 00:00,1793.61,1794.37,1787.14,1789.12
2021.10.27 04:00,1789.12,1791.65,1785.39,1787.55
2021.10.27 08:00,1787.55,1791.92,1783.77,1791.19
2021.10.27 12:00,1791.19,1798.18,1784.78,1794.44
2021.10.27 16:00,1794.44,1799.04,1793.90,1798.22
2021.10.27 20:00,1798.21,1798.30,1795.98,1796.59
2021.10.28 00:00,1796.54,1803.21,1794.10,1798.76
2021.10.28 04:00,1798.75,1804.11,1798.49,1801.98
2021.10.28 08:00,1801.98,1803.53,1795.73,1801.91
2021.10.28 12:00,1801.90,1810.43,1792.30,1801.03
2021.10.28 16:00,1801.03,1803.37,1797.92,1798.23
2021.10.28 20:00,1798.25,1800.73,1797.64,1799.58
2021.10.29 00:00,1799.61,1799.97,1794.52,1797.03
2021.10.29 04:00,1797.03,1798.18,1792.98,1795.54
2021.10.29 08:00,1795.54,1799.14,1790.87,1793.06
2021.10.29 12:00,1793.06,1793.48,1771.90,1778.09
2021.10.29 16:00,1778.09,1783.66,1777.29,1782.68
2021.10.29 20:00,1782.68,1783.54,1782.32,1783.24
2021.10.31 20:00,1780.70,1781.28,1779.11,1780.09
2021.11.01 00:00,1780.09,1787.34,1780.03,1784.37
2021.11.01 04:00,1784.37,1787.74,1781.23,1781.81
2021.11.01 08:00,1781.81,1788.16,1780.96,1786.56
2021.11.01 12:00,1786.56,1795.80,1785.64,1793.01
2021.11.01 16:00,1793.03,1795.11,1789.77,1792.66
2021.11.01 20:00,1792.66,1793.64,1791.36,1792.06
2021.11.02 00:00,1792.15,1792.61,1789.22,1791.18
2021.11.02 04:00,1791.18,1796.40,1790.99,1793.79
2021.11.02 08:00,1793.77,1795.55,1788.25,1790.04
2021.11.02 12:00,1790.06,1794.49,1786.39,1788.83
2021.11.02 16:00,1788.83,1789.74,1786.34,1788.32
2021.11.02 20:00,1788.29,1788.35,1786.70,1787.21
2021.11.03 00:00,1787.20,1787.65,1779.25,1783.21
2021.11.03 04:00,1783.20,1783.34,1778.20,1781.66
2021.11.03 08:00,1781.66,1785.54,1780.50,1784.67
2021.11.03 12:00,1784.64,1785.64,1758.76,1763.55
2021.11.03 16:00,1763.55,1775.04,1761.25,1773.48
2021.11.03 20:00,1773.48,1777.33,1769.39,1777.20
2021.11.04 00:00,1777.20,1778.24,1773.42,1775.10
2021.11.04 04:00,1775.10,1775.97,1770.78,1774.74
2021.11.04 08:00,1774.78,1782.12,1772.25,1780.81
2021.11.04 12:00,1781.04,1798.88,1779.10,1792.25
2021.11.04 16:00,1792.26,1794.10,1790.85,1793.79
2021.11.04 20:00,1793.79,1793.83,1790.79,1791.35
2021.11.05 00:00,1791.35,1796.10,1790.08,1792.84
2021.11.05 04:00,1792.86,1798.40,1792.61,1796.58
2021.11.05 08:00,1796.57,1800.10,1791.74,1794.30
2021.11.05 12:00,1794.31,1811.79,1785.00,1809.92
2021.11.05 16:00,1809.92,1818.06,1807.81,1816.86
2021.11.05 20:00,1816.85,1818.25,1816.13,1818.04
2021.11.07 20:00,1818.02,1818.48,1814.95,1815.84
2021.11.08 00:00,1815.84,1821.08,1812.89,1819.07
2021.11.08 04:00,1819.11,1821.42,1814.63,1816.32
2021.11.08 08:00,1816.33,1818.33,1812.37,1816.88
2021.11.08 12:00,1816.86,1826.15,1815.76,1821.51
2021.11.08 16:00,1821.51,1826.50,1819.42,1825.69
2021.11.08 20:00,1825.73,1826.26,1823.64,1824.60
2021.11.09 00:00,1824.64,1827.17,1821.86,1823.00
2021.11.09 04:00,1822.99,1827.14,1819.13,1820.08
2021.11.09 08:00,1820.10,1828.61,1820.09,1823.82
2021.11.09 12:00,1823.85,1830.35,1820.26,1825.88
2021.11.09 16:00,1825.88,1831.31,1823.43,1830.25
2021.11.09 20:00,1830.25,1832.75,1828.60,1829.92
2021.11.10 00:00,1829.87,1831.04,1826.11,1827.10
2021.11.10 04:00,1827.10,1827.35,1822.97,1824.19
2021.11.10 08:00,1824.14,1827.16,1822.73,1824.55
2021.11.10 12:00,1824.54,1868.49,1822.26,1851.45
2021.11.10 16:00,1851.45,1858.64,1841.46,1847.09
2021.11.10 20:00,1847.05,1852.76,1845.32,1848.54
2021.11.11 00:00,1848.54,1853.80,1842.88,1849.94
2021.11.11 04:00,1849.98,1856.79,1847.04,1856.53
2021.11.11 08:00,1856.73,1865.62,1854.82,1863.83
2021.11.11 12:00,1863.83,1865.95,1854.93,1861.66
2021.11.11 16:00,1861.66,1863.71,1859.77,1862.10
2021.11.11 20:00,1862.10,1863.04,1861.22,1862.30
2021.11.12 00:00,1862.31,1862.35,1855.08,1855.18
2021.11.12 04:00,1855.18,1860.13,1855.18,1856.38
2021.11.12 08:00,1856.38,1858.74,1845.20,1849.15
2021.11.12 12:00,1849.17,1865.94,1849.03,1860.77
2021.11.12 16:00,1860.77,1868.62,1859.75,1863.80
2021.11.12 20:00,1863.79,1866.14,1862.55,1865.64
2021.11.14 20:00,1868.43,1868.43,1865.23,1865.52
2021.11.15 00:00,1865.52,1866.05,1856.48,1856.89
2021.11.15 04:00,1856.89,1862.25,1856.30,1860.90
2021.11.15 08:00,1860.90,1864.85,1858.35,1864.45
2021.11.15 12:00,1864.48,1870.38,1858.24,1862.06
2021.11.15 16:00,1862.03,1867.86,1859.99,1867.08
2021.11.15 20:00,1867.08,1867.24,1861.83,1862.37
2021.11.16 00:00,1862.36,1868.87,1861.85,1866.95
2021.11.16 04:00,1866.95,1867.76,1862.26,1863.96
2021.11.16 08:00,1863.93,1874.90,1863.87,1873.94
2021.11.16 12:00,1873.94,1877.18,1856.49,1861.17
2021.11.16 16:00,1861.16,1861.42,1849.66,1851.57
2021.11.16 20:00,1851.58,1851.58,1848.77,1850.31
2021.11.17 00:00,1850.31,1856.07,1849.52,1853.68
2021.11.17 04:00,1853.68,1857.36,1851.99,1856.21
2021.11.17 08:00,1856.19,1862.89,1855.83,1861.69
2021.11.17 12:00,1861.70,1867.95,1859.95,1862.80
2021.11.17 16:00,1862.81,1868.01,1862.25,1863.95
2021.11.17 20:00,1863.95,1867.32,1862.75,1866.45
2021.11.18 00:00,1866.49,1870.93,1864.15,1864.95
2021.11.18 04:00,1864.95,1869.45,1862.57,1868.57
2021.11.18 08:00,1868.56,1869.73,1858.73,1862.75
2021.11.18 12:00,1862.75,1866.66,1854.74,1860.04
2021.11.18 16:00,1860.04,1862.67,1858.23,1858.86
2021.11.18 20:00,1858.86,1860.99,1856.74,1859.55
2021.11.19 00:00,1859.57,1863.53,1858.54,1863.09
2021.11.19 04:00,1863.07,1863.69,1855.97,1857.54
2021.11.19 08:00,1857.54,1864.82,1851.52,1861.66
2021.11.19 12:00,1861.69,1865.76,1851.91,1860.36
2021.11.19 16:00,1860.36,1860.67,1842.91,1849.64
2021.11.19 20:00,1849.62,1849.68,1846.34,1846.78
2021.11.21 20:00,1846.37,1847.20,1838.63,1844.88
2021.11.22 00:00,1844.90,1848.48,1844.04,1847.13
2021.11.22 04:00,1847.07,1849.05,1840.24,1844.04
2021.11.22 08:00,1843.92,1847.02,1837.30,1842.60
2021.11.22 12:00,1842.60,1843.00,1811.41,1818.41
2021.11.22 16:00,1818.40,1822.14,1802.19,1803.66
2021.11.22 20:00,1803.66,1809.79,1802.90,1809.02
2021.11.23 00:00,1809.01,1812.39,1806.53,1808.32
2021.11.23 04:00,1808.32,1809.85,1802.88,1807.67
2021.11.23 08:00,1807.67,1808.39,1792.67,1794.01
2021.11.23 12:00,1794.01,1797.49,1784.16,1786.32
2021.11.23 16:00,1786.32,1790.35,1781.95,1788.16
2021.11.23 20:00,1788.16,1791.86,1787.69,1790.84
2021.11.24 00:00,1790.84,1796.08,1788.93,1793.58
2021.11.24 04:00,1793.58,1796.38,1791.86,1794.09
2021.11.24 08:00,1794.09,1794.72,1785.52,1787.23
2021.11.24 12:00,1787.23,1787.78,1778.49,1784.56
2021.11.24 16:00,1784.56,1791.33,1782.49,1784.89
2021.11.24 20:00,1784.82,1791.15,1784.59,1789.63
2021.11.25 00:00,1789.65,1794.25,1789.19,1792.13
2021.11.25 04:00,1792.13,1794.31,1791.44,1793.28
2021.11.25 08:00,1793.29,1795.09,1789.84,1790.76
2021.11.25 12:00,1790.76,1792.86,1787.85,1788.56
2021.11.25 16:00,1788.55,1790.50,1787.95,1787.95
2021.11.25 20:00,1788.55,1792.61,1788.51,1792.55
2021.11.26 00:00,1792.55,1798.73,1790.00,1797.03
2021.11.26 04:00,1797.06,1808.53,1795.27,1807.99
2021.11.26 08:00,1808.00,1815.50,1797.79,1811.75
2021.11.26 12:00,1811.75,1812.11,1795.35,1797.60
2021.11.26 16:00,1797.58,1799.69,1780.41,1791.60
2021.11.28 20:00,1788.59,1795.64,1779.27,1795.51
2021.11.29 00:00,1795.49,1796.66,1789.82,1794.44
2021.11.29 04:00,1794.45,1797.12,1791.20,1794.71
2021.11.29 08:00,1794.74,1799.40,1792.87,1793.50
2021.11.29 12:00,1793.49,1794.30,1784.30,1786.95
2021.11.29 16:00,1786.95,1787.93,1781.19,1782.56
2021.11.29 20:00,1782.58,1787.80,1782.01,1786.78
2021.11.30 00:00,1786.78,1790.35,1783.00,1788.91
2021.11.30 04:00,1788.91,1795.91,1787.96,1791.75
2021.11.30 08:00,1791.75,1798.48,1791.43,1792.42
2021.11.30 12:00,1792.40,1808.67,1783.34,1784.46
2021.11.30 16:00,1784.47,1784.70,1769.84,1776.03
2021.11.30 20:00,1776.06,1776.84,1770.94,1773.18
2021.12.01 00:00,1773.16,1780.28,1772.58,1777.99
2021.12.01 04:00,1777.99,1794.52,1777.31,1784.77
2021.12.01 08:00,1784.77,1788.58,1776.61,1785.05
2021.12.01 12:00,1785.05,1792.10,1782.62,1785.98
2021.12.01 16:00,1785.98,1787.90,1779.22,1782.16
2021.12.01 20:00,1782.16,1783.28,1777.35,1781.83
2021.12.02 00:00,1781.88,1782.03,1779.05,1779.34
2021.12.02 04:00,1779.34,1779.34,1774.89,1775.20
2021.12.02 08:00,1775.22,1779.05,1767.42,1777.21
2021.12.02 12:00,1777.21,1781.22,1763.34,1767.29
2021.12.02 16:00,1767.27,1769.20,1761.88,1766.59
2021.12.02 20:00,1766.66,1770.74,1766.27,1768.96
2021.12.03 00:00,1768.96,1774.36,1767.50,1773.54
2021.12.03 04:00,1773.58,1776.47,1770.23,1770.84
2021.12.03 08:00,1770.84,1773.46,1766.11,1771.85
2021.12.03 12:00,1771.85,1778.63,1766.25,1770.73
2021.12.03 16:00,1770.73,1784.63,1769.75,1783.91
2021.12.03 20:00,1783.91,1786.06,1782.27,1782.49
2021.12.05 20:00,1784.37,1785.29,1780.67,1782.87
2021.12.06 00:00,1782.87,1787.73,1782.12,1783.94
2021.12.06 04:00,1783.94,1786.10,1781.12,1782.91
2021.12.06 08:00,1782.91,1782.91,1777.76,1780.01
2021.12.06 12:00,1780.00,1782.09,1775.66,1778.21
2021.12.06 16:00,1778.20,1784.98,1777.65,1778.39
2021.12.06 20:00,1778.38,1781.96,1776.81,1780.92
2021.12.07 00:00,1780.93,1781.83,1777.38,1777.61
2021.12.07 04:00,1777.61,1784.59,1776.86,1782.65
2021.12.07 08:00,1782.67,1783.65,1777.37,1782.21
2021.12.07 12:00,1782.21,1784.69,1772.17,1782.51
2021.12.07 16:00,1782.49,1787.77,1781.92,1784.86
2021.12.07 20:00,1784.85,1786.37,1782.84,1784.70
2021.12.08 00:00,1784.73,1790.50,1784.45,1787.91
2021.12.08 04:00,1787.91,1791.59,1786.58,1789.84
2021.12.08 08:00,1789.81,1793.05,1782.78,1786.60
2021.12.08 12:00,1786.60,1787.03,1779.56,1782.50
2021.12.08 16:00,1782.49,1786.40,1781.13,1785.67
2021.12.08 20:00,1785.67,1786.82,1781.74,1783.46
2021.12.09 00:00,1783.46,1785.52,1782.16,1784.49
2021.12.09 04:00,1784.49,1787.10,1783.16,1786.24
2021.12.09 08:00,1786.25,1787.58,1779.39,1780.30
2021.12.09 12:00,1780.30,1783.07,1773.75,1779.56
2021.12.09 16:00,1779.53,1780.88,1773.16,1776.04
2021.12.09 20:00,1776.02,1776.52,1775.22,1776.30
2021.12.10 00:00,1776.30,1779.64,1775.61,1778.51
2021.12.10 04:00,1778.50,1779.41,1771.36,1773.05
2021.12.10 08:00,1773.05,1773.33,1770.10,1772.12
2021.12.10 12:00,1772.12,1789.48,1771.68,1783.09
2021.12.10 16:00,1783.08,1786.40,1781.36,1782.21
2021.12.10 20:00,1782.30,1783.06,1781.77,1782.92
2021.12.12 20:00,1781.96,1784.42,1781.69,1783.26
2021.12.13 00:00,1783.26,1788.25,1782.42,1785.96
2021.12.13 04:00,1785.96,1786.93,1783.30,1785.42
2021.12.13 08:00,1785.42,1788.52,1783.35,1788.03
2021.12.13 12:00,1788.03,1791.60,1781.78,1786.85
2021.12.13 16:00,1786.84,1790.12,1786.11,1787.78
2021.12.13 20:00,1787.78,1788.20,1785.00,1785.72
2021.12.14 00:00,1785.70,1789.51,1785.06,1785.84
2021.12.14 04:00,1785.84,1788.41,1784.16,1784.62
2021.12.14 08:00,1784.63,1785.73,1782.00,1784.79
2021.12.14 12:00,1784.79,1785.73,1766.41,1774.16
2021.12.14 16:00,1774.14,1776.50,1771.01,1772.16
2021.12.14 20:00,1772.16,1772.82,1770.28,1772.43
2021.12.15 00:00,1772.46,1773.85,1769.66,1770.00
2021.12.15 04:00,1769.99,1771.20,1766.78,1767.78
2021.12.15 08:00,1767.76,1771.34,1767.35,1769.80
2021.12.15 12:00,1769.80,1774.00,1764.28,1766.14
2021.12.15 16:00,1766.13,1770.64,1752.81,1769.55
2021.12.15 20:00,1769.53,1781.48,1768.39,1779.44
2021.12.16 00:00,1779.54,1784.18,1775.49,1781.45
2021.12.16 04:00,1781.45,1786.30,1780.92,1784.52
2021.12.16 08:00,1784.65,1788.32,1784.65,1787.34
2021.12.16 12:00,1787.34,1798.11,1782.18,1797.29
2021.12.16 16:00,1797.29,1799.17,1794.94,1796.97
2021.12.16 20:00,1796.97,1799.83,1796.78,1798.72
2021.12.17 00:00,1798.73,1804.39,1797.22,1803.06
2021.12.17 04:00,1803.06,1809.63,1801.94,1809.10
2021.12.17 08:00,1809.02,1809.95,1805.89,1809.08
2021.12.17 12:00,1809.08,1813.86,1804.10,1804.52
2021.12.17 16:00,1804.55,1806.50,1799.88,1801.56
2021.12.17 20:00,1801.56,1801.62,1796.64,1797.11
2021.12.19 20:00,1799.65,1801.62,1798.50,1800.02
2021.12.20 00:00,1800.02,1802.53,1799.01,1801.78
2021.12.20 04:00,1801.77,1804.13,1797.98,1798.17
2021.12.20 08:00,1798.17,1802.31,1794.89,1795.48
2021.12.20 12:00,1795.49,1800.37,1791.65,1793.72
2021.12.20 16:00,1793.72,1796.04,1790.32,1790.38
2021.12.20 20:00,1790.38,1792.03,1788.30,1791.60
2021.12.21 00:00,1791.60,1792.63,1789.26,1791.85
2021.12.21 04:00,1791.85,1794.19,1788.85,1793.14
2021.12.21 08:00,1793.16,1798.27,1792.33,1797.80
2021.12.21 12:00,1797.82,1800.48,1784.81,1785.94
2021.12.21 16:00,1785.97,1789.31,1785.22,1788.12
2021.12.21 20:00,1788.13,1790.57,1787.67,1790.46
2021.12.22 00:00,1790.45,1791.16,1788.31,1789.14
2021.12.22 04:00,1789.14,1789.26,1786.10,1786.87
2021.12.22 08:00,1786.89,1791.45,1785.88,1790.95
2021.12.22 12:00,1790.95,1795.82,1788.84,1795.70
2021.12.22 16:00,1795.71,1803.84,1795.69,1803.65
2021.12.22 20:00,1803.65,1804.97,1803.11,1803.65
2021.12.23 00:00,1803.67,1808.42,1803.08,1805.59
2021.12.23 04:00,1805.55,1808.26,1804.76,1805.90
2021.12.23 08:00,1805.81,1808.03,1804.17,1806.38
2021.12.23 12:00,1806.38,1810.00,1798.91,1805.97
2021.12.23 16:00,1805.95,1810.70,1805.72,1809.29
2021.12.23 20:00,1809.29,1809.43,1807.81,1808.81
2021.12.26 20:00,1807.80,1808.64,1805.68,1807.27
2021.12.27 00:00,1807.27,1811.88,1806.62,1810.96
2021.12.27 04:00,1810.96,1810.96,1807.65,1808.76
2021.12.27 08:00,1808.75,1809.31,1804.72,1806.31
2021.12.27 12:00,1806.31,1813.43,1802.94,1812.70
2021.12.27 16:00,1812.72,1812.99,1806.63,1809.21
2021.12.27 20:00,1809.17,1812.61,1808.67,1812.34
2021.12.28 00:00,1812.33,1812.61,1808.48,1809.94
2021.12.28 04:00,1809.93,1816.05,1809.53,1813.81
2021.12.28 08:00,1813.81,1818.32,1813.57,1817.81
2021.12.28 12:00,1817.81,1820.18,1810.05,1811.50
2021.12.28 16:00,1811.50,1812.24,1804.96,1806.99
2021.12.28 20:00,1806.99,1807.27,1805.17,1806.54
2021.12.29 00:00,1806.54,1807.68,1804.02,1806.60
2021.12.29 04:00,1806.60,1807.44,1804.11,1804.33
2021.12.29 08:00,1804.33,1805.26,1794.36,1796.97
2021.12.29 12:00,1796.97,1802.19,1789.38,1799.85
2021.12.29 16:00,1799.84,1805.67,1799.84,1805.07
2021.12.29 20:00,1805.07,1805.49,1803.83,1804.57
2021.12.30 00:00,1804.57,1805.55,1801.23,1801.52
2021.12.30 04:00,1801.52,1801.82,1796.13,1798.35
2021.12.30 08:00,1798.35,1803.24,1798.10,1802.63
2021.12.30 12:00,1802.63,1808.60,1798.78,1807.17
2021.12.30 16:00,1807.17,1815.25,1806.82,1815.08
2021.12.30 20:00,1815.10,1817.18,1814.26,1815.70
2021.12.31 00:00,1815.71,1819.04,1814.72,1816.99
2021.12.31 04:00,1817.04,1820.15,1816.61,1816.71
2021.12.31 08:00,1816.71,1820.27,1815.08,1819.54
2021.12.31 12:00,1819.54,1827.49,1818.52,1821.99
2021.12.31 16:00,1821.99,1828.78,1821.56,1827.21
2021.12.31 20:00,1827.29,1830.29,1827.10,1829.52
2022.01.02 20:00,1828.85,1831.75,1827.96,1828.45
2022.01.03 00:00,1828.45,1831.50,1824.18,1825.70
2022.01.03 04:00,1825.67,1825.94,1821.00,1824.22
2022.01.03 08:00,1824.24,1827.47,1821.34,1822.92
2022.01.03 12:00,1822.92,1823.21,1799.75,1801.93
2022.01.03 16:00,1801.89,1803.03,1798.28,1801.72
2022.01.03 20:00,1801.70,1804.54,1800.98,1804.20
2022.01.04 00:00,1804.20,1807.11,1802.87,1804.18
2022.01.04 04:00,1804.18,1807.37,1803.16,1805.72
2022.01.04 08:00,1805.73,1808.62,1801.91,1804.26
2022.01.04 12:00,1804.28,1816.75,1798.40,1814.57
2022.01.04 16:00,1814.57,1815.57,1811.62,1814.48
2022.01.04 20:00,1814.47,1815.35,1813.04,1813.90
2022.01.05 00:00,1813.90,1816.45,1812.71,1815.43
2022.01.05 04:00,1815.42,1817.04,1812.47,1813.43
2022.01.05 08:00,1813.44,1820.73,1813.32,1818.68
2022.01.05 12:00,1818.68,1829.66,1815.12,1823.31
2022.01.05 16:00,1823.28,1825.64,1812.49,1812.88
2022.01.05 20:00,1812.91,1814.24,1808.26,1810.24
2022.01.06 00:00,1810.25,1811.51,1806.53,1806.98
2022.01.06 04:00,1807.00,1807.52,1799.43,1800.94
2022.01.06 08:00,1800.94,1807.16,1793.73,1797.44
2022.01.06 12:00,1797.44,1800.45,1786.81,1790.61
2022.01.06 16:00,1790.67,1793.46,1786.35,1787.95
2022.01.06 20:00,1787.93,1791.60,1787.41,1791.38
2022.01.07 00:00,1791.38,1793.23,1789.78,1792.80
2022.01.07 04:00,1792.80,1792.92,1788.00,1789.84
2022.01.07 08:00,1789.85,1793.92,1787.78,1793.29
2022.01.07 12:00,1793.31,1796.11,1782.29,1789.14
2022.01.07 16:00,1789.25,1798.60,1789.23,1796.71
2022.01.07 20:00,1796.73,1797.47,1794.30,1795.24
2022.01.09 20:00,1794.10,1796.11,1794.09,1795.11
2022.01.10 00:00,1795.11,1796.74,1791.69,1792.14
2022.01.10 04:00,1792.11,1795.71,1791.30,1793.65
2022.01.10 08:00,1793.65,1802.28,1792.11,1800.56
2022.01.10 12:00,1800.56,1801.38,1790.32,1793.40
2022.01.10 16:00,1793.40,1801.62,1793.27,1800.88
2022.01.10 20:00,1800.85,1802.79,1799.61,1801.18
2022.01.11 00:00,1801.18,1807.80,1801.18,1805.93
2022.01.11 04:00,1805.92,1809.78,1805.54,1809.22
2022.01.11 08:00,1809.15,1810.26,1804.35,1806.47
2022.01.11 12:00,1806.47,1812.17,1801.72,1811.66
2022.01.11 16:00,1811.66,1821.18,1810.05,1820.84
2022.01.11 20:00,1820.85,1823.23,1819.95,1820.68
2022.01.12 00:00,1820.61,1822.52,1818.06,1818.08
2022.01.12 04:00,1818.07,1821.50,1815.86,1817.23
2022.01.12 08:00,1817.25,1818.50,1814.67,1817.20
2022.01.12 12:00,1817.18,1825.35,1816.31,1823.78
2022.01.12 16:00,1823.78,1827.99,1820.10,1827.91
2022.01.12 20:00,1827.91,1828.05,1824.83,1825.31
2022.01.13 00:00,1825.24,1826.63,1823.99,1825.14
2022.01.13 04:00,1825.12,1828.15,1823.43,1826.66
2022.01.13 08:00,1826.66,1827.53,1819.00,1823.58
2022.01.13 12:00,1823.58,1826.22,1814.20,1814.59
2022.01.13 16:00,1814.62,1821.93,1812.32,1821.02
2022.01.13 20:00,1821.05,1822.40,1820.74,1820.83
2022.01.14 00:00,1820.74,1827.23,1819.56,1826.00
2022.01.14 04:00,1826.00,1828.09,1825.52,1826.72
2022.01.14 08:00,1826.72,1829.10,1819.95,1822.44
2022.01.14 12:00,1822.44,1827.70,1819.17,1821.11
2022.01.14 16:00,1821.13,1821.90,1814.67,1818.22
2022.01.14 20:00,1818.22,1818.86,1816.56,1816.77
2022.01.16 20:00,1819.05,1819.05,1815.86,1816.35
2022.01.17 00:00,1816.35,1819.46,1813.09,1818.83
2022.01.17 04:00,1818.84,1822.30,1818.26,1821.93
2022.01.17 08:00,1821.95,1823.17,1819.80,1821.28
2022.01.17 12:00,1821.28,1821.50,1817.65,1818.82
2022.01.17 16:00,1818.82,1819.96,1818.19,1818.99
2022.01.17 20:00,1818.45,1819.32,1818.35,1819.01
2022.01.18 00:00,1819.02,1822.73,1815.25,1816.30
2022.01.18 04:00,1816.29,1818.23,1813.18,1816.19
2022.01.18 08:00,1816.18,1817.19,1809.09,1813.09
2022.01.18 12:00,1813.09,1820.10,1805.72,1819.87
2022.01.18 16:00,1819.88,1820.10,1810.63,1814.03
2022.01.18 20:00,1813.95,1815.26,1811.94,1814.24
2022.01.19 00:00,1814.26,1814.46,1810.23,1811.74
2022.01.19 04:00,1811.71,1815.21,1811.07,1811.48
2022.01.19 08:00,1811.44,1819.86,1811.32,1817.31
2022.01.19 12:00,1817.37,1838.64,1816.66,1838.24
2022.01.19 16:00,1838.25,1843.28,1837.09,1842.75
2022.01.19 20:00,1842.82,1843.29,1838.29,1838.50
2022.01.20 00:00,1838.52,1844.09,1837.93,1839.62
2022.01.20 04:00,1839.62,1841.14,1838.43,1839.08
2022.01.20 08:00,1839.10,1842.12,1836.69,1839.46
2022.01.20 12:00,1839.46,1847.88,1835.89,1846.83
2022.01.20 16:00,1846.84,1846.84,1838.54,1840.07
2022.01.20 20:00,1840.07,1840.50,1837.34,1838.88
2022.01.21 00:00,1838.92,1842.03,1836.29,1840.79
2022.01.21 04:00,1840.78,1842.77,1836.84,1838.01
2022.01.21 08:00,1838.01,1839.04,1828.47,1831.97
2022.01.21 12:00,1831.98,1843.18,1831.11,1834.55
2022.01.21 16:00,1834.57,1835.10,1830.17,1831.59
2022.01.21 20:00,1831.59,1831.59,1828.52,1831.12
2022.01.23 20:00,1834.34,1837.09,1831.52,1834.65
2022.01.24 00:00,1834.67,1837.43,1832.53,1836.52
2022.01.24 04:00,1836.51,1839.57,1836.18,1837.94
2022.01.24 08:00,1837.93,1844.28,1837.09,1838.17
2022.01.24 12:00,1838.17,1843.01,1829.65,1834.46
2022.01.24 16:00,1834.46,1843.05,1832.53,1838.72
2022.01.24 20:00,1838.70,1843.64,1837.75,1843.61
2022.01.25 00:00,1843.63,1843.65,1839.42,1842.21
2022.01.25 04:00,1842.21,1843.33,1840.34,1840.79
2022.01.25 08:00,1840.79,1843.16,1834.92,1837.64
2022.01.25 12:00,1837.64,1852.80,1837.57,1846.93
2022.01.25 16:00,1846.91,1853.83,1845.09,1851.71
2022.01.25 20:00,1851.71,1851.92,1846.99,1849.48
2022.01.26 00:00,1849.44,1849.52,1846.49,1847.03
2022.01.26 04:00,1847.03,1848.66,1843.76,1843.94
2022.01.26 08:00,1843.94,1847.77,1842.81,1843.13
2022.01.26 12:00,1843.16,1848.05,1831.25,1834.07
2022.01.26 16:00,1834.11,1834.44,1815.61,1819.52
2022.01.26 20:00,1819.50,1822.11,1814.93,1821.92
2022.01.27 00:00,1821.93,1821.95,1812.97,1815.97
2022.01.27 04:00,1815.96,1816.49,1809.97,1810.90
2022.01.27 08:00,1810.87,1816.83,1807.58,1811.37
2022.01.27 12:00,1811.38,1813.74,1795.68,1796.45
2022.01.27 16:00,1796.45,1798.44,1791.78,1792.94
2022.01.27 20:00,1792.95,1798.23,1792.20,1797.24
2022.01.28 00:00,1797.23,1799.41,1795.05,1799.11
2022.01.28 04:00,1799.10,1799.39,1795.72,1795.99
2022.01.28 08:00,1795.99,1795.99,1780.25,1785.61
2022.01.28 12:00,1785.61,1793.05,1780.67,1782.80
2022.01.28 16:00,1782.80,1788.30,1781.90,1787.00
2022.01.28 20:00,1787.00,1789.51,1786.77,1789.02
2022.01.30 20:00,1791.13,1791.58,1788.31,1789.52
2022.01.31 00:00,1789.52,1790.30,1786.30,1787.07
2022.01.31 04:00,1787.08,1789.37,1785.55,1788.88
2022.01.31 08:00,1788.91,1793.63,1787.03,1792.28
2022.01.31 12:00,1792.28,1799.67,1789.56,1796.28
2022.01.31 16:00,1796.31,1799.84,1794.85,1798.43
2022.01.31 20:00,1798.41,1799.71,1796.32,1797.84
2022.02.01 00:00,1797.81,1799.37,1795.71,1796.59
2022.02.01 04:00,1796.59,1804.39,1796.30,1804.00
2022.02.01 08:00,1803.99,1808.26,1801.86,1806.18
2022.02.01 12:00,1806.20,1808.76,1797.79,1804.37
2022.02.01 16:00,1804.37,1807.88,1799.37,1799.45
2022.02.01 20:00,1799.36,1801.42,1798.58,1800.76
2022.02.02 00:00,1800.72,1801.62,1797.30,1797.66
2022.02.02 04:00,1797.66,1799.02,1794.39,1796.72
2022.02.02 08:00,1796.72,1803.69,1796.36,1802.83
2022.02.02 12:00,1802.83,1810.65,1800.56,1808.50
2022.02.02 16:00,1808.49,1810.78,1807.31,1807.54
2022.02.02 20:00,1807.54,1808.27,1805.16,1807.91
2022.02.03 00:00,1807.90,1808.93,1805.91,1807.04
2022.02.03 04:00,1807.04,1807.21,1803.11,1804.53
2022.02.03 08:00,1804.53,1806.06,1802.20,1804.17
2022.02.03 12:00,1804.17,1805.09,1788.56,1803.05
2022.02.03 16:00,1803.03,1807.66,1801.08,1805.09
2022.02.03 20:00,1805.10,1806.50,1804.73,1805.70
2022.02.04 00:00,1805.70,1807.54,1804.98,1806.51
2022.02.04 04:00,1806.54,1809.16,1805.81,1807.33
2022.02.04 08:00,1807.36,1814.48,1806.23,1810.98
2022.02.04 12:00,1810.99,1814.87,1792.12,1803.87
2022.02.04 16:00,1803.88,1808.71,1803.11,1806.86
2022.02.04 20:00,1806.86,1808.13,1806.04,1807.40
2022.02.06 20:00,1807.22,1811.49,1806.67,1810.03
2022.02.07 00:00,1810.03,1815.15,1808.74,1809.82
2022.02.07 04:00,1809.82,1812.99,1808.71,1812.99
2022.02.07 08:00,1813.13,1814.15,1810.04,1813.59
2022.02.07 12:00,1813.59,1817.13,1811.32,1815.85
2022.02.07 16:00,1815.85,1823.55,1814.29,1822.33
2022.02.07 20:00,1822.33,1822.65,1820.13,1822.00
2022.02.08 00:00,1821.98,1823.28,1820.23,1821.87
2022.02.08 04:00,1821.88,1822.36,1815.40,1817.36
2022.02.08 08:00,1817.31,1821.03,1817.19,1818.09
2022.02.08 12:00,1818.09,1828.31,1817.23,1824.57
2022.02.08 16:00,1824.57,1828.74,1824.37,1826.90
2022.02.08 20:00,1826.90,1827.81,1825.26,1825.93
2022.02.09 00:00,1825.92,1828.73,1825.05,1828.08
2022.02.09 04:00,1828.08,1829.14,1825.72,1826.74
2022.02.09 08:00,1826.74,1828.35,1825.64,1826.88
2022.02.09 12:00,1826.88,1832.53,1824.60,1828.42
2022.02.09 16:00,1828.42,1835.78,1828.28,1833.33
2022.02.09 20:00,1833.33,1833.43,1831.14,1832.60
2022.02.10 00:00,1832.61,1834.72,1831.49,1834.10
2022.02.10 04:00,1834.10,1836.11,1833.48,1834.70
2022.02.10 08:00,1834.72,1834.82,1830.37,1832.33
2022.02.10 12:00,1832.35,1840.50,1821.56,1835.64
2022.02.10 16:00,1835.64,1841.91,1828.78,1829.69
2022.02.10 20:00,1829.76,1830.28,1826.23,1826.79
2022.02.11 00:00,1826.80,1827.13,1823.76,1824.96
2022.02.11 04:00,1824.96,1826.16,1820.91,1826.16
2022.02.11 08:00,1826.11,1827.80,1825.16,1827.26
2022.02.11 12:00,1827.28,1837.09,1824.92,1835.90
2022.02.11 16:00,1835.88,1862.17,1832.74,1858.83
2022.02.11 20:00,1858.85,1865.46,1857.52,1861.56
2022.02.13 20:00,1861.22,1862.09,1855.27,1859.55
2022.02.14 00:00,1859.55,1860.69,1852.20,1853.06
2022.02.14 04:00,1853.06,1855.23,1850.76,1854.38
2022.02.14 08:00,1854.39,1858.44,1852.16,1856.40
2022.02.14 12:00,1856.38,1870.98,1851.34,1868.18
2022.02.14 16:00,1868.18,1874.15,1860.27,1868.06
2022.02.14 20:00,1868.06,1873.52,1868.06,1871.05
2022.02.15 00:00,1871.06,1879.03,1870.10,1877.41
2022.02.15 04:00,1877.37,1879.43,1875.26,1875.68
2022.02.15 08:00,1875.68,1877.19,1849.95,1852.46
2022.02.15 12:00,1852.47,1857.57,1844.47,1847.92
2022.02.15 16:00,1847.91,1856.50,1846.47,1854.41
2022.02.15 20:00,1854.43,1856.21,1851.62,1852.93
2022.02.16 00:00,1852.95,1853.14,1850.28,1852.67
2022.02.16 04:00,1852.73,1856.81,1852.26,1855.22
2022.02.16 08:00,1855.22,1859.58,1853.97,1856.40
2022.02.16 12:00,1856.38,1864.85,1851.34,1862.70
2022.02.16 16:00,1862.68,1872.26,1861.43,1870.39
2022.02.16 20:00,1870.40,1872.57,1868.90,1869.93
2022.02.17 00:00,1869.93,1874.89,1867.80,1874.89
2022.02.17 04:00,1874.97,1877.18,1870.44,1876.15
2022.02.17 08:00,1876.05,1893.23,1875.32,1883.59
2022.02.17 12:00,1883.58,1897.73,1882.74,1895.34
2022.02.17 16:00,1895.34,1901.11,1893.12,1899.91
2022.02.17 20:00,1899.92,1900.23,1897.33,1899.89
2022.02.18 00:00,1899.92,1902.44,1888.27,1891.08
2022.02.18 04:00,1891.08,1893.45,1889.54,1891.69
2022.02.18 08:00,1891.69,1895.81,1886.54,1891.16
2022.02.18 12:00,1891.15,1899.80,1889.38,1891.87
2022.02.18 16:00,1891.85,1897.88,1891.25,1895.52
2022.02.18 20:00,1895.50,1897.00,1893.57,1896.87
2022.02.20 20:00,1899.89,1906.37,1896.55,1904.80
2022.02.21 00:00,1904.80,1908.24,1891.58,1896.87
2022.02.21 04:00,1896.85,1897.05,1887.60,1891.64
2022.02.21 08:00,1891.64,1898.65,1891.28,1894.61
2022.02.21 12:00,1894.61,1897.54,1892.22,1895.37
2022.02.21 16:00,1895.37,1906.02,1895.35,1903.00
2022.02.21 20:00,1908.15,1914.05,1907.09,1909.52
2022.02.22 00:00,1909.49,1913.88,1905.24,1908.45
2022.02.22 04:00,1908.30,1913.32,1907.25,1908.65
2022.02.22 08:00,1908.63,1911.70,1891.36,1893.82
2022.02.22 12:00,1893.83,1907.11,1893.45,1897.92
2022.02.22 16:00,1897.86,1905.66,1896.82,1901.24
2022.02.22 20:00,1901.20,1901.32,1897.10,1897.98
2022.02.23 00:00,1898.08,1901.01,1897.64,1899.50
2022.02.23 04:00,1899.50,1899.53,1893.35,1894.81
2022.02.23 08:00,1894.78,1897.63,1889.59,1894.73
2022.02.23 12:00,1894.67,1908.35,1893.61,1907.45
2022.02.23 16:00,1907.43,1910.43,1905.51,1907.06
2022.02.23 20:00,1907.10,1911.54,1904.59,1910.73
2022.02.24 00:00,1910.71,1931.10,1910.07,1929.19
2022.02.24 04:00,1929.20,1949.03,1928.92,1944.47
2022.02.24 08:00,1944.47,1974.44,1938.16,1961.72
2022.02.24 12:00,1961.72,1967.08,1913.40,1928.75
2022.02.24 16:00,1928.73,1930.18,1877.84,1888.36
2022.02.24 20:00,1888.51,1913.45,1880.85,1906.55
2022.02.25 00:00,1906.52,1921.15,1904.30,1914.21
2022.02.25 04:00,1914.05,1921.26,1910.87,1913.32
2022.02.25 08:00,1913.38,1915.79,1892.77,1898.88
2022.02.25 12:00,1898.85,1906.94,1883.05,1889.21
2022.02.25 16:00,1889.26,1890.94,1883.13,1890.62
2022.02.25 20:00,1890.57,1892.89,1889.39,1890.52
2022.02.27 20:00,1916.60,1929.24,1904.09,1910.07
2022.02.28 00:00,1910.07,1919.26,1904.62,1907.34
2022.02.28 04:00,1907.28,1911.86,1893.17,1896.40
2022.02.28 08:00,1896.38,1908.95,1894.79,1905.61
2022.02.28 12:00,1905.66,1918.26,1904.33,1908.30
2022.02.28 16:00,1908.31,1908.42,1890.91,1906.43
2022.02.28 20:00,1906.43,1910.15,1904.62,1906.32
2022.03.01 00:00,1906.32,1907.83,1901.38,1905.62
2022.03.01 04:00,1905.63,1908.82,1904.57,1907.68
2022.03.01 08:00,1907.68,1926.27,1907.15,1920.28
2022.03.01 12:00,1920.28,1929.76,1911.25,1926.53
2022.03.01 16:00,1926.53,1942.77,1923.25,1940.30
2022.03.01 20:00,1940.30,1946.37,1939.17,1942.26
2022.03.02 00:00,1942.31,1943.82,1930.99,1935.79
2022.03.02 04:00,1935.79,1947.90,1931.76,1944.79
2022.03.02 08:00,1944.80,1944.80,1913.77,1929.21
2022.03.02 12:00,1929.21,1935.03,1922.14,1926.56
2022.03.02 16:00,1926.56,1928.62,1914.88,1927.77
2022.03.02 20:00,1927.88,1933.27,1924.72,1928.82
2022.03.03 00:00,1928.82,1930.80,1926.14,1927.45
2022.03.03 04:00,1927.45,1932.30,1922.01,1932.11
2022.03.03 08:00,1932.15,1938.70,1923.61,1932.39
2022.03.03 12:00,1932.32,1937.73,1924.35,1926.25
2022.03.03 16:00,1926.21,1935.70,1923.27,1935.21
2022.03.03 20:00,1935.19,1941.17,1934.79,1934.85
2022.03.04 00:00,1934.89,1950.98,1929.61,1939.54
2022.03.04 04:00,1939.46,1940.54,1934.04,1936.04
2022.03.04 08:00,1936.11,1948.96,1933.96,1946.33
2022.03.04 12:00,1946.31,1959.30,1939.81,1957.93
2022.03.04 16:00,1957.91,1969.93,1956.60,1967.04
2022.03.04 20:00,1966.99,1970.26,1965.19,1967.39
2022.03.06 20:00,1973.23,1990.96,1973.23,1988.66
2022.03.07 00:00,1988.66,2000.95,1984.88,1990.03
2022.03.07 04:00,1990.03,1993.25,1976.07,1992.98
2022.03.07 08:00,1993.05,2002.58,1985.78,1990.17
2022.03.07 12:00,1990.17,1991.55,1960.98,1980.89
2022.03.07 16:00,1980.94,1997.27,1974.86,1995.90
2022.03.07 20:00,1995.83,1999.32,1992.13,1998.69
2022.03.08 00:00,1998.75,2000.00,1981.02,1986.00
2022.03.08 04:00,1986.00,2020.92,1985.55,2016.13
2022.03.08 08:00,2016.04,2020.07,1999.21,2009.16
2022.03.08 12:00,2009.15,2069.37,2003.62,2047.11
2022.03.08 16:00,2047.14,2070.35,2021.15,2039.29
2022.03.08 20:00,2039.37,2053.14,2032.32,2043.68
2022.03.09 00:00,2043.73,2057.50,2035.08,2056.82
2022.03.09 04:00,2056.81,2059.15,2038.22,2045.92
2022.03.09 08:00,2045.70,2049.23,2004.11,2011.62
2022.03.09 12:00,2011.64,2021.41,1975.87,1996.06
2022.03.09 16:00,1996.06,2005.58,1979.67,1989.54
2022.03.09 20:00,1989.58,1995.54,1986.88,1989.87
2022.03.10 00:00,1989.87,1990.06,1970.69,1976.39
2022.03.10 04:00,1976.39,1988.97,1974.27,1975.38
2022.03.10 08:00,1975.38,2007.92,1974.84,2005.24
2022.03.10 12:00,2005.24,2009.12,1981.70,1995.11
2022.03.10 16:00,1995.12,2005.93,1990.36,1996.15
2022.03.10 20:00,1996.14,2003.30,1993.79,1995.23
2022.03.11 00:00,1995.23,1997.16,1988.22,1990.87
2022.03.11 04:00,1990.88,1992.57,1980.97,1991.51
2022.03.11 08:00,1991.51,1994.81,1969.43,1979.56
2022.03.11 12:00,1979.56,1981.91,1958.60,1980.68
2022.03.11 16:00,1980.69,1989.98,1978.34,1985.39
2022.03.11 20:00,1985.40,1987.79,1982.05,1983.45
2022.03.13 20:00,1980.23,1981.01,1972.24,1974.18
2022.03.14 00:00,1974.16,1978.79,1970.02,1975.54
2022.03.14 04:00,1975.54,1978.55,1971.25,1972.81
2022.03.14 08:00,1972.81,1973.48,1954.50,1965.32
2022.03.14 12:00,1965.32,1967.89,1949.57,1954.92
2022.03.14 16:00,1955.18,1961.89,1950.63,1952.56
2022.03.14 20:00,1952.57,1954.54,1950.25,1952.20
2022.03.15 00:00,1952.20,1952.20,1939.53,1942.17
2022.03.15 04:00,1942.14,1942.32,1924.89,1929.19
2022.03.15 08:00,1929.29,1935.24,1920.36,1926.41
2022.03.15 12:00,1926.42,1928.77,1907.01,1925.15
2022.03.15 16:00,1925.15,1930.93,1916.25,1916.60
2022.03.15 20:00,1916.59,1918.52,1913.79,1917.93
2022.03.16 00:00,1917.68,1924.73,1917.13,1918.04
2022.03.16 04:00,1918.04,1920.05,1912.50,1916.13
2022.03.16 08:00,1916.15,1927.07,1911.59,1924.64
2022.03.16 12:00,1924.64,1925.61,1903.70,1911.72
2022.03.16 16:00,1911.68,1929.20,1894.99,1927.84
2022.03.16 20:00,1927.82,1929.50,1921.28,1926.90
2022.03.17 00:00,1926.91,1938.24,1925.48,1936.30
2022.03.17 04:00,1936.29,1937.32,1929.94,1935.48
2022.03.17 08:00,1935.51,1946.77,1934.64,1942.76
2022.03.17 12:00,1942.75,1949.79,1934.84,1948.15
2022.03.17 16:00,1948.15,1948.21,1935.43,1937.27
2022.03.17 20:00,1937.27,1944.06,1936.33,1943.82
2022.03.18 00:00,1943.80,1945.25,1926.94,1935.12
2022.03.18 04:00,1935.11,1936.16,1930.02,1934.29
2022.03.18 08:00,1934.27,1940.57,1929.02,1939.91
2022.03.18 12:00,1939.92,1940.44,1921.47,1931.89
2022.03.18 16:00,1931.89,1932.47,1917.85,1920.11
2022.03.18 20:00,1920.08,1921.53,1918.08,1921.05
2022.03.20 20:00,1920.13,1921.35,1918.18,1919.05
2022.03.21 00:00,1918.76,1928.66,1918.75,1926.44
2022.03.21 04:00,1926.43,1928.94,1921.97,1925.04
2022.03.21 08:00,1925.12,1928.81,1922.44,1925.27
2022.03.21 12:00,1925.30,1937.44,1917.92,1935.02
2022.03.21 16:00,1935.02,1940.43,1926.98,1935.06
2022.03.21 20:00,1935.07,1937.02,1933.78,1935.58
2022.03.22 00:00,1935.62,1937.82,1929.33,1936.70
2022.03.22 04:00,1936.70,1938.37,1932.28,1933.49
2022.03.22 08:00,1933.26,1933.27,1922.71,1927.50
2022.03.22 12:00,1927.50,1930.80,1910.94,1917.79
2022.03.22 16:00,1917.69,1924.78,1917.53,1921.64
2022.03.22 20:00,1921.51,1922.22,1919.39,1919.59
2022.03.23 00:00,1919.59,1924.37,1915.53,1921.84
2022.03.23 04:00,1921.85,1922.56,1916.93,1920.56
2022.03.23 08:00,1920.49,1935.01,1920.34,1930.66
2022.03.23 12:00,1930.62,1936.62,1925.03,1929.43
2022.03.23 16:00,1929.43,1948.31,1927.74,1946.59
2022.03.23 20:00,1946.59,1947.41,1943.76,1946.06
2022.03.24 00:00,1945.96,1948.55,1938.71,1938.87
2022.03.24 04:00,1938.86,1943.99,1937.36,1943.94
2022.03.24 08:00,1943.94,1956.62,1937.92,1956.14
2022.03.24 12:00,1956.39,1965.78,1942.51,1962.96
2022.03.24 16:00,1962.94,1966.15,1960.60,1961.45
2022.03.24 20:00,1961.37,1962.25,1956.16,1959.22
2022.03.25 00:00,1959.23,1964.23,1957.71,1960.80
2022.03.25 04:00,1960.83,1962.43,1953.17,1954.76
2022.03.25 08:00,1954.75,1960.60,1949.88,1953.16
2022.03.25 12:00,1953.16,1961.76,1943.09,1957.14
2022.03.25 16:00,1957.14,1959.49,1951.63,1954.35
2022.03.25 20:00,1954.34,1958.23,1953.87,1958.03
2022.03.27 20:00,1955.50,1957.94,1954.88,1957.11
2022.03.28 00:00,1957.11,1958.31,1942.25,1944.56
2022.03.28 04:00,1944.57,1944.89,1931.61,1933.25
2022.03.28 08:00,1933.23,1934.28,1925.28,1930.19
2022.03.28 12:00,1930.08,1945.58,1929.63,1936.66
2022.03.28 16:00,1936.68,1940.07,1916.90,1919.21
2022.03.28 20:00,1919.19,1925.10,1918.95,1924.06
2022.03.29 00:00,1924.07,1929.22,1921.40,1925.19
2022.03.29 04:00,1925.18,1925.18,1918.86,1919.26
2022.03.29 08:00,1919.21,1920.75,1901.91,1907.97
2022.03.29 12:00,1907.98,1915.33,1890.08,1915.27
2022.03.29 16:00,1915.26,1921.36,1912.72,1919.35
2022.03.29 20:00,1919.39,1920.11,1916.12,1916.28
2022.03.30 00:00,1916.31,1925.47,1915.89,1923.59
2022.03.30 04:00,1923.57,1928.28,1920.64,1920.94
2022.03.30 08:00,1920.95,1925.48,1917.18,1923.85
2022.03.30 12:00,1923.98,1938.48,1922.42,1937.03
2022.03.30 16:00,1937.02,1937.15,1930.48,1934.15
2022.03.30 20:00,1934.15,1935.87,1931.57,1934.04
2022.03.31 00:00,1934.02,1934.13,1923.83,1925.01
2022.03.31 04:00,1924.97,1933.81,1919.11,1931.25
2022.03.31 08:00,1931.23,1932.67,1922.07,1930.95
2022.03.31 12:00,1930.85,1945.01,1928.05,1944.28
2022.03.31 16:00,1944.28,1949.80,1934.92,1936.54
2022.03.31 20:00,1936.62,1937.96,1934.70,1936.66
2022.04.01 00:00,1936.73,1938.61,1932.47,1938.11
2022.04.01 04:00,1938.12,1939.48,1929.40,1930.63
2022.04.01 08:00,1930.66,1936.32,1924.22,1928.59
2022.04.01 12:00,1928.58,1933.92,1918.66,1925.86
2022.04.01 16:00,1925.88,1926.92,1918.02,1922.50
2022.04.01 20:00,1922.48,1925.07,1922.13,1924.83
2022.04.03 20:00,1923.04,1924.82,1922.42,1924.74
2022.04.04 00:00,1924.68,1926.82,1918.28,1918.98
2022.04.04 04:00,1918.89,1931.01,1915.38,1929.85
2022.04.04 08:00,1929.85,1933.05,1925.57,1929.19
2022.04.04 12:00,1929.21,1937.21,1924.82,1933.56
2022.04.04 16:00,1933.56,1933.93,1928.76,1932.28
2022.04.04 20:00,1932.30,1933.53,1930.73,1931.48
2022.04.05 00:00,1931.49,1933.11,1927.39,1928.57
2022.04.05 04:00,1928.56,1933.56,1926.42,1927.61
2022.04.05 08:00,1927.55,1932.42,1925.38,1927.72
2022.04.05 12:00,1927.75,1944.52,1919.74,1920.88
2022.04.05 16:00,1920.88,1925.59,1917.97,1920.41
2022.04.05 20:00,1920.41,1923.73,1919.99,1920.64
2022.04.06 00:00,1920.58,1925.25,1916.60,1923.83
2022.04.06 04:00,1923.85,1924.30,1915.07,1921.80
2022.04.06 08:00,1921.94,1933.43,1918.18,1921.49
2022.04.06 12:00,1921.49,1931.85,1919.43,1927.83
2022.04.06 16:00,1927.85,1929.50,1915.50,1924.84
2022.04.06 20:00,1924.85,1926.52,1922.23,1923.72
2022.04.07 00:00,1923.72,1927.28,1921.09,1922.27
2022.04.07 04:00,1922.27,1928.13,1920.51,1925.44
2022.04.07 08:00,1925.44,1931.61,1923.48,1930.63
2022.04.07 12:00,1930.63,1937.76,1924.41,1933.73
2022.04.07 16:00,1933.71,1936.84,1929.49,1932.27
2022.04.07 20:00,1932.27,1933.65,1929.97,1932.93
2022.04.08 00:00,1932.97,1935.45,1928.60,1930.86
2022.04.08 04:00,1930.86,1932.91,1927.58,1931.98
2022.04.08 08:00,1931.93,1934.52,1929.84,1933.55
2022.04.08 12:00,1933.68,1948.14,1929.03,1941.59
2022.04.08 16:00,1941.59,1944.69,1938.96,1944.01
2022.04.08 20:00,1944.08,1947.86,1943.20,1947.15
2022.04.10 20:00,1946.85,1947.14,1943.22,1944.61
2022.04.11 00:00,1944.46,1947.74,1940.28,1942.81
2022.04.11 04:00,1942.83,1946.91,1939.94,1945.79
2022.04.11 08:00,1945.77,1961.58,1945.24,1960.59
2022.04.11 12:00,1960.59,1969.34,1945.72,1951.36
2022.04.11 16:00,1951.36,1954.58,1940.76,1953.68
2022.04.11 20:00,1953.70,1955.77,1951.93,1952.71
2022.04.12 00:00,1952.73,1959.14,1949.76,1959.04
2022.04.12 04:00,1959.07,1960.40,1952.85,1953.30
2022.04.12 08:00,1953.32,1957.48,1949.73,1956.58
2022.04.12 12:00,1956.59,1978.58,1955.22,1970.59
2022.04.12 16:00,1970.59,1975.85,1964.63,1968.79
2022.04.12 20:00,1968.76,1968.93,1964.58,1965.85
2022.04.13 00:00,1965.88,1972.21,1962.83,1969.91
2022.04.13 04:00,1969.91,1973.07,1965.28,1971.14
2022.04.13 08:00,1971.14,1980.14,1969.96,1977.97
2022.04.13 12:00,1977.96,1981.40,1971.74,1980.93
2022.04.13 16:00,1980.93,1981.54,1974.75,1978.07
2022.04.13 20:00,1978.07,1979.14,1976.33,1977.09
2022.04.14 00:00,1977.10,1980.31,1973.49,1973.65
2022.04.14 04:00,1973.64,1978.32,1970.56,1975.47
2022.04.14 08:00,1975.50,1978.94,1967.16,1977.20
2022.04.14 12:00,1977.21,1979.81,1960.49,1966.68
2022.04.14 16:00,1966.68,1975.02,1966.64,1971.69
2022.04.14 20:00,1971.68,1973.57,1971.66,1973.41
2022.04.17 20:00,1978.59,1988.02,1978.21,1986.72
2022.04.18 00:00,1986.73,1988.51,1982.53,1984.82
2022.04.18 04:00,1984.83,1992.70,1983.34,1991.51
2022.04.18 08:00,1991.47,1993.82,1987.74,1991.87
2022.04.18 12:00,1991.96,1998.35,1982.77,1989.08
2022.04.18 16:00,1989.08,1990.54,1976.18,1978.19
2022.04.18 20:00,1978.19,1978.91,1976.23,1977.09
2022.04.19 00:00,1977.09,1978.86,1974.85,1978.60
2022.04.19 04:00,1978.60,1980.72,1972.71,1977.96
2022.04.19 08:00,1977.98,1981.18,1974.73,1980.04
2022.04.19 12:00,1980.04,1981.92,1950.31,1956.42
2022.04.19 16:00,1956.40,1958.23,1943.64,1948.11
2022.04.19 20:00,1948.08,1951.51,1947.20,1949.71
2022.04.20 00:00,1949.73,1950.12,1942.66,1944.01
2022.04.20 04:00,1944.00,1946.69,1939.26,1943.74
2022.04.20 08:00,1943.77,1955.07,1940.14,1952.13
2022.04.20 12:00,1952.13,1954.54,1943.82,1950.89
2022.04.20 16:00,1950.89,1958.02,1949.28,1957.83
2022.04.20 20:00,1957.71,1958.31,1954.77,1956.76
2022.04.21 00:00,1956.68,1957.29,1950.27,1951.30
2022.04.21 04:00,1951.33,1954.02,1949.65,1949.75
2022.04.21 08:00,1949.72,1949.86,1936.71,1939.83
2022.04.21 12:00,1939.82,1949.57,1937.48,1939.97
2022.04.21 16:00,1939.97,1953.92,1938.26,1951.03
2022.04.21 20:00,1951.03,1952.81,1950.58,1950.89
2022.04.22 00:00,1950.89,1953.59,1945.87,1950.39
2022.04.22 04:00,1950.34,1955.57,1949.63,1951.01
2022.04.22 08:00,1950.91,1951.51,1930.84,1935.42
2022.04.22 12:00,1935.40,1946.37,1926.47,1939.14
2022.04.22 16:00,1939.13,1940.75,1931.65,1932.61
2022.04.22 20:00,1932.63,1934.65,1930.77,1931.32
2022.04.24 20:00,1930.26,1932.95,1929.70,1932.61
2022.04.25 00:00,1932.72,1932.72,1921.80,1924.11
2022.04.25 04:00,1924.11,1924.41,1912.25,1915.48
2022.04.25 08:00,1915.47,1921.18,1905.07,1907.55
2022.04.25 12:00,1907.57,1909.68,1891.45,1895.80
2022.04.25 16:00,1895.85,1902.50,1894.48,1897.97
2022.04.25 20:00,1897.95,1900.38,1897.15,1899.32
2022.04.26 00:00,1899.32,1905.02,1897.32,1902.28
2022.04.26 04:00,1902.27,1907.46,1895.67,1896.71
2022.04.26 08:00,1896.69,1909.59,1896.11,1903.47
2022.04.26 12:00,1903.52,1911.20,1900.34,1901.67
2022.04.26 16:00,1901.67,1905.22,1896.44,1901.06
2022.04.26 20:00,1901.12,1906.99,1900.90,1906.52
2022.04.27 00:00,1906.46,1906.82,1896.82,1899.07
2022.04.27 04:00,1899.04,1903.50,1896.17,1897.67
2022.04.27 08:00,1897.71,1901.30,1886.64,1900.42
2022.04.27 12:00,1900.28,1907.01,1881.27,1884.93
2022.04.27 16:00,1884.93,1891.49,1884.85,1886.46
2022.04.27 20:00,1886.41,1886.41,1883.12,1885.62
2022.04.28 00:00,1885.61,1886.81,1877.60,1878.94
2022.04.28 04:00,1878.94,1886.75,1872.06,1884.94
2022.04.28 08:00,1884.91,1891.75,1879.92,1886.22
2022.04.28 12:00,1886.19,1895.36,1881.84,1885.84
2022.04.28 16:00,1885.87,1896.72,1884.79,1895.83
2022.04.28 20:00,1895.84,1896.29,1892.56,1895.56
2022.04.29 00:00,1895.50,1905.85,1894.90,1904.36
2022.04.29 04:00,1904.35,1917.88,1903.44,1917.22
2022.04.29 08:00,1917.22,1919.96,1912.91,1919.53
2022.04.29 12:00,1919.55,1919.77,1902.51,1909.68
2022.04.29 16:00,1909.68,1911.58,1894.45,1896.51
2022.04.29 20:00,1896.62,1897.75,1895.40,1897.13
2022.05.01 20:00,1898.04,1899.90,1897.03,1897.29
2022.05.02 00:00,1897.20,1898.45,1884.76,1888.59
2022.05.02 04:00,1888.58,1888.58,1882.67,1884.31
2022.05.02 08:00,1884.31,1885.50,1875.80,1876.04
2022.05.02 12:00,1876.01,1876.65,1854.59,1870.14
2022.05.02 16:00,1870.14,1870.23,1859.89,1861.84
2022.05.02 20:00,1861.75,1863.72,1861.28,1863.08
2022.05.03 00:00,1863.08,1867.11,1859.70,1862.58
2022.05.03 04:00,1862.58,1864.53,1853.45,1855.60
2022.05.03 08:00,1855.60,1863.92,1850.37,1863.85
2022.05.03 12:00,1863.80,1878.10,1856.74,1871.55
2022.05.03 16:00,1871.55,1872.41,1865.27,1866.16
2022.05.03 20:00,1866.14,1869.42,1865.68,1868.36
2022.05.04 00:00,1868.33,1868.36,1861.59,1864.73
2022.05.04 04:00,1864.73,1871.89,1861.37,1870.79
2022.05.04 08:00,1870.79,1872.08,1865.93,1868.93
2022.05.04 12:00,1868.95,1870.86,1861.58,1868.40
2022.05.04 16:00,1868.60,1889.59,1861.63,1884.03
2022.05.04 20:00,1884.03,1894.14,1880.99,1893.96
2022.05.05 00:00,1893.96,1903.35,1893.00,1901.25
2022.05.05 04:00,1901.25,1902.18,1891.69,1895.10
2022.05.05 08:00,1895.04,1900.25,1889.46,1897.43
2022.05.05 12:00,1897.33,1909.75,1874.39,1874.99
2022.05.05 16:00,1874.94,1881.04,1872.44,1878.01
2022.05.05 20:00,1878.08,1879.28,1874.04,1874.23
2022.05.06 00:00,1874.13,1877.44,1866.17,1876.94
2022.05.06 04:00,1876.91,1877.88,1873.05,1874.08
2022.05.06 08:00,1874.08,1885.52,1873.10,1881.87
2022.05.06 12:00,1881.87,1892.51,1874.37,1886.51
2022.05.06 16:00,1886.52,1889.84,1880.70,1881.06
2022.05.06 20:00,1881.06,1883.58,1880.43,1883.15
2022.05.08 20:00,1881.57,1882.68,1879.92,1881.26
2022.05.09 00:00,1881.23,1882.08,1873.86,1875.00
2022.05.09 04:00,1875.03,1876.23,1866.54,1869.73
2022.05.09 08:00,1869.73,1872.26,1856.12,1860.49
2022.05.09 12:00,1860.51,1871.55,1857.73,1861.30
2022.05.09 16:00,1861.30,1865.92,1852.62,1853.53
2022.05.09 20:00,1853.55,1854.87,1851.74,1854.60
2022.05.10 00:00,1854.53,1864.42,1852.47,1864.37
2022.05.10 04:00,1864.37,1865.43,1859.34,1859.56
2022.05.10 08:00,1859.53,1865.06,1856.22,1860.43
2022.05.10 12:00,1860.40,1864.41,1841.42,1844.33
2022.05.10 16:00,1844.33,1847.47,1835.47,1836.81
2022.05.10 20:00,1836.81,1840.53,1833.10,1833.58
2022.05.11 00:00,1833.58,1840.00,1831.98,1836.44
2022.05.11 04:00,1836.32,1851.17,1835.90,1848.68
2022.05.11 08:00,1848.69,1854.34,1846.66,1850.26
2022.05.11 12:00,1850.20,1858.12,1834.72,1852.31
2022.05.11 16:00,1852.30,1856.48,1850.11,1853.07
2022.05.11 20:00,1853.09,1856.14,1851.56,1854.07
2022.05.12 00:00,1854.07,1858.75,1851.78,1853.00
2022.05.12 04:00,1853.01,1854.12,1843.89,1850.78
2022.05.12 08:00,1850.74,1852.30,1839.96,1842.48
2022.05.12 12:00,1842.38,1849.03,1833.34,1835.59
2022.05.12 16:00,1835.59,1837.11,1821.49,1824.00
2022.05.12 20:00,1824.00,1824.00,1818.65,1821.40
2022.05.13 00:00,1821.42,1827.01,1820.84,1824.87
2022.05.13 04:00,1824.87,1828.77,1821.28,1824.21
2022.05.13 08:00,1824.21,1826.57,1812.89,1814.01
2022.05.13 12:00,1813.93,1818.37,1799.07,1809.07
2022.05.13 16:00,1809.08,1813.04,1806.92,1809.73
2022.05.13 20:00,1809.73,1812.25,1809.01,1811.63
2022.05.15 20:00,1811.03,1813.61,1809.77,1813.21
2022.05.16 00:00,1813.11,1817.54,1809.53,1810.72
2022.05.16 04:00,1810.70,1811.23,1786.64,1792.89
2022.05.16 08:00,1792.69,1807.28,1792.59,1800.48
2022.05.16 12:00,1800.48,1815.75,1798.04,1813.79
2022.05.16 16:00,1813.78,1826.88,1811.91,1826.25
2022.05.16 20:00,1826.30,1829.34,1822.15,1826.40
2022.05.17 00:00,1826.40,1828.79,1821.79,1822.67
2022.05.17 04:00,1822.66,1830.29,1822.66,1824.15
2022.05.17 08:00,1824.17,1836.08,1823.72,1834.61
2022.05.17 12:00,1834.61,1835.92,1817.94,1818.65
2022.05.17 16:00,1818.65,1823.17,1813.63,1815.89
2022.05.17 20:00,1815.95,1816.26,1812.87,1814.51
2022.05.18 00:00,1814.45,1817.24,1807.67,1808.43
2022.05.18 04:00,1808.43,1816.55,1807.89,1815.49
2022.05.18 08:00,1815.46,1820.40,1807.78,1809.25
2022.05.18 12:00,1809.25,1824.69,1807.21,1823.42
2022.05.18 16:00,1823.44,1823.59,1815.37,1816.15
2022.05.18 20:00,1816.15,1817.37,1815.39,1816.04
2022.05.19 00:00,1816.04,1817.64,1813.86,1816.05
2022.05.19 04:00,1816.07,1817.41,1810.91,1813.19
2022.05.19 08:00,1813.16,1832.36,1810.92,1830.45
2022.05.19 12:00,1830.45,1849.12,1827.44,1842.31
2022.05.19 16:00,1842.33,1844.01,1839.88,1842.78
2022.05.19 20:00,1842.71,1844.58,1840.95,1842.05
2022.05.20 00:00,1842.08,1843.25,1836.50,1841.60
2022.05.20 04:00,1841.60,1849.38,1840.94,1844.12
2022.05.20 08:00,1844.13,1847.75,1841.13,1842.47
2022.05.20 12:00,1842.48,1846.69,1832.30,1842.50
2022.05.20 16:00,1842.46,1845.35,1839.61,1844.63
2022.05.20 20:00,1844.66,1846.63,1844.39,1846.40
2022.05.22 20:00,1847.63,1849.40,1845.60,1846.35
2022.05.23 00:00,1846.31,1854.94,1845.81,1854.32
2022.05.23 04:00,1854.34,1858.18,1852.01,1856.54
2022.05.23 08:00,1856.52,1865.37,1855.99,1862.21
2022.05.23 12:00,1862.26,1864.58,1850.51,1851.98
2022.05.23 16:00,1851.98,1858.80,1846.95,1853.01
2022.05.23 20:00,1853.05,1855.06,1852.90,1853.88
2022.05.24 00:00,1854.03,1855.88,1849.33,1855.69
2022.05.24 04:00,1855.72,1860.04,1850.39,1860.04
2022.05.24 08:00,1860.09,1860.64,1854.77,1858.10
2022.05.24 12:00,1858.10,1869.62,1854.03,1869.26
2022.05.24 16:00,1869.25,1869.64,1862.73,1866.81
2022.05.24 20:00,1866.61,1867.89,1865.83,1867.37
2022.05.25 00:00,1867.44,1868.04,1859.65,1862.59
2022.05.25 04:00,1862.69,1863.37,1855.87,1858.59
2022.05.25 08:00,1858.58,1860.04,1851.26,1855.08
2022.05.25 12:00,1855.08,1857.09,1842.94,1845.80
2022.05.25 16:00,1845.81,1856.28,1843.34,1855.03
2022.05.25 20:00,1855.13,1855.28,1852.94,1854.00
2022.05.26 00:00,1853.97,1854.36,1848.82,1850.77
2022.05.26 04:00,1850.79,1851.56,1842.87,1847.91
2022.05.26 08:00,1847.91,1849.76,1841.04,1846.53
2022.05.26 12:00,1846.42,1853.35,1841.32,1846.47
2022.05.26 16:00,1846.52,1853.70,1846.09,1851.96
2022.05.26 20:00,1852.01,1853.91,1850.47,1852.76
2022.05.27 00:00,1852.80,1856.43,1847.97,1854.50
2022.05.27 04:00,1854.48,1858.54,1851.95,1858.32
2022.05.27 08:00,1858.32,1860.46,1856.68,1858.36
2022.05.27 12:00,1858.36,1862.03,1850.16,1854.62
2022.05.27 16:00,1854.62,1855.01,1851.98,1853.47
2022.05.27 20:00,1853.41,1854.34,1852.59,1853.50
2022.05.29 20:00,1850.88,1850.92,1848.13,1849.90
2022.05.30 00:00,1849.88,1860.93,1848.74,1860.52
2022.05.30 04:00,1860.56,1864.01,1858.36,1858.63
2022.05.30 08:00,1858.64,1860.12,1854.12,1854.46
2022.05.30 12:00,1854.46,1861.07,1854.08,1855.67
2022.05.30 16:00,1855.65,1856.87,1853.91,1855.12
2022.05.30 20:00,1854.38,1855.02,1852.04,1852.41
2022.05.31 00:00,1852.43,1853.37,1845.98,1852.22
2022.05.31 04:00,1852.19,1856.39,1851.09,1854.71
2022.05.31 08:00,1854.72,1857.11,1844.59,1848.80
2022.05.31 12:00,1848.82,1855.38,1839.91,1843.58
2022.05.31 16:00,1843.58,1846.22,1835.10,1836.05
2022.05.31 20:00,1836.09,1838.39,1835.41,1836.42
2022.06.01 00:00,1836.43,1837.98,1833.29,1836.74
2022.06.01 04:00,1836.74,1836.85,1829.68,1833.69
2022.06.01 08:00,1833.69,1837.15,1828.46,1829.74
2022.06.01 12:00,1829.72,1849.07,1828.89,1845.56
2022.06.01 16:00,1845.61,1849.99,1844.58,1847.33
2022.06.01 20:00,1847.33,1847.81,1845.43,1845.97
2022.06.02 00:00,1845.97,1848.95,1844.04,1844.80
2022.06.02 04:00,1844.83,1853.28,1844.10,1851.17
2022.06.02 08:00,1851.17,1856.96,1850.54,1855.81
2022.06.02 12:00,1855.83,1869.74,1850.84,1867.93
2022.06.02 16:00,1867.93,1870.40,1866.45,1869.61
2022.06.02 20:00,1869.61,1870.55,1867.97,1869.87
2022.06.03 00:00,1869.88,1874.04,1867.72,1868.90
2022.06.03 04:00,1868.87,1869.16,1864.33,1864.63
2022.06.03 08:00,1864.62,1867.81,1863.30,1863.66
2022.06.03 12:00,1863.74,1866.77,1851.60,1851.88
2022.06.03 16:00,1851.87,1851.89,1847.31,1850.68
2022.06.03 20:00,1850.66,1851.60,1849.98,1850.85
2022.06.05 20:00,1852.08,1853.24,1851.44,1851.52
2022.06.06 00:00,1851.60,1856.34,1850.39,1856.11
2022.06.06 04:00,1856.09,1856.67,1851.53,1852.20
2022.06.06 08:00,1852.21,1855.50,1850.91,1853.82
2022.06.06 12:00,1853.89,1857.78,1841.77,1843.55
2022.06.06 16:00,1843.62,1844.07,1840.63,1842.10
2022.06.06 20:00,1842.10,1842.53,1838.01,1839.40
2022.06.07 00:00,1839.38,1842.51,1837.05,1840.18
2022.06.07 04:00,1840.18,1846.33,1838.45,1842.05
2022.06.07 08:00,1842.08,1851.93,1842.07,1847.30
2022.06.07 12:00,1847.30,1853.51,1842.30,1851.39
2022.06.07 16:00,1851.39,1855.54,1848.72,1854.33
2022.06.07 20:00,1854.36,1854.52,1851.17,1853.53
2022.06.08 00:00,1853.53,1853.70,1846.74,1846.76
2022.06.08 04:00,1846.76,1851.28,1845.75,1849.94
2022.06.08 08:00,1849.94,1851.68,1846.65,1851.49
2022.06.08 12:00,1851.47,1859.59,1844.58,1858.39
2022.06.08 16:00,1858.30,1858.80,1852.02,1852.43
2022.06.08 20:00,1852.37,1854.16,1848.83,1852.69
2022.06.09 00:00,1852.68,1855.32,1850.87,1855.07
2022.06.09 04:00,1855.05,1855.20,1848.96,1850.04
2022.06.09 08:00,1850.10,1850.94,1844.61,1846.20
2022.06.09 12:00,1846.20,1852.54,1839.99,1845.71
2022.06.09 16:00,1845.71,1850.46,1845.04,1847.08
2022.06.09 20:00,1846.96,1848.26,1846.27,1846.89
2022.06.10 00:00,1846.89,1848.24,1844.45,1844.77
2022.06.10 04:00,1844.77,1847.55,1843.21,1845.50
2022.06.10 08:00,1845.50,1846.93,1833.51,1834.86
2022.06.10 12:00,1834.82,1867.78,1825.01,1867.22
2022.06.10 16:00,1867.37,1875.87,1865.94,1871.79
2022.06.10 20:00,1872.02,1872.41,1870.41,1871.26
2022.06.12 20:00,1876.21,1877.00,1874.66,1876.99
2022.06.13 00:00,1877.07,1877.42,1860.20,1863.44
2022.06.13 04:00,1863.44,1867.14,1855.62,1857.27
2022.06.13 08:00,1857.25,1858.94,1852.59,1854.71
2022.06.13 12:00,1854.78,1857.65,1823.40,1828.88
2022.06.13 16:00,1828.89,1833.51,1819.27,1822.76
2022.06.13 20:00,1822.69,1823.68,1817.70,1820.91
2022.06.14 00:00,1820.94,1828.03,1819.31,1825.46
2022.06.14 04:00,1825.48,1831.61,1823.98,1827.89
2022.06.14 08:00,1827.83,1830.18,1816.23,1817.17
2022.06.14 12:00,1817.17,1823.08,1809.39,1810.47
2022.06.14 16:00,1810.47,1814.69,1805.08,1808.35
2022.06.14 20:00,1808.44,1811.05,1806.71,1810.89
2022.06.15 00:00,1810.90,1819.11,1808.48,1815.65
2022.06.15 04:00,1815.65,1824.04,1813.16,1820.74
2022.06.15 08:00,1820.74,1835.41,1817.38,1831.11
2022.06.15 12:00,1831.17,1836.49,1818.69,1821.28
2022.06.15 16:00,1821.33,1841.65,1813.50,1831.76
2022.06.15 20:00,1831.71,1835.57,1831.19,1833.86
2022.06.16 00:00,1833.85,1836.35,1829.76,1832.68
2022.06.16 04:00,1832.68,1833.57,1826.47,1830.20
2022.06.16 08:00,1830.22,1836.04,1815.61,1819.11
2022.06.16 12:00,1819.18,1846.90,1819.18,1845.30
2022.06.16 16:00,1845.32,1852.74,1844.57,1852.18
2022.06.16 20:00,1852.21,1857.52,1849.76,1850.79
2022.06.17 00:00,1850.79,1851.40,1841.61,1842.16
2022.06.17 04:00,1842.16,1850.01,1841.89,1848.72
2022.06.17 08:00,1848.65,1852.39,1844.50,1847.85
2022.06.17 12:00,1847.96,1853.08,1836.65,1841.14
2022.06.17 16:00,1841.14,1842.34,1833.87,1837.11
2022.06.17 20:00,1836.97,1841.87,1836.38,1839.53
2022.06.19 20:00,1838.95,1839.40,1837.41,1838.40
2022.06.20 00:00,1838.37,1846.07,1835.02,1843.82
2022.06.20 04:00,1843.86,1845.06,1839.36,1840.08
2022.06.20 08:00,1840.08,1843.68,1836.37,1838.05
2022.06.20 12:00,1838.23,1843.24,1835.93,1838.23
2022.06.20 16:00,1838.23,1838.96,1835.43,1838.33
2022.06.20 20:00,1838.00,1839.13,1837.19,1839.10
2022.06.21 00:00,1839.04,1842.38,1838.48,1840.24
2022.06.21 04:00,1840.23,1840.82,1832.58,1838.36
2022.06.21 08:00,1838.27,1838.40,1830.73,1833.47
2022.06.21 12:00,1833.48,1843.60,1832.74,1835.21
2022.06.21 16:00,1835.22,1837.03,1828.57,1830.64
2022.06.21 20:00,1830.68,1834.64,1829.93,1831.29
2022.06.22 00:00,1831.29,1831.64,1825.59,1827.49
2022.06.22 04:00,1827.48,1830.30,1823.84,1826.74
2022.06.22 08:00,1826.78,1842.81,1823.34,1836.36
2022.06.22 12:00,1836.44,1847.75,1835.38,1837.98
2022.06.22 16:00,1837.98,1841.67,1835.68,1837.68
2022.06.22 20:00,1837.69,1838.38,1836.19,1836.53
2022.06.23 00:00,1836.54,1838.66,1832.40,1832.78
2022.06.23 04:00,1832.76,1838.06,1831.09,1837.85
2022.06.23 08:00,1837.86,1837.98,1823.89,1829.34
2022.06.23 12:00,1829.34,1846.01,1828.42,1833.18
2022.06.23 16:00,1833.20,1834.57,1822.48,1826.30
2022.06.23 20:00,1826.28,1826.33,1822.49,1824.58
2022.06.24 00:00,1824.53,1826.45,1821.55,1825.11
2022.06.24 04:00,1825.11,1831.79,1821.18,1830.00
2022.06.24 08:00,1830.00,1830.14,1822.09,1824.87
2022.06.24 12:00,1824.88,1831.31,1816.88,1827.10
2022.06.24 16:00,1827.11,1830.85,1823.65,1824.21
2022.06.24 20:00,1824.20,1827.49,1824.15,1827.14
2022.06.26 20:00,1833.77,1834.19,1829.94,1831.03
2022.06.27 00:00,1830.95,1836.90,1828.16,1834.79
2022.06.27 04:00,1834.83,1840.99,1834.44,1834.92
2022.06.27 08:00,1834.91,1840.48,1833.33,1833.99
2022.06.27 12:00,1834.01,1834.50,1820.78,1825.16
2022.06.27 16:00,1825.16,1827.01,1821.94,1822.47
2022.06.27 20:00,1822.48,1823.63,1821.95,1823.54
2022.06.28 00:00,1823.52,1826.40,1822.36,1825.97
2022.06.28 04:00,1825.97,1829.24,1824.77,1826.95
2022.06.28 08:00,1826.88,1829.49,1820.63,1825.51
2022.06.28 12:00,1825.45,1826.68,1818.57,1820.69
2022.06.28 16:00,1820.73,1823.78,1818.38,1819.59
2022.06.28 20:00,1819.65,1820.88,1818.26,1818.44
2022.06.29 00:00,1818.42,1822.93,1818.38,1820.74
2022.06.29 04:00,1820.74,1822.39,1815.92,1816.89
2022.06.29 08:00,1816.84,1827.33,1811.98,1824.96
2022.06.29 12:00,1824.92,1833.03,1814.91,1818.52
2022.06.29 16:00,1818.52,1819.64,1815.65,1818.38
2022.06.29 20:00,1818.42,1819.23,1817.54,1818.91
2022.06.30 00:00,1818.89,1822.00,1817.16,1817.37
2022.06.30 04:00,1817.35,1817.80,1812.48,1815.00
2022.06.30 08:00,1814.97,1817.03,1802.68,1805.36
2022.06.30 12:00,1805.35,1825.02,1802.76,1814.26
2022.06.30 16:00,1814.20,1814.71,1805.51,1806.80
2022.06.30 20:00,1806.83,1807.61,1804.98,1806.59
2022.07.01 00:00,1806.65,1807.22,1801.29,1801.43
2022.07.01 04:00,1801.43,1803.12,1792.38,1794.68
2022.07.01 08:00,1794.75,1797.02,1785.09,1790.51
2022.07.01 12:00,1790.50,1808.78,1784.48,1806.34
2022.07.01 16:00,1806.34,1809.29,1797.89,1805.31
2022.07.01 20:00,1805.36,1811.59,1805.30,1810.48
2022.07.03 20:00,1809.88,1810.49,1807.99,1808.03
2022.07.04 00:00,1808.07,1814.26,1805.50,1811.43
2022.07.04 04:00,1811.43,1813.37,1808.22,1808.79
2022.07.04 08:00,1808.79,1809.20,1803.94,1805.24
2022.07.04 12:00,1805.31,1810.96,1805.13,1806.48
2022.07.04 16:00,1806.45,1808.02,1805.45,1807.54
2022.07.04 20:00,1809.17,1809.73,1808.17,1809.25
2022.07.05 00:00,1809.25,1812.08,1806.44,1810.87
2022.07.05 04:00,1810.85,1812.00,1805.51,1806.08
2022.07.05 08:00,1806.06,1806.06,1797.43,1798.10
2022.07.05 12:00,1798.11,1804.61,1764.99,1768.88
2022.07.05 16:00,1768.91,1771.31,1763.90,1767.00
2022.07.05 20:00,1766.99,1769.96,1764.48,1769.46
2022.07.06 00:00,1769.41,1772.87,1768.29,1769.24
2022.07.06 04:00,1769.22,1770.26,1763.02,1767.70
2022.07.06 08:00,1767.72,1771.74,1760.04,1763.18
2022.07.06 12:00,1763.17,1767.91,1732.68,1733.65
2022.07.06 16:00,1733.63,1743.97,1732.23,1739.39
2022.07.06 20:00,1739.40,1740.67,1738.19,1739.94
2022.07.07 00:00,1739.93,1746.91,1736.44,1745.84
2022.07.07 04:00,1745.84,1747.64,1741.14,1744.60
2022.07.07 08:00,1744.60,1745.18,1740.03,1743.74
2022.07.07 12:00,1743.81,1749.10,1737.94,1739.70
2022.07.07 16:00,1739.73,1742.98,1738.69,1740.67
2022.07.07 20:00,1740.66,1741.84,1738.87,1741.72
2022.07.08 00:00,1741.81,1746.60,1740.61,1742.41
2022.07.08 04:00,1742.42,1743.82,1733.19,1736.49
2022.07.08 08:00,1736.49,1743.33,1734.77,1740.93
2022.07.08 12:00,1740.91,1752.29,1733.02,1742.40
2022.07.08 16:00,1742.40,1744.51,1740.50,1741.31
2022.07.08 20:00,1741.31,1742.48,1741.16,1742.13
2022.07.10 20:00,1743.70,1744.18,1741.67,1742.00
2022.07.11 00:00,1742.17,1743.47,1738.51,1742.60
2022.07.11 04:00,1742.60,1742.77,1735.98,1736.72
2022.07.11 08:00,1736.71,1739.93,1733.64,1734.86
2022.07.11 12:00,1734.86,1742.65,1734.09,1738.06
2022.07.11 16:00,1738.08,1738.20,1731.28,1732.21
2022.07.11 20:00,1732.17,1734.45,1731.95,1733.21
2022.07.12 00:00,1733.25,1744.12,1723.17,1733.39
2022.07.12 04:00,1733.43,1737.94,1725.55,1734.29
2022.07.12 08:00,1734.27,1739.41,1731.55,1735.48
2022.07.12 12:00,1735.49,1736.87,1726.10,1731.92
2022.07.12 16:00,1731.93,1732.52,1724.51,1725.74
2022.07.12 20:00,1725.70,1726.41,1724.92,1725.27
2022.07.13 00:00,1725.25,1728.78,1722.74,1727.21
2022.07.13 04:00,1727.18,1728.49,1722.45,1726.81
2022.07.13 08:00,1726.81,1731.82,1725.29,1729.38
2022.07.13 12:00,1729.56,1745.36,1707.23,1737.37
2022.07.13 16:00,1737.37,1740.05,1732.49,1733.00
2022.07.13 20:00,1732.98,1735.66,1730.10,1732.05
2022.07.14 00:00,1732.05,1733.56,1725.45,1732.00
2022.07.14 04:00,1732.00,1732.25,1715.11,1718.22
2022.07.14 08:00,1718.23,1718.87,1709.91,1713.74
2022.07.14 12:00,1713.63,1715.02,1697.45,1711.48
2022.07.14 16:00,1711.49,1712.28,1704.81,1709.03
2022.07.14 20:00,1709.03,1711.91,1708.90,1711.66
2022.07.15 00:00,1711.65,1716.52,1708.50,1708.54
2022.07.15 04:00,1708.54,1712.33,1700.61,1703.44
2022.07.15 08:00,1703.49,1707.88,1701.22,1704.47
2022.07.15 12:00,1704.51,1713.97,1699.08,1704.67
2022.07.15 16:00,1704.67,1705.78,1703.14,1705.52
2022.07.15 20:00,1705.49,1707.52,1704.85,1707.51
2022.07.17 20:00,1708.96,1710.52,1708.05,1710.22
2022.07.18 00:00,1710.30,1717.69,1707.48,1716.00
2022.07.18 04:00,1716.00,1720.73,1711.86,1718.73
2022.07.18 08:00,1718.61,1723.88,1712.91,1715.48
2022.07.18 12:00,1715.50,1721.22,1708.88,1710.46
2022.07.18 16:00,1710.49,1712.88,1706.68,1707.47
2022.07.18 20:00,1707.49,1709.39,1706.88,1708.29
2022.07.19 00:00,1708.25,1709.59,1705.29,1709.44
2022.07.19 04:00,1709.43,1711.68,1707.42,1711.64
2022.07.19 08:00,1711.60,1718.43,1710.78,1713.99
2022.07.19 12:00,1714.20,1715.24,1708.53,1714.38
2022.07.19 16:00,1714.37,1714.47,1709.74,1712.04
2022.07.19 20:00,1712.01,1712.16,1709.63,1709.95
2022.07.20 00:00,1709.93,1713.37,1709.48,1712.11
2022.07.20 04:00,1712.11,1713.42,1705.96,1707.48
2022.07.20 08:00,1707.56,1713.91,1706.33,1708.11
2022.07.20 12:00,1708.11,1714.39,1706.26,1707.85
2022.07.20 16:00,1707.85,1708.01,1695.62,1695.71
2022.07.20 20:00,1695.79,1696.97,1692.39,1695.32
2022.07.21 00:00,1695.34,1695.43,1689.94,1691.51
2022.07.21 04:00,1691.55,1693.77,1685.24,1689.44
2022.07.21 08:00,1689.48,1689.58,1680.84,1684.87
2022.07.21 12:00,1684.84,1718.33,1683.82,1713.15
2022.07.21 16:00,1713.16,1719.95,1710.38,1719.67
2022.07.21 20:00,1719.58,1720.24,1717.21,1718.02
2022.07.22 00:00,1718.00,1719.00,1712.85,1713.60
2022.07.22 04:00,1713.60,1720.41,1713.07,1716.20
2022.07.22 08:00,1716.31,1730.15,1715.94,1728.45
2022.07.22 12:00,1728.50,1739.25,1722.09,1731.13
2022.07.22 16:00,1731.13,1731.41,1720.35,1724.03
2022.07.22 20:00,1724.03,1727.60,1723.39,1727.24
2022.07.24 20:00,1726.19,1726.19,1724.30,1724.65
2022.07.25 00:00,1724.67,1728.86,1719.80,1727.39
2022.07.25 04:00,1727.39,1729.15,1723.77,1725.60
2022.07.25 08:00,1725.64,1736.22,1725.29,1725.98
2022.07.25 12:00,1725.97,1727.37,1714.71,1716.44
2022.07.25 16:00,1716.46,1721.41,1715.48,1719.07
2022.07.25 20:00,1719.06,1719.93,1718.17,1719.03
2022.07.26 00:00,1719.15,1728.17,1718.70,1724.05
2022.07.26 04:00,1724.05,1727.91,1721.07,1724.79
2022.07.26 08:00,1724.79,1725.79,1716.07,1717.80
2022.07.26 12:00,1717.84,1721.92,1713.63,1717.00
2022.07.26 16:00,1717.02,1720.14,1716.33,1717.60
2022.07.26 20:00,1717.61,1718.62,1716.90,1717.95
2022.07.27 00:00,1717.95,1720.10,1715.78,1716.72
2022.07.27 04:00,1716.73,1721.88,1713.58,1719.70
2022.07.27 08:00,1719.72,1725.16,1719.62,1720.63
2022.07.27 12:00,1720.63,1723.21,1711.45,1718.83
2022.07.27 16:00,1718.83,1740.21,1718.47,1734.44
2022.07.27 20:00,1734.43,1739.93,1733.11,1738.70
2022.07.28 00:00,1738.77,1741.65,1733.94,1736.86
2022.07.28 04:00,1736.89,1744.67,1735.34,1744.29
2022.07.28 08:00,1744.29,1748.49,1737.76,1740.33
2022.07.28 12:00,1740.34,1756.78,1736.09,1753.06
2022.07.28 16:00,1753.11,1755.58,1750.33,1755.30
2022.07.28 20:00,1755.34,1757.07,1754.28,1754.90
2022.07.29 00:00,1754.96,1763.96,1752.64,1762.84
2022.07.29 04:00,1762.86,1767.86,1760.51,1766.42
2022.07.29 08:00,1766.37,1766.41,1756.21,1761.17
2022.07.29 12:00,1761.17,1767.12,1752.07,1765.87
2022.07.29 16:00,1765.87,1766.66,1760.89,1761.41
2022.07.29 20:00,1761.40,1766.44,1761.39,1766.02
2022.07.31 20:00,1763.17,1763.35,1760.89,1762.15
2022.08.01 00:00,1762.16,1765.80,1760.37,1762.07
2022.08.01 04:00,1762.07,1767.41,1758.29,1764.41
2022.08.01 08:00,1764.42,1774.88,1762.21,1772.63
2022.08.01 12:00,1772.63,1775.30,1764.25,1768.88
2022.08.01 16:00,1768.81,1773.36,1766.51,1770.89
2022.08.01 20:00,1770.91,1772.54,1770.78,1772.28
2022.08.02 00:00,1772.30,1780.49,1770.81,1774.67
2022.08.02 04:00,1774.67,1776.09,1768.70,1772.19
2022.08.02 08:00,1772.19,1779.72,1770.36,1778.57
2022.08.02 12:00,1778.58,1787.99,1774.55,1778.04
2022.08.02 16:00,1778.03,1778.46,1760.44,1760.58
2022.08.02 20:00,1760.56,1763.70,1754.87,1756.72
2022.08.03 00:00,1756.69,1769.34,1755.48,1768.92
2022.08.03 04:00,1768.88,1770.59,1765.07,1766.15
2022.08.03 08:00,1766.27,1768.31,1760.16,1765.47
2022.08.03 12:00,1765.48,1772.79,1754.26,1758.44
2022.08.03 16:00,1758.46,1766.25,1757.43,1765.22
2022.08.03 20:00,1765.19,1766.02,1763.14,1763.58
2022.08.04 00:00,1763.59,1771.46,1763.36,1770.66
2022.08.04 04:00,1770.66,1774.79,1769.02,1773.02
2022.08.04 08:00,1773.02,1786.20,1772.72,1785.65
2022.08.04 12:00,1785.65,1790.17,1774.27,1787.75
2022.08.04 16:00,1787.76,1794.90,1787.15,1793.60
2022.08.04 20:00,1793.60,1793.76,1790.64,1793.31
2022.08.05 00:00,1793.22,1794.85,1788.68,1792.13
2022.08.05 04:00,1792.11,1792.85,1788.57,1790.50
2022.08.05 08:00,1790.48,1790.69,1783.86,1787.79
2022.08.05 12:00,1787.81,1789.22,1764.90,1773.71
2022.08.05 16:00,1773.72,1776.03,1771.53,1773.49
2022.08.05 20:00,1773.45,1775.66,1772.97,1774.90
2022.08.07 20:00,1773.78,1775.12,1773.78,1774.58
2022.08.08 00:00,1774.32,1775.39,1771.17,1773.33
2022.08.08 04:00,1773.34,1779.14,1771.29,1777.71
2022.08.08 08:00,1777.69,1783.16,1772.53,1782.88
2022.08.08 12:00,1782.89,1790.02,1780.61,1787.13
2022.08.08 16:00,1787.14,1789.44,1785.60,1788.48
2022.08.08 20:00,1788.48,1790.68,1787.85,1789.17
2022.08.09 00:00,1789.15,1790.15,1783.19,1785.68
2022.08.09 04:00,1785.68,1789.21,1783.56,1787.12
2022.08.09 08:00,1787.10,1794.60,1786.38,1789.41
2022.08.09 12:00,1789.48,1800.35,1788.01,1796.16
2022.08.09 16:00,1796.16,1798.28,1793.28,1794.02
2022.08.09 20:00,1794.02,1795.02,1793.26,1794.13
2022.08.10 00:00,1794.13,1794.59,1790.95,1791.26
2022.08.10 04:00,1791.25,1791.80,1787.56,1790.39
2022.08.10 08:00,1790.41,1795.27,1788.59,1792.33
2022.08.10 12:00,1792.31,1807.95,1787.73,1798.02
2022.08.10 16:00,1798.03,1800.07,1788.10,1790.29
2022.08.10 20:00,1790.27,1792.29,1789.95,1791.69
2022.08.11 00:00,1791.69,1792.43,1784.42,1785.78
2022.08.11 04:00,1785.82,1788.26,1783.45,1788.04
2022.08.11 08:00,1787.97,1795.07,1785.64,1794.85
2022.08.11 12:00,1794.81,1799.25,1786.34,1790.43
2022.08.11 16:00,1790.44,1791.92,1785.01,1785.66
2022.08.11 20:00,1785.66,1790.12,1785.59,1788.87
2022.08.12 00:00,1788.87,1791.42,1786.18,1791.00
2022.08.12 04:00,1790.99,1794.09,1787.25,1788.73
2022.08.12 08:00,1788.75,1789.73,1784.87,1785.35
2022.08.12 12:00,1785.35,1798.69,1784.92,1794.88
2022.08.12 16:00,1794.88,1802.12,1794.88,1801.36
2022.08.12 20:00,1801.37,1802.59,1800.26,1802.24
2022.08.14 20:00,1800.29,1800.57,1798.98,1799.09
2022.08.15 00:00,1799.04,1801.74,1793.84,1795.40
2022.08.15 04:00,1795.40,1795.42,1786.19,1786.92
2022.08.15 08:00,1786.92,1788.13,1772.94,1775.05
2022.08.15 12:00,1775.11,1786.40,1773.06,1780.76
2022.08.15 16:00,1780.84,1784.12,1777.47,1778.95
2022.08.15 20:00,1778.95,1780.40,1777.67,1778.50
2022.08.16 00:00,1778.59,1783.12,1776.81,1781.27
2022.08.16 04:00,1781.23,1782.13,1775.93,1775.94
2022.08.16 08:00,1775.94,1777.88,1773.80,1775.99
2022.08.16 12:00,1776.00,1778.63,1771.47,1774.37
2022.08.16 16:00,1774.34,1777.56,1772.80,1775.82
2022.08.16 20:00,1775.80,1776.06,1774.95,1775.59
2022.08.17 00:00,1775.53,1776.90,1773.82,1775.80
2022.08.17 04:00,1775.87,1782.26,1773.45,1773.54
2022.08.17 08:00,1773.52,1776.96,1767.21,1769.30
2022.08.17 12:00,1769.28,1773.67,1761.33,1762.13
2022.08.17 16:00,1762.12,1770.17,1759.83,1764.48
2022.08.17 20:00,1764.50,1765.33,1761.78,1764.89
2022.08.18 00:00,1764.91,1767.51,1761.71,1762.32
2022.08.18 04:00,1762.34,1765.36,1760.61,1762.60
2022.08.18 08:00,1762.58,1772.40,1762.39,1770.45
2022.08.18 12:00,1770.45,1772.02,1757.76,1759.76
2022.08.18 16:00,1759.76,1761.21,1755.32,1759.56
2022.08.18 20:00,1759.58,1759.68,1757.22,1758.38
2022.08.19 00:00,1758.39,1758.54,1753.41,1754.19
2022.08.19 04:00,1754.22,1757.38,1751.52,1753.98
2022.08.19 08:00,1753.95,1754.83,1749.80,1752.98
2022.08.19 12:00,1752.98,1758.11,1745.74,1749.12
2022.08.19 16:00,1749.12,1750.94,1745.56,1746.53
2022.08.19 20:00,1746.50,1747.47,1746.26,1746.96
2022.08.21 20:00,1747.13,1747.58,1745.01,1745.66
2022.08.22 00:00,1745.62,1749.05,1744.89,1746.50
2022.08.22 04:00,1746.50,1746.50,1736.48,1737.10
2022.08.22 08:00,1737.06,1738.52,1730.67,1733.31
2022.08.22 12:00,1733.28,1740.03,1727.71,1736.80
2022.08.22 16:00,1736.80,1737.78,1733.76,1734.93
2022.08.22 20:00,1734.91,1736.26,1734.34,1735.20
2022.08.23 00:00,1735.24,1740.51,1734.13,1738.38
2022.08.23 04:00,1738.43,1738.85,1734.67,1738.33
2022.08.23 08:00,1738.26,1743.84,1734.44,1738.02
2022.08.23 12:00,1738.01,1754.03,1730.79,1749.71
2022.08.23 16:00,1749.71,1750.48,1745.88,1747.23
2022.08.23 20:00,1747.20,1748.46,1745.37,1746.02
2022.08.24 00:00,1746.02,1747.69,1743.98,1745.43
2022.08.24 04:00,1745.41,1748.12,1744.14,1747.87
2022.08.24 08:00,1747.90,1753.61,1742.45,1745.44
2022.08.24 12:00,1745.45,1755.81,1742.95,1751.20
2022.08.24 16:00,1751.18,1753.03,1747.70,1752.08
2022.08.24 20:00,1752.03,1752.68,1750.61,1750.94
2022.08.25 00:00,1750.94,1757.74,1749.87,1756.40
2022.08.25 04:00,1756.40,1763.73,1755.42,1762.37
2022.08.25 08:00,1762.38,1765.41,1761.75,1762.46
2022.08.25 12:00,1762.46,1762.76,1752.25,1755.31
2022.08.25 16:00,1755.31,1759.83,1754.35,1757.27
2022.08.25 20:00,1757.24,1758.77,1756.02,1756.34
2022.08.26 00:00,1756.35,1757.45,1752.27,1757.39
2022.08.26 04:00,1757.38,1758.75,1751.78,1753.04
2022.08.26 08:00,1753.05,1753.10,1743.68,1745.07
2022.08.26 12:00,1745.07,1756.08,1734.29,1737.08
2022.08.26 16:00,1737.07,1739.46,1734.14,1736.89
2022.08.26 20:00,1736.79,1738.77,1736.45,1737.54
2022.08.28 20:00,1735.86,1736.75,1733.52,1734.77
2022.08.29 00:00,1734.79,1736.11,1723.30,1724.53
2022.08.29 04:00,1724.53,1725.83,1720.48,1721.57
2022.08.29 08:00,1721.57,1729.73,1720.31,1727.62
2022.08.29 12:00,1727.61,1745.40,1725.68,1740.47
2022.08.29 16:00,1740.47,1740.75,1735.89,1737.76
2022.08.29 20:00,1737.76,1739.76,1736.34,1739.45
2022.08.30 00:00,1739.46,1740.48,1733.84,1734.97
2022.08.30 04:00,1734.97,1736.98,1729.02,1731.32
2022.08.30 08:00,1731.31,1737.88,1730.97,1732.95
2022.08.30 12:00,1732.95,1733.42,1721.13,1726.08
2022.08.30 16:00,1726.05,1727.07,1722.99,1723.15
2022.08.30 20:00,1723.16,1724.44,1722.69,1723.35
2022.08.31 00:00,1723.33,1724.45,1720.58,1723.87
2022.08.31 04:00,1723.87,1726.51,1719.41,1720.91
2022.08.31 08:00,1720.89,1721.83,1709.60,1713.91
2022.08.31 12:00,1713.92,1723.45,1709.78,1718.70
2022.08.31 16:00,1718.70,1719.13,1709.76,1710.12
2022.08.31 20:00,1710.14,1711.32,1707.69,1708.93
2022.09.01 00:00,1708.92,1708.92,1702.19,1704.65
2022.09.01 04:00,1704.57,1708.47,1702.66,1705.05
2022.09.01 08:00,1705.04,1708.70,1699.91,1701.77
2022.09.01 12:00,1701.72,1704.08,1688.77,1695.46
2022.09.01 16:00,1695.46,1699.67,1694.43,1694.66
2022.09.01 20:00,1694.68,1697.83,1694.27,1697.12
2022.09.02 00:00,1697.11,1700.24,1696.29,1699.55
2022.09.02 04:00,1699.54,1704.55,1698.62,1703.67
2022.09.02 08:00,1703.67,1707.35,1702.09,1705.79
2022.09.02 12:00,1705.79,1717.95,1704.13,1716.18
2022.09.02 16:00,1716.18,1716.40,1708.81,1709.58
2022.09.02 20:00,1709.52,1712.71,1709.25,1712.34
2022.09.04 20:00,1710.15,1710.22,1707.89,1707.95
2022.09.05 00:00,1707.91,1712.80,1707.68,1711.99
2022.09.05 04:00,1712.01,1713.99,1708.19,1710.75
2022.09.05 08:00,1710.72,1715.77,1710.42,1713.58
2022.09.05 12:00,1713.61,1713.80,1710.01,1710.43
2022.09.05 16:00,1710.43,1712.23,1709.52,1710.01
2022.09.05 20:00,1712.79,1714.35,1712.37,1713.85
2022.09.06 00:00,1713.85,1726.71,1713.56,1717.78
2022.09.06 04:00,1717.77,1720.77,1713.57,1715.81
2022.09.06 08:00,1715.72,1716.03,1710.64,1714.57
2022.09.06 12:00,1714.54,1714.95,1701.26,1703.02
2022.09.06 16:00,1703.02,1704.37,1699.79,1700.09
2022.09.06 20:00,1700.10,1703.90,1699.87,1703.50
2022.09.07 00:00,1703.55,1703.75,1692.36,1693.38
2022.09.07 04:00,1693.34,1703.63,1691.37,1703.14
2022.09.07 08:00,1703.14,1707.21,1700.23,1701.08
2022.09.07 12:00,1701.09,1713.44,1696.98,1710.45
2022.09.07 16:00,1710.46,1719.23,1709.54,1717.26
2022.09.07 20:00,1717.26,1719.37,1716.06,1716.62
2022.09.08 00:00,1716.62,1719.32,1713.52,1714.42
2022.09.08 04:00,1714.39,1722.87,1713.87,1717.56
2022.09.08 08:00,1717.61,1728.13,1716.18,1723.80
2022.09.08 12:00,1723.77,1726.55,1703.90,1707.19
2022.09.08 16:00,1707.19,1711.63,1704.89,1706.82
2022.09.08 20:00,1706.81,1710.86,1706.81,1710.62
2022.09.09 00:00,1710.63,1720.58,1709.66,1719.26
2022.09.09 04:00,1719.30,1729.46,1718.15,1727.15
2022.09.09 08:00,1727.13,1729.39,1719.65,1720.92
2022.09.09 12:00,1720.93,1722.48,1711.32,1716.82
2022.09.09 16:00,1716.87,1720.30,1714.54,1715.68
2022.09.09 20:00,1715.64,1717.85,1715.39,1717.39
2022.09.11 20:00,1719.51,1719.51,1717.64,1718.46
2022.09.12 00:00,1718.46,1718.75,1712.24,1713.63
2022.09.12 04:00,1713.63,1726.45,1711.90,1724.26
2022.09.12 08:00,1724.29,1729.84,1721.88,1729.59
2022.09.12 12:00,1729.59,1735.06,1723.63,1734.13
2022.09.12 16:00,1734.13,1734.79,1723.73,1724.48
2022.09.12 20:00,1724.48,1726.38,1723.96,1725.30
2022.09.13 00:00,1725.27,1727.58,1720.62,1721.31
2022.09.13 04:00,1721.19,1725.29,1719.95,1723.82
2022.09.13 08:00,1723.84,1731.45,1721.88,1729.70
2022.09.13 12:00,1729.70,1731.81,1697.03,1700.99
2022.09.13 16:00,1700.99,1707.25,1700.55,1702.45
2022.09.13 20:00,1702.49,1703.29,1701.38,1702.10
2022.09.14 00:00,1702.06,1703.59,1697.24,1700.37
2022.09.14 04:00,1700.41,1705.07,1698.84,1703.12
2022.09.14 08:00,1703.13,1706.12,1701.04,1701.56
2022.09.14 12:00,1701.63,1707.04,1699.12,1703.60
2022.09.14 16:00,1703.60,1703.79,1693.59,1695.61
2022.09.14 20:00,1695.61,1698.18,1695.15,1697.53
2022.09.15 00:00,1697.53,1697.83,1690.67,1692.70
2022.09.15 04:00,1692.68,1693.25,1685.57,1689.82
2022.09.15 08:00,1689.80,1691.23,1684.08,1686.32
2022.09.15 12:00,1686.31,1692.32,1663.56,1664.37
2022.09.15 16:00,1664.39,1669.26,1660.27,1663.87
2022.09.15 20:00,1663.86,1665.21,1661.30,1662.38
2022.09.16 00:00,1662.40,1667.61,1661.20,1664.32
2022.09.16 04:00,1664.29,1665.40,1654.30,1655.76
2022.09.16 08:00,1655.76,1667.78,1654.05,1665.37
2022.09.16 12:00,1665.37,1680.27,1657.13,1673.90
2022.09.16 16:00,1673.89,1677.71,1671.05,1673.19
2022.09.16 20:00,1673.18,1676.13,1673.08,1675.23
2022.09.18 20:00,1678.25,1679.90,1677.38,1677.90
2022.09.19 00:00,1677.90,1678.70,1668.13,1669.20
2022.09.19 04:00,1669.18,1669.69,1659.59,1662.80
2022.09.19 08:00,1662.77,1666.83,1660.62,1661.95
2022.09.19 12:00,1662.02,1675.27,1661.37,1670.61
2022.09.19 16:00,1670.63,1674.77,1668.86,1674.54
2022.09.19 20:00,1674.47,1675.91,1674.15,1675.71
2022.09.20 00:00,1675.71,1679.39,1673.37,1676.95
2022.09.20 04:00,1677.19,1677.19,1670.22,1672.56
2022.09.20 08:00,1672.48,1672.50,1666.06,1668.82
2022.09.20 12:00,1668.89,1669.26,1659.91,1665.59
2022.09.20 16:00,1665.59,1666.32,1661.57,1664.99
2022.09.20 20:00,1665.04,1666.63,1664.16,1666.35
2022.09.21 00:00,1666.38,1667.42,1662.83,1663.77
2022.09.21 04:00,1663.74,1676.23,1661.72,1670.99
2022.09.21 08:00,1670.92,1677.59,1669.41,1675.08
2022.09.21 12:00,1675.07,1676.30,1665.73,1667.54
2022.09.21 16:00,1667.54,1687.94,1653.82,1672.49
2022.09.21 20:00,1672.48,1674.73,1665.78,1667.10
2022.09.22 00:00,1667.09,1667.18,1656.73,1660.52
2022.09.22 04:00,1660.52,1663.70,1655.65,1658.80
2022.09.22 08:00,1658.85,1678.10,1657.88,1672.14
2022.09.22 12:00,1672.12,1684.87,1667.92,1671.49
2022.09.22 16:00,1671.49,1676.34,1669.34,1671.82
2022.09.22 20:00,1671.86,1672.91,1670.67,1672.73
2022.09.23 00:00,1672.71,1675.81,1668.56,1669.14
2022.09.23 04:00,1669.19,1674.10,1666.30,1667.35
2022.09.23 08:00,1667.39,1668.32,1641.15,1647.71
2022.09.23 12:00,1647.66,1657.88,1641.56,1646.18
2022.09.23 16:00,1646.18,1648.43,1639.73,1643.07
2022.09.23 20:00,1643.03,1645.10,1642.86,1643.29
2022.09.25 20:00,1643.92,1644.53,1642.49,1644.05
2022.09.26 00:00,1644.02,1645.62,1626.83,1638.42
2022.09.26 04:00,1638.45,1649.76,1634.56,1643.91
2022.09.26 08:00,1643.99,1647.50,1636.20,1639.93
2022.09.26 12:00,1639.95,1648.29,1634.19,1634.39
2022.09.26 16:00,1634.37,1635.24,1621.74,1624.21
2022.09.26 20:00,1624.21,1628.63,1621.07,1627.54
2022.09.27 00:00,1627.55,1632.86,1627.45,1631.17
2022.09.27 04:00,1631.14,1640.57,1630.90,1637.28
2022.09.27 08:00,1637.26,1642.37,1632.41,1636.70
2022.09.27 12:00,1636.69,1640.43,1631.91,1634.07
2022.09.27 16:00,1634.07,1634.16,1626.58,1627.27
2022.09.27 20:00,1627.27,1629.92,1627.27,1628.87
2022.09.28 00:00,1628.84,1630.52,1622.87,1624.53
2022.09.28 04:00,1624.55,1625.69,1614.74,1621.83
2022.09.28 08:00,1621.89,1631.56,1615.86,1624.39
2022.09.28 12:00,1624.39,1659.82,1624.16,1658.66
2022.09.28 16:00,1658.68,1662.66,1655.17,1660.54
2022.09.28 20:00,1660.54,1660.63,1656.15,1656.15
2022.09.29 00:00,1656.17,1659.29,1651.88,1654.33
2022.09.29 04:00,1654.42,1654.48,1641.45,1644.93
2022.09.29 08:00,1644.91,1652.17,1643.44,1651.34
2022.09.29 12:00,1651.39,1662.00,1644.47,1660.00
2022.09.29 16:00,1659.93,1664.87,1657.19,1661.12
2022.09.29 20:00,1661.05,1665.14,1659.55,1664.54
2022.09.30 00:00,1664.62,1665.27,1659.18,1662.24
2022.09.30 04:00,1662.22,1674.29,1661.15,1673.09
2022.09.30 08:00,1673.12,1674.11,1662.68,1663.24
2022.09.30 12:00,1663.27,1675.38,1662.02,1671.29
2022.09.30 16:00,1671.31,1671.70,1660.08,1661.79
2022.09.30 20:00,1661.77,1662.48,1660.42,1660.71
2022.10.02 20:00,1664.54,1664.84,1663.72,1664.16
2022.10.03 00:00,1664.09,1669.43,1663.42,1663.88
2022.10.03 04:00,1663.89,1668.25,1661.82,1663.80
2022.10.03 08:00,1663.66,1666.84,1659.67,1666.20
2022.10.03 12:00,1666.26,1694.08,1663.83,1690.32
2022.10.03 16:00,1690.32,1701.43,1687.27,1700.70
2022.10.03 20:00,1700.41,1702.52,1698.48,1701.01
2022.10.04 00:00,1700.97,1701.22,1695.11,1699.66
2022.10.04 04:00,1699.68,1710.71,1697.40,1708.09
2022.10.04 08:00,1708.07,1712.50,1700.51,1705.88
2022.10.04 12:00,1705.82,1728.85,1704.01,1725.74
2022.10.04 16:00,1725.74,1729.38,1719.98,1724.76
2022.10.04 20:00,1724.78,1726.42,1723.65,1725.44
2022.10.05 00:00,1725.46,1725.65,1717.80,1719.26
2022.10.05 04:00,1719.27,1727.78,1715.05,1716.35
2022.10.05 08:00,1716.39,1716.47,1703.09,1706.21
2022.10.05 12:00,1706.13,1714.16,1700.50,1709.07
2022.10.05 16:00,1709.07,1718.60,1707.63,1716.12
2022.10.05 20:00,1716.27,1718.79,1715.59,1718.39
2022.10.06 00:00,1718.47,1724.21,1718.00,1722.22
2022.10.06 04:00,1722.21,1725.53,1719.69,1724.73
2022.10.06 08:00,1724.65,1724.80,1710.86,1714.90
2022.10.06 12:00,1714.88,1719.65,1708.16,1708.19
2022.10.06 16:00,1708.19,1715.14,1706.88,1714.38
2022.10.06 20:00,1714.38,1714.60,1711.25,1711.94
2022.10.07 00:00,1711.98,1713.41,1709.12,1709.83
2022.10.07 04:00,1709.83,1714.03,1708.40,1710.89
2022.10.07 08:00,1710.89,1714.78,1706.20,1709.13
2022.10.07 12:00,1709.10,1713.31,1690.52,1703.13
2022.10.07 16:00,1703.08,1707.21,1693.21,1695.61
2022.10.07 20:00,1695.56,1695.91,1694.33,1694.71
2022.10.09 20:00,1697.41,1698.21,1695.70,1696.72
2022.10.10 00:00,1696.72,1697.27,1687.13,1688.81
2022.10.10 04:00,1688.80,1689.55,1682.15,1682.73
2022.10.10 08:00,1682.73,1684.50,1673.92,1676.93
2022.10.10 12:00,1676.93,1679.13,1665.62,1666.89
2022.10.10 16:00,1666.86,1671.60,1666.76,1668.90
2022.10.10 20:00,1668.91,1670.22,1667.42,1670.09
2022.10.11 00:00,1670.08,1673.57,1661.30,1664.10
2022.10.11 04:00,1664.12,1669.67,1661.82,1664.65
2022.10.11 08:00,1664.56,1670.59,1660.98,1670.19
2022.10.11 12:00,1670.14,1681.74,1663.46,1681.54
2022.10.11 16:00,1681.57,1683.93,1663.75,1666.36
2022.10.11 20:00,1666.45,1667.43,1663.86,1664.05
2022.10.12 00:00,1664.00,1666.84,1661.34,1665.34
2022.10.12 04:00,1665.34,1675.38,1664.77,1668.94
2022.10.12 08:00,1668.94,1673.33,1667.77,1668.47
2022.10.12 12:00,1668.49,1673.21,1664.60,1669.49
2022.10.12 16:00,1669.49,1678.28,1667.65,1675.05
2022.10.12 20:00,1675.00,1675.54,1672.42,1674.53
2022.10.13 00:00,1674.44,1675.35,1668.99,1669.27
2022.10.13 04:00,1669.27,1672.46,1667.00,1672.31
2022.10.13 08:00,1672.34,1682.44,1670.62,1678.78
2022.10.13 12:00,1678.74,1678.85,1642.32,1665.65
2022.10.13 16:00,1665.73,1672.54,1662.95,1663.91
2022.10.13 20:00,1663.89,1666.62,1662.91,1663.44
2022.10.14 00:00,1663.33,1670.24,1658.89,1669.02
2022.10.14 04:00,1669.02,1671.68,1663.58,1667.02
2022.10.14 08:00,1667.04,1667.15,1650.17,1654.89
2022.10.14 12:00,1654.91,1663.98,1644.70,1644.70
2022.10.14 16:00,1644.70,1648.88,1640.15,1642.76
2022.10.14 20:00,1642.83,1644.59,1642.62,1643.77
2022.10.16 20:00,1645.41,1647.68,1645.16,1647.51
2022.10.17 00:00,1647.49,1652.64,1646.28,1650.13
2022.10.17 04:00,1650.15,1657.46,1648.35,1655.95
2022.10.17 08:00,1655.95,1660.57,1652.92,1658.00
2022.10.17 12:00,1658.00,1668.42,1657.02,1663.29
2022.10.17 16:00,1663.29,1663.41,1646.70,1647.95
2022.10.17 20:00,1647.93,1651.40,1647.77,1650.67
2022.10.18 00:00,1650.65,1653.47,1648.86,1652.42
2022.10.18 04:00,1652.47,1660.84,1651.26,1656.37
2022.10.18 08:00,1656.37,1657.57,1648.62,1652.84
2022.10.18 12:00,1652.88,1657.31,1645.80,1649.77
2022.10.18 16:00,1649.73,1652.77,1648.19,1651.40
2022.10.18 20:00,1651.37,1654.41,1650.66,1652.38
2022.10.19 00:00,1652.38,1653.41,1649.09,1649.27
2022.10.19 04:00,1649.28,1649.50,1637.67,1644.75
2022.10.19 08:00,1644.83,1644.83,1631.83,1635.22
2022.10.19 12:00,1635.18,1637.77,1630.37,1630.55
2022.10.19 16:00,1630.55,1631.25,1627.66,1629.53
2022.10.19 20:00,1629.61,1629.61,1626.38,1627.13
2022.10.20 00:00,1627.13,1629.39,1622.45,1626.21
2022.10.20 04:00,1626.21,1635.00,1625.14,1632.73
2022.10.20 08:00,1632.73,1639.28,1628.72,1637.30
2022.10.20 12:00,1637.29,1645.63,1630.38,1641.25
2022.10.20 16:00,1641.27,1641.43,1624.73,1626.90
2022.10.20 20:00,1626.90,1628.29,1625.27,1626.93
2022.10.21 00:00,1627.05,1628.24,1620.65,1621.59
2022.10.21 04:00,1621.59,1627.27,1617.22,1623.77
2022.10.21 08:00,1623.73,1628.04,1619.20,1623.14
2022.10.21 12:00,1623.14,1650.98,1619.15,1650.89
2022.10.21 16:00,1650.83,1657.09,1647.32,1655.22
2022.10.21 20:00,1655.20,1657.96,1654.00,1657.66
2022.10.23 20:00,1659.05,1670.62,1656.57,1661.18
2022.10.24 00:00,1660.79,1663.27,1651.84,1653.98
2022.10.24 04:00,1654.02,1658.64,1648.84,1649.26
2022.10.24 08:00,1649.28,1652.34,1644.37,1650.08
2022.10.24 12:00,1650.06,1654.44,1643.88,1651.74
2022.10.24 16:00,1651.77,1652.64,1647.74,1650.35
2022.10.24 20:00,1650.31,1652.52,1648.84,1651.71
2022.10.25 00:00,1651.74,1654.84,1647.15,1651.57
2022.10.25 04:00,1651.48,1652.17,1644.46,1645.19
2022.10.25 08:00,1645.19,1648.31,1638.21,1643.76
2022.10.25 12:00,1643.79,1662.30,1639.01,1655.99
2022.10.25 16:00,1655.99,1657.07,1652.09,1653.94
2022.10.25 20:00,1653.93,1653.94,1651.02,1652.71
2022.10.26 00:00,1652.77,1657.62,1649.71,1657.02
2022.10.26 04:00,1657.01,1671.52,1655.15,1670.88
2022.10.26 08:00,1670.92,1674.86,1666.67,1668.49
2022.10.26 12:00,1668.51,1672.56,1660.56,1667.19
2022.10.26 16:00,1667.19,1669.00,1663.57,1664.68
2022.10.26 20:00,1664.76,1667.55,1663.22,1667.52
2022.10.27 00:00,1667.49,1670.72,1662.29,1664.64
2022.10.27 04:00,1664.62,1669.67,1659.02,1662.70
2022.10.27 08:00,1662.71,1666.72,1659.83,1662.00
2022.10.27 12:00,1662.01,1665.65,1654.79,1661.25
2022.10.27 16:00,1661.25,1662.49,1656.68,1662.30
2022.10.27 20:00,1662.26,1663.45,1660.95,1661.81
2022.10.28 00:00,1661.85,1667.00,1660.51,1664.72
2022.10.28 04:00,1664.74,1665.36,1651.27,1652.51
2022.10.28 08:00,1652.52,1653.62,1646.23,1650.38
2022.10.28 12:00,1650.39,1652.97,1637.97,1639.60
2022.10.28 16:00,1639.60,1645.15,1638.83,1645.11
2022.10.28 20:00,1645.10,1645.69,1643.70,1644.10
2022.10.30 20:00,1644.16,1645.33,1643.28,1643.43
2022.10.31 00:00,1643.44,1645.07,1640.57,1644.31
2022.10.31 04:00,1644.28,1645.63,1640.48,1641.15
2022.10.31 08:00,1641.13,1642.03,1635.59,1639.77
2022.10.31 12:00,1639.75,1642.06,1633.40,1638.94
2022.10.31 16:00,1638.94,1640.30,1631.68,1632.05
2022.10.31 20:00,1632.10,1633.67,1631.74,1632.44
2022.11.01 00:00,1632.48,1640.09,1630.59,1637.52
2022.11.01 04:00,1637.54,1649.81,1636.44,1645.29
2022.11.01 08:00,1645.31,1655.28,1645.25,1652.19
2022.11.01 12:00,1652.41,1656.95,1642.06,1644.37
2022.11.01 16:00,1644.37,1651.09,1642.83,1648.16
2022.11.01 20:00,1648.21,1648.34,1646.34,1646.77
2022.11.02 00:00,1646.77,1653.33,1646.62,1650.78
2022.11.02 04:00,1650.79,1653.34,1649.34,1652.79
2022.11.02 08:00,1652.80,1656.94,1651.89,1655.14
2022.11.02 12:00,1655.27,1658.83,1645.62,1646.39
2022.11.02 16:00,1646.42,1669.53,1635.73,1636.98
2022.11.02 20:00,1636.95,1638.15,1631.76,1633.67
2022.11.03 00:00,1633.65,1640.91,1632.78,1637.70
2022.11.03 04:00,1637.72,1638.90,1628.40,1629.97
2022.11.03 08:00,1629.97,1630.01,1616.60,1619.79
2022.11.03 12:00,1619.52,1631.44,1617.16,1625.89
2022.11.03 16:00,1625.91,1632.36,1624.86,1630.93
2022.11.03 20:00,1630.94,1631.22,1629.17,1629.75
2022.11.04 00:00,1629.82,1640.03,1629.26,1639.17
2022.11.04 04:00,1639.17,1649.74,1638.57,1644.85
2022.11.04 08:00,1644.83,1653.51,1643.72,1651.31
2022.11.04 12:00,1651.37,1675.44,1643.36,1671.20
2022.11.04 16:00,1671.20,1681.67,1667.79,1680.80
2022.11.04 20:00,1680.79,1681.73,1679.61,1681.15
2022.11.06 20:00,1674.14,1680.19,1672.32,1672.75
2022.11.07 00:00,1672.90,1675.22,1670.27,1673.54
2022.11.07 04:00,1673.50,1674.80,1666.87,1668.13
2022.11.07 08:00,1668.09,1680.40,1667.10,1677.03
2022.11.07 12:00,1677.00,1681.83,1673.53,1678.94
2022.11.07 16:00,1678.94,1680.25,1675.14,1675.46
2022.11.07 20:00,1675.46,1676.26,1673.63,1674.14
2022.11.08 00:00,1674.14,1676.65,1672.16,1672.84
2022.11.08 04:00,1672.84,1673.40,1668.17,1670.34
2022.11.08 08:00,1670.33,1673.34,1664.71,1672.56
2022.11.08 12:00,1672.58,1714.17,1670.00,1713.01
2022.11.08 16:00,1713.09,1716.86,1708.23,1711.66
2022.11.08 20:00,1711.66,1713.36,1710.67,1711.62
2022.11.09 00:00,1711.62,1712.52,1706.93,1709.30
2022.11.09 04:00,1709.30,1712.75,1707.42,1711.63
2022.11.09 08:00,1711.64,1715.82,1703.90,1708.71
2022.11.09 12:00,1708.81,1722.31,1703.11,1711.51
2022.11.09 16:00,1711.55,1714.35,1702.15,1703.79
2022.11.09 20:00,1703.79,1707.46,1703.38,1706.45
2022.11.10 00:00,1706.45,1710.09,1705.10,1709.36
2022.11.10 04:00,1709.39,1712.53,1705.26,1705.88
2022.11.10 08:00,1705.90,1710.25,1704.02,1707.47
2022.11.10 12:00,1707.55,1753.29,1706.88,1750.99
2022.11.10 16:00,1750.98,1754.81,1743.61,1754.14
2022.11.10 20:00,1754.11,1757.26,1752.05,1752.15
2022.11.11 00:00,1752.15,1753.40,1747.22,1751.25
2022.11.11 04:00,1751.24,1764.32,1749.79,1761.05
2022.11.11 08:00,1761.03,1766.60,1755.01,1759.28
2022.11.11 12:00,1759.28,1766.05,1755.51,1763.70
2022.11.11 16:00,1763.70,1767.95,1759.64,1767.94
2022.11.11 20:00,1768.09,1772.76,1765.43,1771.24
2022.11.13 20:00,1766.39,1766.67,1761.35,1763.41
2022.11.14 00:00,1763.41,1766.25,1760.82,1763.38
2022.11.14 04:00,1763.38,1763.65,1757.92,1762.29
2022.11.14 08:00,1762.29,1766.14,1753.23,1756.29
2022.11.14 12:00,1756.19,1775.05,1755.47,1771.48
2022.11.14 16:00,1771.53,1773.92,1766.56,1772.92
2022.11.14 20:00,1772.97,1774.45,1769.09,1769.39
2022.11.15 00:00,1769.49,1772.39,1767.00,1771.22
2022.11.15 04:00,1771.19,1784.41,1768.65,1782.84
2022.11.15 08:00,1782.86,1783.03,1772.92,1776.81
2022.11.15 12:00,1776.81,1786.52,1768.22,1771.18
2022.11.15 16:00,1771.16,1785.81,1768.04,1778.50
2022.11.15 20:00,1778.50,1781.21,1776.69,1780.82
2022.11.16 00:00,1780.87,1781.37,1771.70,1771.86
2022.11.16 04:00,1771.85,1777.71,1770.32,1776.74
2022.11.16 08:00,1776.74,1785.03,1775.91,1783.47
2022.11.16 12:00,1783.42,1783.47,1772.90,1779.59
2022.11.16 16:00,1779.53,1780.05,1770.91,1774.47
2022.11.16 20:00,1774.51,1776.19,1773.02,1773.89
2022.11.17 00:00,1773.89,1774.72,1762.96,1763.94
2022.11.17 04:00,1764.00,1769.00,1761.40,1766.93
2022.11.17 08:00,1766.97,1771.04,1761.48,1765.52
2022.11.17 12:00,1765.52,1767.61,1754.44,1760.33
2022.11.17 16:00,1760.27,1762.32,1755.44,1760.80
2022.11.17 20:00,1760.81,1761.41,1759.31,1760.06
2022.11.18 00:00,1760.06,1765.65,1759.97,1764.79
2022.11.18 04:00,1764.79,1766.93,1761.14,1765.58
2022.11.18 08:00,1765.53,1767.64,1759.95,1760.32
2022.11.18 12:00,1760.32,1764.12,1749.89,1757.32
2022.11.18 16:00,1757.27,1757.92,1747.50,1748.39
2022.11.18 20:00,1748.34,1751.04,1747.66,1750.75
2022.11.20 20:00,1750.03,1752.63,1750.03,1752.19
2022.11.21 00:00,1752.11,1752.99,1743.94,1746.81
2022.11.21 04:00,1746.81,1747.41,1742.06,1742.64
2022.11.21 08:00,1742.55,1744.16,1736.98,1740.06
2022.11.21 12:00,1739.99,1746.95,1735.94,1736.73
2022.11.21 16:00,1736.70,1739.64,1732.50,1735.39
2022.11.21 20:00,1735.39,1739.26,1735.39,1738.50
2022.11.22 00:00,1738.50,1745.02,1738.04,1744.22
2022.11.22 04:00,1744.22,1745.68,1740.35,1743.02
2022.11.22 08:00,1743.01,1749.69,1742.01,1748.53
2022.11.22 12:00,1748.53,1748.58,1741.67,1741.88
2022.11.22 16:00,1741.88,1742.21,1737.04,1738.20
2022.11.22 20:00,1738.15,1741.32,1737.25,1741.22
2022.11.23 00:00,1741.22,1742.91,1736.87,1737.17
2022.11.23 04:00,1737.15,1745.75,1732.93,1744.22
2022.11.23 08:00,1744.22,1744.65,1734.41,1739.48
2022.11.23 12:00,1739.47,1747.68,1726.46,1743.38
2022.11.23 16:00,1743.44,1753.34,1741.16,1751.88
2022.11.23 20:00,1751.88,1752.70,1749.01,1752.30
2022.11.24 00:00,1752.31,1756.58,1752.31,1756.30
2022.11.24 04:00,1756.32,1757.60,1752.66,1753.85
2022.11.24 08:00,1753.82,1758.64,1752.42,1758.29
2022.11.24 12:00,1758.29,1758.63,1755.13,1756.79
2022.11.24 16:00,1756.79,1757.36,1753.95,1755.02
2022.11.24 20:00,1755.32,1756.02,1754.14,1755.37
2022.11.25 00:00,1755.37,1759.66,1752.35,1759.59
2022.11.25 04:00,1759.58,1761.15,1751.51,1751.59
2022.11.25 08:00,1751.59,1754.44,1749.27,1751.06
2022.11.25 12:00,1751.07,1752.64,1745.92,1750.34
2022.11.25 16:00,1750.36,1756.33,1749.55,1754.44
2022.11.27 20:00,1754.11,1755.26,1750.07,1750.86
2022.11.28 00:00,1750.86,1753.91,1746.01,1749.59
2022.11.28 04:00,1749.59,1754.10,1748.43,1750.77
2022.11.28 08:00,1750.72,1763.73,1749.88,1758.63
2022.11.28 12:00,1758.66,1759.17,1743.03,1745.49
2022.11.28 16:00,1745.50,1746.79,1739.64,1740.25
2022.11.28 20:00,1740.25,1742.00,1739.54,1741.27
2022.11.29 00:00,1741.27,1750.53,1740.31,1750.42
2022.11.29 04:00,1750.44,1755.05,1750.06,1753.94
2022.11.29 08:00,1753.99,1759.02,1752.18,1757.34
2022.11.29 12:00,1757.34,1758.02,1746.91,1755.14
2022.11.29 16:00,1755.20,1755.52,1748.89,1750.26
2022.11.29 20:00,1750.28,1750.44,1747.87,1748.90
2022.11.30 00:00,1748.93,1754.78,1747.80,1754.76
2022.11.30 04:00,1754.83,1756.82,1752.88,1755.13
2022.11.30 08:00,1755.11,1763.11,1754.85,1762.22
2022.11.30 12:00,1762.22,1764.62,1749.09,1752.59
2022.11.30 16:00,1752.59,1768.77,1744.89,1767.74
2022.11.30 20:00,1767.74,1773.44,1766.32,1773.43
2022.12.01 00:00,1773.43,1780.00,1771.74,1776.59
2022.12.01 04:00,1776.50,1783.66,1774.62,1775.41
2022.12.01 08:00,1775.34,1781.29,1774.79,1780.52
2022.12.01 12:00,1780.53,1804.00,1780.53,1796.46
2022.12.01 16:00,1796.51,1803.36,1796.12,1803.31
2022.12.01 20:00,1803.34,1804.42,1801.10,1802.26
2022.12.02 00:00,1802.27,1802.46,1795.47,1798.22
2022.12.02 04:00,1798.25,1802.55,1795.83,1801.74
2022.12.02 08:00,1801.71,1802.92,1797.96,1798.49
2022.12.02 12:00,1798.49,1800.99,1778.58,1785.72
2022.12.02 16:00,1785.72,1798.64,1784.58,1798.53
2022.12.02 20:00,1798.47,1799.51,1797.22,1797.59
2022.12.04 20:00,1796.66,1799.27,1794.36,1799.02
2022.12.05 00:00,1799.02,1809.01,1798.61,1808.64
2022.12.05 04:00,1808.66,1809.95,1797.52,1799.85
2022.12.05 08:00,1799.85,1800.46,1793.32,1793.89
2022.12.05 12:00,1793.91,1798.40,1773.09,1777.94
2022.12.05 16:00,1777.98,1779.44,1765.81,1768.16
2022.12.05 20:00,1768.15,1770.32,1766.64,1769.43
2022.12.06 00:00,1769.43,1776.31,1768.30,1771.99
2022.12.06 04:00,1772.06,1774.88,1767.32,1771.55
2022.12.06 08:00,1771.60,1778.97,1769.29,1778.93
2022.12.06 12:00,1778.91,1780.88,1770.80,1772.60
2022.12.06 16:00,1772.60,1776.28,1767.31,1771.41
2022.12.06 20:00,1771.42,1772.71,1770.28,1771.02
2022.12.07 00:00,1771.02,1775.17,1768.72,1773.18
2022.12.07 04:00,1773.17,1775.17,1769.62,1772.80
2022.12.07 08:00,1772.76,1775.88,1771.14,1771.45
2022.12.07 12:00,1771.44,1787.76,1770.76,1780.53
2022.12.07 16:00,1780.54,1790.47,1776.32,1789.80
2022.12.07 20:00,1789.76,1790.11,1785.34,1787.07
2022.12.08 00:00,1787.07,1788.09,1781.45,1783.82
2022.12.08 04:00,1783.81,1787.09,1781.88,1785.98
2022.12.08 08:00,1785.96,1785.98,1781.66,1783.72
2022.12.08 12:00,1783.72,1794.85,1783.44,1790.24
2022.12.08 16:00,1790.24,1792.08,1786.60,1789.56
2022.12.08 20:00,1789.56,1790.22,1787.69,1789.30
2022.12.09 00:00,1789.29,1795.74,1788.45,1795.16
2022.12.09 04:00,1795.16,1797.77,1790.93,1792.77
2022.12.09 08:00,1792.75,1801.08,1788.87,1800.42
2022.12.09 12:00,1800.42,1804.57,1790.14,1796.72
2022.12.09 16:00,1796.78,1806.10,1796.02,1799.72
2022.12.09 20:00,1799.72,1799.72,1794.79,1797.11
2022.12.11 20:00,1796.73,1797.03,1794.79,1794.99
2022.12.12 00:00,1794.90,1794.96,1786.82,1787.46
2022.12.12 04:00,1787.38,1791.97,1785.49,1791.29
2022.12.12 08:00,1791.27,1795.44,1788.99,1794.36
2022.12.12 12:00,1794.41,1794.72,1783.06,1784.80
2022.12.12 16:00,1784.81,1785.30,1777.47,1781.54
2022.12.12 20:00,1781.53,1782.14,1779.51,1781.99
2022.12.13 00:00,1781.99,1786.05,1780.95,1782.46
2022.12.13 04:00,1782.54,1788.67,1781.09,1788.01
2022.12.13 08:00,1788.01,1788.33,1782.51,1787.49
2022.12.13 12:00,1787.49,1824.43,1786.62,1809.78
2022.12.13 16:00,1809.91,1815.14,1805.30,1811.37
2022.12.13 20:00,1811.39,1812.64,1809.39,1809.65
2022.12.14 00:00,1809.67,1812.63,1808.75,1809.97
2022.12.14 04:00,1809.94,1813.20,1807.44,1808.92
2022.12.14 08:00,1808.92,1810.23,1805.29,1806.65
2022.12.14 12:00,1806.65,1813.03,1804.30,1811.96
2022.12.14 16:00,1811.97,1812.34,1795.13,1805.17
2022.12.14 20:00,1805.16,1814.09,1804.22,1807.65
2022.12.15 00:00,1807.65,1807.79,1792.43,1793.07
2022.12.15 04:00,1793.07,1796.39,1787.51,1788.90
2022.12.15 08:00,1788.90,1789.85,1773.69,1778.87
2022.12.15 12:00,1778.79,1786.02,1773.75,1778.94
2022.12.15 16:00,1778.93,1779.88,1774.47,1777.86
2022.12.15 20:00,1777.85,1778.96,1775.56,1776.55
2022.12.16 00:00,1776.55,1784.13,1775.92,1779.51
2022.12.16 04:00,1779.50,1784.95,1776.46,1777.34
2022.12.16 08:00,1777.34,1785.38,1774.28,1782.47
2022.12.16 12:00,1782.45,1793.87,1782.13,1787.86
2022.12.16 16:00,1787.92,1793.15,1787.14,1792.84
2022.12.16 20:00,1792.86,1794.29,1791.76,1793.04
2022.12.18 20:00,1791.98,1793.19,1790.98,1791.05
2022.12.19 00:00,1791.02,1796.88,1790.92,1793.88
2022.12.19 04:00,1793.88,1794.66,1790.30,1793.33
2022.12.19 08:00,1793.34,1798.67,1793.32,1794.88
2022.12.19 12:00,1794.85,1795.96,1785.78,1786.11
2022.12.19 16:00,1786.15,1790.90,1783.86,1786.76
2022.12.19 20:00,1786.86,1788.03,1786.26,1787.20
2022.12.20 00:00,1787.18,1796.08,1784.56,1792.17
2022.12.20 04:00,1792.12,1795.69,1786.98,1794.11
2022.12.20 08:00,1794.08,1809.41,1793.98,1807.75
2022.12.20 12:00,1807.75,1821.09,1798.37,1815.31
2022.12.20 16:00,1815.30,1820.81,1813.81,1818.61
2022.12.20 20:00,1818.61,1819.23,1816.87,1817.23
2022.12.21 00:00,1817.22,1819.73,1814.39,1815.15
2022.12.21 04:00,1815.16,1816.41,1811.88,1816.39
2022.12.21 08:00,1816.36,1817.27,1811.83,1813.70
2022.12.21 12:00,1813.70,1823.79,1813.21,1817.81
2022.12.21 16:00,1817.78,1818.33,1813.51,1814.35
2022.12.21 20:00,1814.36,1815.56,1812.80,1814.93
2022.12.22 00:00,1814.93,1820.05,1814.61,1819.48
2022.12.22 04:00,1819.49,1820.45,1813.68,1816.97
2022.12.22 08:00,1816.87,1819.65,1813.73,1815.87
2022.12.22 12:00,1815.87,1819.93,1794.58,1795.58
2022.12.22 16:00,1795.59,1797.54,1784.81,1789.04
2022.12.22 20:00,1789.04,1795.08,1788.47,1793.50
2022.12.23 00:00,1793.50,1795.56,1791.20,1792.81
2022.12.23 04:00,1792.83,1798.24,1792.57,1797.63
2022.12.23 08:00,1797.62,1799.65,1795.09,1797.80
2022.12.23 12:00,1797.81,1801.08,1791.15,1800.49
2022.12.23 16:00,1800.49,1803.20,1793.62,1797.19
2022.12.23 20:00,1797.20,1798.59,1795.49,1798.19
2022.12.26 20:00,1800.41,1804.04,1799.97,1801.76
2022.12.27 00:00,1801.76,1806.33,1800.65,1804.46
2022.12.27 04:00,1804.43,1808.39,1803.73,1805.57
2022.12.27 08:00,1805.63,1810.46,1805.57,1809.77
2022.12.27 12:00,1809.77,1833.25,1802.27,1824.58
2022.12.27 16:00,1824.57,1826.36,1810.61,1813.00
2022.12.27 20:00,1813.03,1814.86,1812.29,1812.41
2022.12.28 00:00,1812.39,1814.50,1809.58,1810.14
2022.12.28 04:00,1810.14,1812.20,1807.36,1810.34
2022.12.28 08:00,1810.35,1811.36,1799.23,1803.25
2022.12.28 12:00,1803.28,1809.42,1798.43,1800.14
2022.12.28 16:00,1798.38,1809.19,1796.99,1805.36
2022.12.28 20:00,1805.36,1805.91,1802.73,1805.77
2022.12.29 00:00,1805.70,1809.26,1805.05,1807.57
2022.12.29 04:00,1807.61,1810.06,1804.78,1806.34
2022.12.29 08:00,1806.34,1811.97,1804.35,1806.64
2022.12.29 12:00,1806.67,1818.10,1805.17,1813.54
2022.12.29 16:00,1813.55,1820.16,1811.93,1817.31
2022.12.29 20:00,1817.26,1817.30,1813.70,1814.99
2022.12.30 00:00,1815.00,1818.99,1814.62,1816.94
2022.12.30 04:00,1816.92,1822.28,1815.25,1816.74
2022.12.30 08:00,1816.74,1820.21,1813.34,1818.90
2022.12.30 12:00,1818.96,1825.19,1814.26,1818.41
2022.12.30 16:00,1818.39,1825.94,1814.24,1821.64
2022.12.30 20:00,1821.64,1824.65,1821.31,1823.51
2023.01.02 20:00,1827.45,1830.35,1823.71,1829.37
2023.01.03 00:00,1829.38,1843.13,1826.73,1841.19
2023.01.03 04:00,1841.20,1849.94,1837.97,1847.50
2023.01.03 08:00,1847.52,1847.95,1830.83,1833.15
2023.01.03 12:00,1833.15,1849.81,1827.60,1833.21
2023.01.03 16:00,1833.22,1840.19,1828.26,1839.03
2023.01.03 20:00,1839.02,1839.81,1836.39,1836.40
2023.01.04 00:00,1836.39,1847.14,1836.10,1845.62
2023.01.04 04:00,1845.60,1858.61,1844.68,1858.24
2023.01.04 08:00,1858.21,1865.11,1856.93,1860.15
2023.01.04 12:00,1860.15,1862.66,1848.98,1857.71
2023.01.04 16:00,1857.72,1860.37,1847.04,1852.44
2023.01.04 20:00,1852.40,1857.10,1851.35,1854.80
2023.01.05 00:00,1854.72,1859.01,1853.28,1853.28
2023.01.05 04:00,1853.30,1855.67,1847.86,1849.37
2023.01.05 08:00,1849.33,1851.20,1843.83,1846.25
2023.01.05 12:00,1846.25,1848.78,1825.06,1826.82
2023.01.05 16:00,1826.83,1837.40,1825.65,1834.28
2023.01.05 20:00,1834.30,1834.30,1830.16,1832.80
2023.01.06 00:00,1832.80,1840.83,1831.26,1839.31
2023.01.06 04:00,1839.31,1840.65,1835.71,1838.30
2023.01.06 08:00,1838.31,1840.52,1833.24,1836.65
2023.01.06 12:00,1836.65,1863.16,1834.61,1862.26
2023.01.06 16:00,1862.27,1869.84,1859.87,1868.81
2023.01.06 20:00,1868.80,1869.33,1865.58,1865.84
2023.01.08 20:00,1865.27,1869.83,1865.27,1869.67
2023.01.09 00:00,1869.67,1879.45,1867.06,1877.19
2023.01.09 04:00,1877.19,1880.96,1873.71,1875.01
2023.01.09 08:00,1875.06,1876.91,1870.52,1873.10
2023.01.09 12:00,1873.10,1881.59,1872.01,1874.74
2023.01.09 16:00,1874.74,1878.48,1869.02,1875.28
2023.01.09 20:00,1875.20,1875.25,1869.19,1870.53
2023.01.10 00:00,1870.50,1876.00,1867.83,1871.82
2023.01.10 04:00,1871.85,1875.21,1870.62,1872.04
2023.01.10 08:00,1872.00,1877.30,1871.64,1875.21
2023.01.10 12:00,1875.21,1880.72,1870.36,1875.74
2023.01.10 16:00,1875.72,1877.39,1871.20,1876.58
2023.01.10 20:00,1876.57,1878.69,1875.86,1877.25
2023.01.11 00:00,1877.21,1878.40,1872.02,1877.74
2023.01.11 04:00,1877.77,1884.59,1876.87,1881.62
2023.01.11 08:00,1881.60,1886.62,1880.90,1883.02
2023.01.11 12:00,1883.02,1883.30,1869.51,1872.01
2023.01.11 16:00,1872.04,1878.54,1867.09,1877.68
2023.01.11 20:00,1877.70,1878.12,1874.45,1876.91
2023.01.12 00:00,1876.94,1884.84,1875.85,1883.54
2023.01.12 04:00,1883.54,1884.98,1879.94,1882.46
2023.01.12 08:00,1882.51,1886.26,1881.18,1885.16
2023.01.12 12:00,1885.16,1910.70,1874.25,1888.86
2023.01.12 16:00,1888.88,1899.54,1888.39,1897.79
2023.01.12 20:00,1897.76,1899.51,1894.24,1898.03
2023.01.13 00:00,1898.04,1900.93,1895.94,1897.82
2023.01.13 04:00,1897.81,1899.93,1892.23,1899.58
2023.01.13 08:00,1899.58,1909.63,1898.00,1899.71
2023.01.13 12:00,1899.71,1916.51,1893.69,1913.68
2023.01.13 16:00,1913.68,1921.86,1909.40,1920.03
2023.01.13 20:00,1920.03,1921.45,1918.42,1920.24
2023.01.15 20:00,1919.93,1921.65,1916.92,1916.92
2023.01.16 00:00,1916.95,1928.95,1916.78,1926.39
2023.01.16 04:00,1926.39,1927.02,1913.28,1917.10
2023.01.16 08:00,1917.09,1919.27,1910.83,1916.57
2023.01.16 12:00,1916.53,1917.22,1911.38,1916.05
2023.01.16 16:00,1916.04,1916.13,1912.83,1915.66
2023.01.16 20:00,1915.16,1918.36,1914.40,1917.92
2023.01.17 00:00,1917.93,1918.99,1909.44,1910.28
2023.01.17 04:00,1910.28,1913.21,1906.96,1909.96
2023.01.17 08:00,1909.96,1912.78,1904.24,1912.69
2023.01.17 12:00,1912.69,1916.66,1907.04,1911.02
2023.01.17 16:00,1911.01,1913.29,1903.78,1907.92
2023.01.17 20:00,1907.90,1910.82,1907.47,1908.71
2023.01.18 00:00,1908.71,1910.30,1899.19,1900.08
2023.01.18 04:00,1900.07,1909.01,1896.58,1907.72
2023.01.18 08:00,1907.72,1916.73,1907.72,1915.67
2023.01.18 12:00,1915.59,1925.82,1911.37,1912.30
2023.01.18 16:00,1912.32,1912.79,1901.58,1905.08
2023.01.18 20:00,1905.07,1907.37,1902.30,1906.86
2023.01.19 00:00,1906.86,1910.79,1900.94,1908.96
2023.01.19 04:00,1908.96,1912.93,1906.38,1911.35
2023.01.19 08:00,1911.38,1916.75,1906.66,1908.14
2023.01.19 12:00,1908.12,1923.31,1906.80,1918.04
2023.01.19 16:00,1918.04,1931.37,1917.65,1929.67
2023.01.19 20:00,1929.68,1935.15,1929.33,1931.69
2023.01.20 00:00,1931.69,1934.76,1927.50,1927.57
2023.01.20 04:00,1927.57,1933.07,1923.08,1933.07
2023.01.20 08:00,1933.04,1937.51,1926.51,1927.07
2023.01.20 12:00,1927.06,1930.95,1920.69,1926.32
2023.01.20 16:00,1926.39,1930.97,1922.79,1929.64
2023.01.20 20:00,1929.63,1929.91,1925.57,1925.77
2023.01.22 20:00,1925.34,1927.52,1923.75,1927.23
2023.01.23 00:00,1927.23,1935.52,1927.23,1930.57
2023.01.23 04:00,1930.57,1931.27,1919.71,1920.28
2023.01.23 08:00,1920.28,1929.32,1918.87,1925.57
2023.01.23 12:00,1925.56,1927.83,1911.37,1922.94
2023.01.23 16:00,1922.94,1929.71,1919.21,1926.40
2023.01.23 20:00,1926.40,1932.76,1925.99,1931.31
2023.01.24 00:00,1931.31,1936.97,1930.71,1933.42
2023.01.24 04:00,1933.43,1941.42,1931.86,1940.35
2023.01.24 08:00,1940.35,1942.44,1934.33,1937.19
2023.01.24 12:00,1937.23,1939.38,1917.15,1935.03
2023.01.24 16:00,1935.03,1938.24,1930.14,1938.09
2023.01.24 20:00,1938.10,1938.25,1936.35,1937.01
2023.01.25 00:00,1937.00,1939.64,1928.98,1931.77
2023.01.25 04:00,1931.77,1933.71,1925.79,1928.74
2023.01.25 08:00,1928.74,1932.43,1922.71,1925.95
2023.01.25 12:00,1925.96,1938.79,1919.83,1933.00
2023.01.25 16:00,1933.02,1943.21,1928.90,1942.35
2023.01.25 20:00,1942.38,1948.80,1942.28,1948.33
2023.01.26 00:00,1948.33,1949.15,1942.44,1947.65
2023.01.26 04:00,1947.66,1948.96,1938.01,1942.95
2023.01.26 08:00,1942.95,1945.07,1933.15,1937.04
2023.01.26 12:00,1937.09,1942.38,1923.15,1924.79
2023.01.26 16:00,1924.77,1933.17,1918.23,1931.21
2023.01.26 20:00,1931.25,1931.29,1927.87,1930.74
2023.01.27 00:00,1930.74,1934.81,1923.89,1924.75
2023.01.27 04:00,1924.71,1925.73,1919.81,1923.09
2023.01.27 08:00,1923.16,1931.42,1923.00,1930.10
2023.01.27 12:00,1930.12,1935.02,1916.68,1924.15
2023.01.27 16:00,1924.10,1932.19,1923.82,1929.98
2023.01.27 20:00,1929.94,1930.59,1926.12,1928.06
2023.01.29 20:00,1928.03,1928.94,1925.46,1928.94
2023.01.30 00:00,1928.96,1931.02,1924.32,1926.30
2023.01.30 04:00,1926.30,1934.49,1923.15,1924.53
2023.01.30 08:00,1924.53,1930.74,1920.66,1923.18
2023.01.30 12:00,1923.18,1930.41,1922.49,1925.64
2023.01.30 16:00,1925.62,1925.82,1920.82,1923.33
2023.01.30 20:00,1923.34,1923.64,1921.24,1922.11
2023.01.31 00:00,1922.11,1927.36,1920.77,1921.01
2023.01.31 04:00,1921.05,1921.86,1911.96,1914.43
2023.01.31 08:00,1914.43,1914.91,1901.17,1904.20
2023.01.31 12:00,1904.18,1929.24,1900.80,1928.59
2023.01.31 16:00,1928.58,1931.01,1926.30,1928.60
2023.01.31 20:00,1928.73,1929.13,1927.05,1927.34
2023.02.01 00:00,1927.34,1928.74,1924.48,1926.76
2023.02.01 04:00,1926.69,1929.18,1924.10,1924.92
2023.02.01 08:00,1924.93,1930.17,1923.23,1928.75
2023.02.01 12:00,1928.79,1933.26,1922.75,1931.88
2023.02.01 16:00,1931.87,1943.87,1920.53,1942.95
2023.02.01 20:00,1942.98,1956.10,1939.25,1953.06
2023.02.02 00:00,1953.01,1957.21,1950.82,1952.31
2023.02.02 04:00,1952.30,1959.72,1951.22,1955.48
2023.02.02 08:00,1955.50,1959.61,1951.63,1954.71
2023.02.02 12:00,1954.75,1955.98,1917.31,1926.14
2023.02.02 16:00,1926.13,1926.30,1911.81,1913.28
2023.02.02 20:00,1913.28,1915.42,1911.29,1915.08
2023.02.03 00:00,1915.09,1918.54,1914.01,1916.29
2023.02.03 04:00,1916.29,1918.20,1910.13,1913.63
2023.02.03 08:00,1913.69,1916.13,1909.27,1914.42
2023.02.03 12:00,1914.46,1917.07,1869.09,1873.07
2023.02.03 16:00,1873.13,1874.99,1861.42,1865.69
2023.02.03 20:00,1865.70,1866.98,1864.28,1864.52
2023.02.05 20:00,1861.69,1869.84,1859.88,1865.49
2023.02.06 00:00,1865.37,1876.67,1863.65,1876.50
2023.02.06 04:00,1876.51,1878.79,1874.32,1875.88
2023.02.06 08:00,1875.88,1881.26,1868.20,1871.57
2023.02.06 12:00,1871.57,1875.70,1863.05,1865.93
2023.02.06 16:00,1866.03,1871.27,1863.58,1865.72
2023.02.06 20:00,1865.70,1869.80,1865.21,1868.50
2023.02.07 00:00,1868.53,1875.58,1868.33,1872.76
2023.02.07 04:00,1872.75,1876.88,1871.64,1876.25
2023.02.07 08:00,1876.21,1878.00,1866.04,1867.43
2023.02.07 12:00,1867.43,1879.87,1865.73,1879.45
2023.02.07 16:00,1879.48,1884.37,1864.92,1871.77
2023.02.07 20:00,1871.82,1877.88,1867.30,1872.93
2023.02.08 00:00,1872.93,1878.37,1872.57,1876.31
2023.02.08 04:00,1876.34,1886.30,1873.22,1886.30
2023.02.08 08:00,1886.27,1886.27,1878.59,1880.21
2023.02.08 12:00,1880.23,1883.58,1869.05,1873.88
2023.02.08 16:00,1873.82,1879.88,1872.29,1876.22
2023.02.08 20:00,1876.14,1876.28,1873.85,1874.99
2023.02.09 00:00,1874.97,1880.41,1871.98,1878.68
2023.02.09 04:00,1878.66,1882.05,1876.78,1880.54
2023.02.09 08:00,1880.54,1886.14,1879.87,1882.17
2023.02.09 12:00,1882.19,1890.24,1872.55,1874.17
2023.02.09 16:00,1874.17,1875.75,1859.89,1861.90
2023.02.09 20:00,1861.92,1862.96,1858.94,1862.37
2023.02.10 00:00,1862.52,1865.48,1854.97,1855.32
2023.02.10 04:00,1855.32,1866.99,1852.71,1866.15
2023.02.10 08:00,1866.26,1872.22,1860.57,1864.73
2023.02.10 12:00,1864.69,1868.63,1859.03,1859.87
2023.02.10 16:00,1859.87,1864.72,1856.43,1863.67
2023.02.10 20:00,1863.69,1865.63,1862.67,1865.39
2023.02.12 20:00,1864.73,1865.32,1862.64,1862.70
2023.02.13 00:00,1862.76,1863.85,1858.12,1858.85
2023.02.13 04:00,1858.85,1866.55,1856.96,1863.91
2023.02.13 08:00,1863.95,1864.15,1853.92,1862.16
2023.02.13 12:00,1862.16,1863.03,1853.64,1855.23
2023.02.13 16:00,1855.23,1855.90,1850.47,1852.83
2023.02.13 20:00,1852.83,1854.56,1851.30,1854.43
2023.02.14 00:00,1854.34,1858.54,1854.04,1858.11
2023.02.14 04:00,1858.12,1864.93,1857.13,1858.68
2023.02.14 08:00,1858.69,1863.85,1853.71,1857.25
2023.02.14 12:00,1857.26,1870.65,1843.30,1852.33
2023.02.14 16:00,1852.32,1858.85,1843.89,1855.45
2023.02.14 20:00,1855.49,1856.27,1853.35,1854.91
2023.02.15 00:00,1854.89,1860.07,1847.52,1848.36
2023.02.15 04:00,1848.36,1848.85,1835.11,1835.66
2023.02.15 08:00,1835.66,1837.70,1831.80,1834.96
2023.02.15 12:00,1834.83,1838.91,1830.55,1834.16
2023.02.15 16:00,1834.17,1838.13,1831.26,1835.42
2023.02.15 20:00,1835.47,1838.57,1834.82,1836.42
2023.02.16 00:00,1836.41,1842.61,1834.48,1840.46
2023.02.16 04:00,1840.44,1841.64,1834.29,1841.35
2023.02.16 08:00,1841.33,1844.82,1834.76,1837.36
2023.02.16 12:00,1837.38,1840.43,1827.64,1834.59
2023.02.16 16:00,1834.63,1845.30,1832.41,1842.74
2023.02.16 20:00,1842.78,1842.97,1833.22,1834.33
2023.02.17 00:00,1834.33,1834.33,1826.03,1828.22
2023.02.17 04:00,1828.23,1828.52,1821.83,1824.08
2023.02.17 08:00,1824.09,1828.19,1818.91,1824.68
2023.02.17 12:00,1824.68,1840.90,1822.65,1834.42
2023.02.17 16:00,1834.42,1843.56,1834.34,1842.72
2023.02.17 20:00,1842.72,1843.59,1840.99,1842.47
2023.02.19 20:00,1840.31,1841.91,1838.40,1838.67
2023.02.20 00:00,1838.54,1843.19,1837.22,1842.80
2023.02.20 04:00,1842.80,1846.28,1841.18,1846.02
2023.02.20 08:00,1846.02,1847.45,1841.13,1844.81
2023.02.20 12:00,1844.81,1847.01,1842.33,1843.23
2023.02.20 16:00,1843.17,1844.06,1840.52,1840.90
2023.02.20 20:00,1840.90,1842.85,1840.90,1841.69
2023.02.21 00:00,1841.74,1843.79,1837.07,1838.45
2023.02.21 04:00,1838.44,1839.76,1833.55,1834.76
2023.02.21 08:00,1834.77,1836.77,1831.10,1833.81
2023.02.21 12:00,1833.82,1843.83,1830.23,1838.76
2023.02.21 16:00,1838.81,1839.50,1831.72,1834.10
2023.02.21 20:00,1834.08,1836.55,1834.08,1835.51
2023.02.22 00:00,1835.49,1838.46,1834.95,1836.18
2023.02.22 04:00,1836.19,1839.93,1834.58,1839.89
2023.02.22 08:00,1839.88,1841.12,1832.10,1838.85
2023.02.22 12:00,1838.93,1846.04,1831.31,1836.03
2023.02.22 16:00,1836.00,1837.08,1824.64,1824.90
2023.02.22 20:00,1824.95,1827.41,1823.55,1825.12
2023.02.23 00:00,1825.12,1830.43,1823.15,1827.86
2023.02.23 04:00,1827.82,1833.76,1827.50,1829.76
2023.02.23 08:00,1829.75,1829.76,1823.93,1826.48
2023.02.23 12:00,1826.48,1830.13,1817.39,1823.55
2023.02.23 16:00,1823.44,1824.13,1818.45,1822.95
2023.02.23 20:00,1822.95,1824.09,1821.40,1823.19
2023.02.24 00:00,1823.19,1827.79,1822.96,1825.70
2023.02.24 04:00,1825.73,1826.42,1821.72,1822.04
2023.02.24 08:00,1822.06,1825.58,1817.37,1819.15
2023.02.24 12:00,1819.15,1819.17,1808.93,1810.66
2023.02.24 16:00,1810.69,1814.23,1808.93,1810.97
2023.02.24 20:00,1810.96,1813.43,1810.53,1810.85
2023.02.26 20:00,1810.20,1813.03,1810.18,1811.73
2023.02.27 00:00,1811.73,1814.13,1806.64,1807.93
2023.02.27 04:00,1807.90,1812.34,1807.05,1810.69
2023.02.27 08:00,1810.70,1813.74,1808.28,1811.46
2023.02.27 12:00,1811.48,1820.11,1810.12,1815.43
2023.02.27 16:00,1815.43,1820.15,1812.60,1817.39
2023.02.27 20:00,1817.39,1818.04,1815.99,1817.17
2023.02.28 00:00,1817.17,1819.40,1814.70,1814.90
2023.02.28 04:00,1814.89,1816.95,1810.14,1810.42
2023.02.28 08:00,1810.50,1813.05,1804.63,1809.06
2023.02.28 12:00,1809.04,1826.77,1807.26,1824.18
2023.02.28 16:00,1824.06,1831.13,1824.04,1828.97
2023.02.28 20:00,1828.99,1829.32,1825.39,1825.52
2023.03.01 00:00,1825.53,1831.20,1823.02,1831.06
2023.03.01 04:00,1830.96,1836.79,1829.91,1835.51
2023.03.01 08:00,1835.48,1838.51,1830.43,1835.27
2023.03.01 12:00,1835.26,1844.51,1833.45,1842.04
2023.03.01 16:00,1842.06,1842.20,1836.49,1838.35
2023.03.01 20:00,1838.36,1838.99,1836.27,1836.55
2023.03.02 00:00,1836.55,1838.26,1831.01,1833.44
2023.03.02 04:00,1833.44,1834.81,1830.26,1831.62
2023.03.02 08:00,1831.66,1837.28,1829.96,1836.68
2023.03.02 12:00,1836.69,1839.01,1830.06,1836.65
2023.03.02 16:00,1836.65,1838.72,1832.26,1835.61
2023.03.02 20:00,1835.61,1838.15,1834.92,1837.84
2023.03.03 00:00,1837.76,1841.50,1837.76,1838.80
2023.03.03 04:00,1838.79,1844.79,1837.82,1842.73
2023.03.03 08:00,1842.73,1849.22,1842.73,1848.43
2023.03.03 12:00,1848.42,1848.66,1839.03,1844.53
2023.03.03 16:00,1844.55,1853.70,1843.85,1853.30
2023.03.03 20:00,1853.30,1856.58,1852.64,1856.08
2023.03.05 20:00,1855.10,1855.31,1852.18,1852.31
2023.03.06 00:00,1852.32,1855.84,1850.71,1854.96
2023.03.06 04:00,1854.86,1858.24,1852.74,1856.19
2023.03.06 08:00,1856.19,1857.13,1847.22,1848.44
2023.03.06 12:00,1848.44,1853.97,1848.02,1851.02
2023.03.06 16:00,1851.02,1852.75,1845.10,1846.12
2023.03.06 20:00,1846.10,1847.29,1845.64,1846.31
2023.03.07 00:00,1846.29,1850.46,1844.10,1847.56
2023.03.07 04:00,1847.54,1851.61,1845.32,1848.45
2023.03.07 08:00,1848.45,1849.62,1840.91,1841.95
2023.03.07 12:00,1841.90,1841.91,1815.62,1817.98
2023.03.07 16:00,1817.80,1823.14,1812.71,1813.89
2023.03.07 20:00,1813.89,1815.97,1812.91,1813.92
2023.03.08 00:00,1813.92,1814.12,1809.37,1809.82
2023.03.08 04:00,1809.83,1815.03,1809.83,1814.21
2023.03.08 08:00,1814.16,1816.62,1812.32,1815.01
2023.03.08 12:00,1815.05,1824.25,1812.20,1820.62
2023.03.08 16:00,1820.72,1821.85,1813.30,1816.22
2023.03.08 20:00,1816.24,1816.38,1812.85,1815.24
2023.03.09 00:00,1815.23,1816.44,1811.91,1813.69
2023.03.09 04:00,1813.69,1816.06,1812.66,1814.78
2023.03.09 08:00,1814.74,1820.34,1813.64,1818.70
2023.03.09 12:00,1818.69,1835.59,1815.44,1828.66
2023.03.09 16:00,1828.65,1835.03,1825.52,1830.55
2023.03.09 20:00,1830.55,1832.29,1829.00,1831.54
2023.03.10 00:00,1831.55,1834.85,1828.07,1829.21
2023.03.10 04:00,1829.21,1834.64,1827.73,1833.53
2023.03.10 08:00,1833.51,1837.29,1830.76,1834.95
2023.03.10 12:00,1834.95,1867.33,1831.73,1863.03
2023.03.10 16:00,1863.05,1865.38,1854.15,1863.87
2023.03.10 20:00,1863.87,1870.12,1863.57,1866.73
2023.03.12 20:00,1883.81,1889.28,1875.79,1877.79
2023.03.13 00:00,1877.76,1888.81,1872.14,1882.57
2023.03.13 04:00,1882.62,1883.70,1871.50,1876.24
2023.03.13 08:00,1876.29,1893.77,1875.48,1889.63
2023.03.13 12:00,1889.63,1913.06,1887.26,1904.85
2023.03.13 16:00,1904.87,1914.56,1903.38,1913.28
2023.03.13 20:00,1913.27,1914.09,1909.95,1912.08
2023.03.14 00:00,1912.06,1914.11,1902.59,1902.92
2023.03.14 04:00,1902.91,1913.50,1901.47,1912.62
2023.03.14 08:00,1912.62,1913.31,1900.74,1904.17
2023.03.14 12:00,1904.17,1911.96,1895.39,1904.15
2023.03.14 16:00,1904.14,1910.20,1902.23,1902.48
2023.03.14 20:00,1902.46,1904.68,1902.45,1903.07
2023.03.15 00:00,1903.07,1905.60,1899.91,1902.84
2023.03.15 04:00,1902.83,1903.46,1896.27,1896.50
2023.03.15 08:00,1896.50,1918.91,1885.67,1918.06
2023.03.15 12:00,1918.00,1930.32,1916.96,1927.14
2023.03.15 16:00,1927.10,1937.35,1909.21,1916.70
2023.03.15 20:00,1916.69,1922.83,1916.06,1921.17
2023.03.16 00:00,1921.25,1924.35,1907.49,1913.22
2023.03.16 04:00,1913.22,1920.63,1911.59,1916.65
2023.03.16 08:00,1916.72,1927.09,1915.78,1926.95
2023.03.16 12:00,1926.93,1933.48,1913.37,1918.72
2023.03.16 16:00,1918.74,1921.13,1914.40,1919.90
2023.03.16 20:00,1919.19,1922.04,1918.46,1921.34
2023.03.17 00:00,1921.37,1928.70,1918.38,1927.69
2023.03.17 04:00,1927.69,1934.33,1927.22,1930.33
2023.03.17 08:00,1930.42,1937.17,1927.30,1935.03
2023.03.17 12:00,1935.13,1964.91,1934.94,1959.31
2023.03.17 16:00,1959.31,1987.76,1955.30,1976.24
2023.03.17 20:00,1976.46,1988.91,1975.24,1988.83
2023.03.19 20:00,1977.25,1979.49,1975.81,1976.83
2023.03.20 00:00,1977.09,1978.32,1968.03,1973.22
2023.03.20 04:00,1973.25,2009.58,1972.94,2003.29
2023.03.20 08:00,2003.47,2006.07,1973.87,1983.75
2023.03.20 12:00,1983.91,1986.38,1965.82,1973.67
2023.03.20 16:00,1973.64,1984.30,1972.95,1977.09
2023.03.20 20:00,1977.59,1979.46,1976.13,1976.52
2023.03.21 00:00,1976.53,1985.04,1975.33,1983.81
2023.03.21 04:00,1983.81,1983.81,1970.30,1970.30
2023.03.21 08:00,1970.29,1970.75,1962.93,1966.22
2023.03.21 12:00,1966.17,1966.93,1943.08,1948.16
2023.03.21 16:00,1948.06,1948.89,1935.37,1940.11
2023.03.21 20:00,1940.24,1943.91,1939.32,1943.09
2023.03.22 00:00,1943.11,1946.24,1938.13,1939.56
2023.03.22 04:00,1939.56,1943.54,1934.23,1939.81
2023.03.22 08:00,1939.68,1945.67,1939.60,1942.42
2023.03.22 12:00,1942.32,1951.91,1937.06,1947.27
2023.03.22 16:00,1947.26,1978.28,1944.87,1972.67
2023.03.22 20:00,1972.61,1975.05,1965.45,1969.59
2023.03.23 00:00,1969.60,1977.61,1966.31,1976.81
2023.03.23 04:00,1976.79,1983.55,1974.88,1976.84
2023.03.23 08:00,1976.86,1980.71,1974.22,1978.40
2023.03.23 12:00,1978.40,1987.04,1966.55,1984.04
2023.03.23 16:00,1984.04,2003.31,1982.71,1997.70
2023.03.23 20:00,1997.70,1998.86,1990.53,1991.27
2023.03.24 00:00,1991.27,1994.88,1989.71,1992.75
2023.03.24 04:00,1992.75,1993.27,1985.21,1989.44
2023.03.24 08:00,1989.49,2000.28,1981.27,1995.81
2023.03.24 12:00,1995.81,2002.89,1985.93,1987.25
2023.03.24 16:00,1987.05,1990.58,1975.23,1975.99
2023.03.24 20:00,1976.07,1979.32,1975.15,1978.12
2023.03.26 20:00,1973.86,1976.76,1973.03,1975.76
2023.03.27 00:00,1975.73,1978.69,1972.08,1974.62
2023.03.27 04:00,1974.60,1975.51,1965.91,1970.88
2023.03.27 08:00,1970.84,1972.19,1948.18,1954.16
2023.03.27 12:00,1954.12,1958.72,1943.99,1956.86
2023.03.27 16:00,1956.85,1959.40,1950.72,1956.91
2023.03.27 20:00,1956.94,1958.26,1955.64,1958.10
2023.03.28 00:00,1958.12,1964.00,1957.70,1959.66
2023.03.28 04:00,1959.63,1960.85,1951.85,1953.96
2023.03.28 08:00,1953.95,1958.56,1949.14,1956.96
2023.03.28 12:00,1956.99,1970.00,1956.93,1966.63
2023.03.28 16:00,1966.66,1975.27,1965.69,1973.33
2023.03.28 20:00,1973.33,1974.12,1971.38,1971.94
2023.03.29 00:00,1971.96,1972.83,1965.82,1966.42
2023.03.29 04:00,1966.42,1968.89,1958.65,1961.69
2023.03.29 08:00,1961.69,1969.14,1960.77,1966.72
2023.03.29 12:00,1966.70,1971.72,1960.63,1961.84
2023.03.29 16:00,1961.84,1969.20,1961.09,1963.11
2023.03.29 20:00,1963.35,1964.61,1962.69,1963.21
2023.03.30 00:00,1963.26,1963.54,1955.36,1959.61
2023.03.30 04:00,1959.60,1971.52,1958.95,1966.68
2023.03.30 08:00,1966.63,1971.17,1964.89,1968.63
2023.03.30 12:00,1968.65,1975.35,1963.96,1974.73
2023.03.30 16:00,1974.73,1984.28,1974.73,1981.34
2023.03.30 20:00,1981.26,1981.92,1977.93,1978.45
2023.03.31 00:00,1978.45,1983.62,1977.65,1981.12
2023.03.31 04:00,1981.15,1985.01,1974.84,1975.31
2023.03.31 08:00,1975.32,1981.92,1973.21,1980.20
2023.03.31 12:00,1980.22,1987.52,1974.91,1979.69
2023.03.31 16:00,1979.69,1979.79,1966.87,1970.88
2023.03.31 20:00,1970.87,1970.91,1968.40,1968.85
2023.04.02 20:00,1962.49,1962.58,1957.04,1957.07
2023.04.03 00:00,1957.07,1964.57,1949.73,1951.80
2023.04.03 04:00,1951.74,1961.99,1950.48,1961.80
2023.04.03 08:00,1961.78,1978.75,1961.18,1978.64
2023.04.03 12:00,1978.56,1990.51,1972.33,1987.95
2023.04.03 16:00,1987.95,1990.51,1981.83,1985.10
2023.04.03 20:00,1984.98,1985.86,1983.48,1984.87
2023.04.04 00:00,1984.87,1985.27,1977.76,1978.12
2023.04.04 04:00,1978.12,1983.78,1976.93,1982.18
2023.04.04 08:00,1982.16,1984.31,1978.48,1981.99
2023.04.04 12:00,1981.98,2024.96,1981.49,2020.25
2023.04.04 16:00,2020.25,2025.00,2017.82,2021.77
2023.04.04 20:00,2021.78,2023.65,2020.07,2021.82
2023.04.05 00:00,2021.80,2025.29,2019.42,2023.04
2023.04.05 04:00,2023.04,2028.37,2022.11,2025.39
2023.04.05 08:00,2025.43,2028.11,2021.52,2022.96
2023.04.05 12:00,2022.96,2031.42,2009.27,2021.01
2023.04.05 16:00,2021.08,2023.23,2018.40,2020.31
2023.04.05 20:00,2020.43,2021.24,2019.36,2019.58
2023.04.06 00:00,2019.58,2020.47,2007.24,2010.64
2023.04.06 04:00,2010.63,2017.43,2009.79,2015.63
2023.04.06 08:00,2015.63,2020.25,2014.09,2017.85
2023.04.06 12:00,2017.74,2020.05,2000.13,2010.82
2023.04.06 16:00,2010.80,2014.56,2005.80,2006.03
2023.04.06 20:00,2006.02,2008.13,2005.56,2007.39
2023.04.09 20:00,2005.50,2005.94,2004.71,2005.41
2023.04.10 00:00,2005.54,2005.87,1988.81,1990.90
2023.04.10 04:00,1990.99,1997.59,1989.60,1997.43
2023.04.10 08:00,1997.37,2002.95,1995.91,2001.53
2023.04.10 12:00,2001.54,2002.00,1981.61,1988.62
2023.04.10 16:00,1988.61,1992.81,1987.12,1991.45
2023.04.10 20:00,1991.47,1992.51,1990.79,1992.37
2023.04.11 00:00,1992.27,1998.18,1988.77,1997.47
2023.04.11 04:00,1997.46,2003.72,1997.32,2002.07
2023.04.11 08:00,2002.06,2007.45,1999.38,2000.46
2023.04.11 12:00,2000.45,2006.24,1995.56,2004.13
2023.04.11 16:00,2004.12,2006.76,2000.99,2004.04
2023.04.11 20:00,2004.14,2005.07,2002.90,2004.72
2023.04.12 00:00,2004.68,2019.37,2003.92,2017.27
2023.04.12 04:00,2017.20,2021.07,2011.61,2012.98
2023.04.12 08:00,2012.98,2013.60,2007.23,2007.71
2023.04.12 12:00,2007.71,2028.34,2001.24,2005.80
2023.04.12 16:00,2005.71,2018.08,2005.21,2013.60
2023.04.12 20:00,2013.93,2018.50,2013.22,2018.15
2023.04.13 00:00,2018.19,2019.82,2015.69,2017.45
2023.04.13 04:00,2017.49,2025.66,2015.20,2024.50
2023.04.13 08:00,2024.58,2029.19,2024.41,2028.56
2023.04.13 12:00,2028.57,2048.68,2026.54,2039.35
2023.04.13 16:00,2039.40,2044.45,2037.02,2041.01
2023.04.13 20:00,2040.81,2041.44,2039.08,2040.12
2023.04.14 00:00,2040.03,2047.78,2039.00,2045.44
2023.04.14 04:00,2045.44,2046.81,2036.98,2039.63
2023.04.14 08:00,2039.61,2042.59,2032.18,2033.68
2023.04.14 12:00,2033.67,2040.67,1994.19,1996.03
2023.04.14 16:00,1996.09,2008.36,1992.73,2005.66
2023.04.14 20:00,2005.67,2006.02,2004.18,2004.49
2023.04.16 20:00,2001.61,2005.34,2001.48,2003.32
2023.04.17 00:00,2003.41,2006.65,1995.84,2004.94
2023.04.17 04:00,2004.94,2015.38,2004.18,2011.21
2023.04.17 08:00,2011.21,2013.14,2005.27,2009.48
2023.04.17 12:00,2009.51,2011.04,1981.14,1989.97
2023.04.17 16:00,1989.98,1997.10,1987.29,1996.23
2023.04.17 20:00,1996.28,1996.42,1993.78,1993.98
2023.04.18 00:00,1993.98,2001.76,1993.30,2000.19
2023.04.18 04:00,2000.29,2004.15,1996.46,2002.25
2023.04.18 08:00,2002.26,2005.13,1999.07,2003.89
2023.04.18 12:00,2003.86,2011.80,1991.26,2008.46
2023.04.18 16:00,2008.51,2008.54,2003.38,2004.12
2023.04.18 20:00,2004.11,2006.31,2004.11,2005.75
2023.04.19 00:00,2005.77,2008.12,2001.91,2003.42
2023.04.19 04:00,2003.51,2004.42,1986.96,1991.32
2023.04.19 08:00,1991.37,1991.44,1969.22,1970.61
2023.04.19 12:00,1970.56,1995.89,1969.66,1990.82
2023.04.19 16:00,1990.80,1996.83,1990.35,1994.43
2023.04.19 20:00,1994.44,1995.32,1993.07,1993.68
2023.04.20 00:00,1993.78,1998.65,1990.40,1992.72
2023.04.20 04:00,1992.71,2001.15,1991.33,1997.19
2023.04.20 08:00,1997.19,2004.89,1992.35,2001.08
2023.04.20 12:00,2001.09,2012.28,1997.41,2002.52
2023.04.20 16:00,2002.57,2008.30,2002.20,2003.14
2023.04.20 20:00,2003.15,2005.75,2001.84,2005.23
2023.04.21 00:00,2005.22,2005.51,2000.48,2002.13
2023.04.21 04:00,2002.12,2002.33,1981.85,1986.75
2023.04.21 08:00,1986.78,1992.40,1984.04,1987.95
2023.04.21 12:00,1987.87,1997.88,1971.59,1975.84
2023.04.21 16:00,1975.84,1983.01,1974.00,1982.69
2023.04.21 20:00,1982.65,1983.55,1981.61,1982.86
2023.04.23 20:00,1984.01,1985.31,1983.89,1984.66
2023.04.24 00:00,1984.57,1984.57,1978.44,1980.81
2023.04.24 04:00,1980.81,1983.16,1976.42,1982.69
2023.04.24 08:00,1982.70,1986.95,1980.79,1983.08
2023.04.24 12:00,1983.11,1987.17,1973.98,1984.74
2023.04.24 16:00,1984.80,1990.82,1984.58,1988.63
2023.04.24 20:00,1988.61,1996.58,1988.21,1994.95
2023.04.25 00:00,1995.04,2000.86,1992.77,1992.79
2023.04.25 04:00,1992.80,1997.22,1987.50,1990.19
2023.04.25 08:00,1990.23,1991.05,1976.60,1977.56
2023.04.25 12:00,1977.58,1994.48,1976.04,1989.95
2023.04.25 16:00,1990.10,2003.82,1988.20,1999.07
2023.04.25 20:00,1999.08,2001.61,1995.72,2000.14
2023.04.26 00:00,2000.18,2002.43,1993.06,1994.00
2023.04.26 04:00,1994.06,1999.29,1994.06,1997.84
2023.04.26 08:00,1997.91,2001.68,1991.36,1995.73
2023.04.26 12:00,1995.73,2009.26,1991.38,1991.38
2023.04.26 16:00,1991.39,1992.41,1983.30,1988.00
2023.04.26 20:00,1987.97,1991.92,1987.16,1991.65
2023.04.27 00:00,1991.56,2000.77,1989.44,1999.72
2023.04.27 04:00,1999.72,2003.20,1997.22,1999.38
2023.04.27 08:00,1999.41,2001.13,1995.86,1996.84
2023.04.27 12:00,1996.88,2003.19,1974.14,1982.21
2023.04.27 16:00,1982.31,1991.02,1981.07,1988.07
2023.04.27 20:00,1988.08,1988.59,1986.22,1986.85
2023.04.28 00:00,1986.90,1991.40,1984.96,1988.83
2023.04.28 04:00,1988.84,1990.20,1981.54,1982.29
2023.04.28 08:00,1982.37,1984.78,1979.75,1983.22
2023.04.28 12:00,1983.19,1994.90,1976.26,1991.74
2023.04.28 16:00,1991.72,1994.06,1987.45,1989.10
2023.04.28 20:00,1989.08,1989.79,1987.88,1989.55
2023.04.30 20:00,1989.22,1989.31,1986.55,1986.84
2023.05.01 00:00,1987.08,1987.35,1980.53,1983.25
2023.05.01 04:00,1983.28,1986.31,1978.87,1980.98
2023.05.01 08:00,1980.88,1989.88,1977.05,1988.94
2023.05.01 12:00,1988.99,2005.96,1980.50,1982.92
2023.05.01 16:00,1982.92,1984.04,1979.39,1979.76
2023.05.01 20:00,1979.68,1982.89,1979.68,1981.40
2023.05.02 00:00,1981.36,1985.26,1981.19,1982.11
2023.05.02 04:00,1982.02,1985.71,1980.30,1981.37
2023.05.02 08:00,1981.41,1990.10,1978.33,1986.37
2023.05.02 12:00,1986.36,2015.46,1984.49,2014.39
2023.05.02 16:00,2014.40,2019.31,2011.16,2018.17
2023.05.02 20:00,2018.17,2018.21,2015.57,2015.95
2023.05.03 00:00,2015.95,2018.72,2014.19,2018.54
2023.05.03 04:00,2018.51,2019.48,2012.56,2014.81
2023.05.03 08:00,2014.87,2017.47,2014.30,2015.92
2023.05.03 12:00,2015.95,2026.82,2008.01,2023.46
2023.05.03 16:00,2023.46,2036.04,2017.01,2035.00
2023.05.03 20:00,2035.04,2056.64,2028.94,2051.88
2023.05.04 00:00,2051.88,2057.06,2038.38,2040.98
2023.05.04 04:00,2040.96,2045.42,2030.23,2034.49
2023.05.04 08:00,2034.47,2044.84,2031.11,2041.98
2023.05.04 12:00,2041.97,2059.54,2032.00,2050.90
2023.05.04 16:00,2050.85,2054.06,2044.42,2049.46
2023.05.04 20:00,2049.51,2050.84,2048.58,2049.99
2023.05.05 00:00,2049.99,2052.99,2045.43,2049.71
2023.05.05 04:00,2049.76,2051.06,2039.30,2040.53
2023.05.05 08:00,2040.51,2041.68,2034.71,2035.46
2023.05.05 12:00,2035.45,2038.30,1999.49,2015.17
2023.05.05 16:00,2015.19,2018.73,2012.98,2017.64
2023.05.05 20:00,2017.72,2018.86,2015.72,2016.74
2023.05.07 20:00,2014.53,2017.29,2014.53,2016.01
2023.05.08 00:00,2016.02,2023.91,2015.04,2023.16
2023.05.08 04:00,2023.18,2024.69,2020.03,2021.51
2023.05.08 08:00,2021.49,2025.35,2019.86,2022.22
2023.05.08 12:00,2022.23,2029.28,2017.82,2027.07
2023.05.08 16:00,2027.09,2029.34,2020.21,2020.39
2023.05.08 20:00,2020.29,2022.21,2020.14,2021.21
2023.05.09 00:00,2021.21,2024.96,2019.44,2024.93
2023.05.09 04:00,2024.93,2028.68,2021.60,2024.69
2023.05.09 08:00,2024.67,2032.81,2021.39,2031.08
2023.05.09 12:00,2031.08,2032.11,2022.91,2026.89
2023.05.09 16:00,2026.91,2037.61,2026.82,2034.19
2023.05.09 20:00,2034.34,2037.18,2034.10,2036.26
2023.05.10 00:00,2036.28,2038.17,2030.42,2031.71
2023.05.10 04:00,2031.69,2032.92,2027.43,2031.66
2023.05.10 08:00,2031.65,2032.07,2026.23,2029.26
2023.05.10 12:00,2029.31,2048.14,2021.91,2025.51
2023.05.10 16:00,2025.51,2034.67,2024.97,2031.40
2023.05.10 20:00,2031.38,2032.54,2029.50,2031.90
2023.05.11 00:00,2031.88,2036.95,2031.62,2032.84
2023.05.11 04:00,2032.82,2033.61,2022.20,2025.64
2023.05.11 08:00,2025.49,2039.12,2021.66,2036.78
2023.05.11 12:00,2036.92,2041.18,2011.07,2013.52
2023.05.11 16:00,2013.49,2018.30,2012.82,2014.18
2023.05.11 20:00,2014.20,2016.59,2013.73,2016.33
2023.05.12 00:00,2016.34,2017.51,2008.60,2011.51
2023.05.12 04:00,2011.52,2012.60,2005.60,2008.77
2023.05.12 08:00,2008.80,2009.73,2000.83,2004.75
2023.05.12 12:00,2004.77,2022.54,2003.45,2009.46
2023.05.12 16:00,2009.38,2016.41,2008.30,2010.86
2023.05.12 20:00,2010.90,2011.44,2010.38,2010.70
2023.05.14 20:00,2010.91,2010.98,2009.30,2009.55
2023.05.15 00:00,2009.47,2018.77,2008.67,2013.98
2023.05.15 04:00,2013.96,2020.04,2013.17,2018.35
2023.05.15 08:00,2018.35,2020.86,2011.88,2013.07
2023.05.15 12:00,2013.09,2022.15,2011.49,2017.72
2023.05.15 16:00,2017.73,2021.40,2014.38,2015.01
2023.05.15 20:00,2015.12,2016.33,2013.70,2014.40
2023.05.16 00:00,2014.43,2018.29,2014.17,2016.90
2023.05.16 04:00,2016.86,2017.65,2002.53,2009.97
2023.05.16 08:00,2009.94,2010.30,2005.13,2005.50
2023.05.16 12:00,2005.52,2014.84,1994.58,1995.92
2023.05.16 16:00,1995.90,1997.04,1985.45,1989.87
2023.05.16 20:00,1989.88,1991.13,1988.53,1989.70
2023.05.17 00:00,1989.73,1993.05,1989.72,1991.29
2023.05.17 04:00,1991.35,1992.11,1986.62,1987.66
2023.05.17 08:00,1987.66,1989.13,1983.68,1987.42
2023.05.17 12:00,1987.42,1988.36,1974.96,1979.41
2023.05.17 16:00,1979.36,1983.52,1979.09,1981.98
2023.05.17 20:00,1981.88,1983.52,1980.66,1982.74
2023.05.18 00:00,1982.77,1985.92,1981.35,1982.26
2023.05.18 04:00,1982.51,1982.76,1973.52,1974.49
2023.05.18 08:00,1974.53,1978.89,1972.10,1974.93
2023.05.18 12:00,1974.95,1976.15,1951.92,1956.03
2023.05.18 16:00,1956.03,1958.95,1953.95,1957.24
2023.05.18 20:00,1957.29,1959.21,1956.87,1958.38
2023.05.19 00:00,1958.43,1963.65,1953.97,1963.25
2023.05.19 04:00,1963.26,1968.66,1960.60,1966.93
2023.05.19 08:00,1966.92,1968.19,1962.43,1964.63
2023.05.19 12:00,1964.63,1985.12,1958.49,1975.68
2023.05.19 16:00,1975.78,1984.20,1974.10,1977.07
2023.05.19 20:00,1977.06,1978.69,1976.47,1978.50
2023.05.21 20:00,1981.13,1982.45,1980.21,1981.81
2023.05.22 00:00,1981.86,1983.26,1977.23,1978.86
2023.05.22 04:00,1978.89,1979.73,1972.16,1977.79
2023.05.22 08:00,1977.80,1983.84,1970.83,1974.04
2023.05.22 12:00,1974.04,1979.73,1969.93,1973.57
2023.05.22 16:00,1973.57,1979.97,1972.78,1973.19
2023.05.22 20:00,1973.15,1973.67,1969.56,1969.74
2023.05.23 00:00,1969.79,1971.69,1960.22,1962.66
2023.05.23 04:00,1962.64,1964.53,1955.38,1957.24
2023.05.23 08:00,1957.21,1961.36,1954.18,1958.85
2023.05.23 12:00,1958.86,1972.23,1957.68,1966.13
2023.05.23 16:00,1966.14,1976.47,1965.07,1973.58
2023.05.23 20:00,1973.61,1976.06,1973.04,1973.70
2023.05.24 00:00,1973.76,1975.78,1971.52,1975.31
2023.05.24 04:00,1975.31,1979.30,1969.41,1972.74
2023.05.24 08:00,1972.78,1980.81,1972.27,1980.70
2023.05.24 12:00,1980.67,1984.01,1959.20,1966.57
2023.05.24 16:00,1966.65,1976.30,1958.00,1958.92
2023.05.24 20:00,1958.92,1961.04,1957.01,1959.78
2023.05.25 00:00,1959.81,1960.09,1954.94,1957.20
2023.05.25 04:00,1957.17,1961.37,1954.75,1959.41
2023.05.25 08:00,1959.43,1964.71,1959.23,1961.94
2023.05.25 12:00,1962.00,1963.04,1939.19,1945.39
2023.05.25 16:00,1945.42,1946.91,1938.79,1940.09
2023.05.25 20:00,1939.96,1942.15,1939.33,1940.49
2023.05.26 00:00,1940.53,1948.81,1936.66,1948.41
2023.05.26 04:00,1948.43,1957.23,1946.90,1956.20
2023.05.26 08:00,1956.14,1956.71,1950.98,1951.42
2023.05.26 12:00,1951.40,1953.86,1938.76,1943.49
2023.05.26 16:00,1943.45,1947.54,1942.76,1947.34
2023.05.26 20:00,1947.34,1947.49,1946.07,1946.29
2023.05.28 20:00,1944.03,1944.68,1943.24,1943.65
2023.05.29 00:00,1943.63,1946.19,1940.22,1945.60
2023.05.29 04:00,1945.62,1948.93,1943.81,1944.24
2023.05.29 08:00,1944.26,1946.65,1940.76,1946.35
2023.05.29 12:00,1946.39,1949.71,1944.81,1945.94
2023.05.29 16:00,1945.94,1945.94,1942.76,1943.19
2023.05.29 20:00,1942.89,1943.00,1941.21,1941.49
2023.05.30 00:00,1941.52,1946.62,1939.26,1939.39
2023.05.30 04:00,1939.36,1942.33,1932.04,1942.33
2023.05.30 08:00,1942.30,1960.74,1941.55,1960.16
2023.05.30 12:00,1960.20,1962.42,1951.12,1962.29
2023.05.30 16:00,1962.25,1963.76,1957.96,1960.36
2023.05.30 20:00,1960.22,1960.22,1958.62,1958.78
2023.05.31 00:00,1958.80,1960.73,1953.85,1958.28
2023.05.31 04:00,1958.26,1965.51,1956.16,1956.61
2023.05.31 08:00,1956.63,1961.02,1954.83,1960.60
2023.05.31 12:00,1960.60,1974.74,1960.22,1968.61
2023.05.31 16:00,1968.63,1969.27,1962.62,1963.07
2023.05.31 20:00,1963.05,1966.95,1962.35,1966.29
2023.06.01 00:00,1966.30,1967.49,1962.08,1964.25
2023.06.01 04:00,1964.25,1965.84,1955.09,1955.52
2023.06.01 08:00,1955.52,1968.42,1953.35,1967.85
2023.06.01 12:00,1967.87,1983.12,1958.62,1982.10
2023.06.01 16:00,1982.12,1982.68,1975.65,1978.07
2023.06.01 20:00,1978.03,1978.38,1975.87,1977.04
2023.06.02 00:00,1977.06,1983.39,1974.03,1982.47
2023.06.02 04:00,1982.47,1982.86,1975.80,1976.04
2023.06.02 08:00,1976.00,1981.14,1975.03,1978.83
2023.06.02 12:00,1978.86,1980.18,1961.02,1962.07
2023.06.02 16:00,1962.06,1962.22,1948.00,1948.64
2023.06.02 20:00,1948.67,1948.98,1947.45,1948.10
2023.06.04 20:00,1948.80,1949.93,1947.30,1949.39
2023.06.05 00:00,1949.43,1949.49,1943.94,1947.08
2023.06.05 04:00,1947.05,1947.36,1938.46,1939.88
2023.06.05 08:00,1939.86,1945.89,1938.25,1942.31
2023.06.05 12:00,1942.30,1961.94,1938.11,1958.17
2023.06.05 16:00,1958.18,1964.02,1957.14,1961.03
2023.06.05 20:00,1961.11,1963.12,1960.92,1961.22
2023.06.06 00:00,1961.22,1964.55,1958.99,1959.26
2023.06.06 04:00,1959.25,1962.74,1956.83,1957.53
2023.06.06 08:00,1957.53,1964.95,1957.26,1962.85
2023.06.06 12:00,1962.82,1966.33,1954.35,1963.47
2023.06.06 16:00,1963.48,1966.37,1961.01,1962.89
2023.06.06 20:00,1962.93,1964.24,1962.47,1963.35
2023.06.07 00:00,1963.33,1966.60,1962.84,1963.40
2023.06.07 04:00,1963.42,1964.93,1954.91,1956.18
2023.06.07 08:00,1956.16,1966.35,1955.78,1961.30
2023.06.07 12:00,1961.29,1970.19,1946.36,1947.12
2023.06.07 16:00,1947.10,1947.67,1940.08,1940.12
2023.06.07 20:00,1940.09,1945.31,1939.65,1944.48
2023.06.08 00:00,1944.49,1947.09,1944.27,1946.34
2023.06.08 04:00,1946.35,1948.13,1942.76,1947.27
2023.06.08 08:00,1947.29,1949.13,1944.84,1946.66
2023.06.08 12:00,1946.72,1970.28,1946.18,1966.68
2023.06.08 16:00,1966.71,1969.07,1961.63,1964.82
2023.06.08 20:00,1964.80,1966.07,1964.66,1965.20
2023.06.09 00:00,1965.20,1965.54,1963.07,1963.63
2023.06.09 04:00,1963.68,1965.91,1962.23,1963.02
2023.06.09 08:00,1963.04,1966.81,1960.50,1966.38
2023.06.09 12:00,1966.35,1972.74,1956.47,1962.06
2023.06.09 16:00,1962.03,1962.85,1959.64,1960.09
2023.06.09 20:00,1960.10,1961.10,1960.00,1960.75
2023.06.11 20:00,1958.94,1960.52,1957.95,1959.97
2023.06.12 00:00,1959.92,1960.47,1954.23,1958.45
2023.06.12 04:00,1958.45,1962.11,1956.52,1960.59
2023.06.12 08:00,1960.50,1966.93,1960.20,1963.97
2023.06.12 12:00,1964.00,1965.89,1949.12,1955.41
2023.06.12 16:00,1955.34,1958.74,1953.07,1957.85
2023.06.12 20:00,1958.07,1960.57,1956.68,1959.94
2023.06.13 00:00,1959.89,1962.10,1955.90,1962.00
2023.06.13 04:00,1962.02,1965.30,1958.25,1962.25
2023.06.13 08:00,1962.38,1966.21,1961.46,1963.81
2023.06.13 12:00,1963.79,1970.74,1942.02,1943.15
2023.06.13 16:00,1943.14,1947.10,1940.01,1943.49
2023.06.13 20:00,1943.38,1944.52,1942.07,1943.88
2023.06.14 00:00,1944.00,1949.34,1942.71,1949.22
2023.06.14 04:00,1949.22,1951.55,1945.26,1949.63
2023.06.14 08:00,1949.60,1952.90,1945.75,1947.00
2023.06.14 12:00,1946.98,1960.19,1946.39,1955.98
2023.06.14 16:00,1955.99,1957.43,1939.95,1944.85
2023.06.14 20:00,1944.86,1946.18,1939.58,1945.30
2023.06.15 00:00,1945.29,1945.29,1932.34,1934.85
2023.06.15 04:00,1934.88,1939.72,1928.84,1933.47
2023.06.15 08:00,1933.46,1936.70,1927.88,1928.49
2023.06.15 12:00,1928.48,1959.70,1924.68,1956.53
2023.06.15 16:00,1956.54,1960.26,1956.54,1958.66
2023.06.15 20:00,1958.71,1959.22,1957.54,1958.23
2023.06.16 00:00,1958.23,1961.97,1955.12,1956.67
2023.06.16 04:00,1956.65,1963.30,1954.64,1961.57
2023.06.16 08:00,1961.64,1966.50,1959.94,1965.61
2023.06.16 12:00,1965.60,1967.86,1953.18,1956.26
2023.06.16 16:00,1956.27,1959.78,1953.94,1955.39
2023.06.16 20:00,1955.32,1958.04,1955.32,1957.55
2023.06.18 20:00,1958.03,1958.31,1956.20,1957.12
2023.06.19 00:00,1957.15,1958.59,1953.89,1955.73
2023.06.19 04:00,1955.73,1957.45,1952.67,1955.10
2023.06.19 08:00,1955.07,1958.77,1948.27,1948.46
2023.06.19 12:00,1948.46,1953.45,1947.78,1950.67
2023.06.19 16:00,1950.65,1951.87,1949.47,1950.36
2023.06.19 20:00,1952.17,1952.49,1950.94,1952.49
2023.06.20 00:00,1952.56,1952.97,1945.05,1950.26
2023.06.20 04:00,1950.30,1956.76,1946.82,1954.92
2023.06.20 08:00,1954.82,1955.59,1949.96,1951.37
2023.06.20 12:00,1951.36,1954.56,1929.79,1935.23
2023.06.20 16:00,1935.28,1938.72,1934.20,1936.05
2023.06.20 20:00,1936.14,1938.87,1935.39,1937.23
2023.06.21 00:00,1937.31,1939.47,1935.43,1937.05
2023.06.21 04:00,1937.06,1937.41,1931.21,1935.02
2023.06.21 08:00,1935.06,1935.91,1932.06,1934.58
2023.06.21 12:00,1934.56,1935.29,1919.17,1932.25
2023.06.21 16:00,1932.24,1937.61,1930.42,1933.57
2023.06.21 20:00,1933.67,1934.92,1931.85,1933.83
2023.06.22 00:00,1933.88,1934.26,1931.42,1932.64
2023.06.22 04:00,1932.59,1933.12,1927.01,1929.97
2023.06.22 08:00,1929.96,1931.43,1924.86,1927.33
2023.06.22 12:00,1927.32,1930.93,1912.77,1913.40
2023.06.22 16:00,1913.38,1917.77,1913.06,1913.88
2023.06.22 20:00,1913.95,1914.99,1912.39,1914.43
2023.06.23 00:00,1914.48,1916.08,1910.15,1912.42
2023.06.23 04:00,1912.42,1918.90,1912.06,1918.10
2023.06.23 08:00,1917.92,1920.62,1916.59,1919.17
2023.06.23 12:00,1919.22,1937.34,1918.88,1921.10
2023.06.23 16:00,1921.12,1922.38,1917.90,1919.06
2023.06.23 20:00,1919.07,1921.61,1918.97,1920.66
2023.06.25 20:00,1924.75,1925.41,1923.87,1925.24
2023.06.26 00:00,1925.31,1928.54,1924.05,1925.49
2023.06.26 04:00,1925.50,1929.13,1922.21,1928.95
2023.06.26 08:00,1928.95,1933.32,1928.95,1931.33
2023.06.26 12:00,1931.34,1933.08,1921.47,1925.73
2023.06.26 16:00,1925.71,1926.53,1922.35,1922.84
2023.06.26 20:00,1922.79,1924.57,1921.02,1922.55
2023.06.27 00:00,1922.52,1930.40,1921.68,1928.43
2023.06.27 04:00,1928.47,1929.67,1924.15,1928.18
2023.06.27 08:00,1928.14,1928.67,1919.62,1923.13
2023.06.27 12:00,1923.11,1930.67,1911.40,1913.51
2023.06.27 16:00,1913.51,1916.61,1910.96,1913.71
2023.06.27 20:00,1913.72,1915.82,1912.87,1915.45
2023.06.28 00:00,1915.47,1917.18,1913.35,1915.17
2023.06.28 04:00,1915.20,1916.79,1909.14,1910.90
2023.06.28 08:00,1910.85,1911.89,1905.71,1907.16
2023.06.28 12:00,1907.16,1913.24,1902.82,1910.83
2023.06.28 16:00,1910.81,1913.38,1909.22,1909.28
2023.06.28 20:00,1909.23,1910.69,1906.71,1909.72
2023.06.29 00:00,1909.72,1912.76,1902.71,1905.43
2023.06.29 04:00,1905.39,1907.39,1902.47,1905.70
2023.06.29 08:00,1905.96,1911.00,1903.85,1910.02
2023.06.29 12:00,1910.02,1913.06,1892.94,1908.94
2023.06.29 16:00,1908.91,1910.75,1906.20,1907.71
2023.06.29 20:00,1907.67,1908.89,1907.03,1908.75
2023.06.30 00:00,1908.75,1909.72,1907.13,1908.29
2023.06.30 04:00,1908.34,1909.90,1903.69,1905.27
2023.06.30 08:00,1905.31,1906.65,1900.46,1905.33
2023.06.30 12:00,1905.35,1919.40,1904.61,1919.01
2023.06.30 16:00,1919.01,1922.74,1917.45,1919.98
2023.06.30 20:00,1919.99,1920.02,1918.13,1919.56
2023.07.02 20:00,1919.28,1919.36,1917.27,1918.19
2023.07.03 00:00,1918.15,1919.01,1914.59,1918.29
2023.07.03 04:00,1918.28,1920.65,1912.01,1912.18
2023.07.03 08:00,1912.19,1914.34,1910.03,1912.58
2023.07.03 12:00,1912.63,1931.06,1911.58,1926.62
2023.07.03 16:00,1926.56,1926.69,1920.63,1921.36
2023.07.03 20:00,1921.36,1921.65,1919.79,1921.24
2023.07.04 00:00,1921.24,1923.49,1920.04,1922.97
2023.07.04 04:00,1922.98,1928.43,1922.78,1928.04
2023.07.04 08:00,1928.05,1930.73,1925.70,1928.52
2023.07.04 12:00,1928.50,1930.29,1926.18,1927.14
2023.07.04 16:00,1927.18,1927.29,1924.00,1925.61
2023.07.04 20:00,1926.10,1926.37,1924.85,1926.34
2023.07.05 00:00,1926.34,1927.12,1923.20,1924.41
2023.07.05 04:00,1924.41,1927.74,1920.84,1927.44
2023.07.05 08:00,1927.36,1929.58,1925.19,1927.54
2023.07.05 12:00,1927.54,1935.06,1919.08,1923.16
2023.07.05 16:00,1923.17,1924.78,1915.19,1915.78
2023.07.05 20:00,1915.78,1917.22,1914.75,1916.87
2023.07.06 00:00,1916.85,1919.74,1916.06,1918.13
2023.07.06 04:00,1918.01,1921.49,1916.85,1918.90
2023.07.06 08:00,1918.93,1927.42,1916.24,1926.65
2023.07.06 12:00,1926.64,1927.66,1902.65,1911.43
2023.07.06 16:00,1911.43,1912.39,1908.94,1910.19
2023.07.06 20:00,1910.26,1912.29,1909.91,1911.54
2023.07.07 00:00,1911.57,1912.40,1909.60,1911.14
2023.07.07 04:00,1911.21,1916.46,1910.27,1914.58
2023.07.07 08:00,1914.60,1918.40,1913.26,1917.61
2023.07.07 12:00,1917.71,1934.83,1914.31,1927.55
2023.07.07 16:00,1927.54,1929.34,1924.69,1924.69
2023.07.07 20:00,1924.68,1925.55,1924.25,1925.44
2023.07.09 20:00,1926.07,1926.07,1923.83,1924.86
2023.07.10 00:00,1924.87,1926.84,1922.43,1923.88
2023.07.10 04:00,1923.87,1925.70,1919.36,1924.86
2023.07.10 08:00,1924.91,1926.23,1922.60,1924.68
2023.07.10 12:00,1924.68,1924.98,1912.64,1923.57
2023.07.10 16:00,1923.51,1926.81,1922.62,1925.86
2023.07.10 20:00,1925.77,1925.95,1924.26,1924.90
2023.07.11 00:00,1924.92,1928.97,1924.36,1926.66
2023.07.11 04:00,1926.66,1938.26,1926.36,1932.22
2023.07.11 08:00,1932.27,1938.41,1931.91,1936.29
2023.07.11 12:00,1936.27,1936.51,1929.41,1931.04
2023.07.11 16:00,1931.02,1932.83,1929.36,1932.45
2023.07.11 20:00,1932.46,1933.46,1931.50,1933.31
2023.07.12 00:00,1933.32,1940.97,1933.24,1938.52
2023.07.12 04:00,1938.51,1940.22,1933.87,1934.75
2023.07.12 08:00,1934.76,1936.49,1933.46,1934.66
2023.07.12 12:00,1934.67,1958.29,1933.61,1955.64
2023.07.12 16:00,1955.61,1959.65,1955.40,1958.70
2023.07.12 20:00,1958.74,1958.74,1957.01,1957.80
2023.07.13 00:00,1957.79,1961.64,1956.34,1960.28
2023.07.13 04:00,1960.33,1963.35,1955.22,1961.83
2023.07.13 08:00,1961.83,1962.79,1957.95,1959.92
2023.07.13 12:00,1960.01,1963.55,1952.28,1954.98
2023.07.13 16:00,1955.02,1960.78,1954.69,1959.92
2023.07.13 20:00,1959.92,1961.79,1959.83,1960.08
2023.07.14 00:00,1960.15,1963.74,1958.30,1962.54
2023.07.14 04:00,1962.51,1962.52,1954.34,1956.83
2023.07.14 08:00,1956.83,1960.07,1955.10,1959.24
2023.07.14 12:00,1959.26,1962.70,1950.87,1958.10
2023.07.14 16:00,1958.10,1961.02,1954.35,1954.36
2023.07.14 20:00,1954.36,1955.77,1954.22,1955.50
2023.07.16 20:00,1953.06,1953.41,1951.43,1953.31
2023.07.17 00:00,1953.33,1955.92,1950.77,1952.10
2023.07.17 04:00,1952.09,1956.80,1950.55,1952.34
2023.07.17 08:00,1952.30,1959.85,1951.97,1957.60
2023.07.17 12:00,1957.57,1959.43,1945.70,1954.62
2023.07.17 16:00,1954.62,1956.41,1952.40,1955.37
2023.07.17 20:00,1955.35,1956.24,1954.43,1955.41
2023.07.18 00:00,1955.45,1960.70,1954.68,1959.78
2023.07.18 04:00,1959.95,1964.08,1957.74,1961.45
2023.07.18 08:00,1961.46,1972.12,1960.48,1963.02
2023.07.18 12:00,1963.10,1984.36,1960.67,1978.12
2023.07.18 16:00,1978.13,1981.51,1975.00,1977.72
2023.07.18 20:00,1977.73,1979.13,1976.72,1977.54
2023.07.19 00:00,1977.45,1978.54,1974.40,1975.51
2023.07.19 04:00,1975.51,1980.90,1972.91,1977.90
2023.07.19 08:00,1977.89,1979.13,1971.56,1973.75
2023.07.19 12:00,1973.77,1979.83,1969.78,1973.86
2023.07.19 16:00,1973.87,1978.92,1972.10,1978.46
2023.07.19 20:00,1978.42,1978.54,1976.56,1977.75
2023.07.20 00:00,1977.72,1987.45,1977.26,1985.19
2023.07.20 04:00,1985.18,1985.49,1977.87,1979.24
2023.07.20 08:00,1979.22,1983.88,1978.18,1981.44
2023.07.20 12:00,1981.43,1981.65,1965.71,1968.66
2023.07.20 16:00,1968.66,1971.52,1965.29,1968.78
2023.07.20 20:00,1968.74,1972.83,1968.49,1972.22
2023.07.21 00:00,1972.25,1973.78,1969.93,1970.22
2023.07.21 04:00,1970.22,1972.25,1964.06,1964.27
2023.07.21 08:00,1964.23,1966.81,1961.05,1965.70
2023.07.21 12:00,1965.71,1968.10,1956.75,1960.26
2023.07.21 16:00,1960.23,1964.84,1960.10,1962.37
2023.07.21 20:00,1962.43,1962.59,1961.49,1961.74
2023.07.23 20:00,1962.02,1962.27,1960.33,1961.18
2023.07.24 00:00,1961.20,1962.56,1959.10,1960.17
2023.07.24 04:00,1960.17,1965.55,1957.79,1963.25
2023.07.24 08:00,1963.27,1967.83,1959.39,1964.91
2023.07.24 12:00,1965.00,1967.65,1957.03,1959.59
2023.07.24 16:00,1959.59,1961.33,1953.43,1954.36
2023.07.24 20:00,1954.36,1955.45,1953.18,1954.42
2023.07.25 00:00,1954.44,1963.54,1953.88,1961.60
2023.07.25 04:00,1961.61,1964.13,1959.64,1961.21
2023.07.25 08:00,1961.16,1963.64,1953.10,1960.65
2023.07.25 12:00,1960.65,1965.23,1951.57,1964.26
2023.07.25 16:00,1964.25,1965.64,1961.26,1964.48
2023.07.25 20:00,1964.48,1965.87,1964.21,1965.32
2023.07.26 00:00,1965.33,1966.07,1961.98,1963.92
2023.07.26 04:00,1963.94,1971.15,1962.39,1970.66
2023.07.26 08:00,1970.67,1974.15,1969.55,1972.19
2023.07.26 12:00,1972.23,1974.96,1963.89,1972.36
2023.07.26 16:00,1972.36,1978.29,1965.44,1974.80
2023.07.26 20:00,1974.70,1974.70,1971.56,1972.01
2023.07.27 00:00,1972.06,1982.20,1971.14,1977.96
2023.07.27 04:00,1977.98,1982.19,1973.95,1979.97
2023.07.27 08:00,1979.92,1981.10,1973.54,1978.98
2023.07.27 12:00,1979.01,1979.15,1942.88,1946.88
2023.07.27 16:00,1946.83,1949.62,1942.55,1944.15
2023.07.27 20:00,1944.10,1948.02,1943.34,1947.38
2023.07.28 00:00,1947.43,1954.80,1946.00,1954.13
2023.07.28 04:00,1954.18,1956.70,1948.15,1949.58
2023.07.28 08:00,1949.60,1957.98,1947.79,1956.54
2023.07.28 12:00,1956.47,1963.41,1952.23,1960.92
2023.07.28 16:00,1960.94,1963.55,1957.46,1959.01
2023.07.28 20:00,1959.03,1959.53,1958.58,1959.14
2023.07.30 20:00,1960.08,1960.18,1957.37,1958.02
2023.07.31 00:00,1958.03,1958.87,1953.66,1954.60
2023.07.31 04:00,1954.62,1957.14,1953.06,1954.89
2023.07.31 08:00,1954.92,1961.07,1951.12,1959.08
2023.07.31 12:00,1959.10,1972.40,1957.47,1970.74
2023.07.31 16:00,1970.73,1972.29,1964.19,1964.47
2023.07.31 20:00,1964.49,1965.95,1963.86,1963.93
2023.08.01 00:00,1963.89,1964.68,1958.98,1962.15
2023.08.01 04:00,1962.12,1962.25,1954.42,1955.53
2023.08.01 08:00,1955.49,1957.64,1953.08,1953.58
2023.08.01 12:00,1953.61,1955.95,1941.38,1944.31
2023.08.01 16:00,1944.17,1945.56,1941.26,1944.42
2023.08.01 20:00,1944.43,1952.86,1943.96,1952.10
2023.08.02 00:00,1952.11,1952.32,1946.68,1949.25
2023.08.02 04:00,1949.27,1950.43,1945.19,1948.32
2023.08.02 08:00,1948.42,1954.71,1948.26,1950.72
2023.08.02 12:00,1950.77,1951.90,1933.09,1935.59
2023.08.02 16:00,1935.60,1939.11,1935.04,1935.20
2023.08.02 20:00,1935.17,1936.67,1934.40,1936.04
2023.08.03 00:00,1936.08,1938.96,1933.95,1937.29
2023.08.03 04:00,1937.29,1938.18,1930.87,1936.84
2023.08.03 08:00,1936.87,1938.35,1932.81,1935.07
2023.08.03 12:00,1935.05,1938.69,1929.43,1933.10
2023.08.03 16:00,1933.08,1935.95,1932.49,1934.19
2023.08.03 20:00,1934.19,1935.86,1933.84,1935.82
2023.08.04 00:00,1935.82,1937.96,1934.23,1935.23
2023.08.04 04:00,1935.26,1937.47,1932.05,1932.90
2023.08.04 08:00,1932.90,1934.15,1931.19,1932.29
2023.08.04 12:00,1932.31,1946.83,1926.36,1942.71
2023.08.04 16:00,1942.71,1943.49,1939.81,1941.25
2023.08.04 20:00,1941.26,1943.24,1941.12,1942.72
2023.08.06 20:00,1943.77,1943.88,1942.63,1943.81
2023.08.07 00:00,1943.89,1945.32,1938.17,1939.23
2023.08.07 04:00,1939.24,1939.40,1935.46,1936.81
2023.08.07 08:00,1936.79,1937.59,1933.32,1936.19
2023.08.07 12:00,1936.25,1941.69,1931.45,1932.55
2023.08.07 16:00,1932.55,1937.66,1932.15,1936.69
2023.08.07 20:00,1936.67,1938.01,1935.68,1936.76
2023.08.08 00:00,1936.80,1937.27,1931.15,1933.10
2023.08.08 04:00,1933.09,1934.87,1930.19,1930.45
2023.08.08 08:00,1930.79,1935.56,1928.08,1928.76
2023.08.08 12:00,1928.87,1932.04,1922.73,1925.85
2023.08.08 16:00,1925.85,1928.47,1923.54,1924.82
2023.08.08 20:00,1924.80,1925.70,1924.56,1925.56
2023.08.09 00:00,1925.60,1930.80,1924.23,1930.04
2023.08.09 04:00,1930.09,1932.33,1928.52,1930.58
2023.08.09 08:00,1930.61,1930.78,1923.21,1924.57
2023.08.09 12:00,1924.53,1927.57,1915.56,1916.69
2023.08.09 16:00,1916.74,1918.14,1915.39,1915.56
2023.08.09 20:00,1915.50,1916.96,1914.00,1916.70
2023.08.10 00:00,1916.75,1919.14,1915.30,1918.67
2023.08.10 04:00,1918.67,1920.59,1915.46,1919.34
2023.08.10 08:00,1919.32,1922.67,1918.59,1921.87
2023.08.10 12:00,1921.86,1930.04,1912.89,1919.99
2023.08.10 16:00,1920.00,1921.73,1912.83,1913.34
2023.08.10 20:00,1913.29,1913.64,1910.75,1912.40
2023.08.11 00:00,1912.40,1916.00,1911.90,1914.64
2023.08.11 04:00,1914.64,1918.03,1912.62,1917.89
2023.08.11 08:00,1917.87,1919.83,1916.11,1919.03
2023.08.11 12:00,1919.02,1920.94,1912.83,1914.03
2023.08.11 16:00,1914.00,1915.54,1912.20,1913.55
2023.08.11 20:00,1913.56,1914.00,1912.84,1913.49
2023.08.13 20:00,1913.68,1914.30,1912.27,1913.62
2023.08.14 00:00,1913.62,1913.72,1910.05,1912.73
2023.08.14 04:00,1912.72,1915.85,1910.55,1914.45
2023.08.14 08:00,1914.46,1916.18,1912.16,1913.93
2023.08.14 12:00,1913.85,1913.99,1902.68,1910.65
2023.08.14 16:00,1910.64,1913.15,1907.24,1907.54
2023.08.14 20:00,1907.46,1908.07,1904.93,1907.59
2023.08.15 00:00,1907.59,1908.13,1903.66,1907.16
2023.08.15 04:00,1907.14,1907.48,1903.44,1904.87
2023.08.15 08:00,1904.85,1905.18,1901.90,1904.21
2023.08.15 12:00,1904.26,1911.42,1896.29,1906.73
2023.08.15 16:00,1906.71,1907.33,1902.24,1902.50
2023.08.15 20:00,1902.50,1903.42,1900.17,1901.30
2023.08.16 00:00,1901.30,1905.16,1900.29,1903.94
2023.08.16 04:00,1903.93,1906.40,1902.59,1904.45
2023.08.16 08:00,1904.46,1907.04,1902.99,1902.99
2023.08.16 12:00,1902.99,1906.33,1899.51,1901.84
2023.08.16 16:00,1901.85,1902.50,1891.77,1892.17
2023.08.16 20:00,1892.21,1894.41,1891.34,1893.33
2023.08.17 00:00,1893.34,1893.90,1889.51,1892.72
2023.08.17 04:00,1892.72,1897.56,1892.12,1896.43
2023.08.17 08:00,1896.42,1899.52,1893.60,1898.79
2023.08.17 12:00,1898.76,1903.38,1889.14,1889.44
2023.08.17 16:00,1889.42,1891.21,1884.93,1889.01
2023.08.17 20:00,1889.02,1891.61,1888.36,1891.26
2023.08.18 00:00,1891.32,1895.13,1890.70,1892.68
2023.08.18 04:00,1892.73,1894.11,1891.09,1892.58
2023.08.18 08:00,1892.54,1895.53,1891.36,1893.76
2023.08.18 12:00,1893.85,1896.76,1888.69,1891.28
2023.08.18 16:00,1891.25,1891.94,1886.73,1889.21
2023.08.18 20:00,1889.18,1889.90,1888.23,1889.25
2023.08.20 20:00,1890.28,1890.28,1888.70,1890.02
2023.08.21 00:00,1890.01,1893.65,1884.83,1891.63
2023.08.21 04:00,1891.66,1894.06,1887.32,1888.15
2023.08.21 08:00,1888.14,1893.04,1886.76,1892.95
2023.08.21 12:00,1892.94,1898.73,1885.23,1889.16
2023.08.21 16:00,1889.16,1895.37,1889.06,1894.33
2023.08.21 20:00,1894.28,1896.04,1894.26,1894.73
2023.08.22 00:00,1894.73,1897.28,1893.63,1896.11
2023.08.22 04:00,1896.09,1901.93,1893.80,1901.47
2023.08.22 08:00,1901.54,1904.47,1898.41,1902.18
2023.08.22 12:00,1902.18,1903.42,1889.09,1897.83
2023.08.22 16:00,1897.82,1898.94,1896.40,1897.58
2023.08.22 20:00,1897.53,1898.65,1897.07,1898.58
2023.08.23 00:00,1898.56,1902.97,1898.47,1901.60
2023.08.23 04:00,1901.60,1904.71,1900.72,1903.61
2023.08.23 08:00,1903.57,1905.39,1901.23,1903.29
2023.08.23 12:00,1903.28,1918.89,1902.64,1918.24
2023.08.23 16:00,1918.24,1920.30,1916.22,1916.76
2023.08.23 20:00,1916.76,1918.07,1914.43,1917.89
2023.08.24 00:00,1917.92,1921.62,1917.30,1920.96
2023.08.24 04:00,1920.95,1922.83,1919.46,1919.55
2023.08.24 08:00,1919.63,1921.97,1916.43,1916.66
2023.08.24 12:00,1916.72,1923.31,1911.77,1921.06
2023.08.24 16:00,1921.05,1921.47,1916.68,1916.74
2023.08.24 20:00,1916.72,1917.46,1915.64,1915.85
2023.08.25 00:00,1915.86,1917.51,1913.13,1913.43
2023.08.25 04:00,1913.44,1916.12,1912.79,1914.20
2023.08.25 08:00,1914.18,1918.46,1913.23,1918.37
2023.08.25 12:00,1918.35,1922.31,1903.72,1907.72
2023.08.25 16:00,1907.72,1914.70,1907.54,1914.30
2023.08.25 20:00,1914.30,1914.93,1913.24,1914.54
2023.08.27 20:00,1914.92,1916.10,1914.24,1915.05
2023.08.28 00:00,1915.05,1917.45,1914.57,1916.30
2023.08.28 04:00,1916.28,1917.77,1914.32,1914.59
2023.08.28 08:00,1914.59,1915.71,1913.48,1914.71
2023.08.28 12:00,1914.73,1926.01,1912.77,1924.73
2023.08.28 16:00,1924.73,1925.26,1916.80,1919.64
2023.08.28 20:00,1919.67,1921.63,1919.56,1921.22
2023.08.29 00:00,1921.23,1925.82,1921.03,1925.37
2023.08.29 04:00,1925.39,1925.59,1921.54,1923.23
2023.08.29 08:00,1923.23,1924.40,1916.72,1917.14
2023.08.29 12:00,1917.21,1937.63,1914.39,1936.67
2023.08.29 16:00,1936.70,1938.12,1934.03,1937.99
2023.08.29 20:00,1937.97,1937.97,1935.91,1936.19
2023.08.30 00:00,1936.16,1937.46,1935.36,1936.78
2023.08.30 04:00,1936.78,1937.13,1934.95,1936.44
2023.08.30 08:00,1936.42,1939.57,1935.43,1939.08
2023.08.30 12:00,1939.09,1949.08,1938.75,1944.91
2023.08.30 16:00,1944.85,1945.69,1942.90,1943.39
2023.08.30 20:00,1943.47,1944.71,1942.02,1944.22
2023.08.31 00:00,1944.22,1947.75,1944.11,1945.15
2023.08.31 04:00,1945.13,1946.28,1943.20,1945.02
2023.08.31 08:00,1945.01,1945.90,1943.63,1945.68
2023.08.31 12:00,1945.69,1947.84,1938.94,1940.66
2023.08.31 16:00,1940.66,1942.53,1939.01,1940.02
2023.08.31 20:00,1940.02,1940.59,1938.97,1939.89
2023.09.01 00:00,1939.90,1944.01,1938.66,1938.94
2023.09.01 04:00,1938.96,1943.51,1938.15,1943.10
2023.09.01 08:00,1943.14,1945.83,1941.88,1944.47
2023.09.01 12:00,1944.46,1952.90,1934.42,1938.81
2023.09.01 16:00,1938.83,1941.55,1937.28,1940.53
2023.09.01 20:00,1940.60,1940.70,1939.49,1940.09
2023.09.03 20:00,1939.54,1941.01,1939.47,1940.59
2023.09.04 00:00,1940.59,1946.10,1940.10,1944.95
2023.09.04 04:00,1944.96,1946.36,1943.10,1943.78
2023.09.04 08:00,1943.79,1944.48,1939.98,1941.79
2023.09.04 12:00,1941.79,1941.85,1936.90,1938.79
2023.09.04 16:00,1938.76,1939.01,1938.08,1938.29
2023.09.04 20:00,1938.24,1938.68,1937.59,1937.68
2023.09.05 00:00,1937.69,1938.81,1934.98,1937.10
2023.09.05 04:00,1937.11,1939.09,1935.22,1935.66
2023.09.05 08:00,1935.63,1935.81,1929.84,1930.47
2023.09.05 12:00,1930.42,1934.65,1925.29,1926.05
2023.09.05 16:00,1926.02,1927.95,1925.46,1925.81
2023.09.05 20:00,1925.82,1926.91,1925.29,1926.62
2023.09.06 00:00,1926.61,1926.79,1924.15,1926.55
2023.09.06 04:00,1926.54,1928.49,1922.84,1922.88
2023.09.06 08:00,1922.85,1927.65,1922.48,1925.47
2023.09.06 12:00,1925.45,1929.19,1915.25,1916.77
2023.09.06 16:00,1916.81,1920.64,1915.98,1916.62
2023.09.06 20:00,1916.64,1917.91,1915.93,1917.12
2023.09.07 00:00,1917.10,1920.68,1916.26,1920.11
2023.09.07 04:00,1920.09,1920.18,1917.01,1918.29
2023.09.07 08:00,1918.30,1922.27,1917.36,1921.85
2023.09.07 12:00,1921.84,1923.59,1916.18,1920.94
2023.09.07 16:00,1920.95,1921.41,1917.41,1918.76
2023.09.07 20:00,1918.79,1920.27,1918.79,1920.25
2023.09.08 00:00,1920.25,1927.28,1920.06,1924.92
2023.09.08 04:00,1924.96,1927.26,1923.80,1924.13
2023.09.08 08:00,1924.14,1925.85,1922.58,1922.97
2023.09.08 12:00,1922.99,1929.70,1919.18,1919.60
2023.09.08 16:00,1919.59,1920.71,1917.31,1919.19
2023.09.08 20:00,1919.18,1919.38,1918.71,1919.02
2023.09.10 20:00,1918.26,1919.63,1916.81,1918.83
2023.09.11 00:00,1918.87,1924.13,1918.30,1923.29
2023.09.11 04:00,1923.27,1930.67,1922.92,1926.46
2023.09.11 08:00,1926.38,1928.04,1924.62,1925.14
2023.09.11 12:00,1925.27,1930.12,1921.39,1923.02
2023.09.11 16:00,1923.03,1925.11,1921.42,1922.72
2023.09.11 20:00,1922.60,1922.67,1921.15,1921.65
2023.09.12 00:00,1921.65,1924.27,1920.33,1923.73
2023.09.12 04:00,1923.72,1924.44,1918.79,1918.99
2023.09.12 08:00,1919.02,1921.31,1910.83,1912.90
2023.09.12 12:00,1912.98,1914.63,1907.54,1912.48
2023.09.12 16:00,1912.47,1915.05,1911.65,1912.97
2023.09.12 20:00,1912.96,1913.81,1912.39,1912.90
2023.09.13 00:00,1912.86,1913.81,1908.17,1909.62
2023.09.13 04:00,1909.63,1912.58,1908.16,1912.07
2023.09.13 08:00,1912.04,1913.03,1910.72,1912.30
2023.09.13 12:00,1912.31,1915.75,1905.57,1910.43
2023.09.13 16:00,1910.44,1911.68,1908.10,1908.78
2023.09.13 20:00,1908.79,1909.54,1907.47,1909.22
2023.09.14 00:00,1909.23,1912.85,1908.76,1909.71
2023.09.14 04:00,1909.70,1910.98,1905.19,1905.88
2023.09.14 08:00,1905.87,1909.10,1905.47,1907.49
2023.09.14 12:00,1907.52,1911.30,1900.47,1908.00
2023.09.14 16:00,1907.99,1912.10,1907.97,1909.43
2023.09.14 20:00,1909.38,1911.05,1909.17,1909.76
2023.09.15 00:00,1909.81,1915.96,1909.76,1915.65
2023.09.15 04:00,1915.65,1919.49,1914.93,1918.01
2023.09.15 08:00,1918.05,1919.93,1916.71,1919.20
2023.09.15 12:00,1919.19,1930.36,1916.06,1926.46
2023.09.15 16:00,1926.45,1927.83,1922.40,1922.53
2023.09.15 20:00,1922.54,1924.02,1922.47,1923.77
2023.09.17 20:00,1923.69,1923.69,1922.45,1923.22
2023.09.18 00:00,1923.30,1929.45,1923.18,1928.76
2023.09.18 04:00,1928.64,1930.60,1926.43,1926.49
2023.09.18 08:00,1926.39,1928.19,1925.04,1926.81
2023.09.18 12:00,1926.83,1929.33,1922.84,1928.89
2023.09.18 16:00,1928.93,1933.59,1927.67,1933.25
2023.09.18 20:00,1933.24,1934.53,1932.98,1934.11
2023.09.19 00:00,1934.12,1934.57,1931.67,1932.24
2023.09.19 04:00,1932.23,1934.73,1929.74,1934.43
2023.09.19 08:00,1934.45,1936.74,1933.45,1935.31
2023.09.19 12:00,1935.25,1937.38,1931.07,1933.11
2023.09.19 16:00,1933.12,1933.75,1929.70,1931.94
2023.09.19 20:00,1931.86,1931.86,1930.82,1931.39
2023.09.20 00:00,1931.38,1931.54,1928.40,1930.58
2023.09.20 04:00,1930.57,1932.29,1927.86,1928.72
2023.09.20 08:00,1928.71,1932.68,1928.65,1932.06
2023.09.20 12:00,1932.03,1945.82,1930.92,1941.84
2023.09.20 16:00,1941.84,1947.48,1932.89,1933.05
2023.09.20 20:00,1933.09,1933.70,1929.16,1929.46
2023.09.21 00:00,1929.50,1929.73,1924.15,1928.29
2023.09.21 04:00,1928.30,1930.50,1926.38,1927.20
2023.09.21 08:00,1927.23,1927.46,1920.30,1920.77
2023.09.21 12:00,1920.84,1923.84,1913.96,1917.55
2023.09.21 16:00,1917.61,1921.32,1916.36,1919.77
2023.09.21 20:00,1919.76,1921.64,1919.57,1921.42
2023.09.22 00:00,1921.45,1925.54,1921.28,1923.88
2023.09.22 04:00,1923.90,1928.72,1923.42,1928.09
2023.09.22 08:00,1928.04,1928.07,1924.36,1925.61
2023.09.22 12:00,1925.63,1929.09,1924.23,1927.79
2023.09.22 16:00,1927.80,1928.56,1924.40,1925.45
2023.09.22 20:00,1925.45,1925.59,1924.69,1925.35
2023.09.24 20:00,1925.80,1925.85,1924.48,1924.81
2023.09.25 00:00,1924.80,1925.37,1922.71,1923.75
2023.09.25 04:00,1923.74,1927.22,1920.82,1923.54
2023.09.25 08:00,1923.54,1925.10,1921.03,1924.14
2023.09.25 12:00,1924.11,1926.84,1915.16,1917.53
2023.09.25 16:00,1917.54,1918.32,1915.24,1915.53
2023.09.25 20:00,1915.57,1916.75,1915.51,1916.32
2023.09.26 00:00,1916.32,1916.55,1913.05,1913.73
2023.09.26 04:00,1913.67,1915.22,1909.73,1913.73
2023.09.26 08:00,1913.79,1915.73,1910.58,1911.64
2023.09.26 12:00,1911.67,1912.86,1900.86,1902.47
2023.09.26 16:00,1902.47,1903.64,1899.14,1900.60
2023.09.26 20:00,1900.60,1902.13,1900.29,1901.56
2023.09.27 00:00,1901.66,1903.92,1899.56,1899.96
2023.09.27 04:00,1899.95,1899.95,1895.64,1896.69
2023.09.27 08:00,1896.68,1897.83,1892.42,1892.82
2023.09.27 12:00,1892.82,1893.09,1879.70,1881.46
2023.09.27 16:00,1881.44,1881.55,1872.47,1876.63
2023.09.27 20:00,1876.65,1877.61,1874.61,1877.54
2023.09.28 00:00,1877.58,1877.86,1873.50,1874.62
2023.09.28 04:00,1874.63,1878.21,1873.61,1875.70
2023.09.28 08:00,1875.79,1877.16,1873.60,1876.05
2023.09.28 12:00,1876.05,1879.55,1857.57,1864.68
2023.09.28 16:00,1864.68,1867.28,1860.93,1867.11
2023.09.28 20:00,1867.11,1867.29,1863.75,1866.66
2023.09.29 00:00,1866.67,1867.23,1862.94,1863.30
2023.09.29 04:00,1863.29,1873.92,1863.03,1873.49
2023.09.29 08:00,1873.46,1873.71,1867.48,1869.48
2023.09.29 12:00,1869.52,1879.77,1852.17,1854.71
2023.09.29 16:00,1854.71,1856.41,1846.29,1848.19
2023.09.29 20:00,1848.13,1849.80,1847.68,1848.43
2023.10.01 20:00,1846.43,1848.40,1846.10,1848.34
2023.10.02 00:00,1848.36,1848.91,1842.78,1843.45
2023.10.02 04:00,1843.44,1846.17,1839.11,1839.71
2023.10.02 08:00,1839.67,1843.19,1831.07,1837.26
2023.10.02 12:00,1837.27,1840.53,1827.05,1832.61
2023.10.02 16:00,1832.58,1833.53,1829.18,1829.31
2023.10.02 20:00,1829.21,1829.62,1820.40,1824.96
2023.10.03 00:00,1824.85,1825.21,1815.16,1820.47
2023.10.03 04:00,1820.60,1824.53,1818.11,1823.99
2023.10.03 08:00,1823.97,1829.06,1823.60,1825.87
2023.10.03 12:00,1825.96,1833.30,1819.20,1824.83
2023.10.03 16:00,1824.84,1828.06,1821.86,1823.88
2023.10.03 20:00,1823.88,1825.00,1822.19,1823.28
2023.10.04 00:00,1823.34,1824.92,1819.61,1820.66
2023.10.04 04:00,1820.71,1823.72,1816.62,1823.06
2023.10.04 08:00,1823.01,1827.11,1820.20,1824.88
2023.10.04 12:00,1825.01,1830.50,1816.99,1823.71
2023.10.04 16:00,1823.80,1824.00,1816.52,1823.22
2023.10.04 20:00,1823.26,1824.02,1820.37,1822.47
2023.10.05 00:00,1822.47,1828.65,1821.68,1828.26
2023.10.05 04:00,1828.26,1829.10,1819.80,1820.74
2023.10.05 08:00,1820.69,1823.92,1819.59,1822.99
2023.10.05 12:00,1822.97,1823.87,1812.88,1815.49
2023.10.05 16:00,1815.55,1820.85,1814.80,1820.31
2023.10.05 20:00,1820.32,1823.12,1819.55,1821.29
2023.10.06 00:00,1821.30,1824.43,1819.66,1823.99
2023.10.06 04:00,1823.94,1824.58,1818.54,1821.31
2023.10.06 08:00,1821.29,1825.03,1819.25,1821.22
2023.10.06 12:00,1821.25,1834.79,1810.36,1832.57
2023.10.06 16:00,1832.56,1833.91,1828.72,1829.37
2023.10.06 20:00,1829.39,1832.59,1828.91,1832.47
2023.10.08 20:00,1849.82,1849.82,1846.50,1847.91
2023.10.09 00:00,1847.93,1852.73,1846.25,1851.03
2023.10.09 04:00,1851.07,1854.32,1847.97,1850.43
2023.10.09 08:00,1850.38,1852.27,1848.89,1850.02
2023.10.09 12:00,1850.03,1853.22,1844.18,1851.58
2023.10.09 16:00,1851.59,1863.45,1848.62,1863.20
2023.10.09 20:00,1863.20,1863.20,1860.28,1862.54
2023.10.10 00:00,1862.57,1865.40,1861.31,1862.43
2023.10.10 04:00,1862.50,1862.50,1855.14,1857.37
2023.10.10 08:00,1857.40,1859.75,1854.82,1857.08
2023.10.10 12:00,1857.16,1862.33,1852.99,1861.23
2023.10.10 16:00,1861.24,1862.73,1858.08,1860.12
2023.10.10 20:00,1860.14,1860.79,1859.58,1859.67
2023.10.11 00:00,1859.67,1862.05,1859.47,1860.10
2023.10.11 04:00,1860.09,1868.11,1858.59,1867.88
2023.10.11 08:00,1867.86,1874.72,1866.83,1871.05
2023.10.11 12:00,1871.09,1875.00,1867.25,1873.01
2023.10.11 16:00,1873.03,1877.12,1870.77,1873.57
2023.10.11 20:00,1873.55,1875.69,1873.42,1875.29
2023.10.12 00:00,1875.34,1878.67,1874.46,1877.66
2023.10.12 04:00,1877.61,1882.64,1876.72,1878.78
2023.10.12 08:00,1878.77,1884.46,1878.56,1883.50
2023.10.12 12:00,1883.57,1884.95,1870.57,1872.30
2023.10.12 16:00,1872.32,1873.65,1867.85,1868.29
2023.10.12 20:00,1868.27,1871.23,1868.27,1870.57
2023.10.13 00:00,1870.58,1874.00,1870.08,1873.68
2023.10.13 04:00,1873.65,1883.09,1873.50,1882.13
2023.10.13 08:00,1882.12,1899.83,1881.96,1896.42
2023.10.13 12:00,1896.43,1923.13,1896.39,1922.97
2023.10.13 16:00,1923.03,1930.74,1922.37,1928.30
2023.10.13 20:00,1928.38,1932.87,1928.09,1932.63
2023.10.15 20:00,1924.35,1926.32,1921.49,1925.86
2023.10.16 00:00,1925.86,1925.92,1918.01,1919.99
2023.10.16 04:00,1919.98,1920.44,1908.13,1911.42
2023.10.16 08:00,1911.41,1918.26,1909.86,1915.53
2023.10.16 12:00,1915.58,1924.53,1914.37,1921.45
2023.10.16 16:00,1921.47,1922.75,1917.81,1918.90
2023.10.16 20:00,1918.88,1921.74,1918.77,1919.37
2023.10.17 00:00,1919.37,1920.01,1912.33,1916.79
2023.10.17 04:00,1916.78,1921.30,1914.14,1920.08
2023.10.17 08:00,1920.01,1926.46,1918.59,1924.06
2023.10.17 12:00,1923.95,1931.47,1918.96,1926.84
2023.10.17 16:00,1926.83,1926.83,1919.13,1922.56
2023.10.17 20:00,1922.59,1925.47,1922.10,1924.71
2023.10.18 00:00,1924.83,1942.68,1923.75,1937.46
2023.10.18 04:00,1937.39,1940.01,1935.05,1939.63
2023.10.18 08:00,1939.64,1947.40,1937.22,1946.20
2023.10.18 12:00,1946.19,1962.55,1938.17,1945.20
2023.10.18 16:00,1945.21,1956.55,1944.60,1950.32
2023.10.18 20:00,1950.37,1951.62,1946.64,1950.77
2023.10.19 00:00,1950.80,1953.26,1945.16,1946.29
2023.10.19 04:00,1946.28,1952.68,1945.28,1949.42
2023.10.19 08:00,1949.42,1954.38,1947.78,1952.10
2023.10.19 12:00,1952.11,1959.96,1949.67,1956.11
2023.10.19 16:00,1956.13,1977.66,1952.02,1974.35
2023.10.19 20:00,1974.35,1982.22,1972.44,1977.13
2023.10.20 00:00,1977.11,1981.86,1971.93,1977.79
2023.10.20 04:00,1977.77,1982.06,1974.03,1980.10
2023.10.20 08:00,1980.13,1985.80,1976.37,1977.28
2023.10.20 12:00,1977.28,1997.10,1973.19,1991.56
2023.10.20 16:00,1991.53,1992.41,1974.28,1979.62
2023.10.20 20:00,1979.59,1981.42,1978.90,1981.42
2023.10.22 20:00,1976.51,1978.10,1970.04,1971.47
2023.10.23 00:00,1971.25,1974.68,1964.28,1973.55
2023.10.23 04:00,1973.55,1979.68,1972.71,1979.48
2023.10.23 08:00,1979.41,1982.77,1975.25,1979.28
2023.10.23 12:00,1979.29,1981.94,1970.03,1975.31
2023.10.23 16:00,1975.33,1979.32,1971.09,1973.16
2023.10.23 20:00,1973.16,1973.81,1971.37,1973.55
2023.10.24 00:00,1973.55,1980.78,1972.38,1976.90
2023.10.24 04:00,1976.90,1979.18,1974.45,1975.29
2023.10.24 08:00,1975.29,1975.95,1953.54,1963.67
2023.10.24 12:00,1963.68,1970.03,1958.89,1969.73
2023.10.24 16:00,1969.68,1977.53,1968.90,1972.65
2023.10.24 20:00,1972.60,1973.31,1970.40,1972.82
2023.10.25 00:00,1972.87,1976.91,1970.84,1973.17
2023.10.25 04:00,1973.20,1975.85,1968.20,1971.15
2023.10.25 08:00,1971.12,1976.38,1969.41,1974.66
2023.10.25 12:00,1974.76,1987.13,1962.88,1981.22
2023.10.25 16:00,1981.12,1985.55,1976.49,1980.82
2023.10.25 20:00,1980.78,1983.73,1977.67,1982.98
2023.10.26 00:00,1982.98,1987.28,1982.32,1987.20
2023.10.26 04:00,1987.22,1990.08,1983.90,1990.08
2023.10.26 08:00,1990.08,1993.41,1982.44,1984.62
2023.10.26 12:00,1984.61,1986.60,1971.64,1980.24
2023.10.26 16:00,1980.16,1989.17,1979.68,1984.32
2023.10.26 20:00,1984.29,1986.78,1983.42,1984.41
2023.10.27 00:00,1984.33,1988.80,1982.88,1987.84
2023.10.27 04:00,1987.96,1989.92,1985.74,1987.35
2023.10.27 08:00,1987.34,1987.90,1979.98,1981.84
2023.10.27 12:00,1982.00,1986.16,1976.77,1979.91
2023.10.27 16:00,1979.89,2009.34,1979.19,2006.90
2023.10.27 20:00,2006.90,2007.12,2004.25,2006.17
2023.10.29 20:00,2001.27,2003.57,2000.49,2002.75
2023.10.30 00:00,2002.74,2006.72,2001.39,2001.99
2023.10.30 04:00,2001.99,2002.73,1993.28,1993.54
2023.10.30 08:00,1993.60,1997.31,1990.84,1995.65
2023.10.30 12:00,1995.75,2002.45,1991.78,1999.17
2023.10.30 16:00,1999.20,2000.60,1994.62,1995.83
2023.10.30 20:00,1995.82,1996.59,1993.86,1995.54
2023.10.31 00:00,1995.43,1997.26,1991.58,1992.08
2023.10.31 04:00,1992.05,1997.64,1990.47,1996.20
2023.10.31 08:00,1996.20,2000.33,1994.97,1999.89
2023.10.31 12:00,1999.82,2007.77,1992.24,1994.16
2023.10.31 16:00,1994.12,1994.73,1978.74,1984.74
2023.10.31 20:00,1984.62,1985.24,1983.09,1983.68
2023.11.01 00:00,1983.70,1983.95,1976.86,1977.04
2023.11.01 04:00,1977.05,1980.99,1975.18,1977.07
2023.11.01 08:00,1977.05,1985.12,1977.05,1983.40
2023.11.01 12:00,1983.42,1992.04,1978.26,1979.22
2023.11.01 16:00,1979.24,1982.22,1969.82,1978.44
2023.11.01 20:00,1978.44,1985.66,1976.98,1985.06
2023.11.02 00:00,1985.06,1988.06,1983.29,1985.37
2023.11.02 04:00,1985.37,1986.64,1983.61,1985.39
2023.11.02 08:00,1985.39,1990.30,1984.37,1988.51
2023.11.02 12:00,1988.60,1991.03,1978.80,1981.13
2023.11.02 16:00,1981.14,1986.58,1978.98,1985.36
2023.11.02 20:00,1985.30,1986.23,1984.35,1984.92
2023.11.03 00:00,1984.96,1987.82,1983.20,1985.78
2023.11.03 04:00,1985.76,1989.14,1984.49,1986.51
2023.11.03 08:00,1986.28,1990.21,1986.08,1987.58
2023.11.03 12:00,1987.65,2004.02,1985.92,1991.66
2023.11.03 16:00,1991.69,1995.10,1989.22,1992.64
2023.11.03 20:00,1992.59,1992.88,1991.92,1992.42
2023.11.05 20:00,1992.15,1992.73,1987.10,1988.40
2023.11.06 00:00,1988.40,1993.02,1981.93,1985.10
2023.11.06 04:00,1985.01,1985.29,1982.25,1983.40
2023.11.06 08:00,1983.39,1988.30,1982.79,1987.73
2023.11.06 12:00,1987.73,1989.09,1981.08,1981.12
2023.11.06 16:00,1981.17,1984.48,1979.20,1980.33
2023.11.06 20:00,1980.28,1980.28,1975.76,1976.72
2023.11.07 00:00,1976.77,1976.96,1972.18,1972.53
2023.11.07 04:00,1972.55,1974.16,1967.17,1969.34
2023.11.07 08:00,1969.33,1970.15,1962.63,1963.83
2023.11.07 12:00,1963.84,1967.21,1956.67,1963.36
2023.11.07 16:00,1963.36,1969.83,1961.78,1967.44
2023.11.07 20:00,1967.44,1969.37,1966.90,1968.90
2023.11.08 00:00,1968.94,1971.03,1967.24,1967.78
2023.11.08 04:00,1967.78,1969.06,1964.95,1967.63
2023.11.08 08:00,1967.62,1968.93,1959.48,1964.46
2023.11.08 12:00,1964.48,1966.65,1950.92,1955.45
2023.11.08 16:00,1955.45,1957.90,1947.50,1948.11
2023.11.08 20:00,1948.11,1951.93,1947.38,1950.82
2023.11.09 00:00,1950.62,1954.54,1947.75,1949.27
2023.11.09 04:00,1949.26,1950.46,1948.02,1949.32
2023.11.09 08:00,1949.28,1949.64,1944.69,1948.74
2023.11.09 12:00,1948.75,1964.88,1944.79,1962.94
2023.11.09 16:00,1962.85,1965.56,1956.11,1958.36
2023.11.09 20:00,1958.42,1960.00,1956.89,1959.08
2023.11.10 00:00,1959.09,1960.75,1956.33,1959.45
2023.11.10 04:00,1959.44,1959.53,1953.67,1955.32
2023.11.10 08:00,1955.32,1957.13,1947.11,1948.18
2023.11.10 12:00,1948.18,1949.11,1939.69,1942.00
2023.11.10 16:00,1942.07,1943.41,1932.93,1935.37
2023.11.10 20:00,1935.38,1938.94,1934.52,1938.05
2023.11.12 20:00,1938.35,1940.88,1935.14,1940.27
2023.11.13 00:00,1940.20,1941.84,1933.98,1935.32
2023.11.13 04:00,1935.30,1941.21,1934.19,1938.75
2023.11.13 08:00,1938.77,1940.42,1935.95,1937.95
2023.11.13 12:00,1937.95,1938.88,1931.63,1938.42
2023.11.13 16:00,1938.43,1949.16,1938.16,1946.21
2023.11.13 20:00,1946.19,1946.71,1945.17,1946.52
2023.11.14 00:00,1946.54,1948.38,1944.38,1944.79
2023.11.14 04:00,1944.74,1946.50,1943.72,1945.58
2023.11.14 08:00,1945.64,1948.14,1944.28,1945.90
2023.11.14 12:00,1945.89,1970.88,1944.31,1964.41
2023.11.14 16:00,1964.42,1966.50,1961.64,1963.70
2023.11.14 20:00,1963.71,1964.46,1962.21,1962.44
2023.11.15 00:00,1962.49,1967.03,1961.54,1966.86
2023.11.15 04:00,1966.85,1970.98,1965.86,1970.30
2023.11.15 08:00,1970.31,1974.03,1969.74,1972.97
2023.11.15 12:00,1972.98,1975.15,1955.41,1963.09
2023.11.15 16:00,1963.13,1963.67,1959.15,1961.77
2023.11.15 20:00,1961.78,1962.23,1958.94,1960.39
2023.11.16 00:00,1960.41,1962.14,1956.50,1961.43
2023.11.16 04:00,1961.40,1967.80,1960.80,1966.54
2023.11.16 08:00,1966.48,1968.54,1964.63,1965.54
2023.11.16 12:00,1965.52,1986.48,1962.10,1984.93
2023.11.16 16:00,1984.83,1987.90,1980.12,1983.29
2023.11.16 20:00,1983.30,1984.10,1980.42,1982.59
2023.11.17 00:00,1982.51,1986.88,1981.74,1986.65
2023.11.17 04:00,1986.64,1987.61,1982.62,1987.60
2023.11.17 08:00,1987.60,1993.37,1984.61,1988.80
2023.11.17 12:00,1988.81,1991.60,1979.42,1983.49
2023.11.17 16:00,1983.59,1985.28,1978.63,1980.39
2023.11.17 20:00,1980.41,1981.08,1979.04,1980.68
2023.11.19 20:00,1978.14,1978.76,1974.15,1974.49
2023.11.20 00:00,1974.57,1985.18,1973.34,1982.24
2023.11.20 04:00,1982.23,1983.42,1978.12,1978.60
2023.11.20 08:00,1978.61,1980.44,1972.28,1973.37
2023.11.20 12:00,1973.34,1973.39,1965.34,1971.97
2023.11.20 16:00,1971.89,1978.95,1971.27,1978.45
2023.11.20 20:00,1978.49,1981.55,1976.94,1981.22
2023.11.21 00:00,1981.23,1994.24,1980.73,1993.14
2023.11.21 04:00,1993.13,1994.04,1989.61,1992.34
2023.11.21 08:00,1992.36,1994.27,1984.31,1987.25
2023.11.21 12:00,1987.28,2007.55,1986.60,2004.26
2023.11.21 16:00,2004.29,2005.31,1996.27,2000.11
2023.11.21 20:00,2000.14,2000.20,1997.87,1999.33
2023.11.22 00:00,1999.29,1999.30,1995.50,1996.45
2023.11.22 04:00,1996.44,2004.02,1996.15,2003.67
2023.11.22 08:00,2003.66,2006.41,1999.07,2000.65
2023.11.22 12:00,2000.63,2003.17,1989.96,1994.96
2023.11.22 16:00,1995.00,1995.56,1986.90,1990.74
2023.11.22 20:00,1990.76,1991.84,1988.92,1990.48
2023.11.23 00:00,1990.40,1998.17,1990.12,1997.78
2023.11.23 04:00,1997.83,1998.47,1993.38,1996.37
2023.11.23 08:00,1996.36,1996.38,1992.18,1993.87
2023.11.23 12:00,1993.86,1994.88,1991.81,1992.15
2023.11.23 16:00,1992.12,1993.00,1989.83,1992.33
2023.11.23 20:00,1992.73,1994.30,1992.51,1994.11
2023.11.24 00:00,1994.14,1994.95,1991.42,1993.60
2023.11.24 04:00,1993.61,1994.69,1991.48,1993.47
2023.11.24 08:00,1993.41,1996.28,1992.22,1995.18
2023.11.24 12:00,1995.27,2003.59,1994.38,1998.36
2023.11.24 16:00,1998.37,2002.90,1997.13,2002.17
2023.11.26 20:00,2001.75,2003.12,2000.53,2002.44
2023.11.27 00:00,2002.37,2018.13,2001.41,2009.52
2023.11.27 04:00,2009.46,2013.70,2008.41,2010.95
2023.11.27 08:00,2010.89,2015.50,2010.50,2012.56
2023.11.27 12:00,2012.57,2016.30,2008.73,2010.34
2023.11.27 16:00,2010.36,2013.58,2005.71,2012.86
2023.11.27 20:00,2012.83,2015.38,2012.02,2015.27
2023.11.28 00:00,2015.28,2018.05,2013.87,2014.97
2023.11.28 04:00,2015.00,2016.85,2012.01,2013.48
2023.11.28 08:00,2013.48,2016.73,2012.51,2015.21
2023.11.28 12:00,2015.31,2031.48,2011.70,2030.90
2023.11.28 16:00,2030.91,2043.01,2030.49,2041.78
2023.11.28 20:00,2041.77,2044.55,2039.64,2044.42
2023.11.29 00:00,2044.48,2051.98,2042.58,2044.09
2023.11.29 04:00,2044.02,2049.03,2041.07,2042.36
2023.11.29 08:00,2042.38,2044.05,2035.43,2040.05
2023.11.29 12:00,2040.06,2046.92,2037.11,2043.08
2023.11.29 16:00,2043.02,2049.55,2039.56,2046.29
2023.11.29 20:00,2046.30,2046.51,2042.02,2044.66
2023.11.30 00:00,2044.67,2047.18,2042.65,2046.05
2023.11.30 04:00,2046.09,2046.92,2041.40,2044.60
2023.11.30 08:00,2044.61,2045.70,2035.98,2037.15
2023.11.30 12:00,2037.16,2043.75,2031.38,2037.93
2023.11.30 16:00,2037.93,2041.31,2033.65,2036.19
2023.11.30 20:00,2036.18,2040.61,2034.83,2040.09
2023.12.01 00:00,2040.13,2043.42,2038.66,2039.54
2023.12.01 04:00,2039.52,2042.87,2038.81,2039.51
2023.12.01 08:00,2039.52,2049.82,2036.50,2037.03
2023.12.01 12:00,2037.06,2051.52,2033.87,2049.34
2023.12.01 16:00,2049.37,2075.35,2044.76,2068.32
2023.12.01 20:00,2068.30,2073.51,2067.79,2073.28
2023.12.03 20:00,2074.26,2134.65,2072.96,2116.25
2023.12.04 00:00,2116.34,2119.50,2082.98,2085.73
2023.12.04 04:00,2085.69,2090.31,2059.85,2063.10
2023.12.04 08:00,2063.31,2075.91,2057.68,2070.72
2023.12.04 12:00,2070.73,2071.14,2020.06,2022.47
2023.12.04 16:00,2022.48,2031.41,2020.73,2030.83
2023.12.04 20:00,2030.85,2034.02,2026.21,2033.91
2023.12.05 00:00,2033.86,2041.09,2032.60,2037.26
2023.12.05 04:00,2037.27,2038.24,2030.32,2032.59
2023.12.05 08:00,2032.61,2039.50,2021.49,2024.70
2023.12.05 12:00,2024.68,2030.72,2009.82,2016.12
2023.12.05 16:00,2016.19,2020.45,2012.13,2019.72
2023.12.05 20:00,2019.55,2020.81,2017.13,2018.87
2023.12.06 00:00,2018.83,2024.08,2018.69,2023.15
2023.12.06 04:00,2023.16,2035.79,2020.28,2034.04
2023.12.06 08:00,2034.03,2034.78,2020.15,2021.31
2023.12.06 12:00,2021.34,2031.94,2020.95,2030.26
2023.12.06 16:00,2030.31,2031.27,2023.96,2029.88
2023.12.06 20:00,2029.88,2029.88,2024.44,2027.09
2023.12.07 00:00,2027.07,2030.01,2026.05,2026.89
2023.12.07 04:00,2026.88,2030.75,2025.19,2029.59
2023.12.07 08:00,2029.70,2035.09,2028.80,2032.62
2023.12.07 12:00,2032.58,2039.91,2025.20,2029.33
2023.12.07 16:00,2029.28,2031.98,2020.21,2029.92
2023.12.07 20:00,2029.94,2031.30,2026.87,2028.10
2023.12.08 00:00,2028.11,2033.96,2027.47,2032.47
2023.12.08 04:00,2032.49,2032.49,2028.84,2030.87
2023.12.08 08:00,2030.79,2032.34,2026.46,2029.97
2023.12.08 12:00,2029.99,2030.09,2002.56,2008.94
2023.12.08 16:00,2008.91,2009.64,1994.66,2000.70
2023.12.08 20:00,2000.69,2005.02,2000.03,2004.29
2023.12.10 20:00,2004.14,2007.64,2004.09,2007.06
2023.12.11 00:00,2007.09,2007.76,1995.23,1996.92
2023.12.11 04:00,1996.92,2000.59,1991.34,1992.81
2023.12.11 08:00,1992.80,1997.78,1991.25,1996.21
2023.12.11 12:00,1996.20,1996.74,1980.64,1982.37
2023.12.11 16:00,1982.36,1984.30,1975.86,1981.55
2023.12.11 20:00,1981.61,1984.27,1980.36,1982.97
2023.12.12 00:00,1982.93,1989.54,1982.02,1985.51
2023.12.12 04:00,1985.50,1989.02,1984.69,1988.03
2023.12.12 08:00,1988.00,1988.39,1982.70,1988.32
2023.12.12 12:00,1988.39,1996.74,1980.11,1981.63
2023.12.12 16:00,1981.71,1983.68,1977.19,1980.26
2023.12.12 20:00,1980.27,1982.81,1979.02,1982.51
2023.12.13 00:00,1982.54,1982.54,1977.75,1977.93
2023.12.13 04:00,1977.92,1980.51,1973.02,1979.24
2023.12.13 08:00,1979.33,1983.54,1978.60,1982.81
2023.12.13 12:00,1982.82,1986.72,1978.48,1981.88
2023.12.13 16:00,1981.89,2017.48,1979.69,2013.66
2023.12.13 20:00,2013.66,2033.13,2012.65,2032.87
2023.12.14 00:00,2032.83,2039.26,2029.96,2031.00
2023.12.14 04:00,2030.98,2037.36,2029.31,2032.72
2023.12.14 08:00,2032.71,2040.32,2032.03,2035.01
2023.12.14 12:00,2035.12,2047.89,2027.53,2040.29
2023.12.14 16:00,2040.17,2041.49,2029.08,2033.24
2023.12.14 20:00,2033.19,2038.68,2032.76,2035.51
2023.12.15 00:00,2035.61,2037.46,2031.31,2035.82
2023.12.15 04:00,2035.83,2039.08,2034.28,2037.86
2023.12.15 08:00,2037.85,2044.37,2036.99,2041.68
2023.12.15 12:00,2041.68,2044.89,2026.96,2035.14
2023.12.15 16:00,2035.13,2036.39,2015.59,2019.13
2023.12.15 20:00,2019.08,2021.58,2017.39,2019.56
2023.12.17 20:00,2019.40,2020.67,2016.00,2017.39
2023.12.18 00:00,2017.56,2024.15,2016.05,2022.87
2023.12.18 04:00,2022.84,2024.75,2021.51,2023.09
2023.12.18 08:00,2023.14,2027.26,2018.76,2022.00
2023.12.18 12:00,2022.02,2026.84,2020.30,2022.28
2023.12.18 16:00,2022.34,2033.65,2021.18,2026.25
2023.12.18 20:00,2026.25,2027.91,2025.57,2027.60
2023.12.19 00:00,2027.69,2029.25,2022.65,2023.29
2023.12.19 04:00,2023.19,2026.42,2021.65,2024.80
2023.12.19 08:00,2024.78,2028.43,2023.87,2026.48
2023.12.19 12:00,2026.50,2045.44,2026.20,2041.84
2023.12.19 16:00,2041.87,2047.00,2036.68,2039.52
2023.12.19 20:00,2039.54,2041.64,2038.75,2040.95
2023.12.20 00:00,2040.86,2041.04,2036.73,2040.44
2023.12.20 04:00,2040.42,2043.43,2039.32,2042.24
2023.12.20 08:00,2042.28,2042.45,2031.80,2033.52
2023.12.20 12:00,2033.44,2039.81,2029.59,2032.47
2023.12.20 16:00,2032.54,2037.09,2030.13,2032.29
2023.12.20 20:00,2032.35,2033.79,2027.45,2032.18
2023.12.21 00:00,2032.15,2037.66,2031.98,2037.44
2023.12.21 04:00,2037.52,2038.14,2033.95,2034.97
2023.12.21 08:00,2034.93,2037.22,2033.06,2034.05
2023.12.21 12:00,2034.12,2045.95,2032.33,2041.54
2023.12.21 16:00,2041.51,2045.06,2037.46,2043.91
2023.12.21 20:00,2043.90,2054.97,2043.12,2052.83
2023.12.22 00:00,2052.85,2053.87,2046.82,2048.26
2023.12.22 04:00,2048.27,2050.87,2047.06,2050.05
2023.12.22 08:00,2050.10,2062.95,2049.66,2060.66
2023.12.22 12:00,2060.67,2070.61,2057.71,2060.80
2023.12.22 16:00,2060.79,2062.16,2051.13,2053.90
2023.12.22 20:00,2053.93,2053.98,2052.08,2052.83
2023.12.25 20:00,2053.61,2057.69,2053.50,2054.93
2023.12.26 00:00,2054.94,2065.11,2053.52,2063.92
2023.12.26 04:00,2063.90,2065.05,2061.37,2064.29
2023.12.26 08:00,2064.30,2064.69,2060.61,2063.57
2023.12.26 12:00,2063.60,2063.88,2054.51,2056.86
2023.12.26 16:00,2056.87,2062.03,2056.61,2061.67
2023.12.26 20:00,2061.69,2069.02,2061.57,2066.19
2023.12.27 00:00,2066.21,2067.86,2063.92,2064.57
2023.12.27 04:00,2064.56,2067.38,2064.07,2066.02
2023.12.27 08:00,2066.09,2069.28,2061.48,2068.15
2023.12.27 12:00,2068.19,2081.86,2064.39,2078.90
2023.12.27 16:00,2078.93,2084.43,2075.94,2077.53
2023.12.27 20:00,2077.54,2079.88,2076.41,2079.55
2023.12.28 00:00,2079.63,2088.43,2079.24,2087.23
2023.12.28 04:00,2087.22,2087.60,2084.02,2086.14
2023.12.28 08:00,2086.23,2086.45,2072.78,2075.46
2023.12.28 12:00,2075.46,2081.11,2071.37,2077.27
2023.12.28 16:00,2077.24,2077.36,2066.02,2068.07
2023.12.28 20:00,2068.09,2068.93,2064.62,2066.81
2023.12.29 00:00,2066.82,2071.40,2066.07,2069.47
2023.12.29 04:00,2069.47,2074.76,2068.92,2071.88
2023.12.29 08:00,2072.10,2073.42,2061.87,2067.73
2023.12.29 12:00,2067.79,2068.86,2058.25,2064.82
2023.12.29 16:00,2064.81,2068.07,2061.16,2067.33
2023.12.29 20:00,2067.32,2067.42,2062.40,2062.64
2024.01.01 20:00,2062.83,2066.48,2062.76,2063.72
2024.01.02 00:00,2063.75,2070.35,2062.31,2069.63
2024.01.02 04:00,2069.64,2076.64,2068.93,2073.14
2024.01.02 08:00,2073.35,2078.85,2068.31,2069.20
2024.01.02 12:00,2069.19,2070.98,2055.90,2059.34
2024.01.02 16:00,2059.42,2067.57,2059.17,2060.89
2024.01.02 20:00,2060.93,2061.61,2057.99,2059.60
2024.01.03 00:00,2059.63,2065.53,2059.26,2065.10
2024.01.03 04:00,2065.09,2065.93,2060.86,2062.94
2024.01.03 08:00,2062.93,2064.29,2046.75,2047.58
2024.01.03 12:00,2047.60,2048.74,2031.76,2032.55
2024.01.03 16:00,2032.57,2042.29,2030.60,2036.64
2024.01.03 20:00,2036.65,2043.88,2036.49,2042.97
2024.01.04 00:00,2042.94,2046.84,2040.11,2044.61
2024.01.04 04:00,2044.54,2049.53,2042.39,2047.62
2024.01.04 08:00,2047.67,2050.91,2044.92,2045.14
2024.01.04 12:00,2045.15,2047.74,2036.19,2045.11
2024.01.04 16:00,2045.10,2046.74,2040.84,2044.34
2024.01.04 20:00,2044.34,2044.82,2042.79,2044.23
2024.01.05 00:00,2044.16,2048.22,2043.29,2045.31
2024.01.05 04:00,2045.28,2046.99,2040.85,2043.16
2024.01.05 08:00,2043.18,2044.41,2037.10,2039.22
2024.01.05 12:00,2039.21,2063.94,2024.46,2054.78
2024.01.05 16:00,2054.82,2056.26,2040.44,2045.74
2024.01.05 20:00,2045.73,2046.16,2042.87,2045.34
2024.01.07 20:00,2044.52,2045.62,2042.88,2044.26
2024.01.08 00:00,2044.30,2046.58,2035.04,2036.05
2024.01.08 04:00,2036.08,2037.54,2027.01,2031.38
2024.01.08 08:00,2031.31,2031.74,2016.80,2020.08
2024.01.08 12:00,2020.07,2034.78,2018.43,2034.24
2024.01.08 16:00,2034.22,2036.88,2026.37,2029.39
2024.01.08 20:00,2029.38,2030.91,2026.12,2030.71
2024.01.09 00:00,2030.71,2035.79,2030.69,2033.57
2024.01.09 04:00,2033.50,2037.20,2030.33,2035.99
2024.01.09 08:00,2036.07,2038.50,2031.27,2034.97
2024.01.09 12:00,2034.98,2041.91,2028.69,2028.77
2024.01.09 16:00,2028.76,2032.02,2026.07,2028.87
2024.01.09 20:00,2028.96,2031.18,2028.30,2030.73
2024.01.10 00:00,2030.76,2032.79,2027.22,2028.88
2024.01.10 04:00,2028.84,2031.61,2023.84,2030.95
2024.01.10 08:00,2030.95,2040.20,2030.25,2034.01
2024.01.10 12:00,2034.07,2035.60,2024.77,2027.87
2024.01.10 16:00,2027.99,2028.51,2020.44,2023.98
2024.01.10 20:00,2024.00,2027.97,2021.86,2026.78
2024.01.11 00:00,2026.80,2031.90,2026.52,2030.90
2024.01.11 04:00,2030.88,2035.67,2030.88,2033.87
2024.01.11 08:00,2033.89,2034.38,2030.17,2034.29
2024.01.11 12:00,2034.31,2039.58,2025.01,2029.02
2024.01.11 16:00,2028.97,2029.62,2013.29,2026.47
2024.01.11 20:00,2026.46,2035.52,2023.47,2035.24
2024.01.12 00:00,2035.14,2035.64,2030.04,2033.93
2024.01.12 04:00,2033.91,2039.34,2032.82,2037.54
2024.01.12 08:00,2037.52,2047.34,2037.04,2045.40
2024.01.12 12:00,2045.50,2062.23,2044.42,2053.70
2024.01.12 16:00,2053.71,2055.52,2041.44,2047.31
2024.01.12 20:00,2047.36,2049.16,2046.05,2048.84
2024.01.14 20:00,2047.97,2048.72,2046.32,2047.60
2024.01.15 00:00,2047.59,2058.03,2045.78,2057.33
2024.01.15 04:00,2057.35,2057.53,2052.90,2054.20
2024.01.15 08:00,2054.24,2058.62,2051.54,2053.33
2024.01.15 12:00,2053.33,2054.40,2049.26,2053.25
2024.01.15 16:00,2053.26,2056.35,2053.23,2054.97
2024.01.15 20:00,2054.40,2055.59,2053.39,2053.98
2024.01.16 00:00,2054.08,2054.45,2048.33,2049.49
2024.01.16 04:00,2049.47,2050.90,2047.38,2049.40
2024.01.16 08:00,2049.41,2050.11,2038.26,2039.88
2024.01.16 12:00,2039.87,2045.00,2031.40,2041.17
2024.01.16 16:00,2041.15,2041.35,2024.27,2029.35
2024.01.16 20:00,2029.27,2029.77,2025.91,2028.08
2024.01.17 00:00,2028.13,2032.89,2023.43,2024.04
2024.01.17 04:00,2024.01,2026.13,2017.58,2025.74
2024.01.17 08:00,2025.69,2028.35,2019.05,2023.88
2024.01.17 12:00,2023.94,2029.03,2006.18,2008.88
2024.01.17 16:00,2008.86,2011.95,2001.83,2005.47
2024.01.17 20:00,2005.48,2009.88,2004.79,2009.56
2024.01.18 00:00,2009.63,2012.08,2006.43,2007.99
2024.01.18 04:00,2007.97,2014.11,2005.77,2012.30
2024.01.18 08:00,2012.31,2013.49,2008.22,2012.61
2024.01.18 12:00,2012.60,2017.22,2007.36,2013.65
2024.01.18 16:00,2013.64,2021.09,2013.11,2019.81
2024.01.18 20:00,2019.82,2024.54,2019.82,2023.76
2024.01.19 00:00,2023.80,2025.54,2021.96,2022.88
2024.01.19 04:00,2022.89,2029.69,2020.42,2028.04
2024.01.19 08:00,2027.96,2031.93,2026.19,2031.61
2024.01.19 12:00,2031.60,2039.49,2023.19,2027.74
2024.01.19 16:00,2027.80,2029.53,2023.31,2029.16
2024.01.19 20:00,2029.16,2029.97,2027.75,2029.42
2024.01.21 20:00,2029.55,2029.60,2026.94,2027.54
2024.01.22 00:00,2027.61,2032.12,2025.44,2026.97
2024.01.22 04:00,2026.97,2027.12,2019.06,2021.80
2024.01.22 08:00,2021.79,2026.56,2020.37,2026.12
2024.01.22 12:00,2026.09,2030.13,2016.09,2024.12
2024.01.22 16:00,2024.13,2024.56,2019.08,2021.02
2024.01.22 20:00,2021.02,2022.01,2019.17,2020.68
2024.01.23 00:00,2020.75,2027.91,2019.61,2027.44
2024.01.23 04:00,2027.35,2037.87,2026.70,2031.65
2024.01.23 08:00,2031.62,2031.72,2022.40,2023.93
2024.01.23 12:00,2023.92,2030.05,2021.39,2025.13
2024.01.23 16:00,2025.15,2030.66,2022.62,2029.89
2024.01.23 20:00,2029.91,2030.27,2027.34,2029.34
2024.01.24 00:00,2029.32,2029.32,2023.68,2024.79
2024.01.24 04:00,2024.75,2031.55,2022.79,2029.55
2024.01.24 08:00,2029.56,2034.25,2028.16,2033.42
2024.01.24 12:00,2033.44,2036.66,2014.94,2015.31
2024.01.24 16:00,2015.30,2019.78,2011.19,2012.15
2024.01.24 20:00,2012.16,2017.64,2011.77,2016.38
2024.01.25 00:00,2016.40,2017.30,2014.52,2015.83
2024.01.25 04:00,2015.71,2018.29,2013.58,2015.82
2024.01.25 08:00,2015.84,2019.53,2012.66,2017.53
2024.01.25 12:00,2017.57,2025.26,2009.56,2020.31
2024.01.25 16:00,2020.22,2021.60,2012.50,2017.77
2024.01.25 20:00,2017.76,2021.86,2016.89,2020.63
2024.01.26 00:00,2020.71,2024.21,2019.34,2021.89
2024.01.26 04:00,2021.87,2023.50,2019.81,2021.37
2024.01.26 08:00,2021.29,2024.64,2018.24,2023.41
2024.01.26 12:00,2023.37,2026.82,2016.17,2017.03
2024.01.26 16:00,2016.94,2019.43,2015.90,2017.03
2024.01.26 20:00,2017.04,2019.27,2016.46,2018.29
2024.01.28 20:00,2025.74,2028.52,2021.29,2021.86
2024.01.29 00:00,2021.93,2026.36,2019.30,2025.63
2024.01.29 04:00,2025.69,2033.85,2024.70,2031.31
2024.01.29 08:00,2031.29,2033.60,2025.51,2028.20
2024.01.29 12:00,2028.19,2037.58,2020.55,2025.48
2024.01.29 16:00,2025.43,2031.10,2024.04,2026.96
2024.01.29 20:00,2027.03,2035.23,2027.03,2031.09
2024.01.30 00:00,2031.05,2034.10,2029.82,2032.12
2024.01.30 04:00,2032.14,2040.36,2031.22,2037.89
2024.01.30 08:00,2037.92,2039.44,2031.43,2034.38
2024.01.30 12:00,2034.33,2048.59,2029.08,2032.65
2024.01.30 16:00,2032.64,2037.03,2031.50,2036.06
2024.01.30 20:00,2036.06,2037.16,2035.28,2036.44
2024.01.31 00:00,2036.44,2038.65,2032.91,2033.91
2024.01.31 04:00,2033.90,2038.58,2033.26,2036.57
2024.01.31 08:00,2036.60,2040.43,2036.14,2037.30
2024.01.31 12:00,2037.32,2055.94,2036.03,2052.29
2024.01.31 16:00,2052.30,2053.67,2039.40,2044.81
2024.01.31 20:00,2044.78,2045.89,2030.86,2039.95
2024.02.01 00:00,2039.99,2049.54,2039.24,2046.31
2024.02.01 04:00,2046.34,2046.60,2041.15,2042.91
2024.02.01 08:00,2042.83,2042.83,2030.00,2033.43
2024.02.01 12:00,2033.35,2052.98,2030.17,2051.90
2024.02.01 16:00,2051.89,2065.39,2051.28,2054.72
2024.02.01 20:00,2054.79,2056.30,2053.47,2054.86
2024.02.02 00:00,2054.86,2056.90,2051.97,2054.66
2024.02.02 04:00,2054.63,2056.92,2054.10,2055.02
2024.02.02 08:00,2055.04,2056.81,2052.68,2056.05
2024.02.02 12:00,2056.08,2057.61,2027.81,2035.00
2024.02.02 16:00,2035.01,2038.74,2033.10,2038.15
2024.02.02 20:00,2038.20,2039.75,2036.04,2039.45
2024.02.04 20:00,2039.44,2042.24,2038.76,2039.25
2024.02.05 00:00,2039.26,2039.83,2030.33,2032.25
2024.02.05 04:00,2032.31,2033.36,2026.83,2027.55
2024.02.05 08:00,2027.59,2028.33,2020.65,2027.62
2024.02.05 12:00,2027.74,2028.06,2014.88,2017.81
2024.02.05 16:00,2017.83,2027.51,2017.79,2025.99
2024.02.05 20:00,2025.95,2026.39,2023.73,2025.13
2024.02.06 00:00,2025.12,2028.60,2023.50,2023.94
2024.02.06 04:00,2023.96,2029.79,2023.59,2026.32
2024.02.06 08:00,2026.26,2027.52,2022.89,2026.76
2024.02.06 12:00,2026.73,2038.11,2024.47,2036.35
2024.02.06 16:00,2036.36,2038.89,2032.05,2035.99
2024.02.06 20:00,2036.09,2037.01,2034.54,2035.28
2024.02.07 00:00,2035.26,2036.13,2034.06,2034.44
2024.02.07 04:00,2034.41,2036.16,2032.43,2035.20
2024.02.07 08:00,2035.21,2035.78,2031.22,2034.10
2024.02.07 12:00,2034.11,2044.56,2030.61,2038.33
2024.02.07 16:00,2038.28,2040.93,2033.99,2035.61
2024.02.07 20:00,2035.57,2036.60,2033.74,2036.51
2024.02.08 00:00,2036.44,2038.71,2031.77,2032.81
2024.02.08 04:00,2032.79,2035.08,2031.16,2032.87
2024.02.08 08:00,2032.89,2038.43,2027.86,2029.05
2024.02.08 12:00,2029.07,2033.99,2020.17,2031.92
2024.02.08 16:00,2031.94,2035.36,2027.71,2032.59
2024.02.08 20:00,2032.62,2035.07,2032.60,2034.26
2024.02.09 00:00,2034.27,2035.14,2031.95,2033.57
2024.02.09 04:00,2033.63,2034.96,2032.16,2033.60
2024.02.09 08:00,2033.65,2034.12,2030.50,2031.53
2024.02.09 12:00,2031.52,2037.18,2021.89,2022.50
2024.02.09 16:00,2022.52,2026.32,2020.31,2024.78
2024.02.09 20:00,2024.77,2026.28,2023.86,2024.51
2024.02.11 20:00,2023.51,2026.86,2023.50,2025.45
2024.02.12 00:00,2025.46,2026.59,2021.88,2022.90
2024.02.12 04:00,2022.88,2026.41,2022.57,2025.56
2024.02.12 08:00,2025.58,2027.23,2020.02,2021.70
2024.02.12 12:00,2021.66,2027.55,2012.07,2013.13
2024.02.12 16:00,2013.12,2021.59,2011.90,2019.17
2024.02.12 20:00,2019.17,2020.55,2018.72,2018.93
2024.02.13 00:00,2018.90,2021.24,2016.88,2018.57
2024.02.13 04:00,2018.58,2025.78,2018.39,2025.24
2024.02.13 08:00,2025.28,2029.29,2024.50,2027.70
2024.02.13 12:00,2027.70,2029.85,1990.13,1992.27
2024.02.13 16:00,1992.24,1997.82,1991.23,1991.76
2024.02.13 20:00,1991.77,1993.69,1990.75,1991.45
2024.02.14 00:00,1991.45,1993.62,1988.86,1992.45
2024.02.14 04:00,1992.44,1993.36,1989.39,1989.47
2024.02.14 08:00,1989.51,1993.38,1986.00,1992.25
2024.02.14 12:00,1992.26,1993.21,1984.16,1987.90
2024.02.14 16:00,1988.00,1996.09,1987.48,1991.80
2024.02.14 20:00,1991.79,1993.84,1989.66,1993.75
2024.02.15 00:00,1993.78,1994.38,1990.25,1990.80
2024.02.15 04:00,1990.78,1994.63,1990.45,1993.86
2024.02.15 08:00,1993.83,1998.11,1993.51,1997.52
2024.02.15 12:00,1997.53,2008.29,1995.68,2000.75
2024.02.15 16:00,2000.76,2006.44,1998.47,2005.13
2024.02.15 20:00,2005.14,2005.15,2003.45,2003.48
2024.02.16 00:00,2003.55,2005.66,2002.40,2004.32
2024.02.16 04:00,2004.31,2006.45,2002.74,2005.16
2024.02.16 08:00,2005.14,2007.84,2003.86,2007.28
2024.02.16 12:00,2007.27,2011.00,1995.11,2007.88
2024.02.16 16:00,2008.00,2015.18,2007.22,2012.65
2024.02.16 20:00,2012.63,2013.94,2011.25,2013.14
2024.02.18 20:00,2015.29,2016.31,2011.77,2013.97
2024.02.19 00:00,2013.94,2022.86,2013.93,2019.89
2024.02.19 04:00,2019.89,2022.99,2018.26,2020.96
2024.02.19 08:00,2020.95,2021.21,2018.18,2018.33
2024.02.19 12:00,2018.31,2019.31,2014.85,2014.93
2024.02.19 16:00,2014.94,2018.54,2013.24,2017.98
2024.02.19 20:00,2017.39,2017.51,2015.81,2016.22
2024.02.20 00:00,2016.24,2019.21,2015.04,2018.30
2024.02.20 04:00,2018.29,2022.87,2017.75,2021.48
2024.02.20 08:00,2021.49,2027.55,2020.75,2026.87
2024.02.20 12:00,2026.89,2030.88,2025.47,2027.49
2024.02.20 16:00,2027.48,2028.92,2024.79,2025.11
2024.02.20 20:00,2025.18,2025.18,2023.50,2024.26
2024.02.21 00:00,2024.33,2030.88,2022.96,2030.53
2024.02.21 04:00,2030.52,2032.26,2028.38,2028.88
2024.02.21 08:00,2028.91,2030.19,2025.95,2028.24
2024.02.21 12:00,2028.26,2031.51,2024.06,2024.14
2024.02.21 16:00,2024.13,2026.50,2020.04,2026.01
2024.02.21 20:00,2025.97,2026.99,2023.95,2025.68
2024.02.22 00:00,2025.73,2028.57,2025.08,2026.30
2024.02.22 04:00,2026.30,2031.99,2025.52,2031.48
2024.02.22 08:00,2031.49,2034.86,2027.29,2028.98
2024.02.22 12:00,2028.98,2029.89,2020.38,2023.37
2024.02.22 16:00,2023.38,2024.71,2019.61,2023.03
2024.02.22 20:00,2023.05,2026.04,2022.54,2024.75
2024.02.23 00:00,2024.79,2027.39,2022.79,2025.74
2024.02.23 04:00,2025.78,2026.49,2018.16,2021.88
2024.02.23 08:00,2021.98,2023.94,2016.03,2023.87
2024.02.23 12:00,2023.85,2031.12,2023.09,2030.18
2024.02.23 16:00,2030.19,2041.33,2030.19,2037.32
2024.02.23 20:00,2037.35,2037.51,2035.10,2035.45
2024.02.25 20:00,2034.63,2034.96,2032.95,2034.00
2024.02.26 00:00,2034.02,2034.07,2029.93,2032.57
2024.02.26 04:00,2032.56,2035.29,2031.86,2035.06
2024.02.26 08:00,2034.99,2037.00,2030.84,2030.90
2024.02.26 12:00,2030.95,2034.43,2025.08,2029.16
2024.02.26 16:00,2029.18,2030.29,2026.54,2029.76
2024.02.26 20:00,2029.74,2033.65,2029.71,2031.31
2024.02.27 00:00,2031.28,2034.55,2031.06,2033.46
2024.02.27 04:00,2033.45,2036.24,2032.83,2035.45
2024.02.27 08:00,2035.46,2039.46,2034.64,2038.24
2024.02.27 12:00,2038.25,2039.11,2033.00,2033.76
2024.02.27 16:00,2033.78,2036.12,2029.42,2030.22
2024.02.27 20:00,2030.22,2030.92,2028.78,2030.06
2024.02.28 00:00,2030.14,2033.74,2029.15,2030.93
2024.02.28 04:00,2030.92,2032.09,2027.87,2028.10
2024.02.28 08:00,2028.07,2029.28,2024.47,2027.28
2024.02.28 12:00,2027.29,2037.85,2026.93,2031.83
2024.02.28 16:00,2031.82,2035.64,2030.85,2032.15
2024.02.28 20:00,2032.16,2035.62,2032.10,2034.66
2024.02.29 00:00,2034.75,2037.10,2033.94,2036.60
2024.02.29 04:00,2036.54,2037.81,2034.42,2037.30
2024.02.29 08:00,2037.22,2037.44,2028.83,2030.28
2024.02.29 12:00,2030.28,2050.76,2028.09,2048.16
2024.02.29 16:00,2048.23,2048.39,2043.30,2044.50
2024.02.29 20:00,2044.46,2045.49,2042.88,2044.31
2024.03.01 00:00,2044.30,2046.84,2042.86,2046.58
2024.03.01 04:00,2046.55,2048.81,2043.42,2045.39
2024.03.01 08:00,2045.47,2057.46,2039.03,2055.39
2024.03.01 12:00,2055.38,2070.97,2045.57,2069.25
2024.03.01 16:00,2069.26,2088.29,2069.26,2085.24
2024.03.01 20:00,2085.22,2085.34,2082.71,2082.81
2024.03.03 20:00,2082.28,2086.24,2081.77,2083.55
2024.03.04 00:00,2083.60,2084.39,2079.46,2081.46
2024.03.04 04:00,2081.46,2088.24,2080.29,2087.42
2024.03.04 08:00,2087.41,2087.53,2081.86,2082.12
2024.03.04 12:00,2082.10,2109.33,2081.16,2109.00
2024.03.04 16:00,2109.02,2119.88,2107.68,2116.31
2024.03.04 20:00,2116.32,2118.52,2113.30,2114.62
2024.03.05 00:00,2114.61,2116.83,2110.46,2112.99
2024.03.05 04:00,2113.00,2119.73,2112.63,2114.45
2024.03.05 08:00,2114.48,2127.35,2114.48,2124.46
2024.03.05 12:00,2124.48,2141.85,2121.18,2126.64
2024.03.05 16:00,2126.61,2134.76,2123.63,2129.61
2024.03.05 20:00,2129.60,2130.93,2127.02,2128.08
2024.03.06 00:00,2128.08,2128.15,2123.70,2124.80
2024.03.06 04:00,2124.84,2131.51,2124.80,2128.48
2024.03.06 08:00,2128.47,2132.61,2124.30,2132.53
2024.03.06 12:00,2132.53,2149.21,2131.08,2140.99
2024.03.06 16:00,2140.97,2152.19,2139.41,2144.41
2024.03.06 20:00,2144.39,2151.42,2143.19,2147.38
2024.03.07 00:00,2147.42,2152.42,2144.16,2151.74
2024.03.07 04:00,2151.70,2161.49,2151.57,2156.01
2024.03.07 08:00,2156.04,2159.80,2153.26,2156.06
2024.03.07 12:00,2156.08,2164.77,2147.92,2153.68
2024.03.07 16:00,2153.70,2160.85,2149.27,2160.04
2024.03.07 20:00,2159.99,2162.56,2157.98,2161.96
2024.03.08 00:00,2161.99,2163.58,2153.99,2157.67
2024.03.08 04:00,2157.62,2162.02,2156.36,2161.37
2024.03.08 08:00,2161.34,2171.02,2161.13,2168.28
2024.03.08 12:00,2168.35,2185.37,2156.32,2177.20
2024.03.08 16:00,2177.21,2195.17,2168.28,2176.37
2024.03.08 20:00,2176.42,2179.05,2175.70,2179.05
2024.03.10 20:00,2177.28,2183.85,2177.28,2181.63
2024.03.11 00:00,2181.69,2188.98,2176.85,2179.49
2024.03.11 04:00,2179.47,2182.73,2176.84,2182.26
2024.03.11 08:00,2182.28,2183.05,2175.89,2178.93
2024.03.11 12:00,2178.94,2185.67,2174.85,2184.33
2024.03.11 16:00,2184.33,2184.67,2177.18,2181.31
2024.03.11 20:00,2181.36,2183.77,2181.08,2183.67
2024.03.12 00:00,2183.68,2184.51,2176.80,2177.47
2024.03.12 04:00,2177.48,2179.25,2173.65,2176.99
2024.03.12 08:00,2176.99,2179.08,2170.56,2171.91
2024.03.12 12:00,2171.91,2182.00,2152.61,2162.97
2024.03.12 16:00,2163.00,2166.47,2150.28,2157.35
2024.03.12 20:00,2157.34,2159.15,2155.77,2157.01
2024.03.13 00:00,2157.02,2161.57,2156.63,2159.16
2024.03.13 04:00,2159.13,2161.45,2157.23,2159.75
2024.03.13 08:00,2159.76,2164.16,2157.52,2163.99
2024.03.13 12:00,2164.06,2174.53,2161.42,2171.74
2024.03.13 16:00,2171.71,2179.83,2169.60,2172.58
2024.03.13 20:00,2172.59,2176.19,2172.37,2175.51
2024.03.14 00:00,2175.45,2176.96,2171.13,2172.27
2024.03.14 04:00,2172.29,2172.51,2167.43,2168.71
2024.03.14 08:00,2168.65,2171.99,2167.18,2168.51
2024.03.14 12:00,2168.54,2170.34,2152.77,2157.22
2024.03.14 16:00,2157.13,2165.03,2156.71,2163.46
2024.03.14 20:00,2163.50,2163.81,2160.90,2161.60
2024.03.15 00:00,2161.63,2165.93,2160.60,2164.61
2024.03.15 04:00,2164.62,2170.04,2163.56,2167.02
2024.03.15 08:00,2167.10,2172.69,2165.30,2166.95
2024.03.15 12:00,2167.01,2167.33,2156.49,2160.02
2024.03.15 16:00,2160.01,2163.47,2155.16,2156.89
2024.03.15 20:00,2157.14,2158.31,2155.49,2155.59
2024.03.17 20:00,2154.84,2156.89,2153.90,2156.53
2024.03.18 00:00,2156.56,2157.48,2146.09,2146.75
2024.03.18 04:00,2146.74,2152.21,2146.09,2152.15
2024.03.18 08:00,2152.13,2161.27,2150.17,2161.05
2024.03.18 12:00,2161.12,2163.58,2155.51,2158.36
2024.03.18 16:00,2158.37,2161.13,2154.58,2160.18
2024.03.18 20:00,2160.24,2162.23,2159.39,2162.12
2024.03.19 00:00,2162.17,2162.86,2158.53,2161.55
2024.03.19 04:00,2161.54,2162.14,2154.01,2155.76
2024.03.19 08:00,2155.79,2156.69,2147.12,2155.62
2024.03.19 12:00,2155.65,2158.70,2148.40,2154.28
2024.03.19 16:00,2154.35,2157.95,2153.08,2157.75
2024.03.19 20:00,2157.76,2158.75,2156.99,2157.05
2024.03.20 00:00,2157.08,2160.02,2155.24,2159.83
2024.03.20 04:00,2159.93,2160.18,2156.45,2158.25
2024.03.20 08:00,2158.14,2158.35,2152.23,2153.98
2024.03.20 12:00,2153.98,2164.88,2149.59,2155.89
2024.03.20 16:00,2155.90,2188.81,2155.59,2182.81
2024.03.20 20:00,2182.75,2206.32,2182.75,2203.95
2024.03.21 00:00,2203.98,2212.47,2192.42,2202.79
2024.03.21 04:00,2202.92,2210.17,2201.82,2206.54
2024.03.21 08:00,2206.47,2211.72,2196.85,2207.54
2024.03.21 12:00,2207.51,2208.84,2166.41,2174.68
2024.03.21 16:00,2174.69,2183.98,2173.04,2181.45
2024.03.21 20:00,2181.53,2182.44,2180.60,2181.78
2024.03.22 00:00,2181.77,2186.07,2171.79,2173.79
2024.03.22 04:00,2173.79,2176.21,2162.56,2168.42
2024.03.22 08:00,2168.36,2170.08,2164.93,2166.09
2024.03.22 12:00,2166.12,2180.12,2165.45,2166.14
2024.03.22 16:00,2166.03,2167.50,2157.14,2163.96
2024.03.22 20:00,2164.01,2167.23,2163.58,2165.06
2024.03.24 20:00,2166.33,2168.90,2165.94,2168.36
2024.03.25 00:00,2168.42,2178.32,2163.96,2170.58
2024.03.25 04:00,2170.60,2171.69,2163.55,2165.88
2024.03.25 08:00,2165.87,2171.83,2163.82,2170.50
2024.03.25 12:00,2170.49,2181.29,2170.32,2175.45
2024.03.25 16:00,2175.41,2177.89,2170.72,2170.96
2024.03.25 20:00,2171.11,2173.33,2170.72,2172.93
2024.03.26 00:00,2172.93,2174.46,2167.61,2170.30
2024.03.26 04:00,2170.32,2174.24,2169.62,2173.03
2024.03.26 08:00,2172.97,2200.05,2171.56,2196.47
2024.03.26 12:00,2196.50,2197.32,2171.67,2174.31
2024.03.26 16:00,2174.30,2179.21,2174.28,2177.92
2024.03.26 20:00,2177.95,2179.95,2174.69,2179.47
2024.03.27 00:00,2179.48,2181.72,2173.42,2177.73
2024.03.27 04:00,2177.72,2180.78,2175.70,2180.54
2024.03.27 08:00,2180.55,2197.51,2176.52,2188.45
2024.03.27 12:00,2188.46,2195.29,2183.50,2190.47
2024.03.27 16:00,2190.48,2194.27,2189.07,2193.41
2024.03.27 20:00,2193.43,2195.21,2190.67,2190.73
2024.03.28 00:00,2190.76,2196.45,2187.38,2194.82
2024.03.28 04:00,2194.81,2200.69,2192.68,2193.74
2024.03.28 08:00,2193.72,2213.75,2190.84,2210.41
2024.03.28 12:00,2210.37,2217.13,2202.22,2215.90
2024.03.28 16:00,2215.89,2225.55,2213.47,2221.75
2024.03.28 20:00,2221.71,2236.27,2219.59,2233.68
2024.03.31 20:00,2236.99,2247.32,2235.64,2246.00
2024.04.01 00:00,2246.19,2265.11,2243.88,2264.40
2024.04.01 04:00,2264.45,2265.68,2256.86,2257.45
2024.04.01 08:00,2257.45,2260.16,2245.49,2246.78
2024.04.01 12:00,2246.90,2257.86,2228.49,2239.75
2024.04.01 16:00,2239.76,2244.70,2234.73,2244.69
2024.04.01 20:00,2244.68,2253.73,2243.04,2249.03
2024.04.02 00:00,2248.98,2255.30,2246.70,2251.60
2024.04.02 04:00,2251.59,2259.83,2250.43,2256.41
2024.04.02 08:00,2256.42,2266.77,2255.13,2260.61
2024.04.02 12:00,2260.61,2276.99,2250.75,2258.65
2024.04.02 16:00,2258.65,2279.38,2254.17,2277.43
2024.04.02 20:00,2277.47,2283.80,2275.77,2279.97
2024.04.03 00:00,2279.90,2287.98,2276.73,2285.09
2024.04.03 04:00,2285.13,2287.05,2270.41,2271.15
2024.04.03 08:00,2271.00,2276.13,2267.66,2273.76
2024.04.03 12:00,2273.77,2288.31,2265.43,2286.30
2024.04.03 16:00,2286.39,2298.88,2280.81,2297.52
2024.04.03 20:00,2297.62,2301.73,2296.35,2297.55
2024.04.04 00:00,2297.59,2304.96,2297.35,2299.16
2024.04.04 04:00,2299.20,2300.69,2291.82,2293.04
2024.04.04 08:00,2293.04,2295.19,2288.82,2289.30
2024.04.04 12:00,2289.40,2299.40,2282.75,2292.10
2024.04.04 16:00,2291.95,2305.57,2279.73,2284.96
2024.04.04 20:00,2284.91,2291.67,2284.91,2288.77
2024.04.05 00:00,2288.92,2290.34,2267.78,2276.71
2024.04.05 04:00,2276.79,2290.58,2276.59,2289.17
2024.04.05 08:00,2289.14,2296.12,2284.85,2291.16
2024.04.05 12:00,2291.15,2328.44,2280.40,2326.24
2024.04.05 16:00,2326.26,2330.47,2320.63,2323.22
2024.04.05 20:00,2323.30,2329.97,2322.84,2329.36
2024.04.07 20:00,2307.64,2314.48,2306.11,2311.26
2024.04.08 00:00,2311.32,2354.12,2302.91,2345.61
2024.04.08 04:00,2345.63,2345.70,2331.82,2337.76
2024.04.08 08:00,2337.78,2343.54,2333.37,2337.38
2024.04.08 12:00,2337.30,2338.03,2318.69,2327.91
2024.04.08 16:00,2327.92,2342.06,2326.06,2338.41
2024.04.08 20:00,2338.42,2340.46,2337.71,2338.81
2024.04.09 00:00,2338.81,2348.49,2337.83,2343.99
2024.04.09 04:00,2344.00,2356.92,2343.09,2353.94
2024.04.09 08:00,2354.01,2365.30,2349.62,2354.53
2024.04.09 12:00,2354.55,2364.26,2338.29,2340.35
2024.04.09 16:00,2340.38,2351.56,2340.08,2351.19
2024.04.09 20:00,2351.15,2355.30,2350.71,2354.94
2024.04.10 00:00,2354.84,2355.60,2344.78,2351.36
2024.04.10 04:00,2351.34,2360.13,2350.91,2353.09
2024.04.10 08:00,2353.25,2355.93,2344.74,2347.04
2024.04.10 12:00,2347.05,2352.37,2319.37,2337.07
2024.04.10 16:00,2336.93,2345.22,2325.83,2329.96
2024.04.10 20:00,2329.98,2337.28,2329.77,2335.56
2024.04.11 00:00,2335.62,2346.90,2333.36,2343.99
2024.04.11 04:00,2344.00,2346.09,2333.86,2336.43
2024.04.11 08:00,2336.44,2339.65,2325.65,2337.25
2024.04.11 12:00,2337.28,2347.45,2331.74,2344.75
2024.04.11 16:00,2344.78,2374.63,2342.73,2372.82
2024.04.11 20:00,2372.83,2377.67,2371.40,2376.86
2024.04.12 00:00,2377.07,2395.42,2374.61,2384.23
2024.04.12 04:00,2384.21,2400.33,2382.76,2399.94
2024.04.12 08:00,2399.96,2400.63,2390.40,2395.39
2024.04.12 12:00,2395.40,2431.45,2382.16,2395.56
2024.04.12 16:00,2395.56,2395.56,2333.81,2343.30
2024.04.12 20:00,2343.33,2345.13,2341.77,2343.76
2024.04.14 20:00,2356.86,2365.47,2355.16,2364.70
2024.04.15 00:00,2364.72,2365.93,2348.44,2358.56
2024.04.15 04:00,2358.51,2362.45,2350.02,2353.11
2024.04.15 08:00,2353.11,2361.26,2344.72,2358.05
2024.04.15 12:00,2358.06,2361.02,2324.24,2351.68
2024.04.15 16:00,2351.65,2387.54,2346.21,2386.39
2024.04.15 20:00,2386.39,2387.30,2380.07,2381.98
2024.04.16 00:00,2381.90,2389.32,2379.28,2387.95
2024.04.16 04:00,2387.96,2389.05,2362.99,2365.50
2024.04.16 08:00,2365.55,2375.31,2365.13,2374.04
2024.04.16 12:00,2374.05,2392.97,2363.51,2386.06
2024.04.16 16:00,2386.08,2398.27,2379.79,2389.72
2024.04.16 20:00,2389.70,2390.33,2378.38,2382.70
2024.04.17 00:00,2382.72,2386.25,2380.74,2381.75
2024.04.17 04:00,2381.70,2383.26,2372.72,2382.53
2024.04.17 08:00,2382.52,2394.31,2382.52,2387.35
2024.04.17 12:00,2387.37,2395.57,2378.32,2382.16
2024.04.17 16:00,2382.15,2384.41,2361.04,2372.66
2024.04.17 20:00,2372.66,2373.29,2352.91,2367.93
2024.04.18 00:00,2367.95,2375.35,2364.08,2374.85
2024.04.18 04:00,2374.84,2381.00,2373.15,2377.86
2024.04.18 08:00,2377.88,2385.38,2377.27,2380.96
2024.04.18 12:00,2380.97,2392.78,2369.59,2384.10
2024.04.18 16:00,2384.09,2389.31,2378.14,2380.14
2024.04.18 20:00,2380.15,2381.46,2376.93,2379.88
2024.04.19 00:00,2379.87,2417.92,2373.77,2391.36
2024.04.19 04:00,2391.35,2393.86,2378.66,2385.36
2024.04.19 08:00,2385.35,2386.34,2372.88,2376.80
2024.04.19 12:00,2376.81,2396.04,2373.06,2394.85
2024.04.19 16:00,2394.83,2401.93,2386.65,2387.58
2024.04.19 20:00,2387.57,2392.03,2386.69,2392.03
2024.04.21 20:00,2383.88,2387.87,2383.02,2386.53
2024.04.22 00:00,2386.53,2386.54,2362.08,2369.36
2024.04.22 04:00,2369.45,2372.90,2351.50,2361.00
2024.04.22 08:00,2360.99,2363.65,2339.46,2342.13
2024.04.22 12:00,2342.14,2350.33,2331.17,2334.71
2024.04.22 16:00,2334.74,2336.43,2324.84,2329.28
2024.04.22 20:00,2329.29,2333.93,2325.27,2333.81
2024.04.23 00:00,2333.69,2334.42,2295.58,2302.55
2024.04.23 04:00,2302.63,2314.74,2298.88,2309.07
2024.04.23 08:00,2309.16,2309.70,2291.36,2302.14
2024.04.23 12:00,2302.17,2332.10,2301.26,2323.23
2024.04.23 16:00,2323.25,2331.32,2321.31,2322.29
2024.04.23 20:00,2322.74,2324.31,2321.40,2323.29
2024.04.24 00:00,2323.31,2328.16,2315.81,2327.95
2024.04.24 04:00,2327.96,2331.23,2320.71,2320.71
2024.04.24 08:00,2320.62,2321.92,2311.80,2316.17
2024.04.24 12:00,2316.17,2337.24,2312.14,2322.64
2024.04.24 16:00,2322.47,2330.55,2317.80,2319.00
2024.04.24 20:00,2319.15,2319.62,2313.78,2316.26
2024.04.25 00:00,2316.35,2322.04,2305.15,2313.23
2024.04.25 04:00,2313.26,2326.13,2312.36,2325.70
2024.04.25 08:00,2325.68,2330.57,2324.16,2328.56
2024.04.25 12:00,2328.56,2344.81,2312.80,2330.40
2024.04.25 16:00,2330.48,2336.45,2323.09,2332.89
2024.04.25 20:00,2332.93,2333.73,2330.13,2330.65
2024.04.26 00:00,2330.66,2336.24,2326.34,2334.66
2024.04.26 04:00,2334.74,2346.88,2333.59,2345.60
2024.04.26 08:00,2345.59,2352.50,2343.45,2344.91
2024.04.26 12:00,2344.88,2351.61,2328.69,2336.75
2024.04.26 16:00,2336.78,2341.36,2332.69,2340.02
2024.04.26 20:00,2340.06,2340.06,2336.51,2337.95
2024.04.28 20:00,2334.79,2336.84,2334.36,2335.94
2024.04.29 00:00,2335.87,2336.26,2319.87,2328.43
2024.04.29 04:00,2328.31,2337.88,2327.34,2337.33
2024.04.29 08:00,2337.21,2344.32,2335.36,2337.01
2024.04.29 12:00,2337.08,2339.52,2325.60,2338.01
2024.04.29 16:00,2337.78,2346.70,2333.00,2335.69
2024.04.29 20:00,2335.71,2337.19,2332.89,2333.16
2024.04.30 00:00,2333.17,2336.17,2326.85,2329.22
2024.04.30 04:00,2329.26,2329.50,2315.33,2317.51
2024.04.30 08:00,2317.52,2318.44,2309.53,2312.71
2024.04.30 12:00,2312.71,2313.45,2293.22,2295.92
2024.04.30 16:00,2295.94,2299.31,2289.35,2290.83
2024.04.30 20:00,2290.70,2293.49,2285.15,2291.35
2024.05.01 00:00,2291.34,2292.89,2283.31,2284.16
2024.05.01 04:00,2284.10,2289.74,2281.64,2285.87
2024.05.01 08:00,2285.87,2297.10,2283.79,2294.59
2024.05.01 12:00,2294.47,2310.47,2294.23,2307.27
2024.05.01 16:00,2307.37,2328.29,2295.91,2309.83
2024.05.01 20:00,2309.81,2324.81,2307.06,2323.75
2024.05.02 00:00,2323.75,2326.42,2317.40,2319.51
2024.05.02 04:00,2319.60,2320.98,2308.17,2309.26
2024.05.02 08:00,2309.37,2311.08,2295.15,2299.01
2024.05.02 12:00,2299.00,2306.96,2285.52,2299.96
2024.05.02 16:00,2299.99,2309.42,2297.96,2302.89
2024.05.02 20:00,2303.60,2304.59,2300.66,2304.24
2024.05.03 00:00,2304.25,2306.37,2299.95,2302.46
2024.05.03 04:00,2302.58,2308.74,2297.79,2299.26
2024.05.03 08:00,2299.16,2303.14,2296.38,2298.27
2024.05.03 12:00,2298.26,2320.53,2277.32,2293.73
2024.05.03 16:00,2293.72,2303.11,2292.91,2301.39
2024.05.03 20:00,2301.48,2303.44,2300.76,2301.45
2024.05.05 20:00,2301.83,2302.83,2293.35,2293.93
2024.05.06 00:00,2293.89,2315.35,2291.89,2309.31
2024.05.06 04:00,2309.34,2324.20,2308.15,2322.80
2024.05.06 08:00,2322.83,2323.08,2315.62,2318.26
2024.05.06 12:00,2318.13,2331.98,2314.58,2324.93
2024.05.06 16:00,2324.89,2327.43,2317.61,2325.02
2024.05.06 20:00,2324.92,2328.85,2322.21,2326.03
2024.05.07 00:00,2326.20,2329.90,2319.64,2324.97
2024.05.07 04:00,2324.98,2325.15,2317.77,2319.35
2024.05.07 08:00,2319.33,2319.89,2311.74,2312.31
2024.05.07 12:00,2312.34,2323.67,2309.98,2314.80
2024.05.07 16:00,2315.07,2317.46,2311.07,2314.70
2024.05.07 20:00,2314.70,2316.29,2312.81,2315.15
2024.05.08 00:00,2315.23,2318.20,2307.00,2317.08
2024.05.08 04:00,2317.08,2321.44,2305.37,2305.85
2024.05.08 08:00,2305.64,2318.01,2303.67,2314.66
2024.05.08 12:00,2314.66,2320.43,2306.72,2320.43
2024.05.08 16:00,2320.44,2321.08,2308.06,2308.13
2024.05.08 20:00,2308.13,2310.08,2307.94,2308.83
2024.05.09 00:00,2308.91,2313.04,2307.89,2312.39
2024.05.09 04:00,2312.21,2319.74,2307.55,2309.40
2024.05.09 08:00,2309.40,2316.72,2306.64,2315.97
2024.05.09 12:00,2315.84,2338.78,2312.19,2330.40
2024.05.09 16:00,2330.41,2343.94,2329.36,2343.81
2024.05.09 20:00,2343.75,2348.38,2343.19,2346.56
2024.05.10 00:00,2346.75,2355.80,2346.00,2353.39
2024.05.10 04:00,2353.41,2370.27,2351.27,2366.69
2024.05.10 08:00,2366.67,2378.33,2365.88,2372.20
2024.05.10 12:00,2372.16,2375.69,2356.62,2364.83
2024.05.10 16:00,2364.82,2370.89,2361.66,2363.34
2024.05.10 20:00,2363.52,2364.99,2359.75,2360.26
2024.05.12 20:00,2361.55,2362.53,2359.77,2360.43
2024.05.13 00:00,2360.45,2364.47,2354.78,2357.05
2024.05.13 04:00,2356.95,2357.03,2346.55,2348.65
2024.05.13 08:00,2348.53,2350.36,2338.48,2344.60
2024.05.13 12:00,2344.17,2349.74,2332.14,2335.99
2024.05.13 16:00,2335.96,2338.42,2334.46,2337.24
2024.05.13 20:00,2337.28,2339.32,2335.18,2338.46
2024.05.14 00:00,2338.39,2344.42,2334.80,2343.23
2024.05.14 04:00,2343.17,2345.86,2336.08,2339.16
2024.05.14 08:00,2339.23,2348.23,2337.79,2343.54
2024.05.14 12:00,2343.56,2357.05,2336.49,2347.91
2024.05.14 16:00,2347.86,2359.59,2346.38,2356.56
2024.05.14 20:00,2356.74,2358.36,2355.10,2355.82
2024.05.15 00:00,2355.84,2360.96,2354.89,2360.32
2024.05.15 04:00,2360.36,2364.67,2355.71,2362.50
2024.05.15 08:00,2362.47,2374.30,2362.07,2362.75
2024.05.15 12:00,2362.75,2385.72,2351.86,2377.59
2024.05.15 16:00,2377.63,2390.25,2377.06,2386.39
2024.05.15 20:00,2386.80,2391.90,2385.47,2391.86
2024.05.16 00:00,2391.87,2397.31,2386.57,2388.74
2024.05.16 04:00,2388.73,2394.43,2384.98,2389.32
2024.05.16 08:00,2389.18,2391.39,2380.89,2384.59
2024.05.16 12:00,2384.60,2386.27,2370.93,2381.54
2024.05.16 16:00,2381.63,2383.71,2377.73,2378.08
2024.05.16 20:00,2378.18,2379.72,2375.84,2377.85
2024.05.17 00:00,2377.99,2381.21,2373.95,2377.83
2024.05.17 04:00,2377.83,2387.83,2376.51,2383.84
2024.05.17 08:00,2383.89,2390.15,2381.34,2389.77
2024.05.17 12:00,2389.75,2419.06,2386.86,2407.77
2024.05.17 16:00,2407.80,2419.19,2405.78,2416.40
2024.05.17 20:00,2416.49,2422.68,2413.61,2414.54
2024.05.19 20:00,2417.82,2420.62,2417.21,2420.32
2024.05.20 00:00,2420.40,2440.59,2416.53,2437.62
2024.05.20 04:00,2437.54,2450.01,2431.94,2442.27
2024.05.20 08:00,2442.34,2447.13,2427.69,2430.64
2024.05.20 12:00,2430.53,2430.84,2407.33,2424.90
2024.05.20 16:00,2424.90,2437.26,2422.49,2426.65
2024.05.20 20:00,2426.67,2428.62,2423.29,2426.27
2024.05.21 00:00,2426.48,2433.05,2406.33,2413.83
2024.05.21 04:00,2413.79,2422.13,2408.61,2419.27
2024.05.21 08:00,2419.30,2423.76,2412.20,2423.47
2024.05.21 12:00,2423.48,2433.90,2420.09,2423.48
2024.05.21 16:00,2423.40,2425.02,2417.33,2423.30
2024.05.21 20:00,2423.34,2423.38,2420.29,2421.77
2024.05.22 00:00,2421.78,2426.50,2412.63,2414.20
2024.05.22 04:00,2414.19,2418.45,2411.63,2417.27
2024.05.22 08:00,2417.00,2419.33,2404.80,2408.70
2024.05.22 12:00,2408.71,2415.06,2382.23,2392.09
2024.05.22 16:00,2392.00,2394.96,2375.01,2379.25
2024.05.22 20:00,2379.24,2382.74,2377.48,2382.25
2024.05.23 00:00,2382.30,2383.70,2366.73,2372.48
2024.05.23 04:00,2372.39,2373.94,2354.96,2356.10
2024.05.23 08:00,2356.15,2369.39,2355.13,2368.08
2024.05.23 12:00,2368.15,2369.88,2340.44,2346.08
2024.05.23 16:00,2346.13,2350.07,2330.98,2331.52
2024.05.23 20:00,2331.98,2333.59,2327.02,2332.00
2024.05.24 00:00,2331.91,2335.21,2325.39,2330.62
2024.05.24 04:00,2330.63,2340.58,2330.52,2337.68
2024.05.24 08:00,2337.69,2343.87,2336.06,2338.24
2024.05.24 12:00,2338.23,2347.36,2332.38,2334.55
2024.05.24 16:00,2334.54,2336.96,2331.91,2333.79
2024.05.24 20:00,2334.02,2335.16,2333.15,2333.79
2024.05.26 20:00,2340.29,2340.70,2336.62,2337.24
2024.05.27 00:00,2337.27,2347.56,2334.47,2346.08
2024.05.27 04:00,2346.07,2346.14,2338.14,2338.49
2024.05.27 08:00,2338.58,2346.18,2338.16,2345.11
2024.05.27 12:00,2345.12,2358.44,2343.76,2352.48
2024.05.27 16:00,2352.43,2355.58,2350.71,2350.80
2024.05.27 20:00,2352.20,2352.77,2351.10,2352.46
2024.05.28 00:00,2352.48,2356.38,2349.17,2350.91
2024.05.28 04:00,2350.87,2353.70,2341.34,2344.12
2024.05.28 08:00,2344.00,2348.42,2340.30,2347.46
2024.05.28 12:00,2347.29,2364.05,2345.93,2360.39
2024.05.28 16:00,2360.29,2362.18,2352.84,2358.18
2024.05.28 20:00,2358.10,2361.40,2357.91,2359.92
2024.05.29 00:00,2359.53,2361.07,2354.41,2358.20
2024.05.29 04:00,2358.21,2361.29,2350.13,2350.51
2024.05.29 08:00,2350.83,2351.76,2338.65,2341.70
2024.05.29 12:00,2341.48,2347.17,2334.55,2339.10
2024.05.29 16:00,2339.08,2344.29,2336.00,2336.66
2024.05.29 20:00,2336.81,2339.06,2335.95,2338.39
2024.05.30 00:00,2338.37,2339.82,2328.06,2334.39
2024.05.30 04:00,2334.38,2337.68,2322.57,2334.39
2024.05.30 08:00,2334.50,2341.04,2330.59,2335.83
2024.05.30 12:00,2335.81,2351.76,2331.98,2343.82
2024.05.30 16:00,2343.78,2348.84,2339.91,2341.55
2024.05.30 20:00,2341.82,2346.40,2341.52,2344.05
2024.05.31 00:00,2344.02,2347.70,2336.97,2343.69
2024.05.31 04:00,2343.72,2347.06,2339.92,2340.46
2024.05.31 08:00,2340.45,2344.94,2339.70,2343.87
2024.05.31 12:00,2343.79,2359.69,2327.76,2330.07
2024.05.31 16:00,2330.00,2336.69,2320.60,2327.63
2024.05.31 20:00,2327.71,2330.58,2326.90,2327.01
2024.06.02 20:00,2326.36,2326.82,2324.04,2325.91
2024.06.03 00:00,2325.92,2331.05,2320.90,2321.38
2024.06.03 04:00,2321.51,2328.74,2314.77,2326.00
2024.06.03 08:00,2325.86,2333.29,2324.33,2329.99
2024.06.03 12:00,2330.01,2345.68,2325.69,2342.79
2024.06.03 16:00,2342.78,2354.70,2341.37,2347.63
2024.06.03 20:00,2347.80,2351.17,2346.97,2350.57
2024.06.04 00:00,2350.57,2352.78,2343.12,2345.68
2024.06.04 04:00,2345.67,2351.74,2339.12,2339.74
2024.06.04 08:00,2339.75,2339.80,2325.35,2328.00
2024.06.04 12:00,2327.95,2338.01,2315.63,2326.13
2024.06.04 16:00,2326.18,2330.39,2322.55,2327.27
2024.06.04 20:00,2327.26,2328.95,2326.01,2328.83
2024.06.05 00:00,2328.99,2337.87,2325.88,2337.18
2024.06.05 04:00,2337.19,2341.65,2328.08,2331.63
2024.06.05 08:00,2331.60,2335.64,2329.46,2332.49
2024.06.05 12:00,2332.59,2357.38,2332.19,2353.68
2024.06.05 16:00,2353.69,2356.77,2351.44,2353.99
2024.06.05 20:00,2354.02,2357.55,2352.83,2355.04
2024.06.06 00:00,2355.07,2374.85,2354.57,2368.48
2024.06.06 04:00,2368.53,2371.37,2362.27,2362.89
2024.06.06 08:00,2362.87,2363.89,2358.55,2359.77
2024.06.06 12:00,2359.76,2378.50,2353.55,2374.18
2024.06.06 16:00,2374.35,2376.91,2368.96,2372.54
2024.06.06 20:00,2372.52,2378.16,2372.28,2376.92
2024.06.07 00:00,2376.90,2381.92,2369.42,2380.16
2024.06.07 04:00,2380.15,2387.69,2372.88,2373.59
2024.06.07 08:00,2373.52,2373.93,2330.91,2336.59
2024.06.07 12:00,2336.61,2339.35,2304.53,2305.04
2024.06.07 16:00,2305.03,2314.50,2287.72,2288.19
2024.06.07 20:00,2288.22,2294.29,2286.77,2293.63
2024.06.09 20:00,2297.45,2300.07,2296.57,2298.54
2024.06.10 00:00,2298.59,2301.28,2293.93,2295.31
2024.06.10 04:00,2295.30,2297.28,2287.76,2296.58
2024.06.10 08:00,2296.58,2305.26,2291.86,2305.08
2024.06.10 12:00,2305.09,2308.71,2300.38,2307.39
2024.06.10 16:00,2307.72,2313.76,2307.06,2308.78
2024.06.10 20:00,2309.11,2310.96,2308.49,2309.98
2024.06.11 00:00,2309.94,2311.96,2298.81,2303.66
2024.06.11 04:00,2303.67,2305.41,2297.74,2304.50
2024.06.11 08:00,2304.60,2308.86,2301.52,2307.60
2024.06.11 12:00,2307.60,2319.88,2307.58,2310.15
2024.06.11 16:00,2310.34,2315.70,2305.90,2315.31
2024.06.11 20:00,2315.34,2317.47,2313.91,2315.16
2024.06.12 00:00,2315.17,2316.73,2310.69,2313.95
2024.06.12 04:00,2313.95,2317.75,2311.16,2314.54
2024.06.12 08:00,2314.55,2315.75,2310.84,2312.91
2024.06.12 12:00,2312.79,2341.63,2311.63,2335.60
2024.06.12 16:00,2335.59,2339.57,2315.85,2321.26
2024.06.12 20:00,2321.58,2324.88,2320.19,2320.59
2024.06.13 00:00,2320.58,2322.93,2308.17,2314.26
2024.06.13 04:00,2314.25,2318.60,2308.98,2317.09
2024.06.13 08:00,2317.18,2319.97,2303.86,2307.01
2024.06.13 12:00,2306.83,2326.65,2297.80,2298.98
2024.06.13 16:00,2298.87,2304.94,2295.61,2303.41
2024.06.13 20:00,2303.45,2304.34,2301.68,2302.31
2024.06.14 00:00,2302.36,2308.62,2301.53,2305.52
2024.06.14 04:00,2305.47,2316.66,2303.52,2315.33
2024.06.14 08:00,2315.32,2336.61,2314.85,2331.97
2024.06.14 12:00,2331.98,2335.46,2323.64,2325.67
2024.06.14 16:00,2325.73,2335.53,2324.99,2332.46
2024.06.14 20:00,2332.75,2332.96,2331.02,2332.54
2024.06.16 20:00,2328.91,2329.57,2327.44,2328.97
2024.06.17 00:00,2328.23,2328.93,2321.53,2324.39
2024.06.17 04:00,2324.38,2326.21,2315.49,2316.96
2024.06.17 08:00,2316.97,2322.60,2316.44,2318.18
2024.06.17 12:00,2318.28,2327.52,2310.03,2312.58
2024.06.17 16:00,2312.68,2320.60,2312.68,2320.20
2024.06.17 20:00,2320.25,2321.24,2318.49,2320.73
2024.06.18 00:00,2320.73,2325.62,2319.23,2324.46
2024.06.18 04:00,2324.45,2324.82,2315.03,2315.50
2024.06.18 08:00,2315.41,2315.41,2306.59,2313.45
2024.06.18 12:00,2313.35,2329.77,2311.54,2326.86
2024.06.18 16:00,2326.87,2333.14,2326.54,2329.32
2024.06.18 20:00,2329.32,2330.64,2327.63,2328.29
2024.06.19 00:00,2328.31,2331.74,2326.50,2328.30
2024.06.19 04:00,2328.20,2332.68,2326.84,2331.88
2024.06.19 08:00,2332.20,2335.00,2325.80,2330.45
2024.06.19 12:00,2330.45,2332.87,2323.87,2329.81
2024.06.19 16:00,2329.81,2331.37,2328.18,2328.46
2024.06.19 20:00,2330.44,2330.44,2328.57,2329.39
2024.06.20 00:00,2329.38,2338.99,2327.73,2333.93
2024.06.20 04:00,2333.87,2345.66,2333.78,2338.60
2024.06.20 08:00,2338.50,2341.32,2331.56,2339.25
2024.06.20 12:00,2339.24,2365.46,2335.36,2353.67
2024.06.20 16:00,2353.65,2361.04,2352.84,2358.87
2024.06.20 20:00,2359.07,2361.10,2358.28,2360.87
2024.06.21 00:00,2360.86,2364.79,2357.11,2362.17
2024.06.21 04:00,2362.16,2365.61,2355.15,2362.99
2024.06.21 08:00,2362.98,2368.69,2361.33,2366.26
2024.06.21 12:00,2366.39,2368.05,2323.33,2327.93
2024.06.21 16:00,2327.94,2329.27,2316.71,2322.12
2024.06.21 20:00,2322.24,2322.69,2320.79,2321.49
2024.06.23 20:00,2321.45,2321.45,2317.71,2319.18
2024.06.24 00:00,2319.19,2326.67,2318.00,2325.46
2024.06.24 04:00,2325.46,2331.80,2321.46,2330.85
2024.06.24 08:00,2330.85,2332.80,2320.87,2326.21
2024.06.24 12:00,2326.31,2333.87,2323.29,2327.63
2024.06.24 16:00,2327.62,2334.63,2326.88,2331.71
2024.06.24 20:00,2332.03,2334.57,2330.23,2330.86
2024.06.25 00:00,2330.93,2330.95,2323.21,2324.12
2024.06.25 04:00,2324.21,2330.10,2322.75,2324.82
2024.06.25 08:00,2324.76,2337.08,2322.88,2330.20
2024.06.25 12:00,2330.19,2330.49,2315.67,2324.79
2024.06.25 16:00,2324.78,2325.00,2315.51,2319.78
2024.06.25 20:00,2319.73,2321.45,2318.01,2320.02
2024.06.26 00:00,2320.01,2323.90,2310.55,2317.28
2024.06.26 04:00,2317.29,2318.17,2309.67,2316.10
2024.06.26 08:00,2316.10,2318.40,2304.36,2313.03
2024.06.26 12:00,2313.14,2317.81,2293.64,2300.02
2024.06.26 16:00,2300.00,2303.01,2296.98,2298.68
2024.06.26 20:00,2298.69,2299.14,2296.77,2298.41
2024.06.27 00:00,2298.40,2300.14,2296.85,2299.02
2024.06.27 04:00,2299.03,2303.40,2296.53,2302.34
2024.06.27 08:00,2302.25,2317.84,2302.06,2317.10
2024.06.27 12:00,2317.15,2330.91,2316.15,2327.56
2024.06.27 16:00,2327.34,2328.27,2322.45,2326.10
2024.06.27 20:00,2325.95,2328.49,2325.50,2327.72
2024.06.28 00:00,2327.73,2328.23,2319.12,2321.79
2024.06.28 04:00,2321.85,2328.81,2319.75,2327.17
2024.06.28 08:00,2327.19,2337.12,2326.49,2333.95
2024.06.28 12:00,2334.00,2339.74,2322.87,2328.62
2024.06.28 16:00,2328.67,2332.69,2323.00,2325.07
2024.06.28 20:00,2325.06,2326.74,2322.85,2326.42
2024.06.30 20:00,2324.57,2326.12,2323.13,2324.92
2024.07.01 00:00,2324.93,2328.57,2322.18,2324.73
2024.07.01 04:00,2324.73,2329.01,2318.51,2323.74
2024.07.01 08:00,2323.59,2338.28,2321.94,2338.22
2024.07.01 12:00,2338.22,2338.51,2319.29,2327.81
2024.07.01 16:00,2327.82,2331.81,2326.69,2330.96
2024.07.01 20:00,2331.01,2332.58,2330.91,2332.27
2024.07.02 00:00,2332.27,2334.32,2325.73,2325.99
2024.07.02 04:00,2326.01,2331.78,2323.32,2330.80
2024.07.02 08:00,2330.86,2332.45,2320.00,2320.73
2024.07.02 12:00,2320.92,2336.75,2319.34,2324.74
2024.07.02 16:00,2324.78,2331.29,2320.96,2330.85
2024.07.02 20:00,2330.82,2331.41,2328.71,2330.30
2024.07.03 00:00,2330.29,2332.52,2326.88,2331.73
2024.07.03 04:00,2331.74,2347.18,2331.74,2345.39
2024.07.03 08:00,2345.36,2349.49,2342.13,2345.37
2024.07.03 12:00,2345.38,2364.91,2344.91,2363.06
2024.07.03 16:00,2363.06,2363.12,2353.76,2354.34
2024.07.03 20:00,2354.33,2359.60,2354.22,2358.78
2024.07.04 00:00,2358.81,2362.44,2356.47,2358.07
2024.07.04 04:00,2358.06,2359.59,2350.41,2357.53
2024.07.04 08:00,2357.60,2359.99,2355.54,2358.47
2024.07.04 12:00,2358.46,2361.80,2355.52,2357.42
2024.07.04 16:00,2357.37,2359.09,2356.15,2356.74
2024.07.04 20:00,2357.46,2357.70,2356.40,2356.73
2024.07.05 00:00,2356.73,2363.07,2356.02,2361.84
2024.07.05 04:00,2361.84,2367.47,2361.35,2365.30
2024.07.05 08:00,2365.30,2368.07,2361.87,2365.84
2024.07.05 12:00,2365.86,2388.32,2352.48,2384.72
2024.07.05 16:00,2384.73,2392.87,2383.97,2388.72
2024.07.05 20:00,2388.88,2391.44,2388.21,2391.25
2024.07.07 20:00,2385.36,2386.88,2384.83,2386.07
2024.07.08 00:00,2385.93,2391.07,2380.89,2382.97
2024.07.08 04:00,2383.13,2386.75,2376.66,2377.88
2024.07.08 08:00,2377.87,2378.81,2368.31,2375.38
2024.07.08 12:00,2375.28,2379.51,2351.10,2355.52
2024.07.08 16:00,2355.51,2359.83,2351.09,2359.13
2024.07.08 20:00,2359.20,2362.08,2358.01,2361.77
2024.07.09 00:00,2361.83,2367.97,2360.20,2367.70
2024.07.09 04:00,2367.72,2368.76,2358.41,2359.00
2024.07.09 08:00,2359.02,2365.55,2357.58,2360.61
2024.07.09 12:00,2360.67,2371.55,2349.52,2362.10
2024.07.09 16:00,2362.11,2365.62,2356.52,2363.58
2024.07.09 20:00,2363.67,2366.03,2363.58,2365.02
2024.07.10 00:00,2365.10,2370.32,2363.28,2368.18
2024.07.10 04:00,2368.19,2374.92,2366.65,2372.69
2024.07.10 08:00,2372.69,2378.34,2371.49,2378.33
2024.07.10 12:00,2378.36,2386.64,2373.97,2378.77
2024.07.10 16:00,2378.86,2381.29,2369.90,2371.77
2024.07.10 20:00,2371.81,2372.86,2370.83,2372.85
2024.07.11 00:00,2372.86,2380.22,2371.45,2378.76
2024.07.11 04:00,2378.76,2383.25,2378.51,2379.95
2024.07.11 08:00,2379.99,2384.60,2379.03,2380.79
2024.07.11 12:00,2380.68,2424.55,2377.34,2417.24
2024.07.11 16:00,2417.31,2419.24,2409.98,2414.15
2024.07.11 20:00,2414.45,2416.08,2411.98,2415.96
2024.07.12 00:00,2415.90,2416.27,2406.65,2408.75
2024.07.12 04:00,2408.76,2410.10,2400.35,2404.17
2024.07.12 08:00,2404.17,2408.32,2398.32,2401.72
2024.07.12 12:00,2401.74,2413.73,2391.50,2411.77
2024.07.12 16:00,2411.77,2418.28,2411.72,2412.78
2024.07.12 20:00,2412.72,2412.72,2410.57,2411.00
2024.07.14 20:00,2407.60,2408.75,2405.67,2408.68
2024.07.15 00:00,2408.75,2412.00,2404.94,2411.64
2024.07.15 04:00,2411.67,2413.89,2401.34,2407.98
2024.07.15 08:00,2407.98,2420.34,2406.95,2418.27
2024.07.15 12:00,2418.27,2437.44,2411.46,2433.34
2024.07.15 16:00,2433.32,2439.67,2419.78,2421.14
2024.07.15 20:00,2421.20,2422.70,2420.66,2422.53
2024.07.16 00:00,2422.54,2431.45,2420.03,2428.65
2024.07.16 04:00,2428.65,2439.29,2425.13,2437.02
2024.07.16 08:00,2437.02,2443.36,2433.62,2439.57
2024.07.16 12:00,2439.56,2465.26,2429.46,2463.21
2024.07.16 16:00,2463.21,2468.70,2457.89,2468.53
2024.07.16 20:00,2468.56,2469.81,2466.85,2468.28
2024.07.17 00:00,2468.25,2482.37,2463.96,2471.75
2024.07.17 04:00,2471.80,2474.41,2461.85,2474.23
2024.07.17 08:00,2474.21,2478.87,2466.68,2470.09
2024.07.17 12:00,2470.00,2483.70,2458.04,2463.50
2024.07.17 16:00,2463.53,2465.04,2451.50,2458.05
2024.07.17 20:00,2457.97,2461.92,2457.27,2461.32
2024.07.18 00:00,2461.38,2468.98,2457.39,2468.04
2024.07.18 04:00,2468.04,2474.89,2464.62,2471.93
2024.07.18 08:00,2472.00,2473.71,2461.61,2464.48
2024.07.18 12:00,2464.57,2469.82,2457.62,2461.25
2024.07.18 16:00,2461.31,2462.05,2440.38,2442.96
2024.07.18 20:00,2443.02,2445.47,2441.28,2441.28
2024.07.19 00:00,2441.33,2441.34,2420.48,2428.81
2024.07.19 04:00,2428.81,2429.34,2412.92,2418.23
2024.07.19 08:00,2418.24,2421.64,2408.46,2410.06
2024.07.19 12:00,2410.18,2410.18,2393.81,2405.41
2024.07.19 16:00,2405.38,2405.98,2395.65,2398.63
2024.07.19 20:00,2398.61,2400.65,2397.78,2400.56
2024.07.21 20:00,2411.18,2411.95,2409.28,2411.54
2024.07.22 00:00,2411.55,2412.12,2403.36,2406.78
2024.07.22 04:00,2406.81,2407.44,2399.04,2402.56
2024.07.22 08:00,2402.66,2408.38,2398.01,2398.01
2024.07.22 12:00,2398.03,2400.15,2383.87,2386.30
2024.07.22 16:00,2386.27,2400.03,2386.08,2398.99
2024.07.22 20:00,2398.96,2399.47,2394.78,2395.73
2024.07.23 00:00,2395.77,2403.96,2395.53,2398.34
2024.07.23 04:00,2398.32,2399.62,2388.29,2397.90
2024.07.23 08:00,2397.95,2411.97,2396.31,2407.67
2024.07.23 12:00,2407.62,2409.31,2399.58,2405.48
2024.07.23 16:00,2405.41,2408.98,2402.63,2407.54
2024.07.23 20:00,2407.58,2409.90,2405.41,2408.52
2024.07.24 00:00,2408.58,2418.33,2404.97,2416.51
2024.07.24 04:00,2416.45,2419.17,2411.57,2414.63
2024.07.24 08:00,2414.59,2417.77,2409.81,2417.49
2024.07.24 12:00,2417.50,2432.00,2413.60,2424.81
2024.07.24 16:00,2424.81,2424.86,2398.35,2398.39
2024.07.24 20:00,2398.91,2401.20,2396.58,2398.69
2024.07.25 00:00,2398.79,2400.04,2366.81,2374.78
2024.07.25 04:00,2374.78,2378.76,2365.87,2374.06
2024.07.25 08:00,2374.20,2382.50,2368.04,2368.53
2024.07.25 12:00,2368.53,2376.34,2358.01,2363.16
2024.07.25 16:00,2363.13,2365.47,2353.10,2362.53
2024.07.25 20:00,2362.52,2365.23,2359.39,2363.83
2024.07.26 00:00,2363.97,2379.36,2355.81,2371.76
2024.07.26 04:00,2371.79,2375.31,2365.25,2371.62
2024.07.26 08:00,2371.61,2375.76,2369.37,2373.30
2024.07.26 12:00,2373.29,2390.77,2371.06,2385.20
2024.07.26 16:00,2385.26,2390.33,2381.16,2386.34
2024.07.26 20:00,2386.61,2388.69,2385.49,2386.89
2024.07.28 20:00,2395.85,2398.91,2394.71,2397.06
2024.07.29 00:00,2397.09,2402.49,2388.70,2394.62
2024.07.29 04:00,2394.61,2396.19,2389.48,2391.56
2024.07.29 08:00,2391.59,2395.36,2386.86,2387.74
2024.07.29 12:00,2387.74,2396.72,2369.70,2376.81
2024.07.29 16:00,2377.01,2385.42,2374.59,2382.98
2024.07.29 20:00,2382.99,2384.56,2380.92,2381.12
2024.07.30 00:00,2381.21,2385.96,2376.52,2385.75
2024.07.30 04:00,2385.73,2392.01,2385.70,2390.32
2024.07.30 08:00,2390.33,2392.38,2386.99,2387.10
2024.07.30 12:00,2387.18,2397.73,2383.43,2385.35
2024.07.30 16:00,2385.36,2410.80,2385.04,2407.04
2024.07.30 20:00,2406.97,2412.66,2406.97,2409.85
2024.07.31 00:00,2409.87,2418.94,2403.61,2416.39
2024.07.31 04:00,2416.53,2425.48,2414.44,2417.21
2024.07.31 08:00,2417.18,2423.27,2415.39,2419.54
2024.07.31 12:00,2419.64,2429.03,2417.38,2423.08
2024.07.31 16:00,2423.07,2450.84,2421.53,2449.91
2024.07.31 20:00,2449.90,2450.93,2444.32,2445.74
2024.08.01 00:00,2445.74,2458.33,2437.32,2442.74
2024.08.01 04:00,2442.74,2448.85,2439.90,2440.32
2024.08.01 08:00,2440.33,2442.97,2430.31,2440.81
2024.08.01 12:00,2440.84,2462.28,2440.36,2445.15
2024.08.01 16:00,2445.17,2448.78,2434.93,2443.16
2024.08.01 20:00,2443.13,2447.52,2441.80,2445.78
2024.08.02 00:00,2445.86,2459.36,2434.99,2454.51
2024.08.02 04:00,2454.50,2468.47,2454.30,2461.65
2024.08.02 08:00,2461.65,2465.33,2457.62,2459.23
2024.08.02 12:00,2459.15,2477.67,2410.82,2433.23
2024.08.02 16:00,2433.23,2439.24,2423.01,2437.58
2024.08.02 20:00,2437.52,2442.42,2435.66,2442.28
2024.08.04 20:00,2441.46,2445.70,2439.16,2440.96
2024.08.05 00:00,2441.04,2452.58,2414.04,2451.01
2024.08.05 04:00,2451.02,2458.44,2422.19,2432.00
2024.08.05 08:00,2432.02,2434.48,2383.28,2386.80
2024.08.05 12:00,2386.74,2412.21,2364.31,2402.75
2024.08.05 16:00,2402.76,2413.01,2399.03,2407.68
2024.08.05 20:00,2407.74,2411.62,2404.42,2404.82
2024.08.06 00:00,2405.23,2418.34,2404.62,2409.02
2024.08.06 04:00,2409.02,2412.57,2394.83,2409.89
2024.08.06 08:00,2409.91,2416.30,2408.16,2410.93
2024.08.06 12:00,2411.00,2412.24,2381.71,2387.62
2024.08.06 16:00,2387.79,2395.96,2385.70,2387.67
2024.08.06 20:00,2387.90,2390.15,2382.85,2383.86
2024.08.07 00:00,2383.76,2388.48,2379.04,2385.97
2024.08.07 04:00,2385.99,2397.55,2385.70,2389.42
2024.08.07 08:00,2389.41,2402.29,2388.40,2401.05
2024.08.07 12:00,2401.16,2407.07,2392.01,2394.52
2024.08.07 16:00,2394.52,2399.73,2383.85,2385.68
2024.08.07 20:00,2385.66,2387.37,2381.80,2384.87
2024.08.08 00:00,2384.85,2394.75,2383.27,2394.39
2024.08.08 04:00,2394.33,2400.73,2392.51,2396.83
2024.08.08 08:00,2396.82,2413.53,2392.91,2412.35
2024.08.08 12:00,2412.25,2424.33,2402.35,2418.68
2024.08.08 16:00,2418.66,2426.32,2415.82,2423.57
2024.08.08 20:00,2423.64,2427.52,2422.84,2424.64
2024.08.09 00:00,2424.53,2428.91,2419.39,2421.06
2024.08.09 04:00,2421.05,2427.00,2416.89,2423.17
2024.08.09 08:00,2423.18,2432.60,2422.23,2426.70
2024.08.09 12:00,2426.72,2435.89,2421.10,2431.44
2024.08.09 16:00,2431.46,2437.00,2427.24,2429.09
2024.08.09 20:00,2429.21,2431.06,2429.17,2430.98
2024.08.11 20:00,2430.52,2430.68,2427.38,2427.90
2024.08.12 00:00,2427.97,2430.28,2423.84,2428.59
2024.08.12 04:00,2428.60,2442.86,2428.27,2441.62
2024.08.12 08:00,2441.63,2445.07,2439.67,2441.60
2024.08.12 12:00,2441.60,2460.69,2441.41,2459.79
2024.08.12 16:00,2459.82,2472.11,2459.05,2470.49
2024.08.12 20:00,2470.71,2475.99,2470.45,2475.59
2024.08.13 00:00,2475.60,2476.91,2460.85,2463.49
2024.08.13 04:00,2463.59,2466.15,2458.47,2464.21
2024.08.13 08:00,2464.21,2466.59,2458.93,2465.76
2024.08.13 12:00,2465.73,2475.49,2458.93,2468.62
2024.08.13 16:00,2468.62,2471.03,2462.25,2467.05
2024.08.13 20:00,2466.87,2467.79,2462.95,2464.14
2024.08.14 00:00,2464.17,2472.54,2455.30,2460.91
2024.08.14 04:00,2460.84,2471.96,2459.31,2470.94
2024.08.14 08:00,2470.95,2478.58,2468.77,2474.73
2024.08.14 12:00,2474.81,2479.64,2442.02,2444.05
2024.08.14 16:00,2444.08,2448.35,2438.10,2447.16
2024.08.14 20:00,2447.17,2449.49,2446.56,2449.45
2024.08.15 00:00,2449.53,2454.34,2448.26,2453.72
2024.08.15 04:00,2453.72,2458.85,2450.36,2455.86
2024.08.15 08:00,2455.83,2464.15,2453.58,2463.52
2024.08.15 12:00,2463.52,2470.04,2432.19,2458.42
2024.08.15 16:00,2458.45,2461.60,2453.49,2455.55
2024.08.15 20:00,2455.53,2458.26,2454.39,2457.34
2024.08.16 00:00,2457.33,2460.03,2450.77,2452.45
2024.08.16 04:00,2452.53,2464.44,2451.13,2461.98
2024.08.16 08:00,2462.01,2472.30,2459.14,2472.21
2024.08.16 12:00,2472.20,2500.21,2471.32,2491.74
2024.08.16 16:00,2491.75,2508.97,2491.69,2507.92
2024.08.16 20:00,2507.94,2509.71,2505.56,2507.59
2024.08.18 20:00,2504.87,2506.81,2503.45,2506.45
2024.08.19 00:00,2506.64,2506.74,2494.99,2503.30
2024.08.19 04:00,2503.22,2505.17,2498.82,2503.07
2024.08.19 08:00,2503.03,2507.15,2486.53,2494.51
2024.08.19 12:00,2494.52,2505.94,2485.64,2504.02
2024.08.19 16:00,2504.03,2507.49,2500.75,2505.47
2024.08.19 20:00,2505.58,2505.58,2502.50,2503.65
2024.08.20 00:00,2503.65,2508.19,2498.72,2501.79
2024.08.20 04:00,2501.80,2515.10,2497.33,2514.95
2024.08.20 08:00,2514.97,2527.06,2514.36,2526.30
2024.08.20 12:00,2526.31,2531.63,2505.88,2508.53
2024.08.20 16:00,2508.49,2515.46,2500.83,2514.99
2024.08.20 20:00,2514.99,2516.88,2512.45,2512.94
2024.08.21 00:00,2512.93,2519.95,2510.88,2517.40
2024.08.21 04:00,2517.44,2519.57,2508.18,2509.76
2024.08.21 08:00,2509.75,2513.23,2504.49,2511.81
2024.08.21 12:00,2511.84,2513.68,2494.47,2508.50
2024.08.21 16:00,2508.37,2519.13,2503.21,2511.52
2024.08.21 20:00,2511.49,2514.41,2509.77,2512.81
2024.08.22 00:00,2512.85,2514.64,2499.97,2502.37
2024.08.22 04:00,2502.38,2510.58,2499.32,2507.15
2024.08.22 08:00,2507.07,2509.09,2498.11,2499.50
2024.08.22 12:00,2499.60,2504.17,2470.79,2481.93
2024.08.22 16:00,2482.01,2486.02,2478.61,2482.96
2024.08.22 20:00,2483.03,2487.59,2482.51,2487.58
2024.08.23 00:00,2487.57,2493.71,2486.51,2493.22
2024.08.23 04:00,2493.21,2495.74,2490.63,2493.50
2024.08.23 08:00,2493.46,2502.43,2493.07,2501.59
2024.08.23 12:00,2501.58,2518.34,2494.43,2509.76
2024.08.23 16:00,2509.76,2513.22,2501.86,2510.78
2024.08.23 20:00,2510.69,2512.39,2509.60,2512.27
2024.08.25 20:00,2513.07,2516.67,2512.99,2515.96
2024.08.26 00:00,2515.97,2516.97,2509.37,2509.89
2024.08.26 04:00,2509.84,2521.80,2508.74,2521.46
2024.08.26 08:00,2521.46,2526.80,2520.74,2526.56
2024.08.26 12:00,2526.56,2526.79,2510.64,2515.88
2024.08.26 16:00,2515.87,2523.35,2513.61,2518.16
2024.08.26 20:00,2518.20,2519.04,2515.51,2515.53
2024.08.27 00:00,2515.53,2516.76,2505.65,2509.07
2024.08.27 04:00,2509.15,2517.57,2504.56,2504.92
2024.08.27 08:00,2504.92,2513.76,2503.58,2511.45
2024.08.27 12:00,2511.44,2520.29,2503.60,2512.18
2024.08.27 16:00,2512.17,2525.97,2509.96,2525.08
2024.08.27 20:00,2525.08,2529.00,2523.79,2525.12
2024.08.28 00:00,2525.32,2525.89,2513.30,2515.92
2024.08.28 04:00,2515.92,2516.18,2503.33,2510.02
2024.08.28 08:00,2509.82,2511.38,2500.77,2501.44
2024.08.28 12:00,2501.44,2510.42,2493.61,2506.18
2024.08.28 16:00,2506.18,2509.58,2496.43,2507.61
2024.08.28 20:00,2507.83,2508.54,2502.88,2508.13
2024.08.29 00:00,2508.14,2516.86,2507.97,2516.69
2024.08.29 04:00,2516.73,2521.24,2513.75,2519.15
2024.08.29 08:00,2519.17,2524.37,2515.14,2519.91
2024.08.29 12:00,2519.94,2525.63,2503.65,2522.63
2024.08.29 16:00,2522.72,2528.67,2517.43,2521.15
2024.08.29 20:00,2521.38,2522.20,2518.91,2519.61
2024.08.30 00:00,2519.66,2520.06,2512.30,2513.57
2024.08.30 04:00,2513.48,2523.93,2512.21,2519.40
2024.08.30 08:00,2519.40,2526.84,2515.04,2519.53
2024.08.30 12:00,2519.53,2524.76,2500.31,2502.48
2024.08.30 16:00,2502.49,2506.02,2494.16,2502.31
2024.08.30 20:00,2502.24,2503.41,2501.92,2503.12
2024.09.01 20:00,2503.37,2503.69,2501.96,2503.02
2024.09.02 00:00,2503.01,2504.96,2490.15,2496.36
2024.09.02 04:00,2496.36,2501.40,2495.30,2498.22
2024.09.02 08:00,2498.22,2507.29,2496.83,2499.88
2024.09.02 12:00,2499.83,2503.22,2497.70,2501.59
2024.09.02 16:00,2501.66,2501.88,2498.59,2499.57
2024.09.02 20:00,2497.84,2498.49,2496.41,2497.18
2024.09.03 00:00,2497.24,2497.70,2489.84,2494.81
2024.09.03 04:00,2494.80,2502.05,2492.75,2500.92
2024.09.03 08:00,2500.83,2506.28,2484.80,2489.71
2024.09.03 12:00,2489.54,2502.09,2473.63,2488.39
2024.09.03 16:00,2488.36,2494.37,2483.96,2492.06
2024.09.03 20:00,2492.05,2494.68,2491.36,2493.26
2024.09.04 00:00,2493.27,2496.89,2491.33,2495.08
2024.09.04 04:00,2495.08,2496.74,2482.03,2482.19
2024.09.04 08:00,2482.13,2491.23,2471.91,2489.24
2024.09.04 12:00,2489.24,2500.25,2482.13,2494.09
2024.09.04 16:00,2494.03,2497.92,2491.51,2493.41
2024.09.04 20:00,2493.38,2496.93,2492.98,2495.88
2024.09.05 00:00,2495.89,2499.32,2494.49,2494.87
2024.09.05 04:00,2494.77,2507.57,2493.86,2506.42
2024.09.05 08:00,2506.48,2518.32,2506.01,2515.20
2024.09.05 12:00,2515.57,2523.51,2503.96,2507.17
2024.09.05 16:00,2507.20,2516.84,2506.13,2514.88
2024.09.05 20:00,2514.92,2517.95,2514.85,2517.28
2024.09.06 00:00,2517.38,2518.38,2513.04,2518.27
2024.09.06 04:00,2518.28,2521.86,2516.37,2516.53
2024.09.06 08:00,2516.52,2520.33,2514.74,2516.32
2024.09.06 12:00,2516.34,2529.16,2500.51,2505.46
2024.09.06 16:00,2505.39,2505.78,2485.16,2495.91
2024.09.06 20:00,2495.91,2497.76,2494.77,2497.21
2024.09.08 20:00,2497.97,2498.28,2495.56,2496.90
2024.09.09 00:00,2497.04,2500.40,2494.72,2499.30
2024.09.09 04:00,2499.30,2499.40,2485.59,2494.33
2024.09.09 08:00,2494.42,2499.15,2490.08,2497.22
2024.09.09 12:00,2497.53,2505.27,2493.25,2499.14
2024.09.09 16:00,2499.15,2506.48,2499.15,2505.98
2024.09.09 20:00,2506.01,2507.64,2505.25,2506.77
2024.09.10 00:00,2506.87,2507.45,2501.48,2502.62
2024.09.10 04:00,2502.53,2507.75,2500.81,2502.84
2024.09.10 08:00,2502.79,2509.65,2500.16,2504.59
2024.09.10 12:00,2504.56,2518.40,2500.87,2512.57
2024.09.10 16:00,2512.74,2517.46,2510.70,2517.25
2024.09.10 20:00,2517.19,2518.79,2515.73,2518.70
2024.09.11 00:00,2518.62,2522.50,2515.00,2519.41
2024.09.11 04:00,2519.43,2529.00,2518.62,2521.49
2024.09.11 08:00,2521.50,2527.19,2519.80,2522.25
2024.09.11 12:00,2522.14,2523.36,2501.05,2514.83
2024.09.11 16:00,2514.82,2520.01,2509.79,2512.99
2024.09.11 20:00,2513.00,2513.89,2511.13,2511.95
2024.09.12 00:00,2511.93,2516.08,2511.03,2515.87
2024.09.12 04:00,2515.86,2522.27,2514.48,2515.92
2024.09.12 08:00,2515.82,2521.03,2513.04,2519.53
2024.09.12 12:00,2519.60,2555.11,2518.88,2553.30
2024.09.12 16:00,2553.25,2559.05,2544.86,2557.90
2024.09.12 20:00,2557.88,2560.07,2556.66,2558.50
2024.09.13 00:00,2558.46,2570.05,2556.79,2567.97
2024.09.13 04:00,2567.99,2571.04,2563.15,2569.79
2024.09.13 08:00,2569.93,2572.94,2563.69,2567.37
2024.09.13 12:00,2567.46,2583.39,2566.10,2582.22
2024.09.13 16:00,2582.29,2586.04,2578.69,2582.64
2024.09.13 20:00,2582.73,2582.88,2577.00,2578.72
2024.09.15 20:00,2580.04,2580.35,2578.27,2579.25
2024.09.16 00:00,2579.21,2588.96,2578.91,2586.38
2024.09.16 04:00,2586.37,2589.66,2579.58,2582.17
2024.09.16 08:00,2582.17,2588.51,2575.24,2583.03
2024.09.16 12:00,2583.18,2589.35,2576.14,2579.98
2024.09.16 16:00,2580.14,2584.13,2579.58,2582.58
2024.09.16 20:00,2582.57,2583.96,2581.87,2583.74
2024.09.17 00:00,2583.74,2586.29,2576.81,2577.21
2024.09.17 04:00,2577.25,2586.93,2574.60,2583.85
2024.09.17 08:00,2583.76,2584.17,2569.80,2579.82
2024.09.17 12:00,2579.86,2582.22,2561.78,2565.65
2024.09.17 16:00,2565.66,2571.67,2560.82,2568.66
2024.09.17 20:00,2568.61,2574.40,2568.36,2574.04
2024.09.18 00:00,2574.03,2576.46,2570.05,2575.94
2024.09.18 04:00,2575.94,2576.46,2565.77,2571.59
2024.09.18 08:00,2571.60,2580.75,2567.98,2577.46
2024.09.18 12:00,2577.55,2578.85,2568.04,2569.73
2024.09.18 16:00,2569.80,2600.16,2546.83,2549.10
2024.09.18 20:00,2549.00,2560.93,2548.50,2559.33
2024.09.19 00:00,2559.38,2566.72,2551.30,2564.05
2024.09.19 04:00,2564.11,2584.64,2559.58,2584.40
2024.09.19 08:00,2584.40,2594.87,2581.44,2589.43
2024.09.19 12:00,2589.41,2591.27,2569.77,2589.06
2024.09.19 16:00,2589.22,2592.64,2585.95,2588.37
2024.09.19 20:00,2588.48,2589.73,2585.92,2587.27
2024.09.20 00:00,2587.27,2593.62,2584.82,2591.44
2024.09.20 04:00,2591.47,2609.78,2591.42,2607.18
2024.09.20 08:00,2606.94,2615.50,2602.50,2613.73
2024.09.20 12:00,2613.72,2622.98,2602.70,2622.88
2024.09.20 16:00,2622.89,2625.78,2617.84,2621.14
2024.09.20 20:00,2621.11,2622.30,2619.04,2621.82
2024.09.22 20:00,2620.51,2621.49,2619.63,2620.22
2024.09.23 00:00,2620.23,2631.12,2616.07,2628.54
2024.09.23 04:00,2628.53,2631.33,2613.88,2615.18
2024.09.23 08:00,2615.03,2625.77,2614.67,2624.08
2024.09.23 12:00,2624.11,2634.88,2620.07,2629.30
2024.09.23 16:00,2629.22,2630.87,2625.68,2626.29
2024.09.23 20:00,2626.36,2628.47,2625.87,2626.35
2024.09.24 00:00,2626.38,2636.08,2623.87,2634.05
2024.09.24 04:00,2634.00,2640.11,2622.63,2628.94
2024.09.24 08:00,2628.92,2636.25,2623.39,2626.43
2024.09.24 12:00,2626.51,2648.39,2623.59,2643.19
2024.09.24 16:00,2643.19,2664.32,2642.43,2662.68
2024.09.24 20:00,2662.67,2663.71,2656.40,2658.20
2024.09.25 00:00,2658.04,2670.55,2655.52,2661.53
2024.09.25 04:00,2661.58,2661.69,2651.63,2656.95
2024.09.25 08:00,2656.99,2658.59,2652.69,2657.40
2024.09.25 12:00,2657.34,2667.46,2654.31,2657.77
2024.09.25 16:00,2657.74,2662.99,2649.81,2659.72
2024.09.25 20:00,2659.78,2660.33,2656.23,2656.38
2024.09.26 00:00,2656.45,2662.55,2655.40,2662.55
2024.09.26 04:00,2662.59,2666.93,2658.00,2664.75
2024.09.26 08:00,2664.68,2685.57,2664.65,2682.85
2024.09.26 12:00,2682.88,2684.22,2654.84,2671.40
2024.09.26 16:00,2671.39,2677.88,2662.97,2673.65
2024.09.26 20:00,2673.71,2674.02,2670.81,2672.69
2024.09.27 00:00,2672.69,2673.98,2666.22,2673.70
2024.09.27 04:00,2673.77,2673.92,2661.01,2664.73
2024.09.27 08:00,2664.71,2669.22,2658.38,2666.18
2024.09.27 12:00,2666.22,2674.31,2644.78,2649.84
2024.09.27 16:00,2649.85,2656.33,2643.11,2652.11
2024.09.27 20:00,2651.90,2659.77,2651.17,2658.13
2024.09.29 20:00,2662.73,2665.06,2661.70,2663.57
2024.09.30 00:00,2663.72,2665.87,2647.46,2653.59
2024.09.30 04:00,2653.50,2660.67,2650.68,2650.97
2024.09.30 08:00,2650.96,2656.59,2634.52,2641.60
2024.09.30 12:00,2641.60,2644.20,2628.80,2633.95
2024.09.30 16:00,2633.97,2641.83,2624.67,2630.98
2024.09.30 20:00,2631.02,2636.28,2630.84,2635.73
2024.10.01 00:00,2635.73,2640.01,2633.95,2638.00
2024.10.01 04:00,2637.94,2647.48,2637.47,2645.60
2024.10.01 08:00,2645.66,2652.07,2642.44,2650.22
2024.10.01 12:00,2650.25,2671.91,2648.00,2663.46
2024.10.01 16:00,2663.34,2673.09,2657.58,2658.68
2024.10.01 20:00,2658.51,2663.94,2657.91,2660.38
2024.10.02 00:00,2660.41,2661.98,2655.13,2655.38
2024.10.02 04:00,2655.36,2656.51,2644.56,2655.45
2024.10.02 08:00,2655.45,2655.85,2648.02,2649.57
2024.10.02 12:00,2649.83,2663.34,2641.14,2649.94
2024.10.02 16:00,2649.98,2658.94,2647.21,2658.61
2024.10.02 20:00,2658.57,2661.22,2658.27,2660.28
2024.10.03 00:00,2660.30,2662.87,2653.32,2656.00
2024.10.03 04:00,2656.00,2657.47,2643.52,2645.30
2024.10.03 08:00,2645.23,2649.01,2640.98,2648.01
2024.10.03 12:00,2648.01,2654.58,2639.48,2648.88
2024.10.03 16:00,2648.95,2662.09,2648.58,2657.95
2024.10.03 20:00,2657.93,2657.95,2654.37,2655.83
2024.10.04 00:00,2655.85,2663.60,2655.49,2661.16
2024.10.04 04:00,2661.16,2667.84,2658.77,2661.05
2024.10.04 08:00,2661.06,2662.58,2656.88,2661.36
2024.10.04 12:00,2661.46,2670.13,2632.02,2653.23
2024.10.04 16:00,2653.24,2653.81,2641.85,2651.59
2024.10.04 20:00,2651.63,2653.81,2649.88,2653.30
2024.10.06 20:00,2650.85,2652.43,2649.72,2650.23
2024.10.07 00:00,2650.26,2651.91,2643.88,2647.44
2024.10.07 04:00,2647.43,2652.81,2639.72,2652.06
2024.10.07 08:00,2652.06,2659.64,2650.72,2656.94
2024.10.07 12:00,2656.96,2659.27,2637.77,2645.69
2024.10.07 16:00,2645.67,2648.77,2639.69,2643.28
2024.10.07 20:00,2643.22,2644.88,2641.77,2643.04
2024.10.08 00:00,2643.06,2648.25,2633.78,2642.99
2024.10.08 04:00,2642.98,2646.44,2631.18,2634.05
2024.10.08 08:00,2634.00,2651.90,2628.60,2650.76
2024.10.08 12:00,2650.76,2653.01,2604.76,2613.05
2024.10.08 16:00,2613.00,2623.65,2605.57,2622.95
2024.10.08 20:00,2622.85,2623.78,2618.88,2622.02
2024.10.09 00:00,2622.00,2624.21,2614.97,2617.18
2024.10.09 04:00,2617.11,2624.30,2609.17,2611.65
2024.10.09 08:00,2611.68,2622.43,2610.52,2619.06
2024.10.09 12:00,2619.09,2622.33,2605.38,2614.83
2024.10.09 16:00,2614.85,2615.81,2605.18,2609.27
2024.10.09 20:00,2609.17,2609.45,2606.90,2608.45
2024.10.10 00:00,2608.50,2616.90,2605.94,2611.79
2024.10.10 04:00,2611.81,2617.08,2610.23,2616.75
2024.10.10 08:00,2616.77,2618.90,2611.24,2613.08
2024.10.10 12:00,2613.11,2629.75,2602.65,2623.61
2024.10.10 16:00,2623.63,2631.40,2616.53,2629.07
2024.10.10 20:00,2629.32,2635.50,2628.31,2633.19
2024.10.11 00:00,2633.26,2646.05,2632.06,2645.49
2024.10.11 04:00,2645.56,2647.17,2638.09,2645.43
2024.10.11 08:00,2645.39,2646.20,2636.25,2644.76
2024.10.11 12:00,2644.65,2659.26,2640.65,2658.80
2024.10.11 16:00,2658.78,2661.40,2655.23,2656.07
2024.10.11 20:00,2656.11,2657.19,2654.75,2657.06
2024.10.13 20:00,2650.37,2650.69,2647.62,2648.05
2024.10.14 00:00,2648.11,2657.39,2643.16,2655.62
2024.10.14 04:00,2655.58,2666.82,2655.31,2660.46
2024.10.14 08:00,2660.47,2663.00,2651.06,2652.16
2024.10.14 12:00,2651.94,2661.21,2644.03,2646.78
2024.10.14 16:00,2646.87,2652.59,2645.86,2652.42
2024.10.14 20:00,2652.47,2653.34,2646.10,2649.43
2024.10.15 00:00,2649.36,2652.75,2644.38,2645.68
2024.10.15 04:00,2645.69,2653.92,2638.04,2650.78
2024.10.15 08:00,2650.72,2656.76,2645.64,2647.74
2024.10.15 12:00,2647.73,2665.12,2646.05,2664.64
2024.10.15 16:00,2664.71,2668.91,2659.01,2661.65
2024.10.15 20:00,2661.87,2663.07,2660.29,2660.48
2024.10.16 00:00,2660.41,2670.08,2658.70,2667.15
2024.10.16 04:00,2667.15,2677.72,2665.58,2676.16
2024.10.16 08:00,2676.00,2682.73,2673.01,2678.36
2024.10.16 12:00,2678.57,2685.41,2667.58,2670.02
2024.10.16 16:00,2669.99,2676.67,2666.75,2674.77
2024.10.16 20:00,2674.99,2674.99,2673.16,2674.10
2024.10.17 00:00,2674.10,2684.85,2674.07,2676.68
2024.10.17 04:00,2676.73,2685.73,2676.52,2682.06
2024.10.17 08:00,2682.06,2688.76,2677.01,2681.32
2024.10.17 12:00,2681.31,2696.72,2673.24,2693.31
2024.10.17 16:00,2693.28,2694.17,2683.96,2692.09
2024.10.17 20:00,2692.01,2694.40,2690.87,2693.75
2024.10.18 00:00,2693.77,2711.97,2692.81,2710.05
2024.10.18 04:00,2709.95,2714.01,2702.30,2702.33
2024.10.18 08:00,2702.37,2713.17,2701.71,2709.89
2024.10.18 12:00,2709.89,2720.16,2705.01,2714.86
2024.10.18 16:00,2714.84,2721.28,2713.62,2719.69
2024.10.18 20:00,2719.68,2722.48,2719.20,2721.15
2024.10.20 20:00,2723.61,2725.08,2722.39,2723.47
2024.10.21 00:00,2723.76,2732.80,2721.05,2731.57
2024.10.21 04:00,2731.55,2732.50,2723.64,2730.43
2024.10.21 08:00,2730.38,2738.12,2727.81,2734.50
2024.10.21 12:00,2734.40,2740.58,2716.91,2720.29
2024.10.21 16:00,2720.12,2725.64,2714.19,2719.92
2024.10.21 20:00,2719.90,2722.59,2718.81,2721.50
2024.10.22 00:00,2721.49,2733.16,2720.66,2730.99
2024.10.22 04:00,2730.95,2737.13,2729.03,2733.72
2024.10.22 08:00,2733.61,2739.35,2729.54,2732.02
2024.10.22 12:00,2732.03,2744.25,2731.65,2737.64
2024.10.22 16:00,2737.61,2748.86,2737.19,2748.35
2024.10.22 20:00,2748.66,2748.80,2745.88,2746.52
2024.10.23 00:00,2746.57,2747.16,2737.96,2746.12
2024.10.23 04:00,2746.23,2755.63,2745.35,2754.98
2024.10.23 08:00,2754.99,2758.44,2749.15,2749.96
2024.10.23 12:00,2749.95,2750.51,2708.79,2721.84
2024.10.23 16:00,2721.85,2723.31,2711.98,2716.17
2024.10.23 20:00,2716.16,2721.89,2714.22,2721.35
2024.10.24 00:00,2721.26,2726.72,2717.86,2722.99
2024.10.24 04:00,2722.96,2737.08,2722.88,2733.65
2024.10.24 08:00,2733.62,2739.60,2732.50,2738.64
2024.10.24 12:00,2738.55,2743.26,2722.53,2731.16
2024.10.24 16:00,2731.25,2737.80,2725.81,2736.92
2024.10.24 20:00,2737.09,2737.09,2733.66,2733.81
2024.10.25 00:00,2733.77,2735.08,2724.43,2726.05
2024.10.25 04:00,2726.07,2732.60,2723.94,2726.46
2024.10.25 08:00,2726.46,2729.37,2717.10,2724.17
2024.10.25 12:00,2724.18,2742.08,2723.30,2737.14
2024.10.25 16:00,2737.14,2745.05,2734.02,2742.53
2024.10.25 20:00,2742.60,2747.63,2742.51,2747.00
2024.10.27 20:00,2734.62,2740.17,2734.61,2735.81
2024.10.28 00:00,2735.79,2736.28,2724.71,2729.71
2024.10.28 04:00,2729.70,2744.57,2729.19,2738.96
2024.10.28 08:00,2739.14,2740.91,2727.87,2732.30
2024.10.28 12:00,2732.29,2745.94,2731.28,2740.76
2024.10.28 16:00,2740.73,2745.01,2740.05,2742.52
2024.10.28 20:00,2742.46,2744.46,2741.22,2744.44
2024.10.29 00:00,2744.41,2757.71,2743.29,2751.76
2024.10.29 04:00,2751.77,2756.80,2749.00,2752.50
2024.10.29 08:00,2752.54,2756.61,2746.31,2751.86
2024.10.29 12:00,2751.86,2771.70,2748.27,2764.28
2024.10.29 16:00,2764.23,2774.78,2764.17,2772.15
2024.10.29 20:00,2772.33,2775.15,2771.88,2775.01
2024.10.30 00:00,2775.04,2782.17,2774.86,2779.02
2024.10.30 04:00,2779.01,2789.78,2777.43,2782.26
2024.10.30 08:00,2782.29,2786.45,2778.36,2778.58
2024.10.30 12:00,2778.59,2787.53,2770.94,2784.74
2024.10.30 16:00,2784.73,2789.96,2783.02,2787.34
2024.10.30 20:00,2787.55,2788.12,2784.72,2785.42
2024.10.31 00:00,2785.46,2790.07,2783.59,2784.57
2024.10.31 04:00,2784.63,2786.58,2778.11,2782.07
2024.10.31 08:00,2782.06,2783.08,2773.39,2779.55
2024.10.31 12:00,2779.56,2781.94,2731.56,2740.67
2024.10.31 16:00,2740.67,2749.76,2738.09,2746.47
2024.10.31 20:00,2746.62,2748.17,2743.21,2746.75
2024.11.01 00:00,2746.75,2751.89,2744.82,2751.76
2024.11.01 04:00,2751.75,2757.67,2747.18,2749.69
2024.11.01 08:00,2749.52,2755.47,2744.85,2752.94
2024.11.01 12:00,2753.00,2762.18,2739.69,2744.73
2024.11.01 16:00,2744.74,2746.07,2733.20,2734.12
2024.11.01 20:00,2734.25,2736.55,2733.30,2735.91
2024.11.03 20:00,2734.61,2740.36,2730.03,2738.40
2024.11.04 00:00,2738.41,2742.43,2735.42,2741.03
2024.11.04 04:00,2741.03,2744.81,2735.12,2735.82
2024.11.04 08:00,2735.67,2745.21,2731.92,2740.64
2024.11.04 12:00,2740.72,2748.20,2737.71,2738.58
2024.11.04 16:00,2738.56,2739.68,2731.81,2738.31
2024.11.04 20:00,2738.31,2738.62,2735.92,2736.02
2024.11.05 00:00,2736.03,2736.65,2724.73,2735.29
2024.11.05 04:00,2735.29,2741.35,2731.77,2736.48
2024.11.05 08:00,2736.48,2745.04,2732.12,2741.76
2024.11.05 12:00,2741.70,2749.96,2733.12,2742.04
2024.11.05 16:00,2742.05,2744.49,2736.38,2740.43
2024.11.05 20:00,2740.45,2746.35,2739.67,2745.63
2024.11.06 00:00,2745.61,2749.68,2730.66,2734.19
2024.11.06 04:00,2734.18,2743.58,2701.42,2725.88
2024.11.06 08:00,2725.78,2733.43,2696.18,2699.36
2024.11.06 12:00,2699.20,2707.99,2652.40,2675.79
2024.11.06 16:00,2675.79,2678.18,2661.64,2667.09
2024.11.06 20:00,2667.07,2667.73,2658.06,2664.04
2024.11.07 00:00,2664.03,2664.26,2643.36,2659.22
2024.11.07 04:00,2659.21,2667.60,2652.76,2663.24
2024.11.07 08:00,2663.36,2668.41,2657.41,2666.28
2024.11.07 12:00,2666.24,2700.20,2664.36,2698.83
2024.11.07 16:00,2698.76,2700.32,2687.49,2694.31
2024.11.07 20:00,2694.33,2710.33,2692.87,2706.90
2024.11.08 00:00,2706.97,2710.34,2694.09,2695.16
2024.11.08 04:00,2695.14,2696.30,2680.32,2687.43
2024.11.08 08:00,2687.42,2694.91,2681.95,2691.92
2024.11.08 12:00,2691.92,2704.00,2683.50,2687.53
2024.11.08 16:00,2687.57,2689.34,2682.98,2687.16
2024.11.08 20:00,2687.14,2688.59,2682.87,2683.98
2024.11.10 20:00,2684.80,2685.65,2678.74,2685.61
2024.11.11 00:00,2685.67,2686.11,2666.50,2670.23
2024.11.11 04:00,2670.19,2674.30,2667.17,2669.59
2024.11.11 08:00,2669.38,2675.27,2659.02,2662.64
2024.11.11 12:00,2662.65,2663.13,2613.44,2614.57
2024.11.11 16:00,2614.59,2620.72,2610.66,2619.30
2024.11.11 20:00,2619.30,2626.18,2618.89,2623.95
2024.11.12 00:00,2624.04,2627.10,2618.83,2618.96
2024.11.12 04:00,2618.82,2619.08,2595.26,2598.28
2024.11.12 08:00,2598.66,2606.53,2589.67,2597.90
2024.11.12 12:00,2597.99,2617.00,2597.46,2598.50
2024.11.12 16:00,2598.56,2604.17,2592.49,2598.21
2024.11.12 20:00,2598.10,2601.38,2595.15,2598.95
2024.11.13 00:00,2599.04,2613.25,2598.07,2611.54
2024.11.13 04:00,2611.54,2612.34,2603.59,2606.23
2024.11.13 08:00,2606.27,2611.68,2601.06,2610.83
2024.11.13 12:00,2610.95,2618.80,2593.59,2605.47
2024.11.13 16:00,2605.45,2606.01,2577.65,2580.96
2024.11.13 20:00,2580.84,2581.42,2569.37,2570.89
2024.11.14 00:00,2570.90,2574.71,2558.91,2560.69
2024.11.14 04:00,2560.66,2565.24,2550.45,2556.98
2024.11.14 08:00,2556.99,2559.80,2536.79,2553.70
2024.11.14 12:00,2553.70,2573.01,2550.14,2570.32
2024.11.14 16:00,2570.39,2577.49,2567.18,2576.00
2024.11.14 20:00,2576.09,2576.45,2563.93,2566.92
2024.11.15 00:00,2566.96,2571.68,2563.08,2567.76
2024.11.15 04:00,2567.75,2569.52,2554.53,2563.81
2024.11.15 08:00,2563.79,2573.28,2560.88,2570.77
2024.11.15 12:00,2570.69,2576.05,2561.22,2570.87
2024.11.15 16:00,2570.87,2573.34,2559.45,2563.81
2024.11.15 20:00,2563.83,2563.94,2559.78,2562.84
2024.11.17 20:00,2563.89,2575.51,2562.97,2571.40
2024.11.18 00:00,2571.40,2597.23,2569.85,2589.90
2024.11.18 04:00,2589.90,2593.13,2580.42,2582.89
2024.11.18 08:00,2582.89,2597.31,2582.03,2594.41
2024.11.18 12:00,2594.40,2613.40,2590.42,2613.07
2024.11.18 16:00,2613.05,2615.09,2607.36,2609.80
2024.11.18 20:00,2609.72,2613.03,2608.23,2612.60
2024.11.19 00:00,2612.63,2625.54,2611.10,2624.49
2024.11.19 04:00,2624.50,2626.65,2617.77,2619.07
2024.11.19 08:00,2619.01,2636.50,2618.70,2629.56
2024.11.19 12:00,2629.57,2639.43,2620.98,2624.50
2024.11.19 16:00,2624.48,2633.09,2622.35,2630.70
2024.11.19 20:00,2630.71,2635.47,2630.41,2635.14
2024.11.20 00:00,2635.09,2641.83,2634.70,2637.96
2024.11.20 04:00,2637.99,2638.78,2621.17,2621.57
2024.11.20 08:00,2621.43,2628.16,2618.86,2628.11
2024.11.20 12:00,2628.10,2648.92,2627.09,2648.92
2024.11.20 16:00,2648.91,2655.41,2645.47,2650.90
2024.11.20 20:00,2650.80,2652.91,2647.22,2652.13
2024.11.21 00:00,2652.20,2660.46,2650.40,2656.93
2024.11.21 04:00,2656.90,2664.49,2654.64,2663.09
2024.11.21 08:00,2662.97,2673.51,2662.01,2671.51
2024.11.21 12:00,2671.51,2671.77,2660.45,2667.76
2024.11.21 16:00,2667.74,2673.48,2661.36,2669.63
2024.11.21 20:00,2669.67,2671.87,2668.02,2669.13
2024.11.22 00:00,2669.15,2690.51,2668.87,2686.24
2024.11.22 04:00,2686.23,2699.00,2683.02,2696.48
2024.11.22 08:00,2696.39,2710.10,2693.54,2698.88
2024.11.22 12:00,2698.78,2705.09,2684.45,2703.69
2024.11.22 16:00,2703.72,2711.46,2700.84,2708.21
2024.11.22 20:00,2708.10,2715.97,2705.07,2715.87
2024.11.24 20:00,2713.35,2721.37,2703.57,2719.85
2024.11.25 00:00,2719.74,2720.19,2659.15,2672.33
2024.11.25 04:00,2672.20,2676.35,2658.21,2667.85
2024.11.25 08:00,2667.89,2688.77,2667.20,2686.86
2024.11.25 12:00,2686.92,2687.93,2626.26,2628.33
2024.11.25 16:00,2628.38,2639.40,2615.61,2625.76
2024.11.25 20:00,2625.74,2628.72,2605.26,2610.37
2024.11.26 00:00,2610.57,2632.16,2608.67,2630.41
2024.11.26 04:00,2630.39,2631.40,2610.85,2614.07
2024.11.26 08:00,2614.09,2633.25,2612.49,2633.25
2024.11.26 12:00,2633.24,2641.94,2616.75,2629.55
2024.11.26 16:00,2629.64,2631.45,2619.59,2628.08
2024.11.26 20:00,2628.08,2634.13,2627.56,2632.26
2024.11.27 00:00,2632.28,2640.44,2627.05,2637.82
2024.11.27 04:00,2637.77,2648.50,2636.69,2646.61
2024.11.27 08:00,2646.31,2653.75,2643.93,2651.14
2024.11.27 12:00,2651.08,2658.19,2635.55,2642.73
2024.11.27 16:00,2642.71,2644.28,2633.91,2634.77
2024.11.27 20:00,2634.70,2639.04,2634.23,2637.09
2024.11.28 00:00,2637.19,2638.42,2620.99,2630.29
2024.11.28 04:00,2630.31,2639.59,2629.41,2637.39
2024.11.28 08:00,2637.33,2649.67,2635.74,2646.88
2024.11.28 12:00,2646.88,2647.93,2636.23,2638.17
2024.11.28 16:00,2638.08,2642.49,2637.35,2637.75
2024.11.28 20:00,2636.95,2639.23,2636.95,2638.81
2024.11.29 00:00,2638.80,2662.71,2634.04,2659.97
2024.11.29 04:00,2659.98,2666.26,2658.42,2660.58
2024.11.29 08:00,2660.58,2665.83,2654.60,2659.63
2024.11.29 12:00,2659.68,2664.97,2650.60,2658.95
2024.11.29 16:00,2658.95,2662.28,2648.66,2650.35
2024.12.01 20:00,2653.31,2653.31,2643.12,2645.73
2024.12.02 00:00,2645.99,2647.67,2622.94,2629.40
2024.12.02 04:00,2629.45,2633.62,2621.94,2629.89
2024.12.02 08:00,2629.88,2646.28,2626.63,2641.86
2024.12.02 12:00,2641.82,2651.68,2637.04,2642.35
2024.12.02 16:00,2642.36,2644.40,2633.56,2637.63
2024.12.02 20:00,2637.56,2644.25,2635.32,2642.24
2024.12.03 00:00,2642.24,2645.24,2634.09,2640.52
2024.12.03 04:00,2640.48,2650.02,2637.19,2644.66
2024.12.03 08:00,2644.56,2648.08,2639.27,2643.66
2024.12.03 12:00,2643.66,2655.65,2634.94,2640.47
2024.12.03 16:00,2640.47,2649.12,2638.94,2640.90
2024.12.03 20:00,2640.90,2644.20,2640.67,2642.75
2024.12.04 00:00,2642.75,2648.10,2637.64,2644.44
2024.12.04 04:00,2644.42,2651.36,2640.33,2641.50
2024.12.04 08:00,2641.43,2647.74,2636.64,2646.23
2024.12.04 12:00,2646.23,2657.21,2632.40,2655.04
2024.12.04 16:00,2655.11,2655.65,2646.92,2651.74
2024.12.04 20:00,2651.74,2651.94,2648.05,2650.35
2024.12.05 00:00,2650.36,2650.70,2644.70,2648.87
2024.12.05 04:00,2648.87,2655.55,2645.44,2648.81
2024.12.05 08:00,2648.74,2652.67,2641.93,2651.40
2024.12.05 12:00,2651.41,2654.52,2631.94,2640.29
2024.12.05 16:00,2640.29,2643.41,2623.57,2629.79
2024.12.05 20:00,2629.76,2633.89,2627.97,2633.82
2024.12.06 00:00,2633.83,2642.55,2613.65,2640.84
2024.12.06 04:00,2640.82,2644.35,2635.29,2639.75
2024.12.06 08:00,2639.75,2645.65,2632.42,2638.50
2024.12.06 12:00,2638.49,2643.44,2624.09,2637.65
2024.12.06 16:00,2637.66,2641.62,2633.00,2634.86
2024.12.06 20:00,2634.87,2636.40,2631.16,2633.21
2024.12.08 20:00,2643.61,2648.38,2636.39,2640.11
2024.12.09 00:00,2640.10,2650.52,2627.49,2638.78
2024.12.09 04:00,2638.78,2651.20,2634.72,2650.57
2024.12.09 08:00,2650.59,2660.46,2646.11,2656.33
2024.12.09 12:00,2656.28,2676.41,2653.32,2668.39
2024.12.09 16:00,2668.39,2670.58,2658.92,2660.10
2024.12.09 20:00,2660.20,2661.63,2656.73,2660.54
2024.12.10 00:00,2660.52,2671.73,2657.92,2669.96
2024.12.10 04:00,2669.98,2673.78,2663.67,2664.63
2024.12.10 08:00,2664.67,2676.78,2661.23,2674.59
2024.12.10 12:00,2674.60,2691.77,2672.31,2687.42
2024.12.10 16:00,2687.42,2695.52,2684.71,2691.97
2024.12.10 20:00,2691.97,2698.31,2690.95,2695.99
2024.12.11 00:00,2696.00,2704.37,2693.07,2695.46
2024.12.11 04:00,2695.46,2698.05,2674.71,2690.38
2024.12.11 08:00,2690.39,2699.88,2686.30,2696.38
2024.12.11 12:00,2696.47,2715.98,2690.63,2713.17
2024.12.11 16:00,2713.15,2721.10,2710.99,2718.02
2024.12.11 20:00,2718.02,2720.36,2716.03,2720.01
2024.12.12 00:00,2719.99,2725.99,2699.72,2710.05
2024.12.12 04:00,2710.05,2720.45,2709.79,2716.25
2024.12.12 08:00,2716.24,2719.50,2707.30,2710.85
2024.12.12 12:00,2710.89,2712.48,2675.09,2679.68
2024.12.12 16:00,2679.70,2687.07,2677.42,2682.98
2024.12.12 20:00,2682.97,2683.51,2679.40,2680.72
2024.12.13 00:00,2680.72,2692.71,2678.94,2688.16
2024.12.13 04:00,2688.11,2690.50,2681.12,2683.19
2024.12.13 08:00,2683.19,2684.80,2664.35,2664.97
2024.12.13 12:00,2664.97,2672.93,2654.74,2659.98
2024.12.13 16:00,2659.89,2664.56,2652.15,2652.98
2024.12.13 20:00,2652.98,2653.46,2646.16,2648.23
2024.12.15 20:00,2649.40,2653.00,2648.47,2651.48
2024.12.16 00:00,2651.45,2655.61,2643.53,2653.81
2024.12.16 04:00,2653.85,2655.86,2649.49,2653.74
2024.12.16 08:00,2653.79,2664.09,2652.29,2663.50
2024.12.16 12:00,2663.51,2664.39,2650.86,2654.39
2024.12.16 16:00,2654.39,2655.78,2648.59,2653.22
2024.12.16 20:00,2653.23,2653.55,2651.50,2651.72
2024.12.17 00:00,2651.71,2658.64,2651.13,2653.59
2024.12.17 04:00,2653.59,2656.39,2646.43,2653.75
2024.12.17 08:00,2653.77,2653.77,2636.20,2642.19
2024.12.17 12:00,2642.18,2646.84,2633.10,2640.16
2024.12.17 16:00,2640.11,2649.03,2636.70,2645.31
2024.12.17 20:00,2645.41,2647.67,2642.99,2647.43
2024.12.18 00:00,2647.43,2651.68,2645.33,2645.67
2024.12.18 04:00,2645.67,2649.44,2642.67,2644.75
2024.12.18 08:00,2644.61,2649.65,2642.10,2646.12
2024.12.18 12:00,2646.12,2647.75,2633.91,2638.21
2024.12.18 16:00,2638.18,2639.95,2603.65,2604.01
2024.12.18 20:00,2604.04,2609.24,2582.58,2586.61
2024.12.19 00:00,2586.75,2618.06,2586.68,2610.37
2024.12.19 04:00,2610.39,2622.57,2603.28,2616.52
2024.12.19 08:00,2616.55,2626.39,2613.21,2616.83
2024.12.19 12:00,2616.79,2616.79,2586.98,2588.48
2024.12.19 16:00,2588.42,2601.02,2587.22,2596.76
2024.12.19 20:00,2596.76,2600.31,2592.31,2593.51
2024.12.20 00:00,2593.50,2603.95,2589.57,2598.46
2024.12.20 04:00,2598.47,2607.52,2596.54,2606.28
2024.12.20 08:00,2606.29,2607.69,2600.18,2603.67
2024.12.20 12:00,2603.67,2631.18,2600.42,2630.36
2024.12.20 16:00,2630.40,2631.84,2622.19,2627.86
2024.12.20 20:00,2627.83,2628.04,2619.32,2622.45
2024.12.22 20:00,2623.44,2624.76,2621.55,2624.18
2024.12.23 00:00,2624.31,2627.44,2617.38,2624.10
2024.12.23 04:00,2624.09,2633.28,2623.91,2630.27
2024.12.23 08:00,2630.25,2632.08,2613.11,2616.28
2024.12.23 12:00,2616.28,2619.84,2609.26,2609.83
2024.12.23 16:00,2609.85,2616.51,2608.18,2611.16
2024.12.23 20:00,2611.23,2617.09,2609.16,2615.54
2024.12.24 00:00,2615.60,2619.92,2613.44,2618.74
2024.12.24 04:00,2618.74,2621.46,2616.35,2618.31
2024.12.24 08:00,2618.32,2619.74,2612.45,2615.14
2024.12.24 12:00,2615.20,2617.11,2610.18,2611.70
2024.12.24 16:00,2611.72,2619.28,2611.58,2616.21
2024.12.25 20:00,2614.43,2620.12,2614.31,2618.63
2024.12.26 00:00,2618.63,2628.94,2618.61,2626.98
2024.12.26 04:00,2626.97,2629.57,2623.58,2625.43
2024.12.26 08:00,2625.51,2629.93,2625.04,2627.76
2024.12.26 12:00,2627.76,2639.11,2621.72,2636.39
2024.12.26 16:00,2636.40,2636.69,2628.01,2634.93
2024.12.26 20:00,2634.92,2636.19,2629.77,2632.51
2024.12.27 00:00,2632.50,2635.47,2628.88,2633.82
2024.12.27 04:00,2633.83,2638.16,2631.29,2633.51
2024.12.27 08:00,2633.51,2633.51,2623.48,2628.71
2024.12.27 12:00,2628.71,2631.62,2611.61,2618.23
2024.12.27 16:00,2618.17,2621.32,2614.15,2620.59
2024.12.27 20:00,2620.62,2621.66,2612.69,2621.19
2024.12.29 20:00,2619.75,2626.05,2619.09,2623.98
2024.12.30 00:00,2623.99,2627.99,2621.43,2626.49
2024.12.30 04:00,2626.49,2626.50,2615.78,2616.87
2024.12.30 08:00,2616.86,2618.68,2609.12,2616.36
2024.12.30 12:00,2616.33,2622.49,2599.64,2601.57
2024.12.30 16:00,2601.57,2608.32,2596.10,2607.07
2024.12.30 20:00,2607.08,2609.46,2603.76,2606.66
2024.12.31 00:00,2606.65,2611.49,2603.42,2604.65
2024.12.31 04:00,2604.66,2614.16,2602.56,2613.79
2024.12.31 08:00,2613.83,2617.80,2609.75,2610.99
2024.12.31 12:00,2610.97,2626.61,2605.40,2625.71
2024.12.31 16:00,2625.62,2627.44,2622.23,2623.69
2024.12.31 20:00,2623.70,2624.96,2622.06,2623.35
2025.01.01 20:00,2624.53,2625.59,2621.64,2623.70
2025.01.02 00:00,2623.70,2636.51,2622.66,2633.59
2025.01.02 04:00,2633.58,2636.39,2631.02,2635.90
2025.01.02 08:00,2635.93,2646.33,2631.12,2641.92
2025.01.02 12:00,2641.94,2655.80,2636.06,2654.08
2025.01.02 16:00,2654.09,2660.43,2649.90,2654.63
2025.01.02 20:00,2654.63,2660.41,2654.06,2658.39
2025.01.03 00:00,2658.37,2665.30,2656.22,2662.30
2025.01.03 04:00,2662.27,2664.33,2651.83,2653.88
2025.01.03 08:00,2653.79,2659.31,2649.87,2657.62
2025.01.03 12:00,2657.62,2658.30,2640.91,2643.96
2025.01.03 16:00,2643.95,2647.22,2639.11,2639.47
2025.01.03 20:00,2639.38,2640.41,2636.74,2638.89
2025.01.05 20:00,2640.59,2642.40,2639.01,2641.00
2025.01.06 00:00,2641.00,2647.36,2638.61,2640.19
2025.01.06 04:00,2640.19,2640.73,2625.17,2626.83
2025.01.06 08:00,2626.86,2649.36,2625.73,2645.65
2025.01.06 12:00,2645.64,2648.85,2614.77,2634.26
2025.01.06 16:00,2634.26,2641.22,2632.50,2634.37
2025.01.06 20:00,2634.36,2637.01,2633.13,2634.60
2025.01.07 00:00,2634.66,2641.14,2632.88,2639.56
2025.01.07 04:00,2639.56,2646.67,2637.09,2640.54
2025.01.07 08:00,2640.46,2648.67,2640.13,2648.50
2025.01.07 12:00,2648.45,2664.22,2642.19,2647.71
2025.01.07 16:00,2647.66,2656.07,2646.45,2649.36
2025.01.07 20:00,2649.38,2651.52,2647.19,2649.69
2025.01.08 00:00,2649.65,2651.52,2645.63,2646.77
2025.01.08 04:00,2646.76,2654.47,2645.26,2652.62
2025.01.08 08:00,2652.44,2655.17,2647.58,2650.80
2025.01.08 12:00,2650.80,2667.79,2645.83,2665.87
2025.01.08 16:00,2665.87,2669.93,2649.41,2658.24
2025.01.08 20:00,2658.29,2664.03,2658.29,2662.60
2025.01.09 00:00,2662.61,2662.78,2656.38,2659.42
2025.01.09 04:00,2659.41,2666.85,2655.52,2662.32
2025.01.09 08:00,2662.21,2673.27,2660.43,2670.29
2025.01.09 12:00,2670.23,2678.12,2667.24,2668.31
2025.01.09 16:00,2668.26,2672.57,2662.76,2670.19
2025.01.09 20:00,2670.16,2671.04,2668.49,2669.99
2025.01.10 00:00,2670.07,2674.79,2668.89,2673.68
2025.01.10 04:00,2673.69,2678.75,2671.55,2676.20
2025.01.10 08:00,2676.24,2683.12,2675.77,2681.24
2025.01.10 12:00,2681.24,2697.84,2664.11,2692.67
2025.01.10 16:00,2692.67,2697.83,2684.58,2686.01
2025.01.10 20:00,2686.00,2693.49,2684.64,2689.14
2025.01.12 20:00,2689.41,2691.13,2686.83,2691.06
2025.01.13 00:00,2690.97,2693.40,2679.32,2687.99
2025.01.13 04:00,2687.94,2691.26,2683.23,2685.19
2025.01.13 08:00,2685.14,2689.77,2675.53,2675.98
2025.01.13 12:00,2675.97,2677.16,2661.14,2661.77
2025.01.13 16:00,2661.73,2668.01,2656.72,2658.91
2025.01.13 20:00,2658.88,2669.30,2658.72,2667.95
2025.01.14 00:00,2667.99,2672.30,2666.31,2669.79
2025.01.14 04:00,2669.77,2675.25,2667.16,2669.20
2025.01.14 08:00,2669.18,2674.38,2664.56,2669.33
2025.01.14 12:00,2669.31,2674.28,2659.90,2671.74
2025.01.14 16:00,2671.79,2676.23,2666.71,2674.24
2025.01.14 20:00,2674.21,2679.39,2671.84,2675.59
2025.01.15 00:00,2675.64,2676.31,2669.29,2676.18
2025.01.15 04:00,2676.15,2684.14,2674.26,2681.34
2025.01.15 08:00,2681.36,2689.00,2681.22,2686.87
2025.01.15 12:00,2686.87,2696.01,2676.77,2678.53
2025.01.15 16:00,2678.67,2695.14,2676.99,2693.99
2025.01.15 20:00,2693.99,2697.38,2693.20,2694.94
2025.01.16 00:00,2695.00,2702.10,2692.94,2697.00
2025.01.16 04:00,2696.98,2699.96,2689.89,2698.23
2025.01.16 08:00,2698.47,2711.24,2697.12,2706.33
2025.01.16 12:00,2706.27,2719.59,2700.24,2716.88
2025.01.16 16:00,2716.87,2724.72,2714.67,2715.21
2025.01.16 20:00,2715.23,2717.03,2712.39,2714.50
2025.01.17 00:00,2714.49,2717.41,2709.86,2715.42
2025.01.17 04:00,2715.42,2716.55,2708.66,2710.58
2025.01.17 08:00,2710.63,2712.98,2702.84,2708.12
2025.01.17 12:00,2708.11,2715.12,2702.76,2714.28
2025.01.17 16:00,2714.38,2717.32,2702.81,2703.21
2025.01.17 20:00,2703.17,2704.23,2699.28,2701.81
2025.01.19 20:00,2702.57,2703.32,2691.28,2696.41
2025.01.20 00:00,2696.35,2703.92,2689.40,2703.47
2025.01.20 04:00,2703.51,2713.77,2702.25,2703.55
2025.01.20 08:00,2703.51,2712.58,2702.95,2708.35
2025.01.20 12:00,2708.48,2712.27,2702.19,2706.92
2025.01.20 16:00,2706.92,2711.14,2703.34,2706.25
2025.01.20 20:00,2706.71,2711.24,2706.27,2710.40
2025.01.21 00:00,2710.40,2726.93,2702.69,2724.15
2025.01.21 04:00,2724.22,2732.94,2722.64,2729.86
2025.01.21 08:00,2729.74,2729.74,2716.58,2724.01
2025.01.21 12:00,2724.01,2740.39,2721.89,2738.82
2025.01.21 16:00,2738.84,2745.93,2737.74,2742.74
2025.01.21 20:00,2742.74,2745.53,2740.00,2744.43
2025.01.22 00:00,2744.45,2751.33,2742.73,2750.53
2025.01.22 04:00,2750.52,2758.61,2745.48,2748.68
2025.01.22 08:00,2748.72,2763.28,2746.81,2756.35
2025.01.22 12:00,2756.41,2761.48,2750.32,2759.35
2025.01.22 16:00,2759.34,2760.19,2754.90,2755.26
2025.01.22 20:00,2755.24,2757.03,2753.71,2755.20
2025.01.23 00:00,2755.21,2756.05,2749.39,2749.92
2025.01.23 04:00,2749.91,2755.41,2749.75,2752.80
2025.01.23 08:00,2752.71,2754.74,2740.83,2751.79
2025.01.23 12:00,2751.79,2753.27,2735.80,2746.40
2025.01.23 16:00,2746.28,2758.74,2744.06,2754.00
2025.01.23 20:00,2754.01,2755.45,2751.30,2754.43
2025.01.24 00:00,2754.43,2777.22,2754.17,2772.31
2025.01.24 04:00,2772.31,2778.16,2770.46,2772.52
2025.01.24 08:00,2772.55,2780.00,2769.96,2776.59
2025.01.24 12:00,2776.46,2785.86,2773.76,2775.86
2025.01.24 16:00,2775.75,2777.47,2769.81,2774.59
2025.01.24 20:00,2774.59,2774.77,2770.21,2770.68
2025.01.26 20:00,2770.17,2770.40,2765.11,2767.41
2025.01.27 00:00,2767.45,2772.44,2753.90,2761.03
2025.01.27 04:00,2761.00,2761.02,2747.13,2749.31
2025.01.27 08:00,2749.30,2771.92,2749.20,2771.29
2025.01.27 12:00,2771.51,2771.62,2739.44,2741.96
2025.01.27 16:00,2741.95,2743.06,2730.37,2739.22
2025.01.27 20:00,2739.22,2745.05,2737.98,2741.74
2025.01.28 00:00,2741.74,2745.08,2737.71,2738.65
2025.01.28 04:00,2738.66,2744.76,2738.30,2738.53
2025.01.28 08:00,2738.94,2745.06,2734.70,2742.67
2025.01.28 12:00,2742.60,2757.13,2741.13,2755.19
2025.01.28 16:00,2755.17,2764.89,2755.13,2764.76
2025.01.28 20:00,2764.78,2764.84,2762.22,2762.54
2025.01.29 00:00,2762.54,2766.03,2762.09,2762.62
2025.01.29 04:00,2762.50,2764.09,2757.34,2758.99
2025.01.29 08:00,2759.04,2765.96,2757.00,2758.96
2025.01.29 12:00,2758.96,2761.00,2748.67,2754.17
2025.01.29 16:00,2754.30,2757.69,2744.82,2755.21
2025.01.29 20:00,2755.18,2760.63,2752.70,2760.23
2025.01.30 00:00,2760.23,2762.52,2758.98,2761.79
2025.01.30 04:00,2761.77,2769.46,2758.67,2769.11
2025.01.30 08:00,2769.22,2779.48,2768.64,2777.61
2025.01.30 12:00,2777.61,2796.83,2776.28,2795.45
2025.01.30 16:00,2795.41,2798.29,2788.85,2793.45
2025.01.30 20:00,2793.45,2798.36,2786.86,2796.14
2025.01.31 00:00,2796.28,2799.51,2794.43,2796.30
2025.01.31 04:00,2796.30,2800.96,2792.10,2798.26
2025.01.31 08:00,2798.24,2800.71,2791.05,2800.27
2025.01.31 12:00,2800.27,2817.12,2799.99,2809.26
2025.01.31 16:00,2809.24,2816.42,2795.36,2796.11
2025.01.31 20:00,2796.10,2802.73,2794.33,2796.64
2025.02.02 20:00,2799.53,2803.42,2784.86,2793.60
2025.02.03 00:00,2793.60,2795.81,2772.13,2774.42
2025.02.03 04:00,2774.40,2789.90,2774.20,2789.34
2025.02.03 08:00,2789.34,2804.19,2786.97,2801.34
2025.02.03 12:00,2801.25,2830.64,2800.46,2817.49
2025.02.03 16:00,2817.49,2825.25,2812.93,2818.30
2025.02.03 20:00,2818.25,2819.41,2812.22,2813.94
2025.02.04 00:00,2813.88,2824.58,2812.76,2821.45
2025.02.04 04:00,2821.42,2821.50,2807.23,2812.73
2025.02.04 08:00,2812.73,2821.80,2810.05,2815.44
2025.02.04 12:00,2815.46,2845.45,2814.54,2835.93
2025.02.04 16:00,2835.93,2844.97,2832.58,2843.09
2025.02.04 20:00,2843.12,2844.79,2840.57,2841.50
2025.02.05 00:00,2841.64,2854.43,2839.72,2852.33
2025.02.05 04:00,2852.30,2864.21,2851.88,2864.15
2025.02.05 08:00,2864.12,2877.02,2863.68,2868.73
2025.02.05 12:00,2868.71,2882.29,2858.63,2880.28
2025.02.05 16:00,2880.30,2881.10,2862.79,2863.53
2025.02.05 20:00,2863.57,2870.94,2859.97,2869.19
2025.02.06 00:00,2869.19,2873.26,2863.63,2869.34
2025.02.06 04:00,2869.34,2872.31,2854.99,2855.80
2025.02.06 08:00,2856.01,2867.43,2848.87,2865.96
2025.02.06 12:00,2865.96,2870.25,2834.14,2850.60
2025.02.06 16:00,2850.60,2854.68,2848.12,2853.97
2025.02.06 20:00,2853.95,2858.63,2853.83,2858.02
2025.02.07 00:00,2858.03,2870.55,2857.74,2867.22
2025.02.07 04:00,2867.22,2869.69,2858.99,2864.19
2025.02.07 08:00,2864.21,2870.67,2863.24,2867.79
2025.02.07 12:00,2867.79,2886.77,2852.51,2880.34
2025.02.07 16:00,2880.44,2881.54,2853.37,2860.27
2025.02.07 20:00,2860.23,2863.79,2859.42,2859.93
2025.02.09 20:00,2856.87,2870.45,2854.94,2867.49
2025.02.10 00:00,2867.60,2876.58,2865.79,2875.60
2025.02.10 04:00,2875.60,2896.69,2874.42,2895.65
2025.02.10 08:00,2895.59,2906.24,2892.26,2904.66
2025.02.10 12:00,2904.66,2911.56,2896.45,2909.06
2025.02.10 16:00,2909.06,2910.30,2896.58,2904.37
2025.02.10 20:00,2904.29,2921.59,2902.91,2917.85
2025.02.11 00:00,2917.91,2942.62,2905.93,2919.67
2025.02.11 04:00,2919.71,2929.49,2907.16,2913.50
2025.02.11 08:00,2913.43,2915.17,2901.88,2903.86
2025.02.11 12:00,2903.86,2906.58,2881.84,2904.75
2025.02.11 16:00,2904.71,2908.60,2899.66,2900.28
2025.02.11 20:00,2900.28,2900.74,2894.12,2898.63
2025.02.12 00:00,2898.63,2898.79,2883.54,2889.03
2025.02.12 04:00,2889.03,2895.76,2883.68,2892.84
2025.02.12 08:00,2893.01,2894.03,2879.37,2879.68
2025.02.12 12:00,2879.67,2898.01,2864.18,2894.65
2025.02.12 16:00,2894.66,2909.24,2892.18,2897.88
2025.02.12 20:00,2897.85,2906.36,2895.49,2905.75
2025.02.13 00:00,2905.80,2918.05,2901.49,2916.48
2025.02.13 04:00,2916.47,2922.86,2912.55,2914.56
2025.02.13 08:00,2914.64,2919.48,2909.40,2918.00
2025.02.13 12:00,2918.00,2921.37,2906.03,2920.26
2025.02.13 16:00,2920.24,2927.42,2913.02,2926.89
2025.02.13 20:00,2926.90,2932.34,2924.79,2931.13
2025.02.14 00:00,2931.13,2933.79,2923.28,2924.45
2025.02.14 04:00,2924.45,2936.82,2923.88,2931.90
2025.02.14 08:00,2931.88,2940.05,2929.32,2931.12
2025.02.14 12:00,2931.11,2933.25,2892.98,2901.96
2025.02.14 16:00,2901.97,2903.88,2878.87,2880.66
2025.02.14 20:00,2880.61,2886.21,2877.01,2881.89
2025.02.16 20:00,2883.69,2893.88,2878.85,2879.19
2025.02.17 00:00,2879.19,2904.68,2879.19,2903.64
2025.02.17 04:00,2903.59,2905.27,2888.32,2902.48
2025.02.17 08:00,2902.47,2906.34,2895.14,2901.07
2025.02.17 12:00,2901.07,2904.07,2895.38,2899.28
2025.02.17 16:00,2899.27,2901.19,2896.55,2899.10
2025.02.17 20:00,2897.29,2899.43,2897.12,2899.31
2025.02.18 00:00,2899.31,2910.75,2891.93,2909.04
2025.02.18 04:00,2909.05,2915.61,2907.22,2911.58
2025.02.18 08:00,2911.63,2914.80,2907.13,2914.18
2025.02.18 12:00,2914.40,2929.69,2912.20,2927.39
2025.02.18 16:00,2927.26,2936.87,2924.28,2935.68
2025.02.18 20:00,2935.67,2936.65,2932.44,2934.05
2025.02.19 00:00,2934.04,2939.69,2924.04,2928.86
2025.02.19 04:00,2928.75,2935.86,2926.50,2934.19
2025.02.19 08:00,2934.20,2947.05,2933.77,2935.01
2025.02.19 12:00,2935.00,2941.67,2925.61,2925.69
2025.02.19 16:00,2925.74,2932.27,2918.60,2931.76
2025.02.19 20:00,2931.70,2937.29,2931.42,2935.46
2025.02.20 00:00,2935.55,2944.10,2933.85,2941.90
2025.02.20 04:00,2941.91,2954.18,2939.23,2948.97
2025.02.20 08:00,2949.04,2954.85,2947.23,2948.74
2025.02.20 12:00,2948.74,2950.84,2924.11,2938.51
2025.02.20 16:00,2938.51,2946.98,2933.49,2937.92
2025.02.20 20:00,2937.92,2943.32,2935.46,2941.56
2025.02.21 00:00,2941.58,2949.74,2926.48,2931.20
2025.02.21 04:00,2931.21,2934.10,2924.15,2930.03
2025.02.21 08:00,2929.85,2936.15,2916.78,2928.38
2025.02.21 12:00,2928.37,2939.01,2921.58,2928.72
2025.02.21 16:00,2928.65,2942.86,2927.36,2933.45
2025.02.21 20:00,2933.41,2938.06,2932.10,2935.36
2025.02.23 20:00,2934.05,2940.41,2934.05,2936.83
2025.02.24 00:00,2936.85,2944.71,2921.36,2941.19
2025.02.24 04:00,2941.15,2944.87,2935.20,2943.88
2025.02.24 08:00,2944.01,2948.69,2934.93,2947.78
2025.02.24 12:00,2947.78,2956.19,2930.72,2936.50
2025.02.24 16:00,2936.53,2949.87,2936.48,2949.17
2025.02.24 20:00,2949.17,2953.60,2946.98,2950.06
2025.02.25 00:00,2950.06,2952.53,2937.46,2939.50
2025.02.25 04:00,2939.48,2940.99,2930.66,2931.59
2025.02.25 08:00,2931.73,2942.42,2929.50,2938.68
2025.02.25 12:00,2938.68,2944.84,2900.92,2906.10
2025.02.25 16:00,2904.97,2913.81,2890.06,2912.19
2025.02.25 20:00,2912.19,2918.94,2910.84,2918.64
2025.02.26 00:00,2918.64,2930.16,2914.74,2916.52
2025.02.26 04:00,2916.52,2921.11,2905.83,2915.30
2025.02.26 08:00,2915.32,2918.70,2909.55,2913.90
2025.02.26 12:00,2913.90,2915.49,2890.93,2913.30
2025.02.26 16:00,2913.29,2916.72,2909.91,2913.90
2025.02.26 20:00,2913.90,2920.76,2912.01,2919.33
2025.02.27 00:00,2919.33,2919.33,2904.25,2905.62
2025.02.27 04:00,2905.64,2906.42,2888.05,2892.03
2025.02.27 08:00,2892.03,2895.11,2876.99,2884.09
2025.02.27 12:00,2884.11,2892.43,2867.80,2872.26
2025.02.27 16:00,2872.30,2887.65,2871.86,2879.26
2025.02.27 20:00,2879.23,2879.35,2871.31,2875.97
2025.02.28 00:00,2875.97,2885.10,2863.52,2865.75
2025.02.28 04:00,2865.75,2867.07,2856.99,2858.71
2025.02.28 08:00,2858.69,2864.98,2851.02,2862.31
2025.02.28 12:00,2862.31,2864.97,2832.65,2850.19
2025.02.28 16:00,2850.42,2853.90,2838.09,2849.54
2025.02.28 20:00,2849.51,2859.12,2847.71,2859.07
2025.03.02 20:00,2855.17,2876.77,2855.17,2870.93
2025.03.03 00:00,2870.95,2872.04,2859.34,2864.79
2025.03.03 04:00,2864.79,2868.51,2860.14,2863.36
2025.03.03 08:00,2863.51,2875.43,2858.92,2874.42
2025.03.03 12:00,2874.27,2890.48,2868.96,2887.85
2025.03.03 16:00,2887.85,2893.06,2879.74,2881.53
2025.03.03 20:00,2881.51,2895.21,2878.39,2890.88
2025.03.04 00:00,2890.80,2893.76,2881.86,2888.59
2025.03.04 04:00,2888.59,2901.35,2884.39,2899.96
2025.03.04 08:00,2899.65,2921.76,2896.69,2919.87
2025.03.04 12:00,2919.86,2927.80,2900.46,2906.05
2025.03.04 16:00,2906.05,2916.43,2903.69,2916.14
2025.03.04 20:00,2916.13,2920.46,2913.37,2914.36
2025.03.05 00:00,2914.36,2917.18,2902.00,2908.63
2025.03.05 04:00,2908.60,2921.76,2908.48,2918.11
2025.03.05 08:00,2918.11,2922.53,2908.93,2913.20
2025.03.05 12:00,2913.37,2923.82,2894.35,2917.20
2025.03.05 16:00,2917.15,2929.93,2911.31,2920.45
2025.03.05 20:00,2920.45,2922.99,2916.83,2918.35
2025.03.06 00:00,2918.32,2926.55,2915.87,2921.19
2025.03.06 04:00,2921.19,2922.96,2909.81,2909.89
2025.03.06 08:00,2910.12,2911.48,2891.29,2905.83
2025.03.06 12:00,2905.83,2922.70,2899.34,2914.50
2025.03.06 16:00,2914.53,2921.43,2912.32,2913.97
2025.03.06 20:00,2913.96,2916.54,2908.41,2910.30
2025.03.07 00:00,2910.28,2910.28,2896.79,2905.35
2025.03.07 04:00,2905.32,2917.35,2904.75,2917.21
2025.03.07 08:00,2917.20,2923.01,2915.22,2918.82
2025.03.07 12:00,2918.83,2930.50,2904.67,2915.82
2025.03.07 16:00,2915.82,2919.41,2902.05,2905.39
2025.03.07 20:00,2905.27,2912.44,2904.82,2909.09
2025.03.09 20:00,2911.93,2916.86,2911.44,2916.15
2025.03.10 00:00,2916.03,2918.31,2908.20,2910.91
2025.03.10 04:00,2910.91,2915.44,2904.33,2908.38
2025.03.10 08:00,2908.35,2915.47,2895.59,2904.12
2025.03.10 12:00,2904.13,2910.53,2897.65,2904.52
2025.03.10 16:00,2904.52,2906.90,2880.21,2885.29
2025.03.10 20:00,2885.55,2889.33,2882.24,2884.76
2025.03.11 00:00,2884.76,2900.51,2880.34,2896.89
2025.03.11 04:00,2896.88,2903.67,2892.59,2901.14
2025.03.11 08:00,2901.14,2915.38,2900.52,2913.63
2025.03.11 12:00,2913.65,2922.05,2906.82,2916.81
2025.03.11 16:00,2916.84,2921.30,2914.15,2918.36
2025.03.11 20:00,2918.36,2919.69,2914.99,2915.45
2025.03.12 00:00,2915.47,2919.98,2910.80,2914.81
2025.03.12 04:00,2914.88,2921.24,2908.98,2914.51
2025.03.12 08:00,2914.54,2925.34,2912.64,2915.24
2025.03.12 12:00,2915.34,2929.29,2906.14,2928.49
2025.03.12 16:00,2928.49,2940.54,2927.91,2931.45
2025.03.12 20:00,2931.31,2939.42,2930.90,2938.06
2025.03.13 00:00,2938.00,2947.14,2936.42,2945.65
2025.03.13 04:00,2945.65,2946.30,2932.91,2935.25
2025.03.13 08:00,2935.25,2948.85,2934.81,2946.29
2025.03.13 12:00,2946.29,2978.36,2939.16,2977.83
2025.03.13 16:00,2977.83,2985.43,2976.41,2982.82
2025.03.13 20:00,2982.96,2989.25,2981.22,2986.42
2025.03.14 00:00,2986.43,2992.90,2981.64,2992.67
2025.03.14 04:00,2992.65,2993.94,2980.80,2986.93
2025.03.14 08:00,2986.99,3004.99,2985.22,2993.43
2025.03.14 12:00,2993.42,2999.63,2978.49,2984.54
2025.03.14 16:00,2984.55,2990.35,2982.12,2984.01
2025.03.14 20:00,2984.02,2988.43,2981.82,2984.24
2025.03.16 20:00,2989.02,2994.13,2988.26,2990.01
2025.03.17 00:00,2990.08,2993.02,2985.27,2986.95
2025.03.17 04:00,2986.95,2990.79,2982.25,2985.56
2025.03.17 08:00,2985.50,3001.25,2983.13,2997.52
2025.03.17 12:00,2997.53,3000.63,2984.78,2997.18
2025.03.17 16:00,2997.17,3000.83,2993.03,3000.25
2025.03.17 20:00,3000.17,3002.81,2999.53,2999.72
2025.03.18 00:00,2999.72,3014.96,2999.34,3011.41
2025.03.18 04:00,3011.41,3018.94,3006.04,3016.44
2025.03.18 08:00,3016.44,3029.49,3016.31,3026.84
2025.03.18 12:00,3026.79,3038.28,3024.65,3031.69
2025.03.18 16:00,3031.62,3037.96,3029.84,3035.51
2025.03.18 20:00,3035.55,3035.93,3031.39,3031.71
2025.03.19 00:00,3031.62,3039.00,3027.38,3036.25
2025.03.19 04:00,3036.24,3045.34,3034.22,3035.78
2025.03.19 08:00,3035.77,3039.92,3022.83,3038.92
2025.03.19 12:00,3038.92,3041.07,3026.37,3031.51
2025.03.19 16:00,3031.53,3051.96,3029.14,3047.86
2025.03.19 20:00,3047.84,3051.13,3044.27,3050.01
2025.03.20 00:00,3050.02,3056.17,3044.95,3049.98
2025.03.20 04:00,3049.97,3057.54,3041.85,3042.29
2025.03.20 08:00,3042.29,3046.27,3025.66,3034.48
2025.03.20 12:00,3034.48,3042.32,3030.03,3040.73
2025.03.20 16:00,3040.73,3046.08,3034.02,3044.70
2025.03.20 20:00,3044.70,3046.68,3044.05,3046.45
2025.03.21 00:00,3046.46,3047.46,3029.92,3030.49
2025.03.21 04:00,3030.48,3033.97,3021.84,3032.10
2025.03.21 08:00,3032.07,3037.61,3027.12,3034.27
2025.03.21 12:00,3034.25,3038.10,2999.42,3011.17
2025.03.21 16:00,3011.17,3021.99,3010.66,3019.88
2025.03.21 20:00,3019.89,3024.05,3019.89,3023.15
2025.03.23 20:00,3025.58,3026.26,3023.34,3024.71
2025.03.24 00:00,3024.48,3025.60,3013.76,3016.91
2025.03.24 04:00,3016.91,3028.83,3016.50,3022.29
2025.03.24 08:00,3022.29,3033.34,3021.82,3024.67
2025.03.24 12:00,3024.66,3028.65,3005.81,3014.12
2025.03.24 16:00,3014.13,3015.64,3002.43,3006.13
2025.03.24 20:00,3006.13,3014.35,3005.68,3009.87
2025.03.25 00:00,3010.28,3016.25,3007.54,3015.15
2025.03.25 04:00,3015.16,3021.12,3010.51,3011.15
2025.03.25 08:00,3011.15,3026.51,3010.54,3020.69
2025.03.25 12:00,3020.69,3035.95,3014.21,3021.54
2025.03.25 16:00,3021.56,3025.59,3017.80,3019.61
2025.03.25 20:00,3019.66,3021.84,3018.82,3020.98
2025.03.26 00:00,3020.98,3027.15,3016.37,3017.55
2025.03.26 04:00,3017.52,3030.81,3013.26,3030.53
2025.03.26 08:00,3030.59,3032.06,3017.06,3027.56
2025.03.26 12:00,3027.56,3029.99,3012.32,3015.90
2025.03.26 16:00,3015.90,3020.76,3015.22,3017.29
2025.03.26 20:00,3017.37,3021.82,3017.25,3021.67
2025.03.27 00:00,3021.67,3034.22,3021.66,3033.62
2025.03.27 04:00,3033.63,3038.53,3026.71,3035.94
2025.03.27 08:00,3035.94,3055.77,3033.74,3054.72
2025.03.27 12:00,3054.71,3059.75,3033.38,3052.16
2025.03.27 16:00,3052.15,3057.75,3047.51,3057.46
2025.03.27 20:00,3057.46,3057.57,3054.18,3055.62
2025.03.28 00:00,3055.61,3077.57,3054.91,3075.19
2025.03.28 04:00,3075.19,3086.10,3072.53,3079.37
2025.03.28 08:00,3079.31,3081.29,3066.06,3076.34
2025.03.28 12:00,3076.40,3086.79,3067.44,3083.78
2025.03.28 16:00,3083.74,3086.65,3073.57,3080.87
2025.03.28 20:00,3080.78,3086.13,3080.78,3084.02
2025.03.30 20:00,3090.09,3090.85,3087.94,3089.08
2025.03.31 00:00,3089.08,3111.76,3076.72,3107.06
2025.03.31 04:00,3107.06,3127.87,3105.87,3124.57
2025.03.31 08:00,3124.57,3127.23,3111.91,3119.48
2025.03.31 12:00,3119.50,3127.14,3099.96,3113.75
2025.03.31 16:00,3113.80,3124.59,3111.60,3124.40
2025.03.31 20:00,3124.40,3126.38,3120.00,3120.47
2025.04.01 00:00,3120.45,3147.36,3120.23,3146.02
2025.04.01 04:00,3145.99,3148.95,3124.09,3127.51
2025.04.01 08:00,3127.46,3138.85,3126.34,3130.39
2025.04.01 12:00,3130.47,3137.08,3113.38,3113.69
2025.04.01 16:00,3113.55,3118.85,3100.81,3118.52
2025.04.01 20:00,3118.48,3120.56,3111.32,3115.19
2025.04.02 00:00,3115.20,3135.69,3113.02,3125.53
2025.04.02 04:00,3125.53,3126.74,3109.85,3125.14
2025.04.02 08:00,3125.16,3133.90,3110.18,3121.29
2025.04.02 12:00,3121.30,3132.04,3116.57,3125.86
2025.04.02 16:00,3125.86,3134.18,3118.79,3124.28
2025.04.02 20:00,3124.28,3167.56,3105.43,3162.73
2025.04.03 00:00,3162.72,3164.86,3140.62,3148.08
2025.04.03 04:00,3148.08,3149.73,3116.64,3129.11
2025.04.03 08:00,3129.12,3132.15,3085.34,3093.19
2025.04.03 12:00,3092.84,3135.48,3054.28,3110.74
2025.04.03 16:00,3110.64,3114.17,3100.07,3107.53
2025.04.03 20:00,3107.53,3119.45,3107.42,3112.94
2025.04.04 00:00,3112.94,3115.72,3087.32,3098.36
2025.04.04 04:00,3098.37,3109.92,3092.03,3092.83
2025.04.04 08:00,3092.64,3136.45,3078.51,3110.32
2025.04.04 12:00,3110.34,3111.64,3017.19,3022.02
2025.04.04 16:00,3022.02,3040.96,3015.93,3036.55
2025.04.04 20:00,3036.58,3041.03,3033.86,3036.59
2025.04.06 20:00,3009.94,3016.98,2977.29,2999.78
2025.04.07 00:00,2999.77,3055.41,2972.21,3019.06
2025.04.07 04:00,3018.94,3044.56,3013.33,3018.58
2025.04.07 08:00,3018.58,3046.15,3017.95,3031.14
2025.04.07 12:00,3031.34,3037.83,2980.04,2987.52
2025.04.07 16:00,2987.46,2987.76,2956.53,2976.71
2025.04.07 20:00,2976.79,2987.39,2970.19,2981.24
2025.04.08 00:00,2981.24,3004.88,2980.42,2994.72
2025.04.08 04:00,2994.72,3015.91,2990.79,3003.78
2025.04.08 08:00,3003.70,3019.40,2994.82,3017.48
2025.04.08 12:00,3017.48,3022.76,3001.22,3001.40
2025.04.08 16:00,3001.49,3001.49,2974.82,2984.95
2025.04.08 20:00,2984.97,2990.70,2970.00,2978.21
2025.04.09 00:00,2978.48,3011.09,2972.53,3004.46
2025.04.09 04:00,3004.39,3052.29,2999.93,3041.10
2025.04.09 08:00,3041.07,3067.93,3036.36,3066.66
2025.04.09 12:00,3066.77,3087.81,3042.70,3086.34
2025.04.09 16:00,3086.33,3099.48,3048.66,3093.74
2025.04.09 20:00,3093.48,3095.42,3078.04,3086.78
2025.04.10 00:00,3086.77,3131.58,3078.43,3125.45
2025.04.10 04:00,3125.41,3132.56,3106.66,3108.70
2025.04.10 08:00,3108.70,3125.67,3103.51,3124.72
2025.04.10 12:00,3124.77,3174.91,3116.19,3158.05
2025.04.10 16:00,3158.03,3176.29,3151.55,3170.86
2025.04.10 20:00,3170.84,3191.24,3168.33,3189.00
2025.04.11 00:00,3188.98,3220.16,3185.02,3217.78
2025.04.11 04:00,3217.78,3219.01,3187.27,3212.44
2025.04.11 08:00,3212.44,3237.68,3208.50,3213.76
2025.04.11 12:00,3213.87,3244.28,3211.13,3240.45
2025.04.11 16:00,3240.46,3245.37,3219.79,3230.90
2025.04.11 20:00,3230.98,3238.82,3230.76,3237.70
2025.04.13 20:00,3221.18,3224.53,3216.82,3223.80
2025.04.14 00:00,3223.77,3245.73,3215.37,3232.39
2025.04.14 04:00,3232.39,3238.00,3221.28,3227.97
2025.04.14 08:00,3227.97,3231.80,3206.30,3223.33
2025.04.14 12:00,3223.38,3227.67,3193.77,3198.12
2025.04.14 16:00,3198.12,3216.38,3197.76,3212.76
2025.04.14 20:00,3212.72,3214.19,3207.37,3212.60
2025.04.15 00:00,3212.60,3229.07,3210.03,3228.35
2025.04.15 04:00,3228.40,3232.56,3217.35,3225.62
2025.04.15 08:00,3225.68,3232.20,3216.84,3219.97
2025.04.15 12:00,3220.16,3226.88,3211.65,3221.34
2025.04.15 16:00,3221.37,3231.76,3219.53,3229.80
2025.04.15 20:00,3229.83,3251.84,3226.26,3251.82
2025.04.16 00:00,3251.82,3281.64,3251.68,3281.44
2025.04.16 04:00,3281.50,3300.61,3269.40,3300.44
2025.04.16 08:00,3300.44,3317.78,3288.78,3306.83
2025.04.16 12:00,3306.77,3328.16,3296.86,3325.37
2025.04.16 16:00,3325.37,3342.46,3321.41,3336.45
2025.04.16 20:00,3336.64,3353.42,3334.40,3350.10
2025.04.17 00:00,3350.05,3356.22,3320.72,3344.50
2025.04.17 04:00,3344.50,3345.49,3314.30,3323.46
2025.04.17 08:00,3323.44,3334.01,3313.06,3327.42
2025.04.17 12:00,3327.41,3342.19,3284.09,3296.34
2025.04.17 16:00,3296.34,3322.61,3294.89,3320.77
2025.04.17 20:00,3320.80,3328.29,3318.01,3326.19
2025.04.20 20:00,3346.52,3351.82,3343.35,3348.15
2025.04.21 00:00,3348.15,3385.33,3347.51,3382.43
2025.04.21 04:00,3382.42,3396.10,3369.32,3384.95
2025.04.21 08:00,3384.96,3405.93,3383.71,3404.45
2025.04.21 12:00,3404.46,3430.27,3398.04,3422.96
2025.04.21 16:00,3422.94,3430.48,3406.02,3423.30
2025.04.21 20:00,3423.47,3444.41,3419.74,3434.61
2025.04.22 00:00,3434.61,3494.79,3412.37,3487.92
2025.04.22 04:00,3487.92,3500.08,3460.95,3468.62
2025.04.22 08:00,3468.62,3472.66,3443.18,3456.84
2025.04.22 12:00,3456.84,3464.82,3408.71,3417.58
2025.04.22 16:00,3417.63,3421.10,3366.76,3374.52
2025.04.22 20:00,3374.70,3382.86,3327.06,3336.67
2025.04.23 00:00,3336.67,3386.65,3329.24,3338.94
2025.04.23 04:00,3338.94,3349.46,3291.70,3319.20
2025.04.23 08:00,3319.20,3340.51,3305.61,3324.63
2025.04.23 12:00,3324.63,3333.44,3260.78,3280.32
2025.04.23 16:00,3280.32,3305.74,3277.77,3293.97
2025.04.23 20:00,3293.99,3316.80,3283.94,3316.36
2025.04.24 00:00,3316.39,3367.60,3313.40,3327.02
2025.04.24 04:00,3327.03,3339.79,3314.63,3333.85
2025.04.24 08:00,3333.78,3343.97,3325.42,3336.99
2025.04.24 12:00,3336.99,3344.66,3306.74,3329.45
2025.04.24 16:00,3329.45,3347.02,3322.42,3342.25
2025.04.24 20:00,3342.26,3368.15,3338.19,3348.81
2025.04.25 00:00,3348.78,3363.00,3322.56,3323.58
2025.04.25 04:00,3323.58,3327.76,3287.04,3307.46
2025.04.25 08:00,3307.30,3308.94,3288.01,3293.59
2025.04.25 12:00,3293.50,3303.12,3265.19,3283.02
2025.04.25 16:00,3283.21,3312.45,3280.41,3304.77
2025.04.25 20:00,3304.87,3319.08,3304.76,3318.79
2025.04.27 20:00,3310.68,3318.17,3298.59,3302.70
2025.04.28 00:00,3302.68,3315.95,3267.92,3290.89
2025.04.28 04:00,3290.89,3300.99,3277.69,3287.48
2025.04.28 08:00,3287.47,3297.24,3273.21,3294.20
2025.04.28 12:00,3294.24,3335.98,3286.94,3325.05
2025.04.28 16:00,3325.02,3353.00,3324.53,3352.09
2025.04.28 20:00,3352.09,3352.26,3333.75,3337.68
2025.04.29 00:00,3337.94,3339.94,3307.92,3315.87
2025.04.29 04:00,3316.00,3323.94,3305.04,3322.83
2025.04.29 08:00,3323.07,3324.89,3306.22,3309.40
2025.04.29 12:00,3309.40,3321.30,3299.73,3312.46
2025.04.29 16:00,3312.46,3330.07,3312.20,3320.60
2025.04.29 20:00,3320.52,3323.49,3311.01,3317.07
2025.04.30 00:00,3317.20,3328.10,3303.68,3304.60
2025.04.30 04:00,3304.62,3314.71,3301.29,3307.19
2025.04.30 08:00,3307.18,3307.65,3268.32,3271.85
2025.04.30 12:00,3272.38,3319.78,3266.97,3308.06
2025.04.30 16:00,3308.06,3314.28,3292.17,3295.90
2025.04.30 20:00,3295.84,3297.92,3269.73,3272.80
2025.05.01 00:00,3273.00,3276.35,3228.87,3229.46
2025.05.01 04:00,3229.56,3243.22,3221.29,3230.12
2025.05.01 08:00,3230.12,3236.67,3203.46,3205.62
2025.05.01 12:00,3205.56,3234.37,3202.11,3217.41
2025.05.01 16:00,3217.28,3230.75,3209.97,3229.18
2025.05.01 20:00,3229.18,3242.85,3229.06,3238.66
2025.05.02 00:00,3238.66,3259.97,3228.82,3256.32
2025.05.02 04:00,3256.26,3264.72,3247.75,3260.38
2025.05.02 08:00,3260.38,3270.61,3256.50,3264.07
2025.05.02 12:00,3264.06,3266.25,3230.31,3231.60
2025.05.02 16:00,3231.63,3239.86,3222.85,3233.61
2025.05.02 20:00,3233.68,3241.30,3232.74,3240.65
2025.05.04 20:00,3239.84,3252.34,3238.87,3247.95
2025.05.05 00:00,3248.05,3272.46,3241.11,3254.55
2025.05.05 04:00,3254.45,3267.85,3253.60,3264.74
2025.05.05 08:00,3264.70,3319.00,3263.19,3313.01
2025.05.05 12:00,3312.90,3328.77,3309.06,3312.07
2025.05.05 16:00,3312.03,3337.60,3305.64,3328.71
2025.05.05 20:00,3328.71,3335.01,3328.71,3334.06
2025.05.06 00:00,3334.06,3386.89,3323.44,3360.29
2025.05.06 04:00,3360.29,3379.59,3350.21,3371.31
2025.05.06 08:00,3371.61,3385.03,3368.57,3379.14
2025.05.06 12:00,3379.21,3399.85,3373.12,3395.10
2025.05.06 16:00,3395.10,3424.12,3394.71,3423.15
2025.05.06 20:00,3423.16,3434.72,3377.27,3400.69
2025.05.07 00:00,3400.76,3401.50,3360.15,3375.49
2025.05.07 04:00,3375.49,3397.46,3375.08,3388.00
2025.05.07 08:00,3388.04,3393.38,3369.31,3386.99
2025.05.07 12:00,3387.01,3398.12,3375.74,3385.11
2025.05.07 16:00,3385.18,3397.98,3363.75,3372.09
2025.05.07 20:00,3371.94,3377.09,3363.53,3376.42
2025.05.08 00:00,3376.42,3414.68,3373.79,3396.86
2025.05.08 04:00,3396.83,3399.29,3320.35,3342.95
2025.05.08 08:00,3342.94,3346.71,3330.42,3344.32
2025.05.08 12:00,3344.31,3369.38,3326.66,3330.76
2025.05.08 16:00,3330.68,3330.68,3288.71,3306.42
2025.05.08 20:00,3306.35,3324.01,3303.62,3316.34
2025.05.09 00:00,3316.34,3323.03,3274.66,3308.11
2025.05.09 04:00,3308.20,3332.27,3308.16,3327.24
2025.05.09 08:00,3327.31,3338.36,3320.27,3333.04
2025.05.09 12:00,3333.04,3346.12,3320.33,3345.08
2025.05.09 16:00,3345.27,3347.56,3325.48,3328.78
2025.05.09 20:00,3328.83,3330.32,3324.10,3324.66
2025.05.11 20:00,3272.57,3289.00,3265.89,3287.52
2025.05.12 00:00,3287.58,3289.95,3258.94,3283.32
2025.05.12 04:00,3283.32,3283.63,3216.13,3222.92
2025.05.12 08:00,3222.86,3234.40,3207.76,3224.87
2025.05.12 12:00,3224.70,3248.72,3220.41,3239.39
2025.05.12 16:00,3239.27,3240.08,3220.36,3235.49
2025.05.12 20:00,3235.43,3240.07,3232.55,3236.86
2025.05.13 00:00,3236.84,3243.34,3215.86,3236.73
2025.05.13 04:00,3236.73,3265.66,3234.96,3259.02
2025.05.13 08:00,3259.12,3261.13,3248.71,3249.16
2025.05.13 12:00,3249.16,3255.90,3225.46,3253.48
2025.05.13 16:00,3253.34,3257.89,3242.08,3249.32
2025.05.13 20:00,3249.28,3257.09,3248.04,3254.30
2025.05.14 00:00,3254.30,3254.58,3226.20,3228.41
2025.05.14 04:00,3228.41,3238.82,3221.81,3238.07
2025.05.14 08:00,3237.85,3243.57,3219.51,3220.16
2025.05.14 12:00,3220.17,3222.49,3174.91,3182.62
2025.05.14 16:00,3182.62,3190.91,3168.02,3180.66
2025.05.14 20:00,3180.61,3187.26,3176.67,3186.13
2025.05.15 00:00,3186.08,3192.68,3148.32,3150.60
2025.05.15 04:00,3150.44,3153.90,3120.92,3142.33
2025.05.15 08:00,3142.18,3180.18,3139.14,3179.20
2025.05.15 12:00,3179.19,3220.05,3177.57,3219.81
2025.05.15 16:00,3219.84,3232.70,3215.92,3231.88
2025.05.15 20:00,3231.98,3251.20,3231.07,3237.13
2025.05.16 00:00,3237.13,3244.44,3206.47,3211.93
2025.05.16 04:00,3211.73,3231.18,3205.20,3207.58
2025.05.16 08:00,3207.56,3212.90,3154.28,3163.10
2025.05.16 12:00,3163.10,3188.08,3154.85,3183.55
2025.05.16 16:00,3182.98,3195.76,3180.53,3192.61
2025.05.16 20:00,3192.59,3204.84,3192.17,3202.86
2025.05.18 20:00,3239.05,3245.21,3226.68,3234.82
2025.05.19 00:00,3234.83,3249.77,3208.21,3212.22
2025.05.19 04:00,3212.22,3234.54,3206.63,3232.44
2025.05.19 08:00,3232.41,3248.50,3230.03,3243.86
2025.05.19 12:00,3243.86,3244.45,3217.17,3231.60
2025.05.19 16:00,3231.61,3235.83,3225.34,3233.03
2025.05.19 20:00,3233.09,3233.71,3218.98,3222.46
2025.05.20 00:00,3222.97,3232.79,3204.62,3211.51
2025.05.20 04:00,3211.43,3225.41,3207.99,3222.83
2025.05.20 08:00,3222.83,3241.62,3218.27,3241.28
2025.05.20 12:00,3241.29,3285.77,3233.09,3277.32
2025.05.20 16:00,3277.26,3295.13,3275.20,3294.10
2025.05.20 20:00,3294.10,3296.81,3288.62,3290.69
2025.05.21 00:00,3290.65,3314.55,3285.54,3307.52
2025.05.21 04:00,3307.51,3320.62,3298.35,3309.98
2025.05.21 08:00,3309.87,3318.32,3303.95,3311.23
2025.05.21 12:00,3311.22,3315.26,3290.96,3311.95
2025.05.21 16:00,3311.98,3324.86,3302.72,3318.34
2025.05.21 20:00,3318.28,3324.18,3313.17,3320.10
2025.05.22 00:00,3320.10,3345.44,3319.43,3335.36
2025.05.22 04:00,3335.35,3339.36,3322.58,3327.63
2025.05.22 08:00,3327.63,3329.94,3283.04,3314.57
2025.05.22 12:00,3314.48,3315.74,3279.65,3294.61
2025.05.22 16:00,3294.59,3304.94,3289.08,3290.24
2025.05.22 20:00,3290.19,3302.04,3289.56,3299.97
2025.05.23 00:00,3300.00,3308.92,3287.09,3302.08
2025.05.23 04:00,3302.04,3334.35,3301.96,3329.25
2025.05.23 08:00,3329.27,3349.71,3322.63,3348.03
2025.05.23 12:00,3348.10,3364.70,3336.56,3361.74
2025.05.23 16:00,3361.68,3365.95,3356.34,3360.68
2025.05.23 20:00,3360.71,3361.72,3355.16,3357.21
2025.05.25 20:00,3344.52,3350.68,3341.33,3342.63
2025.05.26 00:00,3342.65,3356.73,3331.41,3347.66
2025.05.26 04:00,3347.64,3351.80,3332.18,3337.38
2025.05.26 08:00,3337.45,3339.65,3323.68,3333.20
2025.05.26 12:00,3333.20,3341.71,3326.34,3337.91
2025.05.26 16:00,3337.96,3343.63,3337.55,3342.39
2025.05.26 20:00,3347.64,3348.55,3344.39,3346.20
2025.05.27 00:00,3346.20,3349.93,3331.93,3341.20
2025.05.27 04:00,3341.20,3341.53,3292.60,3297.10
2025.05.27 08:00,3296.31,3310.39,3287.79,3288.33
2025.05.27 12:00,3288.44,3304.84,3285.76,3293.55
2025.05.27 16:00,3293.68,3307.97,3293.05,3304.49
2025.05.27 20:00,3304.36,3310.86,3299.47,3309.37
2025.05.28 00:00,3309.44,3315.81,3291.66,3297.75
2025.05.28 04:00,3297.76,3322.39,3294.38,3319.14
2025.05.28 08:00,3319.16,3325.48,3307.48,3311.27
2025.05.28 12:00,3311.21,3316.34,3292.61,3296.06
2025.05.28 16:00,3296.07,3302.93,3288.58,3296.96
2025.05.28 20:00,3296.92,3297.30,3250.38,3259.71
2025.05.29 00:00,3259.73,3280.21,3245.53,3274.60
2025.05.29 04:00,3274.51,3287.44,3266.10,3286.61
2025.05.29 08:00,3286.44,3305.49,3276.24,3299.74
2025.05.29 12:00,3299.73,3321.92,3298.73,3321.59
2025.05.29 16:00,3321.65,3330.69,3315.51,3316.63
2025.05.29 20:00,3316.58,3318.12,3312.86,3315.63
2025.05.30 00:00,3315.79,3322.76,3291.24,3294.49
2025.05.30 04:00,3294.49,3304.97,3287.53,3295.04
2025.05.30 08:00,3294.66,3300.58,3288.58,3293.98
2025.05.30 12:00,3293.98,3308.29,3271.54,3288.61
2025.05.30 16:00,3288.61,3295.79,3283.97,3294.90
2025.05.30 20:00,3295.01,3295.83,3288.59,3289.07
2025.06.01 20:00,3313.12,3316.69,3309.22,3310.19
2025.06.02 00:00,3310.13,3315.01,3301.48,3308.71
2025.06.02 04:00,3308.71,3358.98,3308.71,3352.52
2025.06.02 08:00,3352.52,3360.14,3344.53,3356.29
2025.06.02 12:00,3356.26,3378.90,3350.39,3374.26
2025.06.02 16:00,3374.31,3382.31,3369.25,3381.53
2025.06.02 20:00,3381.53,3392.13,3378.39,3387.43
2025.06.03 00:00,3387.40,3388.64,3359.76,3360.94
2025.06.03 04:00,3361.03,3367.80,3351.22,3359.60
2025.06.03 08:00,3359.60,3364.83,3353.30,3359.23
2025.06.03 12:00,3359.29,3363.06,3333.14,3350.31
2025.06.03 16:00,3350.33,3355.48,3344.67,3352.60
2025.06.03 20:00,3352.58,3361.65,3352.57,3359.90
2025.06.04 00:00,3359.94,3372.54,3346.42,3359.17
2025.06.04 04:00,3359.16,3365.23,3348.00,3354.69
2025.06.04 08:00,3354.67,3365.11,3343.75,3346.62
2025.06.04 12:00,3346.59,3384.71,3344.48,3371.71
2025.06.04 16:00,3371.90,3382.10,3370.87,3373.58
2025.06.04 20:00,3373.53,3379.01,3370.72,3378.10
2025.06.05 00:00,3378.12,3384.18,3367.91,3369.72
2025.06.05 04:00,3369.69,3374.47,3361.18,3371.28
2025.06.05 08:00,3371.45,3403.51,3369.81,3392.26
2025.06.05 12:00,3392.25,3400.14,3339.50,3344.80
2025.06.05 16:00,3344.32,3361.39,3339.97,3357.92
2025.06.05 20:00,3357.92,3362.64,3351.77,3361.86
2025.06.06 00:00,3361.86,3371.89,3356.12,3369.66
2025.06.06 04:00,3369.66,3375.56,3352.72,3359.46
2025.06.06 08:00,3359.46,3367.76,3352.84,3358.31
2025.06.06 12:00,3358.48,3364.28,3316.61,3332.21
2025.06.06 16:00,3332.21,3332.72,3311.28,3312.34
2025.06.06 20:00,3312.35,3312.81,3307.13,3309.22
2025.06.08 20:00,3314.78,3318.52,3313.32,3318.04
2025.06.09 00:00,3318.04,3318.67,3293.46,3310.78
2025.06.09 04:00,3310.78,3328.53,3309.22,3324.18
2025.06.09 08:00,3324.18,3325.65,3312.15,3317.44
2025.06.09 12:00,3317.52,3332.14,3310.74,3328.65
2025.06.09 16:00,3328.61,3338.22,3325.91,3327.12
2025.06.09 20:00,3327.24,3329.57,3323.67,3326.79
2025.06.10 00:00,3326.79,3326.79,3301.79,3307.52
2025.06.10 04:00,3307.52,3332.16,3302.87,3330.16
2025.06.10 08:00,3330.26,3342.55,3326.16,3333.72
2025.06.10 12:00,3333.70,3349.14,3323.19,3326.66
2025.06.10 16:00,3326.66,3334.54,3319.42,3328.69
2025.06.10 20:00,3328.70,3328.90,3315.49,3327.99
2025.06.11 00:00,3328.05,3341.69,3325.09,3339.36
2025.06.11 04:00,3339.36,3348.64,3332.46,3345.71
2025.06.11 08:00,3345.71,3346.76,3326.01,3333.10
2025.06.11 12:00,3333.10,3360.69,3327.34,3333.21
2025.06.11 16:00,3333.21,3349.32,3319.33,3346.82
2025.06.11 20:00,3346.82,3373.34,3346.58,3365.51
2025.06.12 00:00,3365.51,3377.78,3362.21,3373.39
2025.06.12 04:00,3373.39,3375.81,3338.77,3346.25
2025.06.12 08:00,3346.22,3388.62,3346.22,3379.28
2025.06.12 12:00,3379.27,3398.93,3376.47,3385.78
2025.06.12 16:00,3385.89,3391.29,3378.09,3388.22
2025.06.12 20:00,3388.16,3396.32,3382.70,3395.94
2025.06.13 00:00,3395.85,3444.50,3391.75,3425.56
2025.06.13 04:00,3425.56,3430.29,3407.99,3414.95
2025.06.13 08:00,3414.94,3427.72,3411.57,3422.22
2025.06.13 12:00,3422.33,3446.79,3420.93,3426.24
2025.06.13 16:00,3426.24,3439.53,3419.24,3432.34
2025.06.13 20:00,3432.50,3434.57,3429.03,3432.85
2025.06.15 20:00,3448.37,3450.07,3439.53,3444.18
2025.06.16 00:00,3444.31,3451.24,3429.23,3431.59
2025.06.16 04:00,3431.56,3433.28,3409.51,3412.64
2025.06.16 08:00,3412.70,3422.62,3409.76,3414.97
2025.06.16 12:00,3415.11,3417.97,3383.49,3404.55
2025.06.16 16:00,3404.49,3404.92,3382.79,3384.12
2025.06.16 20:00,3384.11,3402.91,3383.22,3402.84
2025.06.17 00:00,3402.84,3403.26,3373.27,3387.57
2025.06.17 04:00,3387.57,3396.14,3381.13,3387.78
2025.06.17 08:00,3387.85,3400.07,3375.79,3388.57
2025.06.17 12:00,3388.55,3397.40,3366.23,3379.33
2025.06.17 16:00,3379.33,3392.45,3376.68,3385.69
2025.06.17 20:00,3385.73,3390.34,3383.61,3387.37
2025.06.18 00:00,3387.37,3391.53,3370.60,3391.01
2025.06.18 04:00,3391.02,3400.02,3377.09,3385.94
2025.06.18 08:00,3385.94,3388.38,3375.52,3382.10
2025.06.18 12:00,3382.02,3396.79,3373.86,3392.73
2025.06.18 16:00,3392.77,3395.71,3362.90,3366.78
2025.06.18 20:00,3366.78,3376.96,3362.64,3375.08
2025.06.19 00:00,3375.11,3387.96,3369.68,3373.64
2025.06.19 04:00,3373.64,3375.26,3347.60,3365.98
2025.06.19 08:00,3365.94,3378.45,3362.29,3371.99
2025.06.19 12:00,3371.99,3372.94,3361.46,3369.15
2025.06.19 16:00,3369.19,3375.39,3365.94,3370.68
2025.06.19 20:00,3365.79,3370.45,3363.62,3368.81
2025.06.20 00:00,3368.80,3370.32,3344.62,3355.51
2025.06.20 04:00,3355.51,3357.70,3340.36,3347.68
2025.06.20 08:00,3347.68,3359.26,3346.69,3347.01
2025.06.20 12:00,3347.01,3374.48,3341.93,3369.82
2025.06.20 16:00,3369.82,3373.34,3364.64,3365.56
2025.06.20 20:00,3365.49,3369.20,3364.72,3368.04
2025.06.22 20:00,3379.10,3380.36,3371.35,3372.78
2025.06.23 00:00,3372.78,3373.53,3351.99,3363.38
2025.06.23 04:00,3363.38,3365.00,3347.00,3357.58
2025.06.23 08:00,3357.89,3382.01,3357.89,3380.70
2025.06.23 12:00,3380.76,3389.85,3355.93,3387.21
2025.06.23 16:00,3387.17,3393.43,3375.56,3376.37
2025.06.23 20:00,3376.19,3377.29,3342.59,3344.35
2025.06.24 00:00,3344.32,3357.85,3333.16,3352.51
2025.06.24 04:00,3352.48,3353.35,3316.07,3329.72
2025.06.24 08:00,3329.63,3332.45,3317.89,3321.17
2025.06.24 12:00,3320.75,3320.96,3295.42,3313.22
2025.06.24 16:00,3313.27,3325.25,3311.30,3323.60
2025.06.24 20:00,3323.59,3324.84,3321.30,3324.20
2025.06.25 00:00,3323.91,3335.25,3323.61,3328.37
2025.06.25 04:00,3328.37,3337.16,3325.83,3330.64
2025.06.25 08:00,3330.65,3332.42,3321.46,3322.65
2025.06.25 12:00,3322.64,3329.48,3311.92,3325.60
2025.06.25 16:00,3325.81,3336.07,3324.13,3333.66
2025.06.25 20:00,3333.66,3339.96,3331.31,3339.01
2025.06.26 00:00,3339.01,3343.18,3329.13,3337.98
2025.06.26 04:00,3337.96,3347.18,3330.94,3346.07
2025.06.26 08:00,3346.04,3350.24,3331.53,3332.91
2025.06.26 12:00,3332.91,3344.12,3309.91,3324.85
2025.06.26 16:00,3324.92,3336.43,3323.76,3331.28
2025.06.26 20:00,3331.29,3332.31,3316.22,3318.67
2025.06.27 00:00,3318.67,3322.05,3292.56,3294.35
2025.06.27 04:00,3294.35,3300.94,3283.50,3284.35
2025.06.27 08:00,3284.49,3291.10,3276.10,3281.39
2025.06.27 12:00,3281.35,3282.31,3256.10,3274.60
2025.06.27 16:00,3274.57,3282.82,3268.36,3270.57
2025.06.27 20:00,3270.58,3275.50,3270.34,3273.64
2025.06.29 20:00,3263.78,3270.82,3262.83,3263.90
2025.06.30 00:00,3263.58,3283.29,3259.46,3278.95
2025.06.30 04:00,3278.97,3296.80,3277.00,3292.96
2025.06.30 08:00,3292.86,3296.47,3274.60,3277.93
2025.06.30 12:00,3278.34,3290.74,3277.98,3289.64
2025.06.30 16:00,3289.79,3309.48,3289.18,3308.59
2025.06.30 20:00,3308.64,3312.49,3302.01,3312.47
2025.07.01 00:00,3312.38,3322.63,3309.85,3321.09
2025.07.01 04:00,3321.09,3339.89,3318.92,3339.52
2025.07.01 08:00,3339.42,3353.00,3336.79,3348.99
2025.07.01 12:00,3349.08,3357.91,3336.98,3340.27
2025.07.01 16:00,3340.26,3343.54,3336.84,3338.05
2025.07.01 20:00,3338.10,3341.84,3336.70,3338.06
2025.07.02 00:00,3338.23,3344.98,3328.59,3339.92
2025.07.02 04:00,3339.92,3343.78,3327.57,3334.72
2025.07.02 08:00,3334.77,3347.74,3332.96,3342.27
2025.07.02 12:00,3342.27,3351.13,3333.90,3340.98
2025.07.02 16:00,3341.05,3359.49,3340.99,3358.19
2025.07.02 20:00,3358.19,3362.23,3348.83,3349.28
2025.07.03 00:00,3349.58,3351.50,3341.90,3347.48
2025.07.03 04:00,3347.49,3363.72,3347.39,3353.03
2025.07.03 08:00,3353.06,3358.36,3343.04,3346.07
2025.07.03 12:00,3345.84,3352.29,3311.57,3328.04
2025.07.03 16:00,3328.11,3334.79,3325.66,3328.76
2025.07.03 20:00,3328.75,3332.00,3325.13,3330.82
2025.07.04 00:00,3330.76,3338.87,3325.78,3338.35
2025.07.04 04:00,3338.35,3345.10,3336.38,3342.93
2025.07.04 08:00,3342.93,3344.17,3331.53,3334.71
2025.07.04 12:00,3334.71,3338.01,3330.80,3332.40
2025.07.04 16:00,3332.44,3337.41,3332.28,3337.03
2025.07.06 20:00,3333.60,3334.54,3326.25,3328.82
2025.07.07 00:00,3328.87,3329.67,3305.98,3310.95
2025.07.07 04:00,3310.95,3315.23,3300.65,3302.22
2025.07.07 08:00,3302.16,3312.80,3296.44,3301.86
2025.07.07 12:00,3301.79,3321.99,3300.55,3320.90
2025.07.07 16:00,3320.89,3340.39,3320.12,3337.01
2025.07.07 20:00,3337.07,3340.05,3333.83,3334.56
2025.07.08 00:00,3334.69,3338.06,3329.57,3331.49
2025.07.08 04:00,3331.33,3339.51,3327.34,3333.93
2025.07.08 08:00,3333.84,3333.84,3320.02,3324.90
2025.07.08 12:00,3324.90,3329.86,3287.12,3298.25
2025.07.08 16:00,3298.23,3310.34,3295.87,3302.88
2025.07.08 20:00,3302.91,3303.96,3297.24,3302.28
2025.07.09 00:00,3302.28,3307.95,3284.93,3293.28
2025.07.09 04:00,3293.28,3297.73,3285.63,3291.96
2025.07.09 08:00,3291.94,3295.92,3282.71,3284.90
2025.07.09 12:00,3284.89,3312.93,3284.89,3309.70
2025.07.09 16:00,3309.59,3316.84,3307.92,3315.66
2025.07.09 20:00,3315.65,3319.72,3311.58,3317.57
2025.07.10 00:00,3317.62,3326.32,3315.38,3315.77
2025.07.10 04:00,3315.77,3329.45,3314.87,3321.11
2025.07.10 08:00,3321.17,3330.29,3318.29,3320.43
2025.07.10 12:00,3320.46,3329.40,3310.15,3319.66
2025.07.10 16:00,3319.67,3325.91,3312.16,3324.84
2025.07.10 20:00,3324.84,3326.37,3323.04,3323.74
2025.07.11 00:00,3323.63,3336.15,3323.52,3333.74
2025.07.11 04:00,3333.74,3343.88,3329.69,3341.95
2025.07.11 08:00,3341.93,3350.26,3332.82,3347.50
2025.07.11 12:00,3347.49,3368.69,3344.24,3358.88
2025.07.11 16:00,3358.89,3359.76,3349.26,3356.35
2025.07.11 20:00,3356.37,3358.10,3353.52,3354.90
2025.07.13 20:00,3369.41,3374.02,3366.29,3367.75
2025.07.14 00:00,3367.56,3373.26,3353.82,3357.00
2025.07.14 04:00,3357.00,3374.96,3353.78,3371.93
2025.07.14 08:00,3371.88,3374.64,3363.91,3364.12
2025.07.14 12:00,3364.12,3366.59,3341.01,3345.11
2025.07.14 16:00,3345.13,3351.74,3343.09,3344.10
2025.07.14 20:00,3344.20,3346.50,3341.06,3345.31
2025.07.15 00:00,3345.31,3358.28,3344.77,3357.87
2025.07.15 04:00,3357.88,3365.16,3357.43,3364.34
2025.07.15 08:00,3364.28,3366.36,3354.18,3354.90
2025.07.15 12:00,3354.88,3360.38,3325.39,3328.97
2025.07.15 16:00,3328.93,3331.92,3320.22,3330.45
2025.07.15 20:00,3330.44,3331.77,3323.95,3331.02
2025.07.16 00:00,3331.02,3335.10,3325.04,3334.35
2025.07.16 04:00,3334.40,3342.02,3332.80,3337.88
2025.07.16 08:00,3337.98,3342.97,3333.77,3339.29
2025.07.16 12:00,3339.29,3377.33,3319.60,3344.03
2025.07.16 16:00,3343.72,3357.41,3339.18,3347.12
2025.07.16 20:00,3347.14,3350.18,3345.29,3346.47
2025.07.17 00:00,3346.40,3347.33,3336.29,3341.49
2025.07.17 04:00,3341.48,3344.72,3325.17,3325.83
2025.07.17 08:00,3325.83,3332.44,3322.31,3324.25
2025.07.17 12:00,3324.25,3338.45,3309.74,3336.75
2025.07.17 16:00,3336.75,3341.05,3335.48,3339.69
2025.07.17 20:00,3339.70,3343.40,3337.06,3340.22
2025.07.18 00:00,3340.26,3344.25,3334.09,3334.60
2025.07.18 04:00,3334.60,3350.10,3331.83,3349.82
2025.07.18 08:00,3349.82,3357.69,3346.22,3354.30
2025.07.18 12:00,3354.30,3361.24,3351.21,3353.70
2025.07.18 16:00,3353.70,3357.47,3347.63,3348.23
2025.07.18 20:00,3348.24,3351.73,3347.75,3349.70
2025.07.20 20:00,3347.63,3349.42,3345.45,3349.13
2025.07.21 00:00,3349.13,3358.58,3347.68,3351.25
2025.07.21 04:00,3351.25,3370.76,3350.66,3364.76
2025.07.21 08:00,3364.73,3375.62,3362.78,3375.38
2025.07.21 12:00,3375.32,3401.46,3374.56,3397.96
2025.07.21 16:00,3397.96,3399.74,3391.46,3398.83
2025.07.21 20:00,3398.97,3402.65,3393.23,3396.49
2025.07.22 00:00,3396.51,3397.61,3385.13,3392.54
2025.07.22 04:00,3392.47,3392.50,3383.33,3387.59
2025.07.22 08:00,3387.50,3391.71,3384.62,3391.44
2025.07.22 12:00,3391.42,3430.56,3391.12,3426.53
2025.07.22 16:00,3426.53,3433.41,3426.29,3431.63
2025.07.22 20:00,3431.58,3433.15,3426.26,3427.43
2025.07.23 00:00,3427.41,3438.88,3419.23,3423.00
2025.07.23 04:00,3423.03,3429.67,3416.36,3420.74
2025.07.23 08:00,3420.79,3433.81,3420.41,3428.20
2025.07.23 12:00,3428.20,3429.92,3398.20,3398.20
2025.07.23 16:00,3398.19,3398.19,3381.53,3390.10
2025.07.23 20:00,3390.13,3391.58,3385.89,3390.03
2025.07.24 00:00,3390.14,3393.34,3374.67,3383.78
2025.07.24 04:00,3383.78,3385.35,3366.02,3367.67
2025.07.24 08:00,3367.82,3374.66,3361.26,3362.22
2025.07.24 12:00,3362.17,3377.37,3351.40,3372.58
2025.07.24 16:00,3372.58,3373.78,3366.33,3370.44
2025.07.24 20:00,3370.45,3371.40,3366.74,3369.43
2025.07.25 00:00,3369.43,3373.47,3358.87,3359.12
2025.07.25 04:00,3359.02,3363.48,3352.71,3354.09
2025.07.25 08:00,3354.09,3355.35,3338.67,3341.11
2025.07.25 12:00,3341.05,3347.58,3325.02,3327.82
2025.07.25 16:00,3327.81,3340.27,3326.25,3337.68
2025.07.25 20:00,3337.83,3339.19,3335.57,3336.45
2025.07.27 20:00,3329.54,3337.42,3329.38,3333.63
2025.07.28 00:00,3333.63,3343.27,3327.65,3343.27
2025.07.28 04:00,3343.14,3345.33,3333.96,3335.00
2025.07.28 08:00,3334.86,3340.78,3332.31,3336.48
2025.07.28 12:00,3336.48,3338.35,3301.80,3314.75
2025.07.28 16:00,3314.75,3318.87,3308.77,3317.14
2025.07.28 20:00,3317.04,3318.50,3310.46,3312.57
2025.07.29 00:00,3312.57,3320.88,3307.99,3312.59
2025.07.29 04:00,3312.59,3322.34,3309.03,3317.10
2025.07.29 08:00,3317.10,3329.88,3314.98,3315.24
2025.07.29 12:00,3315.30,3334.14,3311.98,3320.63
2025.07.29 16:00,3320.65,3330.83,3319.08,3325.08
2025.07.29 20:00,3325.06,3328.27,3324.73,3327.56
2025.07.30 00:00,3327.56,3333.67,3321.80,3328.39
2025.07.30 04:00,3328.39,3332.18,3323.12,3327.76
2025.07.30 08:00,3328.12,3334.01,3324.02,3330.84
2025.07.30 12:00,3330.84,3331.83,3288.67,3290.40
2025.07.30 16:00,3290.42,3304.89,3268.08,3269.35
2025.07.30 20:00,3269.30,3285.78,3268.84,3285.33
2025.07.31 00:00,3285.30,3298.59,3282.72,3295.04
2025.07.31 04:00,3294.96,3309.70,3293.69,3303.37
2025.07.31 08:00,3304.51,3314.80,3293.78,3306.19
2025.07.31 12:00,3306.22,3311.13,3291.33,3295.58
2025.07.31 16:00,3295.54,3298.46,3289.68,3290.98
2025.07.31 20:00,3291.00,3295.09,3288.07,3288.59
2025.08.01 00:00,3288.57,3297.10,3281.63,3291.37
2025.08.01 04:00,3291.37,3300.42,3285.23,3286.85
2025.08.01 08:00,3286.85,3303.10,3285.44,3300.36
2025.08.01 12:00,3300.43,3355.14,3297.46,3348.59
2025.08.01 16:00,3348.59,3361.28,3340.56,3357.24
2025.08.01 20:00,3357.27,3363.26,3357.05,3362.63
2025.08.03 20:00,3359.26,3361.98,3354.52,3361.91
2025.08.04 00:00,3361.96,3362.30,3345.00,3360.31
2025.08.04 04:00,3360.29,3362.67,3351.75,3355.81
2025.08.04 08:00,3355.98,3370.72,3353.01,3370.33
2025.08.04 12:00,3370.33,3385.42,3360.95,3374.32
2025.08.04 16:00,3374.32,3378.21,3370.58,3376.01
2025.08.04 20:00,3375.95,3379.68,3373.13,3377.41
2025.08.05 00:00,3377.44,3382.39,3372.07,3372.11
2025.08.05 04:00,3372.05,3375.53,3365.77,3373.71
2025.08.05 08:00,3373.65,3374.66,3349.94,3351.36
2025.08.05 12:00,3351.36,3390.07,3349.91,3389.53
2025.08.05 16:00,3389.53,3390.41,3376.95,3378.98
2025.08.05 20:00,3379.03,3383.93,3378.35,3383.25
2025.08.06 00:00,3383.15,3385.28,3373.13,3374.58
2025.08.06 04:00,3374.58,3378.58,3369.07,3373.58
2025.08.06 08:00,3373.44,3374.75,3357.73,3365.20
2025.08.06 12:00,3365.20,3379.93,3360.22,3377.47
2025.08.06 16:00,3377.46,3379.47,3369.07,3371.68
2025.08.06 20:00,3371.67,3372.17,3367.04,3370.25
2025.08.07 00:00,3370.21,3384.05,3365.27,3379.76
2025.08.07 04:00,3379.78,3397.02,3371.66,3396.21
2025.08.07 08:00,3396.54,3396.60,3371.80,3378.24
2025.08.07 12:00,3378.32,3393.85,3375.18,3390.11
2025.08.07 16:00,3390.11,3400.70,3384.37,3399.79
2025.08.07 20:00,3399.76,3406.40,3391.94,3400.54
2025.08.08 00:00,3400.53,3402.27,3381.15,3395.86
2025.08.08 04:00,3395.86,3404.31,3388.81,3402.08
2025.08.08 08:00,3402.11,3402.63,3380.62,3386.09
2025.08.08 12:00,3386.09,3401.72,3380.65,3395.34
2025.08.08 16:00,3395.34,3403.52,3381.94,3398.57
2025.08.08 20:00,3398.59,3399.01,3392.14,3397.06
2025.08.10 20:00,3395.33,3396.98,3390.12,3391.43
2025.08.11 00:00,3391.45,3391.59,3367.59,3378.24
2025.08.11 04:00,3378.35,3380.07,3357.03,3360.20
2025.08.11 08:00,3360.26,3365.86,3349.94,3355.30
2025.08.11 12:00,3355.13,3362.87,3341.50,3349.44
2025.08.11 16:00,3349.43,3358.89,3341.27,3351.60
2025.08.11 20:00,3351.55,3351.77,3341.68,3348.98
2025.08.12 00:00,3349.03,3357.45,3346.20,3349.34
2025.08.12 04:00,3349.31,3358.12,3342.30,3355.65
2025.08.12 08:00,3355.65,3355.84,3336.11,3347.53
2025.08.12 12:00,3347.54,3359.04,3331.09,3349.84
2025.08.12 16:00,3349.85,3351.22,3345.57,3347.51
2025.08.12 20:00,3347.53,3352.08,3346.00,3350.60
2025.08.13 00:00,3350.60,3354.30,3342.64,3349.58
2025.08.13 04:00,3349.58,3360.95,3345.67,3354.65
2025.08.13 08:00,3354.52,3367.07,3352.83,3362.35
2025.08.13 12:00,3362.41,3370.81,3354.27,3357.74
2025.08.13 16:00,3357.83,3360.93,3349.93,3357.83
2025.08.13 20:00,3357.80,3363.46,3355.38,3362.76
2025.08.14 00:00,3362.77,3374.79,3355.57,3360.40
2025.08.14 04:00,3360.71,3366.37,3343.60,3346.03
2025.08.14 08:00,3345.81,3359.12,3341.46,3355.45
2025.08.14 12:00,3355.51,3358.38,3334.25,3341.80
2025.08.14 16:00,3341.74,3342.10,3329.79,3338.01
2025.08.14 20:00,3337.97,3338.53,3332.21,3335.57
2025.08.15 00:00,3335.57,3344.81,3332.42,3343.40
2025.08.15 04:00,3343.35,3348.74,3340.11,3346.23
2025.08.15 08:00,3346.23,3348.29,3336.25,3342.34
2025.08.15 12:00,3342.34,3345.98,3332.95,3342.31
2025.08.15 16:00,3342.31,3342.44,3334.38,3339.15
2025.08.15 20:00,3338.99,3339.39,3334.88,3335.39
2025.08.17 20:00,3334.32,3334.44,3323.53,3327.11
2025.08.18 00:00,3327.11,3351.80,3326.78,3347.04
2025.08.18 04:00,3347.05,3358.38,3346.15,3349.04
2025.08.18 08:00,3349.01,3351.67,3344.55,3345.45
2025.08.18 12:00,3345.55,3348.81,3332.25,3335.63
2025.08.18 16:00,3335.66,3335.87,3330.24,3333.52
2025.08.18 20:00,3333.56,3334.66,3330.52,3330.97
2025.08.19 00:00,3330.97,3341.62,3326.06,3337.81
2025.08.19 04:00,3337.81,3341.81,3334.44,3340.73
2025.08.19 08:00,3340.74,3345.30,3336.51,3339.76
2025.08.19 12:00,3339.76,3340.56,3320.92,3322.63
2025.08.19 16:00,3322.61,3324.41,3314.97,3315.87
2025.08.19 20:00,3315.83,3317.49,3312.83,3314.30
2025.08.20 00:00,3314.16,3318.54,3311.48,3317.55
2025.08.20 04:00,3317.55,3327.50,3317.22,3324.88
2025.08.20 08:00,3324.77,3332.88,3320.93,3332.34
2025.08.20 12:00,3332.39,3350.21,3332.15,3340.73
2025.08.20 16:00,3340.74,3349.29,3340.74,3348.73
2025.08.20 20:00,3348.54,3349.63,3346.37,3346.95
2025.08.21 00:00,3346.95,3346.95,3339.70,3339.94
2025.08.21 04:00,3339.80,3341.50,3334.29,3339.70
2025.08.21 08:00,3339.78,3342.19,3325.28,3333.61
2025.08.21 12:00,3333.69,3348.10,3333.69,3343.64
2025.08.21 16:00,3343.62,3343.93,3336.60,3338.79
2025.08.21 20:00,3338.84,3339.52,3337.37,3338.36
2025.08.22 00:00,3338.38,3340.26,3331.76,3331.97
2025.08.22 04:00,3331.97,3335.10,3325.72,3327.48
2025.08.22 08:00,3327.48,3331.73,3325.34,3329.37
2025.08.22 12:00,3329.37,3378.78,3321.44,3367.88
2025.08.22 16:00,3367.81,3375.52,3367.81,3373.12
2025.08.22 20:00,3373.19,3373.57,3370.16,3371.53
2025.08.24 20:00,3367.26,3371.00,3366.40,3369.05
2025.08.25 00:00,3369.05,3369.62,3359.79,3367.30
2025.08.25 04:00,3367.30,3369.84,3363.07,3366.22
2025.08.25 08:00,3366.32,3371.49,3362.03,3370.57
2025.08.25 12:00,3370.57,3376.27,3362.16,3374.08
2025.08.25 16:00,3374.10,3374.85,3365.21,3365.43
2025.08.25 20:00,3365.44,3366.03,3351.66,3354.84
2025.08.26 00:00,3354.93,3386.56,3351.33,3372.23
2025.08.26 04:00,3372.19,3379.17,3367.29,3376.82
2025.08.26 08:00,3376.78,3380.40,3367.27,3377.55
2025.08.26 12:00,3377.60,3389.42,3370.35,3386.70
2025.08.26 16:00,3386.68,3390.77,3380.27,3389.71
2025.08.26 20:00,3389.68,3393.45,3389.18,3390.89
2025.08.27 00:00,3390.80,3393.48,3380.53,3380.59
2025.08.27 04:00,3380.59,3381.93,3373.81,3381.52
2025.08.27 08:00,3381.52,3385.49,3373.92,3376.84
2025.08.27 12:00,3376.82,3390.37,3374.28,3388.01
2025.08.27 16:00,3388.00,3398.84,3387.52,3396.17
2025.08.27 20:00,3396.11,3399.33,3394.14,3395.71
2025.08.28 00:00,3395.70,3398.04,3384.55,3390.17
2025.08.28 04:00,3390.16,3397.62,3387.64,3395.81
2025.08.28 08:00,3395.54,3407.68,3393.80,3404.05
2025.08.28 12:00,3404.03,3413.48,3394.45,3410.96
2025.08.28 16:00,3410.97,3423.09,3409.93,3421.96
2025.08.28 20:00,3421.97,3422.23,3414.78,3414.80
2025.08.29 00:00,3414.77,3417.88,3407.89,3410.84
2025.08.29 04:00,3410.81,3412.69,3406.51,3412.22
2025.08.29 08:00,3412.22,3414.81,3404.36,3410.75
2025.08.29 12:00,3410.75,3447.68,3406.73,3445.50
2025.08.29 16:00,3445.47,3453.86,3441.06,3452.66
2025.08.29 20:00,3452.67,3452.74,3445.80,3447.58
2025.08.31 20:00,3450.24,3450.87,3444.77,3447.99
2025.09.01 00:00,3447.84,3486.10,3437.09,3474.55
2025.09.01 04:00,3474.69,3489.90,3467.73,3477.86
2025.09.01 08:00,3477.86,3479.84,3466.38,3470.05
2025.09.01 12:00,3470.03,3481.28,3467.20,3474.11
2025.09.01 16:00,3474.11,3478.95,3472.30,3475.75
2025.09.01 20:00,3475.60,3481.40,3474.61,3479.30
2025.09.02 00:00,3479.19,3508.28,3476.93,3495.15
2025.09.02 04:00,3495.12,3498.29,3472.12,3476.90
2025.09.02 08:00,3476.92,3490.08,3470.26,3489.76
2025.09.02 12:00,3489.80,3520.44,3474.42,3520.44
2025.09.02 16:00,3520.45,3540.02,3518.16,3536.96
2025.09.02 20:00,3537.01,3537.69,3526.33,3529.90
2025.09.03 00:00,3529.87,3546.64,3528.03,3530.82
2025.09.03 04:00,3530.83,3538.27,3526.92,3533.92
2025.09.03 08:00,3533.92,3549.63,3532.36,3547.61
2025.09.03 12:00,3547.62,3567.29,3541.42,3563.94
2025.09.03 16:00,3563.94,3578.41,3561.26,3563.59
2025.09.03 20:00,3563.56,3565.98,3554.38,3560.35
2025.09.04 00:00,3560.45,3563.25,3511.64,3529.05
2025.09.04 04:00,3528.93,3541.67,3524.24,3541.13
2025.09.04 08:00,3541.13,3549.88,3536.60,3545.56
2025.09.04 12:00,3545.56,3558.73,3535.10,3552.82
2025.09.04 16:00,3552.84,3556.09,3542.54,3549.81
2025.09.04 20:00,3549.91,3554.54,3540.89,3552.60
2025.09.05 00:00,3552.60,3559.07,3545.93,3558.31
2025.09.05 04:00,3558.31,3561.13,3546.59,3548.25
2025.09.05 08:00,3548.19,3555.13,3544.86,3553.21
2025.09.05 12:00,3553.30,3597.84,3548.83,3591.95
2025.09.05 16:00,3591.98,3600.12,3590.46,3594.70
2025.09.05 20:00,3594.60,3595.33,3585.95,3586.25
2025.09.07 20:00,3592.47,3593.95,3587.80,3591.19
2025.09.08 00:00,3591.16,3597.10,3582.94,3583.51
2025.09.08 04:00,3583.39,3613.54,3579.62,3609.57
2025.09.08 08:00,3609.53,3622.47,3607.19,3619.91
2025.09.08 12:00,3619.86,3646.34,3614.73,3639.33
2025.09.08 16:00,3639.33,3641.66,3631.95,3636.53
2025.09.08 20:00,3636.51,3637.98,3628.17,3634.92
2025.09.09 00:00,3634.90,3654.41,3633.49,3645.88
2025.09.09 04:00,3645.94,3659.34,3636.56,3644.35
2025.09.09 08:00,3644.26,3656.68,3641.92,3648.00
2025.09.09 12:00,3648.06,3674.43,3626.95,3645.56
2025.09.09 16:00,3645.56,3649.47,3628.52,3629.42
2025.09.09 20:00,3629.36,3640.79,3625.87,3633.52
2025.09.10 00:00,3633.52,3638.31,3620.60,3636.57
2025.09.10 04:00,3636.57,3648.40,3636.56,3644.02
2025.09.10 08:00,3644.03,3657.53,3641.91,3649.28
2025.09.10 12:00,3649.28,3657.32,3638.69,3644.46
2025.09.10 16:00,3644.45,3649.68,3635.18,3641.96
2025.09.10 20:00,3642.03,3645.62,3637.87,3644.92
2025.09.11 00:00,3644.92,3649.10,3629.76,3631.93
2025.09.11 04:00,3631.95,3638.05,3622.84,3629.86
2025.09.11 08:00,3629.95,3631.67,3614.13,3616.83
2025.09.11 12:00,3616.94,3643.98,3613.73,3633.13
2025.09.11 16:00,3633.12,3641.94,3630.43,3636.97
2025.09.11 20:00,3636.95,3637.63,3631.62,3631.83
2025.09.12 00:00,3631.62,3653.21,3630.48,3652.92
2025.09.12 04:00,3652.88,3656.61,3647.82,3648.34
2025.09.12 08:00,3648.35,3652.14,3637.66,3647.06
2025.09.12 12:00,3647.04,3654.33,3638.31,3644.41
2025.09.12 16:00,3644.40,3650.64,3642.59,3644.18
2025.09.12 20:00,3644.11,3645.31,3641.08,3642.82
2025.09.14 20:00,3642.10,3642.10,3636.86,3638.16
2025.09.15 00:00,3638.14,3646.37,3626.62,3646.07
2025.09.15 04:00,3646.18,3646.87,3633.75,3643.87
2025.09.15 08:00,3643.78,3646.75,3635.77,3642.58
2025.09.15 12:00,3642.62,3681.87,3636.96,3680.57
2025.09.15 16:00,3680.52,3685.53,3674.76,3681.02
2025.09.15 20:00,3681.02,3682.02,3676.16,3676.94
2025.09.16 00:00,3676.91,3689.43,3674.74,3681.03
2025.09.16 04:00,3681.05,3694.14,3680.16,3686.52
2025.09.16 08:00,3686.52,3699.46,3686.16,3697.13
2025.09.16 12:00,3697.13,3703.01,3678.86,3686.25
2025.09.16 16:00,3686.25,3691.23,3684.69,3689.61
2025.09.16 20:00,3689.65,3695.11,3689.26,3694.18
2025.09.17 00:00,3694.18,3695.28,3674.39,3681.74
2025.09.17 04:00,3681.74,3685.82,3666.58,3667.11
2025.09.17 08:00,3667.10,3670.89,3660.05,3665.99
2025.09.17 12:00,3666.05,3687.10,3665.65,3684.16
2025.09.17 16:00,3684.13,3707.50,3646.22,3661.71
2025.09.17 20:00,3661.76,3671.95,3656.37,3669.16
2025.09.18 00:00,3669.68,3669.92,3651.85,3658.40
2025.09.18 04:00,3658.49,3659.78,3633.85,3658.95
2025.09.18 08:00,3658.96,3672.92,3653.71,3667.11
2025.09.18 12:00,3667.12,3672.29,3627.97,3641.30
2025.09.18 16:00,3641.32,3647.26,3640.63,3646.75
2025.09.18 20:00,3646.84,3647.14,3637.73,3640.20
2025.09.19 00:00,3640.26,3656.23,3632.29,3653.67
2025.09.19 04:00,3653.66,3661.13,3643.35,3653.99
2025.09.19 08:00,3653.93,3659.16,3645.77,3648.46
2025.09.19 12:00,3648.47,3675.86,3643.64,3670.78
2025.09.19 16:00,3670.78,3685.27,3666.60,3684.48
2025.09.19 20:00,3684.43,3685.15,3680.85,3684.90
2025.09.21 20:00,3688.28,3690.42,3685.81,3686.28
2025.09.22 00:00,3686.11,3697.41,3685.63,3695.43
2025.09.22 04:00,3695.43,3719.85,3690.10,3713.23
2025.09.22 08:00,3713.04,3728.31,3712.44,3724.67
2025.09.22 12:00,3724.70,3736.27,3712.22,3736.10
2025.09.22 16:00,3736.09,3748.80,3735.25,3747.77
2025.09.22 20:00,3747.70,3749.14,3739.02,3747.77
2025.09.23 00:00,3747.83,3759.12,3736.74,3746.59
2025.09.23 04:00,3746.59,3758.69,3743.21,3753.37
2025.09.23 08:00,3753.39,3791.07,3753.11,3783.57
2025.09.23 12:00,3783.73,3788.62,3767.78,3779.37
2025.09.23 16:00,3779.39,3785.69,3752.02,3764.34
2025.09.23 20:00,3764.34,3770.15,3761.95,3763.85
2025.09.24 00:00,3763.81,3771.72,3750.57,3765.37
2025.09.24 04:00,3765.40,3779.29,3763.17,3777.47
2025.09.24 08:00,3777.58,3777.81,3759.66,3768.93
2025.09.24 12:00,3768.97,3772.90,3739.79,3741.13
2025.09.24 16:00,3741.13,3745.27,3717.55,3730.13
2025.09.24 20:00,3730.13,3745.25,3730.05,3743.01
2025.09.25 00:00,3742.96,3751.46,3729.62,3736.65
2025.09.25 04:00,3736.65,3754.89,3731.92,3752.27
2025.09.25 08:00,3752.27,3761.54,3741.18,3753.04
2025.09.25 12:00,3753.02,3755.86,3722.08,3735.84
2025.09.25 16:00,3735.84,3758.24,3732.40,3746.60
2025.09.25 20:00,3746.59,3752.26,3738.04,3744.69
2025.09.26 00:00,3744.96,3753.29,3734.49,3745.50
2025.09.26 04:00,3745.59,3754.03,3739.17,3748.02
2025.09.26 08:00,3748.02,3755.13,3742.96,3748.58
2025.09.26 12:00,3748.57,3783.76,3746.61,3780.48
2025.09.26 16:00,3780.48,3783.25,3764.67,3766.81
2025.09.26 20:00,3766.86,3769.56,3759.03,3759.03
2025.09.28 20:00,3770.37,3772.41,3766.38,3766.88
2025.09.29 00:00,3766.80,3799.38,3763.93,3794.36
2025.09.29 04:00,3794.35,3819.77,3792.52,3806.26
2025.09.29 08:00,3806.26,3831.32,3806.26,3829.00
2025.09.29 12:00,3829.00,3833.23,3809.31,3830.39
2025.09.29 16:00,3830.39,3833.51,3822.56,3828.79
2025.09.29 20:00,3828.68,3833.73,3827.77,3832.87
2025.09.30 00:00,3832.85,3867.03,3831.16,3864.71
2025.09.30 04:00,3864.70,3871.60,3839.62,3843.75
2025.09.30 08:00,3843.47,3847.12,3793.20,3815.25
2025.09.30 12:00,3814.96,3854.40,3808.94,3839.14
2025.09.30 16:00,3838.94,3860.77,3837.95,3859.05
2025.09.30 20:00,3859.09,3863.01,3850.76,3862.78
2025.10.01 00:00,3862.78,3875.41,3855.62,3861.98
2025.10.01 04:00,3861.98,3879.60,3853.45,3879.22
2025.10.01 08:00,3879.37,3895.19,3878.09,3883.62
2025.10.01 12:00,3883.71,3891.11,3856.62,3868.59
2025.10.01 16:00,3868.51,3871.91,3855.03,3867.81
2025.10.01 20:00,3867.73,3867.89,3857.63,3863.49
2025.10.02 00:00,3863.48,3870.00,3852.89,3866.50
2025.10.02 04:00,3866.52,3874.72,3861.75,3868.59
2025.10.02 08:00,3868.59,3886.69,3864.69,3886.36
2025.10.02 12:00,3886.36,3896.81,3819.40,3828.31
2025.10.02 16:00,3828.31,3859.09,3827.23,3856.11
2025.10.02 20:00,3856.11,3863.72,3853.13,3862.46
2025.10.03 00:00,3862.46,3862.77,3838.09,3842.67
2025.10.03 04:00,3842.56,3865.17,3841.61,3864.24
2025.10.03 08:00,3864.47,3867.64,3854.86,3862.07
2025.10.03 12:00,3862.07,3891.62,3860.56,3889.52
2025.10.03 16:00,3889.52,3889.80,3877.32,3885.51
2025.10.03 20:00,3885.50,3887.23,3882.98,3885.91
2025.10.05 20:00,3899.40,3920.48,3898.26,3909.68
2025.10.06 00:00,3909.78,3931.96,3899.09,3929.50
2025.10.06 04:00,3929.51,3945.07,3922.69,3941.51
2025.10.06 08:00,3941.64,3949.46,3931.19,3938.40
2025.10.06 12:00,3938.22,3963.97,3926.52,3962.49
2025.10.06 16:00,3962.48,3970.09,3945.97,3959.42
2025.10.06 20:00,3959.34,3972.59,3957.36,3969.52
2025.10.07 00:00,3969.52,3977.41,3955.97,3973.27
2025.10.07 04:00,3973.40,3976.92,3943.44,3945.96
2025.10.07 08:00,3945.96,3968.97,3940.90,3967.01
2025.10.07 12:00,3966.81,3991.05,3961.92,3966.10
2025.10.07 16:00,3966.36,3987.71,3963.19,3980.10
2025.10.07 20:00,3980.18,3995.90,3980.18,3994.36
2025.10.08 00:00,3994.36,4016.52,3984.57,4014.67
2025.10.08 04:00,4014.69,4038.94,4014.69,4034.13
2025.10.08 08:00,4034.45,4049.55,4030.72,4038.07
2025.10.08 12:00,4038.02,4050.59,4026.32,4045.64
2025.10.08 16:00,4045.64,4059.16,4032.05,4044.97
2025.10.08 20:00,4044.87,4046.64,4001.39,4011.62
2025.10.09 00:00,4011.62,4036.40,4002.50,4026.71
2025.10.09 04:00,4026.75,4043.64,4022.78,4031.54
2025.10.09 08:00,4031.52,4046.70,4030.31,4044.45
2025.10.09 12:00,4044.25,4057.83,4003.96,4014.66
2025.10.09 16:00,4014.48,4021.74,3944.28,3973.05
2025.10.09 20:00,3972.93,3990.83,3972.62,3989.93
2025.10.10 00:00,3989.93,3994.40,3960.86,3961.93
2025.10.10 04:00,3961.93,3977.68,3947.01,3971.99
2025.10.10 08:00,3972.00,4006.72,3970.16,3987.10
2025.10.10 12:00,3987.16,4022.43,3970.68,3997.99
2025.10.10 16:00,3998.02,4021.35,3975.11,4010.93
2025.10.10 20:00,4010.76,4019.99,4005.82,4016.19
2025.10.12 20:00,4042.13,4059.59,4032.20,4035.14
2025.10.13 00:00,4035.07,4059.01,4024.53,4051.84
2025.10.13 04:00,4051.80,4078.14,4051.06,4071.16
2025.10.13 08:00,4071.12,4085.03,4069.07,4073.98
2025.10.13 12:00,4074.09,4107.31,4073.25,4104.91
2025.10.13 16:00,4104.89,4116.85,4091.29,4108.62
2025.10.13 20:00,4108.60,4131.99,4106.10,4128.04
2025.10.14 00:00,4128.07,4166.22,4119.61,4163.35
2025.10.14 04:00,4163.36,4179.66,4089.98,4126.31
2025.10.14 08:00,4125.83,4145.07,4121.84,4130.49
2025.10.14 12:00,4130.61,4142.68,4098.00,4138.10
2025.10.14 16:00,4138.07,4155.19,4127.90,4142.21
2025.10.14 20:00,4142.24,4167.08,4139.29,4161.57
2025.10.15 00:00,4161.25,4190.64,4153.86,4186.95
2025.10.15 04:00,4186.97,4209.76,4173.31,4207.65
2025.10.15 08:00,4207.67,4218.14,4164.35,4198.65
2025.10.15 12:00,4198.69,4212.29,4176.71,4190.56
2025.10.15 16:00,4190.58,4213.57,4182.69,4210.40
2025.10.15 20:00,4210.40,4215.83,4206.04,4209.50
2025.10.16 00:00,4209.51,4242.14,4204.99,4233.85
2025.10.16 04:00,4233.41,4239.34,4203.54,4230.52
2025.10.16 08:00,4230.47,4247.53,4222.10,4240.60
2025.10.16 12:00,4240.75,4276.04,4227.86,4273.53
2025.10.16 16:00,4273.53,4312.90,4261.42,4307.36
2025.10.16 20:00,4307.32,4379.15,4307.32,4365.76
2025.10.17 00:00,4365.51,4371.58,4278.64,4366.60
2025.10.17 04:00,4366.60,4378.51,4312.64,4340.98
2025.10.17 08:00,4342.30,4349.80,4286.83,4287.38
2025.10.17 12:00,4287.34,4319.57,4217.00,4237.40
2025.10.17 16:00,4237.41,4244.82,4187.20,4224.97
2025.10.17 20:00,4225.26,4251.13,4220.09,4249.09
2025.10.19 20:00,4255.62,4256.08,4234.04,4238.09
2025.10.20 00:00,4237.86,4271.04,4219.02,4264.70
2025.10.20 04:00,4264.68,4268.17,4221.36,4255.19
2025.10.20 08:00,4255.19,4279.32,4245.91,4279.15
2025.10.20 12:00,4279.11,4355.49,4272.65,4349.08
2025.10.20 16:00,4349.08,4381.34,4337.36,4377.91
2025.10.20 20:00,4377.97,4379.91,4346.81,4360.35
2025.10.21 00:00,4360.21,4372.21,4332.84,4346.54
2025.10.21 04:00,4346.53,4347.04,4293.33,4298.32
2025.10.21 08:00,4298.13,4301.42,4244.12,4253.28
2025.10.21 12:00,4253.28,4257.53,4081.09,4138.66
2025.10.21 16:00,4138.68,4143.68,4094.52,4108.94
2025.10.21 20:00,4109.17,4130.89,4090.31,4093.14
2025.10.22 00:00,4093.14,4143.20,4004.07,4128.82
2025.10.22 04:00,4128.77,4161.28,4107.30,4132.94
2025.10.22 08:00,4132.91,4135.78,4015.15,4027.70
2025.10.22 12:00,4027.84,4085.03,4011.43,4037.18
2025.10.22 16:00,4037.03,4113.50,4023.25,4102.29
2025.10.22 20:00,4101.92,4107.19,4081.05,4087.62
2025.10.23 00:00,4087.60,4100.60,4066.12,4091.11
2025.10.23 04:00,4091.12,4137.85,4079.70,4094.12
2025.10.23 08:00,4094.78,4125.38,4094.78,4109.51
2025.10.23 12:00,4109.10,4154.70,4100.07,4141.86
2025.10.23 16:00,4141.86,4148.53,4116.43,4118.20
2025.10.23 20:00,4118.20,4126.74,4106.14,4121.47
2025.10.24 00:00,4121.68,4144.42,4107.48,4122.27
2025.10.24 04:00,4122.27,4123.30,4069.70,4074.25
2025.10.24 08:00,4074.28,4077.60,4044.48,4061.40
2025.10.24 12:00,4061.35,4134.83,4059.94,4130.47
2025.10.24 16:00,4130.47,4138.66,4101.78,4103.87
2025.10.24 20:00,4103.95,4114.00,4096.47,4111.81
2025.10.26 20:00,4081.78,4088.38,4061.82,4064.47
2025.10.27 00:00,4064.43,4097.60,4058.19,4069.43
2025.10.27 04:00,4069.50,4084.78,4053.94,4068.77
2025.10.27 08:00,4068.78,4070.37,4015.36,4024.00
2025.10.27 12:00,4024.05,4050.31,3971.51,3989.91
2025.10.27 16:00,3989.89,4010.16,3984.17,3990.03
2025.10.27 20:00,3990.14,4004.57,3979.11,3998.40
2025.10.28 00:00,3998.40,4019.64,3972.40,3992.79
2025.10.28 04:00,3992.80,3994.14,3921.92,3931.52
2025.10.28 08:00,3932.50,3935.82,3886.58,3923.25
2025.10.28 12:00,3923.25,3969.47,3906.05,3964.86
2025.10.28 16:00,3964.79,3970.35,3945.36,3960.19
2025.10.28 20:00,3960.09,3968.14,3933.92,3964.97
2025.10.29 00:00,3964.60,3982.38,3943.82,3963.43
2025.10.29 04:00,3963.49,4001.50,3950.86,4001.21
2025.10.29 08:00,4001.56,4029.60,4000.41,4016.65
2025.10.29 12:00,4016.63,4030.07,3989.39,3993.01
2025.10.29 16:00,3993.01,4006.28,3928.09,3945.51
2025.10.29 20:00,3945.45,3953.95,3927.72,3952.79
2025.10.30 00:00,3952.69,3966.31,3915.41,3937.92
2025.10.30 04:00,3937.92,3981.77,3934.81,3961.22
2025.10.30 08:00,3961.33,4011.91,3960.28,3974.36
2025.10.30 12:00,3974.70,4014.78,3960.47,4001.91
2025.10.30 16:00,4001.91,4025.96,3991.18,4023.39
2025.10.30 20:00,4023.35,4043.02,4016.42,4036.44
2025.10.31 00:00,4036.44,4039.07,3991.31,3996.32
2025.10.31 04:00,3996.32,4025.43,3989.07,4020.95
2025.10.31 08:00,4020.95,4026.65,3998.72,4010.47
2025.10.31 12:00,4010.51,4036.09,4009.07,4012.89
2025.10.31 16:00,4012.65,4015.17,3972.24,4000.91
2025.10.31 20:00,4000.92,4006.35,3996.26,4002.77
2025.11.02 20:00,3982.57,3998.81,3977.72,3980.46
2025.11.03 00:00,3979.78,4015.31,3962.71,4011.37
2025.11.03 04:00,4011.37,4025.96,3997.97,4025.29
2025.11.03 08:00,4025.31,4027.95,3993.18,4007.59
2025.11.03 12:00,4007.57,4030.53,4001.62,4008.58
2025.11.03 16:00,4008.57,4013.47,3995.34,4004.80
2025.11.03 20:00,4004.70,4014.90,3985.08,3997.27
2025.11.04 00:00,3997.42,3999.22,3975.85,3994.59
2025.11.04 04:00,3994.59,3996.21,3966.70,3993.98
2025.11.04 08:00,3993.98,4000.62,3985.86,3995.02
2025.11.04 12:00,3995.02,3997.52,3928.75,3956.81
2025.11.04 16:00,3956.87,3975.45,3932.22,3937.43
2025.11.04 20:00,3937.55,3942.18,3930.45,3934.84
2025.11.05 00:00,3934.89,3965.18,3929.98,3960.82
2025.11.05 04:00,3960.52,3978.65,3959.88,3972.69
2025.11.05 08:00,3972.71,3987.10,3956.09,3966.95
2025.11.05 12:00,3966.93,3985.52,3962.20,3978.41
2025.11.05 16:00,3978.45,3990.41,3974.91,3987.81
2025.11.05 20:00,3987.92,3990.21,3966.79,3973.61
2025.11.06 00:00,3973.55,3990.28,3964.50,3987.50
2025.11.06 04:00,3987.40,4009.32,3982.27,4005.82
2025.11.06 08:00,4005.73,4019.40,4004.50,4018.21
2025.11.06 12:00,4018.19,4019.54,3975.17,3980.20
2025.11.06 16:00,3980.20,3995.30,3965.66,3985.36
2025.11.06 20:00,3985.32,3989.65,3974.52,3989.12
2025.11.07 00:00,3988.92,4003.20,3984.48,3990.42
2025.11.07 04:00,3990.42,4009.74,3985.25,4007.72
2025.11.07 08:00,4007.72,4014.27,3993.78,4002.84
2025.11.07 12:00,4002.89,4008.46,3983.94,3990.78
2025.11.07 16:00,3990.81,4027.39,3989.92,4006.78
2025.11.07 20:00,4006.75,4006.97,3994.36,4000.12
2025.11.09 20:00,3998.24,4012.17,3997.51,4011.86
2025.11.10 00:00,4011.85,4053.32,4011.05,4050.25
2025.11.10 04:00,4050.08,4078.99,4049.85,4075.22
2025.11.10 08:00,4075.23,4086.34,4071.56,4085.33
2025.11.10 12:00,4085.41,4105.92,4074.17,4084.26
2025.11.10 16:00,4084.22,4115.85,4081.97,4113.11
2025.11.10 20:00,4113.11,4122.66,4106.66,4119.94
2025.11.11 00:00,4120.01,4148.14,4116.01,4146.72
2025.11.11 04:00,4146.67,4148.93,4124.43,4129.44
2025.11.11 08:00,4129.38,4146.00,4128.57,4142.52
2025.11.11 12:00,4142.64,4146.65,4096.96,4106.69
2025.11.11 16:00,4106.70,4125.93,4105.05,4122.90
2025.11.11 20:00,4122.94,4144.57,4122.15,4142.49
2025.11.12 00:00,4142.37,4145.31,4111.60,4111.74
2025.11.12 04:00,4111.86,4125.24,4098.63,4116.82
2025.11.12 08:00,4116.90,4133.72,4111.99,4125.99
2025.11.12 12:00,4126.00,4185.31,4122.53,4181.13
2025.11.12 16:00,4181.14,4211.82,4179.99,4197.37
2025.11.12 20:00,4197.38,4208.07,4187.26,4191.10
2025.11.13 00:00,4190.96,4213.03,4179.68,4212.75
2025.11.13 04:00,4212.63,4220.09,4203.14,4219.87
2025.11.13 08:00,4219.80,4240.20,4218.97,4230.58
2025.11.13 12:00,4230.32,4245.03,4184.35,4202.48
2025.11.13 16:00,4202.43,4210.90,4145.05,4163.76
2025.11.13 20:00,4163.74,4186.59,4160.34,4186.02
2025.11.14 00:00,4186.08,4211.28,4173.47,4204.22
2025.11.14 04:00,4204.21,4205.61,4158.67,4180.95
2025.11.14 08:00,4180.86,4186.83,4130.77,4132.84
2025.11.14 12:00,4132.81,4140.46,4031.93,4093.35
2025.11.14 16:00,4093.42,4111.20,4080.84,4089.99
2025.11.14 20:00,4090.08,4092.45,4075.28,4084.90
2025.11.16 20:00,4085.38,4106.67,4075.82,4096.62
2025.11.17 00:00,4096.61,4101.97,4070.02,4082.86
2025.11.17 04:00,4082.78,4089.03,4049.64,4088.14
2025.11.17 08:00,4088.14,4095.90,4061.08,4078.41
2025.11.17 12:00,4078.46,4092.17,4060.68,4064.34
2025.11.17 16:00,4064.04,4080.85,4010.94,4011.11
2025.11.17 20:00,4011.16,4055.25,4006.94,4036.89
2025.11.18 00:00,4036.83,4045.13,4008.49,4013.13
2025.11.18 04:00,4013.15,4025.05,3997.99,4013.62
2025.11.18 08:00,4013.92,4050.40,4010.65,4039.45
2025.11.18 12:00,4039.51,4081.91,4029.20,4052.88
2025.11.18 16:00,4052.95,4082.10,4040.36,4081.08
2025.11.18 20:00,4081.08,4082.45,4059.22,4076.63
2025.11.19 00:00,4076.60,4080.49,4055.33,4067.00
2025.11.19 04:00,4067.02,4098.55,4064.33,4087.01
2025.11.19 08:00,4086.99,4118.94,4078.18,4112.70
2025.11.19 12:00,4112.71,4132.62,4090.33,4096.71
2025.11.19 16:00,4096.70,4098.44,4055.61,4073.58
2025.11.19 20:00,4073.59,4108.11,4065.43,4104.36
2025.11.20 00:00,4104.37,4110.22,4039.04,4072.36
2025.11.20 04:00,4072.20,4080.55,4054.37,4059.85
2025.11.20 08:00,4059.81,4072.39,4038.41,4060.73
2025.11.20 12:00,4060.56,4106.89,4059.92,4070.03
2025.11.20 16:00,4069.86,4087.11,4043.50,4084.30
2025.11.20 20:00,4084.40,4088.31,4072.96,4078.76
2025.11.21 00:00,4079.05,4081.04,4049.35,4056.23
2025.11.21 04:00,4056.22,4064.52,4024.61,4031.33
2025.11.21 08:00,4031.39,4063.36,4022.29,4036.35
2025.11.21 12:00,4036.17,4083.78,4034.66,4069.40
2025.11.21 16:00,4069.32,4101.06,4062.96,4087.37
2025.11.21 20:00,4087.38,4088.72,4054.38,4065.80
2025.11.23 20:00,4069.15,4077.48,4065.46,4075.04
2025.11.24 00:00,4075.02,4075.99,4040.55,4050.19
2025.11.24 04:00,4050.46,4067.69,4040.11,4060.02
2025.11.24 08:00,4060.01,4077.26,4059.55,4069.95
2025.11.24 12:00,4069.92,4093.68,4065.41,4091.74
2025.11.24 16:00,4091.73,4125.58,4087.86,4118.17
2025.11.24 20:00,4118.20,4144.03,4117.73,4143.53
2025.11.25 00:00,4143.50,4155.66,4122.52,4142.98
2025.11.25 04:00,4142.97,4151.87,4129.86,4132.47
2025.11.25 08:00,4132.52,4139.34,4109.56,4133.50
2025.11.25 12:00,4133.65,4150.53,4110.62,4122.84
2025.11.25 16:00,4122.91,4159.00,4121.75,4133.70
2025.11.25 20:00,4133.95,4138.23,4127.56,4133.57
2025.11.26 00:00,4133.58,4169.20,4132.47,4165.77
2025.11.26 04:00,4165.70,4168.47,4146.47,4157.28
2025.11.26 08:00,4157.34,4173.01,4154.80,4171.31
2025.11.26 12:00,4171.35,4173.36,4136.72,4165.09
2025.11.26 16:00,4165.07,4171.30,4158.03,4163.17
2025.11.26 20:00,4163.15,4168.49,4161.14,4164.47
2025.11.27 00:00,4164.62,4167.00,4144.18,4147.23
2025.11.27 04:00,4147.24,4162.19,4142.54,4159.84
2025.11.27 08:00,4159.89,4167.31,4148.39,4157.35
2025.11.27 12:00,4157.33,4161.72,4149.07,4157.74
2025.11.27 16:00,4157.70,4160.27,4151.41,4157.53
2025.11.27 20:00,4160.28,4163.67,4158.21,4163.07
2025.11.28 00:00,4162.92,4193.16,4162.87,4183.87
2025.11.28 04:00,4183.85,4188.79,4157.88,4174.53
2025.11.28 08:00,4174.37,4181.21,4146.58,4171.68
2025.11.28 12:00,4171.61,4208.66,4167.95,4203.49
2025.11.28 16:00,4203.45,4226.32,4197.68,4217.94
2025.11.30 20:00,4230.06,4230.58,4205.86,4221.87
2025.12.01 00:00,4221.54,4256.46,4218.03,4239.24
2025.12.01 04:00,4239.25,4246.80,4215.29,4245.07
2025.12.01 08:00,4245.09,4262.29,4238.22,4254.54
2025.12.01 12:00,4254.50,4264.27,4219.53,4232.23
2025.12.01 16:00,4232.24,4244.36,4223.33,4236.68
2025.12.01 20:00,4236.55,4241.45,4224.16,4227.46
2025.12.02 00:00,4227.35,4229.50,4191.13,4216.58
2025.12.02 04:00,4216.56,4226.07,4203.20,4213.00
2025.12.02 08:00,4213.17,4216.86,4181.15,4205.34
2025.12.02 12:00,4205.07,4230.50,4163.59,4168.94
2025.12.02 16:00,4169.72,4200.65,4166.64,4196.28
2025.12.02 20:00,4196.36,4216.01,4194.60,4212.58
2025.12.03 00:00,4212.28,4228.65,4204.32,4221.01
2025.12.03 04:00,4221.00,4225.20,4199.77,4206.38
2025.12.03 08:00,4206.58,4210.07,4194.48,4208.48
2025.12.03 12:00,4208.25,4241.51,4204.93,4216.14
2025.12.03 16:00,4216.13,4224.75,4194.80,4207.75
2025.12.03 20:00,4207.71,4212.76,4202.21,4207.07
2025.12.04 00:00,4207.06,4216.67,4187.27,4195.74
2025.12.04 04:00,4195.53,4198.94,4174.60,4193.53
2025.12.04 08:00,4193.56,4206.21,4183.44,4198.47
2025.12.04 12:00,4198.41,4213.51,4185.29,4207.12
2025.12.04 16:00,4207.14,4218.99,4199.61,4208.80
2025.12.04 20:00,4208.62,4210.13,4203.73,4205.85
2025.12.05 00:00,4205.87,4210.80,4194.62,4209.38
2025.12.05 04:00,4209.37,4230.61,4207.36,4224.33
2025.12.05 08:00,4224.30,4227.27,4215.75,4223.34
2025.12.05 12:00,4223.35,4259.09,4221.45,4243.52
2025.12.05 16:00,4243.48,4245.34,4198.57,4207.37
2025.12.05 20:00,4207.47,4207.52,4191.68,4198.51
2025.12.07 20:00,4196.66,4210.83,4191.67,4201.17
2025.12.08 00:00,4201.44,4213.15,4197.25,4209.82
2025.12.08 04:00,4209.80,4218.91,4204.53,4206.71
2025.12.08 08:00,4206.59,4216.42,4199.49,4208.47
2025.12.08 12:00,4208.50,4215.14,4176.13,4182.56
2025.12.08 16:00,4182.55,4197.74,4176.77,4186.81
2025.12.08 20:00,4186.77,4195.27,4184.64,4194.49
2025.12.09 00:00,4194.44,4198.57,4185.67,4194.23
2025.12.09 04:00,4194.22,4195.37,4169.91,4182.18
2025.12.09 08:00,4182.17,4212.67,4182.17,4202.73
2025.12.09 12:00,4202.72,4216.15,4189.36,4212.20
2025.12.09 16:00,4212.17,4221.26,4201.19,4212.40
2025.12.09 20:00,4212.38,4215.93,4207.03,4210.63
2025.12.10 00:00,4210.47,4218.51,4203.50,4206.10
2025.12.10 04:00,4206.28,4214.24,4201.61,4203.24
2025.12.10 08:00,4203.19,4206.25,4187.56,4197.23
2025.12.10 12:00,4197.10,4206.71,4188.62,4193.20
2025.12.10 16:00,4193.26,4219.47,4181.95,4216.27
2025.12.10 20:00,4216.10,4238.39,4210.79,4232.10
2025.12.11 00:00,4232.12,4247.49,4209.11,4216.66
2025.12.11 04:00,4216.53,4218.41,4204.30,4215.84
2025.12.11 08:00,4215.96,4225.55,4209.34,4211.12
2025.12.11 12:00,4211.02,4260.99,4205.20,4255.57
2025.12.11 16:00,4255.75,4285.78,4249.78,4273.45
2025.12.11 20:00,4273.38,4283.52,4264.02,4276.29
2025.12.12 00:00,4276.25,4280.04,4264.52,4270.44
2025.12.12 04:00,4270.43,4290.25,4265.88,4286.83
2025.12.12 08:00,4286.75,4339.20,4286.62,4336.27
2025.12.12 12:00,4336.42,4353.49,4282.84,4290.30
2025.12.12 16:00,4289.97,4303.30,4257.04,4296.21
2025.12.12 20:00,4296.20,4304.01,4288.23,4300.83
2025.12.14 20:00,4296.04,4308.29,4295.59,4302.36
2025.12.15 00:00,4302.35,4329.54,4299.89,4327.02
2025.12.15 04:00,4327.08,4347.41,4322.81,4339.26
2025.12.15 08:00,4339.27,4350.03,4334.97,4342.69
2025.12.15 12:00,4342.67,4348.09,4311.59,4318.13
2025.12.15 16:00,4317.93,4318.52,4285.22,4313.82
2025.12.15 20:00,4313.86,4314.15,4299.62,4303.86
2025.12.16 00:00,4303.94,4317.74,4280.57,4290.65
2025.12.16 04:00,4290.74,4292.17,4271.18,4287.42
2025.12.16 08:00,4287.50,4289.19,4273.58,4278.36
2025.12.16 12:00,4278.38,4335.01,4276.52,4319.52
2025.12.16 16:00,4319.67,4323.05,4290.77,4310.52
2025.12.16 20:00,4310.53,4314.14,4300.45,4307.58
2025.12.17 00:00,4307.53,4327.50,4307.01,4323.32
2025.12.17 04:00,4323.40,4342.08,4315.24,4317.80
2025.12.17 08:00,4317.82,4323.05,4306.26,4316.30
2025.12.17 12:00,4316.26,4348.65,4314.66,4329.97
2025.12.17 16:00,4330.15,4346.41,4320.40,4336.69
2025.12.17 20:00,4336.75,4346.10,4334.94,4338.83
2025.12.18 00:00,4338.68,4342.84,4324.28,4332.83
2025.12.18 04:00,4332.89,4337.59,4328.42,4331.52
2025.12.18 08:00,4331.37,4332.58,4320.64,4325.32
2025.12.18 12:00,4325.33,4342.71,4308.59,4338.00
2025.12.18 16:00,4337.89,4374.26,4321.95,4324.81
2025.12.18 20:00,4324.83,4338.15,4324.47,4334.79
2025.12.19 00:00,4334.80,4335.64,4309.06,4317.93
2025.12.19 04:00,4317.94,4329.41,4316.67,4322.33
2025.12.19 08:00,4322.26,4333.30,4320.97,4326.89
2025.12.19 12:00,4326.91,4348.92,4319.53,4347.58
2025.12.19 16:00,4347.49,4356.15,4341.95,4345.20
2025.12.19 20:00,4345.18,4346.27,4336.38,4339.15
2025.12.21 20:00,4339.04,4355.96,4337.91,4355.13
2025.12.22 00:00,4354.97,4394.80,4354.97,4392.28
2025.12.22 04:00,4392.33,4420.18,4390.99,4414.07
2025.12.22 08:00,4414.05,4415.73,4405.87,4410.27
2025.12.22 12:00,4410.14,4435.43,4405.91,4431.73
2025.12.22 16:00,4431.67,4442.01,4427.66,4433.18
2025.12.22 20:00,4433.19,4461.65,4431.70,4459.98
2025.12.23 00:00,4459.95,4497.59,4457.85,4486.73
2025.12.23 04:00,4486.75,4489.63,4469.12,4486.43
2025.12.23 08:00,4486.63,4494.29,4478.05,4493.39
2025.12.23 12:00,4493.37,4497.25,4430.61,4458.29
2025.12.23 16:00,4458.28,4496.12,4455.58,4490.70
2025.12.23 20:00,4490.59,4510.04,4483.34,4503.32
2025.12.24 00:00,4503.31,4525.65,4470.76,4493.16
2025.12.24 04:00,4493.05,4501.26,4483.36,4483.60
2025.12.24 08:00,4483.73,4499.58,4478.02,4491.32
2025.12.24 12:00,4491.29,4495.71,4448.15,4458.22
2025.12.24 16:00,4458.25,4487.36,4455.78,4478.30
2025.12.26 04:00,4509.21,4511.35,4507.17,4510.93
2025.12.26 08:00,4511.03,4523.62,4503.08,4509.77
2025.12.26 12:00,4509.74,4547.31,4503.81,4546.37
2025.12.26 16:00,4546.58,4549.75,4509.94,4523.86
2025.12.26 20:00,4523.86,4535.91,4521.65,4532.96
2025.12.28 20:00,4538.36,4549.76,4521.92,4526.96
2025.12.29 00:00,4526.95,4527.88,4472.33,4516.20
2025.12.29 04:00,4516.19,4519.28,4445.60,4474.36
2025.12.29 08:00,4474.45,4488.34,4433.91,4446.28
2025.12.29 12:00,4446.29,4467.45,4302.96,4325.05
2025.12.29 16:00,4325.04,4347.22,4314.45,4336.68
2025.12.29 20:00,4336.69,4346.88,4323.12,4345.39
2025.12.30 00:00,4345.45,4368.89,4324.33,4359.07
2025.12.30 04:00,4359.06,4383.14,4357.29,4372.31
2025.12.30 08:00,4372.27,4391.30,4349.99,4384.12
2025.12.30 12:00,4384.03,4403.99,4355.74,4364.76
2025.12.30 16:00,4364.77,4381.48,4337.36,4348.34
2025.12.30 20:00,4348.38,4355.16,4328.73,4338.82
2025.12.31 00:00,4338.85,4373.06,4332.31,4348.39
2025.12.31 04:00,4348.27,4351.08,4274.28,4331.00
2025.12.31 08:00,4330.89,4337.07,4303.17,4310.73
2025.12.31 12:00,4310.72,4353.12,4302.93,4337.09
2025.12.31 16:00,4337.10,4339.45,4307.65,4311.13
2025.12.31 20:00,4311.14,4324.06,4304.28,4318.33
2026.01.01 20:00,4329.23,4351.24,4324.17,4348.09
2026.01.02 00:00,4348.08,4375.34,4341.15,4374.93
2026.01.02 04:00,4374.94,4383.08,4370.80,4382.55
2026.01.02 08:00,4382.35,4399.07,4380.49,4392.73
2026.01.02 12:00,4392.72,4402.18,4330.08,4334.93
2026.01.02 16:00,4335.14,4337.13,4309.67,4317.92
2026.01.02 20:00,4317.93,4333.21,4316.97,4332.08
2026.01.04 20:00,4362.00,4375.54,4360.45,4372.31
2026.01.05 00:00,4372.30,4419.95,4370.04,4399.82
2026.01.05 04:00,4399.69,4426.07,4397.12,4421.63
2026.01.05 08:00,4421.72,4439.70,4410.67,4419.25
2026.01.05 12:00,4419.18,4455.51,4395.96,4448.26
2026.01.05 16:00,4448.25,4454.22,4432.27,4439.45
2026.01.05 20:00,4439.46,4459.86,4436.74,4440.28
2026.01.06 00:00,4440.25,4467.83,4427.80,4467.52
2026.01.06 04:00,4467.51,4473.84,4449.18,4458.92
2026.01.06 08:00,4459.29,4475.46,4442.47,4463.03
2026.01.06 12:00,4462.98,4490.71,4453.98,4478.13
2026.01.06 16:00,4478.05,4493.82,4471.39,4481.15
2026.01.06 20:00,4480.99,4500.18,4480.11,4493.18
2026.01.07 00:00,4493.15,4495.50,4459.53,4474.57
2026.01.07 04:00,4474.50,4475.79,4441.26,4460.97
2026.01.07 08:00,4460.77,4474.48,4446.38,4447.16
2026.01.07 12:00,4447.26,4454.87,4423.24,4445.89
2026.01.07 16:00,4445.88,4468.11,4443.59,4456.62
2026.01.07 20:00,4456.60,4463.89,4449.66,4463.18
2026.01.08 00:00,4463.16,4466.11,4433.18,4440.02
2026.01.08 04:00,4440.01,4440.16,4415.51,4430.77
2026.01.08 08:00,4430.75,4435.14,4419.75,4422.65
2026.01.08 12:00,4422.61,4456.17,4407.35,4453.84
2026.01.08 16:00,4453.98,4465.13,4444.46,4451.85
2026.01.08 20:00,4451.97,4483.90,4451.28,4475.39
2026.01.09 00:00,4475.36,4476.38,4452.75,4463.93
2026.01.09 04:00,4463.90,4477.17,4457.94,4470.03
2026.01.09 08:00,4470.02,4477.29,4463.87,4475.08
2026.01.09 12:00,4475.09,4516.77,4461.39,4512.12
2026.01.09 16:00,4512.07,4514.06,4481.93,4498.97
2026.01.09 20:00,4498.74,4510.92,4497.49,4509.34
2026.01.11 20:00,4522.64,4544.78,4512.96,4539.82
2026.01.12 00:00,4539.76,4600.81,4536.18,4570.42
2026.01.12 04:00,4570.45,4589.31,4563.32,4587.51
2026.01.12 08:00,4587.47,4598.99,4579.32,4585.08
2026.01.12 12:00,4584.92,4627.16,4578.17,4620.98
2026.01.12 16:00,4620.97,4629.82,4600.44,4610.49
2026.01.12 20:00,4610.76,4611.52,4577.74,4598.96
2026.01.13 00:00,4599.06,4599.36,4575.39,4593.95
2026.01.13 04:00,4593.82,4601.87,4573.52,4580.40
2026.01.13 08:00,4579.72,4596.82,4579.46,4588.37
2026.01.13 12:00,4588.38,4634.15,4577.64,4618.80
2026.01.13 16:00,4618.61,4620.56,4580.89,4597.18
2026.01.13 20:00,4597.20,4598.53,4569.39,4596.86
2026.01.14 00:00,4596.94,4629.61,4596.94,4628.02
2026.01.14 04:00,4628.03,4639.52,4617.73,4632.37
2026.01.14 08:00,4632.33,4639.42,4621.62,4630.00
2026.01.14 12:00,4630.01,4641.43,4599.18,4617.58
2026.01.14 16:00,4617.59,4642.60,4600.95,4638.98
2026.01.14 20:00,4638.97,4641.30,4602.67,4615.04
2026.01.15 00:00,4615.03,4617.98,4580.90,4592.07
2026.01.15 04:00,4591.81,4613.29,4580.92,4601.51
2026.01.15 08:00,4601.54,4622.68,4597.57,4618.94
2026.01.15 12:00,4618.93,4620.48,4582.23,4615.21
2026.01.15 16:00,4615.16,4624.37,4601.12,4615.66
2026.01.15 20:00,4615.61,4620.52,4600.56,4610.02
2026.01.16 00:00,4609.97,4611.14,4591.06,4596.11
2026.01.16 04:00,4596.04,4615.87,4593.73,4607.33
2026.01.16 08:00,4607.32,4615.75,4598.33,4612.25
2026.01.16 12:00,4612.24,4620.16,4536.65,4570.95
2026.01.16 16:00,4570.92,4598.63,4567.76,4590.37
2026.01.16 20:00,4590.36,4598.03,4580.59,4595.76
2026.01.18 20:00,4636.26,4690.28,4621.63,4672.38
2026.01.19 00:00,4672.44,4681.76,4652.99,4658.18
2026.01.19 04:00,4658.20,4678.82,4657.93,4664.88
2026.01.19 08:00,4664.92,4673.61,4659.36,4660.56
2026.01.19 12:00,4660.46,4675.80,4659.94,4674.03
2026.01.19 16:00,4674.04,4680.06,4667.09,4671.31
2026.01.19 20:00,4675.22,4676.84,4663.61,4665.23
2026.01.20 00:00,4665.21,4681.34,4659.09,4680.02
2026.01.20 04:00,4680.01,4722.52,4679.34,4716.01
2026.01.20 08:00,4715.80,4737.27,4714.64,4732.99
2026.01.20 12:00,4732.42,4750.84,4715.17,4737.34
2026.01.20 16:00,4737.38,4766.08,4728.93,4760.49
2026.01.20 20:00,4760.53,4781.02,4747.25,4775.71
2026.01.21 00:00,4775.45,4849.46,4770.31,4844.74
2026.01.21 04:00,4844.75,4888.26,4832.48,4854.94
2026.01.21 08:00,4854.80,4876.94,4851.22,4866.67
2026.01.21 12:00,4866.66,4880.65,4812.76,4847.50
2026.01.21 16:00,4847.81,4855.38,4755.60,4780.95
2026.01.21 20:00,4780.97,4839.53,4772.22,4778.06
2026.01.22 00:00,4777.95,4809.56,4772.11,4796.51
2026.01.22 04:00,4796.50,4838.73,4793.50,4832.36
2026.01.22 08:00,4832.39,4837.67,4813.86,4830.85
2026.01.22 12:00,4830.72,4873.58,4810.53,4871.25
2026.01.22 16:00,4871.49,4924.25,4867.77,4911.50
2026.01.22 20:00,4911.59,4960.44,4911.21,4958.48
2026.01.23 00:00,4958.56,4967.10,4936.19,4951.74
2026.01.23 04:00,4951.70,4967.06,4942.95,4944.21
2026.01.23 08:00,4944.14,4947.39,4899.47,4922.61
2026.01.23 12:00,4922.62,4962.94,4917.88,4960.18
2026.01.23 16:00,4960.17,4989.70,4957.94,4984.07
2026.01.23 20:00,4984.06,4989.38,4970.56,4988.27
2026.01.25 20:00,5010.90,5039.70,5001.81,5039.52
2026.01.26 00:00,5039.55,5092.75,5028.88,5076.37
2026.01.26 04:00,5076.42,5110.88,5052.11,5088.88
2026.01.26 08:00,5088.56,5097.97,5074.99,5091.18
2026.01.26 12:00,5091.09,5097.08,5054.51,5090.97
2026.01.26 16:00,5090.72,5104.67,5008.47,5028.63
2026.01.26 20:00,5029.10,5062.00,4989.75,5043.44
2026.01.27 00:00,5043.54,5079.60,5013.48,5076.54
2026.01.27 04:00,5076.53,5100.45,5056.95,5085.77
2026.01.27 08:00,5085.78,5099.17,5066.91,5076.87
2026.01.27 12:00,5076.71,5092.56,5046.84,5090.34
2026.01.27 16:00,5090.58,5102.86,5076.05,5098.63
2026.01.27 20:00,5098.64,5190.37,5097.67,5171.98
2026.01.28 00:00,5171.95,5247.17,5157.05,5234.71
2026.01.28 04:00,5234.73,5292.39,5231.97,5290.10
2026.01.28 08:00,5290.08,5311.17,5238.59,5261.30
2026.01.28 12:00,5261.31,5297.99,5236.17,5277.80
2026.01.28 16:00,5278.07,5332.07,5268.70,5325.39
2026.01.28 20:00,5325.26,5600.36,5321.11,5512.55
2026.01.29 00:00,5512.50,5551.36,5444.46,5545.45
2026.01.29 04:00,5545.47,5595.09,5516.26,5548.76
2026.01.29 08:00,5548.73,5554.47,5470.44,5522.34
2026.01.29 12:00,5522.29,5549.19,5101.83,5182.01
2026.01.29 16:00,5181.92,5374.77,5171.29,5305.34
2026.01.29 20:00,5305.20,5447.91,5282.91,5437.79
2026.01.30 00:00,5437.86,5450.34,5111.96,5195.95
2026.01.30 04:00,5195.90,5240.40,5117.64,5180.59
2026.01.30 08:00,5180.57,5180.57,4942.56,5135.03
2026.01.30 12:00,5135.21,5145.08,4980.45,5049.93
2026.01.30 16:00,5050.33,5051.57,4682.09,4932.49
2026.01.30 20:00,4932.53,4932.53,4809.20,4888.90
2026.02.01 20:00,4785.55,4869.75,4696.96,4739.64
2026.02.02 00:00,4740.26,4883.82,4584.32,4645.99
2026.02.02 04:00,4646.60,4712.49,4402.96,4586.56
2026.02.02 08:00,4586.69,4778.50,4561.86,4766.56
2026.02.02 12:00,4766.43,4811.81,4617.05,4619.75
2026.02.02 16:00,4619.70,4713.19,4596.23,4684.64
2026.02.02 20:00,4684.48,4775.29,4643.60,4774.20
2026.02.03 00:00,4773.78,4855.97,4745.49,4809.45
2026.02.03 04:00,4809.12,4933.00,4800.05,4916.95
2026.02.03 08:00,4916.94,4948.08,4883.68,4915.87
2026.02.03 12:00,4915.82,4950.43,4891.87,4934.77
2026.02.03 16:00,4934.84,4993.18,4880.12,4926.82
2026.02.03 20:00,4926.86,4971.68,4902.26,4947.19
2026.02.04 00:00,4947.21,5073.02,4945.64,5069.17
2026.02.04 04:00,5069.16,5090.73,5050.87,5084.52
2026.02.04 08:00,5084.37,5091.69,5013.27,5046.95
2026.02.04 12:00,5046.85,5062.89,4887.34,4920.31
2026.02.04 16:00,4919.82,4957.44,4852.38,4941.47
2026.02.04 20:00,4941.52,5023.50,4914.48,5012.23
2026.02.05 00:00,5012.04,5019.98,4789.19,4880.44
2026.02.05 04:00,4880.42,4940.11,4827.46,4914.73
2026.02.05 08:00,4915.00,4943.39,4848.37,4868.20
2026.02.05 12:00,4868.18,4877.73,4800.25,4817.98
2026.02.05 16:00,4817.60,4906.08,4812.45,4829.07
2026.02.05 20:00,4829.08,4842.91,4703.18,4703.71
2026.02.06 00:00,4703.60,4845.63,4654.85,4823.90
2026.02.06 04:00,4823.82,4902.70,4807.06,4840.68
2026.02.06 08:00,4840.42,4895.53,4829.10,4887.01
2026.02.06 12:00,4886.82,4963.96,4871.85,4943.09
2026.02.06 16:00,4943.15,4970.88,4922.16,4957.03
2026.02.06 20:00,4957.04,4968.17,4936.37,4968.04
2026.02.08 20:00,4990.52,5046.77,4964.94,5035.71
2026.02.09 00:00,5035.70,5044.62,4969.36,5015.95
2026.02.09 04:00,5016.02,5045.12,4997.65,5005.83
2026.02.09 08:00,5005.79,5040.21,4982.16,5010.45
2026.02.09 12:00,5010.46,5059.90,4994.91,5058.50
2026.02.09 16:00,5058.52,5080.10,5040.81,5074.22
2026.02.09 20:00,5074.25,5086.05,4986.78,5031.54
2026.02.10 00:00,5031.56,5055.78,5009.31,5029.81
2026.02.10 04:00,5029.79,5044.89,5011.13,5033.60
2026.02.10 08:00,5033.62,5062.97,5028.65,5055.46
2026.02.10 12:00,5055.47,5078.09,4998.77,5019.26
2026.02.10 16:00,5019.28,5039.75,5004.39,5027.59
2026.02.10 20:00,5027.22,5054.17,5020.02,5041.53
2026.02.11 00:00,5041.67,5060.20,5028.07,5054.05
2026.02.11 04:00,5054.02,5068.61,5043.10,5055.12
2026.02.11 08:00,5055.03,5116.67,5045.89,5111.52
2026.02.11 12:00,5111.54,5119.10,5020.08,5059.96
2026.02.11 16:00,5059.60,5098.66,5042.82,5081.37
2026.02.11 20:00,5081.65,5099.73,5053.92,5060.81
2026.02.12 00:00,5061.00,5074.44,5045.09,5056.88
2026.02.12 04:00,5056.86,5077.80,5046.85,5063.66
2026.02.12 08:00,5063.61,5080.24,5052.30,5063.99
2026.02.12 12:00,5063.94,5083.36,5039.45,5060.53
2026.02.12 16:00,5060.49,5068.21,4878.53,4945.44
2026.02.12 20:00,4945.65,4948.04,4888.13,4920.09
2026.02.13 00:00,4920.08,4991.27,4913.87,4981.02
2026.02.13 04:00,4981.01,4996.88,4945.23,4974.54
2026.02.13 08:00,4974.82,4988.85,4934.04,4953.71
2026.02.13 12:00,4953.27,5020.33,4951.92,4976.86
2026.02.13 16:00,4976.88,5045.94,4975.38,5023.62
2026.02.13 20:00,5023.67,5045.96,5021.50,5042.29
2026.02.15 20:00,5035.33,5035.59,5007.15,5019.94
2026.02.16 00:00,5019.95,5031.05,4975.18,4987.24
2026.02.16 04:00,4987.20,5009.67,4964.96,5006.93
2026.02.16 08:00,5006.95,5017.13,4995.43,5004.10
2026.02.16 12:00,5004.11,5007.76,4968.95,4979.22
2026.02.16 16:00,4979.19,4997.64,4972.66,4991.88
2026.02.16 20:00,4991.37,5000.44,4985.10,4989.46
2026.02.17 00:00,4989.49,4991.21,4922.77,4956.69
2026.02.17 04:00,4956.66,4960.19,4858.40,4917.01
2026.02.17 08:00,4916.89,4939.05,4907.41,4928.62
2026.02.17 12:00,4928.50,4943.91,4841.91,4878.31
2026.02.17 16:00,4878.30,4910.38,4850.12,4880.40
2026.02.17 20:00,4880.33,4886.24,4853.81,4859.13
2026.02.18 00:00,4859.12,4921.98,4858.18,4920.40
2026.02.18 04:00,4920.39,4941.78,4918.02,4930.20
2026.02.18 08:00,4930.19,4932.25,4906.21,4913.14
2026.02.18 12:00,4913.12,5008.60,4912.06,4997.53
2026.02.18 16:00,4997.86,5010.80,4972.85,4980.45
2026.02.18 20:00,4980.43,4988.23,4960.31,4975.84
2026.02.19 00:00,4975.64,4982.92,4960.10,4981.37
2026.02.19 04:00,4981.26,5021.61,4976.71,5010.17
2026.02.19 08:00,5010.06,5021.52,4977.69,4984.47
2026.02.19 12:00,4984.73,5021.68,4963.52,5013.68
2026.02.19 16:00,5014.05,5014.39,4975.46,4987.46
2026.02.19 20:00,4987.51,5007.95,4985.89,4987.78
2026.02.20 00:00,4987.80,5014.51,4981.11,4987.82
2026.02.20 04:00,4988.28,5029.82,4986.49,5006.27
2026.02.20 08:00,5006.62,5042.07,5004.66,5017.10
2026.02.20 12:00,5017.11,5063.99,4989.51,5042.46
2026.02.20 16:00,5042.54,5079.93,5038.66,5079.59
2026.02.20 20:00,5079.57,5107.92,5076.63,5105.83
2026.02.22 20:00,5108.20,5171.56,5108.17,5165.50
2026.02.23 00:00,5165.49,5176.26,5129.12,5166.67
2026.02.23 04:00,5166.63,5168.44,5124.94,5136.61
2026.02.23 08:00,5136.58,5163.22,5122.52,5149.81
2026.02.23 12:00,5149.72,5204.60,5141.83,5195.99
2026.02.23 16:00,5195.66,5218.73,5175.64,5215.40
2026.02.23 20:00,5215.32,5249.42,5214.87,5235.67
2026.02.24 00:00,5235.55,5237.97,5145.10,5171.78
2026.02.24 04:00,5171.71,5185.16,5156.76,5178.97
2026.02.24 08:00,5178.38,5181.24,5163.28,5172.69
2026.02.24 12:00,5172.68,5173.59,5093.45,5150.19
2026.02.24 16:00,5150.36,5169.64,5131.10,5153.62
2026.02.24 20:00,5153.73,5172.78,5118.06,5146.60
2026.02.25 00:00,5146.61,5193.63,5136.94,5181.80
2026.02.25 04:00,5181.88,5210.07,5172.60,5184.32
2026.02.25 08:00,5184.28,5196.79,5155.20,5181.47
2026.02.25 12:00,5181.30,5202.47,5158.99,5194.72
2026.02.25 16:00,5194.71,5217.39,5189.32,5204.73
2026.02.25 20:00,5204.64,5205.88,5145.89,5163.12
2026.02.26 00:00,5163.19,5198.31,5155.38,5192.40
2026.02.26 04:00,5192.31,5204.97,5179.45,5185.47
2026.02.26 08:00,5185.54,5190.58,5161.42,5164.60
2026.02.26 12:00,5164.65,5192.26,5131.03,5185.30
2026.02.26 16:00,5185.71,5193.66,5160.88,5186.75
2026.02.26 20:00,5186.70,5200.29,5174.16,5184.15
2026.02.27 00:00,5184.02,5199.41,5166.78,5183.84
2026.02.27 04:00,5183.81,5200.13,5175.58,5175.93
2026.02.27 08:00,5175.94,5185.36,5168.64,5185.36
2026.02.27 12:00,5185.35,5245.82,5182.80,5238.68
2026.02.27 16:00,5238.76,5257.43,5221.90,5249.74
2026.02.27 20:00,5249.66,5281.19,5248.10,5278.85
2026.03.01 20:00,5319.79,5392.97,5315.19,5386.76
2026.03.02 00:00,5386.85,5388.18,5303.43,5366.10
2026.03.02 04:00,5366.11,5418.80,5340.78,5407.98
2026.03.02 08:00,5408.00,5416.47,5375.28,5385.18
2026.03.02 12:00,5385.23,5415.84,5306.70,5316.13
2026.03.02 16:00,5316.20,5334.00,5260.63,5330.33
2026.03.02 20:00,5330.48,5346.79,5321.44,5345.58
2026.03.03 00:00,5345.60,5379.79,5332.16,5366.89
2026.03.03 04:00,5367.24,5375.28,5278.91,5327.18
2026.03.03 08:00,5327.04,5335.47,5074.63,5145.10
2026.03.03 12:00,5144.79,5226.44,4996.29,5095.24
2026.03.03 16:00,5095.43,5148.61,5065.02,5112.93
2026.03.03 20:00,5113.16,5130.00,5083.40,5125.03
2026.03.04 00:00,5125.02,5190.48,5105.77,5174.89
2026.03.04 04:00,5174.90,5180.52,5120.85,5167.84
2026.03.04 08:00,5167.83,5202.07,5147.42,5192.32
2026.03.04 12:00,5192.36,5206.09,5131.45,5150.78
2026.03.04 16:00,5150.81,5162.39,5109.39,5137.59
2026.03.04 20:00,5136.98,5166.00,5123.63,5164.96
2026.03.05 00:00,5164.92,5194.95,5159.09,5179.95
2026.03.05 04:00,5179.80,5186.64,5120.70,5161.79
2026.03.05 08:00,5161.69,5180.33,5137.60,5163.72
2026.03.05 12:00,5163.74,5171.61,5061.85,5102.21
2026.03.05 16:00,5102.17,5104.03,5050.99,5065.57
2026.03.05 20:00,5065.73,5101.57,5061.46,5086.10
2026.03.06 00:00,5086.23,5143.75,5066.27,5130.83
2026.03.06 04:00,5130.80,5136.07,5105.45,5119.30
2026.03.06 08:00,5119.31,5122.99,5062.50,5076.73
2026.03.06 12:00,5076.88,5171.18,5065.49,5141.88
2026.03.06 16:00,5141.79,5174.50,5126.10,5159.60
2026.03.06 20:00,5159.68,5175.18,5149.95,5173.83
2026.03.08 20:00,5130.11,5135.76,5043.78,5075.39
2026.03.09 00:00,5075.36,5102.00,5014.59,5091.28
2026.03.09 04:00,5091.14,5140.53,5080.76,5099.15
2026.03.09 08:00,5099.41,5132.00,5079.37,5087.95
2026.03.09 12:00,5088.12,5115.40,5061.36,5099.10
2026.03.09 16:00,5099.13,5143.81,5088.99,5140.70
2026.03.09 20:00,5140.66,5155.85,5134.14,5139.61
2026.03.10 00:00,5139.58,5186.31,5124.59,5157.54
2026.03.10 04:00,5157.67,5181.04,5154.28,5180.90
2026.03.10 08:00,5180.88,5194.84,5156.28,5174.95
2026.03.10 12:00,5175.05,5238.52,5162.55,5228.40
2026.03.10 16:00,5228.53,5235.24,5160.70,5198.49
2026.03.10 20:00,5198.03,5198.93,5187.57,5196.85
2026.03.11 00:00,5196.80,5223.10,5186.99,5203.47
2026.03.11 04:00,5203.30,5210.59,5184.81,5195.40
2026.03.11 08:00,5195.66,5198.41,5175.34,5181.45
2026.03.11 12:00,5181.32,5196.19,5149.40,5166.39
2026.03.11 16:00,5166.36,5182.93,5154.89,5182.44
2026.03.11 20:00,5182.46,5183.23,5133.07,5134.23
2026.03.12 00:00,5134.22,5174.80,5125.66,5152.74
2026.03.12 04:00,5152.88,5184.88,5136.90,5182.01
2026.03.12 08:00,5182.30,5191.43,5172.54,5179.04
2026.03.12 12:00,5179.13,5185.90,5109.65,5132.11
2026.03.12 16:00,5132.13,5137.61,5079.62,5084.98
2026.03.12 20:00,5085.10,5100.98,5054.95,5097.60
2026.03.13 00:00,5097.56,5128.18,5097.07,5115.57
2026.03.13 04:00,5115.44,5117.94,5071.39,5085.35
2026.03.13 08:00,5085.33,5107.06,5061.36,5106.95
2026.03.13 12:00,5106.81,5121.76,5031.71,5035.03
2026.03.13 16:00,5035.16,5063.49,5009.52,5015.76
2026.03.13 20:00,5016.30,5025.06,5011.94,5016.47
2026.03.15 20:00,5024.26,5026.12,4967.70,4997.15
2026.03.16 00:00,4997.20,5030.50,4982.47,5018.84
2026.03.16 04:00,5018.86,5035.75,4991.77,4995.35
2026.03.16 08:00,4994.87,5022.40,4969.82,4996.93
2026.03.16 12:00,4996.94,5037.73,4983.95,4986.99
2026.03.16 16:00,4987.06,5020.15,4974.01,5012.99
2026.03.16 20:00,5012.89,5021.38,5002.01,5012.87
2026.03.17 00:00,5012.88,5033.32,4994.71,5027.17
2026.03.17 04:00,5027.16,5044.34,5005.04,5021.02
2026.03.17 08:00,5021.12,5029.24,4991.93,5003.10
2026.03.17 12:00,5003.04,5031.11,4973.70,4997.51
2026.03.17 16:00,4997.69,5009.01,4991.74,5000.32
2026.03.17 20:00,5000.44,5006.66,4998.71,5002.55
2026.03.18 00:00,5002.53,5015.76,4986.04,4991.15
2026.03.18 04:00,4991.14,5016.11,4981.64,4994.81
2026.03.18 08:00,4994.86,4996.66,4925.04,4929.99
2026.03.18 12:00,4930.04,4932.16,4834.08,4862.22
2026.03.18 16:00,4862.24,4898.92,4838.21,4842.96
2026.03.18 20:00,4842.44,4848.28,4806.76,4836.45
2026.03.19 00:00,4836.44,4866.64,4832.76,4850.65
2026.03.19 04:00,4850.61,4853.66,4727.24,4727.67
2026.03.19 08:00,4728.02,4740.22,4651.09,4652.45
2026.03.19 12:00,4651.74,4653.66,4500.99,4596.17
2026.03.19 16:00,4596.16,4662.98,4573.88,4643.31
2026.03.19 20:00,4642.89,4661.71,4634.06,4643.35
2026.03.20 00:00,4642.71,4735.52,4639.01,4725.54
2026.03.20 04:00,4725.54,4727.34,4661.15,4706.07
2026.03.20 08:00,4706.09,4734.47,4636.86,4671.29
2026.03.20 12:00,4671.35,4695.36,4540.53,4553.29
2026.03.20 16:00,4553.29,4613.52,4477.18,4500.70
2026.03.20 20:00,4501.08,4514.48,4489.91,4492.39
2026.03.22 20:00,4498.23,4509.98,4452.81,4464.58
2026.03.23 00:00,4464.57,4473.03,4319.95,4352.61
2026.03.23 04:00,4352.63,4381.57,4099.17,4203.89
2026.03.23 08:00,4205.35,4462.63,4203.35,4378.61
2026.03.23 12:00,4379.00,4512.61,4336.89,4363.81
2026.03.23 16:00,4363.62,4466.67,4352.61,4398.28
2026.03.23 20:00,4396.17,4448.08,4382.83,4440.93
2026.03.24 00:00,4440.75,4446.38,4305.60,4346.95
2026.03.24 04:00,4347.04,4432.08,4319.66,4417.20
2026.03.24 08:00,4415.77,4441.75,4375.86,4407.80
2026.03.24 12:00,4408.11,4433.46,4351.35,4411.66
2026.03.24 16:00,4411.52,4427.24,4372.14,4400.05
2026.03.24 20:00,4399.54,4551.48,4397.30,4546.58
2026.03.25 00:00,4546.39,4602.33,4537.27,4568.83
2026.03.25 04:00,4567.88,4574.20,4532.97,4539.18
2026.03.25 08:00,4539.41,4585.46,4527.56,4578.65
2026.03.25 12:00,4579.33,4583.38,4521.48,4558.82
2026.03.25 16:00,4558.77,4568.58,4487.22,4530.42
2026.03.25 20:00,4530.49,4541.89,4488.94,4498.03
2026.03.26 00:00,4497.99,4543.74,4497.99,4516.43
2026.03.26 04:00,4516.90,4524.10,4415.72,4452.47
2026.03.26 08:00,4451.19,4458.99,4412.44,4422.98
2026.03.26 12:00,4422.81,4478.86,4416.47,4438.08
2026.03.26 16:00,4438.08,4442.37,4359.20,4363.95
2026.03.26 20:00,4361.07,4420.41,4350.91,4404.88
2026.03.27 00:00,4404.86,4446.04,4375.35,4437.37
2026.03.27 04:00,4437.37,4474.79,4431.27,4447.40
2026.03.27 08:00,4446.81,4450.41,4404.10,4419.86
2026.03.27 12:00,4419.85,4555.24,4412.52,4523.88
2026.03.27 16:00,4523.91,4533.57,4486.54,4514.26
2026.03.27 20:00,4514.76,4519.96,4491.16,4491.97
2026.03.29 20:00,4484.24,4492.41,4443.62,4448.44
2026.03.30 00:00,4450.53,4517.16,4418.72,4495.88
2026.03.30 04:00,4495.89,4550.42,4486.25,4527.14
2026.03.30 08:00,4527.09,4580.57,4523.44,4559.37
2026.03.30 12:00,4559.35,4578.45,4512.41,4547.97
2026.03.30 16:00,4548.11,4549.46,4492.82,4513.28
2026.03.30 20:00,4513.61,4520.78,4492.40,4513.42
2026.03.31 00:00,4513.46,4619.14,4482.50,4556.94
2026.03.31 04:00,4556.96,4581.38,4543.33,4564.24
2026.03.31 08:00,4564.30,4593.05,4529.39,4582.15
2026.03.31 12:00,4582.84,4629.94,4567.74,4609.25
2026.03.31 16:00,4609.25,4685.37,4606.93,4682.77
2026.03.31 20:00,4683.95,4699.42,4664.59,4696.17
2026.04.01 00:00,4694.97,4723.84,4677.95,4681.66
2026.04.01 04:00,4681.65,4747.46,4666.87,4712.80
2026.04.01 08:00,4712.79,4762.82,4710.24,4752.56
2026.04.01 12:00,4752.18,4787.88,4716.08,4786.25
2026.04.01 16:00,4785.93,4792.52,4741.89,4765.63
2026.04.01 20:00,4768.14,4800.16,4754.29,4783.88
2026.04.02 00:00,4783.91,4798.52,4650.07,4675.97
2026.04.02 04:00,4676.04,4681.29,4553.95,4642.42
2026.04.02 08:00,4642.43,4648.50,4592.53,4599.88
2026.04.02 12:00,4601.14,4699.30,4580.59,4660.85
2026.04.02 16:00,4660.84,4681.63,4642.81,4671.84
2026.04.02 20:00,4672.42,4677.64,4664.26,4676.71
2026.04.05 20:00,4646.16,4651.00,4605.07,4610.59
2026.04.06 00:00,4610.66,4671.72,4600.70,4640.31
2026.04.06 04:00,4640.30,4688.06,4639.78,4684.54
2026.04.06 08:00,4684.23,4706.22,4676.86,4677.77
2026.04.06 12:00,4677.71,4697.34,4651.94,4667.87
2026.04.06 16:00,4668.05,4672.30,4645.33,4655.10
2026.04.06 20:00,4656.75,4660.91,4647.81,4658.64
2026.04.07 00:00,4658.02,4664.33,4616.14,4649.44
2026.04.07 04:00,4649.42,4663.55,4623.10,4645.87
2026.04.07 08:00,4646.01,4694.15,4628.73,4659.56
2026.04.07 12:00,4660.12,4670.56,4607.47,4655.33
2026.04.07 16:00,4655.39,4717.95,4652.39,4700.78
2026.04.07 20:00,4700.49,4835.98,4697.17,4833.28
2026.04.08 00:00,4832.98,4856.58,4788.03,4797.32
2026.04.08 04:00,4797.44,4843.35,4790.02,4813.27
2026.04.08 08:00,4813.24,4819.60,4771.05,4798.05
2026.04.08 12:00,4798.21,4806.94,4732.28,4756.22
2026.04.08 16:00,4755.98,4765.35,4699.30,4730.51
2026.04.08 20:00,4730.70,4731.99,4705.34,4715.54
2026.04.09 00:00,4715.41,4732.73,4698.75,4711.34
2026.04.09 04:00,4711.40,4731.15,4703.42,4724.23
2026.04.09 08:00,4724.97,4756.92,4719.67,4756.38
2026.04.09 12:00,4756.70,4797.83,4734.86,4792.61
2026.04.09 16:00,4792.92,4800.90,4766.98,4768.44
2026.04.09 20:00,4769.21,4773.17,4756.76,4763.51
2026.04.10 00:00,4763.10,4776.90,4737.93,4766.38
2026.04.10 04:00,4766.42,4770.57,4741.09,4749.33
2026.04.10 08:00,4749.45,4768.51,4730.72,4767.93
2026.04.10 12:00,4768.18,4794.85,4755.23,4762.23
2026.04.10 16:00,4762.08,4773.04,4747.36,4759.40
2026.04.10 20:00,4759.59,4759.59,4740.48,4746.62
2026.04.12 20:00,4658.92,4671.36,4644.32,4671.32
2026.04.13 00:00,4671.22,4727.81,4664.53,4717.95
2026.04.13 04:00,4717.94,4739.77,4708.48,4733.48
2026.04.13 08:00,4733.52,4738.36,4703.63,4706.42
2026.04.13 12:00,4706.63,4744.23,4699.41,4714.40
2026.04.13 16:00,4714.35,4749.82,4709.18,4741.39
2026.04.13 20:00,4740.59,4765.41,4738.03,4757.42
2026.04.14 00:00,4757.88,4776.78,4751.39,4767.58
2026.04.14 04:00,4767.93,4795.40,4757.83,4777.05
2026.04.14 08:00,4776.72,4789.79,4753.11,4774.78
2026.04.14 12:00,4774.87,4817.66,4762.13,4807.92
2026.04.14 16:00,4807.83,4846.02,4804.93,4844.82
2026.04.14 20:00,4845.12,4846.08,4833.56,4837.03
2026.04.15 00:00,4837.07,4871.25,4816.85,4823.83
2026.04.15 04:00,4823.81,4830.34,4803.88,4810.96
2026.04.15 08:00,4811.18,4820.65,4786.15,4812.41
2026.04.15 12:00,4812.42,4830.30,4786.82,4801.36
2026.04.15 16:00,4801.37,4812.39,4790.06,4795.43
2026.04.15 20:00,4796.23,4826.48,4787.67,4823.22
2026.04.16 00:00,4823.22,4837.31,4811.06,4823.96
2026.04.16 04:00,4823.88,4838.17,4814.33,4820.77
2026.04.16 08:00,4821.39,4822.24,4804.96,4821.95
2026.04.16 12:00,4821.92,4823.57,4772.90,4806.77
2026.04.16 16:00,4807.14,4809.74,4781.13,4793.17
2026.04.16 20:00,4792.88,4797.60,4786.20,4791.88
2026.04.17 00:00,4791.49,4800.87,4767.45,4793.07
2026.04.17 04:00,4792.97,4806.02,4778.62,4784.15
2026.04.17 08:00,4784.12,4811.52,4780.69,4798.96
2026.04.17 12:00,4799.83,4891.43,4797.47,4867.21
2026.04.17 16:00,4867.24,4873.15,4852.53,4854.35
2026.04.17 20:00,4852.59,4854.91,4825.49,4832.86
2026.04.19 20:00,4779.14,4779.28,4736.91,4754.85
2026.04.20 00:00,4755.01,4814.14,4744.82,4790.70
2026.04.20 04:00,4791.04,4805.57,4779.72,4789.51
2026.04.20 08:00,4789.18,4810.59,4783.27,4810.29
2026.04.20 12:00,4810.32,4827.33,4792.27,4799.47
2026.04.20 16:00,4799.76,4821.17,4792.63,4813.99
2026.04.20 20:00,4814.02,4831.61,4812.08,4821.63
2026.04.21 00:00,4821.63,4830.45,4792.42,4796.91
2026.04.21 04:00,4796.91,4797.59,4772.54,4785.68
2026.04.21 08:00,4785.87,4797.63,4774.68,4794.40
2026.04.21 12:00,4794.75,4796.81,4723.40,4741.36
2026.04.21 16:00,4741.31,4746.39,4668.36,4679.22
2026.04.21 20:00,4677.75,4740.36,4668.85,4737.79
2026.04.22 00:00,4737.95,4764.78,4735.76,4757.95
2026.04.22 04:00,4758.04,4772.06,4751.98,4760.36
2026.04.22 08:00,4760.58,4762.24,4745.62,4750.19
2026.04.22 12:00,4750.18,4760.57,4724.79,4727.42
2026.04.22 16:00,4727.42,4749.17,4723.81,4740.25
2026.04.22 20:00,4739.29,4740.48,4723.43,4727.58
2026.04.23 00:00,4727.75,4753.37,4694.01,4703.63
2026.04.23 04:00,4703.63,4720.96,4692.50,4718.89
2026.04.23 08:00,4718.82,4724.56,4684.06,4720.41
2026.04.23 12:00,4720.46,4742.96,4716.19,4720.27
2026.04.23 16:00,4720.32,4736.93,4664.00,4696.03
2026.04.23 20:00,4694.75,4700.55,4686.28,4695.15
2026.04.24 00:00,4695.16,4710.81,4668.55,4671.93
2026.04.24 04:00,4671.93,4695.02,4657.86,4694.26
2026.04.24 08:00,4693.65,4717.10,4674.45,4706.65
2026.04.24 12:00,4706.65,4740.16,4689.59,4727.04
2026.04.24 16:00,4726.54,4729.83,4713.47,4716.84
2026.04.24 20:00,4716.56,4716.56,4705.15,4708.18
2026.04.26 20:00,4683.91,4684.67,4674.94,4679.80
2026.04.27 00:00,4679.77,4729.14,4672.01,4723.94
2026.04.27 04:00,4723.87,4729.79,4708.62,4713.09
2026.04.27 08:00,4713.09,4714.48,4699.33,4704.58
2026.04.27 12:00,4704.59,4712.36,4666.99,4669.81
2026.04.27 16:00,4669.80,4685.93,4667.15,4680.30
2026.04.27 20:00,4680.46,4694.83,4677.32,4691.77
2026.04.28 00:00,4691.77,4701.02,4666.60,4670.93
2026.04.28 04:00,4670.85,4671.24,4620.40,4632.90
2026.04.28 08:00,4632.89,4635.06,4555.40,4562.39
2026.04.28 12:00,4563.33,4599.81,4554.75,4586.29
2026.04.28 16:00,4586.64,4601.26,4577.70,4595.49
2026.04.28 20:00,4595.00,4598.51,4587.72,4595.45
2026.04.29 00:00,4595.03,4610.09,4575.48,4595.17
2026.04.29 04:00,4595.34,4607.42,4567.14,4567.60
2026.04.29 08:00,4568.87,4580.57,4551.39,4561.51
2026.04.29 12:00,4561.47,4568.78,4510.05,4547.34
2026.04.29 16:00,4547.46,4564.63,4518.09,4546.53
2026.04.29 20:00,4546.33,4561.74,4541.11,4561.51
2026.04.30 00:00,4561.58,4582.18,4555.55,4555.91
2026.04.30 04:00,4555.79,4605.12,4540.69,4598.30
2026.04.30 08:00,4598.34,4646.51,4597.16,4629.97
2026.04.30 12:00,4629.97,4645.42,4609.44,4615.15
2026.04.30 16:00,4615.12,4627.07,4605.24,4616.62
2026.04.30 20:00,4617.87,4633.85,4615.32,4626.32
2026.05.01 00:00,4626.30,4635.79,4613.72,4626.49
2026.05.01 04:00,4626.49,4628.48,4575.51,4577.97
2026.05.01 08:00,4579.21,4582.33,4560.16,4578.47
2026.05.01 12:00,4578.16,4659.92,4574.69,4643.00
2026.05.01 16:00,4642.42,4649.79,4608.65,4609.86
2026.05.01 20:00,4610.08,4617.11,4606.73,4614.02
2026.05.03 20:00,4618.63,4620.56,4611.14,4613.71
2026.05.04 00:00,4613.58,4618.27,4590.94,4614.81
2026.05.04 04:00,4614.82,4615.13,4577.88,4578.72
2026.05.04 08:00,4578.64,4584.24,4525.79,4559.66
2026.05.04 12:00,4560.05,4582.98,4514.16,4521.34
2026.05.04 16:00,4521.26,4531.33,4500.65,4517.21
2026.05.04 20:00,4516.68,4523.77,4511.58,4518.72
2026.05.05 00:00,4519.14,4546.39,4513.40,4534.40
2026.05.05 04:00,4534.40,4557.98,4527.81,4545.29
2026.05.05 08:00,4545.32,4564.66,4539.72,4562.56
2026.05.05 12:00,4562.57,4586.31,4554.09,4568.36
2026.05.05 16:00,4568.32,4568.76,4551.35,4554.78
2026.05.05 20:00,4554.56,4595.48,4553.80,4593.83
2026.05.06 00:00,4594.41,4651.60,4588.03,4643.65
2026.05.06 04:00,4643.52,4681.51,4642.89,4681.38
2026.05.06 08:00,4681.04,4722.50,4671.45,4691.95
2026.05.06 12:00,4691.85,4717.22,4660.42,4687.90
2026.05.06 16:00,4687.55,4700.01,4678.72,4692.27
2026.05.06 20:00,4692.78,4699.40,4685.04,4698.76
2026.05.07 00:00,4698.76,4720.88,4684.98,4698.91
2026.05.07 04:00,4698.78,4750.39,4692.11,4742.91
2026.05.07 08:00,4742.91,4753.19,4721.74,4742.56
2026.05.07 12:00,4742.74,4764.52,4726.20,4729.04
2026.05.07 16:00,4729.16,4729.50,4687.79,4702.93
2026.05.07 20:00,4702.89,4719.01,4684.38,4704.18
2026.05.08 00:00,4704.03,4732.50,4693.85,4719.43
2026.05.08 04:00,4719.54,4734.29,4696.89,4707.75
2026.05.08 08:00,4707.74,4727.55,4706.52,4717.50
2026.05.08 12:00,4717.85,4749.09,4701.84,4706.82
2026.05.08 16:00,4706.84,4728.76,4705.21,4723.87
2026.05.08 20:00,4723.79,4723.86,4714.26,4714.77
2026.05.10 20:00,4691.42,4698.28,4688.62,4691.57
2026.05.11 00:00,4691.38,4705.25,4670.07,4678.37
2026.05.11 04:00,4678.97,4680.34,4647.90,4667.52
2026.05.11 08:00,4667.55,4678.51,4650.36,4674.27
2026.05.11 12:00,4674.61,4748.22,4667.20,4731.98
2026.05.11 16:00,4732.13,4736.00,4707.99,4733.46
2026.05.11 20:00,4734.82,4769.46,4729.79,4767.20
2026.05.12 00:00,4767.19,4773.21,4717.92,4719.97
2026.05.12 04:00,4719.95,4730.15,4687.29,4699.61
2026.05.12 08:00,4700.94,4708.95,4684.96,4706.36
2026.05.12 12:00,4706.47,4711.31,4638.01,4665.85
2026.05.12 16:00,4666.00,4715.37,4664.00,4715.37
2026.05.12 20:00,4717.04,4723.58,4710.70,4716.66
2026.05.13 00:00,4715.70,4726.34,4687.49,4695.73
2026.05.13 04:00,4695.71,4715.13,4693.48,4702.61
2026.05.13 08:00,4702.51,4709.84,4685.74,4697.12
2026.05.13 12:00,4696.81,4701.06,4669.26,4695.20
2026.05.13 16:00,4695.18,4709.48,4677.66,4688.33
2026.05.13 20:00,4688.19,4702.20,4686.01,4696.61
2026.05.14 00:00,4696.28,4707.05,4673.98,4675.03
2026.05.14 04:00,4675.03,4718.74,4668.87,4693.14
2026.05.14 08:00,4693.17,4706.67,4688.54,4694.43
2026.05.14 12:00,4693.63,4710.05,4666.97,4685.88
2026.05.14 16:00,4685.78,4686.88,4653.19,4654.23
2026.05.14 20:00,4654.85,4665.23,4644.37,4652.13
2026.05.15 00:00,4651.65,4658.21,4607.19,4615.50
2026.05.15 04:00,4615.47,4621.48,4556.32,4570.92
2026.05.15 08:00,4571.83,4572.52,4531.84,4551.99
2026.05.15 12:00,4551.98,4566.48,4511.80,4539.68
2026.05.15 16:00,4540.89,4564.46,4529.40,4545.97
2026.05.15 20:00,4545.59,4546.04,4533.14,4539.10
2026.05.17 20:00,4535.22,4555.07,4527.98,4537.16
2026.05.18 00:00,4537.14,4547.94,4480.62,4541.08
2026.05.18 04:00,4541.06,4559.78,4529.79,4546.23
2026.05.18 08:00,4545.85,4566.71,4530.06,4550.65
2026.05.18 12:00,4550.27,4584.17,4531.93,4543.51
2026.05.18 16:00,4543.83,4564.99,4533.88,4558.41
2026.05.18 20:00,4559.75,4588.81,4557.94,4581.79
2026.05.19 00:00,4582.08,4588.93,4543.68,4544.92
2026.05.19 04:00,4545.00,4559.37,4531.15,4557.21
2026.05.19 08:00,4557.22,4559.07,4525.49,4530.78
2026.05.19 12:00,4530.31,4547.09,4465.02,4508.43
2026.05.19 16:00,4508.87,4512.39,4481.28,4483.24
2026.05.19 20:00,4483.55,4496.41,4477.49,4489.34
2026.05.20 00:00,4489.54,4508.74,4453.68,4463.70
2026.05.20 04:00,4463.70,4485.93,4456.78,4478.60
2026.05.20 08:00,4478.61,4501.07,4472.87,4499.15
2026.05.20 12:00,4498.77,4552.51,4467.14,4529.17
2026.05.20 16:00,4529.21,4550.05,4524.20,4546.01
2026.05.20 20:00,4546.53,4550.35,4534.61,4546.58
2026.05.21 00:00,4546.82,4570.74,4527.19,4528.32
2026.05.21 04:00,4528.29,4540.47,4512.05,4519.71
2026.05.21 08:00,4519.70,4543.02,4505.09,4514.10
2026.05.21 12:00,4514.13,4520.82,4488.81,4511.93
2026.05.21 16:00,4512.35,4559.28,4512.32,4542.68
2026.05.21 20:00,4543.59,4546.65,4532.60,4535.49
2026.05.22 00:00,4535.52,4541.04,4518.58,4529.44
2026.05.22 04:00,4529.44,4534.21,4507.45,4521.87
2026.05.22 08:00,4522.22,4536.80,4510.17,4520.68
2026.05.22 12:00,4520.25,4535.78,4488.36,4520.08
2026.05.22 16:00,4520.12,4527.66,4504.30,4508.35
2026.05.22 20:00,4508.70,4510.53,4504.35,4509.32
2026.05.24 20:00,4536.82,4579.90,4531.56,4566.99
2026.05.25 00:00,4566.92,4579.52,4556.85,4559.79
2026.05.25 04:00,4559.71,4565.74,4550.47,4564.81
2026.05.25 08:00,4564.89,4576.87,4553.35,4569.42
2026.05.25 12:00,4569.41,4574.57,4553.00,4570.92
2026.05.25 16:00,4570.95,4577.52,4563.32,4569.58
2026.05.25 20:00,4569.58,4580.11,4555.19,4559.70
2026.05.26 00:00,4559.93,4559.93,4527.80,4542.30
2026.05.26 04:00,4542.23,4543.15,4521.68,4538.17
2026.05.26 08:00,4538.20,4540.48,4503.85,4507.16
2026.05.26 12:00,4506.48,4531.16,4500.68,4506.47
2026.05.26 16:00,4506.39,4511.16,4482.64,4508.89
2026.05.26 20:00,4509.24,4537.84,4498.15,4519.58
2026.05.27 00:00,4519.59,4525.84,4496.74,4497.10
2026.05.27 04:00,4497.15,4517.28,4475.88,4482.12
2026.05.27 08:00,4482.12,4498.66,4425.08,4428.69
2026.05.27 12:00,4428.73,4466.25,4401.47,4436.52
2026.05.27 16:00,4436.58,4458.25,4434.15,4450.75
2026.05.27 20:00,4450.80,4467.80,4444.28,4447.09
2026.05.28 00:00,4447.08,4458.64,4368.49,4374.80
2026.05.28 04:00,4374.80,4396.10,4366.56,4387.52
2026.05.28 08:00,4388.18,4404.12,4375.61,4387.94
2026.05.28 12:00,4388.30,4484.66,4379.71,4482.20
2026.05.28 16:00,4482.25,4516.49,4478.04,4497.94
2026.05.28 20:00,4497.40,4500.67,4489.06,4495.13
2026.05.29 00:00,4495.12,4520.70,4492.22,4501.28
2026.05.29 04:00,4501.08,4526.01,4501.05,4524.71
2026.05.29 08:00,4524.46,4543.24,4510.00,4538.39
2026.05.29 12:00,4538.56,4595.25,4512.74,4571.12
2026.05.29 16:00,4571.17,4573.34,4542.84,4545.49
2026.05.29 20:00,4546.49,4549.08,4537.63,4537.95
2026.05.31 20:00,4537.53,4545.72,4517.96,4539.55
2026.06.01 00:00,4539.11,4545.90,4509.84,4516.29
2026.06.01 04:00,4516.31,4525.08,4492.47,4503.07
2026.06.01 08:00,4503.39,4512.90,4489.13,4505.90
2026.06.01 12:00,4505.86,4510.35,4447.12,4474.14
2026.06.01 16:00,4474.15,4495.33,4463.16,4481.10
2026.06.01 20:00,4481.20,4488.32,4479.39,4484.42
2026.06.02 00:00,4484.71,4499.32,4462.97,4499.29
2026.06.02 04:00,4499.28,4541.44,4497.75,4535.05
2026.06.02 08:00,4535.05,4539.09,4522.02,4527.44
2026.06.02 12:00,4527.43,4534.10,4490.39,4502.04
2026.06.02 16:00,4502.22,4502.84,4478.71,4487.95
2026.06.02 20:00,4487.62,4493.21,4462.31,4474.46
2026.06.03 00:00,4474.44,4496.65,4463.72,4484.39
2026.06.03 04:00,4484.52,4488.04,4452.71,4453.24
2026.06.03 08:00,4453.30,4468.03,4438.96,4462.38
2026.06.03 12:00,4462.22,4467.10,4426.47,4442.20
2026.06.03 16:00,4442.35,4452.23,4433.79,4443.98
2026.06.03 20:00,4444.34,4464.64,4424.04,4457.30
2026.06.04 00:00,4456.54,4477.21,4443.56,4463.61
2026.06.04 04:00,4463.55,4483.95,4459.72,4461.58
2026.06.04 08:00,4462.16,4514.57,4458.46,4511.69
2026.06.04 12:00,4511.68,4515.40,4457.38,4477.39
2026.06.04 16:00,4477.37,4485.03,4472.74,4480.50
2026.06.04 20:00,4480.76,4481.50,4460.54,4461.67
2026.06.05 00:00,4461.15,4469.90,4435.24,4442.35
2026.06.05 04:00,4442.38,4467.30,4428.83,4460.89
2026.06.05 08:00,4460.67,4475.25,4458.77,4470.22
2026.06.05 12:00,4470.20,4475.85,4334.01,4335.44
2026.06.05 16:00,4335.43,4347.36,4313.89,4318.06
2026.06.05 20:00,4318.18,4330.83,4311.78,4329.40
2026.06.07 20:00,4325.52,4346.94,4310.15,4344.02
2026.06.08 00:00,4343.15,4353.33,4300.23,4316.87
2026.06.08 04:00,4317.04,4321.74,4268.85,4294.44
2026.06.08 08:00,4295.05,4333.17,4272.98,4331.27
2026.06.08 12:00,4331.29,4346.62,4315.13,4341.84
2026.06.08 16:00,4341.68,4346.25,4323.36,4326.72
2026.06.08 20:00,4327.53,4333.06,4313.02,4317.75
2026.06.09 00:00,4317.65,4342.12,4315.06,4336.61
2026.06.09 04:00,4336.61,4351.40,4322.30,4326.46
2026.06.09 08:00,4326.58,4343.77,4321.22,4339.81
2026.06.09 12:00,4339.85,4363.45,4263.16,4272.83
2026.06.09 16:00,4272.34,4280.96,4236.80,4258.82
2026.06.09 20:00,4258.06,4262.07,4210.50,4221.95
2026.06.10 00:00,4221.92,4228.33,4173.38,4184.80
2026.06.10 04:00,4185.10,4221.77,4172.62,4186.51
2026.06.10 08:00,4186.17,4187.28,4145.59,4147.55
2026.06.10 12:00,4148.00,4186.17,4106.81,4128.87
2026.06.10 16:00,4129.01,4134.90,4081.70,4083.17
2026.06.10 20:00,4082.68,4083.05,4023.94,4047.20
2026.06.11 00:00,4048.20,4118.05,4036.17,4072.76
2026.06.11 04:00,4072.76,4110.50,4070.11,4104.90
2026.06.11 08:00,4104.52,4112.54,4077.53,4080.33
2026.06.11 12:00,4080.98,4095.42,4053.05,4088.91
2026.06.11 16:00,4088.79,4219.97,4071.94,4209.02
2026.06.11 20:00,4211.67,4246.62,4205.41,4219.98
2026.06.12 00:00,4219.98,4230.38,4171.41,4196.96
2026.06.12 04:00,4197.03,4200.98,4170.27,4193.80
2026.06.12 08:00,4194.50,4227.96,4191.92,4206.91
2026.06.12 12:00,4206.42,4235.42,4177.06,4211.80
2026.06.12 16:00,4211.93,4235.39,4201.81,4210.87
2026.06.12 20:00,4210.90,4219.54,4209.42,4219.09
2026.06.14 20:00,4268.84,4308.97,4255.60,4293.98
2026.06.15 00:00,4293.74,4335.39,4285.77,4324.99
2026.06.15 04:00,4324.99,4332.92,4300.89,4323.11
2026.06.15 08:00,4322.83,4347.36,4321.68,4335.00
2026.06.15 12:00,4335.23,4369.37,4324.64,4356.32
2026.06.15 16:00,4356.20,4358.68,4316.61,4320.70
2026.06.15 20:00,4321.31,4322.04,4305.95,4315.58
2026.06.16 00:00,4315.46,4333.11,4306.87,4330.47
2026.06.16 04:00,4330.42,4335.60,4313.43,4335.17
2026.06.16 08:00,4335.14,4349.25,4332.84,4340.94
2026.06.16 12:00,4340.94,4354.83,4313.28,4335.26
2026.06.16 16:00,4335.30,4346.89,4325.36,4333.93
2026.06.16 20:00,4333.04,4338.27,4328.99,4330.89
2026.06.17 00:00,4331.60,4349.57,4328.53,4332.23
2026.06.17 04:00,4332.15,4334.16,4317.72,4325.18
2026.06.17 08:00,4324.97,4335.53,4317.97,4323.15
2026.06.17 12:00,4323.14,4364.75,4319.86,4363.52
2026.06.17 16:00,4363.52,4382.15,4218.96,4235.96
2026.06.17 20:00,4235.92,4283.79,4235.20,4277.92
2026.06.18 00:00,4277.95,4329.75,4276.58,4319.69
2026.06.18 04:00,4320.00,4324.60,4287.32,4288.64
2026.06.18 08:00,4288.81,4292.90,4240.18,4242.02
2026.06.18 12:00,4241.96,4276.51,4223.07,4226.75
2026.06.18 16:00,4226.55,4233.23,4201.53,4216.93
2026.06.18 20:00,4217.67,4219.55,4186.84,4188.34
2026.06.19 00:00,4188.36,4198.01,4145.88,4153.44
2026.06.19 04:00,4153.38,4163.10,4121.80,4157.99
2026.06.19 08:00,4158.06,4178.48,4141.87,4152.53
2026.06.19 12:00,4152.55,4182.82,4142.55,4150.97
2026.06.19 16:00,4151.02,4157.81,4144.41,4155.71
2026.06.21 20:00,4134.94,4164.55,4134.94,4140.26
2026.06.22 00:00,4140.52,4220.00,4139.76,4171.51
2026.06.22 04:00,4171.17,4207.31,4170.66,4190.40
2026.06.22 08:00,4190.41,4215.00,4188.80,4207.38
2026.06.22 12:00,4207.40,4211.71,4169.78,4182.85
2026.06.22 16:00,4182.81,4193.35,4174.44,4190.72
2026.06.22 20:00,4190.59,4195.29,4186.88,4187.54
2026.06.23 00:00,4187.82,4198.16,4130.87,4143.98
2026.06.23 04:00,4144.27,4146.89,4096.70,4098.76
2026.06.23 08:00,4098.90,4133.18,4090.97,4123.28
2026.06.23 12:00,4122.83,4144.55,4105.41,4138.61
2026.06.23 16:00,4138.60,4143.79,4111.74,4111.74
2026.06.23 20:00,4111.52,4118.60,4080.94,4098.87
2026.06.24 00:00,4098.86,4112.01,4050.46,4062.76
2026.06.24 04:00,4062.98,4097.53,4055.00,4074.80
2026.06.24 08:00,4074.79,4087.53,4037.57,4046.67
2026.06.24 12:00,4046.62,4048.80,3964.57,4002.42
2026.06.24 16:00,4002.42,4022.17,3959.20,3988.04
2026.06.24 20:00,3988.05,4018.62,3984.68,4012.36
2026.06.25 00:00,4013.18,4016.30,3963.77,3995.53
2026.06.25 04:00,3995.74,3999.93,3971.47,3987.89
2026.06.25 08:00,3988.13,4002.01,3973.67,3980.00
2026.06.25 12:00,3980.62,4042.67,3978.92,4041.15
2026.06.25 16:00,4041.17,4044.16,4021.91,4026.80
2026.06.25 20:00,4026.44,4039.82,4012.54,4014.50
2026.06.26 00:00,4014.74,4029.42,3983.07,4004.18
2026.06.26 04:00,4004.17,4039.69,3998.79,4030.77
2026.06.26 08:00,4030.65,4055.24,4025.79,4045.92
2026.06.26 12:00,4045.93,4095.90,4035.97,4090.51
2026.06.26 16:00,4090.50,4093.48,4064.54,4071.59
2026.06.26 20:00,4071.70,4090.46,4064.60,4087.78
2026.06.28 20:00,4080.28,4086.19,4052.02,4062.62
2026.06.29 00:00,4062.72,4075.57,4048.27,4068.94
2026.06.29 04:00,4068.91,4068.96,4039.39,4061.64
2026.06.29 08:00,4061.26,4066.62,4025.21,4039.18
2026.06.29 12:00,4039.15,4052.35,4000.73,4026.95
2026.06.29 16:00,4026.94,4032.03,4005.23,4015.85
2026.06.29 20:00,4015.02,4023.48,4009.71,4014.86
2026.06.30 00:00,4014.25,4015.13,3942.00,3969.77
2026.06.30 04:00,3969.76,4034.72,3968.17,4032.24
2026.06.30 08:00,4032.28,4037.59,4012.41,4033.87
2026.06.30 12:00,4034.02,4063.35,4008.71,4029.33
2026.06.30 16:00,4029.30,4033.88,4014.77,4015.86
2026.06.30 20:00,4015.38,4020.95,4005.32,4005.75
2026.07.01 00:00,4005.72,4009.71,3970.14,3980.46
2026.07.01 04:00,3980.46,3982.70,3960.17,3975.93
2026.07.01 08:00,3975.67,4035.39,3969.38,4030.39
2026.07.01 12:00,4030.55,4115.42,4012.81,4081.11
2026.07.01 16:00,4081.10,4088.40,4034.49,4038.83
2026.07.01 20:00,4038.87,4045.03,4028.53,4034.95
2026.07.02 00:00,4034.51,4074.03,4030.68,4069.83
2026.07.02 04:00,4070.04,4079.65,4053.23,4064.53
2026.07.02 08:00,4064.09,4079.88,4057.33,4065.16
2026.07.02 12:00,4065.29,4143.69,4061.27,4128.33
2026.07.02 16:00,4128.33,4130.08,4100.30,4121.20
2026.07.02 20:00,4120.84,4133.74,4116.31,4126.08
2026.07.03 00:00,4125.70,4195.31,4123.04,4175.91
2026.07.03 04:00,4175.91,4182.70,4160.40,4176.58
2026.07.03 08:00,4177.51,4186.38,4168.48,4180.86
2026.07.03 12:00,4180.94,4183.09,4155.36,4164.82
2026.07.03 16:00,4164.73,4176.29,4162.71,4174.80
2026.07.05 20:00,4181.75,4201.62,4171.32,4183.05
2026.07.06 00:00,4183.08,4202.60,4160.96,4165.12
2026.07.06 04:00,4165.11,4166.51,4144.71,4164.36
2026.07.06 08:00,4164.66,4165.92,4136.63,4155.15
2026.07.06 12:00,4155.25,4158.37,4128.46,4148.22
2026.07.06 16:00,4148.23,4167.35,4140.19,4163.66
2026.07.06 20:00,4163.87,4168.33,4156.88,4157.29
2026.07.07 00:00,4157.17,4162.61,4124.29,4131.00
2026.07.07 04:00,4131.03,4141.15,4116.70,4124.63
2026.07.07 08:00,4124.29,4158.10,4119.77,4156.80
2026.07.07 12:00,4157.10,4180.28,4135.81,4138.97
2026.07.07 16:00,4138.98,4148.06,4092.21,4114.51
2026.07.07 20:00,4113.41,4115.77,4093.88,4098.46
2026.07.08 00:00,4098.26,4131.03,4096.40,4123.35
2026.07.08 04:00,4123.36,4133.85,4114.76,4120.99
2026.07.08 08:00,4120.97,4121.09,4040.58,4061.90
2026.07.08 12:00,4062.07,4086.27,4021.71,4034.20
2026.07.08 16:00,4034.15,4091.30,4033.16,4079.96
2026.07.08 20:00,4079.35,4083.24,4071.38,4076.15
2026.07.09 00:00,4076.13,4089.58,4054.18,4063.96
2026.07.09 04:00,4064.01,4111.08,4056.44,4107.87
2026.07.09 08:00,4108.25,4117.61,4093.86,4108.57
2026.07.09 12:00,4108.95,4135.87,4105.01,4126.80
2026.07.09 16:00,4127.02,4137.89,4118.83,4122.55
2026.07.09 20:00,4122.66,4127.39,4120.52,4123.33
2026.07.10 00:00,4123.42,4134.68,4108.80,4120.14
2026.07.10 04:00,4120.14,4120.95,4104.17,4108.84
2026.07.10 08:00,4108.84,4112.54,4094.31,4102.23
2026.07.10 12:00,4102.27,4117.19,4072.62,4112.97
2026.07.10 16:00,4112.94,4115.33,4097.70,4108.46
2026.07.10 20:00,4108.51,4120.83,4108.32,4120.35
2026.07.12 20:00,4086.40,4103.55,4068.53,4084.35
2026.07.13 00:00,4084.39,4090.96,4052.95,4060.34
2026.07.13 04:00,4060.35,4072.91,4043.73,4064.48
2026.07.13 08:00,4064.66,4080.56,4047.03,4056.32
2026.07.13 12:00,4056.33,4067.46,4000.19,4015.90
2026.07.13 16:00,4015.80,4017.78,3986.52,4002.20
2026.07.13 20:00,4001.85,4006.47,3992.71,4001.04
2026.07.14 00:00,4001.69,4018.92,3983.72,4016.75
2026.07.14 04:00,4016.80,4033.95,4013.39,4020.61
2026.07.14 08:00,4020.79,4031.75,4013.72,4031.17
2026.07.14 12:00,4031.07,4101.28,4023.15,4066.13
2026.07.14 16:00,4066.14,4066.85,4042.75,4055.51
2026.07.14 20:00,4055.72,4055.95,4046.72,4052.90
2026.07.15 00:00,4052.90,4061.89,4028.06,4031.10
2026.07.15 04:00,4031.15,4036.45,4019.63,4024.32
2026.07.15 08:00,4024.34,4040.01,4017.32,4038.22
2026.07.15 12:00,4038.37,4073.97,4035.86,4046.94
2026.07.15 16:00,4046.82,4081.12,4026.89,4056.83
2026.07.15 20:00,4056.68,4066.08,4055.08,4057.71
2026.07.16 00:00,4057.69,4061.05,4024.45,4036.19
2026.07.16 04:00,4036.50,4037.69,4022.68,4030.67
2026.07.16 08:00,4030.49,4042.28,4021.24,4038.37
2026.07.16 12:00,4038.86,4043.23,3973.81,4006.88
2026.07.16 16:00,4006.89,4007.51,3969.24,3979.72
2026.07.16 20:00,3979.23,3986.30,3971.72,3985.86
2026.07.17 00:00,3985.87,4008.10,3970.66,3991.29
2026.07.17 04:00,3991.23,4007.09,3975.32,3992.63
2026.07.17 08:00,3992.59,4002.32,3987.81,3994.11
2026.07.17 12:00,3993.96,4021.05,3959.56,4018.99
2026.07.17 16:00,4019.13,4023.63,4002.20,4015.34
2026.07.17 20:00,4015.40,4018.35,4008.63,4018.03
2026.07.19 20:00,4001.76,4007.54,3989.36,3995.46
2026.07.20 00:00,3995.45,4028.59,3982.72,4024.00
2026.07.20 04:00,4024.00,4026.57,4002.09,4016.87
2026.07.20 08:00,4017.17,4040.40,4014.87,4025.23
2026.07.20 12:00,4025.08,4025.08,3998.22,4011.72
2026.07.20 16:00,4011.72,4018.28,4001.92,4006.80
2026.07.20 20:00,4006.52,4010.60,3999.69,4009.82
2026.07.21 00:00,4010.06,4051.43,4003.74,4046.86
2026.07.21 04:00,4046.91,4083.96,4043.69,4071.30
2026.07.21 08:00,4071.35,4072.44,4054.39,4055.86
2026.07.21 12:00,4055.91,4083.23,4044.45,4074.09
2026.07.21 16:00,4074.06,4086.36,4066.75,4084.34
2026.07.21 20:00,4084.66,4086.16,4076.65,4080.55
2026.07.22 00:00,4080.96,4141.59,4076.70,4130.78
2026.07.22 04:00,4130.78,4135.19,4109.17,4110.55
2026.07.22 08:00,4110.48,4122.91,4110.48,4122.50
2026.07.22 12:00,4122.75,4165.91,4107.08,4159.29
2026.07.22 16:00,4159.30,4159.41,4128.90,4131.64
2026.07.22 20:00,4131.92,4137.71,4113.65,4133.29
2026.07.23 00:00,4133.30,4140.74,4112.12,4124.62
2026.07.23 04:00,4124.61,4130.20,4090.14,4095.32
2026.07.23 08:00,4096.15,4099.29,4073.15,4085.56
2026.07.23 12:00,4085.45,4085.77,4040.05,4048.55
2026.07.23 16:00,4049.04,4054.49,4040.69,4049.39
2026.07.23 20:00,4049.71,4051.06,4046.56,4046.97
2026.07.24 00:00,4047.11,4050.51,4023.07,4029.16
2026.07.24 04:00,4029.14,4053.53,4021.91,4048.31
2026.07.24 08:00,4048.30,4063.73,4045.04,4057.68
2026.07.24 12:00,4058.22,4081.94,4044.57,4077.23
2026.07.24 16:00,4077.26,4078.05,4049.12,4053.61
2026.07.24 20:00,4053.24,4056.22,4051.50,4052.58
2026.07.26 20:00,4088.27,4096.89,4083.17,4094.07
2026.07.27 00:00,4093.91,4115.97,4085.04,4090.82
2026.07.27 04:00,4091.01,4105.83,4084.32,4088.73
2026.07.27 08:00,4088.67,4104.03,4086.44,4093.77
2026.07.27 12:00,4093.81,4097.52,4065.27,4078.37
2026.07.27 16:00,4078.34,4093.74,4070.51,4083.22
2026.07.27 20:00,4083.39,4083.96,4069.81,4073.21
2026.07.28 00:00,4073.06,4074.01,4040.23,4049.34
2026.07.28 04:00,4049.34,4052.27,4034.84,4047.20
2026.07.28 08:00,4047.20,4055.07,4016.96,4027.98
2026.07.28 12:00,4028.47,4046.93,4011.42,4046.04
2026.07.28 16:00,4046.03,4046.33,4021.62,4026.40
2026.07.28 20:00,4025.73,4030.38,4013.81,4024.92
2026.07.29 00:00,4024.93,4037.70,4010.27,4023.50
2026.07.29 04:00,4023.53,4047.59,4020.55,4043.67
2026.07.29 08:00,4043.61,4044.26,4024.87,4032.64
2026.07.29 12:00,4032.73,4033.24,3995.87,4009.76
2026.07.29 16:00,4009.70,4116.43,4007.54,4044.73
2026.07.29 20:00,4045.75,4100.25,4042.76,4084.42
2026.07.30 00:00,4084.54,4092.80,4050.69,4058.72
2026.07.30 04:00,4058.73,4060.03,4028.38,4038.79
2026.07.30 08:00,4039.24,4082.84,4036.59,4077.62
2026.07.30 12:00,4077.57,4120.12,4065.08,4108.02
2026.07.30 16:00,4107.97,4119.04,4098.35,4111.64
2026.07.30 20:00,4112.03,4117.29,4099.06,4105.75
2026.07.31 00:00,4105.93,4106.94,4071.97,4074.97
2026.07.31 04:00,4074.95,4087.41,4067.45,4067.61
2026.07.31 08:00,4067.59,4067.61,4050.20,4053.98
2026.07.31 12:00,4053.94,4059.24,4021.02,4045.45
2026.07.31 16:00,4045.44,4055.41,4041.16,4050.91
2026.07.31 20:00,4050.86,4052.93,4040.97,4041.78
2026.08.02 20:00,4075.04,4082.65,4063.06,4074.85
2026.08.03 00:00,4074.74,4078.87,4047.33,4064.89
2026.08.03 04:00,4064.89,4071.76,4052.06,4060.99
2026.08.03 08:00,4060.95,4062.97,4045.52,4062.37
2026.08.03 12:00,4062.36,4064.38,4019.01,4036.19
2026.08.03 16:00,4035.94,4055.65,4029.60,4051.95
2026.08.03 20:00,4051.91,4058.07,4049.03,4053.69
2026.08.04 00:00,4053.78,4069.20,4042.51,4052.36
2026.08.04 04:00,4052.36,4067.61,4051.04,4065.38
2026.08.04 08:00,4065.38,4084.06,4045.46,4074.96
2026.08.04 12:00,4074.90,4093.68,4060.86,4087.16
2026.08.04 16:00,4087.21,4106.22,4075.12,4078.31
2026.08.04 20:00,4078.56,4085.70,4065.40,4072.42
2026.08.05 00:00,4072.41,4136.37,4070.38,4128.23
2026.08.05 04:00,4128.16,4179.42,4128.16,4170.76
2026.08.05 08:00,4170.76,4192.43,4150.08,4188.79
2026.08.05 12:00,4188.99,4265.01,4183.16,4232.63
2026.08.05 16:00,4232.67,4267.52,4224.65,4247.46
2026.08.05 20:00,4246.93,4281.79,4242.94,4278.02
2026.08.06 00:00,4277.64,4303.97,4260.52,4265.52
2026.08.06 04:00,4265.59,4268.46,4247.08,4262.64
2026.08.06 08:00,4262.79,4284.62,4254.10,4263.22
2026.08.06 12:00,4263.50,4275.12,4229.53,4233.49
2026.08.06 16:00,4233.50,4251.15,4223.34,4248.83
2026.08.06 20:00,4248.79,4253.14,4234.67,4252.23
2026.08.07 00:00,4251.70,4266.15,4229.56,4265.98
2026.08.07 04:00,4266.01,4298.58,4260.63,4289.96
2026.08.07 08:00,4289.64,4327.44,4288.99,4321.12
2026.08.07 12:00,4321.13,4371.67,4300.10,4340.83
2026.08.07 16:00,4340.79,4350.29,4327.65,4343.84
2026.08.07 20:00,4343.86,4345.10,4335.84,4342.06
2026.08.09 20:00,4339.15,4352.31,4332.05,4333.18
2026.08.10 00:00,4333.09,4346.96,4313.37,4326.54
2026.08.10 04:00,4326.54,4361.89,4323.09,4355.27
2026.08.10 08:00,4355.36,4356.56,4328.82,4334.91
2026.08.10 12:00,4334.75,4359.35,4316.61,4358.26
2026.08.10 16:00,4358.34,4395.04,4350.29,4388.35
2026.08.10 20:00,4388.56,4402.50,4385.78,4402.36
2026.08.11 00:00,4402.31,4434.95,4393.66,4416.70
2026.08.11 04:00,4416.71,4420.13,4356.65,4357.42
2026.08.11 08:00,4357.63,4392.83,4356.98,4387.64
2026.08.11 12:00,4387.63,4404.08,4369.14,4383.64
2026.08.11 16:00,4383.67,4385.67,4360.15,4370.61
2026.08.11 20:00,4370.19,4378.32,4362.46,4371.41
2026.08.12 00:00,4371.40,4415.77,4366.37,4402.12
2026.08.12 04:00,4402.10,4409.90,4383.89,4406.24
2026.08.12 08:00,4406.09,4423.88,4401.61,4412.59
2026.08.12 12:00,4412.65,4441.28,4381.20,4420.87
2026.08.12 16:00,4420.87,4426.36,4396.32,4413.84
2026.08.12 20:00,4413.07,4414.27,4398.25,4414.27
2026.08.13 00:00,4414.47,4449.63,4398.60,4400.15
2026.08.13 04:00,4400.09,4407.12,4368.95,4369.83
2026.08.13 08:00,4369.47,4396.50,4363.95,4387.56
2026.08.13 12:00,4387.68,4401.97,4357.36,4364.99
2026.08.13 16:00,4365.03,4373.21,4343.50,4350.31
2026.08.13 20:00,4349.81,4363.94,4346.85,4356.65
2026.08.14 00:00,4356.52,4361.93,4310.87,4323.47
2026.08.14 04:00,4323.54,4345.13,4310.96,4343.59
2026.08.14 08:00,4343.67,4369.27,4341.86,4369.14
2026.08.14 12:00,4369.13,4396.90,4365.83,4391.52
2026.08.14 16:00,4391.47,4396.55,4370.74,4376.04
2026.08.14 20:00,4374.52,4376.76,4371.43,4376.55
